candidate_id,lane,wave,wave_number,name,score,decision,reason,live_exact_count,live_near_count,dead_or_unknown_exact_count,all_hit_count,representative_hits
0,plain_candor,1,1,Put Plainly,0.0,PROVISIONAL PASS,No exact or edit-distance-one federal record found,0,0,0,0,
1,plain_candor,1,2,Said Plain,0.0,PROVISIONAL PASS,No exact or edit-distance-one federal record found,0,0,0,0,
2,plain_candor,1,3,Plain Said,0.0,PROVISIONAL PASS,No exact or edit-distance-one federal record found,0,0,0,0,
3,plain_candor,1,4,Plainly,0.0,YELLOW - LIVE NEAR,One-edit live hit outside the core active-class set,0,2,0,3,"PLEINLY (SN 98959416; RN 7948496; live; near-1; classes 016,018); LAINLY (SN 90263837; RN 6416816; live; near-1; classes 020); PLANNLY (SN 97715815; dead/unknown; near-1; classes 042)"
4,plain_candor,1,5,Plainspoken,0.0,AMBER - LIVE EXACT,Exact live hit; active classes appear outside core set or are missing,1,2,0,3,PLAINSPOKEN (SN 99199687; live; exact; classes 041); PLEINSPOKEN (SN 99650809; live; near-1); PLAIN SPOKE (SN 87755322; RN 5608595; live; near-1; classes 033)
5,plain_candor,1,6,Outright,0.0,AMBER - LIVE EXACT,Exact live hit; active classes appear outside core set or are missing,4,3,16,28,OUTRIGHT (SN 99130968; RN 8092952; live; exact; classes 001); OUTRIGHT (SN 87664583; RN 5623922; live; exact; classes 008); OUTRIGHT (SN 87375936; RN 5476697; live; exact; classes 009)
6,plain_candor,1,7,Forthright,0.0,RED - LIVE EXACT / RELEVANT,Exact live hit in a relevant active class,8,1,3,13,"FORTHRIGHT (SN 90294056; RN 6559134; live; exact; classes 035); FORTHRIGHT (SN 87586224; RN 6064605; live; exact; classes 035,042); FORTH RIGHT (SN 87586240; RN 6064606; live; exact; classes 035,042)"
7,plain_candor,1,8,Aboveboard,0.0,RED - LIVE EXACT / RELEVANT,Exact live hit in a relevant active class,5,0,5,12,"ABOVE BOARD (SN 99671609; live; exact; classes 003,021); ABOVE BOARD (SN 97718874; RN 7666184; live; exact; classes 035,041,042); ABOVE BOARD (SN 90197068; RN 6623623; live; exact; classes 009,041,045)"
8,plain_candor,1,9,Directly,0.0,AMBER - LIVE EXACT,Exact live hit; active classes appear outside core set or are missing,1,4,3,9,"DIRECTLY (SN 88660617; RN 6383345; live; exact; classes 009,042); DIRECLY (SN 99029585; RN 7983249; live; near-1; classes 035,042); DIRECLY (SN 99028225; RN 7976354; live; near-1; classes 035,042)"
9,plain_candor,1,10,Exactly,0.0,AMBER - LIVE EXACT,Exact live hit; active classes appear outside core set or are missing,1,10,7,26,"EXACTLY (SN 74732476; RN 2085317; live; exact; classes 014); XACTLY (SN 98374374; live; near-1; classes 003,005); RXACTLY (SN 90098377; RN 6570469; live; near-1; classes 005)"
10,plain_candor,1,11,Specifically,0.0,YELLOW - LIVE NEAR,One-edit live hit outside the core active-class set,0,1,0,2,SPECIFIC ALLEY (SN 98592113; live; near-1; classes 020); SPACIFICALLY (SN 75883263; dead/unknown; near-1; classes 035)
11,plain_candor,1,12,Matter of Fact,0.0,RED - LIVE EXACT / RELEVANT,Exact live hit in a relevant active class,5,0,3,10,MATTER OF FACT (SN 97649418; RN 7324047; live; exact; classes 003); MATTER OF FACT (SN 88117670; RN 6583873; live; exact; classes 003); MATTER OF FACT (SN 90381758; RN 7227184; live; exact; classes 032)
12,plain_candor,1,13,In Fact,0.0,AMBER - LIVE NEAR / RELEVANT,One-edit live hit in a relevant active class,0,29,18,102,INTACT (SN 99629220; live; near-1; classes 021); INFAST (SN 98113362; RN 7546247; live; near-1; classes 005); IN.PACT (SN 79320694; RN 6903413; live; near-1; classes 010)
13,plain_candor,1,14,For Real,0.0,RED - LIVE EXACT / RELEVANT,Exact live hit in a relevant active class,6,10,9,58,"FORREAL (SN 90549235; RN 6614283; live; exact; classes 035); FOR REAL (SN 98767171; live; exact; classes 030); FOR REAL (SN 97573639; RN 7971895; live; exact; classes 009,042)"
14,plain_candor,1,15,Openly,0.0,AMBER - LIVE EXACT,Exact live hit; active classes appear outside core set or are missing,4,11,4,26,OPENLY (SN 99769862; live; exact; classes 014); OPENLY (SN 98895496; live; exact; classes 036); OPENLY (SN 88005721; RN 5723865; live; exact; classes 042)
15,plain_candor,1,16,Unvarnished,0.0,AMBER - LIVE EXACT,Exact live hit; active classes appear outside core set or are missing,1,0,0,2,UNVARNISHED (SN 86940339; RN 5072438; live; exact; classes 033); UNTARNISHED (SN 79220382; RN 5505566; dead/unknown; near-1)
16,plain_candor,1,17,No Spin,0.0,RED - LIVE EXACT / RELEVANT,Exact live hit in a relevant active class,4,9,1,28,NO·SPIN (SN 88573894; RN 7347059; live; exact; classes 010); NO SPIN (SN 87038884; RN 5100411; live; exact; classes 021); NO SPIN (SN 87038880; RN 5091202; live; exact; classes 025)
17,plain_candor,1,18,Spin Free,0.0,AMBER - LIVE EXACT,Exact live hit; active classes appear outside core set or are missing,1,5,8,27,SPIN FREE (SN 77879071; RN 3874772; live; exact; classes 012); UPINFREE (SN 98223296; RN 7682336; live; near-1; classes 021); UPINFREE (SN 98223283; RN 7690623; live; near-1; classes 020)
18,plain_candor,1,19,No Hype,0.0,RED - LIVE EXACT / RELEVANT,Exact live hit in a relevant active class,2,2,1,9,"NO HYPE (SN 90978476; RN 6965613; live; exact; classes 025,035); NO HYPE (SN 98311088; live; exact; classes 034); OHYPE (SN 99668883; live; near-1; classes 003)"
19,plain_candor,1,20,Hype Free,0.0,YELLOW - LIVE NEAR,One-edit live hit outside the core active-class set,0,1,1,9,HYPERFREE (SN 98065399; RN 7391783; live; near-1; classes 025); HYPE FREE (SN 87526171; dead/unknown; exact; classes 041); HYPERFREE (SN 79192679; RN 5220385; dead/unknown; near-1)
20,plain_candor,1,21,No Nonsense,0.0,RED - LIVE EXACT / RELEVANT,Exact live hit in a relevant active class,16,0,13,29,NO NONSENSE (SN 99593599; live; exact; classes 035); NO NONSENSE (SN 90061376; RN 6251391; live; exact; classes 035); NO NONSENSE (SN 90013497; RN 6298550; live; exact; classes 010)
21,plain_candor,1,22,No Secrets,0.0,RED - LIVE EXACT / RELEVANT,Exact live hit in a relevant active class,2,1,15,22,NOSECRETS (SN 97139332; RN 6940084; live; exact; classes 003); NO SECRETS (SN 79371740; RN 7734204; live; exact; classes 025); NU SECRETS (SN 90404135; RN 7662942; live; near-1; classes 035)
22,plain_candor,1,23,Hide Nothing,0.0,PROVISIONAL PASS,No exact or edit-distance-one federal record found,0,0,0,0,
23,plain_candor,1,24,Nothing Hidden,0.0,RED - LIVE EXACT / RELEVANT,Exact live hit in a relevant active class,2,0,0,2,"NOTHING HIDDEN (SN 99836705; live; exact; classes 003,005); NOTHING HIDDEN (SN 99528217; live; exact; classes 029)"
24,plain_candor,1,25,Full Disclosure,0.0,RED - LIVE EXACT / RELEVANT,Exact live hit in a relevant active class,5,0,16,22,"FULL DISCLOSURE (SN 78931556; RN 3354366; live; exact; classes 035); FULL DISCLOSURE (SN 97491790; RN 6925082; live; exact; classes 041,045); FULL DISCLOSURE (SN 90247346; RN 7151317; live; exact; classes 041)"
25,plain_candor,1,26,No Fine Print,0.0,RED - LIVE EXACT / RELEVANT,Exact live hit in a relevant active class,2,0,2,4,NO FINE PRINT (SN 87651709; RN 5602922; live; exact; classes 035); NO FINE PRINT (SN 87767051; RN 5717189; live; exact; classes 033); NO FINE PRINT (SN 75189124; RN 2216861; dead/unknown; exact)
26,plain_candor,1,27,Plain and Simple,0.0,RED - LIVE EXACT / RELEVANT,Exact live hit in a relevant active class,1,1,3,6,"PLAINANDSIMPLE (SN 97530949; RN 7830908; live; exact; classes 035,037); PAIN AND SIMPLE (SN 97806803; RN 7819763; live; near-1; classes 016); PLAIN AND SIMPLE (SN 90168885; dead/unknown; exact; classes 011,016,020,021,024,025,027)"
27,plain_candor,1,28,Simple as That,0.0,AMBER - LIVE EXACT,Exact live hit; active classes appear outside core set or are missing,2,0,6,8,SIMPLEASTHAT (SN 98515990; RN 7677557; live; exact; classes 025); SIMPLE AS THAT (SN 75159482; RN 2157571; live; exact; classes 036); SIMPLE AS THAT (SN 97028936; dead/unknown; exact; classes 028)
28,plain_candor,1,29,As It Is,0.0,RED - LIVE EXACT / RELEVANT,Exact live hit in a relevant active class,1,1,0,9,"AS IT IS (SN 98472169; live; exact; classes 009,016,025,035,041); ASIMIS (SN 90509917; RN 6595737; live; near-1; classes 021); ACITIS (SN 86013768; dead/unknown; near-1; classes 035)"
29,plain_candor,1,30,As Stated,0.0,YELLOW - DEAD EXACT,Exact federal record exists but is coded dead/unknown,0,0,1,1,AS STATED (SN 86913560; dead/unknown; exact; classes 025)
30,plain_candor,1,31,As Shown,0.0,PROVISIONAL PASS,No exact or edit-distance-one federal record found,0,0,0,0,
31,plain_candor,1,32,To Be Clear,0.0,RED - LIVE EXACT / RELEVANT,Exact live hit in a relevant active class,1,2,0,4,"TO BE CLEAR (SN 90823299; RN 6824695; live; exact; classes 003,041); TUBECLEAR (SN 86383919; RN 4731056; live; near-1; classes 010); TUBECLEAR (SN 85662925; RN 4373836; live; near-1; classes 010)"
32,plain_candor,1,33,Be Clear,0.0,RED - LIVE EXACT / RELEVANT,Exact live hit in a relevant active class,3,17,8,53,"BE CLEAR (SN 87880295; RN 5869236; live; exact; classes 035); BECLEAR (SN 79444439; live; exact; classes 009,016); BECLEAR (SN 79185322; RN 5139509; live; exact; classes 009)"
33,plain_candor,1,34,Loud and Clear,0.0,YELLOW - DEAD EXACT,Exact federal record exists but is coded dead/unknown,0,0,4,4,"LOUD AND CLEAR (SN 88369640; dead/unknown; exact; classes 027); LOUD AND CLEAR (SN 87910545; dead/unknown; exact; classes 009,035,041,044); LOUD AND CLEAR (SN 79153366; RN 4820172; dead/unknown; exact)"
34,plain_candor,1,35,Clear as Day,0.0,RED - LIVE EXACT / RELEVANT,Exact live hit in a relevant active class,1,0,1,2,CLEAR AS DAY (SN 90820801; RN 6615544; live; exact; classes 003); CLEAR AS DAY (SN 87379453; dead/unknown; exact; classes 018)
35,plain_candor,1,36,In Plain Sight,0.0,AMBER - LIVE EXACT,Exact live hit; active classes appear outside core set or are missing,3,0,1,5,IN PLAIN SIGHT (SN 88575240; RN 7202232; live; exact; classes 041); IN PLAIN SIGHT (SN 88984600; RN 6880561; live; exact; classes 043); IN PLAIN SIGHT (SN 78831489; RN 3514209; live; exact; classes 041)
36,plain_candor,1,37,Plain to See,0.0,PROVISIONAL PASS,No exact or edit-distance-one federal record found,0,0,0,0,
37,plain_candor,1,38,Full View,0.0,RED - LIVE EXACT / RELEVANT,Exact live hit in a relevant active class,6,1,25,35,"FULL VIEW (SN 99844634; live; exact; classes 035,042,044); FULL VIEW (SN 97664018; live; exact; classes 009,016,035,042); FULLVIEW (SN 90455617; RN 7095761; live; exact; classes 019)"
38,plain_candor,1,39,Plain View,0.0,RED - LIVE EXACT / RELEVANT,Exact live hit in a relevant active class,3,13,7,33,PLAINVIEW (SN 88441078; RN 5963477; live; exact; classes 005); PLAINVIEW (SN 99922030; live; exact; classes 025); PLAINVIEW (SN 97635619; RN 7531381; live; exact; classes 032)
39,plain_candor,1,40,Face Value,0.0,AMBER - LIVE EXACT,Exact live hit; active classes appear outside core set or are missing,3,5,16,28,FACE VALUE (SN 88340478; RN 6108801; live; exact; classes 033); FACE VALUE (SN 87396031; RN 5366436; live; exact; classes 041); FACE VALUE (SN 76580304; RN 3077172; live; exact; classes 028)
40,plain_candor,1,41,Bare Facts,0.0,YELLOW - LIVE NEAR,One-edit live hit outside the core active-class set,0,1,4,9,CAREFACTS (SN 99187739; live; near-1; classes 041); BARE FACTS (SN 73734606; RN 1562260; dead/unknown; exact); BARE FACTS (SN 73405732; dead/unknown; exact)
41,plain_candor,1,42,Face Facts,0.0,RED - LIVE EXACT / RELEVANT,Exact live hit in a relevant active class,1,0,8,10,FACE FACTS (SN 97176801; RN 6954224; live; exact; classes 003); FACE FACTS (SN 88453083; dead/unknown; exact; classes 041); FACE FACTS (SN 76686271; RN 3656229; dead/unknown; exact)
42,plain_candor,1,43,Straight Facts,0.0,PROVISIONAL PASS,No exact or edit-distance-one federal record found,0,0,0,0,
43,plain_candor,1,44,Hard Facts,0.0,YELLOW - DEAD EXACT,Exact federal record exists but is coded dead/unknown,0,0,3,6,HARD FACTS (SN 76492580; RN 2791019; dead/unknown; exact); HARD FACTS (SN 74121326; RN 1667897; dead/unknown; exact); HARD FACTS (SN 74035155; dead/unknown; exact)
44,plain_candor,1,45,Plain Facts,0.0,PROVISIONAL PASS,Only dead/unknown one-edit records found,0,0,0,2,PLANFACTS (SN 87618514; RN 5572356; dead/unknown; near-1); PLANFACTS (SN 85002167; RN 3936010; dead/unknown; near-1)
45,plain_candor,1,46,Truth Told,0.0,YELLOW - LIVE NEAR,One-edit live hit outside the core active-class set,0,1,0,1,TRUTH B TOLD (SN 99644750; live; near-1; classes 041)
46,plain_candor,1,47,Truth Be Told,0.0,RED - LIVE EXACT / RELEVANT,Exact live hit in a relevant active class,3,2,10,19,TRUTH BE TOLD (SN 97680119; RN 7248656; live; exact; classes 003); TRUTH BE TOLD (SN 98726577; live; exact; classes 041); TRUTH BE TOLD (SN 88236739; RN 6397056; live; exact; classes 033)
47,plain_candor,1,48,All Told,0.0,YELLOW - DEAD EXACT,Exact federal record exists but is coded dead/unknown,0,0,1,7,ALL TOLD (SN 86914690; RN 5053865; dead/unknown; exact); ALLTOLY (SN 97134596; RN 6934674; dead/unknown; near-1); ALL GOLD (SN 85595150; dead/unknown; near-1; classes 030)
48,plain_candor,1,49,Whole Story,0.0,AMBER - LIVE EXACT,Exact live hit; active classes appear outside core set or are missing,2,0,0,2,WHOLESTORY (SN 87940253; RN 5846562; live; exact; classes 042); WHOLE STORY (SN 85311402; RN 4053172; live; exact; classes 041)
49,plain_candor,1,50,Full Story,0.0,RED - LIVE EXACT / RELEVANT,Exact live hit in a relevant active class,2,1,0,3,"FULLSTORY (SN 86232645; RN 4658770; live; exact; classes 035,042); FULL STORY (SN 78871114; RN 3194193; live; exact; classes 003); FALLSTORY (SN 99208029; live; near-1; classes 025)"
50,plain_candor,1,51,True Story,0.0,RED - LIVE EXACT / RELEVANT,Exact live hit in a relevant active class,11,3,15,46,"TRUE STORY (SN 99904139; live; exact; classes 029,035,043); TRUE STORY (SN 99904153; live; exact; classes 029,035,043); TRUE STORY (SN 99502253; live; exact; classes 036)"
51,plain_candor,1,52,Tell All,0.0,RED - LIVE EXACT / RELEVANT,Exact live hit in a relevant active class,1,0,3,13,TELL ALL (SN 98514619; live; exact; classes 003); TELL-ALL (SN 86381961; dead/unknown; exact; classes 033); TELLALL (SN 86013222; RN 4488211; dead/unknown; exact)
52,conversation,1,53,Heres Why,0.0,YELLOW - DEAD EXACT,Exact federal record exists but is coded dead/unknown,0,0,1,1,HERE'S WHY (SN 77813666; dead/unknown; exact; classes 035)
53,conversation,1,54,Say Why,0.0,YELLOW - LIVE NEAR,One-edit live hit outside the core active-class set,0,1,0,2,"SAY WHO (SN 99139590; RN 8299104; live; near-1; classes 032); SAY WHO (SN 79265305; dead/unknown; near-1; classes 016,035,038,041)"
54,conversation,1,55,Show Why,0.0,AMBER - LIVE NEAR / RELEVANT,One-edit live hit in a relevant active class,0,3,0,3,HOW & WHY (SN 90631909; RN 6748690; live; near-1; classes 003); SHOWWHO (SN 98617163; RN 8044401; live; near-1; classes 026); HOWWHY (SN 88707898; RN 6089952; live; near-1; classes 009)
55,conversation,1,56,Know Why,0.0,AMBER - LIVE NEAR / RELEVANT,One-edit live hit in a relevant active class,0,1,2,4,"KNOWWHO (SN 75934002; RN 2783506; live; near-1; classes 035); KNOW WHY (SN 88356826; dead/unknown; exact; classes 009,035,042); KNOW WHY (SN 75876332; dead/unknown; exact; classes 042)"
56,conversation,1,57,Good Question,0.0,AMBER - LIVE EXACT,Exact live hit; active classes appear outside core set or are missing,1,1,2,6,"GOOD QUESTION! (SN 85438061; RN 4269307; live; exact; classes 016); GOODQUESTIONS (SN 88320381; RN 6996917; live; near-1; classes 009,036,041); GOOD QUESTION (SN 88080783; RN 5869641; dead/unknown; exact)"
57,conversation,1,58,Any Questions,0.0,RED - LIVE EXACT / RELEVANT,Exact live hit in a relevant active class,1,0,5,9,ANY QUESTIONS? (SN 85552583; RN 4422586; live; exact; classes 044); ANYQUESTIONS (SN 77163535; dead/unknown; exact; classes 009); ANY QUESTIONS? (SN 78466973; dead/unknown; exact; classes 016)
58,conversation,1,59,Ask Why,0.0,AMBER - LIVE EXACT,Exact live hit; active classes appear outside core set or are missing,1,3,2,7,ASKWHY (SN 90024273; RN 6523165; live; exact; classes 011); ASKWAY (SN 99414033; RN 8240863; live; near-1; classes 008); ASKWAY (SN 90781483; RN 6779421; live; near-1; classes 006)
59,conversation,1,60,How So,0.0,RED - LIVE EXACT / RELEVANT,Exact live hit in a relevant active class,1,26,0,60,"HOWSO (SN 98066832; live; exact; classes 009,035,042); HOWCO (SN 98976450; RN 8238343; live; near-1; classes 035,037,039); HOWGO (SN 90353787; RN 6477942; live; near-1; classes 003)"
60,conversation,1,61,Tell Me Why,0.0,AMBER - LIVE EXACT,Exact live hit; active classes appear outside core set or are missing,1,0,1,2,"TELL ME WHY (SN 88861706; RN 6521660; live; exact; classes 009,041); TELL ME WHY (SN 74437821; RN 1891720; dead/unknown; exact)"
61,conversation,1,62,Consider This,0.0,AMBER - LIVE EXACT,Exact live hit; active classes appear outside core set or are missing,4,0,5,11,CONSIDER THIS (SN 99359423; RN 8211330; live; exact; classes 029); CONSIDER THIS... (SN 98198393; live; exact; classes 041); CONSIDER THIS (SN 87436524; RN 6080464; live; exact; classes 041)
62,conversation,1,63,Know This,0.0,RED - LIVE EXACT / RELEVANT,Exact live hit in a relevant active class,1,2,2,5,"KNOWTHIS (SN 98130880; RN 7604814; live; exact; classes 035); NOWTHIS (SN 85793731; RN 4632953; live; near-1; classes 009,035,038,041); KNOT HIS (SN 97520866; RN 7689729; live; near-1; classes 025)"
63,conversation,1,64,Read This,0.0,YELLOW - DEAD EXACT,Exact federal record exists but is coded dead/unknown,0,0,1,1,READ THIS . . . (SN 85226589; RN 4597464; dead/unknown; exact)
64,conversation,1,65,Read Up,0.0,AMBER - LIVE EXACT,Exact live hit; active classes appear outside core set or are missing,1,8,8,29,READUP (SN 99664760; live; exact; classes 020); REALUP (SN 99609487; live; near-1; classes 035); HEAD UP (SN 98590933; live; near-1; classes 010)
65,conversation,1,66,Worth Knowing,0.0,AMBER - LIVE EXACT,Exact live hit; active classes appear outside core set or are missing,2,0,4,6,WORTH KNOWING (SN 85116976; RN 4096832; live; exact; classes 036); WORTH KNOWING (SN 85117007; RN 4094379; live; exact; classes 045); WORTH KNOWING (SN 88006702; dead/unknown; exact; classes 025)
66,conversation,1,67,Good to Know,0.0,RED - LIVE EXACT / RELEVANT,Exact live hit in a relevant active class,4,0,4,8,"GOOD TO KNOW (SN 99272450; live; exact; classes 035); GOOD TO KNOW (SN 97166333; RN 6989424; live; exact; classes 035); GOOD TO KNOW (SN 88147279; RN 6342041; live; exact; classes 041,044)"
67,conversation,1,68,Need to Know,0.0,AMBER - LIVE EXACT,Exact live hit; active classes appear outside core set or are missing,1,0,2,5,NEED TO KNOW (SN 88764111; RN 6390392; live; exact; classes 009); NEED TO KNOW (SN 97161959; dead/unknown; exact; classes 042); NEED TO KNOW (SN 74013637; RN 1651640; dead/unknown; exact)
68,conversation,1,69,Know Better,0.0,RED - LIVE EXACT / RELEVANT,Exact live hit in a relevant active class,4,0,4,9,"KNOW BETTER (SN 99100380; RN 8021915; live; exact; classes 005); KNOW BETTER (SN 97059358; live; exact; classes 035,038,042); KNOW BETTER (SN 90795450; RN 7892191; live; exact; classes 003)"
69,conversation,1,70,Better Known,0.0,YELLOW - DEAD EXACT,Exact federal record exists but is coded dead/unknown,0,0,1,1,BETTERKNOWN (SN 75820710; RN 2395680; dead/unknown; exact)
70,conversation,1,71,Made Known,0.0,AMBER - LIVE NEAR / RELEVANT,One-edit live hit in a relevant active class,0,2,0,2,"MAKE KNOWN (SN 99424958; live; near-1; classes 009,016,035); MAKE KNOWN (SN 99712248; live; near-1; classes 041)"
71,conversation,1,72,Fully Known,0.0,PROVISIONAL PASS,No exact or edit-distance-one federal record found,0,0,0,0,
72,conversation,1,73,Point Made,0.0,AMBER - LIVE EXACT,Exact live hit; active classes appear outside core set or are missing,1,1,1,3,POINT MADE (SN 99578707; live; exact; classes 026); POINT-MATE (SN 76431345; RN 2700227; live; near-1; classes 010); POINT MADE (SN 74403778; RN 1878284; dead/unknown; exact)
73,conversation,1,74,Case in Point,0.0,AMBER - LIVE EXACT,Exact live hit; active classes appear outside core set or are missing,2,0,9,14,CASE IN POINT (SN 99240292; live; exact; classes 041); CASE IN POINT (SN 87513110; RN 5386070; live; exact; classes 041); CASE IN POINT (SN 98795323; dead/unknown; exact; classes 033)
74,conversation,1,75,Make the Case,0.0,PROVISIONAL PASS,No exact or edit-distance-one federal record found,0,0,0,0,
75,conversation,1,76,Case Made,0.0,AMBER - LIVE NEAR / RELEVANT,One-edit live hit in a relevant active class,0,11,0,31,"CASTMADE (SN 99490709; live; near-1; classes 021); CASE· MATE (SN 98977877; RN 8338103; live; near-1; classes 009,018,021); CASE·MATE (SN 99879643; live; near-1; classes 024)"
76,conversation,1,77,Clear Case,0.0,AMBER - LIVE EXACT,Exact live hit; active classes appear outside core set or are missing,2,19,3,76,"CLEARCASE (SN 98286447; live; exact; classes 009,042); CLEARCASE (SN 74142344; RN 1738867; live; exact; classes 009,016); CLEAR EASE (SN 99740293; live; near-1; classes 010)"
77,conversation,1,78,Point Blank,0.0,AMBER - LIVE EXACT,Exact live hit; active classes appear outside core set or are missing,8,2,27,46,"POINT BLANK (SN 98791973; live; exact; classes 033); POINT BLANK (SN 98271753; live; exact; classes 041); POINT BLANK (SN 98081215; live; exact; classes 009,016,018,041)"
78,conversation,1,79,To the Point,0.0,RED - LIVE EXACT / RELEVANT,Exact live hit in a relevant active class,4,0,15,21,"TO THE POINT! (SN 88071041; RN 5968401; live; exact; classes 003); TO THE POINT (SN 99558417; RN 8335056; live; exact; classes 036); TO THE POINT (SN 98420706; RN 7610819; live; exact; classes 009,016)"
79,conversation,1,80,Main Point,0.0,AMBER - LIVE EXACT,Exact live hit; active classes appear outside core set or are missing,1,3,4,14,"MAINPOINT (SN 87548027; RN 5537094; live; exact; classes 008); PAINPOINT (SN 97609185; RN 7211772; live; near-1; classes 044); RAINPOINT (SN 90070595; RN 6550266; live; near-1; classes 009,011)"
80,conversation,1,81,Bottom Line,0.0,RED - LIVE EXACT / RELEVANT,Exact live hit in a relevant active class,6,2,36,49,"BOTTOMLINE (SN 88837300; RN 6406500; live; exact; classes 009,016,035,036,041,042); BOTTOM LINE (SN 98899304; RN 8046454; live; exact; classes 018); BOTTOMLINE (SN 97910003; RN 8111456; live; exact; classes 025)"
81,conversation,1,82,Full Stop,0.0,RED - LIVE EXACT / RELEVANT,Exact live hit in a relevant active class,5,6,9,29,"FULLSTOP (SN 99336000; RN 8300778; live; exact; classes 003,007,008,017); FULL STOP (SN 98452966; live; exact; classes 005); FULL STOP (SN 98423791; live; exact; classes 005)"
82,conversation,1,83,Thats It,0.0,RED - LIVE EXACT / RELEVANT,Exact live hit in a relevant active class,11,1,22,47,"THAT'S IT (SN 79414507; live; exact; classes 003,005,022,025,035); THAT'S IT. (SN 98617573; live; exact; classes 005); THAT'S IT (SN 88589025; RN 6038878; live; exact; classes 005)"
83,conversation,1,84,So There,0.0,AMBER - LIVE NEAR / RELEVANT,One-edit live hit in a relevant active class,0,7,0,27,"SOTHERA (SN 99016967; live; near-1; classes 010); NOT HERE! (SN 97819417; live; near-1; classes 003,005); GO THERE (SN 88480318; RN 6701938; live; near-1; classes 025,035)"
84,conversation,1,85,There It Is,0.0,AMBER - LIVE EXACT,Exact live hit; active classes appear outside core set or are missing,1,1,0,5,"THERE IT IS (SN 97110135; RN 6922511; live; exact; classes 030); THE REST IS (SN 98663034; live; near-1; classes 009,016,038,041); HEREITIS (SN 85709584; dead/unknown; near-1; classes 016,030)"
85,conversation,1,86,Here It Is,0.0,YELLOW - LIVE NEAR,One-edit live hit outside the core active-class set,0,1,3,4,"THERE IT IS (SN 97110135; RN 6922511; live; near-1; classes 030); HEREITIS (SN 85709584; dead/unknown; exact; classes 016,030); HEREITIS (SN 77669283; dead/unknown; exact; classes 016,030)"
86,conversation,1,87,Right Here,0.0,AMBER - LIVE EXACT,Exact live hit; active classes appear outside core set or are missing,2,7,1,19,RIGHT HERE. (SN 99629953; live; exact; classes 032); RIGHT HERE (SN 86929864; RN 5059132; live; exact; classes 036); HIGH THERE (SN 99673573; live; near-1; classes 035)
87,conversation,1,88,Right Now,0.0,RED - LIVE EXACT / RELEVANT,Exact live hit in a relevant active class,10,9,24,51,RIGHT NOW! (SN 97664392; live; exact; classes 035); RIGHT NOW (SN 85606415; RN 4257331; live; exact; classes 003); RIGHT NOW (SN 97806808; RN 7304597; live; exact; classes 040)
88,conversation,1,89,Right This Way,0.0,RED - LIVE EXACT / RELEVANT,Exact live hit in a relevant active class,2,2,3,7,"RIGHT THIS WAY (SN 98540413; RN 8162752; live; exact; classes 035,037); RIGHT THIS WAY (SN 88406995; RN 6056573; live; exact; classes 009,035,042,043); BRIGHT THIS WAY (SN 88587038; RN 6323220; live; near-1; classes 003)"
89,conversation,1,90,Exactly Right,0.0,RED - LIVE EXACT / RELEVANT,Exact live hit in a relevant active class,2,0,4,6,EXACTLY RIGHT (SN 76368120; RN 2755275; live; exact; classes 005); EXACTLY RIGHT (SN 88088105; RN 5909665; live; exact; classes 041); EXACTLY RIGHT (SN 85589746; RN 4416784; dead/unknown; exact)
90,conversation,1,91,Quite Right,0.0,YELLOW - LIVE NEAR,One-edit live hit outside the core active-class set,0,1,1,5,QUIT RIGHT (SN 86556543; RN 4875952; live; near-1; classes 009); QUITE RIGHT (SN 79300706; dead/unknown; exact; classes 033); QUITELIGHT (SN 77117627; RN 3455919; dead/unknown; near-1)
91,conversation,1,92,Sure Thing,0.0,RED - LIVE EXACT / RELEVANT,Exact live hit in a relevant active class,6,1,14,27,SURE THING (SN 97305469; RN 7171184; live; exact; classes 005); SURE THING (SN 99696261; live; exact; classes 043); SURE THING (SN 99632982; live; exact; classes 030)
92,conversation,1,93,For Sure,0.0,RED - LIVE EXACT / RELEVANT,Exact live hit in a relevant active class,4,11,6,50,"FORSURE (SN 98744181; RN 7887185; live; exact; classes 021); FORSURE (SN 99445355; live; exact; classes 009,042); FORSURE (SN 98744172; RN 7769949; live; exact; classes 011)"
93,conversation,1,94,Sure Enough,0.0,PROVISIONAL PASS,No exact or edit-distance-one federal record found,0,0,0,0,
94,conversation,1,95,Fair Enough,0.0,RED - LIVE EXACT / RELEVANT,Exact live hit in a relevant active class,1,0,1,2,"FAIR ENOUGH (SN 97899844; RN 7977140; live; exact; classes 009,035); FAIR ENOUGH (SN 72440547; RN 0970370; dead/unknown; exact)"
95,conversation,1,96,Well Said,0.0,RED - LIVE EXACT / RELEVANT,Exact live hit in a relevant active class,3,0,9,17,WELLSAID (SN 85746973; RN 4342486; live; exact; classes 044); WELL SAID! (SN 99452262; live; exact; classes 016); WELLSAID (SN 98504466; RN 7822178; live; exact; classes 042)
96,conversation,1,97,Enough Said,0.0,RED - LIVE EXACT / RELEVANT,Exact live hit in a relevant active class,4,0,7,11,"ENOUGH SAID (SN 90055834; RN 7033416; live; exact; classes 035,044); ENOUGH SAID (SN 98633672; live; exact; classes 028); ENOUGH SAID (SN 98032315; RN 7454305; live; exact; classes 041)"
97,conversation,1,98,Said and Done,0.0,YELLOW - DEAD EXACT,Exact federal record exists but is coded dead/unknown,0,0,2,2,SAID AND DONE (SN 79241924; RN 5887557; dead/unknown; exact); SAID AND DONE (SN 78151133; dead/unknown; exact; classes 041)
98,conversation,1,99,Done Deal,0.0,RED - LIVE EXACT / RELEVANT,Exact live hit in a relevant active class,4,1,15,22,DONE DEAL (SN 86825034; RN 5142980; live; exact; classes 003); DONEDEAL (SN 99776313; live; exact; classes 042); DONE DEAL (SN 87876398; RN 5611893; live; exact; classes 036)
99,conversation,1,100,Mean It,0.0,AMBER - LIVE NEAR / RELEVANT,One-edit live hit in a relevant active class,0,9,2,22,MEANT (SN 99852902; live; near-1; classes 044); MEANT (SN 99852917; live; near-1; classes 005); MEAL IT (SN 99431665; RN 8251927; live; near-1; classes 005)
100,conversation,1,101,We Mean It,0.0,PROVISIONAL PASS,No exact or edit-distance-one federal record found,0,0,0,0,
101,conversation,1,102,Quote Me,0.0,RED - LIVE EXACT / RELEVANT,Exact live hit in a relevant active class,2,0,4,6,QUOTE ME.$ (SN 86343538; RN 4707443; live; exact; classes 035); QUOTEME (SN 99886292; live; exact; classes 009); QUOTEME (SN 85752003; RN 4346684; dead/unknown; exact)
102,conversation,1,103,Mark My Words,0.0,RED - LIVE EXACT / RELEVANT,Exact live hit in a relevant active class,5,0,7,17,"MARKMYWORDS (SN 99398309; live; exact; classes 016,035); MARK MY WORDS (SN 99491946; live; exact; classes 016); MARK! MY WORDS (SN 99160517; live; exact; classes 009)"
103,conversation,1,104,Take Note,0.0,AMBER - LIVE EXACT,Exact live hit; active classes appear outside core set or are missing,1,5,21,35,TAKE N.O.T.E. (SN 88960674; RN 6442565; live; exact; classes 041); TAKE A NOTE (SN 98756223; RN 7964401; live; near-1; classes 016); TAKE NOTES (SN 97436995; RN 7288623; live; near-1; classes 025)
104,conversation,1,105,Note This,0.0,YELLOW - LIVE NEAR,One-edit live hit outside the core active-class set,0,1,1,2,NOT THIS (SN 90475217; RN 7634056; live; near-1; classes 025); NOTE THIS! (SN 74222567; dead/unknown; exact)
105,conversation,1,106,Spelled Out,0.0,PROVISIONAL PASS,No exact or edit-distance-one federal record found,0,0,0,0,
106,conversation,1,107,Spell It Out,0.0,YELLOW - DEAD EXACT,Exact federal record exists but is coded dead/unknown,0,0,3,5,SPELL-IT-OUT (SN 77098096; dead/unknown; exact; classes 014); SPELL IT OUT (SN 74435920; RN 1891832; dead/unknown; exact); SPELL IT OUT (SN 74435923; RN 1888039; dead/unknown; exact)
107,conversation,1,108,In Writing,0.0,PROVISIONAL PASS,No exact or edit-distance-one federal record found,0,0,0,0,
108,conversation,1,109,Written Down,0.0,PROVISIONAL PASS,No exact or edit-distance-one federal record found,0,0,0,0,
109,conversation,1,110,On Record,0.0,RED - LIVE EXACT / RELEVANT,Exact live hit in a relevant active class,1,5,6,19,"ONRECORD (SN 99313432; live; exact; classes 035,042); UNRECORD (SN 99681858; live; near-1; classes 009,028,041); UNRECORD (SN 79378655; RN 7646473; live; near-1; classes 009,028,041)"
110,conversation,1,111,For the Record,0.0,AMBER - LIVE EXACT,Exact live hit; active classes appear outside core set or are missing,6,0,19,25,FOR THE RECORD (SN 98571218; live; exact; classes 016); FOR THE RECORD (SN 98404905; RN 7609482; live; exact; classes 041); FOR THE RECORD (SN 98396600; RN 7537602; live; exact; classes 016)
111,conversation,1,112,Open Record,0.0,PROVISIONAL PASS,No exact or edit-distance-one federal record found,0,0,0,0,
112,conversation,1,113,Public Record,0.0,AMBER - LIVE EXACT,Exact live hit; active classes appear outside core set or are missing,1,1,3,8,PUBLIC RECORD (SN 87332282; RN 5280921; live; exact; classes 025); PUBLIC RECORDS (SN 88485617; RN 5975765; live; near-1; classes 043); PUBLIC RECORD (SN 86776540; RN 5192094; dead/unknown; exact)
113,conversation,1,114,No Asterisk,0.0,PROVISIONAL PASS,No exact or edit-distance-one federal record found,0,0,0,0,
114,proof_motion,1,115,Show Your Work,0.0,AMBER - LIVE EXACT,Exact live hit; active classes appear outside core set or are missing,1,0,1,2,SHOW YOUR WORK (SN 99540570; live; exact; classes 009); SHOW YOUR WORK (SN 87045224; RN 5221274; dead/unknown; exact)
115,proof_motion,1,116,Show the Work,0.0,PROVISIONAL PASS,No exact or edit-distance-one federal record found,0,0,0,0,
116,proof_motion,1,117,Work Shown,0.0,PROVISIONAL PASS,No exact or edit-distance-one federal record found,0,0,0,0,
117,proof_motion,1,118,Show the Math,0.0,PROVISIONAL PASS,No exact or edit-distance-one federal record found,0,0,0,0,
118,proof_motion,1,119,Check the Math,0.0,PROVISIONAL PASS,No exact or edit-distance-one federal record found,0,0,0,0,
119,proof_motion,1,120,Do the Math,0.0,RED - LIVE EXACT / RELEVANT,Exact live hit in a relevant active class,3,0,16,20,"DO THE MATH (SN 78590448; RN 3150609; live; exact; classes 035,036,037,039,041,042,043); DO THE MATH! (SN 90695761; RN 6722699; live; exact; classes 041); DO THE MATH (SN 78761653; RN 3370489; live; exact; classes 016)"
120,proof_motion,1,121,Adds Up,0.0,AMBER - LIVE NEAR / RELEVANT,One-edit live hit in a relevant active class,0,6,4,25,"ADS UP (SN 98293549; RN 7821952; live; near-1; classes 035); ADDUP (SN 87065495; RN 5248823; live; near-1; classes 007,009,035,037,040,041,042); ADDCUP (SN 90759961; RN 6765741; live; near-1; classes 028)"
121,proof_motion,1,122,Add It Up,0.0,AMBER - LIVE EXACT,Exact live hit; active classes appear outside core set or are missing,1,1,5,10,"ADDITUP (SN 77924109; RN 3821883; live; exact; classes 041); AD IT UP (SN 88327053; RN 6190551; live; near-1; classes 009,035,038); ADD IT UP (SN 77547937; RN 3652500; dead/unknown; exact)"
122,proof_motion,1,123,Stacks Up,0.0,AMBER - LIVE NEAR / RELEVANT,One-edit live hit in a relevant active class,0,5,1,19,"STACK UP (SN 88613966; RN 6172766; live; near-1; classes 044); #STICKSUP (SN 98725090; live; near-1; classes 025,034); STACK UP (SN 88613947; RN 6028528; live; near-1; classes 036)"
123,proof_motion,1,124,Holds Up,0.0,AMBER - LIVE EXACT,Exact live hit; active classes appear outside core set or are missing,1,5,1,23,"HOLDS UP (SN 99747391; live; exact; classes 041,045); HOLD UP (SN 99864902; live; near-1; classes 001,016); HOLD UP (SN 88393822; RN 6115993; live; near-1; classes 001,016)"
124,proof_motion,1,125,Stands Up,0.0,AMBER - LIVE NEAR / RELEVANT,One-edit live hit in a relevant active class,0,17,0,54,"STAND UP (SN 99275122; live; near-1; classes 003); STAND UP (SN 99235436; live; near-1; classes 005,030); STANDUP (SN 98412789; RN 7863337; live; near-1; classes 009,035,042)"
125,proof_motion,1,126,Measure Up,0.0,RED - LIVE EXACT / RELEVANT,Exact live hit in a relevant active class,6,0,17,25,"MEASUREUP (SN 87283457; RN 5269834; live; exact; classes 035); MEASURE UP (SN 78903796; RN 3317879; live; exact; classes 035,042); MEASURE UP (SN 99539069; live; exact; classes 028)"
126,proof_motion,1,127,Measured,0.0,RED - LIVE EXACT / RELEVANT,Exact live hit in a relevant active class,2,14,3,36,"MEASURED (SN 98760169; RN 8173324; live; exact; classes 011,035); MEASURED (SN 98760162; live; exact; classes 020); MEASUREDU (SN 98146483; RN 7444971; live; near-1; classes 035,042)"
127,proof_motion,1,128,By Measure,0.0,PROVISIONAL PASS,No exact or edit-distance-one federal record found,0,0,0,0,
128,proof_motion,1,129,Full Measure,0.0,AMBER - LIVE EXACT,Exact live hit; active classes appear outside core set or are missing,2,0,2,4,FULL MEASURE (SN 86692375; RN 5019059; live; exact; classes 041); FULL MEASURE (SN 86044253; RN 4510325; live; exact; classes 001); FULL MEASURE (SN 74407125; dead/unknown; exact)
129,proof_motion,1,130,Good Measure,0.0,RED - LIVE EXACT / RELEVANT,Exact live hit in a relevant active class,5,2,33,47,GOOD MEASURE (SN 99468678; live; exact; classes 035); GOOD MEASURE (SN 88424658; RN 6420513; live; exact; classes 005); GOOD MEASURE (SN 88885847; RN 6381756; live; exact; classes 029)
130,proof_motion,1,131,True Measure,0.0,RED - LIVE EXACT / RELEVANT,Exact live hit in a relevant active class,6,0,8,17,"TRUE MEASURE (SN 88360115; RN 5924874; live; exact; classes 035); TRUE MEASURE (SN 88360118; RN 5918748; live; exact; classes 044); TRUEMEASURE (SN 78025359; RN 2580375; live; exact; classes 005,010)"
131,proof_motion,1,132,Proof First,0.0,YELLOW - LIVE NEAR,One-edit live hit outside the core active-class set,0,1,0,1,ROOFFIRST (SN 99820543; live; near-1; classes 017)
132,proof_motion,1,133,Plain Proof,0.0,PROVISIONAL PASS,Only dead/unknown one-edit records found,0,0,0,2,"PAINPROOF (SN 98310995; dead/unknown; near-1; classes 035); PLANPROOF (SN 90858849; dead/unknown; near-1; classes 009,042)"
133,proof_motion,1,134,Open Proof,0.0,YELLOW - DEAD EXACT,Exact federal record exists but is coded dead/unknown,0,0,1,1,OPENPROOF (SN 78081935; RN 2616066; dead/unknown; exact)
134,proof_motion,1,135,Solid Proof,0.0,PROVISIONAL PASS,No exact or edit-distance-one federal record found,0,0,0,0,
135,proof_motion,1,136,Proof Positive,0.0,AMBER - LIVE EXACT,Exact live hit; active classes appear outside core set or are missing,3,0,22,26,"PROOF POSITIVE (SN 88025744; RN 5680389; live; exact; classes 009); PROOF-POSITIVE (SN 87027919; RN 5104647; live; exact; classes 013); PROOF POSITIVE (SN 85318822; RN 4074071; live; exact; classes 009,045)"
136,proof_motion,1,137,Proof Point,0.0,AMBER - LIVE EXACT,Exact live hit; active classes appear outside core set or are missing,3,0,2,7,"PROOFPOINT (SN 99098029; RN 8132940; live; exact; classes 009,041,042); PROOF POINT (SN 88805698; RN 6449737; live; exact; classes 033); PROOFPOINT (SN 87723503; RN 5636293; live; exact; classes 009,042)"
137,proof_motion,1,138,Proof Please,0.0,PROVISIONAL PASS,No exact or edit-distance-one federal record found,0,0,0,0,
138,proof_motion,1,139,Proof Enough,0.0,PROVISIONAL PASS,No exact or edit-distance-one federal record found,0,0,0,0,
139,proof_motion,1,140,More Proof,0.0,PROVISIONAL PASS,No exact or edit-distance-one federal record found,0,0,0,0,
140,proof_motion,1,141,Just Proof,0.0,YELLOW - LIVE NEAR,One-edit live hit outside the core active-class set,0,1,0,3,JUST A ROOF (SN 99648069; live; near-1; classes 037); DUSTPROOF (SN 87322630; dead/unknown; near-1; classes 001); JUST ROOF (SN 77559208; RN 3641098; dead/unknown; near-1)
141,proof_motion,1,142,Checkable,0.0,RED - LIVE EXACT / RELEVANT,Exact live hit in a relevant active class,2,1,1,4,"CHECKABLE (SN 97550937; RN 6996810; live; exact; classes 005); CHECKABLE (SN 90349313; RN 7213700; live; exact; classes 009,044); CHEKABLE (SN 98092474; RN 7478884; live; near-1; classes 042)"
142,proof_motion,1,143,Verifiable,0.0,RED - LIVE EXACT / RELEVANT,Exact live hit in a relevant active class,1,0,2,3,"VERIFIABLE (SN 88687099; RN 6725330; live; exact; classes 035,042); VERIFIABLE (SN 88053711; dead/unknown; exact; classes 035); VERIFIABLE (SN 88053715; dead/unknown; exact; classes 035)"
143,proof_motion,1,144,Accountable,0.0,RED - LIVE EXACT / RELEVANT,Exact live hit in a relevant active class,2,2,2,10,"ACCOUNTABLE (SN 88898846; RN 6255214; live; exact; classes 035); ACCOUNTABLE (SN 99407592; live; exact; classes 009,042); EACCOUNTABLE (SN 98669362; RN 7762020; live; near-1; classes 035)"
144,proof_motion,1,145,Receipts,0.0,RED - LIVE EXACT / RELEVANT,Exact live hit in a relevant active class,3,1,1,10,RECEIPTS (SN 90301921; RN 6534833; live; exact; classes 003); RECEIPTS (SN 99492907; live; exact; classes 009); RECEIPTS (SN 90821188; RN 6622703; live; exact; classes 025)
145,proof_motion,1,146,Show Receipts,0.0,PROVISIONAL PASS,No exact or edit-distance-one federal record found,0,0,0,0,
146,proof_motion,1,147,Fully Backed,0.0,YELLOW - LIVE NEAR,One-edit live hit outside the core active-class set,0,1,0,3,"FULLY BAKED (SN 88069784; RN 6701825; live; near-1; classes 025,029,030); FULLY BAKED (SN 87470904; RN 5591236; dead/unknown; near-1); FULLY BAKED (SN 85150072; RN 4047992; dead/unknown; near-1)"
147,proof_motion,1,148,Back It Up,0.0,RED - LIVE EXACT / RELEVANT,Exact live hit in a relevant active class,2,4,5,25,"BACK IT UP (SN 88550955; RN 6660136; live; exact; classes 003); BACK IT UP. (SN 99735995; live; exact; classes 025); PACK IT UP (SN 99505720; live; near-1; classes 020,021)"
148,proof_motion,1,149,Stand Behind,0.0,PROVISIONAL PASS,No exact or edit-distance-one federal record found,0,0,0,0,
149,proof_motion,1,150,Ground Truth,0.0,RED - LIVE EXACT / RELEVANT,Exact live hit in a relevant active class,13,3,12,28,"GROUND TRUTH (SN 99400196; live; exact; classes 035,036); GROUNDTRUTH (SN 79241693; RN 5876307; live; exact; classes 009,018,035,042); GROUNDTRUTH (SN 87979566; RN 5676750; live; exact; classes 035)"
150,proof_motion,1,151,First Principles,0.0,RED - LIVE EXACT / RELEVANT,Exact live hit in a relevant active class,7,0,2,9,"FIRSTPRINCIPLES (SN 97925077; RN 7453980; live; exact; classes 035); FIRSTPRINCIPLES (SN 97257435; RN 7153828; live; exact; classes 035,042); FIRST PRINCIPLES (SN 99373151; live; exact; classes 025)"
151,proof_motion,1,152,Source First,0.0,AMBER - LIVE EXACT,Exact live hit; active classes appear outside core set or are missing,2,0,1,3,"SOURCE FIRST (SN 98474991; live; exact; classes 045); SOURCEFIRST (SN 90248197; RN 6680539; live; exact; classes 038,042); SOURCEFIRST (SN 87938365; dead/unknown; exact)"
152,proof_motion,1,153,Full Source,0.0,RED - LIVE EXACT / RELEVANT,Exact live hit in a relevant active class,5,0,2,7,FULL SOURCE (SN 87771717; RN 5564863; live; exact; classes 035); FULL SOURCE (SN 87771892; RN 5564873; live; exact; classes 035); FULL SOURCE (SN 88594242; RN 6412008; live; exact; classes 031)
153,proof_motion,1,154,Show Source,0.0,YELLOW - LIVE NEAR,One-edit live hit outside the core active-class set,0,2,1,6,"SHOPSOURCE (SN 99313298; RN 8175187; live; near-1; classes 018,028); SHOPSOURCE (SN 97057464; RN 6713450; live; near-1; classes 020); SHOWSOURCE (SN 75234675; RN 2134291; dead/unknown; exact)"
154,proof_motion,1,155,Cite This,0.0,AMBER - LIVE NEAR / RELEVANT,One-edit live hit in a relevant active class,0,3,0,12,"BITE THIS (SN 99577923; live; near-1; classes 030,035); CUTE THIS (SN 85897681; RN 4881928; live; near-1; classes 035); BITE THIS! (SN 88950413; RN 6721042; live; near-1; classes 025,041)"
155,proof_motion,1,156,Cited,0.0,AMBER - LIVE EXACT,Exact live hit; active classes appear outside core set or are missing,1,17,0,63,"CITED (SN 99546219; live; exact; classes 042); CYTED (SN 79312452; RN 7014495; live; near-1; classes 009,010,042,044); CITÉ (SN 88934208; RN 6226771; live; near-1; classes 003,008,021)"
156,proof_motion,1,157,Test Case,0.0,YELLOW - LIVE NEAR,One-edit live hit outside the core active-class set,0,6,1,15,BESTCASE (SN 90831628; RN 6746538; live; near-1; classes 009); TESTCAFE (SN 85915232; RN 4512513; live; near-1; classes 009); TESTCARE (SN 77349587; RN 3680626; live; near-1; classes 042)
157,proof_motion,1,158,Tested,0.0,AMBER - LIVE NEAR / RELEVANT,One-edit live hit in a relevant active class,0,29,2,57,RESTED (SN 99463712; live; near-1; classes 044); TESTEL (SN 98598673; RN 8296952; live; near-1; classes 005); TESTEK (SN 98315515; RN 7788815; live; near-1; classes 010)
158,proof_motion,1,159,Trial Run,0.0,AMBER - LIVE EXACT,Exact live hit; active classes appear outside core set or are missing,1,0,2,3,"TRIAL RUN (SN 88140766; RN 6913306; live; exact; classes 009,042); TRIAL RUN (SN 75800285; RN 2468421; dead/unknown; exact); TRIAL RUN (SN 75582438; RN 2485665; dead/unknown; exact)"
159,proof_motion,1,160,Test Run,0.0,AMBER - LIVE NEAR / RELEVANT,One-edit live hit in a relevant active class,0,3,0,17,TESTRON (SN 75406914; RN 2212987; live; near-1; classes 003); TESTRUS (SN 99773342; live; near-1; classes 001); TESTRON (SN 75210427; RN 2161527; live; near-1; classes 001)
160,proof_motion,1,161,Works as Said,0.0,PROVISIONAL PASS,No exact or edit-distance-one federal record found,0,0,0,0,
161,proof_motion,1,162,Does What It Says,0.0,PROVISIONAL PASS,No exact or edit-distance-one federal record found,0,0,0,0,
162,proof_motion,1,163,As Advertised,0.0,PROVISIONAL PASS,No exact or edit-distance-one federal record found,0,0,0,0,
163,proof_motion,1,164,True to Label,0.0,YELLOW - DEAD EXACT,Exact federal record exists but is coded dead/unknown,0,0,1,1,"TRUE TO LABEL (SN 77405043; dead/unknown; exact; classes 005,030)"
164,proof_motion,1,165,Open Label,0.0,RED - LIVE EXACT / RELEVANT,Exact live hit in a relevant active class,1,0,1,2,OPENLABEL (SN 77851640; RN 4009956; live; exact; classes 035); OPENLABEL (SN 75553734; dead/unknown; exact; classes 009)
165,proof_motion,1,166,Read the Label,0.0,YELLOW - DEAD EXACT,Exact federal record exists but is coded dead/unknown,0,0,3,4,READ THE LABEL (SN 90831271; dead/unknown; exact; classes 003); READ THE LABEL (SN 90774319; dead/unknown; exact; classes 003); READ THE LABEL (SN 85695111; RN 4413225; dead/unknown; exact)
166,proof_motion,1,167,Full Formula,0.0,PROVISIONAL PASS,Only dead/unknown one-edit records found,0,0,0,1,FUEL FORMULA (SN 88424451; dead/unknown; near-1; classes 005)
167,proof_motion,1,168,Open Formula,0.0,RED - LIVE EXACT / RELEVANT,Exact live hit in a relevant active class,1,0,0,1,OPEN FORMULA (SN 88284769; RN 5930525; live; exact; classes 003)
168,proof_motion,1,169,Whats Inside,0.0,AMBER - LIVE EXACT,Exact live hit; active classes appear outside core set or are missing,1,0,10,11,WHAT'S INSIDE? (SN 97783760; RN 7436762; live; exact; classes 042); WHAT'S INSIDE: (SN 88179432; dead/unknown; exact; classes 030); WHAT'S INSIDE: (SN 87282909; dead/unknown; exact; classes 030)
169,proof_motion,1,170,Inside Story,0.0,RED - LIVE EXACT / RELEVANT,Exact live hit in a relevant active class,3,0,14,18,INSIDE STORY (SN 97905270; RN 7386937; live; exact; classes 035); INSIDESTORY (SN 78726138; RN 3687543; live; exact; classes 016); INSIDE STORY (SN 73822687; RN 1632986; live; exact; classes 009)
170,proof_motion,1,171,Made Clear,0.0,YELLOW - DEAD EXACT,Exact federal record exists but is coded dead/unknown,0,0,1,2,MADE CLEAR (SN 77395421; RN 3593969; dead/unknown; exact); MADE CLEAN (SN 98860542; dead/unknown; near-1; classes 005)
171,proof_motion,1,172,Made Right,0.0,AMBER - LIVE EXACT,Exact live hit; active classes appear outside core set or are missing,2,3,1,7,"MADE RIGHT (SN 76701545; RN 4105740; live; exact; classes 016); MADE RIGHT (SN 77389596; RN 3670236; live; exact; classes 025); MADE_LIGHT (SN 99096180; live; near-1; classes 012,040,042)"
172,proof_motion,1,173,Built Right,0.0,AMBER - LIVE EXACT,Exact live hit; active classes appear outside core set or are missing,2,5,1,10,"BUILTRIGHT (SN 97092869; RN 6946351; live; exact; classes 009,012,018,020); BUILT RIGHT (SN 88670627; RN 6063839; live; exact; classes 043); BUILDRIGHT (SN 99127253; live; near-1; classes 037)"
173,proof_motion,1,174,Done Right,0.0,RED - LIVE EXACT / RELEVANT,Exact live hit in a relevant active class,3,2,6,15,"DONERIGHT (SN 98755253; live; exact; classes 006,035); DONE RIGHT (SN 78753051; RN 3363415; live; exact; classes 035); DONE RIGHT (SN 77788064; RN 4115332; live; exact; classes 025)"
174,proof_motion,1,175,Make Good,0.0,RED - LIVE EXACT / RELEVANT,Exact live hit in a relevant active class,3,13,3,23,"MAKE GOOD (SN 79364444; RN 7490594; live; exact; classes 025,035); MAKE GOOD (SN 90387010; RN 6501209; live; exact; classes 021); MAKE GOOD (SN 85642880; RN 4881849; live; exact; classes 035,041,042)"
175,proof_motion,1,176,Good Faith,0.0,RED - LIVE EXACT / RELEVANT,Exact live hit in a relevant active class,4,0,8,12,"GOOD FAITH (SN 90238376; RN 6790555; live; exact; classes 003,005); GOODFAITH (SN 90485492; RN 6594532; live; exact; classes 011); GOOD FAITH (SN 88829785; RN 6770384; live; exact; classes 009,016,025,041)"
176,proof_motion,1,177,In Good Faith,0.0,RED - LIVE EXACT / RELEVANT,Exact live hit in a relevant active class,1,0,6,7,"IN GOOD FAITH (SN 97352062; RN 7803862; live; exact; classes 029,030,035); IN GOOD FAITH (SN 98357244; dead/unknown; exact; classes 043); IN GOOD FAITH (SN 97826704; dead/unknown; exact; classes 032,043)"
177,proof_motion,1,178,Word Kept,0.0,PROVISIONAL PASS,No exact or edit-distance-one federal record found,0,0,0,0,
178,proof_motion,1,179,Our Word,0.0,AMBER - LIVE NEAR / RELEVANT,One-edit live hit in a relevant active class,0,2,2,25,OURWORLD (SN 88676993; RN 6064214; live; near-1; classes 035); OUR’WORLD (SN 99671930; live; near-1; classes 041); OUR WORD (SN 73590305; RN 1413348; dead/unknown; exact)
179,proof_motion,1,180,Good Word,0.0,RED - LIVE EXACT / RELEVANT,Exact live hit in a relevant active class,2,11,1,53,"GOODWORD (SN 99163299; live; exact; classes 009,035,042,045); GOOD WORD (SN 98602397; RN 7714758; live; exact; classes 030); GOODWOOD (SN 99001268; live; near-1; classes 006,009,014,016,018,021,025,035,038,039,041)"
180,proof_motion,1,181,Word and Deed,0.0,PROVISIONAL PASS,No exact or edit-distance-one federal record found,0,0,0,0,
181,forward_energy,1,182,Up Front,0.0,RED - LIVE EXACT / RELEVANT,Exact live hit in a relevant active class,13,1,50,64,"UPFRONT (SN 99298858; live; exact; classes 044); UPFRONT (SN 79327545; RN 7082491; live; exact; classes 003,005,029,030,032,035,044); UPFRONT (SN 77689780; RN 3736190; live; exact; classes 035,037,042)"
182,forward_energy,1,183,Face Up,0.0,RED - LIVE EXACT / RELEVANT,Exact live hit in a relevant active class,2,14,16,55,"FACE UP (SN 77455155; RN 3540177; live; exact; classes 016,035,041); FACEUP (SN 87806437; RN 5631158; live; exact; classes 009,042); ACEUP (SN 99453073; live; near-1; classes 021)"
183,forward_energy,1,184,Own Up,0.0,RED - LIVE EXACT / RELEVANT,Exact live hit in a relevant active class,2,10,3,25,"OWN UP (SN 88233472; RN 6598230; live; exact; classes 035,036); OWNUP! (SN 97152820; RN 6941803; live; exact; classes 041); OWUP (SN 90801123; RN 6787450; live; near-1; classes 035)"
184,forward_energy,1,185,Speak Up,0.0,AMBER - LIVE EXACT,Exact live hit; active classes appear outside core set or are missing,7,7,28,45,"SPEAKUP! (SN 98054461; RN 7433627; live; exact; classes 041); SPEAK UP (SN 97621351; RN 7496593; live; exact; classes 009); SPEAK UP (SN 90083405; RN 6481992; live; exact; classes 041,042)"
185,forward_energy,1,186,Listen Up,0.0,RED - LIVE EXACT / RELEVANT,Exact live hit in a relevant active class,11,2,30,69,"LISTENUP (SN 98787691; RN 7856602; live; exact; classes 010); LISTENUP (SN 97826793; RN 7364041; live; exact; classes 009,035,037,041,042); LISTENUP (SN 97313787; live; exact; classes 009,035,042)"
186,forward_energy,1,187,Wise Up,0.0,RED - LIVE EXACT / RELEVANT,Exact live hit in a relevant active class,8,24,17,97,WISE UP (SN 78567314; RN 3166417; live; exact; classes 005); WISEUP (SN 90678963; RN 6706042; live; exact; classes 008); WISEUP (SN 90679077; RN 6706081; live; exact; classes 007)
187,forward_energy,1,188,Show Up,0.0,RED - LIVE EXACT / RELEVANT,Exact live hit in a relevant active class,4,6,11,31,"SHOWUP (SN 99661165; live; exact; classes 009,035,042); SHOW UP (SN 98062481; RN 7526456; live; exact; classes 009); SHOW UP! (SN 97567346; RN 7187613; live; exact; classes 039)"
188,forward_energy,1,189,True Up,0.0,AMBER - LIVE EXACT,Exact live hit; active classes appear outside core set or are missing,1,10,9,39,TRUEUP (SN 98091576; RN 7492069; live; exact; classes 020); TRUEUA (SN 99249324; live; near-1; classes 044); TRUEBP (SN 88932143; RN 6649233; live; near-1; classes 010)
189,forward_energy,1,190,Right Up,0.0,AMBER - LIVE NEAR / RELEVANT,One-edit live hit in a relevant active class,0,11,2,43,"LIGHTUP (SN 98687166; RN 7837511; live; near-1; classes 035); BRIGHTUP (SN 97429074; RN 6980317; live; near-1; classes 021); LIGHT UP (SN 90864447; RN 6843283; live; near-1; classes 028,035)"
190,forward_energy,1,191,Heads Up,0.0,RED - LIVE EXACT / RELEVANT,Exact live hit in a relevant active class,14,6,86,119,"HEADS UP (SN 99135637; live; exact; classes 035); HEADSUP (SN 97792228; RN 7852425; live; exact; classes 035,042); HEADS-UP (SN 86435563; RN 4896336; live; exact; classes 021)"
191,forward_energy,1,192,Chin Up,0.0,RED - LIVE EXACT / RELEVANT,Exact live hit in a relevant active class,2,5,11,30,CHIN UP (SN 85034856; RN 3946167; live; exact; classes 003); CHIN-UP (SN 77120946; RN 3427759; live; exact; classes 010); COIN-UP (SN 97185927; RN 6961990; live; near-1; classes 036)
192,forward_energy,1,193,Straightaway,0.0,RED - LIVE EXACT / RELEVANT,Exact live hit in a relevant active class,6,0,11,25,"STRAIGHTAWAY (SN 90152476; RN 7429623; live; exact; classes 035,038,039); STRAIGHT AWAY (SN 88612796; RN 6192772; live; exact; classes 005); STRAIGHT AWAY (SN 87155044; RN 5292641; live; exact; classes 003)"
193,forward_energy,1,194,Right Away,0.0,RED - LIVE EXACT / RELEVANT,Exact live hit in a relevant active class,3,14,17,59,RIGHT AWAY (SN 98374337; RN 8146267; live; exact; classes 003); RIGHTAWAY (SN 99636308; live; exact; classes 026); RIGHT AWAY (SN 98935637; RN 7937172; live; exact; classes 018)
194,forward_energy,1,195,Right On,0.0,RED - LIVE EXACT / RELEVANT,Exact live hit in a relevant active class,11,42,27,136,RIGHT ON (SN 97186992; RN 7050476; live; exact; classes 035); RIGHT ON (SN 85480504; RN 4310037; live; exact; classes 005); RIGHTON (SN 76493380; RN 2977233; live; exact; classes 010)
195,forward_energy,1,196,Head On,0.0,RED - LIVE EXACT / RELEVANT,Exact live hit in a relevant active class,1,30,13,94,"HEAD ON (SN 79385675; RN 7674186; live; exact; classes 009,044); HEADIN' (SN 99671195; live; near-1; classes 003,005,044); HEADOT (SN 98115369; RN 7457707; live; near-1; classes 021)"
196,forward_energy,1,197,Forward,0.0,RED - LIVE EXACT / RELEVANT,Exact live hit in a relevant active class,30,21,48,126,"F O R W A R D (SN 99740972; live; exact; classes 025,035); FORWARD (SN 99599149; live; exact; classes 005); FORWARD (SN 99424977; RN 8242298; live; exact; classes 035)"
197,forward_energy,1,198,Face Forward,0.0,RED - LIVE EXACT / RELEVANT,Exact live hit in a relevant active class,8,5,9,23,FACE FORWARD (SN 98408311; RN 7814196; live; exact; classes 044); FACE FORWARD (SN 98205193; RN 7501947; live; exact; classes 035); FACE FORWARD (SN 97602801; RN 7749666; live; exact; classes 044)
198,forward_energy,1,199,Onward,0.0,RED - LIVE EXACT / RELEVANT,Exact live hit in a relevant active class,47,10,39,123,ONWARD (SN 99718059; live; exact; classes 005); ONWARD (SN 99709767; live; exact; classes 035); ONWARD! (SN 99709769; live; exact; classes 035)
199,forward_energy,1,200,Full On,0.0,RED - LIVE EXACT / RELEVANT,Exact live hit in a relevant active class,3,33,12,80,"FULLON (SN 99423955; live; exact; classes 001,035); FULL-ON (SN 85600116; RN 4505979; live; exact; classes 003); FULL-ON (SN 85971050; RN 4964908; live; exact; classes 025)"
200,forward_energy,1,201,All Out,0.0,RED - LIVE EXACT / RELEVANT,Exact live hit in a relevant active class,11,35,28,117,"ALL OUT (SN 97441828; RN 7469454; live; exact; classes 005); ALL OUT (SN 85783406; RN 4387186; live; exact; classes 035,041); ALL-OUT (SN 76709749; RN 4234275; live; exact; classes 005)"
201,forward_energy,1,202,Wide Open,0.0,AMBER - LIVE EXACT,Exact live hit; active classes appear outside core set or are missing,5,0,23,29,"WIDE OPEN (SN 97529277; RN 7295545; live; exact; classes 025); WIDE OPEN (SN 88252469; RN 6950270; live; exact; classes 007,012); WIDEOPEN (SN 85495186; RN 4252844; live; exact; classes 037,042)"
202,forward_energy,1,203,Eyes Open,0.0,YELLOW - LIVE NEAR,One-edit live hit outside the core active-class set,0,1,0,2,EYEOPEN (SN 87335373; RN 5656440; live; near-1; classes 009); EYEOPEN (SN 79117127; dead/unknown; near-1)
203,forward_energy,1,204,Eye Level,0.0,AMBER - LIVE EXACT,Exact live hit; active classes appear outside core set or are missing,2,2,5,9,"EYE LEVEL (SN 85678045; RN 4385379; live; exact; classes 016,041); EYE LEVEL (SN 85451295; RN 4313990; live; exact; classes 016,041); EYELEVE (SN 98470978; RN 8255063; live; near-1; classes 005)"
204,forward_energy,1,205,On the Level,0.0,AMBER - LIVE EXACT,Exact live hit; active classes appear outside core set or are missing,2,1,11,15,ON THE LEVEL (SN 90894263; RN 6701427; live; exact; classes 041); ONTHELEVEL (SN 88635230; RN 6046448; live; exact; classes 014); ON THE REVEL (SN 99116618; RN 8065886; live; near-1; classes 041)
205,forward_energy,1,206,Level With,0.0,PROVISIONAL PASS,No exact or edit-distance-one federal record found,0,0,0,0,
206,forward_energy,1,207,Square Deal,0.0,RED - LIVE EXACT / RELEVANT,Exact live hit in a relevant active class,4,2,23,41,"SQUARE DEAL (SN 73161226; RN 1114360; live; exact; classes 005,031); SQUARE DEAL (SN 97436163; RN 7239313; live; exact; classes 013); SQUARE DEAL (SN 88721151; RN 6100100; live; exact; classes 039)"
207,forward_energy,1,208,Fair and Square,0.0,YELLOW - DEAD EXACT,Exact federal record exists but is coded dead/unknown,0,0,2,2,FAIR AND SQUARE (SN 85530009; dead/unknown; exact); FAIR AND SQUARE (SN 85525371; dead/unknown; exact; classes 025)
208,forward_energy,1,209,Square One,0.0,RED - LIVE EXACT / RELEVANT,Exact live hit in a relevant active class,11,2,53,69,SQUAREONE (SN 99204229; live; exact; classes 035); SQUARE ONE (SN 73280027; RN 1204227; live; exact; classes 003); SQUARE ONE (SN 99517889; live; exact; classes 001)
209,forward_energy,1,210,Clear Cut,0.0,RED - LIVE EXACT / RELEVANT,Exact live hit in a relevant active class,12,26,30,125,"CLEARCUT (SN 98376085; RN 7579424; live; exact; classes 021); CLEAR-CUT (SN 88770672; RN 6135279; live; exact; classes 003,017); CLEAR CUT (SN 86560027; RN 5161667; live; exact; classes 021)"
210,forward_energy,1,211,Clean Cut,0.0,RED - LIVE EXACT / RELEVANT,Exact live hit in a relevant active class,21,28,43,148,"CLEANCUT (SN 99453715; live; exact; classes 031,035); CLEANCUT (SN 99434955; live; exact; classes 010); CLEANCUT (SN 79311213; RN 6585584; live; exact; classes 009,016,035)"
211,forward_energy,1,212,True Cut,0.0,AMBER - LIVE EXACT,Exact live hit; active classes appear outside core set or are missing,6,4,9,44,"TRUECUT (SN 97925614; RN 7757420; live; exact; classes 029,030); TRUECUT (SN 97375195; live; exact; classes 009,041,042); TRUECUT (SN 90860837; RN 6902882; live; exact; classes 007,008,009,016)"
212,forward_energy,1,213,Cut to It,0.0,AMBER - LIVE EXACT,Exact live hit; active classes appear outside core set or are missing,1,4,0,6,CUT TO IT (SN 90105660; RN 6747652; live; exact; classes 041); CUTTOFIT (SN 98330913; RN 7952424; live; near-1; classes 010); CUT-TO-FIT (SN 90804740; RN 6634918; live; near-1; classes 006)
213,forward_energy,1,214,Cut and Dry,0.0,YELLOW - DEAD EXACT,Exact federal record exists but is coded dead/unknown,0,0,1,1,CUT AND DRY (SN 75227304; RN 2170948; dead/unknown; exact)
214,forward_energy,1,215,Brass Tacks,0.0,RED - LIVE EXACT / RELEVANT,Exact live hit in a relevant active class,6,1,9,19,"BRASSTACKS (SN 88230008; RN 5980817; live; exact; classes 035,037,039,042); BRASS TACKS (SN 97829397; RN 7969413; live; exact; classes 038); BRASSTACKS (SN 97619785; RN 7313680; live; exact; classes 041)"
215,forward_energy,1,216,Open and Shut,0.0,PROVISIONAL PASS,No exact or edit-distance-one federal record found,0,0,0,0,
216,forward_energy,1,217,Come Clean,0.0,RED - LIVE EXACT / RELEVANT,Exact live hit in a relevant active class,2,2,14,19,COME CLEAN (SN 85568155; RN 4274570; live; exact; classes 003); COME CLEAN (SN 88801104; RN 6218424; live; exact; classes 032); CORE CLEAN (SN 98833318; RN 7887793; live; near-1; classes 037)
217,forward_energy,1,218,Get Real,0.0,RED - LIVE EXACT / RELEVANT,Exact live hit in a relevant active class,19,0,70,98,"GET REAL (SN 79443843; live; exact; classes 009,035,038,041,042); GET REAL (SN 90776351; RN 6926228; live; exact; classes 035); GET REAL (SN 75811039; RN 2513268; live; exact; classes 035)"
218,forward_energy,1,219,Keep It Real,0.0,RED - LIVE EXACT / RELEVANT,Exact live hit in a relevant active class,6,3,28,44,"KEEP IT REAL (SN 77188404; RN 3671415; live; exact; classes 035,041); KEEP IT REAL (SN 99035372; live; exact; classes 032); KEEP IT REAL (SN 98064546; live; exact; classes 009,042)"
219,forward_energy,1,220,Call It,0.0,AMBER - LIVE EXACT,Exact live hit; active classes appear outside core set or are missing,2,38,10,121,"CALLIT (SN 99814111; live; exact; classes 042); CALL IT (SN 98132045; RN 8285715; live; exact; classes 009,041); CALLI (SN 99684714; live; near-1; classes 009,035,041,042,045)"
220,forward_energy,1,221,Called It,0.0,AMBER - LIVE EXACT,Exact live hit; active classes appear outside core set or are missing,1,2,1,7,CALLED IT. (SN 99857117; live; exact; classes 041); C CALLED IT. (SN 99857108; live; near-1; classes 041); CELLEDIT (SN 79366154; RN 7483917; live; near-1; classes 042)
221,forward_energy,1,222,Get to It,0.0,AMBER - LIVE EXACT,Exact live hit; active classes appear outside core set or are missing,1,0,9,14,GET TO IT (SN 88671138; RN 6241031; live; exact; classes 025); GET TO IT (SN 97526186; dead/unknown; exact; classes 025); GET TO IT! (SN 90087882; dead/unknown; exact; classes 035)
222,forward_energy,1,223,Here Goes,0.0,YELLOW - LIVE NEAR,One-edit live hit outside the core active-class set,0,1,0,1,WHEREGOES (SN 98929803; RN 7936100; live; near-1; classes 042)
223,peer_intelligence,1,224,Eye to Eye,0.0,AMBER - LIVE EXACT,Exact live hit; active classes appear outside core set or are missing,1,0,17,19,EYE TO EYE (SN 76599693; RN 3066453; live; exact; classes 028); EYE TO EYE (SN 97763560; dead/unknown; exact; classes 009); EYE TO EYE (SN 88741902; dead/unknown; exact; classes 003)
224,peer_intelligence,1,225,One to One,0.0,RED - LIVE EXACT / RELEVANT,Exact live hit in a relevant active class,3,3,37,50,ONE TO ONE (SN 97498884; live; exact; classes 044); ONE. TO. ONE. (SN 86915271; RN 5049555; live; exact; classes 044); ONE TO ONE (SN 75250555; RN 2142560; live; exact; classes 041)
225,peer_intelligence,1,226,Your Call,0.0,AMBER - LIVE EXACT,Exact live hit; active classes appear outside core set or are missing,1,2,7,12,YOUR CALL (SN 88280418; RN 5965117; live; exact; classes 009); YOUCALL (SN 87695943; RN 5962069; live; near-1; classes 035); YOUR CELL (SN 79352779; RN 7393914; live; near-1; classes 011)
226,peer_intelligence,1,227,You Decide,0.0,RED - LIVE EXACT / RELEVANT,Exact live hit in a relevant active class,5,0,9,14,"YOUDECIDE (SN 90089817; RN 6719688; live; exact; classes 035,036,042); YOU DECIDE (SN 79260044; RN 5974568; live; exact; classes 039); YOU DECIDE (SN 88178222; RN 6251886; live; exact; classes 036)"
227,peer_intelligence,1,228,Decide Well,0.0,PROVISIONAL PASS,No exact or edit-distance-one federal record found,0,0,0,0,
228,peer_intelligence,1,229,Better Informed,0.0,YELLOW - DEAD EXACT,Exact federal record exists but is coded dead/unknown,0,0,1,1,BETTER-INFORMED (SN 78620996; RN 3220675; dead/unknown; exact)
229,peer_intelligence,1,230,Well Informed,0.0,YELLOW - DEAD EXACT,Exact federal record exists but is coded dead/unknown,0,0,6,6,WELL INFORMED (SN 86635770; RN 5037493; dead/unknown; exact); WELLINFORMED (SN 78487211; RN 3105115; dead/unknown; exact); WELL INFORMED (SN 76360360; RN 2765298; dead/unknown; exact)
230,peer_intelligence,1,231,Fully Informed,0.0,PROVISIONAL PASS,No exact or edit-distance-one federal record found,0,0,0,0,
231,peer_intelligence,1,232,Informed Choice,0.0,RED - LIVE EXACT / RELEVANT,Exact live hit in a relevant active class,1,0,5,14,INFORMED CHOICE (SN 79281052; RN 6219073; live; exact; classes 005); INFORMED-CHOICE (SN 76718374; RN 4990770; dead/unknown; exact); INFORMED-CHOICE (SN 79153890; dead/unknown; exact)
232,peer_intelligence,1,233,Clear Choice,0.0,RED - LIVE EXACT / RELEVANT,Exact live hit in a relevant active class,24,4,98,138,"CLEARCHOICE (SN 99908417; live; exact; classes 044); CLEAR CHOICE (SN 99821028; live; exact; classes 011,021,027); CLEARCHOICE (SN 99573970; live; exact; classes 010)"
233,peer_intelligence,1,234,Good Sense,0.0,RED - LIVE EXACT / RELEVANT,Exact live hit in a relevant active class,21,5,26,61,"GOODSENSE (SN 99773844; live; exact; classes 003,005,008,010,021,025); GOODSENSE (SN 90845482; RN 6718715; live; exact; classes 003,005); GOODSENSE (SN 87572564; RN 5392027; live; exact; classes 005)"
234,peer_intelligence,1,235,Common Sense,0.0,RED - LIVE EXACT / RELEVANT,Exact live hit in a relevant active class,13,2,54,75,"COMMONSENSE (SN 90163670; RN 6474664; live; exact; classes 008,021); COMMON SENSE (SN 87823341; RN 5752682; live; exact; classes 005); COMMON SENSE (SN 87578362; RN 6373231; live; exact; classes 035)"
235,peer_intelligence,1,236,Makes Sense,0.0,AMBER - LIVE NEAR / RELEVANT,One-edit live hit in a relevant active class,0,7,4,19,"MAKESENSE (SN 90116411; RN 6313535; live; near-1; classes 008,021); MAKESENSE (SN 86819221; RN 5070027; live; near-1; classes 003); MAKESENSE (SN 90370348; RN 7243138; live; near-1; classes 001)"
236,peer_intelligence,1,237,Sense Made,0.0,AMBER - LIVE NEAR / RELEVANT,One-edit live hit in a relevant active class,0,2,0,3,SENSESMADE (SN 98845563; RN 7902204; live; near-1; classes 035); SENSEADE (SN 90528896; RN 6607051; live; near-1; classes 032); SENSE-MATE (SN 77691145; dead/unknown; near-1; classes 009)
237,peer_intelligence,1,238,Sense Check,0.0,YELLOW - LIVE NEAR,One-edit live hit outside the core active-class set,0,1,0,3,"SENSCHECK (SN 79360171; RN 7435364; live; near-1; classes 006,009,020,037); SENESCHECK (SN 77642883; dead/unknown; near-1; classes 005); SENSICHECK (SN 73501746; RN 1338997; dead/unknown; near-1)"
238,peer_intelligence,1,239,With Reason,0.0,PROVISIONAL PASS,No exact or edit-distance-one federal record found,0,0,0,0,
239,peer_intelligence,1,240,Good Reason,0.0,RED - LIVE EXACT / RELEVANT,Exact live hit in a relevant active class,2,0,2,4,"GOOD REASON (SN 99193629; live; exact; classes 035,036); GOOD REASON (SN 87809230; RN 6064709; live; exact; classes 030); GOOD REASON (SN 90174745; dead/unknown; exact; classes 039,043)"
240,peer_intelligence,1,241,Every Reason,0.0,YELLOW - LIVE NEAR,One-edit live hit outside the core active-class set,0,1,2,6,EVERY SEASON (SN 99482719; live; near-1; classes 025); EVERY REASON (SN 88788661; dead/unknown; exact; classes 035); EVERY REASON (SN 78846338; dead/unknown; exact; classes 009)
241,peer_intelligence,1,242,For a Reason,0.0,AMBER - LIVE NEAR / RELEVANT,One-edit live hit in a relevant active class,0,1,1,3,"#1 FOR A REASON (SN 99749718; live; near-1; classes 005,035,044); FOR A REASON (SN 86105070; dead/unknown; exact; classes 016); #1FORAREASON (SN 90461254; dead/unknown; near-1; classes 003)"
242,peer_intelligence,1,243,Reason First,0.0,PROVISIONAL PASS,No exact or edit-distance-one federal record found,0,0,0,0,
243,peer_intelligence,1,244,Well Reasoned,0.0,AMBER - LIVE NEAR / RELEVANT,One-edit live hit in a relevant active class,0,1,0,2,WELL SEASONED (SN 90376871; RN 6661223; live; near-1; classes 035); WELL SEASONED (SN 78956109; RN 3610507; dead/unknown; near-1)
244,peer_intelligence,1,245,Considered,0.0,AMBER - LIVE EXACT,Exact live hit; active classes appear outside core set or are missing,1,0,1,2,"CONSIDERED (SN 79277671; RN 7159424; live; exact; classes 018,025); CONSIDERED (SN 97616922; dead/unknown; exact; classes 036,041,043)"
245,peer_intelligence,1,246,Well Considered,0.0,PROVISIONAL PASS,No exact or edit-distance-one federal record found,0,0,0,0,
246,peer_intelligence,1,247,By Design,0.0,RED - LIVE EXACT / RELEVANT,Exact live hit in a relevant active class,8,9,32,80,"BYDESIGN (SN 79048104; RN 4287163; live; exact; classes 035); BY DESIGN (SN 78980041; RN 3443065; live; exact; classes 042,044,045); BY DESIGN (SN 99059494; live; exact; classes 009)"
247,peer_intelligence,1,248,On Purpose,0.0,RED - LIVE EXACT / RELEVANT,Exact live hit in a relevant active class,5,0,14,23,"ONPURPOSE (SN 97037009; RN 6883724; live; exact; classes 035); ON PURPOSE (SN 86367519; RN 4784606; live; exact; classes 035); ON PURPOSE (SN 90678057; RN 7504941; live; exact; classes 009,041)"
248,peer_intelligence,1,249,Purpose Built,0.0,RED - LIVE EXACT / RELEVANT,Exact live hit in a relevant active class,4,1,12,17,"PURPOSE BUILT (SN 99645115; live; exact; classes 003); PURPOSE BUILT. (SN 85736289; RN 4580779; live; exact; classes 035); PURPOSE-BUILT (SN 98438753; RN 8106119; live; exact; classes 007,012)"
249,peer_intelligence,1,250,Built for This,0.0,RED - LIVE EXACT / RELEVANT,Exact live hit in a relevant active class,3,0,3,6,"BUILT FOR THIS (SN 86675175; RN 5486877; live; exact; classes 025,043,044); BUILT FOR THIS (SN 99220448; RN 8339063; live; exact; classes 041); BUILT FOR THIS (SN 97573177; RN 7256340; live; exact; classes 036)"
250,peer_intelligence,1,251,High Standards,0.0,RED - LIVE EXACT / RELEVANT,Exact live hit in a relevant active class,4,1,7,18,"HIGH STANDARDS (SN 88583753; RN 6131798; live; exact; classes 003); HIGH STANDARDS (SN 88499181; RN 6181103; live; exact; classes 005); HIGH STANDARDS (SN 98103236; live; exact; classes 025,040)"
251,peer_intelligence,1,252,Set Standard,0.0,AMBER - LIVE NEAR / RELEVANT,One-edit live hit in a relevant active class,0,3,0,5,"SEA STANDARD (SN 90850075; RN 6776599; live; near-1; classes 035); PET STANDARD (SN 86233460; RN 4648379; live; near-1; classes 007); NETSTANDARD (SN 85147720; RN 4021769; live; near-1; classes 038,042)"
252,peer_intelligence,1,253,True Standard,0.0,AMBER - LIVE EXACT,Exact live hit; active classes appear outside core set or are missing,1,0,1,2,"TRUE STANDARD (SN 90139449; RN 7754786; live; exact; classes 033,041); TRUE STANDARD (SN 88159795; RN 5865988; dead/unknown; exact)"
253,peer_intelligence,1,254,Up to Standard,0.0,PROVISIONAL PASS,No exact or edit-distance-one federal record found,0,0,0,0,
254,peer_intelligence,1,255,House Rules,0.0,AMBER - LIVE EXACT,Exact live hit; active classes appear outside core set or are missing,3,0,7,12,HOUSE RULES (SN 97170498; RN 7044748; live; exact; classes 009); HOUSE RULES (SN 88689934; RN 6191374; live; exact; classes 033); HOUSE RULES (SN 86895306; RN 5465035; live; exact; classes 028)
255,peer_intelligence,1,256,Ground Rules,0.0,AMBER - LIVE EXACT,Exact live hit; active classes appear outside core set or are missing,6,0,4,11,GROUND RULES (SN 99886337; live; exact; classes 043); GROUND RULES (SN 99591763; live; exact; classes 001); GROUNDRULES (SN 99523675; live; exact; classes 009)
256,peer_intelligence,1,257,By the Book,0.0,RED - LIVE EXACT / RELEVANT,Exact live hit in a relevant active class,3,1,8,15,BY THE BOOK (SN 99550486; live; exact; classes 035); BY THE BOOK (SN 97678903; RN 7509020; live; exact; classes 028); BY THE BOOK (SN 90056937; RN 7287620; live; exact; classes 041)
257,peer_intelligence,1,258,Open Book,0.0,AMBER - LIVE EXACT,Exact live hit; active classes appear outside core set or are missing,5,5,18,39,"OPENBOOK (SN 98582811; live; exact; classes 042); OPENBOOK (SN 97829646; RN 7316169; live; exact; classes 042); OPENBOOK (SN 87382552; RN 6413862; live; exact; classes 009,042)"
258,peer_intelligence,1,259,Book Smart,0.0,AMBER - LIVE EXACT,Exact live hit; active classes appear outside core set or are missing,2,13,14,60,BOOKSMART (SN 99735301; live; exact; classes 041); BOOKSMART (SN 90506689; RN 7508026; live; exact; classes 042); BOOKSSMART (SN 90747723; RN 6758335; live; near-1; classes 035)
259,peer_intelligence,1,260,Answer Key,0.0,RED - LIVE EXACT / RELEVANT,Exact live hit in a relevant active class,2,0,0,2,"ANSWERKEY (SN 78947103; RN 3251684; live; exact; classes 035); ANSWERKEY (SN 88803760; RN 6570057; live; exact; classes 009,042)"
260,peer_intelligence,1,261,Right Answer,0.0,AMBER - LIVE EXACT,Exact live hit; active classes appear outside core set or are missing,1,1,2,6,RIGHT ANSWER (SN 86637713; RN 4863288; live; exact; classes 036); RIGHTANSWERS (SN 76223003; RN 2515172; live; near-1; classes 042); RIGHT ANSWER (SN 76405674; RN 2773166; dead/unknown; exact)
261,peer_intelligence,1,262,Straight Answer,0.0,YELLOW - DEAD EXACT,Exact federal record exists but is coded dead/unknown,0,0,1,2,STRAIGHT ANSWER (SN 78385378; RN 2982224; dead/unknown; exact); STRAIGHT ANSWERS (SN 77112314; RN 3693021; dead/unknown; near-1)
262,peer_intelligence,1,263,Better Answer,0.0,AMBER - LIVE NEAR / RELEVANT,One-edit live hit in a relevant active class,0,2,0,3,"A BETTER ANSWER (SN 90210819; RN 6719801; live; near-1; classes 035,038); BETTER ANSWERS. (SN 77186322; RN 3372479; live; near-1; classes 042); BETTER ANSWERS (SN 75495018; dead/unknown; near-1; classes 009)"
263,peer_intelligence,1,264,All There,0.0,AMBER - LIVE NEAR / RELEVANT,One-edit live hit in a relevant active class,0,6,0,12,"ALLHERE (SN 99701720; live; near-1; classes 035); ALLWHERE (SN 97451682; RN 7706951; live; near-1; classes 035); ALLHERE (SN 79408128; RN 7830759; live; near-1; classes 009,041)"
264,peer_intelligence,1,265,All Clear,0.0,RED - LIVE EXACT / RELEVANT,Exact live hit in a relevant active class,23,7,54,101,"ALL-CLEAR (SN 99907666; live; exact; classes 009,010,042); ALLCLEAR (SN 99195498; live; exact; classes 003); ALL CLEAR (SN 98674115; live; exact; classes 003)"
265,peer_intelligence,1,266,No Mystery,0.0,PROVISIONAL PASS,No exact or edit-distance-one federal record found,0,0,0,0,
266,coined_compound,1,267,Factforward,0.0,RED - LIVE EXACT / RELEVANT,Exact live hit in a relevant active class,1,25,0,118,"FACT FORWARD (SN 88408774; RN 6097459; live; exact; classes 009,016,035,036,041,044); FACE FORWARD (SN 98408311; RN 7814196; live; near-1; classes 044); FAST FORWARD (SN 79392500; RN 7830510; live; near-1; classes 003)"
267,coined_compound,1,268,Claimclear,0.0,YELLOW - LIVE NEAR,One-edit live hit outside the core active-class set,0,1,0,1,CLAIMSCLEAR (SN 77284635; RN 3435232; live; near-1; classes 036)
268,coined_compound,1,269,Claimwise,0.0,RED - LIVE EXACT / RELEVANT,Exact live hit in a relevant active class,2,0,0,3,"CLAIMWISE (SN 90845420; RN 7166710; live; exact; classes 035,036); CLAIMWISE (SN 99844067; live; exact; classes 009,042); CLAIMWIRE (SN 87645049; dead/unknown; near-1; classes 042)"
269,coined_compound,1,270,Proofwise,0.0,YELLOW - LIVE NEAR,One-edit live hit outside the core active-class set,0,1,0,2,ROOFWISE (SN 87785740; RN 5560713; live; near-1; classes 037); ROOF WISE (SN 75566992; RN 2413490; dead/unknown; near-1)
270,coined_compound,1,271,Plainwise,0.0,YELLOW - LIVE NEAR,One-edit live hit outside the core active-class set,0,1,0,7,"PLANWISE (SN 90149368; RN 6815769; live; near-1; classes 009,041,042); PLANWISE (SN 99025974; dead/unknown; near-1; classes 036); PLANWISE (SN 97126433; dead/unknown; near-1)"
271,coined_compound,1,272,Known Good,0.0,YELLOW - LIVE NEAR,One-edit live hit outside the core active-class set,0,2,0,6,"KNOW GOOD. (SN 99442333; RN 8331701; live; near-1; classes 009,041); KNOW GOOD (SN 90594608; RN 7778792; live; near-1; classes 030); KNOW GOOD (SN 98340712; dead/unknown; near-1; classes 025)"
272,coined_compound,1,273,Clear Terms,0.0,PROVISIONAL PASS,No exact or edit-distance-one federal record found,0,0,0,0,
273,coined_compound,1,274,Open Terms,0.0,AMBER - LIVE NEAR / RELEVANT,One-edit live hit in a relevant active class,0,1,0,2,"OPENTEAMS (SN 97734375; RN 7351080; live; near-1; classes 035,041,042); OPENTERM (SN 76082516; dead/unknown; near-1; classes 009,035,036,038)"
274,coined_compound,1,275,Claims Clear,0.0,AMBER - LIVE EXACT,Exact live hit; active classes appear outside core set or are missing,1,0,0,1,CLAIMSCLEAR (SN 77284635; RN 3435232; live; exact; classes 036)
275,coined_compound,1,276,Proof Made,0.0,PROVISIONAL PASS,Only dead/unknown one-edit records found,0,0,0,1,PROOFMATE (SN 74004248; RN 1684875; dead/unknown; near-1)
276,coined_compound,1,277,Saidwell,0.0,AMBER - LIVE EXACT,Exact live hit; active classes appear outside core set or are missing,2,7,1,17,"SAIDWELL (SN 99746331; live; exact; classes 009,016,041,045); SAIDWELL (SN 90579162; RN 6733274; live; exact; classes 042); SAILWELL (SN 99777462; live; near-1; classes 032)"
277,coined_compound,1,278,Openword,0.0,AMBER - LIVE NEAR / RELEVANT,One-edit live hit in a relevant active class,0,13,2,26,"OPENWORLD (SN 99838194; live; near-1; classes 009,035,036,038,039,042); OPENWORLD (SN 99838198; live; near-1; classes 009,035,036,038,039,042); OPENWORK (SN 99829608; live; near-1; classes 009,035,041)"
278,coined_compound,1,279,Clearword,0.0,AMBER - LIVE NEAR / RELEVANT,One-edit live hit in a relevant active class,0,5,1,13,"CLEARWOOD (SN 79147889; RN 4647265; live; near-1; classes 001,003); CLEARWORK (SN 99674289; live; near-1; classes 042); CLEARWORK (SN 99579690; live; near-1; classes 041)"
279,coined_compound,1,280,Trueword,0.0,AMBER - LIVE NEAR / RELEVANT,One-edit live hit in a relevant active class,0,2,1,13,TRUE WOOD (SN 99391814; RN 8229167; live; near-1; classes 021); TRUEWORK (SN 88654034; RN 7391904; live; near-1; classes 042); TRUE WORD (SN 98479002; dead/unknown; exact)
280,coined_compound,1,281,Full Account,0.0,PROVISIONAL PASS,No exact or edit-distance-one federal record found,0,0,0,0,
281,coined_compound,1,282,Open Account,0.0,YELLOW - DEAD EXACT,Exact federal record exists but is coded dead/unknown,0,0,1,3,OPEN ACCOUNT (SN 73606156; RN 1430677; dead/unknown; exact); PEN ACCOUNT (SN 76269130; RN 2581854; dead/unknown; near-1); OPENACCOUNTS (SN 74731548; dead/unknown; near-1)
282,coined_compound,1,283,Readout,0.0,RED - LIVE EXACT / RELEVANT,Exact live hit in a relevant active class,1,13,4,32,READOUT (SN 88948314; RN 6654478; live; exact; classes 005); RED-OUT (SN 86452030; RN 4792081; live; near-1; classes 003); LEAD OUT (SN 78788461; RN 3353843; live; near-1; classes 003)
283,coined_compound,1,284,Close Read,0.0,PROVISIONAL PASS,No exact or edit-distance-one federal record found,0,0,0,0,
284,coined_compound,1,285,Open Note,0.0,AMBER - LIVE NEAR / RELEVANT,One-edit live hit in a relevant active class,0,3,1,8,OPEN NOTES (SN 86687142; RN 5001497; live; near-1; classes 044); OPENNOTES (SN 77809190; RN 3789744; live; near-1; classes 044); OPENVOTE (SN 98034155; live; near-1; classes 009)
285,coined_compound,1,286,True Note,0.0,AMBER - LIVE NEAR / RELEVANT,One-edit live hit in a relevant active class,0,5,1,10,TRUENOSE (SN 98092458; RN 7449082; live; near-1; classes 044); TREENOTE (SN 99158008; RN 8051673; live; near-1; classes 025); TRUEVOTE (SN 90746894; RN 6764860; live; near-1; classes 009)
286,coined_compound,1,287,Firsthand,0.0,RED - LIVE EXACT / RELEVANT,Exact live hit in a relevant active class,7,2,24,41,FIRSTHAND (SN 98140270; RN 7591482; live; exact; classes 035); FIRSTHAND (SN 97125728; RN 7076792; live; exact; classes 044); FIRSTHAND (SN 88528407; RN 5977103; live; exact; classes 003)
287,coined_compound,1,288,In Full,0.0,RED - LIVE EXACT / RELEVANT,Exact live hit in a relevant active class,1,9,0,15,INFULL (SN 98423691; RN 8152939; live; exact; classes 021); IKFULL (SN 99615998; live; near-1; classes 010); INFILL (SN 98314699; RN 7552197; live; near-1; classes 005)
288,coined_compound,1,289,Through and Through,0.0,PROVISIONAL PASS,No exact or edit-distance-one federal record found,0,0,0,0,
289,coined_compound,1,290,True to Form,0.0,AMBER - LIVE EXACT,Exact live hit; active classes appear outside core set or are missing,2,0,2,5,"TRUETOFORM (SN 90813862; RN 6794678; live; exact; classes 009,042); TRUE TO FORM (SN 86936936; RN 5063767; live; exact; classes 014); TRUE TO FORM (SN 85007379; dead/unknown; exact; classes 021)"
290,focused_mutation,1,291,Made Plain,0.0,PROVISIONAL PASS,No exact or edit-distance-one federal record found,0,0,0,0,
291,focused_mutation,1,292,Speak Plain,0.0,PROVISIONAL PASS,No exact or edit-distance-one federal record found,0,0,0,0,
292,focused_mutation,1,293,Plain Speaking,0.0,PROVISIONAL PASS,No exact or edit-distance-one federal record found,0,0,0,0,
293,focused_mutation,1,294,Plain Dealing,0.0,PROVISIONAL PASS,No exact or edit-distance-one federal record found,0,0,0,0,
294,focused_mutation,1,295,Plain About It,0.0,PROVISIONAL PASS,No exact or edit-distance-one federal record found,0,0,0,0,
295,focused_mutation,1,296,Plain on Purpose,0.0,PROVISIONAL PASS,No exact or edit-distance-one federal record found,0,0,0,0,
296,focused_mutation,1,297,See It Plain,0.0,PROVISIONAL PASS,No exact or edit-distance-one federal record found,0,0,0,0,
297,focused_mutation,1,298,Easy to See,0.0,YELLOW - DEAD EXACT,Exact federal record exists but is coded dead/unknown,0,0,4,4,EASY TO SEE (SN 90462035; dead/unknown; exact; classes 040); EASY-TO-SEE (SN 86474137; RN 4990550; dead/unknown; exact); EASY TO SEE (SN 75640386; dead/unknown; exact; classes 009)
298,focused_mutation,1,299,In Full View,0.0,PROVISIONAL PASS,No exact or edit-distance-one federal record found,0,0,0,0,
299,focused_mutation,1,300,All in View,0.0,PROVISIONAL PASS,No exact or edit-distance-one federal record found,0,0,0,0,
300,focused_mutation,1,301,Open View,0.0,RED - LIVE EXACT / RELEVANT,Exact live hit in a relevant active class,7,4,11,30,"OPENVIEW (SN 85139909; RN 3966149; live; exact; classes 035,036); OPEN VIEW (SN 98943885; RN 8277275; live; exact; classes 025); OPEN VIEW (SN 97806834; RN 7444669; live; exact; classes 043)"
301,focused_mutation,1,302,True View,0.0,RED - LIVE EXACT / RELEVANT,Exact live hit in a relevant active class,20,23,40,123,"TRUEVIEW (SN 88817289; RN 6193459; live; exact; classes 035); TRUEVIEW (SN 88122242; RN 6125224; live; exact; classes 035); TRUEVIEW (SN 86584825; RN 4966079; live; exact; classes 035,042)"
302,focused_mutation,1,303,Full Sight,0.0,RED - LIVE EXACT / RELEVANT,Exact live hit in a relevant active class,1,2,6,12,FULLSIGHT (SN 97669492; RN 7517221; live; exact; classes 035); FULL EIGHT (SN 90499068; RN 6702950; live; near-1; classes 003); FULL EIGHT (SN 90462334; RN 6554786; live; near-1; classes 005)
303,focused_mutation,1,304,All Visible,0.0,PROVISIONAL PASS,No exact or edit-distance-one federal record found,0,0,0,0,
304,focused_mutation,1,305,Fully Shown,0.0,PROVISIONAL PASS,No exact or edit-distance-one federal record found,0,0,0,0,
305,focused_mutation,1,306,Shown True,0.0,PROVISIONAL PASS,Only dead/unknown one-edit records found,0,0,0,1,SHOWTRUE (SN 87353762; RN 5286173; dead/unknown; near-1)
306,focused_mutation,1,307,Shown Plain,0.0,PROVISIONAL PASS,No exact or edit-distance-one federal record found,0,0,0,0,
307,focused_mutation,1,308,Show Plain,0.0,PROVISIONAL PASS,No exact or edit-distance-one federal record found,0,0,0,0,
308,focused_mutation,1,309,Mean What We Say,0.0,PROVISIONAL PASS,No exact or edit-distance-one federal record found,0,0,0,0,
309,focused_mutation,1,310,Say What We Mean,0.0,PROVISIONAL PASS,No exact or edit-distance-one federal record found,0,0,0,0,
310,focused_mutation,1,311,Stand By It,0.0,PROVISIONAL PASS,No exact or edit-distance-one federal record found,0,0,0,0,
311,focused_mutation,1,312,Behind Every Word,0.0,PROVISIONAL PASS,No exact or edit-distance-one federal record found,0,0,0,0,
312,focused_mutation,1,313,As We Say,0.0,PROVISIONAL PASS,No exact or edit-distance-one federal record found,0,0,0,0,
313,focused_mutation,1,314,Said Right,0.0,YELLOW - LIVE NEAR,One-edit live hit outside the core active-class set,0,2,0,4,SANDRIGHT (SN 87512333; RN 5556769; live; near-1; classes 007); MAID RIGHT (SN 85849632; RN 4489528; live; near-1; classes 037); PAIDRIGHT (SN 87088535; RN 5312691; dead/unknown; near-1)
314,focused_mutation,1,315,Say It Right,0.0,RED - LIVE EXACT / RELEVANT,Exact live hit in a relevant active class,1,0,4,6,SAYITRIGHT (SN 99192995; RN 8165167; live; exact; classes 035); SAY IT RIGHT (SN 77651961; dead/unknown; exact; classes 016); SAY IT RIGHT (SN 78391756; dead/unknown; exact; classes 016)
315,focused_mutation,1,316,Said Out Loud,0.0,PROVISIONAL PASS,No exact or edit-distance-one federal record found,0,0,0,0,
316,focused_mutation,1,317,You Heard Us,0.0,PROVISIONAL PASS,No exact or edit-distance-one federal record found,0,0,0,0,
317,focused_mutation,1,318,Make It Known,0.0,YELLOW - DEAD EXACT,Exact federal record exists but is coded dead/unknown,0,0,1,1,MAKE IT KNOWN. (SN 86569954; RN 4890558; dead/unknown; exact)
318,focused_mutation,1,319,Let It Be Known,0.0,YELLOW - DEAD EXACT,Exact federal record exists but is coded dead/unknown,0,0,2,2,LET IT BE KNOWN (SN 90599246; dead/unknown; exact; classes 032); LET IT BE KNOWN (SN 75715662; dead/unknown; exact; classes 025)
319,focused_mutation,1,320,No Footnote,0.0,PROVISIONAL PASS,No exact or edit-distance-one federal record found,0,0,0,0,
320,focused_mutation,1,321,No Footnotes,0.0,PROVISIONAL PASS,No exact or edit-distance-one federal record found,0,0,0,0,
321,focused_mutation,1,322,No Small Print,0.0,PROVISIONAL PASS,No exact or edit-distance-one federal record found,0,0,0,0,
322,focused_mutation,1,323,Read Every Word,0.0,PROVISIONAL PASS,No exact or edit-distance-one federal record found,0,0,0,0,
323,focused_mutation,1,324,All in Writing,0.0,PROVISIONAL PASS,No exact or edit-distance-one federal record found,0,0,0,0,
324,focused_mutation,1,325,Written Plain,0.0,PROVISIONAL PASS,No exact or edit-distance-one federal record found,0,0,0,0,
325,focused_mutation,1,326,Written Right,0.0,YELLOW - LIVE NEAR,One-edit live hit outside the core active-class set,0,1,0,1,WRITTEN LIGHT (SN 99780081; live; near-1; classes 041)
326,focused_mutation,1,327,Clear Copy,0.0,YELLOW - DEAD EXACT,Exact federal record exists but is coded dead/unknown,0,0,4,7,CLEAR COPY (SN 74657886; RN 2039728; dead/unknown; exact); CLEARCOPY (SN 74535408; dead/unknown; exact); CLEARCOPY (SN 74401660; dead/unknown; exact)
327,focused_mutation,1,328,Plain Copy,0.0,PROVISIONAL PASS,No exact or edit-distance-one federal record found,0,0,0,0,
328,focused_mutation,1,329,Full Text,0.0,YELLOW - LIVE NEAR,One-edit live hit outside the core active-class set,0,1,1,2,FULLTEX (SN 90786692; RN 6780323; live; near-1; classes 024); FULL TEXT (SN 73654803; dead/unknown; exact)
329,focused_mutation,1,330,Open Text,0.0,AMBER - LIVE EXACT,Exact live hit; active classes appear outside core set or are missing,2,3,1,10,OPEN TEXT (SN 75248794; RN 2685043; live; exact; classes 009); OPENTEXT (SN 74215326; RN 1773909; live; exact; classes 009); OPENTEX (SN 79242647; RN 5893686; live; near-1; classes 010)
330,focused_mutation,1,331,Read All,0.0,YELLOW - LIVE NEAR,One-edit live hit outside the core active-class set,0,1,3,9,REDALL (SN 77584049; RN 3615878; live; near-1; classes 040); READALL (SN 76161920; RN 2636728; dead/unknown; exact); READ-ALL (SN 75559961; dead/unknown; exact; classes 009)
331,focused_mutation,1,332,Fully Spelled,0.0,PROVISIONAL PASS,No exact or edit-distance-one federal record found,0,0,0,0,
332,focused_mutation,1,333,Spell Clear,0.0,PROVISIONAL PASS,No exact or edit-distance-one federal record found,0,0,0,0,
333,focused_mutation,1,334,No Catch,0.0,AMBER - LIVE EXACT,Exact live hit; active classes appear outside core set or are missing,1,4,2,12,"NO-CATCH (SN 75645664; RN 2319317; live; exact; classes 007); NOWATCH (SN 99615625; live; near-1; classes 009,042); NOMATCH (SN 99515374; RN 8304121; live; near-1; classes 025)"
334,focused_mutation,1,335,No Caveat,0.0,PROVISIONAL PASS,No exact or edit-distance-one federal record found,0,0,0,0,
335,focused_mutation,1,336,No Gloss,0.0,AMBER - LIVE NEAR / RELEVANT,One-edit live hit in a relevant active class,0,3,0,12,SO GLOSS (SN 98258882; RN 7675510; live; near-1; classes 003); O-GLOSS (SN 77236668; RN 3547664; live; near-1; classes 003); NEOGLOSS (SN 98008741; RN 7418744; live; near-1; classes 001)
336,focused_mutation,1,337,No Edit,0.0,AMBER - LIVE NEAR / RELEVANT,One-edit live hit in a relevant active class,0,4,0,19,"NODIT (SN 79448388; live; near-1; classes 009,035,036,041,042); NEEDIT (SN 99488046; live; near-1; classes 005); NEODIT (SN 98258682; RN 7529203; live; near-1; classes 007)"
337,focused_mutation,1,338,Without Edit,0.0,PROVISIONAL PASS,No exact or edit-distance-one federal record found,0,0,0,0,
338,focused_mutation,1,339,As Shot,0.0,YELLOW - LIVE NEAR,One-edit live hit outside the core active-class set,0,4,0,5,ASSHO (SN 98932751; RN 7936480; live; near-1; classes 028); ARSHOT (SN 97724362; RN 7276441; live; near-1; classes 009); AMSHOT (SN 97047420; RN 6878447; live; near-1; classes 042)
339,focused_mutation,1,340,In Focus,0.0,RED - LIVE EXACT / RELEVANT,Exact live hit in a relevant active class,16,11,57,133,"INFOCUS (SN 99301367; live; exact; classes 035); INFOCUS (SN 97289794; RN 7503051; live; exact; classes 041,044); INFOCUS (SN 90318867; RN 6642467; live; exact; classes 005,031,044)"
340,focused_mutation,1,341,Full Focus,0.0,RED - LIVE EXACT / RELEVANT,Exact live hit in a relevant active class,3,1,3,14,"FULL FOCUS (SN 90042885; RN 6270797; live; exact; classes 005); FULLFOCUS (SN 90975357; RN 6465387; live; exact; classes 042,044); FULL FOCUS (SN 97285403; RN 7532763; live; exact; classes 041)"
341,focused_mutation,1,342,Clearly Shown,0.0,PROVISIONAL PASS,No exact or edit-distance-one federal record found,0,0,0,0,
342,focused_mutation,1,343,Show Work,0.0,PROVISIONAL PASS,Only dead/unknown one-edit records found,0,0,0,2,SHOPWORK (SN 88699560; dead/unknown; near-1; classes 035); SHOWWORKS (SN 74489171; dead/unknown; near-1)
343,focused_mutation,1,344,Proof Shown,0.0,PROVISIONAL PASS,No exact or edit-distance-one federal record found,0,0,0,0,
344,focused_mutation,1,345,Show How,0.0,AMBER - LIVE EXACT,Exact live hit; active classes appear outside core set or are missing,1,2,2,15,SHOWHOW (SN 87070186; RN 5154646; live; exact; classes 025); SHOHOW (SN 90705715; RN 6724190; live; near-1; classes 021); SHOWHOL (SN 98857665; RN 7880231; live; near-1; classes 025)
345,focused_mutation,1,346,Heres How,0.0,AMBER - LIVE EXACT,Exact live hit; active classes appear outside core set or are missing,2,3,4,12,HERE'S HOW (SN 98025853; RN 7969594; live; exact; classes 032); HERE'S HOW (SN 76977386; RN 2949393; live; exact; classes 016); HERSHOW (SN 88852420; RN 6174474; live; near-1; classes 026)
346,focused_mutation,1,347,How It Works,0.0,YELLOW - DEAD EXACT,Exact federal record exists but is coded dead/unknown,0,0,3,4,HOW IT WORKS (SN 85284687; dead/unknown; exact; classes 045); HOW IT WORKS (SN 76139342; RN 2482473; dead/unknown; exact); HOW IT WORKS (SN 73512173; dead/unknown; exact)
347,focused_mutation,1,348,Why First,0.0,PROVISIONAL PASS,No exact or edit-distance-one federal record found,0,0,0,0,
348,focused_mutation,1,349,Show Reason,0.0,AMBER - LIVE NEAR / RELEVANT,One-edit live hit in a relevant active class,0,1,0,2,"SHOWSEASON (SN 77538278; RN 3662861; live; near-1; classes 003,005); SHOW SEASON (SN 76108921; RN 2485078; dead/unknown; near-1)"
349,focused_mutation,1,350,Reason Shown,0.0,PROVISIONAL PASS,No exact or edit-distance-one federal record found,0,0,0,0,
350,focused_mutation,1,351,What Works,0.0,AMBER - LIVE EXACT,Exact live hit; active classes appear outside core set or are missing,2,0,5,7,WHAT WORKS (SN 77919095; RN 4033156; live; exact; classes 041); WHAT WORKS (SN 78846317; RN 3203858; live; exact; classes 041); WHAT WORKS (SN 77430014; RN 3644569; dead/unknown; exact)
351,focused_mutation,1,352,It Adds Up,0.0,YELLOW - DEAD EXACT,Exact federal record exists but is coded dead/unknown,0,0,1,1,IT ADDS UP (SN 76298922; dead/unknown; exact; classes 036)
352,focused_mutation,1,353,All Adds Up,0.0,PROVISIONAL PASS,Only dead/unknown one-edit records found,0,0,0,1,ALL-ADS-UP (SN 85601450; dead/unknown; near-1; classes 035)
353,focused_mutation,1,354,Make It Add Up,0.0,PROVISIONAL PASS,No exact or edit-distance-one federal record found,0,0,0,0,
354,focused_mutation,1,355,Bears Out,0.0,AMBER - LIVE NEAR / RELEVANT,One-edit live hit in a relevant active class,0,1,0,4,GEARS OUT (SN 87760508; RN 5664986; live; near-1; classes 035); BEAR SOUL (SN 98408874; dead/unknown; near-1; classes 025); BEAR SCOUT (SN 90729953; dead/unknown; near-1; classes 020)
355,focused_mutation,1,356,Checks Out,0.0,AMBER - LIVE NEAR / RELEVANT,One-edit live hit in a relevant active class,0,10,0,41,"CHECKOUT (SN 88671137; RN 6078795; live; near-1; classes 035); CHECK-OUT (SN 88667872; live; near-1; classes 035,041,042); CHEEKS OUT (SN 88611595; RN 6223037; live; near-1; classes 003)"
356,focused_mutation,1,357,Fact Checked,0.0,PROVISIONAL PASS,No exact or edit-distance-one federal record found,0,0,0,0,
357,focused_mutation,1,358,Proof Checked,0.0,PROVISIONAL PASS,No exact or edit-distance-one federal record found,0,0,0,0,
358,focused_mutation,1,359,Claim Checked,0.0,PROVISIONAL PASS,No exact or edit-distance-one federal record found,0,0,0,0,
359,focused_mutation,1,360,Claim Check,0.0,AMBER - LIVE EXACT,Exact live hit; active classes appear outside core set or are missing,3,0,3,6,CLAIMCHECK (SN 87824599; RN 5639715; live; exact; classes 036); CLAIMCHECK (SN 85692596; RN 4312511; live; exact; classes 009); CLAIMCHECK (SN 73776449; RN 1583416; live; exact; classes 009)
360,focused_mutation,1,361,Rings True,0.0,AMBER - LIVE NEAR / RELEVANT,One-edit live hit in a relevant active class,0,1,1,5,RINGTRUE (SN 86688514; RN 5087661; live; near-1; classes 035); RINGS TRUE (SN 74334921; dead/unknown; exact); RING TRUE (SN 87456499; RN 5536832; dead/unknown; near-1)
361,focused_mutation,1,362,Holds True,0.0,YELLOW - LIVE NEAR,One-edit live hit outside the core active-class set,0,1,1,5,"HOLDTRUE (SN 98909918; RN 7920411; live; near-1; classes 014); HOLDS TRUE (SN 78665291; dead/unknown; exact; classes 006,009,016,020,021,028); HOLD TRUE (SN 87105017; RN 5675693; dead/unknown; near-1)"
362,focused_mutation,1,363,Stands True,0.0,YELLOW - LIVE NEAR,One-edit live hit outside the core active-class set,0,2,0,2,STAND TRUE (SN 97886668; live; near-1; classes 033); STAND TRUE (SN 87254236; RN 5236596; live; near-1; classes 025)
363,focused_mutation,1,364,Backed Up,0.0,AMBER - LIVE NEAR / RELEVANT,One-edit live hit in a relevant active class,0,13,0,30,"JACKED UP (SN 90769616; RN 7056351; live; near-1; classes 005,030); BUCKED UP (SN 86792503; RN 5142781; live; near-1; classes 005); RACKED UP (SN 99521549; live; near-1; classes 025)"
364,focused_mutation,1,365,Earns It,0.0,YELLOW - LIVE NEAR,One-edit live hit outside the core active-class set,0,5,0,15,EARN IT (SN 99771591; live; near-1; classes 025); EARNIT (SN 88760551; RN 6284484; live; near-1; classes 009); EARN IT (SN 88760556; RN 6284485; live; near-1; classes 009)
365,focused_mutation,1,366,Earned It,0.0,AMBER - LIVE NEAR / RELEVANT,One-edit live hit in a relevant active class,0,2,3,7,"U EARNED IT (SN 99774338; live; near-1; classes 035); EAR EDIT (SN 99203321; live; near-1; classes 014,044); EARNED IT. (SN 97096354; dead/unknown; exact; classes 024,025)"
366,focused_mutation,1,367,Proof Earned,0.0,PROVISIONAL PASS,No exact or edit-distance-one federal record found,0,0,0,0,
367,focused_mutation,1,368,Claims Earned,0.0,PROVISIONAL PASS,No exact or edit-distance-one federal record found,0,0,0,0,
368,focused_mutation,1,369,Every Choice,0.0,YELLOW - DEAD EXACT,Exact federal record exists but is coded dead/unknown,0,0,1,1,EVERY CHOICE (SN 86033728; RN 4501349; dead/unknown; exact)
369,focused_mutation,1,370,Chosen Well,0.0,RED - LIVE EXACT / RELEVANT,Exact live hit in a relevant active class,1,0,0,1,"CHOSENWELL (SN 99326115; live; exact; classes 041,044)"
370,focused_mutation,1,371,Well Chosen,0.0,YELLOW - DEAD EXACT,Exact federal record exists but is coded dead/unknown,0,0,1,1,WELL CHOSEN (SN 77053738; dead/unknown; exact; classes 035)
371,focused_mutation,1,372,Chosen for a Reason,0.0,PROVISIONAL PASS,No exact or edit-distance-one federal record found,0,0,0,0,
372,focused_mutation,1,373,No Pretense,0.0,PROVISIONAL PASS,No exact or edit-distance-one federal record found,0,0,0,0,
373,focused_mutation,1,374,No Theater,0.0,PROVISIONAL PASS,No exact or edit-distance-one federal record found,0,0,0,0,
374,focused_mutation,1,375,No Tricks,0.0,YELLOW - LIVE NEAR,One-edit live hit outside the core active-class set,0,2,0,6,NO TRACKS (SN 79377868; RN 7674042; live; near-1; classes 025); NO BRICKS (SN 88012380; RN 6059373; live; near-1; classes 025); NETRICKS (SN 99143278; dead/unknown; near-1; classes 042)
375,focused_mutation,1,376,No Fooling,0.0,PROVISIONAL PASS,Only dead/unknown one-edit records found,0,0,0,2,NO-FOOLIN' (SN 75036402; RN 2092047; dead/unknown; near-1); NO FOOLIN' (SN 73229252; RN 1180288; dead/unknown; near-1)
376,focused_mutation,1,377,Not Kidding,0.0,AMBER - LIVE NEAR / RELEVANT,One-edit live hit in a relevant active class,0,4,0,12,"NO SKIDDING (SN 75635905; RN 2439945; live; near-1; classes 002,003); NO SKIDDING (SN 97567780; RN 7283618; live; near-1; classes 027); NO SKIDDING (SN 85663965; RN 4333943; live; near-1; classes 001)"
377,focused_mutation,1,378,No Joke,0.0,AMBER - LIVE EXACT,Exact live hit; active classes appear outside core set or are missing,3,4,9,22,NO JOKE (SN 97518336; live; exact; classes 025); NOJOKE (SN 90431844; RN 6529329; live; exact; classes 009); NO JOKE (SN 88275162; RN 5849651; live; exact; classes 016)
378,focused_mutation,1,379,For Keeps,0.0,RED - LIVE EXACT / RELEVANT,Exact live hit in a relevant active class,7,2,11,24,"FOR KEEPS (SN 99414697; live; exact; classes 035); FORKEEPS (SN 98440994; live; exact; classes 028,035); FOR KEEPS (SN 99504383; live; exact; classes 016)"
379,focused_mutation,1,380,As Promised,0.0,AMBER - LIVE EXACT,Exact live hit; active classes appear outside core set or are missing,2,0,1,4,"AS PROMISED (SN 97846761; RN 7352997; live; exact; classes 016,041); AS PROMISED (SN 88130368; RN 6010849; live; exact; classes 016,041); ASPROMISED (SN 97269609; dead/unknown; exact; classes 025,035,041)"
380,focused_mutation,1,381,Promise Kept,0.0,YELLOW - LIVE NEAR,One-edit live hit outside the core active-class set,0,3,1,17,A PROMISE KEPT (SN 99496267; live; near-1; classes 041); PROMISES KEPT. (SN 99274064; live; near-1; classes 036); PROMISES KEPT (SN 97325102; RN 7177775; live; near-1; classes 033)
381,focused_mutation,1,382,Less Talk,0.0,AMBER - LIVE NEAR / RELEVANT,One-edit live hit in a relevant active class,0,10,1,49,"LET'S TALK (SN 88265927; RN 5945964; live; near-1; classes 035,042); LET'S TALK (SN 99451517; live; near-1; classes 042); LET'S TALK (SN 99161398; live; near-1; classes 042)"
382,focused_mutation,1,383,More Show,0.0,YELLOW - LIVE NEAR,One-edit live hit outside the core active-class set,0,2,0,2,FORE SHOW (SN 98499364; RN 7702861; live; near-1; classes 028); MORESNOW (SN 97204903; RN 6968769; live; near-1; classes 011)
383,focused_mutation,1,384,Less Claim,0.0,PROVISIONAL PASS,No exact or edit-distance-one federal record found,0,0,0,0,
384,focused_mutation,1,385,Proof Not Promise,0.0,AMBER - LIVE EXACT,Exact live hit; active classes appear outside core set or are missing,1,2,0,7,PROOF NOT PROMISE (SN 90114995; RN 6308052; live; exact; classes 025); PROOF. NOT PROMISES. (SN 98006283; RN 7707631; live; near-1; classes 011); PROOF NOT PROMISES (SN 75483439; RN 2228995; live; near-1; classes 042)
385,focused_mutation,1,386,Not Just Talk,0.0,AMBER - LIVE EXACT,Exact live hit; active classes appear outside core set or are missing,1,0,3,4,"NOT JUST TALK (SN 88685082; RN 6646967; live; exact; classes 009,041); NOT JUST TALK. (SN 76125975; dead/unknown; exact; classes 025); NOT JUST TALK (SN 76125978; dead/unknown; exact; classes 009)"
386,focused_mutation,1,387,More Than Talk,0.0,PROVISIONAL PASS,No exact or edit-distance-one federal record found,0,0,0,0,
387,focused_mutation,1,388,Straightforward,0.0,AMBER - LIVE EXACT,Exact live hit; active classes appear outside core set or are missing,1,0,7,8,STRAIGHT FORWARD (SN 98628891; RN 7752175; live; exact; classes 009); STRAIGHTFORWARD (SN 86556113; RN 4897498; dead/unknown; exact); STRAIGHTFORWARD (SN 76400206; RN 2692920; dead/unknown; exact)
388,focused_mutation,1,389,Level Set,0.0,RED - LIVE EXACT / RELEVANT,Exact live hit in a relevant active class,7,0,3,16,"LEVELSET (SN 98463363; live; exact; classes 005,031); LEVELSET (SN 99442224; live; exact; classes 012); LEVEL-SET (SN 99036724; RN 8328289; live; exact; classes 036)"
389,focused_mutation,1,390,Set Right,0.0,AMBER - LIVE EXACT,Exact live hit; active classes appear outside core set or are missing,2,9,1,29,"SET-RIGHT (SN 77666272; RN 3717844; live; exact; classes 012); SETRIGHT (SN 78573941; RN 3505270; live; exact; classes 028); PET RIGHT (SN 79350258; RN 7318190; live; near-1; classes 003,005)"
390,focused_mutation,1,391,Put Right,0.0,AMBER - LIVE NEAR / RELEVANT,One-edit live hit in a relevant active class,0,7,0,27,"CUTRIGHT (SN 99778140; live; near-1; classes 035); PET RIGHT (SN 79350258; RN 7318190; live; near-1; classes 003,005); GUT RIGHT (SN 87703904; RN 5539300; live; near-1; classes 005)"
391,focused_mutation,1,392,Right by You,0.0,AMBER - LIVE EXACT,Exact live hit; active classes appear outside core set or are missing,4,0,2,7,"RIGHT BY YOU (SN 97439561; RN 7106225; live; exact; classes 045); RIGHT BY YOU (SN 87373886; RN 5456587; live; exact; classes 036); RIGHT BY YOU (SN 85460895; RN 4167309; live; exact; classes 038,042)"
392,focused_mutation,1,393,Honest Work,0.0,AMBER - LIVE EXACT,Exact live hit; active classes appear outside core set or are missing,1,0,3,4,HONEST WORK (SN 98764744; RN 7817739; live; exact; classes 030); HONEST WORK (SN 98425981; dead/unknown; exact; classes 025); HONEST WORK (SN 86490237; dead/unknown; exact; classes 009)
393,focused_mutation,1,394,Open Work,0.0,RED - LIVE EXACT / RELEVANT,Exact live hit in a relevant active class,5,3,1,18,"OPENWORK (SN 99829608; live; exact; classes 009,035,041); OPENWORK (SN 79297282; RN 6383071; live; exact; classes 003,008); OPENWORK (SN 99598578; live; exact; classes 009)"
394,focused_mutation,1,395,Fair Work,0.0,YELLOW - LIVE NEAR,One-edit live hit outside the core active-class set,0,1,0,5,FAIRWORD (SN 99860500; live; near-1; classes 042); AIRWORK (SN 76624360; dead/unknown; near-1; classes 011); A AIRWORK (SN 76157671; RN 2519798; dead/unknown; near-1)
395,focused_mutation,1,396,Plain Work,0.0,YELLOW - LIVE NEAR,One-edit live hit outside the core active-class set,0,1,0,2,PLAIDWORK (SN 99159275; live; near-1; classes 037); (PLAIN·WORD) (SN 75093643; RN 2253932; dead/unknown; near-1)
396,focused_mutation,1,397,Good Work,0.0,AMBER - LIVE EXACT,Exact live hit; active classes appear outside core set or are missing,2,11,7,45,"GOODWORK (SN 97573182; RN 7683576; live; exact; classes 036,042); GOODWORK (SN 86025435; RN 4497538; live; exact; classes 036); WOODWORK (SN 99386248; RN 8187606; live; near-1; classes 005)"
397,focused_mutation,1,398,Exact Work,0.0,PROVISIONAL PASS,No exact or edit-distance-one federal record found,0,0,0,0,
398,focused_mutation,1,399,Sound Work,0.0,AMBER - LIVE NEAR / RELEVANT,One-edit live hit in a relevant active class,0,4,1,7,"FOUNDWORK (SN 87341701; RN 5602088; live; near-1; classes 035,041); SOUNDWORKS (SN 99105498; live; near-1; classes 041); SOUNDWORKS (SN 86921512; RN 5054403; live; near-1; classes 009)"
399,focused_mutation,1,400,Proofed,0.0,RED - LIVE EXACT / RELEVANT,Exact live hit in a relevant active class,2,4,3,14,PROOFED (SN 98089509; RN 7892853; live; exact; classes 003); PROOFED (SN 90538530; RN 6783849; live; exact; classes 041); PROOTED (SN 79452566; live; near-1; classes 003)
400,focused_mutation,1,401,Proofd,0.0,AMBER - LIVE NEAR / RELEVANT,One-edit live hit in a relevant active class,0,54,0,142,"PROOF (SN 99919209; live; near-1; classes 003); PROOF (SN 99813163; live; near-1; classes 035); PROOF (SN 99777760; live; near-1; classes 035,042)"
401,focused_mutation,1,402,PLNLY,0.0,YELLOW - LIVE NEAR,One-edit live hit outside the core active-class set,0,6,0,9,PANLY (SN 97911753; RN 7397639; live; near-1; classes 014); PANLY (SN 97911758; RN 7397642; live; near-1; classes 018); PANLY (SN 97911772; RN 7397646; live; near-1; classes 025)
402,focused_mutation,1,403,Meant,0.0,RED - LIVE EXACT / RELEVANT,Exact live hit in a relevant active class,4,38,2,93,MEANT (SN 99852902; live; exact; classes 044); MEANT (SN 99852917; live; exact; classes 005); MEANT (SN 88050714; RN 5709187; live; exact; classes 035)
403,focused_mutation,1,404,Shown,0.0,AMBER - LIVE NEAR / RELEVANT,One-edit live hit in a relevant active class,0,39,0,123,SHOW (SN 99607043; live; near-1; classes 044); SHOWIN (SN 99020344; RN 7975547; live; near-1; classes 021); SOWN (SN 98978481; RN 8338132; live; near-1; classes 003)
404,focused_mutation,1,405,Known,0.0,RED - LIVE EXACT / RELEVANT,Exact live hit in a relevant active class,14,39,11,146,"KNOWN (SN 98114814; RN 7548150; live; exact; classes 035,036,041); KNOWN (SN 97550154; RN 7484460; live; exact; classes 035,042); KNOWN (SN 97550170; RN 7484461; live; exact; classes 035,042)"
405,focused_mutation,1,406,No Blind Faith,0.0,PROVISIONAL PASS,No exact or edit-distance-one federal record found,0,0,0,0,
406,focused_mutation,1,407,Dont Believe Us,0.0,PROVISIONAL PASS,No exact or edit-distance-one federal record found,0,0,0,0,
407,focused_mutation,1,408,Ask for Proof,0.0,PROVISIONAL PASS,No exact or edit-distance-one federal record found,0,0,0,0,
408,focused_mutation,1,409,Demand Proof,0.0,PROVISIONAL PASS,No exact or edit-distance-one federal record found,0,0,0,0,
409,focused_mutation,1,410,Proof Required,0.0,PROVISIONAL PASS,No exact or edit-distance-one federal record found,0,0,0,0,
410,focused_mutation,1,411,Show Me,0.0,RED - LIVE EXACT / RELEVANT,Exact live hit in a relevant active class,11,14,31,85,"SHOW ME (SN 98519377; live; exact; classes 035,041,042); SHOW-ME (SN 79302317; RN 6886431; live; exact; classes 003,016,035); SHOW ME (SN 99429870; live; exact; classes 008)"
411,focused_mutation,1,412,See the Proof,0.0,PROVISIONAL PASS,Only dead/unknown one-edit records found,0,0,0,1,SEEK THE PROOF (SN 76536480; RN 2864671; dead/unknown; near-1)
412,focused_mutation,1,413,See Why,0.0,AMBER - LIVE NEAR / RELEVANT,One-edit live hit in a relevant active class,0,4,0,12,I SEE WHY (SN 99806650; live; near-1; classes 010); SEEWEY (SN 98915224; RN 8018264; live; near-1; classes 021); ISEEWHY (SN 99547481; live; near-1; classes 009)
413,focused_mutation,1,414,See How,0.0,AMBER - LIVE NEAR / RELEVANT,One-edit live hit in a relevant active class,0,7,0,18,SEEYOW (SN 99899783; live; near-1; classes 021); SEEHOM (SN 98257248; RN 7549236; live; near-1; classes 021); SEEHOM (SN 90503672; live; near-1; classes 021)
414,focused_mutation,1,415,Decide for Yourself,0.0,PROVISIONAL PASS,No exact or edit-distance-one federal record found,0,0,0,0,
415,focused_mutation,1,416,Your Own Mind,0.0,PROVISIONAL PASS,No exact or edit-distance-one federal record found,0,0,0,0,
416,focused_mutation,1,417,Better Judgment,0.0,YELLOW - DEAD EXACT,Exact federal record exists but is coded dead/unknown,0,0,2,2,BETTER JUDGMENT (SN 85569901; RN 4236975; dead/unknown; exact); BETTER JUDGMENT. (SN 85322970; dead/unknown; exact; classes 035)
417,focused_mutation,1,418,Good Judgment,0.0,RED - LIVE EXACT / RELEVANT,Exact live hit in a relevant active class,1,0,0,1,"GOOD JUDGMENT (SN 86699141; RN 4904895; live; exact; classes 035,041)"
418,focused_mutation,1,419,Judgment Call,0.0,PROVISIONAL PASS,No exact or edit-distance-one federal record found,0,0,0,0,
419,focused_mutation,1,420,Not on Faith,0.0,PROVISIONAL PASS,No exact or edit-distance-one federal record found,0,0,0,0,
420,focused_mutation,1,421,On Evidence,0.0,PROVISIONAL PASS,Only dead/unknown one-edit records found,0,0,0,1,NO EVIDENCE (SN 90451069; dead/unknown; near-1; classes 025)
421,focused_mutation,1,422,By Evidence,0.0,PROVISIONAL PASS,Only dead/unknown one-edit records found,0,0,0,1,EYEVIDENCE (SN 86761095; dead/unknown; near-1; classes 045)
422,focused_mutation,1,423,Based On,0.0,RED - LIVE EXACT / RELEVANT,Exact live hit in a relevant active class,1,1,1,4,BASEDON (SN 87782543; RN 5707535; live; exact; classes 035); BASIDON (SN 90174062; RN 6353926; live; near-1; classes 009); BASED ON (SN 87251313; RN 5822194; dead/unknown; exact)
423,focused_mutation,1,424,Well Backed,0.0,PROVISIONAL PASS,Only dead/unknown one-edit records found,0,0,0,1,WELL BAKED (SN 88127836; RN 5735828; dead/unknown; near-1)
424,focused_mutation,1,425,Can Prove It,0.0,PROVISIONAL PASS,Only dead/unknown one-edit records found,0,0,0,1,"ICANPROVEIT (SN 98786409; dead/unknown; near-1; classes 009,042)"
425,focused_mutation,1,426,Check Us,0.0,AMBER - LIVE NEAR / RELEVANT,One-edit live hit in a relevant active class,0,11,0,42,"CHECKUP (SN 98444013; RN 8103786; live; near-1; classes 005); CHECK´S (SN 79361877; RN 7369707; live; near-1; classes 005,030); CHECKUP (SN 90069390; RN 6423474; live; near-1; classes 005,010)"
426,focused_mutation,1,427,No Bluff,0.0,AMBER - LIVE NEAR / RELEVANT,One-edit live hit in a relevant active class,0,4,0,7,"NO FLUFF (SN 99465780; live; near-1; classes 035,042); NO FLUFF (SN 99204854; live; near-1; classes 005); NO FLUFF (SN 98540273; RN 7694582; live; near-1; classes 041)"
427,focused_mutation,1,428,Cards Face Up,0.0,PROVISIONAL PASS,No exact or edit-distance-one federal record found,0,0,0,0,
428,focused_mutation,1,429,In Daylight,0.0,PROVISIONAL PASS,No exact or edit-distance-one federal record found,0,0,0,0,
429,focused_mutation,1,430,Broad Daylight,0.0,RED - LIVE EXACT / RELEVANT,Exact live hit in a relevant active class,2,0,5,8,"BROAD DAYLIGHT (SN 88586605; RN 7347063; live; exact; classes 035); BROAD DAYLIGHT (SN 88234356; RN 5979394; live; exact; classes 035,041); BROAD DAYLIGHT (SN 90858138; dead/unknown; exact; classes 025)"
430,focused_mutation,1,431,Out in Front,0.0,RED - LIVE EXACT / RELEVANT,Exact live hit in a relevant active class,3,0,2,5,"OUT IN FRONT (SN 98199815; RN 7756126; live; exact; classes 035,039); OUT IN FRONT (SN 77064754; RN 3395488; live; exact; classes 035); OUT IN FRONT (SN 74309949; RN 2029058; live; exact; classes 036)"
431,focused_mutation,1,432,In the Open,0.0,YELLOW - DEAD EXACT,Exact federal record exists but is coded dead/unknown,0,0,2,2,"IN THE OPEN (SN 88824493; dead/unknown; exact; classes 041,043); IN THE OPEN (SN 71510277; RN 0515243; dead/unknown; exact)"
432,focused_mutation,1,433,Out in the Open,0.0,AMBER - LIVE EXACT,Exact live hit; active classes appear outside core set or are missing,1,0,1,2,"OUT IN THE OPEN (SN 97049540; RN 6899001; live; exact; classes 036,041); OUT IN THE OPEN (SN 86347794; dead/unknown; exact; classes 025)"
433,focused_mutation,1,434,Open Wide,0.0,RED - LIVE EXACT / RELEVANT,Exact live hit in a relevant active class,1,2,14,28,OPEN WIDE (SN 75832271; RN 2397765; live; exact; classes 010); OPEN TIDE (SN 99676360; live; near-1; classes 025); OPENWIRE (SN 78164492; RN 2837344; live; near-1; classes 009)
434,focused_mutation,1,435,All on the Page,0.0,PROVISIONAL PASS,No exact or edit-distance-one federal record found,0,0,0,0,
435,focused_mutation,1,436,On the Page,0.0,AMBER - LIVE EXACT,Exact live hit; active classes appear outside core set or are missing,1,0,0,1,ON THE PAGE (SN 78134061; RN 2693554; live; exact; classes 041)
436,focused_mutation,1,437,Page Proof,0.0,AMBER - LIVE EXACT,Exact live hit; active classes appear outside core set or are missing,1,0,1,7,PAGEPROOF (SN 86936518; RN 5056530; live; exact; classes 042); PAGEPROOF (SN 79168839; dead/unknown; exact); AGE PROOF (SN 90335367; dead/unknown; near-1; classes 005)
437,focused_mutation,1,438,Full List,0.0,YELLOW - LIVE NEAR,One-edit live hit outside the core active-class set,0,3,0,5,FULLLIT (SN 88949303; RN 6451566; live; near-1; classes 008); PULL LIST (SN 88573022; RN 6122684; live; near-1; classes 009); PULL LIST (SN 88573045; RN 6122685; live; near-1; classes 041)
438,focused_mutation,1,439,Open List,0.0,AMBER - LIVE NEAR / RELEVANT,One-edit live hit in a relevant active class,0,1,1,5,OPERLIST (SN 98606736; RN 8189265; live; near-1; classes 035); OPENLIST (SN 78560817; RN 3288689; dead/unknown; exact); OPENLIT (SN 99212564; dead/unknown; near-1; classes 042)
439,focused_mutation,1,440,List It,0.0,AMBER - LIVE EXACT,Exact live hit; active classes appear outside core set or are missing,1,17,8,48,LIST IT (SN 88819874; RN 6152755; live; exact; classes 041); LISWIT (SN 97592311; RN 7206026; live; near-1; classes 021); LISTKIT (SN 97577574; RN 7239832; live; near-1; classes 035)
