candidate_id,hit_type,distance,serial_no,registration_no,mark_id_char,filing_dt,status_cd,mark_norm,status_description,live_dead_indicator,is_live,active_classes,has_relevant_class
3,NEAR_1_SUBSTITUTION,1,98959416,7948496,PLEINLY,2025-01-14,700,pleinly,REGISTERED,Live/Registered,True,"016,018",False
3,NEAR_1_DELETION,1,90263837,6416816,LAINLY,2020-10-19,700,lainly,REGISTERED,Live/Registered,True,020,False
3,NEAR_1_SUBSTITUTION,1,97715815,,PLANNLY,2022-12-13,602,plannly,ABANDONED-FAILURE TO RESPOND OR LATE RESPONSE,Dead/Abandoned,False,042,False
4,EXACT,0,99199687,,PLAINSPOKEN,2025-05-23,730,plainspoken,FIRST EXTENSION - GRANTED,Live/Pending,True,041,False
4,NEAR_1_SUBSTITUTION,1,99650809,,PLEINSPOKEN,2026-02-12,641,pleinspoken,NON-FINAL ACTION - MAILED,Live/Pending,True,,False
4,NEAR_1_DELETION,1,87755322,5608595,PLAIN SPOKE,2018-01-15,701,plainspoke,SECTION 8-ACCEPTED,Live/Registered,True,033,False
5,EXACT,0,99130968,8092952,OUTRIGHT,2025-04-10,700,outright,REGISTERED,Live/Registered,True,001,False
5,EXACT,0,87664583,5623922,OUTRIGHT,2017-10-30,702,outright,SECTION 8 & 15-ACCEPTED AND ACKNOWLEDGED,Live/Registered,True,008,False
5,EXACT,0,87375936,5476697,OUTRIGHT,2017-03-17,702,outright,SECTION 8 & 15-ACCEPTED AND ACKNOWLEDGED,Live/Registered,True,009,False
5,EXACT,0,85821240,4881901,OUTRIGHT,2013-01-11,800,outright,REGISTERED AND RENEWED,Live/Registered,True,006,False
5,EXACT,0,90535957,,OUTRIGHT,2021-02-19,606,outright,ABANDONED - NO STATEMENT OF USE FILED,Dead/Abandoned,False,003,True
5,EXACT,0,88058531,,OUTRIGHT,2018-07-30,602,outright,ABANDONED-FAILURE TO RESPOND OR LATE RESPONSE,Dead/Abandoned,False,035,True
5,EXACT,0,86879231,,OUTRIGHT,2016-01-19,602,outright,ABANDONED-FAILURE TO RESPOND OR LATE RESPONSE,Dead/Abandoned,False,039,False
5,EXACT,0,85682631,4341402,OUTRIGHT.,2012-07-20,710,outright,CANCELLED - SECTION 8,Dead/Cancelled,False,,False
5,EXACT,0,85682644,,OUTRIGHT.,2012-07-20,606,outright,ABANDONED - NO STATEMENT OF USE FILED,Dead/Abandoned,False,009,False
5,EXACT,0,77940119,4039190,OUTRIGHT,2010-02-19,710,outright,CANCELLED - SECTION 8,Dead/Cancelled,False,,False
5,EXACT,0,77654729,4183583,OUTRIGHT,2009-01-22,710,outright,CANCELLED - SECTION 8,Dead/Cancelled,False,,False
5,EXACT,0,77981923,3986736,OUTRIGHT,2009-01-22,710,outright,CANCELLED - SECTION 8,Dead/Cancelled,False,,False
5,EXACT,0,76222009,2510342,OUTRIGHT,2001-03-09,710,outright,CANCELLED - SECTION 8,Dead/Cancelled,False,,False
5,EXACT,0,76222802,2512606,OUTRIGHT,2001-03-09,710,outright,CANCELLED - SECTION 8,Dead/Cancelled,False,,False
5,EXACT,0,76130518,2653332,OUTRIGHT,2000-09-18,710,outright,CANCELLED - SECTION 8,Dead/Cancelled,False,,False
5,EXACT,0,73664109,1637323,OUTRIGHT,1987-06-01,710,outright,CANCELLED - SECTION 8,Dead/Cancelled,False,,False
5,EXACT,0,73664110,1649907,OUTRIGHT,1987-06-01,710,outright,CANCELLED - SECTION 8,Dead/Cancelled,False,,False
5,EXACT,0,73664111,1647149,OUTRIGHT,1987-06-01,710,outright,CANCELLED - SECTION 8,Dead/Cancelled,False,,False
5,EXACT,0,73664112,1636631,OUTRIGHT,1987-06-01,710,outright,CANCELLED - SECTION 8,Dead/Cancelled,False,,False
5,EXACT,0,73606255,1460530,OUTRIGHT,1986-06-25,711,outright,CANCELLED - SECTION 7,Dead/Cancelled,False,,False
5,NEAR_1_SUBSTITUTION,1,99778140,,CUTRIGHT,2026-04-21,630,cutright,NEW APPLICATION - RECORD INITIALIZED NOT ASSIGNED TO EXAMINER,Live/Pending,True,035,True
5,NEAR_1_SUBSTITUTION,1,79268955,6066367,OUTSIGHT,2019-07-24,700,outsight,REGISTERED,Live/Registered,True,009,False
5,NEAR_1_SUBSTITUTION,1,87703904,5539300,GUT RIGHT,2017-11-30,705,gutright,PARTIAL SECTION 8 & 15 ACCEPTED AND ACKNOWLEDGED,Live/Registered,True,005,True
5,NEAR_1_INSERTION,1,87824717,5605527,OUTBRIGHT,2018-03-07,710,outbright,CANCELLED - SECTION 8,Dead/Cancelled,False,,False
5,NEAR_1_SUBSTITUTION,1,86822410,5718690,OUTSIGHT,2015-11-17,710,outsight,CANCELLED - SECTION 8,Dead/Cancelled,False,,False
5,NEAR_1_SUBSTITUTION,1,77865763,3884147,OPTRIGHT,2009-11-05,710,optright,CANCELLED - SECTION 8,Dead/Cancelled,False,,False
5,NEAR_1_SUBSTITUTION,1,76144107,2889514,OUTSIGHT,2000-10-10,710,outsight,CANCELLED - SECTION 8,Dead/Cancelled,False,,False
5,NEAR_1_SUBSTITUTION,1,75335448,2322171,OUTSIGHT,1997-08-04,710,outsight,CANCELLED - SECTION 8,Dead/Cancelled,False,,False
6,EXACT,0,99490628,8284638,FORTHRIGHT,2025-11-11,700,forthright,REGISTERED,Live/Registered,True,045,False
6,EXACT,0,90294056,6559134,FORTHRIGHT,2020-11-02,700,forthright,REGISTERED,Live/Registered,True,035,True
6,EXACT,0,88041529,5735545,FORTHRIGHT,2018-07-17,702,forthright,SECTION 8 & 15-ACCEPTED AND ACKNOWLEDGED,Live/Registered,True,033,False
6,EXACT,0,87794054,5613668,FORTHRIGHT,2018-02-12,701,forthright,SECTION 8-ACCEPTED,Live/Registered,True,033,False
6,EXACT,0,87586224,6064605,FORTHRIGHT,2017-08-28,702,forthright,SECTION 8 & 15-ACCEPTED AND ACKNOWLEDGED,Live/Registered,True,"035,042",True
6,EXACT,0,87586240,6064606,FORTH RIGHT,2017-08-28,700,forthright,REGISTERED,Live/Registered,True,"035,042",True
6,EXACT,0,77411049,4275989,FORTHRIGHT,2008-03-03,800,forthright,REGISTERED AND RENEWED,Live/Registered,True,"035,041,045",True
6,EXACT,0,77411226,4275991,FORTHRIGHT,2008-03-03,800,forthright,REGISTERED AND RENEWED,Live/Registered,True,"035,041,045",True
6,EXACT,0,90037741,,FORTHRIGHT,2020-07-06,605,forthright,ABANDONED EXPRESS AFTER PUB,Dead/Abandoned,False,,False
6,EXACT,0,88042944,5690681,FORTHRIGHT,2018-07-18,710,forthright,CANCELLED - SECTION 8,Dead/Cancelled,False,,False
6,EXACT,0,78270333,2973490,FORTHRIGHT,2003-07-03,710,forthright,CANCELLED - SECTION 8,Dead/Cancelled,False,,False
6,NEAR_1_SUBSTITUTION,1,88823803,6298212,WORTHRIGHT,2020-03-06,700,worthright,REGISTERED,Live/Registered,True,036,False
6,NEAR_1_DELETION,1,86832571,5219329,FORTHRIHT,2015-11-25,710,forthriht,CANCELLED - SECTION 8,Dead/Cancelled,False,,False
7,EXACT,0,99671609,,ABOVE BOARD,2026-02-26,681,aboveboard,PUBLICATION/ISSUE REVIEW COMPLETE,Live/Pending,True,"003,021",True
7,EXACT,0,97718874,7666184,ABOVE BOARD,2022-12-15,700,aboveboard,REGISTERED,Live/Registered,True,"035,041,042",True
7,EXACT,0,90197068,6623623,ABOVE BOARD,2020-09-21,700,aboveboard,REGISTERED,Live/Registered,True,"009,041,045",False
7,EXACT,0,86870258,5903443,ABOVEBOARD,2016-01-08,700,aboveboard,REGISTERED,Live/Registered,True,"036,042",False
7,EXACT,0,86215811,4650507,ABOVE BOARD,2014-03-10,800,aboveboard,REGISTERED AND RENEWED,Live/Registered,True,041,False
7,EXACT,0,99131075,,ABOVE BOARD,2025-04-10,606,aboveboard,ABANDONED - NO STATEMENT OF USE FILED,Dead/Abandoned,False,"030,033",False
7,EXACT,0,99131126,,ABOVE BOARD,2025-04-10,606,aboveboard,ABANDONED - NO STATEMENT OF USE FILED,Dead/Abandoned,False,"030,033",False
7,EXACT,0,87654051,5490841,ABOVEBOARD,2017-10-20,710,aboveboard,CANCELLED - SECTION 8,Dead/Cancelled,False,,False
7,EXACT,0,75082762,,ABOVE BOARD,1996-04-02,602,aboveboard,ABANDONED-FAILURE TO RESPOND OR LATE RESPONSE,Dead/Abandoned,False,,False
7,EXACT,0,75062212,2030253,ABOVE BOARD,1996-02-23,710,aboveboard,CANCELLED - SECTION 8,Dead/Cancelled,False,,False
7,NEAR_1_INSERTION,1,85168672,4136363,ABOVEBOARDS,2010-11-03,710,aboveboards,CANCELLED - SECTION 8,Dead/Cancelled,False,,False
7,NEAR_1_INSERTION,1,73074197,1106267,ABOVEBOARDS,1976-01-14,710,aboveboards,CANCELLED - SECTION 8,Dead/Cancelled,False,,False
8,EXACT,0,88660617,6383345,DIRECTLY,2019-10-18,700,directly,REGISTERED,Live/Registered,True,"009,042",False
8,EXACT,0,86967473,,DIRECT.LY,2016-04-07,602,directly,ABANDONED-FAILURE TO RESPOND OR LATE RESPONSE,Dead/Abandoned,False,"009,038",False
8,EXACT,0,86092761,,DIRECT.LY,2013-10-16,602,directly,ABANDONED-FAILURE TO RESPOND OR LATE RESPONSE,Dead/Abandoned,False,009,False
8,EXACT,0,85786602,4724210,DIRECTLY,2012-11-26,710,directly,CANCELLED - SECTION 8,Dead/Cancelled,False,,False
8,NEAR_1_DELETION,1,99029585,7983249,DIRECLY,2025-02-05,700,direcly,REGISTERED,Live/Registered,True,"035,042",True
8,NEAR_1_DELETION,1,99028225,7976354,DIRECLY,2025-02-04,700,direcly,REGISTERED,Live/Registered,True,"035,042",True
8,NEAR_1_INSERTION,1,98402919,7620526,ADIRECTLY,2024-02-13,700,adirectly,REGISTERED,Live/Registered,True,035,True
8,NEAR_1_INSERTION,1,98090118,8223539,DIRECT PLY,2023-07-18,700,directply,REGISTERED,Live/Registered,True,"006,019",False
8,NEAR_1_SUBSTITUTION,1,85112002,,DIRECTLI,2010-08-20,606,directli,ABANDONED - NO STATEMENT OF USE FILED,Dead/Abandoned,False,025,False
9,EXACT,0,74732476,2085317,EXACTLY,1995-09-25,800,exactly,REGISTERED AND RENEWED,Live/Registered,True,014,False
9,EXACT,0,86887106,,EXACTLY,2016-01-26,606,exactly,ABANDONED - NO STATEMENT OF USE FILED,Dead/Abandoned,False,033,False
9,EXACT,0,76083290,,EXACTLY,2000-07-05,606,exactly,ABANDONED - NO STATEMENT OF USE FILED,Dead/Abandoned,False,005,True
9,EXACT,0,75790634,,EXACTLY!,1999-09-02,602,exactly,ABANDONED-FAILURE TO RESPOND OR LATE RESPONSE,Dead/Abandoned,False,009,False
9,EXACT,0,75192367,2165225,EXACTLY,1996-11-04,710,exactly,CANCELLED - SECTION 8,Dead/Cancelled,False,,False
9,EXACT,0,75094558,,EXACTLY,1996-04-26,602,exactly,ABANDONED-FAILURE TO RESPOND OR LATE RESPONSE,Dead/Abandoned,False,,False
9,EXACT,0,74635509,,EXACTLY!,1995-02-17,602,exactly,ABANDONED-FAILURE TO RESPOND OR LATE RESPONSE,Dead/Abandoned,False,,False
9,EXACT,0,74068916,,EXACTLY,1990-06-14,606,exactly,ABANDONED - NO STATEMENT OF USE FILED,Dead/Abandoned,False,,False
9,NEAR_1_DELETION,1,98550470,,XACTLY,2024-05-14,730,xactly,FIRST EXTENSION - GRANTED,Live/Pending,True,042,False
9,NEAR_1_DELETION,1,98374374,,XACTLY,2024-01-24,654,xactly,REPORT COMPLETED SUSPENSION CHECK - CASE STILL SUSPENDED,Live/Pending,True,"003,005",True
9,NEAR_1_INSERTION,1,97836486,,EXACTLYU,2023-03-13,654,exactlyu,REPORT COMPLETED SUSPENSION CHECK - CASE STILL SUSPENDED,Live/Pending,True,028,False
9,NEAR_1_SUBSTITUTION,1,90569317,6628209,NXACTLY,2021-03-09,700,nxactly,REGISTERED,Live/Registered,True,014,False
9,NEAR_1_SUBSTITUTION,1,90098377,6570469,RXACTLY,2020-08-06,700,rxactly,REGISTERED,Live/Registered,True,005,True
9,NEAR_1_DELETION,1,88795352,7006677,XACTLY,2020-02-12,700,xactly,REGISTERED,Live/Registered,True,"001,009,042,044",True
9,NEAR_1_INSERTION,1,79212703,5477797,EXAACTLY,2017-02-22,739,exaactly,Section 71 & 15 ACCEPTED AND ACKNOWLEDGED,Live/Registered,True,035,True
9,NEAR_1_DELETION,1,87132059,5302960,XACTLY,2016-08-09,702,xactly,SECTION 8 & 15-ACCEPTED AND ACKNOWLEDGED,Live/Registered,True,"035,041,042",True
9,NEAR_1_DELETION,1,86120699,4619920,XACTLY,2013-11-15,800,xactly,REGISTERED AND RENEWED,Live/Registered,True,"035,041,042",True
9,NEAR_1_DELETION,1,78593317,3336124,XACTLY,2005-03-23,800,xactly,REGISTERED AND RENEWED,Live/Registered,True,042,False
9,NEAR_1_INSERTION,1,97112769,,XEXACTLY!!,2021-11-08,602,xexactly,ABANDONED-FAILURE TO RESPOND OR LATE RESPONSE,Dead/Abandoned,False,025,False
9,NEAR_1_SUBSTITUTION,1,87866195,,X XACTLY,2018-04-06,604,xxactly,ABANDONED - AFTER INTER-PARTES DECISION,Dead/Abandoned,False,,False
9,NEAR_1_SUBSTITUTION,1,87980235,,X XACTLY,2018-04-06,602,xxactly,ABANDONED-FAILURE TO RESPOND OR LATE RESPONSE,Dead/Abandoned,False,"009,021",True
9,NEAR_1_INSERTION,1,86542440,,EXACTLYU,2015-02-23,606,exactlyu,ABANDONED - NO STATEMENT OF USE FILED,Dead/Abandoned,False,"016,025",False
9,NEAR_1_INSERTION,1,86979992,5043004,EXACTLYU,2015-02-23,710,exactlyu,CANCELLED - SECTION 8,Dead/Cancelled,False,,False
9,NEAR_1_DELETION,1,85520990,,EXACLY,2012-01-20,602,exacly,ABANDONED-FAILURE TO RESPOND OR LATE RESPONSE,Dead/Abandoned,False,"035,042",True
9,NEAR_1_INSERTION,1,78204920,,EXZACTLY,2003-01-20,602,exzactly,ABANDONED-FAILURE TO RESPOND OR LATE RESPONSE,Dead/Abandoned,False,025,False
9,NEAR_1_DELETION,1,74320693,1836235,XACTLY,1992-10-06,710,xactly,CANCELLED - SECTION 8,Dead/Cancelled,False,,False
10,NEAR_1_INSERTION,1,98592113,,SPECIFIC ALLEY,2024-06-09,973,specificalley,SUSPENDED PENDING ADMINISTRATIVE REVIEW,Live/Pending,True,020,False
10,NEAR_1_SUBSTITUTION,1,75883263,,SPACIFICALLY,1999-12-29,606,spacifically,ABANDONED - NO STATEMENT OF USE FILED,Dead/Abandoned,False,035,True
11,EXACT,0,97649418,7324047,MATTER OF FACT,2022-10-26,700,matteroffact,REGISTERED,Live/Registered,True,003,True
11,EXACT,0,90381758,7227184,MATTER OF FACT,2020-12-14,700,matteroffact,REGISTERED,Live/Registered,True,032,False
11,EXACT,0,88117670,6583873,MATTER OF FACT,2018-09-14,700,matteroffact,REGISTERED,Live/Registered,True,003,True
11,EXACT,0,86728076,5083327,MATTER OF FACT,2015-08-18,702,matteroffact,SECTION 8 & 15-ACCEPTED AND ACKNOWLEDGED,Live/Registered,True,041,False
11,EXACT,0,85632373,4272084,MATTER OF FACT,2012-05-22,800,matteroffact,REGISTERED AND RENEWED,Live/Registered,True,028,False
11,EXACT,0,77806122,4027434,MATTER OF FACT,2009-08-17,710,matteroffact,CANCELLED - SECTION 8,Dead/Cancelled,False,,False
11,EXACT,0,78726688,3420139,MATTER OF FACT,2005-10-05,710,matteroffact,CANCELLED - SECTION 8,Dead/Cancelled,False,,False
11,EXACT,0,75142134,,MATTER OF FACT,1996-07-30,602,matteroffact,ABANDONED-FAILURE TO RESPOND OR LATE RESPONSE,Dead/Abandoned,False,,False
11,NEAR_1_INSERTION,1,74227395,1772625,A MATTER OF FACT,1991-12-05,710,amatteroffact,CANCELLED - SECTION 8,Dead/Cancelled,False,,False
11,NEAR_1_INSERTION,1,74197555,1796136,A MATTER OF FACT,1991-08-23,710,amatteroffact,CANCELLED - SECTION 8,Dead/Cancelled,False,,False
12,EXACT,0,86117033,4696938,INFACT,2013-11-12,710,infact,CANCELLED - SECTION 8,Dead/Cancelled,False,,False
12,EXACT,0,85099936,3940628,INFACT,2010-08-04,710,infact,CANCELLED - SECTION 8,Dead/Cancelled,False,,False
12,EXACT,0,77852089,3793069,INFACT,2009-10-19,710,infact,CANCELLED - SECTION 8,Dead/Cancelled,False,,False
12,EXACT,0,77665797,3669272,INFACT,2009-02-08,710,infact,CANCELLED - SECTION 8,Dead/Cancelled,False,,False
12,EXACT,0,78586757,3135235,INFACT,2005-03-14,710,infact,CANCELLED - SECTION 8,Dead/Cancelled,False,,False
12,EXACT,0,79004590,,INFACT,2004-04-30,402,infact,IR CANCELLED; US APPLICATION ABANDONED,Dead/Abandoned,False,,False
12,EXACT,0,76343549,2765235,INFACT,2001-12-03,710,infact,CANCELLED - SECTION 8,Dead/Cancelled,False,,False
12,EXACT,0,76342600,2730385,INFACT,2001-11-28,710,infact,CANCELLED - SECTION 8,Dead/Cancelled,False,,False
12,EXACT,0,76342618,2697358,INFACT,2001-11-28,710,infact,CANCELLED - SECTION 8,Dead/Cancelled,False,,False
12,EXACT,0,76342619,2692504,INFACT,2001-11-28,710,infact,CANCELLED - SECTION 8,Dead/Cancelled,False,,False
12,EXACT,0,76342624,2730386,INFACT,2001-11-28,710,infact,CANCELLED - SECTION 8,Dead/Cancelled,False,,False
12,EXACT,0,75604148,,INFACT,1998-12-09,606,infact,ABANDONED - NO STATEMENT OF USE FILED,Dead/Abandoned,False,009,False
12,EXACT,0,75604160,,INFACT,1998-12-09,606,infact,ABANDONED - NO STATEMENT OF USE FILED,Dead/Abandoned,False,009,False
12,EXACT,0,74145963,1677760,IN FACT,1991-03-11,710,infact,CANCELLED - SECTION 8,Dead/Cancelled,False,,False
12,EXACT,0,73636427,1492934,INF*ACT,1986-12-22,710,infact,CANCELLED - SECTION 8,Dead/Cancelled,False,,False
12,EXACT,0,73596159,1415867,IN FACT,1986-04-23,710,infact,CANCELLED - SECTION 8,Dead/Cancelled,False,,False
12,EXACT,0,72354994,0914536,INF*ACT,1970-03-25,710,infact,CANCELLED - SECTION 8,Dead/Cancelled,False,,False
12,EXACT,0,72291401,0863925,INFACT,1968-02-19,900,infact,EXPIRED,Dead/Expired,False,,False
12,NEAR_1_SUBSTITUTION,1,99738248,,INTACT,2026-04-01,680,intact,APPROVED FOR PUBLICATION,Live/Pending,True,042,False
12,NEAR_1_SUBSTITUTION,1,99729734,,INFAST,2026-03-27,630,infast,NEW APPLICATION - RECORD INITIALIZED NOT ASSIGNED TO EXAMINER,Live/Pending,True,"006,007,008,009",False
12,NEAR_1_SUBSTITUTION,1,99629220,,INTACT,2026-02-02,641,intact,NON-FINAL ACTION - MAILED,Live/Pending,True,021,True
12,NEAR_1_SUBSTITUTION,1,79412676,8035756,INFACO,2024-11-21,700,infaco,REGISTERED,Live/Registered,True,"008,009",False
12,NEAR_1_SUBSTITUTION,1,98794269,,INTACT,2024-10-10,819,intact,SU - REGISTRATION REVIEW COMPLETE,Live/Pending,True,015,False
12,NEAR_1_SUBSTITUTION,1,98113362,7546247,INFAST,2023-08-02,700,infast,REGISTERED,Live/Registered,True,005,True
12,NEAR_1_SUBSTITUTION,1,79320694,6903413,IN.PACT,2021-08-10,700,inpact,REGISTERED,Live/Registered,True,010,True
12,NEAR_1_SUBSTITUTION,1,90512224,6547686,INFACE,2021-02-05,700,inface,REGISTERED,Live/Registered,True,021,True
12,NEAR_1_SUBSTITUTION,1,90512204,6547685,INFACE,2021-02-04,700,inface,REGISTERED,Live/Registered,True,008,False
12,NEAR_1_SUBSTITUTION,1,90512218,6576484,INFACE,2021-02-04,700,inface,REGISTERED,Live/Registered,True,010,True
12,NEAR_1_INSERTION,1,90082322,6288600,INNFACT,2020-07-30,700,innfact,REGISTERED,Live/Registered,True,009,False
12,NEAR_1_SUBSTITUTION,1,88732142,6280122,INTACT,2019-12-18,700,intact,REGISTERED,Live/Registered,True,"035,036,037,039",True
12,NEAR_1_SUBSTITUTION,1,88594559,6186291,INTACT,2019-08-27,700,intact,REGISTERED,Live/Registered,True,006,False
12,NEAR_1_INSERTION,1,87793065,5565540,VINFACT,2018-02-10,701,vinfact,SECTION 8-ACCEPTED,Live/Registered,True,025,False
12,NEAR_1_SUBSTITUTION,1,87472392,5602345,INTACT,2017-06-01,702,intact,SECTION 8 & 15-ACCEPTED AND ACKNOWLEDGED,Live/Registered,True,003,True
12,NEAR_1_SUBSTITUTION,1,86829471,4997823,IN/PACT,2015-11-23,705,inpact,PARTIAL SECTION 8 & 15 ACCEPTED AND ACKNOWLEDGED,Live/Registered,True,042,False
12,NEAR_1_SUBSTITUTION,1,86829478,5007130,IN/PACT,2015-11-23,705,inpact,PARTIAL SECTION 8 & 15 ACCEPTED AND ACKNOWLEDGED,Live/Registered,True,042,False
12,NEAR_1_SUBSTITUTION,1,86765181,5205583,INTACT,2015-09-23,701,intact,SECTION 8-ACCEPTED,Live/Registered,True,011,False
12,NEAR_1_SUBSTITUTION,1,79159439,4910804,INFACO,2014-11-26,706,infaco,SECTION 71 ACCEPTED,Live/Registered,True,007,False
12,NEAR_1_DELETION,1,79159770,4783986,INFAT,2014-10-21,706,infat,SECTION 71 ACCEPTED,Live/Registered,True,005,True
12,NEAR_1_SUBSTITUTION,1,85099928,3940627,ENFACT,2010-08-04,800,enfact,REGISTERED AND RENEWED,Live/Registered,True,045,False
12,NEAR_1_SUBSTITUTION,1,77795497,4057951,INTACT,2009-08-03,800,intact,REGISTERED AND RENEWED,Live/Registered,True,"035,036",True
12,NEAR_1_SUBSTITUTION,1,77580312,3694951,INTACT,2008-09-26,800,intact,REGISTERED AND RENEWED,Live/Registered,True,"042,045",False
12,NEAR_1_SUBSTITUTION,1,78434215,3720032,INTACT,2004-06-11,800,intact,REGISTERED AND RENEWED,Live/Registered,True,021,True
12,NEAR_1_SUBSTITUTION,1,79002125,3093342,INFACE,2004-04-20,707,inface,PARTIAL SECTION 71 ACCEPTED,Live/Registered,True,009,False
12,NEAR_1_SUBSTITUTION,1,75659667,2453798,INPACT,1999-03-12,800,inpact,REGISTERED AND RENEWED,Live/Registered,True,006,False
12,NEAR_1_SUBSTITUTION,1,75339516,2185927,INTACT,1997-07-15,800,intact,REGISTERED AND RENEWED,Live/Registered,True,028,False
12,NEAR_1_SUBSTITUTION,1,74734734,2025185,INTACT,1995-09-27,800,intact,REGISTERED AND RENEWED,Live/Registered,True,009,False
12,NEAR_1_SUBSTITUTION,1,74692296,2107635,INPACT,1995-06-23,800,inpact,REGISTERED AND RENEWED,Live/Registered,True,035,True
12,NEAR_1_SUBSTITUTION,1,98905164,,INFAST,2024-12-16,602,infast,ABANDONED-FAILURE TO RESPOND OR LATE RESPONSE,Dead/Abandoned,False,"006,007,008,009",False
12,NEAR_1_DELETION,1,97257298,,INFAT,2022-02-08,606,infat,ABANDONED - NO STATEMENT OF USE FILED,Dead/Abandoned,False,005,True
12,NEAR_1_SUBSTITUTION,1,79335491,,INTACT,2021-06-08,602,intact,ABANDONED-FAILURE TO RESPOND OR LATE RESPONSE,Dead/Abandoned,False,"006,009,019,035",True
12,NEAR_1_SUBSTITUTION,1,88288336,5834330,INTACT,2019-02-04,710,intact,CANCELLED - SECTION 8,Dead/Cancelled,False,,False
12,NEAR_1_SUBSTITUTION,1,87547559,,INT:ACT,2017-07-28,606,intact,ABANDONED - NO STATEMENT OF USE FILED,Dead/Abandoned,False,010,True
12,NEAR_1_SUBSTITUTION,1,87389419,5548355,INTACT,2017-03-28,710,intact,CANCELLED - SECTION 8,Dead/Cancelled,False,,False
12,NEAR_1_SUBSTITUTION,1,79202573,5398515,INFALT,2016-11-02,709,infalt,CANCELLED SECTION 71,Dead/Cancelled,False,,False
12,NEAR_1_SUBSTITUTION,1,87155519,5235458,INTACT,2016-08-30,710,intact,CANCELLED - SECTION 8,Dead/Cancelled,False,,False
12,NEAR_1_SUBSTITUTION,1,79195579,5331947,INTACT,2016-06-17,709,intact,CANCELLED SECTION 71,Dead/Cancelled,False,,False
12,NEAR_1_SUBSTITUTION,1,87004214,5287228,INTACT,2016-04-18,710,intact,CANCELLED - SECTION 8,Dead/Cancelled,False,,False
12,NEAR_1_SUBSTITUTION,1,86861760,,ENFACT,2015-12-30,606,enfact,ABANDONED - NO STATEMENT OF USE FILED,Dead/Abandoned,False,010,True
12,NEAR_1_SUBSTITUTION,1,86477606,5590538,INTACT,2014-12-11,710,intact,CANCELLED - SECTION 8,Dead/Cancelled,False,,False
12,NEAR_1_SUBSTITUTION,1,86453609,4894278,INTACT,2014-11-13,710,intact,CANCELLED - SECTION 8,Dead/Cancelled,False,,False
12,NEAR_1_SUBSTITUTION,1,79074790,3864435,IN.PACT,2009-06-19,404,inpact,IR CANCELLED; US REGISTRATION CANCELLED,Dead/Cancelled,False,,False
12,NEAR_1_SUBSTITUTION,1,77435302,,INTACT,2008-03-31,606,intact,ABANDONED - NO STATEMENT OF USE FILED,Dead/Abandoned,False,009,False
12,NEAR_1_DELETION,1,78949526,3912402,I-FACT,2006-08-10,710,ifact,CANCELLED - SECTION 8,Dead/Cancelled,False,,False
12,NEAR_1_DELETION,1,78949534,3912403,I-FACT,2006-08-10,710,ifact,CANCELLED - SECTION 8,Dead/Cancelled,False,,False
12,NEAR_1_SUBSTITUTION,1,78811068,,IQFACT,2006-02-09,602,iqfact,ABANDONED-FAILURE TO RESPOND OR LATE RESPONSE,Dead/Abandoned,False,,False
12,NEAR_1_SUBSTITUTION,1,78766909,,IN-TACT,2005-12-05,606,intact,ABANDONED - NO STATEMENT OF USE FILED,Dead/Abandoned,False,028,False
12,NEAR_1_SUBSTITUTION,1,78711136,3220764,INTACT,2005-09-12,710,intact,CANCELLED - SECTION 8,Dead/Cancelled,False,,False
12,NEAR_1_SUBSTITUTION,1,78696093,3850119,INTACT,2005-08-19,710,intact,CANCELLED - SECTION 8,Dead/Cancelled,False,,False
12,NEAR_1_DELETION,1,78625241,3492620,INFAT,2005-05-09,710,infat,CANCELLED - SECTION 8,Dead/Cancelled,False,,False
12,NEAR_1_SUBSTITUTION,1,78589298,,INZACT,2005-03-17,602,inzact,ABANDONED-FAILURE TO RESPOND OR LATE RESPONSE,Dead/Abandoned,False,"009,010",True
12,NEAR_1_SUBSTITUTION,1,78448434,,INPACT,2004-07-09,606,inpact,ABANDONED - NO STATEMENT OF USE FILED,Dead/Abandoned,False,"009,016",False
12,NEAR_1_SUBSTITUTION,1,78432017,,INFANT!,2004-06-08,602,infant,ABANDONED-FAILURE TO RESPOND OR LATE RESPONSE,Dead/Abandoned,False,020,False
12,NEAR_1_INSERTION,1,78385879,2975943,INFACTA,2004-03-17,710,infacta,CANCELLED - SECTION 8,Dead/Cancelled,False,,False
12,NEAR_1_SUBSTITUTION,1,76565144,2965904,INFAST,2003-12-15,710,infast,CANCELLED - SECTION 8,Dead/Cancelled,False,,False
12,NEAR_1_SUBSTITUTION,1,76548024,3059301,IN-TACT,2003-09-29,710,intact,CANCELLED - SECTION 8,Dead/Cancelled,False,,False
12,NEAR_1_SUBSTITUTION,1,78301615,2928761,INTACT,2003-09-17,710,intact,CANCELLED - SECTION 8,Dead/Cancelled,False,,False
12,NEAR_1_SUBSTITUTION,1,78137157,,INPACT,2002-06-19,606,inpact,ABANDONED - NO STATEMENT OF USE FILED,Dead/Abandoned,False,035,True
12,NEAR_1_SUBSTITUTION,1,76223048,,INTACT,2001-03-12,602,intact,ABANDONED-FAILURE TO RESPOND OR LATE RESPONSE,Dead/Abandoned,False,017,False
12,NEAR_1_SUBSTITUTION,1,76197448,,INTACT,2001-01-22,606,intact,ABANDONED - NO STATEMENT OF USE FILED,Dead/Abandoned,False,001,False
12,NEAR_1_SUBSTITUTION,1,76129037,,INTACT,2000-09-14,606,intact,ABANDONED - NO STATEMENT OF USE FILED,Dead/Abandoned,False,009,False
12,NEAR_1_SUBSTITUTION,1,76012975,,INTACT,2000-03-29,602,intact,ABANDONED-FAILURE TO RESPOND OR LATE RESPONSE,Dead/Abandoned,False,"035,039",True
12,NEAR_1_SUBSTITUTION,1,75910037,,INFANT,2000-01-26,606,infant,ABANDONED - NO STATEMENT OF USE FILED,Dead/Abandoned,False,009,False
12,NEAR_1_DELETION,1,75878153,,INACT,1999-12-21,606,inact,ABANDONED - NO STATEMENT OF USE FILED,Dead/Abandoned,False,"009,042",False
12,NEAR_1_SUBSTITUTION,1,75867055,,INTACT,1999-12-08,605,intact,ABANDONED EXPRESS AFTER PUB,Dead/Abandoned,False,005,True
12,NEAR_1_INSERTION,1,75507337,,INFOACT,1998-06-23,602,infoact,ABANDONED-FAILURE TO RESPOND OR LATE RESPONSE,Dead/Abandoned,False,009,False
12,NEAR_1_SUBSTITUTION,1,75297007,2319687,INTACT,1997-05-23,710,intact,CANCELLED - SECTION 8,Dead/Cancelled,False,,False
12,NEAR_1_SUBSTITUTION,1,75233784,,IN-FAST,1997-01-30,602,infast,ABANDONED-FAILURE TO RESPOND OR LATE RESPONSE,Dead/Abandoned,False,,False
12,NEAR_1_SUBSTITUTION,1,75050286,2134897,INTACT,1996-01-30,710,intact,CANCELLED - SECTION 8,Dead/Cancelled,False,,False
12,NEAR_1_DELETION,1,75035111,,INACT,1995-12-21,606,inact,ABANDONED - NO STATEMENT OF USE FILED,Dead/Abandoned,False,009,False
12,NEAR_1_INSERTION,1,74733968,,INN-FACT,1995-09-25,602,innfact,ABANDONED-FAILURE TO RESPOND OR LATE RESPONSE,Dead/Abandoned,False,,False
12,NEAR_1_INSERTION,1,74733969,,INN-FACT,1995-09-25,602,innfact,ABANDONED-FAILURE TO RESPOND OR LATE RESPONSE,Dead/Abandoned,False,,False
12,NEAR_1_SUBSTITUTION,1,74563335,1925203,INTACT,1994-06-27,710,intact,CANCELLED - SECTION 8,Dead/Cancelled,False,,False
12,NEAR_1_SUBSTITUTION,1,74523865,1905718,INTACT,1994-05-11,710,intact,CANCELLED - SECTION 8,Dead/Cancelled,False,,False
12,NEAR_1_SUBSTITUTION,1,74394726,,INTACT,1993-05-26,602,intact,ABANDONED-FAILURE TO RESPOND OR LATE RESPONSE,Dead/Abandoned,False,,False
12,NEAR_1_SUBSTITUTION,1,74013231,1769275,INTACT,1989-12-18,710,intact,CANCELLED - SECTION 8,Dead/Cancelled,False,,False
12,NEAR_1_SUBSTITUTION,1,73591726,,INTACT,1986-04-07,602,intact,ABANDONED-FAILURE TO RESPOND OR LATE RESPONSE,Dead/Abandoned,False,,False
12,NEAR_1_SUBSTITUTION,1,73583283,1439860,INTACT,1986-02-18,710,intact,CANCELLED - SECTION 8,Dead/Cancelled,False,,False
12,NEAR_1_SUBSTITUTION,1,73498149,1370908,INTACT,1984-09-06,710,intact,CANCELLED - SECTION 8,Dead/Cancelled,False,,False
12,NEAR_1_DELETION,1,73460523,1339523,INFAC,1984-01-12,710,infac,CANCELLED - SECTION 8,Dead/Cancelled,False,,False
12,NEAR_1_SUBSTITUTION,1,73290991,,INTACT,1980-12-24,618,intact,ABANDONED FILE - BACKFILE,Dead/Abandoned,False,,False
12,NEAR_1_SUBSTITUTION,1,73193907,1176483,INTACT,1978-11-20,710,intact,CANCELLED - SECTION 8,Dead/Cancelled,False,,False
12,NEAR_1_SUBSTITUTION,1,72303310,0867056,INFAST,1968-07-22,714,infast,CANCELLED - SECTION 24,Dead/Cancelled,False,,False
13,EXACT,0,98767171,,FOR REAL,2024-09-24,686,forreal,PUBLISHED FOR OPPOSITION,Live/Pending,True,030,False
13,EXACT,0,97573639,7971895,FOR REAL,2022-08-31,700,forreal,REGISTERED,Live/Registered,True,"009,042",False
13,EXACT,0,97980224,,FOR REAL,2022-08-31,807,forreal,SU - NON-FINAL ACTION - MAILED,Live/Pending,True,038,False
13,EXACT,0,90549235,6614283,FORREAL,2021-02-26,700,forreal,REGISTERED,Live/Registered,True,035,True
13,EXACT,0,88126115,6531190,FOR REAL,2018-09-20,700,forreal,REGISTERED,Live/Registered,True,043,False
13,EXACT,0,87428225,5398074,FOR REAL,2017-04-27,702,forreal,SECTION 8 & 15-ACCEPTED AND ACKNOWLEDGED,Live/Registered,True,013,False
13,EXACT,0,88628726,,FOR REAL,2019-09-24,606,forreal,ABANDONED - NO STATEMENT OF USE FILED,Dead/Abandoned,False,014,False
13,EXACT,0,86529577,,FOR REAL!,2015-02-10,602,forreal,ABANDONED-FAILURE TO RESPOND OR LATE RESPONSE,Dead/Abandoned,False,029,False
13,EXACT,0,85754863,4606102,FOR REAL,2012-10-16,710,forreal,CANCELLED - SECTION 8,Dead/Cancelled,False,,False
13,EXACT,0,85606280,4322126,FOR REAL,2012-04-24,710,forreal,CANCELLED - SECTION 8,Dead/Cancelled,False,,False
13,EXACT,0,78412844,,FOR REAL,2004-05-04,605,forreal,ABANDONED EXPRESS AFTER PUB,Dead/Abandoned,False,,False
13,EXACT,0,78412851,,FOR REAL,2004-05-04,604,forreal,ABANDONED - AFTER INTER-PARTES DECISION,Dead/Abandoned,False,,False
13,EXACT,0,78404293,,FOR REAL,2004-04-19,606,forreal,ABANDONED - NO STATEMENT OF USE FILED,Dead/Abandoned,False,041,False
13,EXACT,0,76404848,2692984,FORREAL,2002-05-06,710,forreal,CANCELLED - SECTION 8,Dead/Cancelled,False,,False
13,EXACT,0,76248052,,FORREAL,2001-04-30,602,forreal,ABANDONED-FAILURE TO RESPOND OR LATE RESPONSE,Dead/Abandoned,False,025,False
13,NEAR_1_INSERTION,1,99899684,,FOUR REAL,2026-06-23,630,fourreal,NEW APPLICATION - RECORD INITIALIZED NOT ASSIGNED TO EXAMINER,Live/Pending,True,030,False
13,NEAR_1_DELETION,1,99668863,,FOREAL,2026-02-25,680,foreal,APPROVED FOR PUBLICATION,Live/Pending,True,"009,042",False
13,NEAR_1_TRANSPOSITION,1,99488956,8284472,FROREAL,2025-11-10,700,froreal,REGISTERED,Live/Registered,True,003,True
13,NEAR_1_SUBSTITUTION,1,99451969,,FURREAL,2025-10-20,653,furreal,SUSPENSION LETTER - MAILED,Live/Pending,True,031,False
13,NEAR_1_SUBSTITUTION,1,99210009,8290790,FORHEAL,2025-05-30,700,forheal,REGISTERED,Live/Registered,True,003,True
13,NEAR_1_SUBSTITUTION,1,97870410,7365548,FORDEAL,2023-04-03,700,fordeal,REGISTERED,Live/Registered,True,025,False
13,NEAR_1_SUBSTITUTION,1,88275028,6065219,FUR-REAL,2019-01-24,700,furreal,REGISTERED,Live/Registered,True,021,True
13,NEAR_1_SUBSTITUTION,1,86760953,5341236,FURREAL,2015-09-18,702,furreal,SECTION 8 & 15-ACCEPTED AND ACKNOWLEDGED,Live/Registered,True,028,False
13,NEAR_1_SUBSTITUTION,1,76349135,2659019,FOUREAL,2001-12-17,800,foureal,REGISTERED AND RENEWED,Live/Registered,True,042,False
13,NEAR_1_SUBSTITUTION,1,73649155,1457168,FOR-SEAL,1987-03-12,800,forseal,REGISTERED AND RENEWED,Live/Registered,True,006,False
13,NEAR_1_DELETION,1,98172251,,FO REAL,2023-09-09,602,foreal,ABANDONED-FAILURE TO RESPOND OR LATE RESPONSE,Dead/Abandoned,False,043,False
13,NEAR_1_DELETION,1,98172257,,FO REAL,2023-09-09,602,foreal,ABANDONED-FAILURE TO RESPOND OR LATE RESPONSE,Dead/Abandoned,False,043,False
13,NEAR_1_DELETION,1,97932352,,FOREAL,2023-05-11,602,foreal,ABANDONED-FAILURE TO RESPOND OR LATE RESPONSE,Dead/Abandoned,False,010,True
13,NEAR_1_DELETION,1,97662517,,FOREAL,2022-11-04,606,foreal,ABANDONED - NO STATEMENT OF USE FILED,Dead/Abandoned,False,"005,010",True
13,NEAR_1_DELETION,1,97571839,,FOREAL,2022-08-30,602,foreal,ABANDONED-FAILURE TO RESPOND OR LATE RESPONSE,Dead/Abandoned,False,025,False
13,NEAR_1_SUBSTITUTION,1,97461519,,FUR REAL,2022-06-16,606,furreal,ABANDONED - NO STATEMENT OF USE FILED,Dead/Abandoned,False,005,True
13,NEAR_1_DELETION,1,90564626,,FOREAL,2021-03-07,602,foreal,ABANDONED-FAILURE TO RESPOND OR LATE RESPONSE,Dead/Abandoned,False,020,False
13,NEAR_1_SUBSTITUTION,1,90273702,,FORREAD,2020-10-23,610,forread,TERMINATED AFTER SANCTIONS,Dead,False,,False
13,NEAR_1_SUBSTITUTION,1,90036188,,KORREAL,2020-07-05,602,korreal,ABANDONED-FAILURE TO RESPOND OR LATE RESPONSE,Dead/Abandoned,False,040,False
13,NEAR_1_SUBSTITUTION,1,88695343,,FORDEAL,2019-11-16,606,fordeal,ABANDONED - NO STATEMENT OF USE FILED,Dead/Abandoned,False,009,False
13,NEAR_1_SUBSTITUTION,1,88695344,,FORDEAL,2019-11-16,606,fordeal,ABANDONED - NO STATEMENT OF USE FILED,Dead/Abandoned,False,035,True
13,NEAR_1_SUBSTITUTION,1,88695346,,FORDEAL,2019-11-16,606,fordeal,ABANDONED - NO STATEMENT OF USE FILED,Dead/Abandoned,False,036,False
13,NEAR_1_SUBSTITUTION,1,88695347,,FORDEAL,2019-11-16,606,fordeal,ABANDONED - NO STATEMENT OF USE FILED,Dead/Abandoned,False,038,False
13,NEAR_1_SUBSTITUTION,1,88695348,,FORDEAL,2019-11-16,606,fordeal,ABANDONED - NO STATEMENT OF USE FILED,Dead/Abandoned,False,042,False
13,NEAR_1_DELETION,1,88534875,,FOREAL,2019-07-25,602,foreal,ABANDONED-FAILURE TO RESPOND OR LATE RESPONSE,Dead/Abandoned,False,014,False
13,NEAR_1_SUBSTITUTION,1,88298794,,SORREAL,2019-02-12,602,sorreal,ABANDONED-FAILURE TO RESPOND OR LATE RESPONSE,Dead/Abandoned,False,032,False
13,NEAR_1_DELETION,1,88033447,,FOREAL,2018-07-11,602,foreal,ABANDONED-FAILURE TO RESPOND OR LATE RESPONSE,Dead/Abandoned,False,025,False
13,NEAR_1_SUBSTITUTION,1,87866095,5789064,FURREAL,2018-04-06,710,furreal,CANCELLED - SECTION 8,Dead/Cancelled,False,,False
13,NEAR_1_DELETION,1,87829997,5758866,FOREAL,2018-03-12,710,foreal,CANCELLED - SECTION 8,Dead/Cancelled,False,,False
13,NEAR_1_DELETION,1,87830964,5758872,FOREAL,2018-03-12,710,foreal,CANCELLED - SECTION 8,Dead/Cancelled,False,,False
13,NEAR_1_DELETION,1,87714826,,FOREAL,2017-12-10,602,foreal,ABANDONED-FAILURE TO RESPOND OR LATE RESPONSE,Dead/Abandoned,False,025,False
13,NEAR_1_DELETION,1,87556984,,FOREAL,2017-08-04,604,foreal,ABANDONED - AFTER INTER-PARTES DECISION,Dead/Abandoned,False,,False
13,NEAR_1_INSERTION,1,79184496,5043433,FOURREAL,2016-01-25,709,fourreal,CANCELLED SECTION 71,Dead/Cancelled,False,,False
13,NEAR_1_INSERTION,1,86293473,,FOR REALS,2014-05-28,602,forreals,ABANDONED-FAILURE TO RESPOND OR LATE RESPONSE,Dead/Abandoned,False,025,False
13,NEAR_1_SUBSTITUTION,1,85514115,4224689,FUR REAL,2012-01-11,710,furreal,CANCELLED - SECTION 8,Dead/Cancelled,False,,False
13,NEAR_1_SUBSTITUTION,1,85454491,4161075,FUR REAL?,2011-10-24,710,furreal,CANCELLED - SECTION 8,Dead/Cancelled,False,,False
13,NEAR_1_INSERTION,1,85172382,,FOR REALZ,2010-11-09,606,forrealz,ABANDONED - NO STATEMENT OF USE FILED,Dead/Abandoned,False,"028,045",False
13,NEAR_1_DELETION,1,78916958,,FOREAL,2006-06-26,602,foreal,ABANDONED-FAILURE TO RESPOND OR LATE RESPONSE,Dead/Abandoned,False,041,False
13,NEAR_1_DELETION,1,78386941,,FOREAL,2004-03-18,602,foreal,ABANDONED-FAILURE TO RESPOND OR LATE RESPONSE,Dead/Abandoned,False,025,False
13,NEAR_1_SUBSTITUTION,1,76578303,2928619,FUR REAL,2004-02-27,710,furreal,CANCELLED - SECTION 8,Dead/Cancelled,False,,False
13,NEAR_1_INSERTION,1,76089733,2586320,FLOR REAL,2000-07-17,710,florreal,CANCELLED - SECTION 8,Dead/Cancelled,False,,False
13,NEAR_1_INSERTION,1,74521229,,FOUR-REAL,1994-05-09,602,fourreal,ABANDONED-FAILURE TO RESPOND OR LATE RESPONSE,Dead/Abandoned,False,,False
13,NEAR_1_SUBSTITUTION,1,71526606,0500599,FORRELL,1947-07-05,711,forrell,CANCELLED - SECTION 7,Dead/Cancelled,False,024,False
14,EXACT,0,99769862,,OPENLY,2026-04-17,630,openly,NEW APPLICATION - RECORD INITIALIZED NOT ASSIGNED TO EXAMINER,Live/Pending,True,014,False
14,EXACT,0,98895496,,OPENLY,2024-12-10,730,openly,FIRST EXTENSION - GRANTED,Live/Pending,True,036,False
14,EXACT,0,88005721,5723865,OPENLY,2018-06-19,702,openly,SECTION 8 & 15-ACCEPTED AND ACKNOWLEDGED,Live/Registered,True,042,False
14,EXACT,0,87982940,6048328,OPENLY,2018-02-28,702,openly,SECTION 8 & 15-ACCEPTED AND ACKNOWLEDGED,Live/Registered,True,036,False
14,EXACT,0,97524757,,OPENLY,2022-07-28,602,openly,ABANDONED-FAILURE TO RESPOND OR LATE RESPONSE,Dead/Abandoned,False,041,False
14,EXACT,0,90553801,,OPENLY,2021-03-01,606,openly,ABANDONED - NO STATEMENT OF USE FILED,Dead/Abandoned,False,036,False
14,EXACT,0,88740273,,OPENLY,2019-12-27,606,openly,ABANDONED - NO STATEMENT OF USE FILED,Dead/Abandoned,False,"009,042",False
14,EXACT,0,87813985,,OPENLY,2018-02-28,606,openly,ABANDONED - NO STATEMENT OF USE FILED,Dead/Abandoned,False,036,False
14,NEAR_1_SUBSTITUTION,1,99850150,,OPEN YY,2026-05-28,630,openyy,NEW APPLICATION - RECORD INITIALIZED NOT ASSIGNED TO EXAMINER,Live/Pending,True,010,True
14,NEAR_1_SUBSTITUTION,1,79394959,7813442,OPEN YY,2024-03-27,700,openyy,REGISTERED,Live/Registered,True,"003,018,025,035",True
14,NEAR_1_SUBSTITUTION,1,79355740,7296179,OPEN YY,2022-10-17,700,openyy,REGISTERED,Live/Registered,True,"003,018,025,035",True
14,NEAR_1_SUBSTITUTION,1,79349672,7312329,OPENLI,2022-06-14,700,openli,REGISTERED,Live/Registered,True,"042,045",False
14,NEAR_1_SUBSTITUTION,1,79343340,7504595,OPENLI,2022-04-08,700,openli,REGISTERED,Live/Registered,True,"042,045",False
14,NEAR_1_DELETION,1,97191095,6967617,PENLY,2021-12-27,700,penly,REGISTERED,Live/Registered,True,009,False
14,NEAR_1_SUBSTITUTION,1,97165746,7028869,OPENLM,2021-12-10,700,openlm,REGISTERED,Live/Registered,True,042,False
14,NEAR_1_INSERTION,1,90205621,6377953,OPENFLY,2020-09-24,700,openfly,REGISTERED,Live/Registered,True,028,False
14,NEAR_1_SUBSTITUTION,1,85159570,4065829,OVENLY,2010-10-22,800,ovenly,REGISTERED AND RENEWED,Live/Registered,True,"030,035",True
14,NEAR_1_SUBSTITUTION,1,85159572,4065830,OVENLY,2010-10-22,800,ovenly,REGISTERED AND RENEWED,Live/Registered,True,"030,035",True
14,NEAR_1_SUBSTITUTION,1,79074527,4116679,OPENLR,2009-08-27,706,openlr,SECTION 71 ACCEPTED,Live/Registered,True,"009,038,039",False
14,NEAR_1_DELETION,1,88559059,,OPENY,2019-08-01,602,openy,ABANDONED-FAILURE TO RESPOND OR LATE RESPONSE,Dead/Abandoned,False,025,False
14,NEAR_1_SUBSTITUTION,1,85907557,4443481,OVENLY,2013-04-18,710,ovenly,CANCELLED - SECTION 8,Dead/Cancelled,False,,False
14,NEAR_1_SUBSTITUTION,1,75819771,2379594,OPENLT,1999-10-12,710,openlt,CANCELLED - SECTION 8,Dead/Cancelled,False,,False
14,NEAR_1_INSERTION,1,74601565,,OPEN FLY,1994-11-21,602,openfly,ABANDONED-FAILURE TO RESPOND OR LATE RESPONSE,Dead/Abandoned,False,,False
14,NEAR_1_DELETION,1,74021337,1651869,OPENL,1990-01-19,710,openl,CANCELLED - SECTION 8,Dead/Cancelled,False,,False
14,NEAR_1_SUBSTITUTION,1,73277632,1189623,OPEN LS,1980-09-12,710,openls,CANCELLED - SECTION 8,Dead/Cancelled,False,,False
14,NEAR_1_SUBSTITUTION,1,72056328,0678989,OVEN-LY,1958-07-30,900,ovenly,EXPIRED,Dead/Expired,False,,False
15,EXACT,0,86940339,5072438,UNVARNISHED,2016-03-15,702,unvarnished,SECTION 8 & 15-ACCEPTED AND ACKNOWLEDGED,Live/Registered,True,033,False
15,NEAR_1_SUBSTITUTION,1,79220382,5505566,UNTARNISHED,2017-10-09,709,untarnished,CANCELLED SECTION 71,Dead/Cancelled,False,,False
16,EXACT,0,88573894,7347059,NO·SPIN,2019-08-09,700,nospin,REGISTERED,Live/Registered,True,010,True
16,EXACT,0,87038880,5091202,NO SPIN,2016-05-16,800,nospin,REGISTERED AND RENEWED,Live/Registered,True,025,False
16,EXACT,0,87038884,5100411,NO SPIN,2016-05-16,800,nospin,REGISTERED AND RENEWED,Live/Registered,True,021,True
16,EXACT,0,71630767,0573267,NOSPIN,1952-06-05,800,nospin,REGISTERED AND RENEWED,Live/Registered,True,007,False
16,EXACT,0,78001099,,NOSPIN,2000-03-27,602,nospin,ABANDONED-FAILURE TO RESPOND OR LATE RESPONSE,Dead/Abandoned,False,009,False
16,NEAR_1_INSERTION,1,99593970,,NEOSPIN,2026-01-14,686,neospin,PUBLISHED FOR OPPOSITION,Live/Pending,True,010,True
16,NEAR_1_SUBSTITUTION,1,79448044,,YO-SPIN,2025-12-11,641,yospin,NON-FINAL ACTION - MAILED,Live/Pending,True,028,False
16,NEAR_1_DELETION,1,98811172,8198159,NOSIN,2024-10-21,700,nosin,REGISTERED,Live/Registered,True,002,False
16,NEAR_1_SUBSTITUTION,1,97609606,7211801,GOSPIN,2022-09-27,700,gospin,REGISTERED,Live/Registered,True,009,False
16,NEAR_1_SUBSTITUTION,1,90856965,6820366,NOSKIN,2021-07-29,700,noskin,REGISTERED,Live/Registered,True,009,False
16,NEAR_1_DELETION,1,77858390,4092711,NOPIN,2009-10-27,800,nopin,REGISTERED AND RENEWED,Live/Registered,True,038,False
16,NEAR_1_SUBSTITUTION,1,77460305,3667529,NOSPIA,2008-04-29,800,nospia,REGISTERED AND RENEWED,Live/Registered,True,041,False
16,NEAR_1_SUBSTITUTION,1,77161666,3790547,NUSPIN,2007-04-20,800,nuspin,REGISTERED AND RENEWED,Live/Registered,True,005,True
16,NEAR_1_INSERTION,1,78718226,3262851,UNO SPIN,2005-09-22,800,unospin,REGISTERED AND RENEWED,Live/Registered,True,028,False
16,NEAR_1_INSERTION,1,97330542,,NEOSPIN,2022-03-25,601,neospin,ABANDONED - EXPRESS,Dead/Abandoned,False,"009,025,028,041,042",False
16,NEAR_1_DELETION,1,87567897,,NOSIN,2017-08-14,602,nosin,ABANDONED-FAILURE TO RESPOND OR LATE RESPONSE,Dead/Abandoned,False,032,False
16,NEAR_1_SUBSTITUTION,1,87425544,5339685,GOSPIN,2017-04-26,710,gospin,CANCELLED - SECTION 8,Dead/Cancelled,False,,False
16,NEAR_1_SUBSTITUTION,1,87195564,5576430,NU SPIN,2016-10-06,713,nuspin,CANCELLED - SECTION 18,Dead/Cancelled,False,,False
16,NEAR_1_SUBSTITUTION,1,86508083,,SOS PIN,2015-01-20,606,sospin,ABANDONED - NO STATEMENT OF USE FILED,Dead/Abandoned,False,009,False
16,NEAR_1_SUBSTITUTION,1,85264582,4038487,NUSPIN,2011-03-11,710,nuspin,CANCELLED - SECTION 8,Dead/Cancelled,False,,False
16,NEAR_1_SUBSTITUTION,1,77899756,,NU-SPIN,2009-12-23,602,nuspin,ABANDONED-FAILURE TO RESPOND OR LATE RESPONSE,Dead/Abandoned,False,041,False
16,NEAR_1_SUBSTITUTION,1,77184698,3425625,YOSPIN,2007-05-18,710,yospin,CANCELLED - SECTION 8,Dead/Cancelled,False,,False
16,NEAR_1_SUBSTITUTION,1,77122684,,NUSPIN,2007-03-05,606,nuspin,ABANDONED - NO STATEMENT OF USE FILED,Dead/Abandoned,False,005,True
16,NEAR_1_DELETION,1,76457082,,NO PIN,2002-10-08,602,nopin,ABANDONED-FAILURE TO RESPOND OR LATE RESPONSE,Dead/Abandoned,False,036,False
16,NEAR_1_DELETION,1,76457083,,NO PIN,2002-10-08,602,nopin,ABANDONED-FAILURE TO RESPOND OR LATE RESPONSE,Dead/Abandoned,False,036,False
16,NEAR_1_SUBSTITUTION,1,75427295,,SOS - P.I.N,1998-02-02,606,sospin,ABANDONED - NO STATEMENT OF USE FILED,Dead/Abandoned,False,009,False
16,NEAR_1_SUBSTITUTION,1,73569579,1406365,NOSPIA,1985-11-21,710,nospia,CANCELLED - SECTION 8,Dead/Cancelled,False,,False
16,NEAR_1_SUBSTITUTION,1,72197953,0787001,ROSPIN,1964-07-16,900,rospin,EXPIRED,Dead/Expired,False,,False
17,EXACT,0,77879071,3874772,SPIN FREE,2009-11-23,800,spinfree,REGISTERED AND RENEWED,Live/Registered,True,012,False
17,EXACT,0,97929657,,SPIN FREE,2023-05-10,602,spinfree,ABANDONED-FAILURE TO RESPOND OR LATE RESPONSE,Dead/Abandoned,False,022,False
17,EXACT,0,87431748,5335397,SPIN FREE,2017-05-01,710,spinfree,CANCELLED - SECTION 8,Dead/Cancelled,False,,False
17,EXACT,0,78315861,2990454,SPIN-FREE,2003-10-20,710,spinfree,CANCELLED - SECTION 8,Dead/Cancelled,False,,False
17,EXACT,0,75678977,,SPIN FREE,1999-04-12,614,spinfree,ABANDONED PETITION TO REVIVE-DENIED,Dead/Abandoned,False,010,True
17,EXACT,0,75239856,2150567,SPINFREE,1997-02-11,710,spinfree,CANCELLED - SECTION 8,Dead/Cancelled,False,,False
17,EXACT,0,74328053,1838336,SPIN FREE,1992-11-03,710,spinfree,CANCELLED - SECTION 8,Dead/Cancelled,False,,False
17,EXACT,0,74225694,1764159,SPINFREE,1991-11-27,710,spinfree,CANCELLED - SECTION 8,Dead/Cancelled,False,,False
17,EXACT,0,97373718,,SPIN FREE,,622,spinfree,MISASSIGNED SERIAL NUMBER,Indifferent,False,022,False
17,NEAR_1_SUBSTITUTION,1,98223283,7690623,UPINFREE,2023-10-13,700,upinfree,REGISTERED,Live/Registered,True,020,False
17,NEAR_1_SUBSTITUTION,1,98223296,7682336,UPINFREE,2023-10-13,700,upinfree,REGISTERED,Live/Registered,True,021,True
17,NEAR_1_INSERTION,1,79010939,3104179,SPINEFREE,2004-09-16,706,spinefree,SECTION 71 ACCEPTED,Live/Registered,True,018,False
17,NEAR_1_DELETION,1,76550604,2883968,SIN FREE,2003-10-09,800,sinfree,REGISTERED AND RENEWED,Live/Registered,True,030,False
17,NEAR_1_DELETION,1,75092828,2109886,SINFREE,1996-04-23,800,sinfree,REGISTERED AND RENEWED,Live/Registered,True,030,False
17,NEAR_1_DELETION,1,90838642,,SIN FREE,2021-07-20,606,sinfree,ABANDONED - NO STATEMENT OF USE FILED,Dead/Abandoned,False,032,False
17,NEAR_1_DELETION,1,88801932,,SIN FREE,2020-02-19,606,sinfree,ABANDONED - NO STATEMENT OF USE FILED,Dead/Abandoned,False,"032,033",False
17,NEAR_1_SUBSTITUTION,1,87301154,5280116,SKIN FREE,2017-01-13,710,skinfree,CANCELLED - SECTION 8,Dead/Cancelled,False,,False
17,NEAR_1_INSERTION,1,86184407,4650682,SPIN4FREE,2014-02-04,710,spin4free,CANCELLED - SECTION 8,Dead/Cancelled,False,,False
17,NEAR_1_DELETION,1,85020299,,SIN FREE,2010-04-22,602,sinfree,ABANDONED-FAILURE TO RESPOND OR LATE RESPONSE,Dead/Abandoned,False,005,True
17,NEAR_1_DELETION,1,77965607,3867358,SIN FREE,2010-03-23,710,sinfree,CANCELLED - SECTION 8,Dead/Cancelled,False,,False
17,NEAR_1_DELETION,1,76498778,,PINFREE,2003-03-12,602,pinfree,ABANDONED-FAILURE TO RESPOND OR LATE RESPONSE,Dead/Abandoned,False,038,False
17,NEAR_1_SUBSTITUTION,1,76461791,2830684,SPIT-FREE,2002-10-21,711,spitfree,CANCELLED - SECTION 7,Dead/Cancelled,False,,False
17,NEAR_1_INSERTION,1,75868684,2493970,SPIN-N-FREE,1999-12-11,710,spinnfree,CANCELLED - SECTION 8,Dead/Cancelled,False,,False
17,NEAR_1_DELETION,1,74283396,,SINFREE,1992-06-10,606,sinfree,ABANDONED - NO STATEMENT OF USE FILED,Dead/Abandoned,False,,False
17,NEAR_1_DELETION,1,74128409,,SINFREE,1991-01-07,606,sinfree,ABANDONED - NO STATEMENT OF USE FILED,Dead/Abandoned,False,,False
17,NEAR_1_SUBSTITUTION,1,73775037,1642535,SKIN FREE+,1989-01-17,710,skinfree,CANCELLED - SECTION 8,Dead/Cancelled,False,,False
17,NEAR_1_DELETION,1,73103625,1065641,PIN-FREE,1976-10-18,900,pinfree,EXPIRED,Dead/Expired,False,,False
18,EXACT,0,98311088,,NO HYPE,2023-12-12,654,nohype,REPORT COMPLETED SUSPENSION CHECK - CASE STILL SUSPENDED,Live/Pending,True,034,False
18,EXACT,0,90978476,6965613,NO HYPE,2020-10-16,700,nohype,REGISTERED,Live/Registered,True,"025,035",True
18,EXACT,0,90258569,,NO HYPE,2020-10-16,606,nohype,ABANDONED - NO STATEMENT OF USE FILED,Dead/Abandoned,False,025,False
18,NEAR_1_DELETION,1,99668883,,OHYPE,2026-02-25,680,ohype,APPROVED FOR PUBLICATION,Live/Pending,True,003,True
18,NEAR_1_INSERTION,1,97828496,7339301,NOO-HYPE,2023-03-08,700,noohype,REGISTERED,Live/Registered,True,005,True
18,NEAR_1_SUBSTITUTION,1,87120418,5155902,NOHOPE,2016-07-28,710,nohope,CANCELLED - SECTION 8,Dead/Cancelled,False,,False
18,NEAR_1_SUBSTITUTION,1,78445663,,NO HOPE,2004-07-02,606,nohope,ABANDONED - NO STATEMENT OF USE FILED,Dead/Abandoned,False,025,False
18,NEAR_1_SUBSTITUTION,1,74708920,,NOTYPE,1995-06-26,606,notype,ABANDONED - NO STATEMENT OF USE FILED,Dead/Abandoned,False,,False
18,NEAR_1_INSERTION,1,74485754,1891150,SNO HYPE,1994-02-02,710,snohype,CANCELLED - SECTION 8,Dead/Cancelled,False,,False
19,EXACT,0,87526171,,HYPE FREE,2017-07-12,606,hypefree,ABANDONED - NO STATEMENT OF USE FILED,Dead/Abandoned,False,041,False
19,NEAR_1_INSERTION,1,98065399,7391783,HYPERFREE,2023-06-29,700,hyperfree,REGISTERED,Live/Registered,True,025,False
19,NEAR_1_INSERTION,1,79192679,5220385,HYPERFREE,2015-12-22,709,hyperfree,CANCELLED SECTION 71,Dead/Cancelled,False,,False
19,NEAR_1_SUBSTITUTION,1,77508935,,TYPE FREE,2008-06-26,602,typefree,ABANDONED-FAILURE TO RESPOND OR LATE RESPONSE,Dead/Abandoned,False,"035,041,044",True
19,NEAR_1_SUBSTITUTION,1,77169623,,TYPE FREE,2007-05-01,602,typefree,ABANDONED-FAILURE TO RESPOND OR LATE RESPONSE,Dead/Abandoned,False,"035,041,042",True
19,NEAR_1_SUBSTITUTION,1,77169629,,TYPE FREE,2007-05-01,602,typefree,ABANDONED-FAILURE TO RESPOND OR LATE RESPONSE,Dead/Abandoned,False,"035,041,042",True
19,NEAR_1_INSERTION,1,78523475,,HYPERFREE,2004-11-29,601,hyperfree,ABANDONED - EXPRESS,Dead/Abandoned,False,010,True
19,NEAR_1_INSERTION,1,76238644,,HYPERFREE,2001-04-09,606,hyperfree,ABANDONED - NO STATEMENT OF USE FILED,Dead/Abandoned,False,010,True
19,NEAR_1_INSERTION,1,74025474,,HYPERFREE,1990-02-05,606,hyperfree,ABANDONED - NO STATEMENT OF USE FILED,Dead/Abandoned,False,,False
20,EXACT,0,99598256,,NO NONSENSE,2026-01-16,641,nononsense,NON-FINAL ACTION - MAILED,Live/Pending,True,025,False
20,EXACT,0,99593599,,NO NONSENSE,2026-01-14,653,nononsense,SUSPENSION LETTER - MAILED,Live/Pending,True,035,True
20,EXACT,0,90061376,6251391,NO NONSENSE,2020-07-20,702,nononsense,SECTION 8 & 15-ACCEPTED AND ACKNOWLEDGED,Live/Registered,True,035,True
20,EXACT,0,90013497,6298550,NO NONSENSE,2020-06-22,700,nononsense,REGISTERED,Live/Registered,True,010,True
20,EXACT,0,88884033,6194316,NO NONSENSE.,2020-04-23,700,nononsense,REGISTERED,Live/Registered,True,"029,035",True
20,EXACT,0,86830899,6155941,NO NONSENSE,2015-11-24,700,nononsense,REGISTERED,Live/Registered,True,003,True
20,EXACT,0,86830946,5851811,NO NONSENSE,2015-11-24,702,nononsense,SECTION 8 & 15-ACCEPTED AND ACKNOWLEDGED,Live/Registered,True,021,True
20,EXACT,0,86431353,5498081,NO NONSENSE,2014-10-22,702,nononsense,SECTION 8 & 15-ACCEPTED AND ACKNOWLEDGED,Live/Registered,True,025,False
20,EXACT,0,86261110,4645159,NO NONSENSE,2014-04-24,800,nononsense,REGISTERED AND RENEWED,Live/Registered,True,025,False
20,EXACT,0,85920063,4451153,NO NONSENSE,2013-05-01,800,nononsense,REGISTERED AND RENEWED,Live/Registered,True,041,False
20,EXACT,0,77221878,3394492,NO NONSENSE,2007-07-03,800,nononsense,REGISTERED AND RENEWED,Live/Registered,True,025,False
20,EXACT,0,78741499,3133170,NO NONSENSE,2005-10-27,800,nononsense,REGISTERED AND RENEWED,Live/Registered,True,025,False
20,EXACT,0,75158260,2171774,NO NONSENSE,1996-08-29,800,nononsense,REGISTERED AND RENEWED,Live/Registered,True,025,False
20,EXACT,0,73158293,1107376,NO NONSENSE,1978-02-10,800,nononsense,REGISTERED AND RENEWED,Live/Registered,True,025,False
20,EXACT,0,73002163,0989354,NO NONSENSE,1973-09-27,800,nononsense,REGISTERED AND RENEWED,Live/Registered,True,025,False
20,EXACT,0,72442183,0974045,NO NONSENSE,1972-11-24,800,nononsense,REGISTERED AND RENEWED,Live/Registered,True,"010,025,026",True
20,EXACT,0,88082219,5732305,NONONSENSE,2018-08-17,710,nononsense,CANCELLED - SECTION 8,Dead/Cancelled,False,,False
20,EXACT,0,77731059,3766448,NO NONSENSE,2009-05-07,710,nononsense,CANCELLED - SECTION 8,Dead/Cancelled,False,,False
20,EXACT,0,77235656,,NO-NONSENSE,2007-07-23,602,nononsense,ABANDONED-FAILURE TO RESPOND OR LATE RESPONSE,Dead/Abandoned,False,045,False
20,EXACT,0,77235658,,NONONSENSE,2007-07-23,602,nononsense,ABANDONED-FAILURE TO RESPOND OR LATE RESPONSE,Dead/Abandoned,False,045,False
20,EXACT,0,78723584,3518236,NO NONSENSE,2005-09-29,710,nononsense,CANCELLED - SECTION 8,Dead/Cancelled,False,,False
20,EXACT,0,75313431,,NO NONSENSE,1997-06-23,606,nononsense,ABANDONED - NO STATEMENT OF USE FILED,Dead/Abandoned,False,,False
20,EXACT,0,75313432,,NO NONSENSE,1997-06-23,606,nononsense,ABANDONED - NO STATEMENT OF USE FILED,Dead/Abandoned,False,025,False
20,EXACT,0,75085046,,NO NONSENSE,1996-04-08,606,nononsense,ABANDONED - NO STATEMENT OF USE FILED,Dead/Abandoned,False,,False
20,EXACT,0,73095647,1062831,NO NONSENSE,1976-08-05,900,nononsense,EXPIRED,Dead/Expired,False,,False
20,EXACT,0,73002098,0989346,NO NONSENSE,1973-09-27,900,nononsense,EXPIRED,Dead/Expired,False,,False
20,EXACT,0,73002162,0990470,NO NONSENSE,1973-09-27,710,nononsense,CANCELLED - SECTION 8,Dead/Cancelled,False,,False
20,EXACT,0,72452811,0983961,NONONSENSE,1973-03-28,710,nononsense,CANCELLED - SECTION 8,Dead/Cancelled,False,,False
20,EXACT,0,72332273,0896268,NO NONSENSE,1969-07-10,900,nononsense,EXPIRED,Dead/Expired,False,,False
21,EXACT,0,79371740,7734204,NO SECRETS,2023-05-08,700,nosecrets,REGISTERED,Live/Registered,True,025,False
21,EXACT,0,97139332,6940084,NOSECRETS,2021-11-23,700,nosecrets,REGISTERED,Live/Registered,True,003,True
21,EXACT,0,79281014,,NO SECRETS,2020-01-30,602,nosecrets,ABANDONED-FAILURE TO RESPOND OR LATE RESPONSE,Dead/Abandoned,False,025,False
21,EXACT,0,76417689,,NO SECRETS,2002-06-07,602,nosecrets,ABANDONED-FAILURE TO RESPOND OR LATE RESPONSE,Dead/Abandoned,False,016,False
21,EXACT,0,76417690,,NO SECRETS,2002-06-07,602,nosecrets,ABANDONED-FAILURE TO RESPOND OR LATE RESPONSE,Dead/Abandoned,False,018,False
21,EXACT,0,76418415,,NO SECRETS,2002-06-07,602,nosecrets,ABANDONED-FAILURE TO RESPOND OR LATE RESPONSE,Dead/Abandoned,False,021,True
21,EXACT,0,76418526,,NO SECRETS,2002-06-07,606,nosecrets,ABANDONED - NO STATEMENT OF USE FILED,Dead/Abandoned,False,041,False
21,EXACT,0,76418584,,NO SECRETS,2002-06-07,602,nosecrets,ABANDONED-FAILURE TO RESPOND OR LATE RESPONSE,Dead/Abandoned,False,009,False
21,EXACT,0,76418585,,NO SECRETS,2002-06-07,602,nosecrets,ABANDONED-FAILURE TO RESPOND OR LATE RESPONSE,Dead/Abandoned,False,025,False
21,EXACT,0,76418621,,NO SECRETS,2002-06-07,602,nosecrets,ABANDONED-FAILURE TO RESPOND OR LATE RESPONSE,Dead/Abandoned,False,026,False
21,EXACT,0,76418622,,NO SECRETS,2002-06-07,602,nosecrets,ABANDONED-FAILURE TO RESPOND OR LATE RESPONSE,Dead/Abandoned,False,021,True
21,EXACT,0,76418662,,NO SECRETS,2002-06-07,602,nosecrets,ABANDONED-FAILURE TO RESPOND OR LATE RESPONSE,Dead/Abandoned,False,029,False
21,EXACT,0,76418663,,NO SECRETS,2002-06-07,602,nosecrets,ABANDONED-FAILURE TO RESPOND OR LATE RESPONSE,Dead/Abandoned,False,014,False
21,EXACT,0,76418671,,NO SECRETS,2002-06-07,602,nosecrets,ABANDONED-FAILURE TO RESPOND OR LATE RESPONSE,Dead/Abandoned,False,032,False
21,EXACT,0,76418672,,NO SECRETS,2002-06-07,602,nosecrets,ABANDONED-FAILURE TO RESPOND OR LATE RESPONSE,Dead/Abandoned,False,024,False
21,EXACT,0,76418673,,NO SECRETS,2002-06-07,602,nosecrets,ABANDONED-FAILURE TO RESPOND OR LATE RESPONSE,Dead/Abandoned,False,011,False
21,EXACT,0,75472814,2266816,NO SECRETS,1998-04-23,710,nosecrets,CANCELLED - SECTION 8,Dead/Cancelled,False,,False
21,NEAR_1_SUBSTITUTION,1,90404135,7662942,NU SECRETS,2020-12-22,700,nusecrets,REGISTERED,Live/Registered,True,035,True
21,NEAR_1_DELETION,1,79151834,4792462,NO SECRET,2014-02-25,404,nosecret,IR CANCELLED; US REGISTRATION CANCELLED,Dead/Cancelled,False,,False
21,NEAR_1_DELETION,1,78612337,,NO SECRET,2005-04-19,606,nosecret,ABANDONED - NO STATEMENT OF USE FILED,Dead/Abandoned,False,025,False
21,NEAR_1_DELETION,1,78296014,2877641,NO SECRET,2003-09-04,710,nosecret,CANCELLED - SECTION 8,Dead/Cancelled,False,,False
21,NEAR_1_DELETION,1,76126227,,NO SECRET,2000-09-11,606,nosecret,ABANDONED - NO STATEMENT OF USE FILED,Dead/Abandoned,False,025,False
23,EXACT,0,99836705,,NOTHING HIDDEN,2026-05-20,630,nothinghidden,NEW APPLICATION - RECORD INITIALIZED NOT ASSIGNED TO EXAMINER,Live/Pending,True,"003,005",True
23,EXACT,0,99528217,,NOTHING HIDDEN,2025-12-03,641,nothinghidden,NON-FINAL ACTION - MAILED,Live/Pending,True,029,False
24,EXACT,0,97491790,6925082,FULL DISCLOSURE,2022-07-06,700,fulldisclosure,REGISTERED,Live/Registered,True,"041,045",False
24,EXACT,0,90247346,7151317,FULL DISCLOSURE,2020-10-11,700,fulldisclosure,REGISTERED,Live/Registered,True,041,False
24,EXACT,0,88101495,6019765,FULL DISCLOSURE,2018-08-31,702,fulldisclosure,SECTION 8 & 15-ACCEPTED AND ACKNOWLEDGED,Live/Registered,True,033,False
24,EXACT,0,78931556,3354366,FULL DISCLOSURE,2006-07-18,800,fulldisclosure,REGISTERED AND RENEWED,Live/Registered,True,035,True
24,EXACT,0,76496195,2921246,FULL DISCLOSURE,2003-03-10,800,fulldisclosure,REGISTERED AND RENEWED,Live/Registered,True,016,False
24,EXACT,0,87126192,5193084,FULL DISCLOSURE,2016-08-03,710,fulldisclosure,CANCELLED - SECTION 8,Dead/Cancelled,False,,False
24,EXACT,0,86937492,5063815,FULL DISCLOSURE,2016-03-11,710,fulldisclosure,CANCELLED - SECTION 8,Dead/Cancelled,False,,False
24,EXACT,0,86883865,,FULL DISCLOSURE,2016-01-22,602,fulldisclosure,ABANDONED-FAILURE TO RESPOND OR LATE RESPONSE,Dead/Abandoned,False,032,False
24,EXACT,0,85802662,,FULL DISCLOSURE,2012-12-14,606,fulldisclosure,ABANDONED - NO STATEMENT OF USE FILED,Dead/Abandoned,False,025,False
24,EXACT,0,85703184,4316863,FULL DISCLOSURE,2012-08-14,710,fulldisclosure,CANCELLED - SECTION 8,Dead/Cancelled,False,,False
24,EXACT,0,85624711,4689049,FULL DISCLOSURE,2012-05-14,710,fulldisclosure,CANCELLED - SECTION 8,Dead/Cancelled,False,,False
24,EXACT,0,76704758,4040016,FULL DISCLOSURE,2010-10-04,711,fulldisclosure,CANCELLED - SECTION 7,Dead/Cancelled,False,,False
24,EXACT,0,77960828,3927109,FULL DISCLOSURE,2010-03-17,710,fulldisclosure,CANCELLED - SECTION 8,Dead/Cancelled,False,,False
24,EXACT,0,77756151,,FULL DISCLOSURE,2009-06-10,602,fulldisclosure,ABANDONED-FAILURE TO RESPOND OR LATE RESPONSE,Dead/Abandoned,False,035,True
24,EXACT,0,76161372,,FULL DISCLOSURE,2000-11-07,602,fulldisclosure,ABANDONED-FAILURE TO RESPOND OR LATE RESPONSE,Dead/Abandoned,False,"036,042",False
24,EXACT,0,75267820,2144656,FULLDISCLOSURE,1997-04-02,710,fulldisclosure,CANCELLED - SECTION 8,Dead/Cancelled,False,,False
24,EXACT,0,74575710,,FULL DISCLOSURE,1994-09-19,601,fulldisclosure,ABANDONED - EXPRESS,Dead/Abandoned,False,,False
24,EXACT,0,74557881,,FULL DISCLOSURE,1994-08-05,602,fulldisclosure,ABANDONED-FAILURE TO RESPOND OR LATE RESPONSE,Dead/Abandoned,False,,False
24,EXACT,0,74548612,1916922,FULL DISCLOSURE,1994-07-01,710,fulldisclosure,CANCELLED - SECTION 8,Dead/Cancelled,False,,False
24,EXACT,0,74327764,,FULL DISCLOSURE,1992-11-02,606,fulldisclosure,ABANDONED - NO STATEMENT OF USE FILED,Dead/Abandoned,False,,False
24,EXACT,0,73811907,1589915,FULL DISCLOSURE,1989-07-11,710,fulldisclosure,CANCELLED - SECTION 8,Dead/Cancelled,False,,False
24,NEAR_1_SUBSTITUTION,1,74468177,,FULL DISKLOSURE,1993-12-10,606,fulldisklosure,ABANDONED - NO STATEMENT OF USE FILED,Dead/Abandoned,False,,False
25,EXACT,0,87767051,5717189,NO FINE PRINT,2018-01-23,702,nofineprint,SECTION 8 & 15-ACCEPTED AND ACKNOWLEDGED,Live/Registered,True,033,False
25,EXACT,0,87651709,5602922,NO FINE PRINT,2017-10-19,702,nofineprint,SECTION 8 & 15-ACCEPTED AND ACKNOWLEDGED,Live/Registered,True,035,True
25,EXACT,0,75189124,2216861,NO FINE PRINT,1996-10-16,710,nofineprint,CANCELLED - SECTION 8,Dead/Cancelled,False,,False
25,EXACT,0,73782069,,NO FINE PRINT,1989-02-21,602,nofineprint,ABANDONED-FAILURE TO RESPOND OR LATE RESPONSE,Dead/Abandoned,False,,False
26,EXACT,0,97530949,7830908,PLAINANDSIMPLE,2022-08-02,700,plainandsimple,REGISTERED,Live/Registered,True,"035,037",True
26,EXACT,0,90168885,,PLAIN AND SIMPLE,2020-09-09,606,plainandsimple,ABANDONED - NO STATEMENT OF USE FILED,Dead/Abandoned,False,"011,016,020,021,024,025,027",True
26,EXACT,0,75097501,2059175,PLAIN AND SIMPLE,1996-05-02,710,plainandsimple,CANCELLED - SECTION 8,Dead/Cancelled,False,,False
26,EXACT,0,74380369,1886680,PLAIN AND SIMPLE,1993-04-19,710,plainandsimple,CANCELLED - SECTION 8,Dead/Cancelled,False,,False
26,NEAR_1_DELETION,1,97806803,7819763,PAIN AND SIMPLE,2023-02-22,700,painandsimple,REGISTERED,Live/Registered,True,016,False
26,NEAR_1_DELETION,1,88530201,,PAIN AND SIMPLE,2019-07-23,606,painandsimple,ABANDONED - NO STATEMENT OF USE FILED,Dead/Abandoned,False,016,False
27,EXACT,0,98515990,7677557,SIMPLEASTHAT,2024-04-23,700,simpleasthat,REGISTERED,Live/Registered,True,025,False
27,EXACT,0,75159482,2157571,SIMPLE AS THAT,1996-09-03,800,simpleasthat,REGISTERED AND RENEWED,Live/Registered,True,036,False
27,EXACT,0,97028936,,SIMPLE AS THAT,2021-09-15,602,simpleasthat,ABANDONED-FAILURE TO RESPOND OR LATE RESPONSE,Dead/Abandoned,False,028,False
27,EXACT,0,79243863,5853906,SIMPLE AS THAT,2018-06-14,709,simpleasthat,CANCELLED SECTION 71,Dead/Cancelled,False,,False
27,EXACT,0,85106888,4064324,SIMPLE AS THAT,2010-08-13,710,simpleasthat,CANCELLED - SECTION 8,Dead/Cancelled,False,,False
27,EXACT,0,77806972,,SIMPLE AS THAT,2009-08-18,606,simpleasthat,ABANDONED - NO STATEMENT OF USE FILED,Dead/Abandoned,False,035,True
27,EXACT,0,75878023,2491425,SIMPLE AS THAT,1999-12-21,710,simpleasthat,CANCELLED - SECTION 8,Dead/Cancelled,False,,False
27,EXACT,0,74260291,1736999,"""SIMPLE AS THAT.""",1992-03-30,710,simpleasthat,CANCELLED - SECTION 8,Dead/Cancelled,False,,False
28,EXACT,0,98472169,,AS IT IS,2024-03-28,748,asitis,STATEMENT OF USE - TO EXAMINER,Live/Pending,True,"009,016,025,035,041",True
28,NEAR_1_SUBSTITUTION,1,90509917,6595737,ASIMIS,2021-02-04,700,asimis,REGISTERED,Live/Registered,True,021,True
28,NEAR_1_SUBSTITUTION,1,86013768,,ACITIS,2013-07-18,606,acitis,ABANDONED - NO STATEMENT OF USE FILED,Dead/Abandoned,False,035,True
28,NEAR_1_DELETION,1,85045504,3963505,ASTIS,2010-05-21,710,astis,CANCELLED - SECTION 8,Dead/Cancelled,False,,False
28,NEAR_1_DELETION,1,77553273,,ASITS,2008-08-22,606,asits,ABANDONED - NO STATEMENT OF USE FILED,Dead/Abandoned,False,009,False
28,NEAR_1_SUBSTITUTION,1,76200236,,ABITIS,2001-01-25,606,abitis,ABANDONED - NO STATEMENT OF USE FILED,Dead/Abandoned,False,042,False
28,NEAR_1_SUBSTITUTION,1,76079181,2522044,OSITIS,2000-06-27,710,ositis,CANCELLED - SECTION 8,Dead/Cancelled,False,,False
28,NEAR_1_DELETION,1,75247903,2197199,SITIS,1997-02-26,710,sitis,CANCELLED - SECTION 8,Dead/Cancelled,False,,False
28,NEAR_1_DELETION,1,74282752,,ASTIS,1992-06-04,606,astis,ABANDONED - NO STATEMENT OF USE FILED,Dead/Abandoned,False,,False
29,EXACT,0,86913560,,AS STATED,2016-02-19,606,asstated,ABANDONED - NO STATEMENT OF USE FILED,Dead/Abandoned,False,025,False
31,EXACT,0,90823299,6824695,TO BE CLEAR,2021-07-12,790,tobeclear,CANCELLATION PENDING,Live/Registered,True,"003,041",True
31,NEAR_1_SUBSTITUTION,1,86383919,4731056,TUBECLEAR,2014-09-03,800,tubeclear,REGISTERED AND RENEWED,Live/Registered,True,010,True
31,NEAR_1_SUBSTITUTION,1,85662925,4373836,TUBECLEAR,2012-06-27,800,tubeclear,REGISTERED AND RENEWED,Live/Registered,True,010,True
31,NEAR_1_DELETION,1,87291459,,TOECLEAR,2017-01-06,606,toeclear,ABANDONED - NO STATEMENT OF USE FILED,Dead/Abandoned,False,005,True
32,EXACT,0,79444439,,BECLEAR,2026-01-15,641,beclear,NON-FINAL ACTION - MAILED,Live/Pending,True,"009,016",False
32,EXACT,0,87880295,5869236,BE CLEAR,2018-04-17,702,beclear,SECTION 8 & 15-ACCEPTED AND ACKNOWLEDGED,Live/Registered,True,035,True
32,EXACT,0,79185322,5139509,BECLEAR,2016-02-02,739,beclear,Section 71 & 15 ACCEPTED AND ACKNOWLEDGED,Live/Registered,True,009,False
32,EXACT,0,88714522,,BE CLEAR,2019-12-04,602,beclear,ABANDONED-FAILURE TO RESPOND OR LATE RESPONSE,Dead/Abandoned,False,003,True
32,EXACT,0,79144592,4697663,BE CLEAR,2013-12-06,404,beclear,IR CANCELLED; US REGISTRATION CANCELLED,Dead/Cancelled,False,,False
32,EXACT,0,85521435,4205198,BECLEAR,2012-01-20,710,beclear,CANCELLED - SECTION 8,Dead/Cancelled,False,,False
32,EXACT,0,77264523,3469184,BE CLEAR,2007-08-26,710,beclear,CANCELLED - SECTION 8,Dead/Cancelled,False,,False
32,EXACT,0,77114732,3550807,BECLEAR,2007-02-23,710,beclear,CANCELLED - SECTION 8,Dead/Cancelled,False,,False
32,EXACT,0,78817555,,BE CLEAR,2006-02-17,606,beclear,ABANDONED - NO STATEMENT OF USE FILED,Dead/Abandoned,False,036,False
32,EXACT,0,75606490,,BE CLEAR,1998-12-16,606,beclear,ABANDONED - NO STATEMENT OF USE FILED,Dead/Abandoned,False,"003,005",True
32,EXACT,0,75517289,,BE CLEAR,1998-07-09,606,beclear,ABANDONED - NO STATEMENT OF USE FILED,Dead/Abandoned,False,032,False
32,NEAR_1_DELETION,1,99708932,,ECLEAR,2026-03-17,630,eclear,NEW APPLICATION - RECORD INITIALIZED NOT ASSIGNED TO EXAMINER,Live/Pending,True,002,False
32,NEAR_1_INSERTION,1,99698863,,BEECLEAR,2026-03-12,630,beeclear,NEW APPLICATION - RECORD INITIALIZED NOT ASSIGNED TO EXAMINER,Live/Pending,True,003,True
32,NEAR_1_DELETION,1,99324773,,B-CLEAR,2025-08-07,653,bclear,SUSPENSION LETTER - MAILED,Live/Pending,True,005,True
32,NEAR_1_INSERTION,1,99322091,8167805,BEECLEAR,2025-08-05,700,beeclear,REGISTERED,Live/Registered,True,005,True
32,NEAR_1_INSERTION,1,98706986,8297257,BEE CLEAR,2024-08-20,700,beeclear,REGISTERED,Live/Registered,True,003,True
32,NEAR_1_DELETION,1,98692293,7792177,E'CLEAR,2024-08-10,700,eclear,REGISTERED,Live/Registered,True,008,False
32,NEAR_1_SUBSTITUTION,1,98619697,,BE CLEAN,2024-06-26,654,beclean,REPORT COMPLETED SUSPENSION CHECK - CASE STILL SUSPENDED,Live/Pending,True,003,True
32,NEAR_1_SUBSTITUTION,1,98358132,8014973,WECLEAR,2024-01-15,700,weclear,REGISTERED,Live/Registered,True,009,False
32,NEAR_1_SUBSTITUTION,1,98332027,7570761,WECLEAR,2023-12-27,700,weclear,REGISTERED,Live/Registered,True,010,True
32,NEAR_1_SUBSTITUTION,1,98332035,7639743,WECLEAR,2023-12-27,700,weclear,REGISTERED,Live/Registered,True,010,True
32,NEAR_1_DELETION,1,98320595,7564008,BCLEAR,2023-12-18,700,bclear,REGISTERED,Live/Registered,True,011,False
32,NEAR_1_DELETION,1,97604924,7538476,BCLEAR,2022-09-23,700,bclear,REGISTERED,Live/Registered,True,001,False
32,NEAR_1_DELETION,1,90037622,6571987,ECLEAR,2020-07-06,700,eclear,REGISTERED,Live/Registered,True,"009,042",False
32,NEAR_1_SUBSTITUTION,1,88865554,6365736,BECLEAN,2020-04-09,700,beclean,REGISTERED,Live/Registered,True,005,True
32,NEAR_1_SUBSTITUTION,1,88637729,6134344,BE-CLEAN,2019-10-01,780,beclean,CANCELLATION TERMINATED - SEE TTAB RECORDS,Live/Registered,True,003,True
32,NEAR_1_SUBSTITUTION,1,88270289,5790031,BV CLEAR,2019-01-22,780,bvclear,CANCELLATION TERMINATED - SEE TTAB RECORDS,Live/Registered,True,"003,005",True
32,NEAR_1_DELETION,1,78651121,3326305,B-CLEAR,2005-06-15,800,bclear,REGISTERED AND RENEWED,Live/Registered,True,001,False
32,NEAR_1_SUBSTITUTION,1,98358101,,WECLEAR,2024-01-15,606,weclear,ABANDONED - NO STATEMENT OF USE FILED,Dead/Abandoned,False,012,False
32,NEAR_1_DELETION,1,97134107,,ECLEAR,2021-11-19,602,eclear,ABANDONED-FAILURE TO RESPOND OR LATE RESPONSE,Dead/Abandoned,False,"005,009,010,011,027,028",True
32,NEAR_1_SUBSTITUTION,1,90454331,,LECLEAR,2021-01-08,610,leclear,TERMINATED AFTER SANCTIONS,Dead,False,,False
32,NEAR_1_SUBSTITUTION,1,88886255,,BE CLEAN,2020-04-24,602,beclean,ABANDONED-FAILURE TO RESPOND OR LATE RESPONSE,Dead/Abandoned,False,003,True
32,NEAR_1_INSERTION,1,88669593,,BEE CLEAR,2019-10-25,602,beeclear,ABANDONED-FAILURE TO RESPOND OR LATE RESPONSE,Dead/Abandoned,False,003,True
32,NEAR_1_DELETION,1,87846933,,B-CLEAR,2018-03-23,606,bclear,ABANDONED - NO STATEMENT OF USE FILED,Dead/Abandoned,False,"005,010",True
32,NEAR_1_DELETION,1,87834299,5589784,ECLEAR,2018-03-14,710,eclear,CANCELLED - SECTION 8,Dead/Cancelled,False,,False
32,NEAR_1_DELETION,1,87834302,,ECLEAR,2018-03-14,602,eclear,ABANDONED-FAILURE TO RESPOND OR LATE RESPONSE,Dead/Abandoned,False,035,True
32,NEAR_1_DELETION,1,87645334,5577173,B-CLEAR,2017-10-13,710,bclear,CANCELLED - SECTION 8,Dead/Cancelled,False,,False
32,NEAR_1_DELETION,1,86705112,4908450,ECLEAR,2015-07-27,710,eclear,CANCELLED - SECTION 8,Dead/Cancelled,False,,False
32,NEAR_1_SUBSTITUTION,1,86147814,,BECLEAN,2013-12-19,606,beclean,ABANDONED - NO STATEMENT OF USE FILED,Dead/Abandoned,False,037,False
32,NEAR_1_SUBSTITUTION,1,86147906,,BE CLEAN,2013-12-19,602,beclean,ABANDONED-FAILURE TO RESPOND OR LATE RESPONSE,Dead/Abandoned,False,037,False
32,NEAR_1_SUBSTITUTION,1,85355025,,SECLEAR,2011-06-24,602,seclear,ABANDONED-FAILURE TO RESPOND OR LATE RESPONSE,Dead/Abandoned,False,005,True
32,NEAR_1_DELETION,1,85326473,,ECLEAR,2011-05-20,606,eclear,ABANDONED - NO STATEMENT OF USE FILED,Dead/Abandoned,False,035,True
32,NEAR_1_SUBSTITUTION,1,77446212,3936174,BE CLEAN,2008-04-11,710,beclean,CANCELLED - SECTION 8,Dead/Cancelled,False,,False
32,NEAR_1_DELETION,1,77407901,3713834,BCLEAR,2008-02-27,710,bclear,CANCELLED - SECTION 8,Dead/Cancelled,False,,False
32,NEAR_1_DELETION,1,78651271,,BCLEAR,2005-06-15,602,bclear,ABANDONED-FAILURE TO RESPOND OR LATE RESPONSE,Dead/Abandoned,False,"009,036,042",False
32,NEAR_1_SUBSTITUTION,1,78555176,3248294,RECLEAR,2005-01-27,710,reclear,CANCELLED - SECTION 8,Dead/Cancelled,False,,False
32,NEAR_1_DELETION,1,78430455,3175999,B CLEAR,2004-06-04,710,bclear,CANCELLED - SECTION 8,Dead/Cancelled,False,,False
32,NEAR_1_DELETION,1,78385873,2984225,B-CLEAR,2004-03-17,710,bclear,CANCELLED - SECTION 8,Dead/Cancelled,False,,False
32,NEAR_1_SUBSTITUTION,1,76390494,,CECLEAR,2002-04-02,606,ceclear,ABANDONED - NO STATEMENT OF USE FILED,Dead/Abandoned,False,001,False
32,NEAR_1_DELETION,1,78105347,2710187,BCLEAR,2002-01-29,710,bclear,CANCELLED - SECTION 8,Dead/Cancelled,False,,False
32,NEAR_1_INSERTION,1,74569476,,BEV-CLEAR,1994-09-02,606,bevclear,ABANDONED - NO STATEMENT OF USE FILED,Dead/Abandoned,False,,False
32,NEAR_1_INSERTION,1,74016904,,BEV-CLEAR,1990-01-08,606,bevclear,ABANDONED - NO STATEMENT OF USE FILED,Dead/Abandoned,False,,False
32,NEAR_1_TRANSPOSITION,1,73111236,1078841,EB-CLEAR,1977-01-03,710,ebclear,CANCELLED - SECTION 8,Dead/Cancelled,False,,False
33,EXACT,0,88369640,,LOUD AND CLEAR,2019-04-03,606,loudandclear,ABANDONED - NO STATEMENT OF USE FILED,Dead/Abandoned,False,027,False
33,EXACT,0,87910545,,LOUD AND CLEAR,2018-05-07,602,loudandclear,ABANDONED-FAILURE TO RESPOND OR LATE RESPONSE,Dead/Abandoned,False,"009,035,041,044",True
33,EXACT,0,79153366,4820172,LOUD AND CLEAR,2014-06-06,709,loudandclear,CANCELLED SECTION 71,Dead/Cancelled,False,,False
33,EXACT,0,85835545,,LOUD AND CLEAR,2013-01-29,602,loudandclear,ABANDONED-FAILURE TO RESPOND OR LATE RESPONSE,Dead/Abandoned,False,009,False
34,EXACT,0,90820801,6615544,CLEAR AS DAY,2021-07-09,700,clearasday,REGISTERED,Live/Registered,True,003,True
34,EXACT,0,87379453,,CLEAR AS DAY,2017-03-21,606,clearasday,ABANDONED - NO STATEMENT OF USE FILED,Dead/Abandoned,False,018,False
35,EXACT,0,88575240,7202232,IN PLAIN SIGHT,2019-08-12,700,inplainsight,REGISTERED,Live/Registered,True,041,False
35,EXACT,0,88984600,6880561,IN PLAIN SIGHT,2019-08-12,700,inplainsight,REGISTERED,Live/Registered,True,043,False
35,EXACT,0,78831489,3514209,IN PLAIN SIGHT,2006-03-07,800,inplainsight,REGISTERED AND RENEWED,Live/Registered,True,041,False
35,EXACT,0,88575192,,IN PLAIN SIGHT,2019-08-12,606,inplainsight,ABANDONED - NO STATEMENT OF USE FILED,Dead/Abandoned,False,043,False
35,NEAR_1_SUBSTITUTION,1,87229297,5222858,IN PLEIN SIGHT,2016-11-08,710,inpleinsight,CANCELLED - SECTION 8,Dead/Cancelled,False,,False
37,EXACT,0,99844634,,FULL VIEW,2026-05-26,630,fullview,NEW APPLICATION - RECORD INITIALIZED NOT ASSIGNED TO EXAMINER,Live/Pending,True,"035,042,044",True
37,EXACT,0,97664018,,FULL VIEW,2022-11-04,734,fullview,FIFTH EXTENSION - GRANTED,Live/Pending,True,"009,016,035,042",True
37,EXACT,0,90455617,7095761,FULLVIEW,2021-01-08,700,fullview,REGISTERED,Live/Registered,True,019,False
37,EXACT,0,90266157,6549112,FULLVIEW,2020-10-20,700,fullview,REGISTERED,Live/Registered,True,001,False
37,EXACT,0,77227263,3551026,FULLVIEW,2007-07-11,800,fullview,REGISTERED AND RENEWED,Live/Registered,True,011,False
37,EXACT,0,76128065,2660348,FULL VIEW,2000-09-14,800,fullview,REGISTERED AND RENEWED,Live/Registered,True,036,False
37,EXACT,0,97663265,,FULLVIEW,2022-11-04,606,fullview,ABANDONED - NO STATEMENT OF USE FILED,Dead/Abandoned,False,"009,016,035,042",True
37,EXACT,0,85831270,4442670,FULLVIEW,2013-01-24,710,fullview,CANCELLED - SECTION 8,Dead/Cancelled,False,,False
37,EXACT,0,85735436,,FULLVIEW,2012-09-21,606,fullview,ABANDONED - NO STATEMENT OF USE FILED,Dead/Abandoned,False,009,False
37,EXACT,0,85144036,4077897,FULLVIEW,2010-10-04,710,fullview,CANCELLED - SECTION 8,Dead/Cancelled,False,,False
37,EXACT,0,79081762,3980184,FULLVIEW,2010-03-29,404,fullview,IR CANCELLED; US REGISTRATION CANCELLED,Dead/Cancelled,False,,False
37,EXACT,0,77622480,3791652,FULL-VIEW,2008-11-26,710,fullview,CANCELLED - SECTION 8,Dead/Cancelled,False,,False
37,EXACT,0,77310249,3507505,FULLVIEW,2007-10-22,710,fullview,CANCELLED - SECTION 8,Dead/Cancelled,False,,False
37,EXACT,0,78938679,3348510,FULLVIEW,2006-07-27,710,fullview,CANCELLED - SECTION 8,Dead/Cancelled,False,,False
37,EXACT,0,76516569,2836218,FULLVIEW,2003-05-22,710,fullview,CANCELLED - SECTION 8,Dead/Cancelled,False,,False
37,EXACT,0,76427971,2832776,FULLVIEW,2002-07-08,710,fullview,CANCELLED - SECTION 8,Dead/Cancelled,False,,False
37,EXACT,0,78133371,,FULLVIEW,2002-06-05,602,fullview,ABANDONED-FAILURE TO RESPOND OR LATE RESPONSE,Dead/Abandoned,False,009,False
37,EXACT,0,75388916,2298762,FULLVIEW,1997-11-12,710,fullview,CANCELLED - SECTION 8,Dead/Cancelled,False,,False
37,EXACT,0,75355581,2393854,FULLVIEW,1997-09-12,710,fullview,CANCELLED - SECTION 8,Dead/Cancelled,False,,False
37,EXACT,0,74679131,1973763,FULLVIEW,1995-05-23,710,fullview,CANCELLED - SECTION 8,Dead/Cancelled,False,,False
37,EXACT,0,74608932,,FULL-VIEW,1994-12-09,601,fullview,ABANDONED - EXPRESS,Dead/Abandoned,False,,False
37,EXACT,0,74483362,1954063,FULLVIEW,1994-01-27,710,fullview,CANCELLED - SECTION 8,Dead/Cancelled,False,,False
37,EXACT,0,74420240,,FULL VIEW,1993-08-02,606,fullview,ABANDONED - NO STATEMENT OF USE FILED,Dead/Abandoned,False,,False
37,EXACT,0,73794967,1591786,FULLVIEW,1989-04-21,710,fullview,CANCELLED - SECTION 8,Dead/Cancelled,False,,False
37,EXACT,0,73771677,,FULLVIEW,1988-12-27,602,fullview,ABANDONED-FAILURE TO RESPOND OR LATE RESPONSE,Dead/Abandoned,False,,False
37,EXACT,0,73537700,1401889,FULLVIEW,1985-05-15,710,fullview,CANCELLED - SECTION 8,Dead/Cancelled,False,,False
37,EXACT,0,73366501,1256436,FULLVIEW,1982-05-25,710,fullview,CANCELLED - SECTION 8,Dead/Cancelled,False,,False
37,EXACT,0,73314507,,FULLVIEW,1981-06-12,603,fullview,ABANDONED - AFTER EX PARTE APPEAL,Dead/Abandoned,False,,False
37,EXACT,0,73120416,1079713,FULL VIEW,1977-03-25,900,fullview,EXPIRED,Dead/Expired,False,,False
37,EXACT,0,71656542,0614370,FULL-VIEW,1953-11-18,710,fullview,CANCELLED - SECTION 8,Dead/Cancelled,False,,False
37,EXACT,0,71637269,0597592,FULL VIEW,1952-10-28,900,fullview,EXPIRED,Dead/Expired,False,,False
37,NEAR_1_SUBSTITUTION,1,90385270,6507355,FULOVIEW,2020-12-16,700,fuloview,REGISTERED,Live/Registered,True,011,False
37,NEAR_1_SUBSTITUTION,1,77460400,,FUELVIEW,2008-04-29,602,fuelview,ABANDONED-FAILURE TO RESPOND OR LATE RESPONSE,Dead/Abandoned,False,042,False
37,NEAR_1_SUBSTITUTION,1,75764203,2351948,FUELVIEW,1999-07-30,710,fuelview,CANCELLED - SECTION 8,Dead/Cancelled,False,,False
37,NEAR_1_DELETION,1,73078369,1073637,FUL-VIEW,1976-02-25,710,fulview,CANCELLED - SECTION 8,Dead/Cancelled,False,,False
38,EXACT,0,99922030,,PLAINVIEW,2026-07-04,630,plainview,NEW APPLICATION - RECORD INITIALIZED NOT ASSIGNED TO EXAMINER,Live/Pending,True,025,False
38,EXACT,0,97635619,7531381,PLAINVIEW,2022-10-17,700,plainview,REGISTERED,Live/Registered,True,032,False
38,EXACT,0,88441078,5963477,PLAINVIEW,2019-05-22,702,plainview,SECTION 8 & 15-ACCEPTED AND ACKNOWLEDGED,Live/Registered,True,005,True
38,EXACT,0,87721094,,PLAINVIEW,2017-12-14,606,plainview,ABANDONED - NO STATEMENT OF USE FILED,Dead/Abandoned,False,"025,026",False
38,EXACT,0,86702753,,PLAINVIEW,2015-07-23,606,plainview,ABANDONED - NO STATEMENT OF USE FILED,Dead/Abandoned,False,005,True
38,EXACT,0,86083578,4533289,PLAINVIEW,2013-10-05,710,plainview,CANCELLED - SECTION 8,Dead/Cancelled,False,,False
38,EXACT,0,85687352,,PLAINVIEW,2012-07-26,606,plainview,ABANDONED - NO STATEMENT OF USE FILED,Dead/Abandoned,False,005,True
38,EXACT,0,77671321,,PLAINVIEW,2009-02-16,606,plainview,ABANDONED - NO STATEMENT OF USE FILED,Dead/Abandoned,False,005,True
38,EXACT,0,75677732,2805142,PLAINVIEW,1999-04-08,710,plainview,CANCELLED - SECTION 8,Dead/Cancelled,False,,False
38,EXACT,0,75427480,2266561,PLAINVIEW,1998-02-02,710,plainview,CANCELLED - SECTION 8,Dead/Cancelled,False,,False
38,NEAR_1_DELETION,1,88348713,6092012,PLANVIEW,2019-03-20,700,planview,REGISTERED,Live/Registered,True,"009,016,035,042",True
38,NEAR_1_DELETION,1,86409837,4716470,PLANVIEW,2014-09-30,800,planview,REGISTERED AND RENEWED,Live/Registered,True,042,False
38,NEAR_1_DELETION,1,77483745,3621936,PLANVIEW,2008-05-27,800,planview,REGISTERED AND RENEWED,Live/Registered,True,009,False
38,NEAR_1_DELETION,1,77483801,3621937,PLANVIEW,2008-05-27,800,planview,REGISTERED AND RENEWED,Live/Registered,True,016,False
38,NEAR_1_DELETION,1,77483820,3621938,PLANVIEW,2008-05-27,800,planview,REGISTERED AND RENEWED,Live/Registered,True,035,True
38,NEAR_1_DELETION,1,77483838,3621939,PLANVIEW,2008-05-27,800,planview,REGISTERED AND RENEWED,Live/Registered,True,042,False
38,NEAR_1_DELETION,1,78938030,3242432,PLANVIEW,2006-07-26,800,planview,REGISTERED AND RENEWED,Live/Registered,True,016,False
38,NEAR_1_DELETION,1,78937123,3242401,PLANVIEW,2006-07-25,800,planview,REGISTERED AND RENEWED,Live/Registered,True,009,False
38,NEAR_1_DELETION,1,78937143,3233492,PLANVIEW,2006-07-25,800,planview,REGISTERED AND RENEWED,Live/Registered,True,035,True
38,NEAR_1_DELETION,1,78937167,3223116,PLANVIEW,2006-07-25,800,planview,REGISTERED AND RENEWED,Live/Registered,True,042,False
38,NEAR_1_INSERTION,1,78788585,3174074,PLAINVIEWS,2006-01-10,800,plainviews,REGISTERED AND RENEWED,Live/Registered,True,041,False
38,NEAR_1_DELETION,1,75019261,2020657,PLANVIEW,1995-11-15,800,planview,REGISTERED AND RENEWED,Live/Registered,True,009,False
38,NEAR_1_DELETION,1,74104777,1699010,PLANVIEW,1990-10-09,800,planview,REGISTERED AND RENEWED,Live/Registered,True,"016,020",False
38,NEAR_1_DELETION,1,88188782,,PLANVIEW,2018-11-09,604,planview,ABANDONED - AFTER INTER-PARTES DECISION,Dead/Abandoned,False,,False
38,NEAR_1_SUBSTITUTION,1,77546054,,PLEINVIEW,2008-08-13,602,pleinview,ABANDONED-FAILURE TO RESPOND OR LATE RESPONSE,Dead/Abandoned,False,016,False
38,NEAR_1_DELETION,1,78847099,3232899,PLANVIEW,2006-03-27,710,planview,CANCELLED - SECTION 8,Dead/Cancelled,False,,False
38,NEAR_1_DELETION,1,78847148,3241775,PLANVIEW,2006-03-27,710,planview,CANCELLED - SECTION 8,Dead/Cancelled,False,,False
38,NEAR_1_DELETION,1,78847170,3241776,PLANVIEW,2006-03-27,710,planview,CANCELLED - SECTION 8,Dead/Cancelled,False,,False
38,NEAR_1_DELETION,1,78847183,,PLANVIEW,2006-03-27,602,planview,ABANDONED-FAILURE TO RESPOND OR LATE RESPONSE,Dead/Abandoned,False,042,False
38,NEAR_1_SUBSTITUTION,1,76315432,2665933,PLAY 'N VIEW,2001-09-21,710,playnview,CANCELLED - SECTION 8,Dead/Cancelled,False,,False
38,NEAR_1_DELETION,1,74242893,1720048,PLANVIEW,1992-01-30,710,planview,CANCELLED - SECTION 8,Dead/Cancelled,False,,False
38,NEAR_1_DELETION,1,74187468,1743480,PLANVIEW,1991-07-22,710,planview,CANCELLED - SECTION 8,Dead/Cancelled,False,,False
38,NEAR_1_DELETION,1,73155021,1116408,PLAN VIEW,1978-01-12,710,planview,CANCELLED - SECTION 8,Dead/Cancelled,False,,False
39,EXACT,0,88340478,6108801,FACE VALUE,2019-03-14,700,facevalue,REGISTERED,Live/Registered,True,033,False
39,EXACT,0,87396031,5366436,FACE VALUE,2017-04-03,702,facevalue,SECTION 8 & 15-ACCEPTED AND ACKNOWLEDGED,Live/Registered,True,041,False
39,EXACT,0,76580304,3077172,FACE VALUE,2004-03-11,800,facevalue,REGISTERED AND RENEWED,Live/Registered,True,028,False
39,EXACT,0,90218849,,FACE VALUE,2020-09-28,602,facevalue,ABANDONED-FAILURE TO RESPOND OR LATE RESPONSE,Dead/Abandoned,False,025,False
39,EXACT,0,88050716,,FACEVALUE,2018-07-24,602,facevalue,ABANDONED-FAILURE TO RESPOND OR LATE RESPONSE,Dead/Abandoned,False,041,False
39,EXACT,0,86906884,,FACE VALUE,2016-02-12,602,facevalue,ABANDONED-FAILURE TO RESPOND OR LATE RESPONSE,Dead/Abandoned,False,003,True
39,EXACT,0,77703216,3832725,FACE VALUE,2009-03-31,710,facevalue,CANCELLED - SECTION 8,Dead/Cancelled,False,,False
39,EXACT,0,77262498,3469178,FACE VALUE,2007-08-23,710,facevalue,CANCELLED - SECTION 8,Dead/Cancelled,False,,False
39,EXACT,0,77132757,3373709,FACE VALUE,2007-03-16,710,facevalue,CANCELLED - SECTION 8,Dead/Cancelled,False,,False
39,EXACT,0,76580302,,FACE VALUE,2004-03-11,602,facevalue,ABANDONED-FAILURE TO RESPOND OR LATE RESPONSE,Dead/Abandoned,False,041,False
39,EXACT,0,76414270,,FACE VALUE,2002-05-30,606,facevalue,ABANDONED - NO STATEMENT OF USE FILED,Dead/Abandoned,False,018,False
39,EXACT,0,76367834,,FACEVALUE,2002-02-07,602,facevalue,ABANDONED-FAILURE TO RESPOND OR LATE RESPONSE,Dead/Abandoned,False,009,False
39,EXACT,0,75871755,2526673,FACEVALUE,1999-12-14,710,facevalue,CANCELLED - SECTION 8,Dead/Cancelled,False,,False
39,EXACT,0,75396890,,FACE VALUE,1997-11-26,602,facevalue,ABANDONED-FAILURE TO RESPOND OR LATE RESPONSE,Dead/Abandoned,False,,False
39,EXACT,0,75116726,,FACE VALUE,1996-06-10,602,facevalue,ABANDONED-FAILURE TO RESPOND OR LATE RESPONSE,Dead/Abandoned,False,,False
39,EXACT,0,74548630,1942270,FACE VALUE,1994-06-30,710,facevalue,CANCELLED - SECTION 8,Dead/Cancelled,False,,False
39,EXACT,0,74537505,,FACE VALUE,1994-06-14,606,facevalue,ABANDONED - NO STATEMENT OF USE FILED,Dead/Abandoned,False,,False
39,EXACT,0,73666034,,FACE VALUE,1987-05-13,602,facevalue,ABANDONED-FAILURE TO RESPOND OR LATE RESPONSE,Dead/Abandoned,False,,False
39,EXACT,0,73465085,,FACE VALUE,1984-02-10,602,facevalue,ABANDONED-FAILURE TO RESPOND OR LATE RESPONSE,Dead/Abandoned,False,,False
39,NEAR_1_SUBSTITUTION,1,88418960,5948258,FAKE VALUE,2019-05-07,700,fakevalue,REGISTERED,Live/Registered,True,"009,025,035",True
39,NEAR_1_INSERTION,1,87067278,5546445,FACE VALUES,2016-06-10,705,facevalues,PARTIAL SECTION 8 & 15 ACCEPTED AND ACKNOWLEDGED,Live/Registered,True,"003,008,021,024,026",True
39,NEAR_1_INSERTION,1,87067298,5576329,FACE VALUES,2016-06-10,702,facevalues,SECTION 8 & 15-ACCEPTED AND ACKNOWLEDGED,Live/Registered,True,"005,008,026",True
39,NEAR_1_INSERTION,1,77472688,3733191,FACE VALUES,2008-05-13,800,facevalues,REGISTERED AND RENEWED,Live/Registered,True,035,True
39,NEAR_1_INSERTION,1,78619407,3336180,FACE VALUES,2005-04-28,800,facevalues,REGISTERED AND RENEWED,Live/Registered,True,035,True
39,NEAR_1_DELETION,1,85229607,4031274,FACE-VAL-U,2011-01-30,710,facevalu,CANCELLED - SECTION 8,Dead/Cancelled,False,,False
39,NEAR_1_INSERTION,1,78377152,3075610,FACE VALUES,2004-03-02,710,facevalues,CANCELLED - SECTION 8,Dead/Cancelled,False,,False
39,NEAR_1_DELETION,1,78075468,2856687,FACE-VAL-U,2001-07-24,710,facevalu,CANCELLED - SECTION 8,Dead/Cancelled,False,,False
39,NEAR_1_INSERTION,1,74292644,1818306,FACE VALUES,1992-07-09,710,facevalues,CANCELLED - SECTION 8,Dead/Cancelled,False,,False
40,EXACT,0,73734606,1562260,BARE FACTS,1988-06-16,710,barefacts,CANCELLED - SECTION 8,Dead/Cancelled,False,,False
40,EXACT,0,73405732,,BARE FACTS,1982-12-13,602,barefacts,ABANDONED-FAILURE TO RESPOND OR LATE RESPONSE,Dead/Abandoned,False,,False
40,EXACT,0,73076030,1063664,BARE FACTS,1976-02-02,710,barefacts,CANCELLED - SECTION 8,Dead/Cancelled,False,,False
40,EXACT,0,72210381,0808539,BARE FACTS,1965-01-21,900,barefacts,EXPIRED,Dead/Expired,False,,False
40,NEAR_1_SUBSTITUTION,1,99187739,,CAREFACTS,2025-05-15,645,carefacts,FINAL REFUSAL - MAILED,Live/Pending,True,041,False
40,NEAR_1_SUBSTITUTION,1,97332444,,BARE FACES,2022-03-26,602,barefaces,ABANDONED-FAILURE TO RESPOND OR LATE RESPONSE,Dead/Abandoned,False,044,True
40,NEAR_1_SUBSTITUTION,1,97332464,,BARE FACES,2022-03-26,602,barefaces,ABANDONED-FAILURE TO RESPOND OR LATE RESPONSE,Dead/Abandoned,False,044,True
40,NEAR_1_SUBSTITUTION,1,78848421,3202004,CAREFACTS,2006-03-28,710,carefacts,CANCELLED - SECTION 8,Dead/Cancelled,False,,False
40,NEAR_1_SUBSTITUTION,1,78165384,2805984,CARE FACTS,2002-09-18,710,carefacts,CANCELLED - SECTION 8,Dead/Cancelled,False,,False
41,EXACT,0,97176801,6954224,FACE FACTS,2021-12-17,700,facefacts,REGISTERED,Live/Registered,True,003,True
41,EXACT,0,88453083,,FACE FACTS,2019-05-30,606,facefacts,ABANDONED - NO STATEMENT OF USE FILED,Dead/Abandoned,False,041,False
41,EXACT,0,76686271,3656229,FACE FACTS,2008-01-29,710,facefacts,CANCELLED - SECTION 8,Dead/Cancelled,False,,False
41,EXACT,0,77140961,3351575,FACEFACTS,2007-03-27,710,facefacts,CANCELLED - SECTION 8,Dead/Cancelled,False,,False
41,EXACT,0,75686800,2321897,FACEFACTS!,1999-04-20,710,facefacts,CANCELLED - SECTION 8,Dead/Cancelled,False,,False
41,EXACT,0,73732952,1523471,F.A.C.E. FACTS,1988-06-07,710,facefacts,CANCELLED - SECTION 8,Dead/Cancelled,False,,False
41,EXACT,0,73466142,1352734,FACE FACTS,1984-02-17,710,facefacts,CANCELLED - SECTION 8,Dead/Cancelled,False,,False
41,EXACT,0,73300645,1217203,FACE FACTS,1981-03-10,710,facefacts,CANCELLED - SECTION 8,Dead/Cancelled,False,,False
41,EXACT,0,73192351,1136542,FACE FACTS,1978-11-06,710,facefacts,CANCELLED - SECTION 8,Dead/Cancelled,False,,False
41,NEAR_1_INSERTION,1,78130328,2843875,FACE FACTS # 5,2002-05-21,710,facefacts5,CANCELLED - SECTION 8,Dead/Cancelled,False,,False
43,EXACT,0,76492580,2791019,HARD FACTS,2003-02-25,710,hardfacts,CANCELLED - SECTION 8,Dead/Cancelled,False,,False
43,EXACT,0,74121326,1667897,HARD FACTS,1990-12-07,710,hardfacts,CANCELLED - SECTION 8,Dead/Cancelled,False,,False
43,EXACT,0,74035155,,HARD FACTS,1990-03-05,602,hardfacts,ABANDONED-FAILURE TO RESPOND OR LATE RESPONSE,Dead/Abandoned,False,,False
43,NEAR_1_SUBSTITUTION,1,85630301,,CARDFACTS,2012-05-21,601,cardfacts,ABANDONED - EXPRESS,Dead/Abandoned,False,041,False
43,NEAR_1_SUBSTITUTION,1,75327313,2169674,HART FACTS,1997-07-21,710,hartfacts,CANCELLED - SECTION 8,Dead/Cancelled,False,,False
43,NEAR_1_SUBSTITUTION,1,74242444,1803921,CARDFACTS,1992-01-31,710,cardfacts,CANCELLED - SECTION 8,Dead/Cancelled,False,,False
44,NEAR_1_DELETION,1,87618514,5572356,PLANFACTS,2017-09-22,710,planfacts,CANCELLED - SECTION 8,Dead/Cancelled,False,,False
44,NEAR_1_DELETION,1,85002167,3936010,PLANFACTS,2010-03-30,710,planfacts,CANCELLED - SECTION 8,Dead/Cancelled,False,,False
45,NEAR_1_INSERTION,1,99644750,,TRUTH B TOLD,2026-02-10,641,truthbtold,NON-FINAL ACTION - MAILED,Live/Pending,True,041,False
46,EXACT,0,98726577,,TRUTH BE TOLD,2024-08-30,730,truthbetold,FIRST EXTENSION - GRANTED,Live/Pending,True,041,False
46,EXACT,0,97680119,7248656,TRUTH BE TOLD,2022-11-16,700,truthbetold,REGISTERED,Live/Registered,True,003,True
46,EXACT,0,88236739,6397056,TRUTH BE TOLD,2018-12-20,700,truthbetold,REGISTERED,Live/Registered,True,033,False
46,EXACT,0,97484488,,TRUTH BE TOLD,2022-06-30,606,truthbetold,ABANDONED - NO STATEMENT OF USE FILED,Dead/Abandoned,False,025,False
46,EXACT,0,88668920,,TRUTH BE TOLD.,2019-10-25,606,truthbetold,ABANDONED - NO STATEMENT OF USE FILED,Dead/Abandoned,False,"035,041",True
46,EXACT,0,86852953,5192224,TRUTH BE TOLD,2015-12-17,710,truthbetold,CANCELLED - SECTION 8,Dead/Cancelled,False,,False
46,EXACT,0,86344123,4695560,TRUTH BE TOLD,2014-07-22,710,truthbetold,CANCELLED - SECTION 8,Dead/Cancelled,False,,False
46,EXACT,0,85353068,,TRUTH BE TOLD,2011-06-22,606,truthbetold,ABANDONED - NO STATEMENT OF USE FILED,Dead/Abandoned,False,041,False
46,EXACT,0,77296887,3772122,TRUTH BE TOLD,2007-10-05,710,truthbetold,CANCELLED - SECTION 8,Dead/Cancelled,False,,False
46,EXACT,0,77214584,,TRUTH BE TOLD,2007-06-25,606,truthbetold,ABANDONED - NO STATEMENT OF USE FILED,Dead/Abandoned,False,038,False
46,EXACT,0,78401516,,TRUTH BE TOLD,2004-04-14,606,truthbetold,ABANDONED - NO STATEMENT OF USE FILED,Dead/Abandoned,False,028,False
46,EXACT,0,76536956,3047401,TRUTH BE TOLD,2003-07-31,710,truthbetold,CANCELLED - SECTION 8,Dead/Cancelled,False,,False
46,EXACT,0,76529083,2853225,TRUTH BE TOLD,2003-07-11,710,truthbetold,CANCELLED - SECTION 8,Dead/Cancelled,False,,False
46,NEAR_1_DELETION,1,99644750,,TRUTH B TOLD,2026-02-10,641,truthbtold,NON-FINAL ACTION - MAILED,Live/Pending,True,041,False
46,NEAR_1_SUBSTITUTION,1,98038377,7672982,TRUTH BE BOLD,2023-06-12,700,truthbebold,REGISTERED,Live/Registered,True,"003,035",True
46,NEAR_1_INSERTION,1,90865516,,TRUTHE BE TOLD,2021-08-04,602,truthebetold,ABANDONED-FAILURE TO RESPOND OR LATE RESPONSE,Dead/Abandoned,False,041,False
46,NEAR_1_SUBSTITUTION,1,90774584,,TRUTH BE BOLD,2021-06-15,606,truthbebold,ABANDONED - NO STATEMENT OF USE FILED,Dead/Abandoned,False,"038,041",False
46,NEAR_1_SUBSTITUTION,1,88927452,,7RUTH BE TOLD,2020-05-21,602,7ruthbetold,ABANDONED-FAILURE TO RESPOND OR LATE RESPONSE,Dead/Abandoned,False,041,False
46,NEAR_1_SUBSTITUTION,1,88113681,,7RUTH BE TOLD,2018-09-12,602,7ruthbetold,ABANDONED-FAILURE TO RESPOND OR LATE RESPONSE,Dead/Abandoned,False,035,True
47,EXACT,0,86914690,5053865,ALL TOLD,2016-02-22,710,alltold,CANCELLED - SECTION 8,Dead/Cancelled,False,,False
47,NEAR_1_SUBSTITUTION,1,97134596,6934674,ALLTOLY,2021-11-19,783,alltoly,CANCELLED RECONSIDERED,Dead/Cancelled,False,,False
47,NEAR_1_SUBSTITUTION,1,85595150,,ALL GOLD,2012-04-11,606,allgold,ABANDONED - NO STATEMENT OF USE FILED,Dead/Abandoned,False,030,False
47,NEAR_1_SUBSTITUTION,1,78184585,2998879,ALL GOLD,2002-11-13,710,allgold,CANCELLED - SECTION 8,Dead/Cancelled,False,,False
47,NEAR_1_SUBSTITUTION,1,75724014,,ALL GOLD,1999-06-08,602,allgold,ABANDONED-FAILURE TO RESPOND OR LATE RESPONSE,Dead/Abandoned,False,030,False
47,NEAR_1_SUBSTITUTION,1,75658678,,ALL GOLD,1999-03-11,606,allgold,ABANDONED - NO STATEMENT OF USE FILED,Dead/Abandoned,False,030,False
47,NEAR_1_SUBSTITUTION,1,73100596,1068652,ALL GOLD,1976-09-21,710,allgold,CANCELLED - SECTION 8,Dead/Cancelled,False,,False
48,EXACT,0,87940253,5846562,WHOLESTORY,2018-05-29,702,wholestory,SECTION 8 & 15-ACCEPTED AND ACKNOWLEDGED,Live/Registered,True,042,False
48,EXACT,0,85311402,4053172,WHOLE STORY,2011-05-03,800,wholestory,REGISTERED AND RENEWED,Live/Registered,True,041,False
49,EXACT,0,86232645,4658770,FULLSTORY,2014-03-26,800,fullstory,REGISTERED AND RENEWED,Live/Registered,True,"035,042",True
49,EXACT,0,78871114,3194193,FULL STORY,2006-04-27,800,fullstory,REGISTERED AND RENEWED,Live/Registered,True,003,True
49,NEAR_1_SUBSTITUTION,1,99208029,,FALLSTORY,2025-05-29,688,fallstory,NOTICE OF ALLOWANCE - ISSUED,Live/Pending,True,025,False
50,EXACT,0,99904139,,TRUE STORY,2026-06-24,630,truestory,NEW APPLICATION - RECORD INITIALIZED NOT ASSIGNED TO EXAMINER,Live/Pending,True,"029,035,043",True
50,EXACT,0,99904153,,TRUE STORY,2026-06-24,630,truestory,NEW APPLICATION - RECORD INITIALIZED NOT ASSIGNED TO EXAMINER,Live/Pending,True,"029,035,043",True
50,EXACT,0,99502253,,TRUE STORY,2025-11-18,661,truestory,RESPONSE AFTER NON-FINAL ACTION - ENTERED,Live/Pending,True,036,False
50,EXACT,0,98277367,7699287,TRUE STORY,2023-11-20,700,truestory,REGISTERED,Live/Registered,True,034,False
50,EXACT,0,97589337,7194741,TRUE STORY,2022-09-13,700,truestory,REGISTERED,Live/Registered,True,016,False
50,EXACT,0,97012922,6858962,TRUESTORY,2021-09-05,700,truestory,REGISTERED,Live/Registered,True,011,False
50,EXACT,0,90465002,6761870,TRUE STORY,2021-01-14,700,truestory,REGISTERED,Live/Registered,True,025,False
50,EXACT,0,86362772,5246752,TRUE STORY,2014-08-11,702,truestory,SECTION 8 & 15-ACCEPTED AND ACKNOWLEDGED,Live/Registered,True,029,False
50,EXACT,0,86036971,5317322,TRUE STORY,2013-08-13,702,truestory,SECTION 8 & 15-ACCEPTED AND ACKNOWLEDGED,Live/Registered,True,029,False
50,EXACT,0,85979845,4423190,TRUE STORY,2012-01-31,800,truestory,REGISTERED AND RENEWED,Live/Registered,True,029,False
50,EXACT,0,77615177,3724567,TRUE STORY.,2008-11-14,800,truestory,REGISTERED AND RENEWED,Live/Registered,True,042,False
50,EXACT,0,98117570,,TRUE STORY,2023-08-04,602,truestory,ABANDONED-FAILURE TO RESPOND OR LATE RESPONSE,Dead/Abandoned,False,033,False
50,EXACT,0,97656782,,TRUE STORY,2022-11-01,606,truestory,ABANDONED - NO STATEMENT OF USE FILED,Dead/Abandoned,False,005,True
50,EXACT,0,97654683,,TRUE STORY,2022-10-31,606,truestory,ABANDONED - NO STATEMENT OF USE FILED,Dead/Abandoned,False,003,True
50,EXACT,0,97389287,,TRUE STORY,2022-04-29,606,truestory,ABANDONED - NO STATEMENT OF USE FILED,Dead/Abandoned,False,036,False
50,EXACT,0,87601863,,TRUE STORY,2017-09-08,606,truestory,ABANDONED - NO STATEMENT OF USE FILED,Dead/Abandoned,False,"029,030",False
50,EXACT,0,87144219,,TRUE STORY,2016-08-19,602,truestory,ABANDONED-FAILURE TO RESPOND OR LATE RESPONSE,Dead/Abandoned,False,"016,025",False
50,EXACT,0,86625862,,TRUESTORY,2015-05-11,602,truestory,ABANDONED-FAILURE TO RESPOND OR LATE RESPONSE,Dead/Abandoned,False,009,False
50,EXACT,0,86572858,,TRUE STORY,2015-03-23,602,truestory,ABANDONED-FAILURE TO RESPOND OR LATE RESPONSE,Dead/Abandoned,False,041,False
50,EXACT,0,86442704,,TRUE STORY,2014-11-03,602,truestory,ABANDONED-FAILURE TO RESPOND OR LATE RESPONSE,Dead/Abandoned,False,033,False
50,EXACT,0,86114485,,TRUE STORY,2013-11-08,602,truestory,ABANDONED-FAILURE TO RESPOND OR LATE RESPONSE,Dead/Abandoned,False,033,False
50,EXACT,0,85530336,,TRUE STORY,2012-01-31,606,truestory,ABANDONED - NO STATEMENT OF USE FILED,Dead/Abandoned,False,029,False
50,EXACT,0,85074120,,TRUE STORY,2010-06-29,606,truestory,ABANDONED - NO STATEMENT OF USE FILED,Dead/Abandoned,False,033,False
50,EXACT,0,75596740,2359574,TRUE STORY,1998-11-17,710,truestory,CANCELLED - SECTION 8,Dead/Cancelled,False,,False
50,EXACT,0,73624400,1515337,TRUE STORY,1986-10-06,710,truestory,CANCELLED - SECTION 8,Dead/Cancelled,False,,False
50,EXACT,0,73085228,1068103,TRUE STORY,1976-04-27,710,truestory,CANCELLED - SECTION 8,Dead/Cancelled,False,,False
50,NEAR_1_SUBSTITUTION,1,88593247,6065911,TREESTORY,2019-08-26,702,treestory,SECTION 8 & 15-ACCEPTED AND ACKNOWLEDGED,Live/Registered,True,044,True
50,NEAR_1_DELETION,1,88490212,5960036,TRUSTORY,2019-06-26,702,trustory,SECTION 8 & 15-ACCEPTED AND ACKNOWLEDGED,Live/Registered,True,041,False
50,NEAR_1_DELETION,1,77951470,3949928,TRÛ STORY,2010-03-05,800,trustory,REGISTERED AND RENEWED,Live/Registered,True,041,False
50,NEAR_1_SUBSTITUTION,1,97517120,,TRUE ST0RY,2022-07-23,602,truest0ry,ABANDONED-FAILURE TO RESPOND OR LATE RESPONSE,Dead/Abandoned,False,014,False
50,NEAR_1_DELETION,1,88104367,5909772,TRUSTORY,2018-09-04,710,trustory,CANCELLED - SECTION 8,Dead/Cancelled,False,,False
50,NEAR_1_DELETION,1,88104370,5909773,TRUSTORY,2018-09-04,710,trustory,CANCELLED - SECTION 8,Dead/Cancelled,False,,False
50,NEAR_1_DELETION,1,87643337,,TRUESTOR,2017-10-12,602,truestor,ABANDONED-FAILURE TO RESPOND OR LATE RESPONSE,Dead/Abandoned,False,009,False
50,NEAR_1_DELETION,1,87119059,,TRUSTORY,2016-07-28,606,trustory,ABANDONED - NO STATEMENT OF USE FILED,Dead/Abandoned,False,044,True
50,NEAR_1_SUBSTITUTION,1,86519867,,TREE STORY,2015-01-30,606,treestory,ABANDONED - NO STATEMENT OF USE FILED,Dead/Abandoned,False,009,False
50,NEAR_1_SUBSTITUTION,1,86497087,4794535,TREE STORY,2015-01-07,710,treestory,CANCELLED - SECTION 8,Dead/Cancelled,False,,False
50,NEAR_1_SUBSTITUTION,1,86497089,4794537,TREE STORY,2015-01-07,710,treestory,CANCELLED - SECTION 8,Dead/Cancelled,False,,False
50,NEAR_1_DELETION,1,86042741,4505136,TRU STORY,2013-08-20,710,trustory,CANCELLED - SECTION 8,Dead/Cancelled,False,,False
50,NEAR_1_SUBSTITUTION,1,85749437,4468702,TRUESTORE,2012-10-09,710,truestore,CANCELLED - SECTION 8,Dead/Cancelled,False,,False
50,NEAR_1_SUBSTITUTION,1,85309979,4067048,TREESTORY,2011-05-02,710,treestory,CANCELLED - SECTION 8,Dead/Cancelled,False,,False
50,NEAR_1_DELETION,1,85096971,,TRUSTORY,2010-07-30,606,trustory,ABANDONED - NO STATEMENT OF USE FILED,Dead/Abandoned,False,044,True
50,NEAR_1_DELETION,1,77951529,3860482,TRU STORY,2010-03-05,710,trustory,CANCELLED - SECTION 8,Dead/Cancelled,False,,False
50,NEAR_1_INSERTION,1,77494830,4932636,A TRUE STORY,2008-06-10,710,atruestory,CANCELLED - SECTION 8,Dead/Cancelled,False,,False
50,NEAR_1_SUBSTITUTION,1,78207244,2893157,TRUESTORE,2003-01-27,710,truestore,CANCELLED - SECTION 8,Dead/Cancelled,False,,False
50,NEAR_1_INSERTION,1,76152802,2661607,A TRUE STORY,2000-10-24,710,atruestory,CANCELLED - SECTION 8,Dead/Cancelled,False,,False
50,NEAR_1_SUBSTITUTION,1,78012177,2733316,TREESTORY,2000-06-12,710,treestory,CANCELLED - SECTION 8,Dead/Cancelled,False,,False
51,EXACT,0,98514619,,TELL ALL,2024-04-23,661,tellall,RESPONSE AFTER NON-FINAL ACTION - ENTERED,Live/Pending,True,003,True
51,EXACT,0,86381961,,TELL-ALL,2014-08-31,606,tellall,ABANDONED - NO STATEMENT OF USE FILED,Dead/Abandoned,False,033,False
51,EXACT,0,86013222,4488211,TELLALL,2013-07-17,710,tellall,CANCELLED - SECTION 8,Dead/Cancelled,False,,False
51,EXACT,0,73353512,1231068,TELL-ALL,1982-03-08,710,tellall,CANCELLED - SECTION 8,Dead/Cancelled,False,,False
51,NEAR_1_DELETION,1,87307117,,TELALL,2017-01-19,606,telall,ABANDONED - NO STATEMENT OF USE FILED,Dead/Abandoned,False,"009,035,038,041,042",True
51,NEAR_1_DELETION,1,85395859,4286660,TEL-ALL,2011-08-11,710,telall,CANCELLED - SECTION 8,Dead/Cancelled,False,,False
51,NEAR_1_SUBSTITUTION,1,76679501,,TELCALL,2007-07-12,606,telcall,ABANDONED - NO STATEMENT OF USE FILED,Dead/Abandoned,False,035,True
51,NEAR_1_SUBSTITUTION,1,75380992,,TELCALL,1997-10-28,602,telcall,ABANDONED-FAILURE TO RESPOND OR LATE RESPONSE,Dead/Abandoned,False,,False
51,NEAR_1_DELETION,1,75223541,,TELALL,1997-01-10,606,telall,ABANDONED - NO STATEMENT OF USE FILED,Dead/Abandoned,False,005,True
51,NEAR_1_DELETION,1,75210773,2177911,TELALL,1996-12-10,710,telall,CANCELLED - SECTION 8,Dead/Cancelled,False,,False
51,NEAR_1_DELETION,1,74012176,1635707,TELALL,1989-12-18,710,telall,CANCELLED - SECTION 8,Dead/Cancelled,False,,False
51,NEAR_1_DELETION,1,73429647,1287740,TEL ALL,1983-06-10,710,telall,CANCELLED - SECTION 8,Dead/Cancelled,False,,False
51,NEAR_1_SUBSTITUTION,1,73410160,1365078,TEL/CALL,1983-01-20,710,telcall,CANCELLED - SECTION 8,Dead/Cancelled,False,,False
52,EXACT,0,77813666,,HERE'S WHY,2009-08-26,606,hereswhy,ABANDONED - NO STATEMENT OF USE FILED,Dead/Abandoned,False,035,True
53,NEAR_1_SUBSTITUTION,1,99139590,8299104,SAY WHO,2025-04-16,700,saywho,REGISTERED,Live/Registered,True,032,False
53,NEAR_1_SUBSTITUTION,1,79265305,,SAY WHO,2019-03-29,602,saywho,ABANDONED-FAILURE TO RESPOND OR LATE RESPONSE,Dead/Abandoned,False,"016,035,038,041",True
54,NEAR_1_SUBSTITUTION,1,98617163,8044401,SHOWWHO,2024-06-25,700,showwho,REGISTERED,Live/Registered,True,026,False
54,NEAR_1_DELETION,1,90631909,6748690,HOW & WHY,2021-04-08,700,howwhy,REGISTERED,Live/Registered,True,003,True
54,NEAR_1_DELETION,1,88707898,6089952,HOWWHY,2019-11-26,700,howwhy,REGISTERED,Live/Registered,True,009,False
55,EXACT,0,88356826,,KNOW WHY,2019-03-26,606,knowwhy,ABANDONED - NO STATEMENT OF USE FILED,Dead/Abandoned,False,"009,035,042",True
55,EXACT,0,75876332,,KNOW WHY,1999-12-21,606,knowwhy,ABANDONED - NO STATEMENT OF USE FILED,Dead/Abandoned,False,042,False
55,NEAR_1_SUBSTITUTION,1,75934002,2783506,KNOWWHO,2000-03-03,800,knowwho,REGISTERED AND RENEWED,Live/Registered,True,035,True
55,NEAR_1_SUBSTITUTION,1,76018866,,KNOW-WHO,2000-04-06,606,knowwho,ABANDONED - NO STATEMENT OF USE FILED,Dead/Abandoned,False,"009,042",False
56,EXACT,0,85438061,4269307,GOOD QUESTION!,2011-10-03,800,goodquestion,REGISTERED AND RENEWED,Live/Registered,True,016,False
56,EXACT,0,88080783,5869641,GOOD QUESTION,2018-08-16,710,goodquestion,CANCELLED - SECTION 8,Dead/Cancelled,False,,False
56,EXACT,0,77792670,,GOOD QUESTION,2009-07-29,606,goodquestion,ABANDONED - NO STATEMENT OF USE FILED,Dead/Abandoned,False,"009,025,041",False
56,NEAR_1_INSERTION,1,88320381,6996917,GOODQUESTIONS,2019-02-28,700,goodquestions,REGISTERED,Live/Registered,True,"009,036,041",False
56,NEAR_1_INSERTION,1,86130383,4717481,A GOOD QUESTION,2013-11-27,710,agoodquestion,CANCELLED - SECTION 8,Dead/Cancelled,False,,False
56,NEAR_1_INSERTION,1,74479979,,GOOD QUESTIONS,1994-01-14,606,goodquestions,ABANDONED - NO STATEMENT OF USE FILED,Dead/Abandoned,False,,False
57,EXACT,0,85552583,4422586,ANY QUESTIONS?,2012-02-24,800,anyquestions,REGISTERED AND RENEWED,Live/Registered,True,044,True
57,EXACT,0,77163535,,ANYQUESTIONS,2007-04-23,606,anyquestions,ABANDONED - NO STATEMENT OF USE FILED,Dead/Abandoned,False,009,False
57,EXACT,0,78466973,,ANY QUESTIONS?,2004-08-13,606,anyquestions,ABANDONED - NO STATEMENT OF USE FILED,Dead/Abandoned,False,016,False
57,EXACT,0,76253701,,ANY QUESTIONS?,2001-05-09,602,anyquestions,ABANDONED-FAILURE TO RESPOND OR LATE RESPONSE,Dead/Abandoned,False,025,False
57,EXACT,0,75816651,,ANY QUESTIONS,1999-10-07,602,anyquestions,ABANDONED-FAILURE TO RESPOND OR LATE RESPONSE,Dead/Abandoned,False,035,True
57,EXACT,0,74705131,1961209,ANY QUESTIONS,1995-07-24,710,anyquestions,CANCELLED - SECTION 8,Dead/Cancelled,False,,False
57,NEAR_1_DELETION,1,77259957,,ANY QUESTION,2007-08-20,614,anyquestion,ABANDONED PETITION TO REVIVE-DENIED,Dead/Abandoned,False,"018,025,035",True
57,NEAR_1_DELETION,1,77260078,,ANY QUESTION?,2007-08-20,614,anyquestion,ABANDONED PETITION TO REVIVE-DENIED,Dead/Abandoned,False,"018,025,035",True
57,NEAR_1_DELETION,1,75416571,2365378,ANY QUESTION?,1998-01-12,710,anyquestion,CANCELLED - SECTION 8,Dead/Cancelled,False,,False
58,EXACT,0,90024273,6523165,ASKWHY,2020-06-28,700,askwhy,REGISTERED,Live/Registered,True,011,False
58,EXACT,0,77967549,3847883,ASKWHY.,2010-03-24,710,askwhy,CANCELLED - SECTION 8,Dead/Cancelled,False,,False
58,EXACT,0,75899352,,ASK WHY,2000-01-19,606,askwhy,ABANDONED - NO STATEMENT OF USE FILED,Dead/Abandoned,False,"035,039",True
58,NEAR_1_SUBSTITUTION,1,99414033,8240863,ASKWAY,2025-09-26,700,askway,REGISTERED,Live/Registered,True,008,False
58,NEAR_1_SUBSTITUTION,1,90781483,6779421,ASKWAY,2021-06-18,700,askway,REGISTERED,Live/Registered,True,006,False
58,NEAR_1_SUBSTITUTION,1,90719302,6736992,ASKSHY,2021-05-18,700,askshy,REGISTERED,Live/Registered,True,009,False
58,NEAR_1_SUBSTITUTION,1,85095901,,ASKWHO,2010-07-29,602,askwho,ABANDONED-FAILURE TO RESPOND OR LATE RESPONSE,Dead/Abandoned,False,035,True
59,EXACT,0,98066832,,HOWSO,2023-06-30,688,howso,NOTICE OF ALLOWANCE - ISSUED,Live/Pending,True,"009,035,042",True
59,NEAR_1_SUBSTITUTION,1,99832159,,HOWSS,2026-05-19,630,howss,NEW APPLICATION - RECORD INITIALIZED NOT ASSIGNED TO EXAMINER,Live/Pending,True,025,False
59,NEAR_1_TRANSPOSITION,1,79430235,8330157,HOWOS,2025-06-30,700,howos,REGISTERED,Live/Registered,True,"009,038,041,042",False
59,NEAR_1_SUBSTITUTION,1,99216770,8115175,HOWSS,2025-06-04,700,howss,REGISTERED,Live/Registered,True,014,False
59,NEAR_1_SUBSTITUTION,1,98501753,7653286,WOWSO,2024-04-16,700,wowso,REGISTERED,Live/Registered,True,011,False
59,NEAR_1_SUBSTITUTION,1,98373731,7869181,HOWOO,2024-01-24,700,howoo,REGISTERED,Live/Registered,True,043,False
59,NEAR_1_SUBSTITUTION,1,79378509,7464720,HOGSO,2023-08-09,700,hogso,REGISTERED,Live/Registered,True,025,False
59,NEAR_1_SUBSTITUTION,1,98976450,8238343,HOWCO,2023-07-27,700,howco,REGISTERED,Live/Registered,True,"035,037,039",True
59,NEAR_1_DELETION,1,97564445,,HOWO,2022-08-25,654,howo,REPORT COMPLETED SUSPENSION CHECK - CASE STILL SUSPENDED,Live/Pending,True,012,False
59,NEAR_1_SUBSTITUTION,1,79334187,7045427,HOWLO,2022-01-11,700,howlo,REGISTERED,Live/Registered,True,028,False
59,NEAR_1_SUBSTITUTION,1,90409069,6517788,HOMSO,2020-12-23,700,homso,REGISTERED,Live/Registered,True,020,False
59,NEAR_1_SUBSTITUTION,1,90353787,6477942,HOWGO,2020-12-02,700,howgo,REGISTERED,Live/Registered,True,003,True
59,NEAR_1_SUBSTITUTION,1,90353841,6477944,HOWGO,2020-12-02,700,howgo,REGISTERED,Live/Registered,True,018,False
59,NEAR_1_SUBSTITUTION,1,90353844,6477945,HOWGO,2020-12-02,700,howgo,REGISTERED,Live/Registered,True,021,True
59,NEAR_1_SUBSTITUTION,1,90353850,6477947,HOWGO,2020-12-02,700,howgo,REGISTERED,Live/Registered,True,028,False
59,NEAR_1_INSERTION,1,90153635,6345724,HOWOSO,2020-09-02,700,howoso,REGISTERED,Live/Registered,True,012,False
59,NEAR_1_DELETION,1,90151268,6334247,HOWO,2020-09-01,700,howo,REGISTERED,Live/Registered,True,009,False
59,NEAR_1_SUBSTITUTION,1,88648385,6303832,HOWCO,2019-10-09,700,howco,REGISTERED,Live/Registered,True,"006,035,036,039,040",True
59,NEAR_1_SUBSTITUTION,1,88102995,5744509,HOWOO,2018-09-04,701,howoo,SECTION 8-ACCEPTED,Live/Registered,True,014,False
59,NEAR_1_SUBSTITUTION,1,87981987,6064841,HOW?DO.,2017-11-01,700,howdo,REGISTERED,Live/Registered,True,"035,036,038,041,042,045",True
59,NEAR_1_SUBSTITUTION,1,87604320,5443198,HOOSO,2017-09-12,701,hooso,SECTION 8-ACCEPTED,Live/Registered,True,027,False
59,NEAR_1_SUBSTITUTION,1,87981981,6153789,HOWDO,2017-08-25,700,howdo,REGISTERED,Live/Registered,True,038,False
59,NEAR_1_SUBSTITUTION,1,87983278,6153793,HOWDO,2017-08-25,700,howdo,REGISTERED,Live/Registered,True,"035,036,041,042,045",True
59,NEAR_1_SUBSTITUTION,1,87188857,5199335,HOTSO,2016-09-30,701,hotso,SECTION 8-ACCEPTED,Live/Registered,True,009,False
59,NEAR_1_SUBSTITUTION,1,86780049,4982769,HOWSE,2015-10-06,702,howse,SECTION 8 & 15-ACCEPTED AND ACKNOWLEDGED,Live/Registered,True,035,True
59,NEAR_1_SUBSTITUTION,1,86777188,4982671,HOWSE,2015-10-02,702,howse,SECTION 8 & 15-ACCEPTED AND ACKNOWLEDGED,Live/Registered,True,035,True
59,NEAR_1_SUBSTITUTION,1,77943583,3853512,HONSO,2010-02-24,800,honso,REGISTERED AND RENEWED,Live/Registered,True,005,True
59,NEAR_1_SUBSTITUTION,1,98105034,,HOWCO,2023-07-27,603,howco,ABANDONED - AFTER EX PARTE APPEAL,Dead/Abandoned,False,"035,036",True
59,NEAR_1_SUBSTITUTION,1,90353851,6477948,HOWGO,2020-12-02,713,howgo,CANCELLED - SECTION 18,Dead/Cancelled,False,,False
59,NEAR_1_DELETION,1,79292246,,HOWO,2020-07-30,602,howo,ABANDONED-FAILURE TO RESPOND OR LATE RESPONSE,Dead/Abandoned,False,"007,012,037",False
59,NEAR_1_TRANSPOSITION,1,88243694,5806354,HOSWO,2018-12-28,710,hoswo,CANCELLED - SECTION 8,Dead/Cancelled,False,,False
59,NEAR_1_DELETION,1,88185802,,HOSO,2018-11-08,604,hoso,ABANDONED - AFTER INTER-PARTES DECISION,Dead/Abandoned,False,,False
59,NEAR_1_SUBSTITUTION,1,88119312,,HOW DO,2018-09-17,606,howdo,ABANDONED - NO STATEMENT OF USE FILED,Dead/Abandoned,False,025,False
59,NEAR_1_SUBSTITUTION,1,87668539,,HOW?DO.,2017-11-01,602,howdo,ABANDONED-FAILURE TO RESPOND OR LATE RESPONSE,Dead/Abandoned,False,009,False
59,NEAR_1_SUBSTITUTION,1,87583616,,HOWDO,2017-08-25,602,howdo,ABANDONED-FAILURE TO RESPOND OR LATE RESPONSE,Dead/Abandoned,False,009,False
59,NEAR_1_DELETION,1,87550587,,HOWO,2017-08-01,602,howo,ABANDONED-FAILURE TO RESPOND OR LATE RESPONSE,Dead/Abandoned,False,021,True
59,NEAR_1_SUBSTITUTION,1,87344456,,HOW.TO,2017-02-21,602,howto,ABANDONED-FAILURE TO RESPOND OR LATE RESPONSE,Dead/Abandoned,False,"035,038,041,042",True
59,NEAR_1_SUBSTITUTION,1,85685768,4402571,HOSSO,2012-07-24,710,hosso,CANCELLED - SECTION 8,Dead/Cancelled,False,,False
59,NEAR_1_SUBSTITUTION,1,85336337,,HOW DO?,2011-06-02,606,howdo,ABANDONED - NO STATEMENT OF USE FILED,Dead/Abandoned,False,032,False
59,NEAR_1_DELETION,1,79070910,3822047,HOWO,2009-02-16,709,howo,CANCELLED SECTION 71,Dead/Cancelled,False,,False
59,NEAR_1_SUBSTITUTION,1,77372513,,HOW TO,2008-01-15,602,howto,ABANDONED-FAILURE TO RESPOND OR LATE RESPONSE,Dead/Abandoned,False,016,False
59,NEAR_1_SUBSTITUTION,1,78577390,3132152,HOW LO?,2005-03-01,710,howlo,CANCELLED - SECTION 8,Dead/Cancelled,False,,False
59,NEAR_1_SUBSTITUTION,1,76443340,2709315,HONSO,2002-08-23,710,honso,CANCELLED - SECTION 8,Dead/Cancelled,False,,False
59,NEAR_1_DELETION,1,78124369,2695881,HOSO,2002-04-26,710,hoso,CANCELLED - SECTION 8,Dead/Cancelled,False,,False
59,NEAR_1_SUBSTITUTION,1,75813170,,HONSO,1999-09-28,606,honso,ABANDONED - NO STATEMENT OF USE FILED,Dead/Abandoned,False,"029,030",False
59,NEAR_1_DELETION,1,75635560,2413053,HOW'S,1999-02-04,710,hows,CANCELLED - SECTION 8,Dead/Cancelled,False,,False
59,NEAR_1_INSERTION,1,75349259,2380235,HOWSON,1997-08-29,710,howson,CANCELLED - SECTION 8,Dead/Cancelled,False,,False
59,NEAR_1_INSERTION,1,75316962,2457578,HOWSON,1997-06-30,710,howson,CANCELLED - SECTION 8,Dead/Cancelled,False,,False
59,NEAR_1_INSERTION,1,75088355,,HOWSON,1996-04-12,602,howson,ABANDONED-FAILURE TO RESPOND OR LATE RESPONSE,Dead/Abandoned,False,,False
59,NEAR_1_INSERTION,1,75037629,,HOWSON,1995-12-27,602,howson,ABANDONED-FAILURE TO RESPOND OR LATE RESPONSE,Dead/Abandoned,False,,False
59,NEAR_1_SUBSTITUTION,1,74286274,,HOWSS,1992-06-19,607,howss,ABANDONED - DEFECTIVE STATEMENT OF USE,Dead/Abandoned,False,,False
59,NEAR_1_INSERTION,1,74244895,,HOWSON,1992-02-10,602,howson,ABANDONED-FAILURE TO RESPOND OR LATE RESPONSE,Dead/Abandoned,False,,False
59,NEAR_1_INSERTION,1,74152383,1733277,HOWSON,1991-03-29,710,howson,CANCELLED - SECTION 8,Dead/Cancelled,False,,False
59,NEAR_1_DELETION,1,73522124,,HOWO-,1985-02-13,602,howo,ABANDONED-FAILURE TO RESPOND OR LATE RESPONSE,Dead/Abandoned,False,,False
59,NEAR_1_SUBSTITUTION,1,73373756,,HOW TO ...,1982-07-09,602,howto,ABANDONED-FAILURE TO RESPOND OR LATE RESPONSE,Dead/Abandoned,False,,False
59,NEAR_1_SUBSTITUTION,1,73210744,1155401,HOW TO,1979-04-09,710,howto,CANCELLED - SECTION 8,Dead/Cancelled,False,,False
59,NEAR_1_SUBSTITUTION,1,73128921,1094353,HOWCO,1977-06-02,710,howco,CANCELLED - SECTION 8,Dead/Cancelled,False,,False
59,NEAR_1_INSERTION,1,73088979,1059879,HOWASO,1976-06-01,710,howaso,CANCELLED - SECTION 8,Dead/Cancelled,False,,False
59,NEAR_1_SUBSTITUTION,1,73086896,1164603,HOW TO,1976-05-12,710,howto,CANCELLED - SECTION 8,Dead/Cancelled,False,,False
59,NEAR_1_SUBSTITUTION,1,72413841,0989035,HOWSE,1972-01-27,900,howse,EXPIRED,Dead/Expired,False,,False
60,EXACT,0,88861706,6521660,TELL ME WHY,2020-04-06,700,tellmewhy,REGISTERED,Live/Registered,True,"009,041",False
60,EXACT,0,74437821,1891720,TELL ME WHY,1993-09-20,710,tellmewhy,CANCELLED - SECTION 8,Dead/Cancelled,False,,False
61,EXACT,0,99359423,8211330,CONSIDER THIS,2025-08-26,700,considerthis,REGISTERED,Live/Registered,True,029,False
61,EXACT,0,98198393,,CONSIDER THIS...,2023-09-26,630,considerthis,NEW APPLICATION - RECORD INITIALIZED NOT ASSIGNED TO EXAMINER,Live/Pending,True,041,False
61,EXACT,0,87436524,6080464,CONSIDER THIS,2017-05-04,700,considerthis,REGISTERED,Live/Registered,True,041,False
61,EXACT,0,87982527,5980616,CONSIDER THIS,2017-05-04,702,considerthis,SECTION 8 & 15-ACCEPTED AND ACKNOWLEDGED,Live/Registered,True,041,False
61,EXACT,0,98166483,7486933,CONSIDER THIS,2023-09-06,711,considerthis,CANCELLED - SECTION 7,Dead/Cancelled,False,,False
61,EXACT,0,90650547,,CONSIDER THIS,2021-04-16,606,considerthis,ABANDONED - NO STATEMENT OF USE FILED,Dead/Abandoned,False,027,False
61,EXACT,0,90069363,,CONSIDER THIS,2020-07-23,602,considerthis,ABANDONED-FAILURE TO RESPOND OR LATE RESPONSE,Dead/Abandoned,False,"009,016,038,041",False
61,EXACT,0,86179157,4932943,CONSIDER THIS,2014-01-29,710,considerthis,CANCELLED - SECTION 8,Dead/Cancelled,False,,False
61,EXACT,0,85265088,4052291,CONSIDER THIS ...,2011-03-11,710,considerthis,CANCELLED - SECTION 8,Dead/Cancelled,False,,False
61,NEAR_1_INSERTION,1,77771217,,UCONSIDERTHIS,2009-06-30,602,uconsiderthis,ABANDONED-FAILURE TO RESPOND OR LATE RESPONSE,Dead/Abandoned,False,009,False
61,NEAR_1_INSERTION,1,77771233,3931813,UCONSIDERTHIS,2009-06-30,710,uconsiderthis,CANCELLED - SECTION 8,Dead/Cancelled,False,,False
62,EXACT,0,98130880,7604814,KNOWTHIS,2023-08-14,700,knowthis,REGISTERED,Live/Registered,True,035,True
62,EXACT,0,85490584,4183061,KNOW THIS,2011-12-08,710,knowthis,CANCELLED - SECTION 8,Dead/Cancelled,False,,False
62,EXACT,0,78003109,2681081,KNOWTHIS,2000-04-07,710,knowthis,CANCELLED - SECTION 8,Dead/Cancelled,False,,False
62,NEAR_1_DELETION,1,97520866,7689729,KNOT HIS,2022-07-26,700,knothis,REGISTERED,Live/Registered,True,025,False
62,NEAR_1_DELETION,1,85793731,4632953,NOWTHIS,2012-12-04,800,nowthis,REGISTERED AND RENEWED,Live/Registered,True,"009,035,038,041",True
63,EXACT,0,85226589,4597464,READ THIS . . .,2011-01-26,710,readthis,CANCELLED - SECTION 8,Dead/Cancelled,False,,False
64,EXACT,0,99664760,,READUP,2026-02-23,681,readup,PUBLICATION/ISSUE REVIEW COMPLETE,Live/Pending,True,020,False
64,EXACT,0,87652059,,READ UP,2017-10-19,606,readup,ABANDONED - NO STATEMENT OF USE FILED,Dead/Abandoned,False,009,False
64,EXACT,0,86286778,,READUP,2014-05-20,602,readup,ABANDONED-FAILURE TO RESPOND OR LATE RESPONSE,Dead/Abandoned,False,041,False
64,EXACT,0,86140358,,READ UP,2013-12-11,606,readup,ABANDONED - NO STATEMENT OF USE FILED,Dead/Abandoned,False,016,False
64,EXACT,0,85946690,4566598,READUP,2013-05-30,710,readup,CANCELLED - SECTION 8,Dead/Cancelled,False,,False
64,EXACT,0,77321383,,READUP,2007-11-05,602,readup,ABANDONED-FAILURE TO RESPOND OR LATE RESPONSE,Dead/Abandoned,False,"035,036",True
64,EXACT,0,76443196,2740044,READ UP!,2002-08-23,710,readup,CANCELLED - SECTION 8,Dead/Cancelled,False,,False
64,EXACT,0,76443337,2734492,READ UP!,2002-08-23,710,readup,CANCELLED - SECTION 8,Dead/Cancelled,False,,False
64,EXACT,0,73660798,1493606,READUP,1987-05-14,710,readup,CANCELLED - SECTION 8,Dead/Cancelled,False,,False
64,NEAR_1_SUBSTITUTION,1,99609487,,REALUP,2026-01-22,680,realup,APPROVED FOR PUBLICATION,Live/Pending,True,035,True
64,NEAR_1_SUBSTITUTION,1,99140691,,REVDUP,2025-04-16,654,revdup,REPORT COMPLETED SUSPENSION CHECK - CASE STILL SUSPENDED,Live/Pending,True,042,False
64,NEAR_1_SUBSTITUTION,1,98590933,,HEAD UP,2024-06-07,973,headup,SUSPENDED PENDING ADMINISTRATIVE REVIEW,Live/Pending,True,010,True
64,NEAR_1_SUBSTITUTION,1,90804207,6787956,ROADUP,2021-06-30,700,roadup,REGISTERED,Live/Registered,True,012,False
64,NEAR_1_SUBSTITUTION,1,90424356,6527985,LEADUP,2020-12-29,700,leadup,REGISTERED,Live/Registered,True,021,True
64,NEAR_1_SUBSTITUTION,1,90278655,6673472,ROADUP,2020-10-26,700,roadup,REGISTERED,Live/Registered,True,012,False
64,NEAR_1_SUBSTITUTION,1,90058883,6276977,LEAD UP,2020-07-17,700,leadup,REGISTERED,Live/Registered,True,041,False
64,NEAR_1_SUBSTITUTION,1,88622955,6980702,HEADUP,2019-09-19,700,headup,REGISTERED,Live/Registered,True,012,False
64,NEAR_1_SUBSTITUTION,1,90522490,,REV'D UP,2021-02-10,606,revdup,ABANDONED - NO STATEMENT OF USE FILED,Dead/Abandoned,False,012,False
64,NEAR_1_SUBSTITUTION,1,88369234,6866648,TEA'D UP,2019-04-03,713,teadup,CANCELLED - SECTION 18,Dead/Cancelled,False,,False
64,NEAR_1_INSERTION,1,87452453,5633723,READYUP,2017-05-17,710,readyup,CANCELLED - SECTION 8,Dead/Cancelled,False,,False
64,NEAR_1_SUBSTITUTION,1,87335400,,HEADUP,2017-02-14,606,headup,ABANDONED - NO STATEMENT OF USE FILED,Dead/Abandoned,False,009,False
64,NEAR_1_SUBSTITUTION,1,87160236,,LEADUP,2016-09-02,602,leadup,ABANDONED-FAILURE TO RESPOND OR LATE RESPONSE,Dead/Abandoned,False,041,False
64,NEAR_1_SUBSTITUTION,1,86885947,,HEAD UP,2016-01-25,602,headup,ABANDONED-FAILURE TO RESPOND OR LATE RESPONSE,Dead/Abandoned,False,008,False
64,NEAR_1_SUBSTITUTION,1,85742122,,HEAD UP,2012-09-30,602,headup,ABANDONED-FAILURE TO RESPOND OR LATE RESPONSE,Dead/Abandoned,False,012,False
64,NEAR_1_SUBSTITUTION,1,77659395,3663560,REALUP,2009-01-29,710,realup,CANCELLED - SECTION 8,Dead/Cancelled,False,,False
64,NEAR_1_SUBSTITUTION,1,76666169,3464879,TEA'D UP,2006-09-18,710,teadup,CANCELLED - SECTION 8,Dead/Cancelled,False,,False
64,NEAR_1_INSERTION,1,75907694,2948256,READYUP,2000-02-01,710,readyup,CANCELLED - SECTION 8,Dead/Cancelled,False,,False
64,NEAR_1_SUBSTITUTION,1,74674570,2059838,HEAD-UP,1995-05-16,710,headup,CANCELLED - SECTION 8,Dead/Cancelled,False,,False
64,NEAR_1_SUBSTITUTION,1,73153371,1142233,BEAD-UP,1978-01-13,710,beadup,CANCELLED - SECTION 8,Dead/Cancelled,False,,False
65,EXACT,0,85116976,4096832,WORTH KNOWING,2010-08-26,800,worthknowing,REGISTERED AND RENEWED,Live/Registered,True,036,False
65,EXACT,0,85117007,4094379,WORTH KNOWING,2010-08-26,800,worthknowing,REGISTERED AND RENEWED,Live/Registered,True,045,False
65,EXACT,0,88006702,,WORTH KNOWING,2018-06-19,602,worthknowing,ABANDONED-FAILURE TO RESPOND OR LATE RESPONSE,Dead/Abandoned,False,025,False
65,EXACT,0,75828409,,WORTHKNOWING,1999-10-21,606,worthknowing,ABANDONED - NO STATEMENT OF USE FILED,Dead/Abandoned,False,"035,036",True
65,EXACT,0,75433336,,WORTH KNOWING,1998-02-12,602,worthknowing,ABANDONED-FAILURE TO RESPOND OR LATE RESPONSE,Dead/Abandoned,False,,False
65,EXACT,0,73575261,1402141,WORTH KNOWING,1985-12-26,710,worthknowing,CANCELLED - SECTION 8,Dead/Cancelled,False,,False
66,EXACT,0,99272450,,GOOD TO KNOW,2025-07-08,645,goodtoknow,FINAL REFUSAL - MAILED,Live/Pending,True,035,True
66,EXACT,0,97166333,6989424,GOOD TO KNOW,2021-12-10,700,goodtoknow,REGISTERED,Live/Registered,True,035,True
66,EXACT,0,88147279,6342041,GOOD TO KNOW,2018-10-09,700,goodtoknow,REGISTERED,Live/Registered,True,"041,044",True
66,EXACT,0,86022601,4540539,GOOD TO KNOW.,2013-07-29,800,goodtoknow,REGISTERED AND RENEWED,Live/Registered,True,036,False
66,EXACT,0,88499992,,GOOD TO KNOW,2019-07-03,602,goodtoknow,ABANDONED-FAILURE TO RESPOND OR LATE RESPONSE,Dead/Abandoned,False,036,False
66,EXACT,0,85532452,4227881,GOOD TO KNOW,2012-02-02,710,goodtoknow,CANCELLED - SECTION 8,Dead/Cancelled,False,,False
66,EXACT,0,76693298,,GOOD TO KNOW,2008-10-02,602,goodtoknow,ABANDONED-FAILURE TO RESPOND OR LATE RESPONSE,Dead/Abandoned,False,"035,044",True
66,EXACT,0,77085733,,GOOD TO KNOW,2007-01-18,602,goodtoknow,ABANDONED-FAILURE TO RESPOND OR LATE RESPONSE,Dead/Abandoned,False,044,True
67,EXACT,0,88764111,6390392,NEED TO KNOW,2020-01-17,700,needtoknow,REGISTERED,Live/Registered,True,009,False
67,EXACT,0,97161959,,NEED TO KNOW,2021-12-08,606,needtoknow,ABANDONED - NO STATEMENT OF USE FILED,Dead/Abandoned,False,042,False
67,EXACT,0,74013637,1651640,NEED TO KNOW,1989-12-26,710,needtoknow,CANCELLED - SECTION 8,Dead/Cancelled,False,,False
67,NEAR_1_INSERTION,1,85509851,4224669,I NEED TO KNOW,2012-01-05,710,ineedtoknow,CANCELLED - SECTION 8,Dead/Cancelled,False,,False
67,NEAR_1_INSERTION,1,75574015,,I NEED TO KNOW,1998-10-20,606,ineedtoknow,ABANDONED - NO STATEMENT OF USE FILED,Dead/Abandoned,False,"009,041",False
68,EXACT,0,99100380,8021915,KNOW BETTER,2025-03-24,700,knowbetter,REGISTERED,Live/Registered,True,005,True
68,EXACT,0,97059358,,KNOW BETTER,2021-10-04,734,knowbetter,FIFTH EXTENSION - GRANTED,Live/Pending,True,"035,038,042",True
68,EXACT,0,90795450,7892191,KNOW BETTER,2021-06-25,700,knowbetter,REGISTERED,Live/Registered,True,003,True
68,EXACT,0,90272299,6834705,KNOW BETTER,2020-10-22,700,knowbetter,REGISTERED,Live/Registered,True,042,False
68,EXACT,0,88779137,,KNOW BETTER,2020-01-30,602,knowbetter,ABANDONED-FAILURE TO RESPOND OR LATE RESPONSE,Dead/Abandoned,False,041,False
68,EXACT,0,77732812,3851035,KNOW BETTER,2009-05-08,710,knowbetter,CANCELLED - SECTION 8,Dead/Cancelled,False,,False
68,EXACT,0,77070265,,KNOW BETTER,2006-12-22,606,knowbetter,ABANDONED - NO STATEMENT OF USE FILED,Dead/Abandoned,False,032,False
68,EXACT,0,75909454,2471298,KNOW BETTER,2000-02-04,710,knowbetter,CANCELLED - SECTION 8,Dead/Cancelled,False,,False
68,NEAR_1_INSERTION,1,90272307,,KNOWS BETTER,2020-10-22,606,knowsbetter,ABANDONED - NO STATEMENT OF USE FILED,Dead/Abandoned,False,042,False
69,EXACT,0,75820710,2395680,BETTERKNOWN,1999-10-12,710,betterknown,CANCELLED - SECTION 8,Dead/Cancelled,False,,False
70,NEAR_1_SUBSTITUTION,1,99712248,,MAKE KNOWN,2026-03-19,653,makeknown,SUSPENSION LETTER - MAILED,Live/Pending,True,041,False
70,NEAR_1_SUBSTITUTION,1,99424958,,MAKE KNOWN,2025-10-02,688,makeknown,NOTICE OF ALLOWANCE - ISSUED,Live/Pending,True,"009,016,035",True
72,EXACT,0,99578707,,POINT MADE,2026-01-05,686,pointmade,PUBLISHED FOR OPPOSITION,Live/Pending,True,026,False
72,EXACT,0,74403778,1878284,POINT MADE,1993-06-21,710,pointmade,CANCELLED - SECTION 8,Dead/Cancelled,False,,False
72,NEAR_1_SUBSTITUTION,1,76431345,2700227,POINT-MATE,2002-07-15,800,pointmate,REGISTERED AND RENEWED,Live/Registered,True,010,True
73,EXACT,0,99240292,,CASE IN POINT,2025-06-18,688,caseinpoint,NOTICE OF ALLOWANCE - ISSUED,Live/Pending,True,041,False
73,EXACT,0,87513110,5386070,CASE IN POINT,2017-06-30,702,caseinpoint,SECTION 8 & 15-ACCEPTED AND ACKNOWLEDGED,Live/Registered,True,041,False
73,EXACT,0,98795323,,CASE IN POINT,2024-10-10,606,caseinpoint,ABANDONED - NO STATEMENT OF USE FILED,Dead/Abandoned,False,033,False
73,EXACT,0,86653583,,CASE IN POINT,2015-06-05,606,caseinpoint,ABANDONED - NO STATEMENT OF USE FILED,Dead/Abandoned,False,009,False
73,EXACT,0,85480242,,CASE IN POINT,2011-11-23,602,caseinpoint,ABANDONED-FAILURE TO RESPOND OR LATE RESPONSE,Dead/Abandoned,False,009,False
73,EXACT,0,78612608,3119767,CASE-IN-POINT,2005-04-20,710,caseinpoint,CANCELLED - SECTION 8,Dead/Cancelled,False,,False
73,EXACT,0,76470139,,CASE IN POINT,2002-11-13,606,caseinpoint,ABANDONED - NO STATEMENT OF USE FILED,Dead/Abandoned,False,016,False
73,EXACT,0,76470140,,CASE IN POINT,2002-11-13,606,caseinpoint,ABANDONED - NO STATEMENT OF USE FILED,Dead/Abandoned,False,016,False
73,EXACT,0,76231816,2599302,CASE IN POINT,2001-03-29,710,caseinpoint,CANCELLED - SECTION 8,Dead/Cancelled,False,,False
73,EXACT,0,73567843,1425207,CASE IN POINT,1985-11-12,710,caseinpoint,CANCELLED - SECTION 8,Dead/Cancelled,False,,False
73,EXACT,0,73230434,1198632,CASE IN POINT,1979-09-07,710,caseinpoint,CANCELLED - SECTION 8,Dead/Cancelled,False,,False
73,NEAR_1_INSERTION,1,78775992,3393106,A CASE IN POINT,2005-12-19,710,acaseinpoint,CANCELLED - SECTION 8,Dead/Cancelled,False,,False
73,NEAR_1_INSERTION,1,78430613,,CASE IN POINTE!,2004-06-06,606,caseinpointe,ABANDONED - NO STATEMENT OF USE FILED,Dead/Abandoned,False,016,False
73,NEAR_1_DELETION,1,78315011,2918967,CASENPOINT,2003-10-17,710,casenpoint,CANCELLED - SECTION 8,Dead/Cancelled,False,,False
75,NEAR_1_SUBSTITUTION,1,99879643,,CASE·MATE,2026-06-11,630,casemate,NEW APPLICATION - RECORD INITIALIZED NOT ASSIGNED TO EXAMINER,Live/Pending,True,024,False
75,NEAR_1_SUBSTITUTION,1,99556190,,CASEMATE,2025-12-18,686,casemate,PUBLISHED FOR OPPOSITION,Live/Pending,True,042,False
75,NEAR_1_SUBSTITUTION,1,99490709,,CASTMADE,2025-11-11,688,castmade,NOTICE OF ALLOWANCE - ISSUED,Live/Pending,True,021,True
75,NEAR_1_SUBSTITUTION,1,98977877,8338103,CASE· MATE,2024-06-07,700,casemate,REGISTERED,Live/Registered,True,"009,018,021",True
75,NEAR_1_SUBSTITUTION,1,88411029,6267364,CASE MATE,2019-05-01,702,casemate,SECTION 8 & 15-ACCEPTED AND ACKNOWLEDGED,Live/Registered,True,009,False
75,NEAR_1_SUBSTITUTION,1,88411040,6246277,CASE MATE,2019-05-01,700,casemate,REGISTERED,Live/Registered,True,009,False
75,NEAR_1_SUBSTITUTION,1,88165321,5811142,CASEMATE,2018-10-23,702,casemate,SECTION 8 & 15-ACCEPTED AND ACKNOWLEDGED,Live/Registered,True,009,False
75,NEAR_1_SUBSTITUTION,1,88165340,5811143,CASEMATE,2018-10-23,702,casemate,SECTION 8 & 15-ACCEPTED AND ACKNOWLEDGED,Live/Registered,True,009,False
75,NEAR_1_SUBSTITUTION,1,87297131,5439264,CASE-MATE,2017-01-11,702,casemate,SECTION 8 & 15-ACCEPTED AND ACKNOWLEDGED,Live/Registered,True,009,False
75,NEAR_1_SUBSTITUTION,1,78814630,3246753,CASE-MATE,2006-02-14,800,casemate,REGISTERED AND RENEWED,Live/Registered,True,009,False
75,NEAR_1_SUBSTITUTION,1,75139026,2143454,CASEMATE,1996-07-24,800,casemate,REGISTERED AND RENEWED,Live/Registered,True,016,False
75,NEAR_1_SUBSTITUTION,1,98590126,,CASE· MATE,2024-06-07,606,casemate,ABANDONED - NO STATEMENT OF USE FILED,Dead/Abandoned,False,"020,025,028",False
75,NEAR_1_INSERTION,1,98313020,,CHASEMADE,2023-12-13,602,chasemade,ABANDONED-FAILURE TO RESPOND OR LATE RESPONSE,Dead/Abandoned,False,028,False
75,NEAR_1_SUBSTITUTION,1,97872049,,CAVEMADE,2023-04-04,606,cavemade,ABANDONED - NO STATEMENT OF USE FILED,Dead/Abandoned,False,030,False
75,NEAR_1_SUBSTITUTION,1,90133649,,CASE-MATE,2020-08-24,606,casemate,ABANDONED - NO STATEMENT OF USE FILED,Dead/Abandoned,False,"005,008,009,010,011",True
75,NEAR_1_SUBSTITUTION,1,88389577,,CASAMADE,2019-04-17,606,casamade,ABANDONED - NO STATEMENT OF USE FILED,Dead/Abandoned,False,030,False
75,NEAR_1_INSERTION,1,88034649,,CAUSE MADE,2018-07-12,606,causemade,ABANDONED - NO STATEMENT OF USE FILED,Dead/Abandoned,False,041,False
75,NEAR_1_INSERTION,1,87084974,5293975,CASEYMADE,2016-06-27,710,caseymade,CANCELLED - SECTION 8,Dead/Cancelled,False,,False
75,NEAR_1_SUBSTITUTION,1,86265504,4905716,CAKEMADE,2014-04-29,710,cakemade,CANCELLED - SECTION 8,Dead/Cancelled,False,,False
75,NEAR_1_SUBSTITUTION,1,86265648,4905717,CAKE MADE,2014-04-29,710,cakemade,CANCELLED - SECTION 8,Dead/Cancelled,False,,False
75,NEAR_1_SUBSTITUTION,1,86214864,,CASEMATE,2014-03-07,604,casemate,ABANDONED - AFTER INTER-PARTES DECISION,Dead/Abandoned,False,,False
75,NEAR_1_SUBSTITUTION,1,77776366,3836751,CASE MATE,2009-07-08,710,casemate,CANCELLED - SECTION 8,Dead/Cancelled,False,,False
75,NEAR_1_SUBSTITUTION,1,77367955,3601091,CASE-MATE,2008-01-09,710,casemate,CANCELLED - SECTION 8,Dead/Cancelled,False,,False
75,NEAR_1_SUBSTITUTION,1,75768216,2711644,CASEMATE,1999-08-05,710,casemate,CANCELLED - SECTION 8,Dead/Cancelled,False,,False
75,NEAR_1_SUBSTITUTION,1,75516363,,CASE MATE,1998-07-09,606,casemate,ABANDONED - NO STATEMENT OF USE FILED,Dead/Abandoned,False,009,False
75,NEAR_1_SUBSTITUTION,1,74347230,1790380,CASEMATE,1993-01-11,710,casemate,CANCELLED - SECTION 8,Dead/Cancelled,False,,False
75,NEAR_1_SUBSTITUTION,1,74154497,1678746,CASE-MATE,1991-04-05,710,casemate,CANCELLED - SECTION 8,Dead/Cancelled,False,,False
75,NEAR_1_SUBSTITUTION,1,74119965,1687292,CASE-MATE,1990-12-03,710,casemate,CANCELLED - SECTION 8,Dead/Cancelled,False,,False
75,NEAR_1_SUBSTITUTION,1,74083095,1652956,CASEMATE,1990-07-30,710,casemate,CANCELLED - SECTION 8,Dead/Cancelled,False,,False
75,NEAR_1_SUBSTITUTION,1,74006566,,CASE/MATE,1989-11-17,606,casemate,ABANDONED - NO STATEMENT OF USE FILED,Dead/Abandoned,False,,False
75,NEAR_1_SUBSTITUTION,1,73509626,1352583,CASE MATE,1984-11-19,710,casemate,CANCELLED - SECTION 8,Dead/Cancelled,False,,False
76,EXACT,0,98286447,,CLEARCASE,2023-11-27,819,clearcase,SU - REGISTRATION REVIEW COMPLETE,Live/Pending,True,"009,042",False
76,EXACT,0,74142344,1738867,CLEARCASE,1991-02-25,800,clearcase,REGISTERED AND RENEWED,Live/Registered,True,"009,016",False
76,EXACT,0,88017016,,CLEARCASE,2018-06-27,606,clearcase,ABANDONED - NO STATEMENT OF USE FILED,Dead/Abandoned,False,002,False
76,EXACT,0,78851665,3782849,CLEAR CASE,2006-03-31,710,clearcase,CANCELLED - SECTION 8,Dead/Cancelled,False,,False
76,EXACT,0,76403742,3018200,CLEARCASE,2002-05-03,710,clearcase,CANCELLED - SECTION 8,Dead/Cancelled,False,,False
76,NEAR_1_SUBSTITUTION,1,99740293,,CLEAR EASE,2026-04-02,638,clearease,NEW APPLICATION - ASSIGNED TO EXAMINER,Live/Pending,True,010,True
76,NEAR_1_SUBSTITUTION,1,99703405,,CLEARCAST,2026-03-15,630,clearcast,NEW APPLICATION - RECORD INITIALIZED NOT ASSIGNED TO EXAMINER,Live/Pending,True,003,True
76,NEAR_1_SUBSTITUTION,1,99656160,,CLEARCAST,2026-02-17,681,clearcast,PUBLICATION/ISSUE REVIEW COMPLETE,Live/Pending,True,042,False
76,NEAR_1_SUBSTITUTION,1,99484762,,CLEARCANE,2025-11-07,680,clearcane,APPROVED FOR PUBLICATION,Live/Pending,True,031,False
76,NEAR_1_SUBSTITUTION,1,98736900,8189584,CLEARCAST,2024-09-06,700,clearcast,REGISTERED,Live/Registered,True,006,False
76,NEAR_1_SUBSTITUTION,1,98129233,7771455,CLEARCAST,2023-08-11,700,clearcast,REGISTERED,Live/Registered,True,010,True
76,NEAR_1_SUBSTITUTION,1,97264608,6924852,CLEAR CAFE,2022-02-12,700,clearcafe,REGISTERED,Live/Registered,True,003,True
76,NEAR_1_SUBSTITUTION,1,87624135,5634095,CLEARCAST,2017-09-27,701,clearcast,SECTION 8-ACCEPTED,Live/Registered,True,009,False
76,NEAR_1_SUBSTITUTION,1,87058102,5297528,CLEAR CAST,2016-06-02,702,clearcast,SECTION 8 & 15-ACCEPTED AND ACKNOWLEDGED,Live/Registered,True,037,False
76,NEAR_1_SUBSTITUTION,1,87058203,5297530,CLEAR CAST,2016-06-02,702,clearcast,SECTION 8 & 15-ACCEPTED AND ACKNOWLEDGED,Live/Registered,True,037,False
76,NEAR_1_SUBSTITUTION,1,86919400,5312294,CLEANCASE,2016-02-25,702,cleancase,SECTION 8 & 15-ACCEPTED AND ACKNOWLEDGED,Live/Registered,True,021,True
76,NEAR_1_SUBSTITUTION,1,86648909,4885297,CLEARCARE,2015-06-02,702,clearcare,SECTION 8 & 15-ACCEPTED AND ACKNOWLEDGED,Live/Registered,True,042,False
76,NEAR_1_SUBSTITUTION,1,86478595,4878550,CLEAR CARE,2014-12-12,800,clearcare,REGISTERED AND RENEWED,Live/Registered,True,009,False
76,NEAR_1_SUBSTITUTION,1,85265593,4095610,CLEARCARE,2011-03-13,800,clearcare,REGISTERED AND RENEWED,Live/Registered,True,042,False
76,NEAR_1_SUBSTITUTION,1,85234007,4132872,CLEARCASH,2011-02-04,800,clearcash,REGISTERED AND RENEWED,Live/Registered,True,035,True
76,NEAR_1_SUBSTITUTION,1,85234010,4132874,CLEARCASH $,2011-02-04,800,clearcash,REGISTERED AND RENEWED,Live/Registered,True,035,True
76,NEAR_1_SUBSTITUTION,1,78636672,3218857,CLEARCAST,2005-05-25,800,clearcast,REGISTERED AND RENEWED,Live/Registered,True,005,True
76,NEAR_1_SUBSTITUTION,1,78054206,2738908,CLEAR CARE,2001-03-21,800,clearcare,REGISTERED AND RENEWED,Live/Registered,True,005,True
76,NEAR_1_SUBSTITUTION,1,78053772,2570247,CLEAR BASE,2001-03-19,800,clearbase,REGISTERED AND RENEWED,Live/Registered,True,005,True
76,NEAR_1_SUBSTITUTION,1,79408730,,CLEARCARE,2024-09-16,602,clearcare,ABANDONED-FAILURE TO RESPOND OR LATE RESPONSE,Dead/Abandoned,False,"009,042",False
76,NEAR_1_SUBSTITUTION,1,79410221,,CLEARCARE,2024-09-16,602,clearcare,ABANDONED-FAILURE TO RESPOND OR LATE RESPONSE,Dead/Abandoned,False,"009,042",False
76,NEAR_1_SUBSTITUTION,1,98590770,,CLEARCARE,2024-06-07,606,clearcare,ABANDONED - NO STATEMENT OF USE FILED,Dead/Abandoned,False,036,False
76,NEAR_1_SUBSTITUTION,1,90065022,,CLEARCARE,2020-07-21,602,clearcare,ABANDONED-FAILURE TO RESPOND OR LATE RESPONSE,Dead/Abandoned,False,"009,010",True
76,NEAR_1_SUBSTITUTION,1,88945931,,CLEARCARE,2020-06-03,602,clearcare,ABANDONED-FAILURE TO RESPOND OR LATE RESPONSE,Dead/Abandoned,False,"009,042",False
76,NEAR_1_SUBSTITUTION,1,88650141,,CLEANCASE,2019-10-10,602,cleancase,ABANDONED-FAILURE TO RESPOND OR LATE RESPONSE,Dead/Abandoned,False,"009,010",True
76,NEAR_1_SUBSTITUTION,1,88398465,,CLEAR CARE,2019-04-23,606,clearcare,ABANDONED - NO STATEMENT OF USE FILED,Dead/Abandoned,False,003,True
76,NEAR_1_SUBSTITUTION,1,88188333,,CLEARCAST,2018-11-09,606,clearcast,ABANDONED - NO STATEMENT OF USE FILED,Dead/Abandoned,False,035,True
76,NEAR_1_SUBSTITUTION,1,86615367,4836826,CLEARCARE,2015-04-30,710,clearcare,CANCELLED - SECTION 8,Dead/Cancelled,False,,False
76,NEAR_1_SUBSTITUTION,1,86517276,4947488,CLEAN CASE,2015-01-28,710,cleancase,CANCELLED - SECTION 8,Dead/Cancelled,False,,False
76,NEAR_1_SUBSTITUTION,1,86302909,,CLEARCARE,2014-06-06,605,clearcare,ABANDONED EXPRESS AFTER PUB,Dead/Abandoned,False,,False
76,NEAR_1_SUBSTITUTION,1,86121310,,CLEARBASE,2013-11-18,606,clearbase,ABANDONED - NO STATEMENT OF USE FILED,Dead/Abandoned,False,004,False
76,NEAR_1_SUBSTITUTION,1,85916755,4806314,CLEARCAGE,2013-04-27,710,clearcage,CANCELLED - SECTION 8,Dead/Cancelled,False,,False
76,NEAR_1_SUBSTITUTION,1,85520415,4354863,CLEARCARE,2012-01-19,710,clearcare,CANCELLED - SECTION 8,Dead/Cancelled,False,,False
76,NEAR_1_SUBSTITUTION,1,85445472,4302261,CLEAR CAST,2011-10-12,710,clearcast,CANCELLED - SECTION 8,Dead/Cancelled,False,,False
76,NEAR_1_INSERTION,1,85353353,4091003,CLEARCAUSE,2011-06-22,710,clearcause,CANCELLED - SECTION 8,Dead/Cancelled,False,,False
76,NEAR_1_SUBSTITUTION,1,85201948,4199264,CLEARCARE,2010-12-20,710,clearcare,CANCELLED - SECTION 8,Dead/Cancelled,False,,False
76,NEAR_1_INSERTION,1,77837207,,CLEARCHASE,2009-09-29,606,clearchase,ABANDONED - NO STATEMENT OF USE FILED,Dead/Abandoned,False,009,False
76,NEAR_1_SUBSTITUTION,1,77633724,,CLEARCARE,2008-12-16,606,clearcare,ABANDONED - NO STATEMENT OF USE FILED,Dead/Abandoned,False,007,False
76,NEAR_1_SUBSTITUTION,1,77633748,,CLEARCARE,2008-12-16,606,clearcare,ABANDONED - NO STATEMENT OF USE FILED,Dead/Abandoned,False,008,False
76,NEAR_1_SUBSTITUTION,1,77633801,,CLEARCARE,2008-12-16,606,clearcare,ABANDONED - NO STATEMENT OF USE FILED,Dead/Abandoned,False,009,False
76,NEAR_1_SUBSTITUTION,1,77297638,3504061,CLEARCAST,2007-10-05,710,clearcast,CANCELLED - SECTION 8,Dead/Cancelled,False,,False
76,NEAR_1_SUBSTITUTION,1,77252952,3491507,CLEAR CARE,2007-08-10,710,clearcare,CANCELLED - SECTION 8,Dead/Cancelled,False,,False
76,NEAR_1_INSERTION,1,78882360,,CLEARCAUSE,2006-05-12,606,clearcause,ABANDONED - NO STATEMENT OF USE FILED,Dead/Abandoned,False,009,False
76,NEAR_1_SUBSTITUTION,1,78751536,,CLEARBASE,2005-11-10,606,clearbase,ABANDONED - NO STATEMENT OF USE FILED,Dead/Abandoned,False,004,False
76,NEAR_1_SUBSTITUTION,1,78736699,,CLEARCAST,2005-10-19,606,clearcast,ABANDONED - NO STATEMENT OF USE FILED,Dead/Abandoned,False,038,False
76,NEAR_1_SUBSTITUTION,1,78575840,3067908,CLEARCAST,2005-02-26,710,clearcast,CANCELLED - SECTION 8,Dead/Cancelled,False,,False
76,NEAR_1_SUBSTITUTION,1,78575841,,CLEARCAST,2005-02-26,606,clearcast,ABANDONED - NO STATEMENT OF USE FILED,Dead/Abandoned,False,009,False
76,NEAR_1_SUBSTITUTION,1,78508935,,CLEARCARE,2004-11-01,606,clearcare,ABANDONED - NO STATEMENT OF USE FILED,Dead/Abandoned,False,001,False
76,NEAR_1_SUBSTITUTION,1,78508937,,CLEARCARE,2004-11-01,606,clearcare,ABANDONED - NO STATEMENT OF USE FILED,Dead/Abandoned,False,007,False
76,NEAR_1_SUBSTITUTION,1,78508938,,CLEARCARE,2004-11-01,606,clearcare,ABANDONED - NO STATEMENT OF USE FILED,Dead/Abandoned,False,008,False
76,NEAR_1_SUBSTITUTION,1,78508939,,CLEARCARE,2004-11-01,606,clearcare,ABANDONED - NO STATEMENT OF USE FILED,Dead/Abandoned,False,009,False
76,NEAR_1_SUBSTITUTION,1,78508943,,CLEARCARE,2004-11-01,606,clearcare,ABANDONED - NO STATEMENT OF USE FILED,Dead/Abandoned,False,011,False
76,NEAR_1_SUBSTITUTION,1,78508944,,CLEARCARE,2004-11-01,606,clearcare,ABANDONED - NO STATEMENT OF USE FILED,Dead/Abandoned,False,037,False
76,NEAR_1_SUBSTITUTION,1,78508946,,CLEARCARE,2004-11-01,606,clearcare,ABANDONED - NO STATEMENT OF USE FILED,Dead/Abandoned,False,039,False
76,NEAR_1_SUBSTITUTION,1,78508947,,CLEARCARE,2004-11-01,606,clearcare,ABANDONED - NO STATEMENT OF USE FILED,Dead/Abandoned,False,041,False
76,NEAR_1_SUBSTITUTION,1,78508948,,CLEARCARE,2004-11-01,606,clearcare,ABANDONED - NO STATEMENT OF USE FILED,Dead/Abandoned,False,"042,045",False
76,NEAR_1_SUBSTITUTION,1,78442176,3143115,CLEAR CARE,2004-06-28,710,clearcare,CANCELLED - SECTION 8,Dead/Cancelled,False,,False
76,NEAR_1_SUBSTITUTION,1,78427116,,CLEARBASE,2004-05-28,602,clearbase,ABANDONED-FAILURE TO RESPOND OR LATE RESPONSE,Dead/Abandoned,False,004,False
76,NEAR_1_SUBSTITUTION,1,76585817,,CLEARCAST,2004-04-08,602,clearcast,ABANDONED-FAILURE TO RESPOND OR LATE RESPONSE,Dead/Abandoned,False,"038,041",False
76,NEAR_1_SUBSTITUTION,1,76420346,,CLEAR CARE,2002-06-10,606,clearcare,ABANDONED - NO STATEMENT OF USE FILED,Dead/Abandoned,False,021,True
76,NEAR_1_SUBSTITUTION,1,78036704,2599563,CLEAR-EASE,2000-11-27,710,clearease,CANCELLED - SECTION 8,Dead/Cancelled,False,,False
76,NEAR_1_SUBSTITUTION,1,75698925,,CLEARCAST,1999-05-06,602,clearcast,ABANDONED-FAILURE TO RESPOND OR LATE RESPONSE,Dead/Abandoned,False,009,False
76,NEAR_1_SUBSTITUTION,1,75480093,2517792,CLEAR CARE,1998-05-06,710,clearcare,CANCELLED - SECTION 8,Dead/Cancelled,False,,False
76,NEAR_1_SUBSTITUTION,1,75433934,2232119,CLEARCARE,1998-02-13,710,clearcare,CANCELLED - SECTION 8,Dead/Cancelled,False,,False
76,NEAR_1_SUBSTITUTION,1,75098148,2153341,CLEARCAST,1996-05-03,710,clearcast,CANCELLED - SECTION 8,Dead/Cancelled,False,,False
76,NEAR_1_SUBSTITUTION,1,74606518,,CLEARCARE,1994-12-02,606,clearcare,ABANDONED - NO STATEMENT OF USE FILED,Dead/Abandoned,False,,False
76,NEAR_1_SUBSTITUTION,1,74536290,,CLEAR CARE,1994-06-10,606,clearcare,ABANDONED - NO STATEMENT OF USE FILED,Dead/Abandoned,False,,False
76,NEAR_1_SUBSTITUTION,1,74467044,,CLEARCAST,1993-12-07,602,clearcast,ABANDONED-FAILURE TO RESPOND OR LATE RESPONSE,Dead/Abandoned,False,,False
76,NEAR_1_SUBSTITUTION,1,74102976,1866163,CLEAR CARE,1990-10-04,710,clearcare,CANCELLED - SECTION 8,Dead/Cancelled,False,,False
76,NEAR_1_SUBSTITUTION,1,73773101,1569267,CLEARCARE,1989-01-05,710,clearcare,CANCELLED - SECTION 8,Dead/Cancelled,False,,False
76,NEAR_1_SUBSTITUTION,1,72455789,0983608,CLEAR-CAST,1973-04-27,900,clearcast,EXPIRED,Dead/Expired,False,,False
77,EXACT,0,98791973,,POINT BLANK,2024-10-09,748,pointblank,STATEMENT OF USE - TO EXAMINER,Live/Pending,True,033,False
77,EXACT,0,98271753,,POINT BLANK,2023-11-15,654,pointblank,REPORT COMPLETED SUSPENSION CHECK - CASE STILL SUSPENDED,Live/Pending,True,041,False
77,EXACT,0,98081215,,POINT BLANK,2023-07-12,654,pointblank,REPORT COMPLETED SUSPENSION CHECK - CASE STILL SUSPENDED,Live/Pending,True,"009,016,018,041",False
77,EXACT,0,97556800,7589810,POINT BLANK,2022-08-19,700,pointblank,REGISTERED,Live/Registered,True,"009,028,041",False
77,EXACT,0,97279036,8118697,POINT BLANK,2022-02-22,700,pointblank,REGISTERED,Live/Registered,True,041,False
77,EXACT,0,97038125,6865907,POINT BLANK,2021-09-21,700,pointblank,REGISTERED,Live/Registered,True,"009,018",False
77,EXACT,0,78900168,3390123,POINTBLANK,2006-06-05,800,pointblank,REGISTERED AND RENEWED,Live/Registered,True,001,False
77,EXACT,0,74573453,1997508,POINT BLANK,1994-09-14,800,pointblank,REGISTERED AND RENEWED,Live/Registered,True,028,False
77,EXACT,0,88065594,,POINT BLANK,2018-08-04,602,pointblank,ABANDONED-FAILURE TO RESPOND OR LATE RESPONSE,Dead/Abandoned,False,025,False
77,EXACT,0,87767294,5929744,POINT BLANK,2018-01-23,710,pointblank,CANCELLED - SECTION 8,Dead/Cancelled,False,,False
77,EXACT,0,87111846,,POINT BLANK,2016-07-21,604,pointblank,ABANDONED - AFTER INTER-PARTES DECISION,Dead/Abandoned,False,,False
77,EXACT,0,86887101,,POINT BLANK,2016-01-26,602,pointblank,ABANDONED-FAILURE TO RESPOND OR LATE RESPONSE,Dead/Abandoned,False,033,False
77,EXACT,0,85598371,4277294,POINT BLANK,2012-04-16,710,pointblank,CANCELLED - SECTION 8,Dead/Cancelled,False,,False
77,EXACT,0,85422583,4138944,POINT+BLANK,2011-09-14,710,pointblank,CANCELLED - SECTION 8,Dead/Cancelled,False,,False
77,EXACT,0,85156635,4266409,POINT BLANK,2010-10-20,710,pointblank,CANCELLED - SECTION 8,Dead/Cancelled,False,,False
77,EXACT,0,77457478,4198719,POINT BLANK,2008-04-24,710,pointblank,CANCELLED - SECTION 8,Dead/Cancelled,False,,False
77,EXACT,0,77981031,3945952,POINT BLANK,2008-04-24,710,pointblank,CANCELLED - SECTION 8,Dead/Cancelled,False,,False
77,EXACT,0,76643798,,POINT BLANK,2005-07-28,606,pointblank,ABANDONED - NO STATEMENT OF USE FILED,Dead/Abandoned,False,041,False
77,EXACT,0,78417256,,POINTBLANK,2004-05-12,606,pointblank,ABANDONED - NO STATEMENT OF USE FILED,Dead/Abandoned,False,041,False
77,EXACT,0,78376233,2928940,POINT BLANK,2004-03-01,710,pointblank,CANCELLED - SECTION 8,Dead/Cancelled,False,,False
77,EXACT,0,78294234,,POINT BLANK,2003-08-29,606,pointblank,ABANDONED - NO STATEMENT OF USE FILED,Dead/Abandoned,False,028,False
77,EXACT,0,76146130,,POINTBLANK,2000-10-16,602,pointblank,ABANDONED-FAILURE TO RESPOND OR LATE RESPONSE,Dead/Abandoned,False,001,False
77,EXACT,0,75711852,,POINTBLANK,1999-05-20,606,pointblank,ABANDONED - NO STATEMENT OF USE FILED,Dead/Abandoned,False,005,True
77,EXACT,0,75679417,2403512,POINT BLANK,1999-04-12,710,pointblank,CANCELLED - SECTION 8,Dead/Cancelled,False,,False
77,EXACT,0,75405571,2406664,POINT BLANK,1997-12-09,710,pointblank,CANCELLED - SECTION 8,Dead/Cancelled,False,,False
77,EXACT,0,75259194,2124012,POINT BLANK,1997-03-18,710,pointblank,CANCELLED - SECTION 8,Dead/Cancelled,False,,False
77,EXACT,0,75154661,,POINT BLANK,1997-01-31,602,pointblank,ABANDONED-FAILURE TO RESPOND OR LATE RESPONSE,Dead/Abandoned,False,,False
77,EXACT,0,75098548,,POINT BLANK,1996-05-03,606,pointblank,ABANDONED - NO STATEMENT OF USE FILED,Dead/Abandoned,False,,False
77,EXACT,0,74298196,1841406,POINT BLANK,1992-07-27,710,pointblank,CANCELLED - SECTION 8,Dead/Cancelled,False,,False
77,EXACT,0,74032424,1656797,POINT BLANK,1990-02-26,710,pointblank,CANCELLED - SECTION 8,Dead/Cancelled,False,,False
77,EXACT,0,73593252,,POINT BLANK,1986-04-14,602,pointblank,ABANDONED-FAILURE TO RESPOND OR LATE RESPONSE,Dead/Abandoned,False,,False
77,EXACT,0,73422430,,POINT BLANK,1983-04-20,600,pointblank,ABANDONED - INCOMPLETE RESPONSE,Dead/Abandoned,False,,False
77,EXACT,0,73267064,1181298,POINT BLANK,1980-06-19,710,pointblank,CANCELLED - SECTION 8,Dead/Cancelled,False,,False
77,EXACT,0,73103903,1069778,POINT BLANK,1976-10-20,900,pointblank,EXPIRED,Dead/Expired,False,,False
77,EXACT,0,73102005,1087482,POINT BLANK,1976-10-04,900,pointblank,EXPIRED,Dead/Expired,False,,False
77,NEAR_1_INSERTION,1,75868601,2467319,POINT BLANKS,1999-12-11,800,pointblanks,REGISTERED AND RENEWED,Live/Registered,True,"025,028",False
77,NEAR_1_DELETION,1,75208058,2107386,POINTBANK,1996-12-04,800,pointbank,REGISTERED AND RENEWED,Live/Registered,True,036,False
77,NEAR_1_INSERTION,1,87790832,,POINTE BLANK,2018-02-08,602,pointeblank,ABANDONED-FAILURE TO RESPOND OR LATE RESPONSE,Dead/Abandoned,False,025,False
77,NEAR_1_SUBSTITUTION,1,86099175,4827647,POINT BLANC,2013-10-23,710,pointblanc,CANCELLED - SECTION 8,Dead/Cancelled,False,,False
77,NEAR_1_DELETION,1,85370599,,PO!NT BLANK,2011-07-13,604,pontblank,ABANDONED - AFTER INTER-PARTES DECISION,Dead/Abandoned,False,,False
77,NEAR_1_INSERTION,1,85366919,,POINT BLANKS,2011-07-08,606,pointblanks,ABANDONED - NO STATEMENT OF USE FILED,Dead/Abandoned,False,"025,028",False
77,NEAR_1_INSERTION,1,75841110,,POINTE BLANK,1999-11-04,602,pointeblank,ABANDONED-FAILURE TO RESPOND OR LATE RESPONSE,Dead/Abandoned,False,025,False
77,NEAR_1_SUBSTITUTION,1,75137982,2598179,POINT BLANC,1996-07-22,710,pointblanc,CANCELLED - SECTION 8,Dead/Cancelled,False,,False
77,NEAR_1_SUBSTITUTION,1,74412962,1880677,POINT BLANC,1993-07-14,710,pointblanc,CANCELLED - SECTION 8,Dead/Cancelled,False,,False
77,NEAR_1_SUBSTITUTION,1,73103308,1085706,POINT BLACK,1976-10-15,900,pointblack,EXPIRED,Dead/Expired,False,,False
77,NEAR_1_SUBSTITUTION,1,72401961,0959450,POINT BLANC,1971-09-03,900,pointblanc,EXPIRED,Dead/Expired,False,,False
78,EXACT,0,99558417,8335056,TO THE POINT,2025-12-19,700,tothepoint,REGISTERED,Live/Registered,True,036,False
78,EXACT,0,98420706,7610819,TO THE POINT,2024-02-26,700,tothepoint,REGISTERED,Live/Registered,True,"009,016",False
78,EXACT,0,88071041,5968401,TO THE POINT!,2018-08-08,700,tothepoint,REGISTERED,Live/Registered,True,003,True
78,EXACT,0,77107901,3561684,TO THE POINT,2007-02-14,800,tothepoint,REGISTERED AND RENEWED,Live/Registered,True,009,False
78,EXACT,0,99117741,,TO THE POINT,2025-04-02,606,tothepoint,ABANDONED - NO STATEMENT OF USE FILED,Dead/Abandoned,False,027,False
78,EXACT,0,85704830,4656670,TO THE POINT,2012-08-15,710,tothepoint,CANCELLED - SECTION 8,Dead/Cancelled,False,,False
78,EXACT,0,85176627,4079076,TO THE POINT,2010-11-15,710,tothepoint,CANCELLED - SECTION 8,Dead/Cancelled,False,,False
78,EXACT,0,77107902,3911349,TO THE POINT,2007-02-14,710,tothepoint,CANCELLED - SECTION 8,Dead/Cancelled,False,,False
78,EXACT,0,78703501,3129551,TO THE POINT,2005-08-30,710,tothepoint,CANCELLED - SECTION 8,Dead/Cancelled,False,,False
78,EXACT,0,78153480,2729283,TO THE POINT,2002-08-12,710,tothepoint,CANCELLED - SECTION 8,Dead/Cancelled,False,,False
78,EXACT,0,76412406,2778564,TO THE POINT,2002-05-24,710,tothepoint,CANCELLED - SECTION 8,Dead/Cancelled,False,,False
78,EXACT,0,76292398,2706289,TO THE POINT,2001-07-24,710,tothepoint,CANCELLED - SECTION 8,Dead/Cancelled,False,,False
78,EXACT,0,75916108,2685161,TO THE POINT,2000-02-11,710,tothepoint,CANCELLED - SECTION 8,Dead/Cancelled,False,,False
78,EXACT,0,74084804,1650148,TO THE POINT,1990-07-26,710,tothepoint,CANCELLED - SECTION 8,Dead/Cancelled,False,,False
78,EXACT,0,74038982,1697391,TO THE POINT,1990-03-16,710,tothepoint,CANCELLED - SECTION 8,Dead/Cancelled,False,,False
78,EXACT,0,73807815,1585624,TO THE POINT,1989-06-19,710,tothepoint,CANCELLED - SECTION 8,Dead/Cancelled,False,,False
78,EXACT,0,73585218,1410261,TO THE POINT,1986-02-28,713,tothepoint,CANCELLED - SECTION 18,Dead/Cancelled,False,,False
78,EXACT,0,73397925,1261709,TO THE POINT,1982-09-30,710,tothepoint,CANCELLED - SECTION 8,Dead/Cancelled,False,,False
78,EXACT,0,72147278,0748823,TO THE POINT,1962-06-20,900,tothepoint,EXPIRED,Dead/Expired,False,,False
78,NEAR_1_INSERTION,1,78253321,2874632,TO THE POINTE,2003-05-22,710,tothepointe,CANCELLED - SECTION 8,Dead/Cancelled,False,,False
78,NEAR_1_DELETION,1,73081217,1055578,TOTEPOINT,1976-03-24,710,totepoint,CANCELLED - SECTION 8,Dead/Cancelled,False,,False
79,EXACT,0,87548027,5537094,MAINPOINT,2017-07-28,701,mainpoint,SECTION 8-ACCEPTED,Live/Registered,True,008,False
79,EXACT,0,98569092,,MAIN POINT,2024-05-25,606,mainpoint,ABANDONED - NO STATEMENT OF USE FILED,Dead/Abandoned,False,041,False
79,EXACT,0,87958569,5661120,MAINPOINT,2018-06-12,710,mainpoint,CANCELLED - SECTION 8,Dead/Cancelled,False,,False
79,EXACT,0,76538334,3011816,MAINPOINT,2003-08-18,710,mainpoint,CANCELLED - SECTION 8,Dead/Cancelled,False,,False
79,EXACT,0,76254806,,MAINPOINT,2001-05-01,602,mainpoint,ABANDONED-FAILURE TO RESPOND OR LATE RESPONSE,Dead/Abandoned,False,038,False
79,NEAR_1_SUBSTITUTION,1,97609185,7211772,PAINPOINT,2022-09-27,700,painpoint,REGISTERED,Live/Registered,True,044,True
79,NEAR_1_SUBSTITUTION,1,90070595,6550266,RAINPOINT,2020-07-23,700,rainpoint,REGISTERED,Live/Registered,True,"009,011",False
79,NEAR_1_SUBSTITUTION,1,88284151,5957459,RAINPOINT,2019-01-31,704,rainpoint,PARTIAL SECTION 8 ACCEPTED,Live/Registered,True,011,False
79,NEAR_1_INSERTION,1,85768819,4492184,MAINPOINTE,2012-11-01,710,mainpointe,CANCELLED - SECTION 8,Dead/Cancelled,False,,False
79,NEAR_1_SUBSTITUTION,1,76712745,4460383,PAINPOINT,2012-10-31,710,painpoint,CANCELLED - SECTION 8,Dead/Cancelled,False,,False
79,NEAR_1_SUBSTITUTION,1,85358203,,PAINPOINT,2011-06-28,606,painpoint,ABANDONED - NO STATEMENT OF USE FILED,Dead/Abandoned,False,"016,041,044",True
79,NEAR_1_SUBSTITUTION,1,77333124,,PAINPOINT,2007-11-19,606,painpoint,ABANDONED - NO STATEMENT OF USE FILED,Dead/Abandoned,False,"016,041",False
79,NEAR_1_INSERTION,1,74395768,1850731,MAINE POINT,1993-05-26,710,mainepoint,CANCELLED - SECTION 8,Dead/Cancelled,False,,False
79,NEAR_1_SUBSTITUTION,1,73083475,1060297,MAILPOINT,1976-04-12,900,mailpoint,EXPIRED,Dead/Expired,False,,False
80,EXACT,0,98899304,8046454,BOTTOM LINE,2024-12-12,700,bottomline,REGISTERED,Live/Registered,True,018,False
80,EXACT,0,97910003,8111456,BOTTOMLINE,2023-04-27,700,bottomline,REGISTERED,Live/Registered,True,025,False
80,EXACT,0,88837300,6406500,BOTTOMLINE,2020-03-17,700,bottomline,REGISTERED,Live/Registered,True,"009,016,035,036,041,042",True
80,EXACT,0,78407250,2940230,BOTTOM LINE,2004-04-23,800,bottomline,REGISTERED AND RENEWED,Live/Registered,True,039,False
80,EXACT,0,76110041,3057998,BOTTOM LINE,2000-08-15,800,bottomline,REGISTERED AND RENEWED,Live/Registered,True,041,False
80,EXACT,0,75125333,2148643,BOTTOM LINE,1996-06-25,800,bottomline,REGISTERED AND RENEWED,Live/Registered,True,016,False
80,EXACT,0,97106585,,BOTTOM LINE,2021-11-03,602,bottomline,ABANDONED-FAILURE TO RESPOND OR LATE RESPONSE,Dead/Abandoned,False,003,True
80,EXACT,0,90309485,,BOTTOM LINE,2020-11-10,602,bottomline,ABANDONED-FAILURE TO RESPOND OR LATE RESPONSE,Dead/Abandoned,False,037,False
80,EXACT,0,86443210,4760021,BOTTOM LINE,2014-11-03,710,bottomline,CANCELLED - SECTION 8,Dead/Cancelled,False,,False
80,EXACT,0,78490215,,BOTTOM LINE,2004-09-27,602,bottomline,ABANDONED-FAILURE TO RESPOND OR LATE RESPONSE,Dead/Abandoned,False,035,True
80,EXACT,0,78417922,2959889,BOTTOM LINE,2004-05-13,710,bottomline,CANCELLED - SECTION 8,Dead/Cancelled,False,,False
80,EXACT,0,78311558,,BOTTOM LINE,2003-10-09,602,bottomline,ABANDONED-FAILURE TO RESPOND OR LATE RESPONSE,Dead/Abandoned,False,025,False
80,EXACT,0,76516212,2880976,BOTTOM LINE,2003-05-23,710,bottomline,CANCELLED - SECTION 8,Dead/Cancelled,False,,False
80,EXACT,0,78180408,2846696,BOTTOM LINE,2002-10-31,710,bottomline,CANCELLED - SECTION 8,Dead/Cancelled,False,,False
80,EXACT,0,76430579,,BOTTOMLINE,2002-07-10,602,bottomline,ABANDONED-FAILURE TO RESPOND OR LATE RESPONSE,Dead/Abandoned,False,038,False
80,EXACT,0,76417862,2700130,BOTTOM LINE,2002-06-07,710,bottomline,CANCELLED - SECTION 8,Dead/Cancelled,False,,False
80,EXACT,0,78125760,,BOTTOMLINE,2002-05-02,602,bottomline,ABANDONED-FAILURE TO RESPOND OR LATE RESPONSE,Dead/Abandoned,False,041,False
80,EXACT,0,76116898,2545276,BOTTOM LINE,2000-08-25,710,bottomline,CANCELLED - SECTION 8,Dead/Cancelled,False,,False
80,EXACT,0,76090973,,BOTTOMLINE,2000-07-17,604,bottomline,ABANDONED - AFTER INTER-PARTES DECISION,Dead/Abandoned,False,041,False
80,EXACT,0,76066113,,BOTTOM LINE,2000-06-08,606,bottomline,ABANDONED - NO STATEMENT OF USE FILED,Dead/Abandoned,False,028,False
80,EXACT,0,75583356,2384766,BOTTOM LINE,1998-11-05,710,bottomline,CANCELLED - SECTION 8,Dead/Cancelled,False,,False
80,EXACT,0,75368015,2198377,BOTTOM LINE,1997-10-03,710,bottomline,CANCELLED - SECTION 8,Dead/Cancelled,False,,False
80,EXACT,0,75320893,,BOTTOM LINE,1997-07-08,602,bottomline,ABANDONED-FAILURE TO RESPOND OR LATE RESPONSE,Dead/Abandoned,False,,False
80,EXACT,0,75229304,,BOTTOM LINE,1997-01-22,606,bottomline,ABANDONED - NO STATEMENT OF USE FILED,Dead/Abandoned,False,,False
80,EXACT,0,74554978,1959733,BOTTOM LINE,1994-07-28,710,bottomline,CANCELLED - SECTION 8,Dead/Cancelled,False,,False
80,EXACT,0,74424539,1947235,BOTTOM LINE,1993-08-16,710,bottomline,CANCELLED - SECTION 8,Dead/Cancelled,False,,False
80,EXACT,0,74412130,,!BOTTOMLINE,1993-07-12,602,bottomline,ABANDONED-FAILURE TO RESPOND OR LATE RESPONSE,Dead/Abandoned,False,,False
80,EXACT,0,74013597,,BOTTOM LINE,1989-12-26,602,bottomline,ABANDONED-FAILURE TO RESPOND OR LATE RESPONSE,Dead/Abandoned,False,,False
80,EXACT,0,74011763,,BOTTOMLINE,1989-12-18,602,bottomline,ABANDONED-FAILURE TO RESPOND OR LATE RESPONSE,Dead/Abandoned,False,,False
80,EXACT,0,74011764,,BOTTOMLINE,1989-12-18,606,bottomline,ABANDONED - NO STATEMENT OF USE FILED,Dead/Abandoned,False,,False
80,EXACT,0,74008213,1739168,BOTTOM LINE,1989-12-05,710,bottomline,CANCELLED - SECTION 8,Dead/Cancelled,False,,False
80,EXACT,0,73780512,1559669,BOTTOM LINE,1989-02-10,710,bottomline,CANCELLED - SECTION 8,Dead/Cancelled,False,,False
80,EXACT,0,73764503,1543688,BOTTOM LINE,1988-11-18,710,bottomline,CANCELLED - SECTION 8,Dead/Cancelled,False,,False
80,EXACT,0,73731868,1528242,BOTTOM LINE,1988-05-31,710,bottomline,CANCELLED - SECTION 8,Dead/Cancelled,False,,False
80,EXACT,0,73731869,1528243,BOTTOM LINE,1988-05-31,710,bottomline,CANCELLED - SECTION 8,Dead/Cancelled,False,,False
80,EXACT,0,73717106,1508106,BOTTOM LINE,1988-03-16,710,bottomline,CANCELLED - SECTION 8,Dead/Cancelled,False,,False
80,EXACT,0,73521770,,BOTTOM LINE,1985-02-11,602,bottomline,ABANDONED-FAILURE TO RESPOND OR LATE RESPONSE,Dead/Abandoned,False,,False
80,EXACT,0,73324853,1202691,BOTTOMLINE,1981-08-24,710,bottomline,CANCELLED - SECTION 8,Dead/Cancelled,False,,False
80,EXACT,0,73292498,1211093,BOTTOM LINE,1981-01-12,710,bottomline,CANCELLED - SECTION 8,Dead/Cancelled,False,,False
80,EXACT,0,73075728,1050568,BOTTOM LINE,1976-01-29,900,bottomline,EXPIRED,Dead/Expired,False,,False
80,EXACT,0,73282371,,BOTTOM LINE,,602,bottomline,ABANDONED-FAILURE TO RESPOND OR LATE RESPONSE,Dead/Abandoned,False,,False
80,EXACT,0,73326743,,BOTTOM LINE,,602,bottomline,ABANDONED-FAILURE TO RESPOND OR LATE RESPONSE,Dead/Abandoned,False,,False
80,NEAR_1_INSERTION,1,98288123,7875159,B BOTTOMLINE,2023-11-28,700,bbottomline,REGISTERED,Live/Registered,True,"009,035,036,041,042",True
80,NEAR_1_INSERTION,1,75763702,2594883,BOTTOM LINES,1999-07-29,800,bottomlines,REGISTERED AND RENEWED,Live/Registered,True,003,True
80,NEAR_1_INSERTION,1,87420642,5604185,5 BOTTOM LINE,2017-04-21,710,5bottomline,CANCELLED - SECTION 8,Dead/Cancelled,False,,False
80,NEAR_1_INSERTION,1,87420693,5604186,5 BOTTOM LINE,2017-04-21,710,5bottomline,CANCELLED - SECTION 8,Dead/Cancelled,False,,False
80,NEAR_1_INSERTION,1,77012363,,BOTTOM LINER,2006-10-03,602,bottomliner,ABANDONED-FAILURE TO RESPOND OR LATE RESPONSE,Dead/Abandoned,False,022,False
80,NEAR_1_INSERTION,1,73464319,,BOTTOMLINE V,1984-01-20,602,bottomlinev,ABANDONED-FAILURE TO RESPOND OR LATE RESPONSE,Dead/Abandoned,False,,False
80,NEAR_1_INSERTION,1,73149551,1183853,BOTTOM LINES,1977-11-22,710,bottomlines,CANCELLED - SECTION 8,Dead/Cancelled,False,,False
81,EXACT,0,99857167,,FULL STOP.,2026-06-01,630,fullstop,NEW APPLICATION - RECORD INITIALIZED NOT ASSIGNED TO EXAMINER,Live/Pending,True,030,False
81,EXACT,0,99336000,8300778,FULLSTOP,2025-08-13,700,fullstop,REGISTERED,Live/Registered,True,"003,007,008,017",True
81,EXACT,0,98452966,,FULL STOP,2024-03-16,732,fullstop,THIRD EXTENSION - GRANTED,Live/Pending,True,005,True
81,EXACT,0,98423791,,FULL STOP,2024-02-27,732,fullstop,THIRD EXTENSION - GRANTED,Live/Pending,True,005,True
81,EXACT,0,79367332,7362367,FULLSTOP.,2023-03-08,700,fullstop,REGISTERED,Live/Registered,True,"003,035",True
81,EXACT,0,88439269,,FULLSTOP,2019-05-21,606,fullstop,ABANDONED - NO STATEMENT OF USE FILED,Dead/Abandoned,False,009,False
81,EXACT,0,87484902,,FULLSTOP,2017-06-12,606,fullstop,ABANDONED - NO STATEMENT OF USE FILED,Dead/Abandoned,False,012,False
81,EXACT,0,79183102,5043417,FULLSTOP,2016-02-01,404,fullstop,IR CANCELLED; US REGISTRATION CANCELLED,Dead/Cancelled,False,,False
81,EXACT,0,85546775,4649538,FULLSTOP,2012-02-18,710,fullstop,CANCELLED - SECTION 8,Dead/Cancelled,False,,False
81,EXACT,0,75080399,2133755,FULL STOP,1996-01-25,710,fullstop,CANCELLED - SECTION 8,Dead/Cancelled,False,,False
81,EXACT,0,74480252,1874284,FULL STOP,1994-01-10,710,fullstop,CANCELLED - SECTION 8,Dead/Cancelled,False,,False
81,EXACT,0,74480253,1872901,FULLSTOP,1994-01-10,710,fullstop,CANCELLED - SECTION 8,Dead/Cancelled,False,,False
81,EXACT,0,73147147,1105886,FULL STOP,1977-11-03,710,fullstop,CANCELLED - SECTION 8,Dead/Cancelled,False,,False
81,EXACT,0,72106380,0739845,FULL STOP,1960-10-14,900,fullstop,EXPIRED,Dead/Expired,False,,False
81,NEAR_1_SUBSTITUTION,1,99258190,,FILLSTOP,2025-06-28,819,fillstop,SU - REGISTRATION REVIEW COMPLETE,Live/Pending,True,009,False
81,NEAR_1_SUBSTITUTION,1,98735401,,FUELSTOP,2024-09-05,730,fuelstop,FIRST EXTENSION - GRANTED,Live/Pending,True,"006,007",False
81,NEAR_1_SUBSTITUTION,1,98153424,8111564,BULLSTOP,2023-08-28,700,bullstop,REGISTERED,Live/Registered,True,009,False
81,NEAR_1_DELETION,1,90744379,6915564,FULLTOP,2021-05-31,700,fulltop,REGISTERED,Live/Registered,True,007,False
81,NEAR_1_SUBSTITUTION,1,88678850,6236490,FULLSHOP,2019-11-04,702,fullshop,SECTION 8 & 15-ACCEPTED AND ACKNOWLEDGED,Live/Registered,True,007,False
81,NEAR_1_SUBSTITUTION,1,74008248,1638217,FALLSTOP,1989-12-06,800,fallstop,REGISTERED AND RENEWED,Live/Registered,True,009,False
81,NEAR_1_SUBSTITUTION,1,85319041,4172805,PULL STOP,2011-05-12,710,pullstop,CANCELLED - SECTION 8,Dead/Cancelled,False,,False
81,NEAR_1_SUBSTITUTION,1,79092915,4004679,FULL STEP,2010-12-01,404,fullstep,IR CANCELLED; US REGISTRATION CANCELLED,Dead/Cancelled,False,,False
81,NEAR_1_SUBSTITUTION,1,77615415,3796745,FULLSTEP,2008-11-17,710,fullstep,CANCELLED - SECTION 8,Dead/Cancelled,False,,False
81,NEAR_1_SUBSTITUTION,1,77615417,3811650,FULLSTEP,2008-11-17,710,fullstep,CANCELLED - SECTION 8,Dead/Cancelled,False,,False
81,NEAR_1_SUBSTITUTION,1,77615422,3811651,FULLSTEP,2008-11-17,710,fullstep,CANCELLED - SECTION 8,Dead/Cancelled,False,,False
81,NEAR_1_SUBSTITUTION,1,76283437,,FUEL-STOP,2001-07-11,606,fuelstop,ABANDONED - NO STATEMENT OF USE FILED,Dead/Abandoned,False,022,False
81,NEAR_1_DELETION,1,76219105,2756854,FUL-STOP,2001-03-05,710,fulstop,CANCELLED - SECTION 8,Dead/Cancelled,False,,False
81,NEAR_1_SUBSTITUTION,1,75926576,,FULLYTOP,2000-02-24,606,fullytop,ABANDONED - NO STATEMENT OF USE FILED,Dead/Abandoned,False,020,False
81,NEAR_1_SUBSTITUTION,1,75812218,,FUEL STOP,1999-09-30,602,fuelstop,ABANDONED-FAILURE TO RESPOND OR LATE RESPONSE,Dead/Abandoned,False,"030,032,042",False
82,EXACT,0,99839053,,THAT'S IT.,2026-05-21,630,thatsit,NEW APPLICATION - RECORD INITIALIZED NOT ASSIGNED TO EXAMINER,Live/Pending,True,"029,030",False
82,EXACT,0,79414507,,THAT'S IT,2024-11-26,654,thatsit,REPORT COMPLETED SUSPENSION CHECK - CASE STILL SUSPENDED,Live/Pending,True,"003,005,022,025,035",True
82,EXACT,0,98617573,,THAT'S IT.,2024-06-25,731,thatsit,SECOND EXTENSION - GRANTED,Live/Pending,True,005,True
82,EXACT,0,98371505,,THAT'S IT,2024-01-23,732,thatsit,THIRD EXTENSION - GRANTED,Live/Pending,True,033,False
82,EXACT,0,98322398,,THAT'S IT.,2023-12-19,731,thatsit,SECOND EXTENSION - GRANTED,Live/Pending,True,032,False
82,EXACT,0,90900273,7044260,THAT'S IT,2021-08-24,700,thatsit,REGISTERED,Live/Registered,True,"029,030",False
82,EXACT,0,90575790,6867429,THAT'S IT.,2021-03-12,700,thatsit,REGISTERED,Live/Registered,True,030,False
82,EXACT,0,88589025,6038878,THAT'S IT,2019-08-22,700,thatsit,REGISTERED,Live/Registered,True,005,True
82,EXACT,0,85908733,4745909,THAT'S IT.,2013-04-18,800,thatsit,REGISTERED AND RENEWED,Live/Registered,True,031,False
82,EXACT,0,85257601,4035020,THAT'S IT.,2011-03-03,800,thatsit,REGISTERED AND RENEWED,Live/Registered,True,029,False
82,EXACT,0,77487108,3560640,THATS-IT,2008-05-30,800,thatsit,REGISTERED AND RENEWED,Live/Registered,True,005,True
82,EXACT,0,98391775,,THATS IT,2024-02-05,604,thatsit,ABANDONED - AFTER INTER-PARTES DECISION,Dead/Abandoned,False,,False
82,EXACT,0,97429858,,THAT'S IT,2022-05-26,606,thatsit,ABANDONED - NO STATEMENT OF USE FILED,Dead/Abandoned,False,"009,035,041,042",True
82,EXACT,0,88958766,,THAT'S IT.,2020-06-10,606,thatsit,ABANDONED - NO STATEMENT OF USE FILED,Dead/Abandoned,False,032,False
82,EXACT,0,88923153,,THAT'S IT,2020-05-19,606,thatsit,ABANDONED - NO STATEMENT OF USE FILED,Dead/Abandoned,False,005,True
82,EXACT,0,87956450,,THATS IT!,2018-06-11,606,thatsit,ABANDONED - NO STATEMENT OF USE FILED,Dead/Abandoned,False,033,False
82,EXACT,0,86536601,5046339,THAT'S IT,2015-02-17,710,thatsit,CANCELLED - SECTION 8,Dead/Cancelled,False,,False
82,EXACT,0,86053545,4638221,THAT'S IT,2013-09-02,710,thatsit,CANCELLED - SECTION 8,Dead/Cancelled,False,,False
82,EXACT,0,85595934,,THAT'S IT!,2012-04-12,606,thatsit,ABANDONED - NO STATEMENT OF USE FILED,Dead/Abandoned,False,025,False
82,EXACT,0,85594543,4329355,THAT'S IT!,2012-04-11,710,thatsit,CANCELLED - SECTION 8,Dead/Cancelled,False,,False
82,EXACT,0,85593754,4329352,THAT'S IT!,2012-04-10,710,thatsit,CANCELLED - SECTION 8,Dead/Cancelled,False,,False
82,EXACT,0,77595770,3634531,THAT'S IT,2008-10-20,710,thatsit,CANCELLED - SECTION 8,Dead/Cancelled,False,,False
82,EXACT,0,77316978,3523484,THAT'S IT!,2007-10-30,710,thatsit,CANCELLED - SECTION 8,Dead/Cancelled,False,,False
82,EXACT,0,75310487,2243559,THAT'S IT,1997-06-19,710,thatsit,CANCELLED - SECTION 8,Dead/Cancelled,False,,False
82,EXACT,0,75066762,2181038,THAT'S IT!,1996-03-04,710,thatsit,CANCELLED - SECTION 8,Dead/Cancelled,False,,False
82,EXACT,0,74641574,,THAT'S IT,1995-03-03,602,thatsit,ABANDONED-FAILURE TO RESPOND OR LATE RESPONSE,Dead/Abandoned,False,,False
82,EXACT,0,74478932,,THAT'S IT,1994-01-13,606,thatsit,ABANDONED - NO STATEMENT OF USE FILED,Dead/Abandoned,False,,False
82,EXACT,0,74478158,,THAT'S IT !,1994-01-10,602,thatsit,ABANDONED-FAILURE TO RESPOND OR LATE RESPONSE,Dead/Abandoned,False,,False
82,EXACT,0,73804290,,THAT'S IT,1989-06-05,602,thatsit,ABANDONED-FAILURE TO RESPOND OR LATE RESPONSE,Dead/Abandoned,False,,False
82,EXACT,0,73801403,,THAT'S IT!,1989-05-22,602,thatsit,ABANDONED-FAILURE TO RESPOND OR LATE RESPONSE,Dead/Abandoned,False,,False
82,EXACT,0,73734936,,THAT'S IT!,1988-06-17,601,thatsit,ABANDONED - EXPRESS,Dead/Abandoned,False,,False
82,EXACT,0,73683840,1490283,...THAT'S IT,1987-09-14,710,thatsit,CANCELLED - SECTION 8,Dead/Cancelled,False,,False
82,EXACT,0,72413998,0996570,THAT'S IT!,1972-01-28,900,thatsit,EXPIRED,Dead/Expired,False,,False
82,NEAR_1_SUBSTITUTION,1,97529221,7356780,THASSIT,2022-08-01,700,thassit,REGISTERED,Live/Registered,True,025,False
82,NEAR_1_SUBSTITUTION,1,90069229,,WHATSIT,2020-07-23,606,whatsit,ABANDONED - NO STATEMENT OF USE FILED,Dead/Abandoned,False,020,False
82,NEAR_1_SUBSTITUTION,1,85638433,,WHATSIT,2012-05-30,606,whatsit,ABANDONED - NO STATEMENT OF USE FILED,Dead/Abandoned,False,009,False
82,NEAR_1_SUBSTITUTION,1,77927377,,WHAT'S IT?,2010-02-03,606,whatsit,ABANDONED - NO STATEMENT OF USE FILED,Dead/Abandoned,False,043,False
82,NEAR_1_INSERTION,1,77402028,3501733,THAT'S FIT,2008-02-20,710,thatsfit,CANCELLED - SECTION 8,Dead/Cancelled,False,,False
82,NEAR_1_INSERTION,1,77402032,3501734,THAT'S FIT,2008-02-20,710,thatsfit,CANCELLED - SECTION 8,Dead/Cancelled,False,,False
82,NEAR_1_SUBSTITUTION,1,78230794,,THAT'ZIT,2003-03-27,606,thatzit,ABANDONED - NO STATEMENT OF USE FILED,Dead/Abandoned,False,003,True
82,NEAR_1_SUBSTITUTION,1,74191912,1706123,THATZ-IT,1991-08-05,710,thatzit,CANCELLED - SECTION 8,Dead/Cancelled,False,,False
82,NEAR_1_SUBSTITUTION,1,74017982,,WHATSIT?,1990-01-08,606,whatsit,ABANDONED - NO STATEMENT OF USE FILED,Dead/Abandoned,False,,False
82,NEAR_1_SUBSTITUTION,1,73794171,,WHATSIT,1989-04-14,602,whatsit,ABANDONED-FAILURE TO RESPOND OR LATE RESPONSE,Dead/Abandoned,False,,False
82,NEAR_1_SUBSTITUTION,1,73595551,1415490,THATZ-IT,1986-04-28,711,thatzit,CANCELLED - SECTION 7,Dead/Cancelled,False,,False
82,NEAR_1_SUBSTITUTION,1,73573609,1401229,WHATS-IT,1985-12-16,710,whatsit,CANCELLED - SECTION 8,Dead/Cancelled,False,,False
82,NEAR_1_SUBSTITUTION,1,73560268,1393288,WHAT'S IT?,1985-09-26,710,whatsit,CANCELLED - SECTION 8,Dead/Cancelled,False,,False
82,NEAR_1_SUBSTITUTION,1,73260756,1197143,WHATSIT?,1980-05-05,710,whatsit,CANCELLED - SECTION 8,Dead/Cancelled,False,,False
83,NEAR_1_DELETION,1,99744255,,SOTHER,2026-04-03,630,sother,NEW APPLICATION - RECORD INITIALIZED NOT ASSIGNED TO EXAMINER,Live/Pending,True,004,False
83,NEAR_1_SUBSTITUTION,1,99016967,,SOTHERA,2025-01-24,686,sothera,PUBLISHED FOR OPPOSITION,Live/Pending,True,010,True
83,NEAR_1_SUBSTITUTION,1,97819417,,NOT HERE!,2023-03-02,686,nothere,PUBLISHED FOR OPPOSITION,Live/Pending,True,"003,005",True
83,NEAR_1_SUBSTITUTION,1,97034012,7444009,GO THERE,2021-09-17,700,gothere,REGISTERED,Live/Registered,True,041,False
83,NEAR_1_SUBSTITUTION,1,90057329,6376509,SOWHERE,2020-07-16,700,sowhere,REGISTERED,Live/Registered,True,012,False
83,NEAR_1_SUBSTITUTION,1,88480318,6701938,GO THERE,2019-06-19,700,gothere,REGISTERED,Live/Registered,True,"025,035",True
83,NEAR_1_SUBSTITUTION,1,86247217,4740574,GO THERE,2014-04-09,800,gothere,REGISTERED AND RENEWED,Live/Registered,True,041,False
83,NEAR_1_SUBSTITUTION,1,98399197,,GO THERE!,2024-02-09,606,gothere,ABANDONED - NO STATEMENT OF USE FILED,Dead/Abandoned,False,016,False
83,NEAR_1_SUBSTITUTION,1,97669272,,NOT HERE,2022-11-09,606,nothere,ABANDONED - NO STATEMENT OF USE FILED,Dead/Abandoned,False,005,True
83,NEAR_1_SUBSTITUTION,1,97219507,,GO THERE,2022-01-14,602,gothere,ABANDONED-FAILURE TO RESPOND OR LATE RESPONSE,Dead/Abandoned,False,035,True
83,NEAR_1_SUBSTITUTION,1,90588687,,GOTHERE,2021-03-19,604,gothere,ABANDONED - AFTER INTER-PARTES DECISION,Dead/Abandoned,False,,False
83,NEAR_1_SUBSTITUTION,1,87860018,5795495,SOTHERA,2018-04-02,710,sothera,CANCELLED - SECTION 8,Dead/Cancelled,False,,False
83,NEAR_1_DELETION,1,87636857,,SOTERE,2017-10-06,606,sotere,ABANDONED - NO STATEMENT OF USE FILED,Dead/Abandoned,False,045,False
83,NEAR_1_SUBSTITUTION,1,86932257,5130417,MOTHER E,2016-03-08,710,mothere,CANCELLED - SECTION 8,Dead/Cancelled,False,,False
83,NEAR_1_SUBSTITUTION,1,86657265,,GO THERE,2015-06-10,602,gothere,ABANDONED-FAILURE TO RESPOND OR LATE RESPONSE,Dead/Abandoned,False,025,False
83,NEAR_1_SUBSTITUTION,1,86286165,,GO THERE,2014-05-20,602,gothere,ABANDONED-FAILURE TO RESPOND OR LATE RESPONSE,Dead/Abandoned,False,035,True
83,NEAR_1_SUBSTITUTION,1,85753695,,NOT HERE,2012-10-14,602,nothere,ABANDONED-FAILURE TO RESPOND OR LATE RESPONSE,Dead/Abandoned,False,025,False
83,NEAR_1_SUBSTITUTION,1,85493095,4183262,GO THERE,2011-12-12,710,gothere,CANCELLED - SECTION 8,Dead/Cancelled,False,,False
83,NEAR_1_SUBSTITUTION,1,78113717,,GO THERE!,2002-03-09,614,gothere,ABANDONED PETITION TO REVIVE-DENIED,Dead/Abandoned,False,009,False
83,NEAR_1_SUBSTITUTION,1,76060823,,SOTHERA,2000-06-01,606,sothera,ABANDONED - NO STATEMENT OF USE FILED,Dead/Abandoned,False,005,True
83,NEAR_1_SUBSTITUTION,1,75888597,2770563,GOTHERE,2000-01-05,710,gothere,CANCELLED - SECTION 8,Dead/Cancelled,False,,False
83,NEAR_1_SUBSTITUTION,1,75813530,,GO THERE,1999-10-04,604,gothere,ABANDONED - AFTER INTER-PARTES DECISION,Dead/Abandoned,False,,False
83,NEAR_1_SUBSTITUTION,1,75644401,,GOTHERE,1999-02-08,604,gothere,ABANDONED - AFTER INTER-PARTES DECISION,Dead/Abandoned,False,039,False
83,NEAR_1_SUBSTITUTION,1,75283372,,GO THERE,1997-04-29,602,gothere,ABANDONED-FAILURE TO RESPOND OR LATE RESPONSE,Dead/Abandoned,False,,False
83,NEAR_1_SUBSTITUTION,1,75144185,2691231,GO THERE,1996-08-02,710,gothere,CANCELLED - SECTION 8,Dead/Cancelled,False,,False
83,NEAR_1_DELETION,1,74687523,,S'OTHER,1995-06-12,602,sother,ABANDONED-FAILURE TO RESPOND OR LATE RESPONSE,Dead/Abandoned,False,,False
83,NEAR_1_SUBSTITUTION,1,73248769,1183043,GO THERE,1980-02-04,710,gothere,CANCELLED - SECTION 8,Dead/Cancelled,False,,False
84,EXACT,0,97110135,6922511,THERE IT IS,2021-11-05,700,thereitis,REGISTERED,Live/Registered,True,030,False
84,NEAR_1_SUBSTITUTION,1,98663034,,THE REST IS,2024-07-23,688,therestis,NOTICE OF ALLOWANCE - ISSUED,Live/Pending,True,"009,016,038,041",False
84,NEAR_1_DELETION,1,85709584,,HEREITIS,2012-08-22,606,hereitis,ABANDONED - NO STATEMENT OF USE FILED,Dead/Abandoned,False,"016,030",False
84,NEAR_1_DELETION,1,77669283,,HEREITIS,2009-02-12,606,hereitis,ABANDONED - NO STATEMENT OF USE FILED,Dead/Abandoned,False,"016,030",False
84,NEAR_1_DELETION,1,77146371,,HERE IT IS,2007-04-02,602,hereitis,ABANDONED-FAILURE TO RESPOND OR LATE RESPONSE,Dead/Abandoned,False,041,False
85,EXACT,0,85709584,,HEREITIS,2012-08-22,606,hereitis,ABANDONED - NO STATEMENT OF USE FILED,Dead/Abandoned,False,"016,030",False
85,EXACT,0,77669283,,HEREITIS,2009-02-12,606,hereitis,ABANDONED - NO STATEMENT OF USE FILED,Dead/Abandoned,False,"016,030",False
85,EXACT,0,77146371,,HERE IT IS,2007-04-02,602,hereitis,ABANDONED-FAILURE TO RESPOND OR LATE RESPONSE,Dead/Abandoned,False,041,False
85,NEAR_1_INSERTION,1,97110135,6922511,THERE IT IS,2021-11-05,700,thereitis,REGISTERED,Live/Registered,True,030,False
86,EXACT,0,99629953,,RIGHT HERE.,2026-02-02,681,righthere,PUBLICATION/ISSUE REVIEW COMPLETE,Live/Pending,True,032,False
86,EXACT,0,86929864,5059132,RIGHT HERE,2016-03-04,800,righthere,REGISTERED AND RENEWED,Live/Registered,True,036,False
86,EXACT,0,86425197,,RIGHTHERE,2014-10-16,606,righthere,ABANDONED - NO STATEMENT OF USE FILED,Dead/Abandoned,False,011,False
86,NEAR_1_SUBSTITUTION,1,99699900,,RIGHTHIRE,2026-03-13,630,righthire,NEW APPLICATION - RECORD INITIALIZED NOT ASSIGNED TO EXAMINER,Live/Pending,True,042,False
86,NEAR_1_SUBSTITUTION,1,99689207,,HIGH THERE!,2026-03-08,630,highthere,NEW APPLICATION - RECORD INITIALIZED NOT ASSIGNED TO EXAMINER,Live/Pending,True,038,False
86,NEAR_1_SUBSTITUTION,1,99673573,,HIGH THERE,2026-02-27,638,highthere,NEW APPLICATION - ASSIGNED TO EXAMINER,Live/Pending,True,035,True
86,NEAR_1_INSERTION,1,99423737,,RIGHT THERE,2025-10-01,688,rightthere,NOTICE OF ALLOWANCE - ISSUED,Live/Pending,True,003,True
86,NEAR_1_INSERTION,1,99270429,8149363,RIGHT THERE,2025-07-07,700,rightthere,REGISTERED,Live/Registered,True,"035,043",True
86,NEAR_1_SUBSTITUTION,1,90512184,,LIGHTHERE,2021-02-04,654,lighthere,REPORT COMPLETED SUSPENSION CHECK - CASE STILL SUSPENDED,Live/Pending,True,011,False
86,NEAR_1_SUBSTITUTION,1,86984490,6278177,HIGH THERE!,2014-07-30,700,highthere,REGISTERED,Live/Registered,True,"009,025,041,045",False
86,NEAR_1_SUBSTITUTION,1,86353023,,HIGH THERE!,2014-07-30,606,highthere,ABANDONED - NO STATEMENT OF USE FILED,Dead/Abandoned,False,"024,034,035",True
86,NEAR_1_SUBSTITUTION,1,86353025,,HIGH THERE,2014-07-30,602,highthere,ABANDONED-FAILURE TO RESPOND OR LATE RESPONSE,Dead/Abandoned,False,009,False
86,NEAR_1_SUBSTITUTION,1,86250878,4914367,RIGHTHIRE,2014-04-14,710,righthire,CANCELLED - SECTION 8,Dead/Cancelled,False,,False
86,NEAR_1_INSERTION,1,86039953,,RIGHT HEERE!,2013-08-16,602,rightheere,ABANDONED-FAILURE TO RESPOND OR LATE RESPONSE,Dead/Abandoned,False,025,False
86,NEAR_1_INSERTION,1,85471914,,RIGHT HEERE!,2011-11-14,606,rightheere,ABANDONED - NO STATEMENT OF USE FILED,Dead/Abandoned,False,"035,041",True
86,NEAR_1_SUBSTITUTION,1,77656748,3660840,FIGHT HERE,2009-01-26,710,fighthere,CANCELLED - SECTION 8,Dead/Cancelled,False,,False
86,NEAR_1_SUBSTITUTION,1,77574280,,RIGHTHIRE,2008-09-19,602,righthire,ABANDONED-FAILURE TO RESPOND OR LATE RESPONSE,Dead/Abandoned,False,035,True
86,NEAR_1_INSERTION,1,76157840,2590869,RIGHT THERE,2000-11-01,710,rightthere,CANCELLED - SECTION 8,Dead/Cancelled,False,,False
86,NEAR_1_INSERTION,1,74509947,1907484,RIGHT THERE,1994-04-07,710,rightthere,CANCELLED - SECTION 8,Dead/Cancelled,False,,False
87,EXACT,0,97806808,7304597,RIGHT NOW,2023-02-22,700,rightnow,REGISTERED,Live/Registered,True,040,False
87,EXACT,0,97664392,,RIGHT NOW!,2022-11-05,733,rightnow,FOURTH EXTENSION - GRANTED,Live/Pending,True,035,True
87,EXACT,0,97277239,,RIGHT NOW,2022-02-21,734,rightnow,FIFTH EXTENSION - GRANTED,Live/Pending,True,004,False
87,EXACT,0,88648322,6171071,RIGHT NOW,2019-10-09,700,rightnow,REGISTERED,Live/Registered,True,031,False
87,EXACT,0,86564051,4891810,RIGHTNOW,2015-03-13,800,rightnow,REGISTERED AND RENEWED,Live/Registered,True,042,False
87,EXACT,0,85606415,4257331,RIGHT NOW,2012-04-24,800,rightnow,REGISTERED AND RENEWED,Live/Registered,True,003,True
87,EXACT,0,76574649,2941356,RIGHTNOW,2004-02-09,800,rightnow,REGISTERED AND RENEWED,Live/Registered,True,009,False
87,EXACT,0,76327591,2746150,RIGHTNOW,2001-10-18,800,rightnow,REGISTERED AND RENEWED,Live/Registered,True,"016,041,045",False
87,EXACT,0,75702583,2332767,RIGHTNOW,1999-05-11,800,rightnow,REGISTERED AND RENEWED,Live/Registered,True,042,False
87,EXACT,0,75080936,2214967,RIGHT NOW,1996-03-29,800,rightnow,REGISTERED AND RENEWED,Live/Registered,True,031,False
87,EXACT,0,97802002,,RIGHT NOW,2023-02-20,606,rightnow,ABANDONED - NO STATEMENT OF USE FILED,Dead/Abandoned,False,004,False
87,EXACT,0,97620617,,RIGHT NOW,2022-10-05,602,rightnow,ABANDONED-FAILURE TO RESPOND OR LATE RESPONSE,Dead/Abandoned,False,003,True
87,EXACT,0,88622716,,RIGHT NOW,2019-09-19,606,rightnow,ABANDONED - NO STATEMENT OF USE FILED,Dead/Abandoned,False,036,False
87,EXACT,0,88195065,5781023,RIGHT NOW,2018-11-15,710,rightnow,CANCELLED - SECTION 8,Dead/Cancelled,False,,False
87,EXACT,0,88000810,5803517,RIGHT NOW,2018-06-14,710,rightnow,CANCELLED - SECTION 8,Dead/Cancelled,False,,False
87,EXACT,0,87576341,,RIGHT NOW,2017-08-21,601,rightnow,ABANDONED - EXPRESS,Dead/Abandoned,False,042,False
87,EXACT,0,79186094,5206772,RIGHTNOW,2016-01-25,709,rightnow,CANCELLED SECTION 71,Dead/Cancelled,False,,False
87,EXACT,0,86791289,,RIGHT NOW,2015-10-18,602,rightnow,ABANDONED-FAILURE TO RESPOND OR LATE RESPONSE,Dead/Abandoned,False,"009,042",False
87,EXACT,0,86339806,,RIGHT NOW,2014-07-17,602,rightnow,ABANDONED-FAILURE TO RESPOND OR LATE RESPONSE,Dead/Abandoned,False,025,False
87,EXACT,0,86331277,,RIGHTNOW,2014-07-08,602,rightnow,ABANDONED-FAILURE TO RESPOND OR LATE RESPONSE,Dead/Abandoned,False,025,False
87,EXACT,0,85671031,,RIGHT NOW!,2012-07-07,606,rightnow,ABANDONED - NO STATEMENT OF USE FILED,Dead/Abandoned,False,025,False
87,EXACT,0,85095114,,RIGHT NOW!,2010-07-28,606,rightnow,ABANDONED - NO STATEMENT OF USE FILED,Dead/Abandoned,False,"025,037",False
87,EXACT,0,85036691,4671994,RIGHT. NOW.,2010-05-12,710,rightnow,CANCELLED - SECTION 8,Dead/Cancelled,False,,False
87,EXACT,0,77712691,,RIGHT NOW!,2009-04-13,606,rightnow,ABANDONED - NO STATEMENT OF USE FILED,Dead/Abandoned,False,025,False
87,EXACT,0,77163188,3938219,RIGHT NOW,2007-04-23,710,rightnow,CANCELLED - SECTION 8,Dead/Cancelled,False,,False
87,EXACT,0,78680800,,RIGHT. NOW.,2005-07-28,602,rightnow,ABANDONED-FAILURE TO RESPOND OR LATE RESPONSE,Dead/Abandoned,False,038,False
87,EXACT,0,76608097,3117721,RIGHT NOW,2004-08-20,710,rightnow,CANCELLED - SECTION 8,Dead/Cancelled,False,,False
87,EXACT,0,76511069,3002319,RIGHT. NOW.,2003-05-02,710,rightnow,CANCELLED - SECTION 8,Dead/Cancelled,False,,False
87,EXACT,0,78148842,,RIGHT NOW,2002-07-30,606,rightnow,ABANDONED - NO STATEMENT OF USE FILED,Dead/Abandoned,False,038,False
87,EXACT,0,75710231,,RIGHT:NOW,1999-06-14,602,rightnow,ABANDONED-FAILURE TO RESPOND OR LATE RESPONSE,Dead/Abandoned,False,041,False
87,EXACT,0,75569594,,RIGHTNOW,1998-10-12,606,rightnow,ABANDONED - NO STATEMENT OF USE FILED,Dead/Abandoned,False,010,True
87,EXACT,0,75502866,2295477,RIGHTNOW!,1998-06-15,710,rightnow,CANCELLED - SECTION 8,Dead/Cancelled,False,,False
87,EXACT,0,74609702,,RIGHT NOW,1994-12-12,606,rightnow,ABANDONED - NO STATEMENT OF USE FILED,Dead/Abandoned,False,,False
87,EXACT,0,74212356,,RIGHT-NOW,1991-10-15,602,rightnow,ABANDONED-FAILURE TO RESPOND OR LATE RESPONSE,Dead/Abandoned,False,,False
87,NEAR_1_INSERTION,1,90100881,6300635,BRIGHT NOW,2020-08-07,700,brightnow,REGISTERED,Live/Registered,True,041,False
87,NEAR_1_INSERTION,1,88092623,5715205,I RIGHT NOW,2018-08-26,702,irightnow,SECTION 8 & 15-ACCEPTED AND ACKNOWLEDGED,Live/Registered,True,032,False
87,NEAR_1_INSERTION,1,86307958,4975873,RIGHTSNOW!,2014-06-12,701,rightsnow,SECTION 8-ACCEPTED,Live/Registered,True,009,False
87,NEAR_1_INSERTION,1,77417869,3488556,BRIGHT NOW,2008-03-10,800,brightnow,REGISTERED AND RENEWED,Live/Registered,True,043,False
87,NEAR_1_INSERTION,1,77397530,3484800,BRIGHT NOW,2008-02-14,800,brightnow,REGISTERED AND RENEWED,Live/Registered,True,043,False
87,NEAR_1_INSERTION,1,76663983,3263933,WRIGHT NOW!,2006-08-01,800,wrightnow,REGISTERED AND RENEWED,Live/Registered,True,035,True
87,NEAR_1_INSERTION,1,78583023,3132188,WRIGHT NOW,2005-03-08,800,wrightnow,REGISTERED AND RENEWED,Live/Registered,True,035,True
87,NEAR_1_INSERTION,1,76056599,2453217,BRIGHT NOW!,2000-05-25,800,brightnow,REGISTERED AND RENEWED,Live/Registered,True,042,False
87,NEAR_1_INSERTION,1,75565664,2298047,BRIGHT NOW!,1998-10-07,800,brightnow,REGISTERED AND RENEWED,Live/Registered,True,042,False
87,NEAR_1_INSERTION,1,86611803,,I RIGHT NOW,2015-04-28,602,irightnow,ABANDONED-FAILURE TO RESPOND OR LATE RESPONSE,Dead/Abandoned,False,025,False
87,NEAR_1_SUBSTITUTION,1,86416163,,FIGHTNOW,2014-10-06,606,fightnow,ABANDONED - NO STATEMENT OF USE FILED,Dead/Abandoned,False,041,False
87,NEAR_1_SUBSTITUTION,1,86036828,4760893,LIGHTNOW,2013-08-13,710,lightnow,CANCELLED - SECTION 8,Dead/Cancelled,False,,False
87,NEAR_1_SUBSTITUTION,1,85275582,,FIGHTNOW,2011-03-24,606,fightnow,ABANDONED - NO STATEMENT OF USE FILED,Dead/Abandoned,False,041,False
87,NEAR_1_INSERTION,1,85111386,4222401,BRIGHT NOW,2010-08-19,710,brightnow,CANCELLED - SECTION 8,Dead/Cancelled,False,,False
87,NEAR_1_INSERTION,1,76663981,3263931,WRIGHT NOW!,2006-08-01,710,wrightnow,CANCELLED - SECTION 8,Dead/Cancelled,False,,False
87,NEAR_1_INSERTION,1,78418745,3136649,BRIGHT NOW,2004-05-14,711,brightnow,CANCELLED - SECTION 7,Dead/Cancelled,False,,False
87,NEAR_1_SUBSTITUTION,1,73133327,1090590,LIGHT NOW,1977-07-08,710,lightnow,CANCELLED - SECTION 8,Dead/Cancelled,False,,False
88,EXACT,0,98540413,8162752,RIGHT THIS WAY,2024-05-08,700,rightthisway,REGISTERED,Live/Registered,True,"035,037",True
88,EXACT,0,88406995,6056573,RIGHT THIS WAY,2019-04-29,700,rightthisway,REGISTERED,Live/Registered,True,"009,035,042,043",True
88,EXACT,0,87191166,,RIGHT THIS WAY,2016-10-03,606,rightthisway,ABANDONED - NO STATEMENT OF USE FILED,Dead/Abandoned,False,035,True
88,EXACT,0,78927920,,RIGHT THIS WAY,2006-07-12,606,rightthisway,ABANDONED - NO STATEMENT OF USE FILED,Dead/Abandoned,False,033,False
88,EXACT,0,74501240,1882498,RIGHT THIS WAY,1994-03-17,710,rightthisway,CANCELLED - SECTION 8,Dead/Cancelled,False,,False
88,NEAR_1_SUBSTITUTION,1,90801987,7164962,LIGHT THIS WAY,2021-06-29,700,lightthisway,REGISTERED,Live/Registered,True,011,False
88,NEAR_1_INSERTION,1,88587038,6323220,BRIGHT THIS WAY,2019-08-21,700,brightthisway,REGISTERED,Live/Registered,True,003,True
89,EXACT,0,88088105,5909665,EXACTLY RIGHT,2018-08-22,702,exactlyright,SECTION 8 & 15-ACCEPTED AND ACKNOWLEDGED,Live/Registered,True,041,False
89,EXACT,0,76368120,2755275,EXACTLY RIGHT,2002-02-08,800,exactlyright,REGISTERED AND RENEWED,Live/Registered,True,005,True
89,EXACT,0,85589746,4416784,EXACTLY RIGHT,2012-04-05,710,exactlyright,CANCELLED - SECTION 8,Dead/Cancelled,False,,False
89,EXACT,0,77561736,3926058,EXACTLY RIGHT,2008-09-03,710,exactlyright,CANCELLED - SECTION 8,Dead/Cancelled,False,,False
89,EXACT,0,78923289,3321761,EXACTLY RIGHT,2006-07-06,710,exactlyright,CANCELLED - SECTION 8,Dead/Cancelled,False,,False
89,EXACT,0,75670968,2498766,EXACTLY RIGHT,1999-03-30,710,exactlyright,CANCELLED - SECTION 8,Dead/Cancelled,False,,False
90,EXACT,0,79300706,,QUITE RIGHT,2020-07-07,602,quiteright,ABANDONED-FAILURE TO RESPOND OR LATE RESPONSE,Dead/Abandoned,False,033,False
90,NEAR_1_DELETION,1,86556543,4875952,QUIT RIGHT,2015-03-06,800,quitright,REGISTERED AND RENEWED,Live/Registered,True,009,False
90,NEAR_1_SUBSTITUTION,1,77117627,3455919,QUITELIGHT,2007-02-27,710,quitelight,CANCELLED - SECTION 8,Dead/Cancelled,False,,False
90,NEAR_1_SUBSTITUTION,1,75776485,2352031,QUITE LIGHT,1999-08-16,710,quitelight,CANCELLED - SECTION 8,Dead/Cancelled,False,,False
90,NEAR_1_SUBSTITUTION,1,75385319,2438808,QUOTERIGHT,1997-11-05,710,quoteright,CANCELLED - SECTION 8,Dead/Cancelled,False,,False
91,EXACT,0,99696261,,SURE THING,2026-03-11,686,surething,PUBLISHED FOR OPPOSITION,Live/Pending,True,043,False
91,EXACT,0,99632982,,SURE THING,2026-02-04,686,surething,PUBLISHED FOR OPPOSITION,Live/Pending,True,030,False
91,EXACT,0,98614388,7999293,SURE THING,2024-06-23,700,surething,REGISTERED,Live/Registered,True,031,False
91,EXACT,0,97364598,7197588,SURE THING,2022-04-15,700,surething,REGISTERED,Live/Registered,True,"038,041",False
91,EXACT,0,97305469,7171184,SURE THING,2022-03-10,700,surething,REGISTERED,Live/Registered,True,005,True
91,EXACT,0,85792067,4335005,SURE THING,2012-11-30,800,surething,REGISTERED AND RENEWED,Live/Registered,True,033,False
91,EXACT,0,98647305,,SURE THING,2024-07-13,606,surething,ABANDONED - NO STATEMENT OF USE FILED,Dead/Abandoned,False,014,False
91,EXACT,0,78853146,,SURE THING,2006-04-04,602,surething,ABANDONED-FAILURE TO RESPOND OR LATE RESPONSE,Dead/Abandoned,False,"001,031",False
91,EXACT,0,78844841,,SURE THING,2006-03-23,606,surething,ABANDONED - NO STATEMENT OF USE FILED,Dead/Abandoned,False,014,False
91,EXACT,0,78571106,,SURE THING,2005-02-18,606,surething,ABANDONED - NO STATEMENT OF USE FILED,Dead/Abandoned,False,025,False
91,EXACT,0,76129012,,SURETHING,2000-09-18,602,surething,ABANDONED-FAILURE TO RESPOND OR LATE RESPONSE,Dead/Abandoned,False,009,False
91,EXACT,0,76114789,2877791,SURE THING,2000-08-23,710,surething,CANCELLED - SECTION 8,Dead/Cancelled,False,,False
91,EXACT,0,76094974,,S.U.R.E. THING,2000-07-24,602,surething,ABANDONED-FAILURE TO RESPOND OR LATE RESPONSE,Dead/Abandoned,False,036,False
91,EXACT,0,76018459,,S.U.R.E. THING,2000-04-05,602,surething,ABANDONED-FAILURE TO RESPOND OR LATE RESPONSE,Dead/Abandoned,False,039,False
91,EXACT,0,75477863,2307952,SURE THING,1998-05-01,710,surething,CANCELLED - SECTION 8,Dead/Cancelled,False,,False
91,EXACT,0,73012754,1001045,SURE-THING,1974-02-06,900,surething,EXPIRED,Dead/Expired,False,,False
91,EXACT,0,72384049,0936782,SURE THING,1971-02-17,900,surething,EXPIRED,Dead/Expired,False,,False
91,EXACT,0,72339145,0900443,SURE THING,1969-09-29,710,surething,CANCELLED - SECTION 8,Dead/Cancelled,False,,False
91,EXACT,0,72315994,0926358,SURE THING,1969-01-07,900,surething,EXPIRED,Dead/Expired,False,,False
91,EXACT,0,72290606,0863265,SURE THING,1968-02-08,900,surething,EXPIRED,Dead/Expired,False,,False
91,NEAR_1_SUBSTITUTION,1,98339188,7571837,SURFTHING,2024-01-02,700,surfthing,REGISTERED,Live/Registered,True,"009,042",False
91,NEAR_1_INSERTION,1,99063042,,A SURE THING,2025-03-05,602,asurething,ABANDONED-FAILURE TO RESPOND OR LATE RESPONSE,Dead/Abandoned,False,039,False
91,NEAR_1_INSERTION,1,85882007,4458050,SHURE THING,2013-03-21,710,shurething,CANCELLED - SECTION 8,Dead/Cancelled,False,,False
91,NEAR_1_DELETION,1,78350470,3061037,SURETHIN,2004-01-12,710,surethin,CANCELLED - SECTION 8,Dead/Cancelled,False,,False
91,NEAR_1_INSERTION,1,75635494,,A SURETHING,1999-01-28,602,asurething,ABANDONED-FAILURE TO RESPOND OR LATE RESPONSE,Dead/Abandoned,False,035,True
91,NEAR_1_DELETION,1,74420985,1831052,SURE & THIN,1993-08-05,710,surethin,CANCELLED - SECTION 8,Dead/Cancelled,False,,False
91,NEAR_1_INSERTION,1,72272271,0900480,SURE THINGO,1967-05-24,900,surethingo,EXPIRED,Dead/Expired,False,,False
92,EXACT,0,99445355,,FORSURE,2025-10-15,688,forsure,NOTICE OF ALLOWANCE - ISSUED,Live/Pending,True,"009,042",False
92,EXACT,0,98744172,7769949,FORSURE,2024-09-11,700,forsure,REGISTERED,Live/Registered,True,011,False
92,EXACT,0,98744181,7887185,FORSURE,2024-09-11,700,forsure,REGISTERED,Live/Registered,True,021,True
92,EXACT,0,98659651,7767793,FOR SURE.,2024-07-22,700,forsure,REGISTERED,Live/Registered,True,025,False
92,EXACT,0,88881721,6331961,FORSURE,2020-04-21,783,forsure,CANCELLED RECONSIDERED,Dead/Cancelled,False,,False
92,EXACT,0,88857617,,FOR SURE,2020-04-02,602,forsure,ABANDONED-FAILURE TO RESPOND OR LATE RESPONSE,Dead/Abandoned,False,"005,010,021",True
92,EXACT,0,88144987,,FOR SURE,2018-10-05,606,forsure,ABANDONED - NO STATEMENT OF USE FILED,Dead/Abandoned,False,"005,030",True
92,EXACT,0,77760173,3861748,FORSURE,2009-06-15,710,forsure,CANCELLED - SECTION 8,Dead/Cancelled,False,,False
92,EXACT,0,78906674,3294003,FOR SURE,2006-06-13,710,forsure,CANCELLED - SECTION 8,Dead/Cancelled,False,,False
92,EXACT,0,75513495,,FOR SURE,1998-07-06,606,forsure,ABANDONED - NO STATEMENT OF USE FILED,Dead/Abandoned,False,005,True
92,NEAR_1_SUBSTITUTION,1,99910434,,FOBSURE,2026-06-28,630,fobsure,NEW APPLICATION - RECORD INITIALIZED NOT ASSIGNED TO EXAMINER,Live/Pending,True,009,False
92,NEAR_1_SUBSTITUTION,1,99757356,,FURSURE,2026-04-10,630,fursure,NEW APPLICATION - RECORD INITIALIZED NOT ASSIGNED TO EXAMINER,Live/Pending,True,026,False
92,NEAR_1_INSERTION,1,99507206,,FORKSURE,2025-11-20,630,forksure,NEW APPLICATION - RECORD INITIALIZED NOT ASSIGNED TO EXAMINER,Live/Pending,True,009,False
92,NEAR_1_INSERTION,1,99188320,,FORE.SURE,2025-05-16,661,foresure,RESPONSE AFTER NON-FINAL ACTION - ENTERED,Live/Pending,True,"025,041",False
92,NEAR_1_INSERTION,1,97683978,7600414,FOURSURE,2022-11-18,700,foursure,REGISTERED,Live/Registered,True,005,True
92,NEAR_1_SUBSTITUTION,1,97327336,7356380,FURSURE,2022-03-23,700,fursure,REGISTERED,Live/Registered,True,036,False
92,NEAR_1_SUBSTITUTION,1,90254072,6668031,FURSURE,2020-10-14,700,fursure,REGISTERED,Live/Registered,True,036,False
92,NEAR_1_SUBSTITUTION,1,87865380,6014185,FUR SURE,2018-04-05,701,fursure,SECTION 8-ACCEPTED,Live/Registered,True,021,True
92,NEAR_1_SUBSTITUTION,1,87066688,6098470,FIR SURE,2016-06-09,700,firsure,REGISTERED,Live/Registered,True,025,False
92,NEAR_1_INSERTION,1,86770833,4955798,FOURSURE,2015-09-28,702,foursure,SECTION 8 & 15-ACCEPTED AND ACKNOWLEDGED,Live/Registered,True,009,False
92,NEAR_1_INSERTION,1,86583313,4888252,FOURSURE,2015-03-31,702,foursure,SECTION 8 & 15-ACCEPTED AND ACKNOWLEDGED,Live/Registered,True,042,False
92,NEAR_1_INSERTION,1,79301224,,FORSHURE,2020-10-22,602,forshure,ABANDONED-FAILURE TO RESPOND OR LATE RESPONSE,Dead/Abandoned,False,"025,041",False
92,NEAR_1_SUBSTITUTION,1,88905784,,FERSURE,2020-05-07,602,fersure,ABANDONED-FAILURE TO RESPOND OR LATE RESPONSE,Dead/Abandoned,False,025,False
92,NEAR_1_SUBSTITUTION,1,88489018,,FURSURE,2019-06-25,606,fursure,ABANDONED - NO STATEMENT OF USE FILED,Dead/Abandoned,False,005,True
92,NEAR_1_DELETION,1,88078090,,FOSURE,2018-08-14,606,fosure,ABANDONED - NO STATEMENT OF USE FILED,Dead/Abandoned,False,009,False
92,NEAR_1_INSERTION,1,79184580,5052039,FOURSURE,2016-01-25,709,foursure,CANCELLED SECTION 71,Dead/Cancelled,False,,False
92,NEAR_1_INSERTION,1,86793483,,FORESURE,2015-10-20,602,foresure,ABANDONED-FAILURE TO RESPOND OR LATE RESPONSE,Dead/Abandoned,False,"035,041",True
92,NEAR_1_SUBSTITUTION,1,86726155,,FIR SURE,2015-08-15,602,firsure,ABANDONED-FAILURE TO RESPOND OR LATE RESPONSE,Dead/Abandoned,False,"016,025",False
92,NEAR_1_INSERTION,1,86500979,4965650,FOURSURE,2015-01-12,710,foursure,CANCELLED - SECTION 8,Dead/Cancelled,False,,False
92,NEAR_1_DELETION,1,79139029,4541319,FORSUE,2013-05-29,404,forsue,IR CANCELLED; US REGISTRATION CANCELLED,Dead/Cancelled,False,,False
92,NEAR_1_INSERTION,1,77047609,3285091,4 FOR SURE,2006-11-20,710,4forsure,CANCELLED - SECTION 8,Dead/Cancelled,False,,False
92,NEAR_1_INSERTION,1,78135719,,FOUR-SURE,2002-06-14,602,foursure,ABANDONED-FAILURE TO RESPOND OR LATE RESPONSE,Dead/Abandoned,False,025,False
92,NEAR_1_INSERTION,1,75513494,,FOUR SURE,1998-07-06,606,foursure,ABANDONED - NO STATEMENT OF USE FILED,Dead/Abandoned,False,005,True
92,NEAR_1_INSERTION,1,74594793,,FOUR SURE,1994-11-03,602,foursure,ABANDONED-FAILURE TO RESPOND OR LATE RESPONSE,Dead/Abandoned,False,,False
92,NEAR_1_INSERTION,1,74441507,,FOUR SURE,1993-09-29,601,foursure,ABANDONED - EXPRESS,Dead/Abandoned,False,,False
92,NEAR_1_INSERTION,1,74441508,,FOUR SURE,1993-09-29,601,foursure,ABANDONED - EXPRESS,Dead/Abandoned,False,,False
92,NEAR_1_INSERTION,1,74441509,,FOUR SURE,1993-09-29,601,foursure,ABANDONED - EXPRESS,Dead/Abandoned,False,,False
92,NEAR_1_INSERTION,1,74441510,,FOUR SURE,1993-09-29,602,foursure,ABANDONED-FAILURE TO RESPOND OR LATE RESPONSE,Dead/Abandoned,False,,False
92,NEAR_1_INSERTION,1,74441511,,FOUR SURE,1993-09-29,601,foursure,ABANDONED - EXPRESS,Dead/Abandoned,False,,False
92,NEAR_1_INSERTION,1,74435647,,FOUR SURE,1993-09-15,602,foursure,ABANDONED-FAILURE TO RESPOND OR LATE RESPONSE,Dead/Abandoned,False,,False
92,NEAR_1_INSERTION,1,74419798,,FOUR SURE,1993-07-30,602,foursure,ABANDONED-FAILURE TO RESPOND OR LATE RESPONSE,Dead/Abandoned,False,,False
92,NEAR_1_INSERTION,1,74406661,,FOUR SURE,1993-06-28,602,foursure,ABANDONED-FAILURE TO RESPOND OR LATE RESPONSE,Dead/Abandoned,False,,False
92,NEAR_1_INSERTION,1,74406785,,FOUR-SURE,1993-06-28,602,foursure,ABANDONED-FAILURE TO RESPOND OR LATE RESPONSE,Dead/Abandoned,False,,False
92,NEAR_1_INSERTION,1,74405966,,FOUR SURE,1993-06-22,602,foursure,ABANDONED-FAILURE TO RESPOND OR LATE RESPONSE,Dead/Abandoned,False,,False
92,NEAR_1_INSERTION,1,74405262,,FOUR-SURE,1993-06-21,602,foursure,ABANDONED-FAILURE TO RESPOND OR LATE RESPONSE,Dead/Abandoned,False,,False
92,NEAR_1_INSERTION,1,74395628,1993744,FOUR SURE,1993-05-28,710,foursure,CANCELLED - SECTION 8,Dead/Cancelled,False,,False
92,NEAR_1_SUBSTITUTION,1,74257299,1734792,FURSURE,1992-03-20,710,fursure,CANCELLED - SECTION 8,Dead/Cancelled,False,,False
92,NEAR_1_SUBSTITUTION,1,74257301,1733013,FURSURE,1992-03-20,710,fursure,CANCELLED - SECTION 8,Dead/Cancelled,False,,False
92,NEAR_1_SUBSTITUTION,1,74134386,1671782,FAR & SURE,1991-01-28,710,farsure,CANCELLED - SECTION 8,Dead/Cancelled,False,,False
92,NEAR_1_SUBSTITUTION,1,74058433,1690797,FURSURE,1990-05-14,710,fursure,CANCELLED - SECTION 8,Dead/Cancelled,False,,False
94,EXACT,0,97899844,7977140,FAIR ENOUGH,2023-04-20,700,fairenough,REGISTERED,Live/Registered,True,"009,035",True
94,EXACT,0,72440547,0970370,FAIR ENOUGH,1972-11-08,900,fairenough,EXPIRED,Dead/Expired,False,,False
95,EXACT,0,99452262,,WELL SAID!,2025-10-20,681,wellsaid,PUBLICATION/ISSUE REVIEW COMPLETE,Live/Pending,True,016,False
95,EXACT,0,98504466,7822178,WELLSAID,2024-04-17,700,wellsaid,REGISTERED,Live/Registered,True,042,False
95,EXACT,0,85746973,4342486,WELLSAID,2012-10-05,800,wellsaid,REGISTERED AND RENEWED,Live/Registered,True,044,True
95,EXACT,0,98886513,,WELL SAID!,2024-12-05,622,wellsaid,MISASSIGNED SERIAL NUMBER,Indifferent,False,016,False
95,EXACT,0,97170731,,WELL SAID,2021-12-14,602,wellsaid,ABANDONED-FAILURE TO RESPOND OR LATE RESPONSE,Dead/Abandoned,False,016,False
95,EXACT,0,90358734,,'WELLSAID,2020-12-04,606,wellsaid,ABANDONED - NO STATEMENT OF USE FILED,Dead/Abandoned,False,041,False
95,EXACT,0,87752283,,WELL SAID,2018-01-11,606,wellsaid,ABANDONED - NO STATEMENT OF USE FILED,Dead/Abandoned,False,"039,041,043",False
95,EXACT,0,87979293,5667610,WELLSAID,2018-01-11,710,wellsaid,CANCELLED - SECTION 8,Dead/Cancelled,False,,False
95,EXACT,0,85778359,,WELLSAID,2012-11-13,602,wellsaid,ABANDONED-FAILURE TO RESPOND OR LATE RESPONSE,Dead/Abandoned,False,016,False
95,EXACT,0,85510976,,WELL SAID,2012-01-06,602,wellsaid,ABANDONED-FAILURE TO RESPOND OR LATE RESPONSE,Dead/Abandoned,False,025,False
95,EXACT,0,75038772,2028688,WELL SAID,1995-12-29,710,wellsaid,CANCELLED - SECTION 8,Dead/Cancelled,False,,False
95,EXACT,0,74651354,,WELL SAID!,1995-03-24,602,wellsaid,ABANDONED-FAILURE TO RESPOND OR LATE RESPONSE,Dead/Abandoned,False,,False
95,NEAR_1_SUBSTITUTION,1,98775038,,WELL MAID,2024-09-27,601,wellmaid,ABANDONED - EXPRESS,Dead/Abandoned,False,037,False
95,NEAR_1_SUBSTITUTION,1,90879922,,WELL PAID,2021-08-12,606,wellpaid,ABANDONED - NO STATEMENT OF USE FILED,Dead/Abandoned,False,036,False
95,NEAR_1_SUBSTITUTION,1,87655469,,WELL MAID,2017-10-23,606,wellmaid,ABANDONED - NO STATEMENT OF USE FILED,Dead/Abandoned,False,001,False
95,NEAR_1_SUBSTITUTION,1,77188143,,WELL MAID,2007-05-23,606,wellmaid,ABANDONED - NO STATEMENT OF USE FILED,Dead/Abandoned,False,001,False
95,NEAR_1_DELETION,1,73431632,1337465,WELLAID,1983-06-23,710,wellaid,CANCELLED - SECTION 8,Dead/Cancelled,False,,False
96,EXACT,0,98633672,,ENOUGH SAID,2024-07-04,654,enoughsaid,REPORT COMPLETED SUSPENSION CHECK - CASE STILL SUSPENDED,Live/Pending,True,028,False
96,EXACT,0,98032315,7454305,ENOUGH SAID,2023-06-07,700,enoughsaid,REGISTERED,Live/Registered,True,041,False
96,EXACT,0,90055834,7033416,ENOUGH SAID,2020-07-16,700,enoughsaid,REGISTERED,Live/Registered,True,"035,044",True
96,EXACT,0,77010831,3298617,ENOUGH SAID,2006-09-29,800,enoughsaid,REGISTERED AND RENEWED,Live/Registered,True,013,False
96,EXACT,0,97534487,,ENOUGHSAID,2022-08-04,602,enoughsaid,ABANDONED-FAILURE TO RESPOND OR LATE RESPONSE,Dead/Abandoned,False,025,False
96,EXACT,0,87718217,,ENOUGH SAID,2017-12-12,606,enoughsaid,ABANDONED - NO STATEMENT OF USE FILED,Dead/Abandoned,False,043,False
96,EXACT,0,87678854,,ENOUGH SAID,2017-11-09,602,enoughsaid,ABANDONED-FAILURE TO RESPOND OR LATE RESPONSE,Dead/Abandoned,False,025,False
96,EXACT,0,86732566,4958909,ENOUGH SAID,2015-08-21,710,enoughsaid,CANCELLED - SECTION 8,Dead/Cancelled,False,,False
96,EXACT,0,86291598,,ENOUGH SAID,2014-05-26,606,enoughsaid,ABANDONED - NO STATEMENT OF USE FILED,Dead/Abandoned,False,018,False
96,EXACT,0,75190476,,ENOUGH SAID,1996-10-31,602,enoughsaid,ABANDONED-FAILURE TO RESPOND OR LATE RESPONSE,Dead/Abandoned,False,,False
96,EXACT,0,73206877,1196484,ENOUGH SAID,1979-03-12,710,enoughsaid,CANCELLED - SECTION 8,Dead/Cancelled,False,,False
97,EXACT,0,79241924,5887557,SAID AND DONE,2018-04-13,709,saidanddone,CANCELLED SECTION 71,Dead/Cancelled,False,,False
97,EXACT,0,78151133,,SAID AND DONE,2002-08-06,606,saidanddone,ABANDONED - NO STATEMENT OF USE FILED,Dead/Abandoned,False,041,False
98,EXACT,0,99776313,,DONEDEAL,2026-04-21,630,donedeal,NEW APPLICATION - RECORD INITIALIZED NOT ASSIGNED TO EXAMINER,Live/Pending,True,042,False
98,EXACT,0,87876398,5611893,DONE DEAL,2018-04-13,702,donedeal,SECTION 8 & 15-ACCEPTED AND ACKNOWLEDGED,Live/Registered,True,036,False
98,EXACT,0,87876401,5611894,DONE DEAL,2018-04-13,702,donedeal,SECTION 8 & 15-ACCEPTED AND ACKNOWLEDGED,Live/Registered,True,036,False
98,EXACT,0,86825034,5142980,DONE DEAL,2015-11-18,800,donedeal,REGISTERED AND RENEWED,Live/Registered,True,003,True
98,EXACT,0,88545994,,DONE DEAL,2019-07-29,606,donedeal,ABANDONED - NO STATEMENT OF USE FILED,Dead/Abandoned,False,030,False
98,EXACT,0,87823483,,DONE DEAL,2018-03-07,606,donedeal,ABANDONED - NO STATEMENT OF USE FILED,Dead/Abandoned,False,"025,028,041",False
98,EXACT,0,86871266,,DONE DEAL,2016-01-11,606,donedeal,ABANDONED - NO STATEMENT OF USE FILED,Dead/Abandoned,False,030,False
98,EXACT,0,86415100,4751469,DONEDEAL,2014-10-05,710,donedeal,CANCELLED - SECTION 8,Dead/Cancelled,False,,False
98,EXACT,0,86369031,,DONE DEAL,2014-08-18,606,donedeal,ABANDONED - NO STATEMENT OF USE FILED,Dead/Abandoned,False,"028,041",False
98,EXACT,0,85647251,,DONE DEAL,2012-06-08,606,donedeal,ABANDONED - NO STATEMENT OF USE FILED,Dead/Abandoned,False,030,False
98,EXACT,0,78916637,,DONE DEAL,2006-06-26,602,donedeal,ABANDONED-FAILURE TO RESPOND OR LATE RESPONSE,Dead/Abandoned,False,035,True
98,EXACT,0,78403631,,DONE DEAL,2004-04-17,602,donedeal,ABANDONED-FAILURE TO RESPOND OR LATE RESPONSE,Dead/Abandoned,False,041,False
98,EXACT,0,78403635,,DONE DEAL,2004-04-17,602,donedeal,ABANDONED-FAILURE TO RESPOND OR LATE RESPONSE,Dead/Abandoned,False,025,False
98,EXACT,0,76465869,2875424,DONE DEAL,2002-11-12,710,donedeal,CANCELLED - SECTION 8,Dead/Cancelled,False,,False
98,EXACT,0,78125278,,DONEDEAL,2002-04-30,602,donedeal,ABANDONED-FAILURE TO RESPOND OR LATE RESPONSE,Dead/Abandoned,False,036,False
98,EXACT,0,75898530,,DONE DEAL,2000-01-19,602,donedeal,ABANDONED-FAILURE TO RESPOND OR LATE RESPONSE,Dead/Abandoned,False,035,True
98,EXACT,0,75348030,,DONE DEAL,1997-08-27,606,donedeal,ABANDONED - NO STATEMENT OF USE FILED,Dead/Abandoned,False,,False
98,EXACT,0,75162601,,DONEDEAL,1996-09-09,606,donedeal,ABANDONED - NO STATEMENT OF USE FILED,Dead/Abandoned,False,009,False
98,EXACT,0,75121624,,DONEDEAL,1996-06-14,606,donedeal,ABANDONED - NO STATEMENT OF USE FILED,Dead/Abandoned,False,,False
98,NEAR_1_INSERTION,1,77556108,3601951,DONEDEALS,2008-08-26,800,donedeals,REGISTERED AND RENEWED,Live/Registered,True,035,True
98,NEAR_1_INSERTION,1,90585128,,DONE DEALS,2021-03-17,610,donedeals,TERMINATED AFTER SANCTIONS,Dead,False,,False
98,NEAR_1_INSERTION,1,75283227,2185615,DONE DEALS,1997-04-29,710,donedeals,CANCELLED - SECTION 8,Dead/Cancelled,False,,False
99,EXACT,0,90723894,,... MEAN IT.,2021-05-20,606,meanit,ABANDONED - NO STATEMENT OF USE FILED,Dead/Abandoned,False,025,False
99,EXACT,0,85611607,,MEAN IT,2012-04-30,606,meanit,ABANDONED - NO STATEMENT OF USE FILED,Dead/Abandoned,False,025,False
99,NEAR_1_DELETION,1,99852902,,MEANT,2026-05-29,630,meant,NEW APPLICATION - RECORD INITIALIZED NOT ASSIGNED TO EXAMINER,Live/Pending,True,044,True
99,NEAR_1_DELETION,1,99852917,,MEANT,2026-05-29,630,meant,NEW APPLICATION - RECORD INITIALIZED NOT ASSIGNED TO EXAMINER,Live/Pending,True,005,True
99,NEAR_1_DELETION,1,99589490,,MEANT,2026-01-12,680,meant,APPROVED FOR PUBLICATION,Live/Pending,True,"009,045",False
99,NEAR_1_SUBSTITUTION,1,99431665,8251927,MEAL IT,2025-10-07,700,mealit,REGISTERED,Live/Registered,True,005,True
99,NEAR_1_SUBSTITUTION,1,97723190,7115403,MEANIN,2022-12-19,700,meanin,REGISTERED,Live/Registered,True,007,False
99,NEAR_1_SUBSTITUTION,1,97714182,,MEANIE,2022-12-12,732,meanie,THIRD EXTENSION - GRANTED,Live/Pending,True,"014,025",False
99,NEAR_1_SUBSTITUTION,1,79273828,6311267,BEANIT,2019-08-21,700,beanit,REGISTERED,Live/Registered,True,"029,030,031,032",False
99,NEAR_1_DELETION,1,88050714,5709187,MEANT,2018-07-24,702,meant,SECTION 8 & 15-ACCEPTED AND ACKNOWLEDGED,Live/Registered,True,035,True
99,NEAR_1_DELETION,1,76511946,2898815,MAN-IT,2003-04-18,800,manit,REGISTERED AND RENEWED,Live/Registered,True,009,False
99,NEAR_1_INSERTION,1,88806710,,MEAN FIT,2020-02-21,602,meanfit,ABANDONED-FAILURE TO RESPOND OR LATE RESPONSE,Dead/Abandoned,False,024,False
99,NEAR_1_SUBSTITUTION,1,87305069,5270429,MEANET,2017-01-18,710,meanet,CANCELLED - SECTION 8,Dead/Cancelled,False,,False
99,NEAR_1_DELETION,1,86790695,5938246,MEANT,2015-10-16,710,meant,CANCELLED - SECTION 8,Dead/Cancelled,False,,False
99,NEAR_1_DELETION,1,86982406,5229273,MEANT,2015-10-16,710,meant,CANCELLED - SECTION 8,Dead/Cancelled,False,,False
99,NEAR_1_DELETION,1,86605852,4859419,MANIT,2015-04-22,710,manit,CANCELLED - SECTION 8,Dead/Cancelled,False,,False
99,NEAR_1_INSERTION,1,86368875,,ME AND IT,2014-08-17,606,meandit,ABANDONED - NO STATEMENT OF USE FILED,Dead/Abandoned,False,035,True
99,NEAR_1_SUBSTITUTION,1,86259776,4718034,ZEAN.IT,2014-04-23,710,zeanit,CANCELLED - SECTION 8,Dead/Cancelled,False,,False
99,NEAR_1_SUBSTITUTION,1,86172734,4620098,MEAN.IO,2014-01-23,710,meanio,CANCELLED - SECTION 8,Dead/Cancelled,False,,False
99,NEAR_1_SUBSTITUTION,1,77643214,,LEANIT,2009-01-05,602,leanit,ABANDONED-FAILURE TO RESPOND OR LATE RESPONSE,Dead/Abandoned,False,042,False
99,NEAR_1_SUBSTITUTION,1,77085791,3338420,MEANIE,2007-01-18,710,meanie,CANCELLED - SECTION 8,Dead/Cancelled,False,,False
99,NEAR_1_SUBSTITUTION,1,78616320,,LEAN IT,2005-04-25,606,leanit,ABANDONED - NO STATEMENT OF USE FILED,Dead/Abandoned,False,"009,035,038,042",True
101,EXACT,0,99886292,,QUOTEME,2026-06-15,630,quoteme,NEW APPLICATION - RECORD INITIALIZED NOT ASSIGNED TO EXAMINER,Live/Pending,True,009,False
101,EXACT,0,86343538,4707443,QUOTE ME.$,2014-07-21,800,quoteme,REGISTERED AND RENEWED,Live/Registered,True,035,True
101,EXACT,0,85752003,4346684,QUOTEME,2012-10-11,710,quoteme,CANCELLED - SECTION 8,Dead/Cancelled,False,,False
101,EXACT,0,78359947,2966713,QUOTE ME $,2004-01-30,710,quoteme,CANCELLED - SECTION 8,Dead/Cancelled,False,,False
101,EXACT,0,75156344,,QUOTE ME,1996-08-27,606,quoteme,ABANDONED - NO STATEMENT OF USE FILED,Dead/Abandoned,False,025,False
101,EXACT,0,73240739,1168501,QUOTE ME,1979-11-27,713,quoteme,CANCELLED - SECTION 18,Dead/Cancelled,False,,False
102,EXACT,0,99491946,,MARK MY WORDS,2025-11-12,653,markmywords,SUSPENSION LETTER - MAILED,Live/Pending,True,016,False
102,EXACT,0,99398309,,MARKMYWORDS,2025-09-17,686,markmywords,PUBLISHED FOR OPPOSITION,Live/Pending,True,"016,035",True
102,EXACT,0,99160517,,MARK! MY WORDS,2025-04-29,688,markmywords,NOTICE OF ALLOWANCE - ISSUED,Live/Pending,True,009,False
102,EXACT,0,78173451,2843962,MARK MY WORDS,2002-10-11,800,markmywords,REGISTERED AND RENEWED,Live/Registered,True,042,False
102,EXACT,0,78081930,2571671,MARK! MY WORDS,2001-08-30,800,markmywords,REGISTERED AND RENEWED,Live/Registered,True,041,False
102,EXACT,0,85810208,4376436,MARK MY WORDS,2012-12-25,710,markmywords,CANCELLED - SECTION 8,Dead/Cancelled,False,,False
102,EXACT,0,85011344,3967656,MARK MY WORDS,2010-04-12,710,markmywords,CANCELLED - SECTION 8,Dead/Cancelled,False,,False
102,EXACT,0,78603662,,MARK MY WORDS,2005-04-07,602,markmywords,ABANDONED-FAILURE TO RESPOND OR LATE RESPONSE,Dead/Abandoned,False,016,False
102,EXACT,0,78565486,,MARK MY WORDS,2005-02-11,602,markmywords,ABANDONED-FAILURE TO RESPOND OR LATE RESPONSE,Dead/Abandoned,False,016,False
102,EXACT,0,76067261,2453267,MARK MY WORDS,2000-06-09,710,markmywords,CANCELLED - SECTION 8,Dead/Cancelled,False,,False
102,EXACT,0,76023895,,MARKMYWORDS,2000-04-10,602,markmywords,ABANDONED-FAILURE TO RESPOND OR LATE RESPONSE,Dead/Abandoned,False,016,False
102,EXACT,0,73614448,1435002,MARK MY WORDS,1986-08-13,710,markmywords,CANCELLED - SECTION 8,Dead/Cancelled,False,,False
102,NEAR_1_SUBSTITUTION,1,99412698,,MARK MY WORDZ,2025-09-25,602,markmywordz,ABANDONED-FAILURE TO RESPOND OR LATE RESPONSE,Dead/Abandoned,False,041,False
102,NEAR_1_SUBSTITUTION,1,97137985,,MARQ MY WORDS,2021-11-22,602,marqmywords,ABANDONED-FAILURE TO RESPOND OR LATE RESPONSE,Dead/Abandoned,False,025,False
102,NEAR_1_DELETION,1,77145320,,MARK MY WORD,2007-03-30,602,markmyword,ABANDONED-FAILURE TO RESPOND OR LATE RESPONSE,Dead/Abandoned,False,040,False
102,NEAR_1_DELETION,1,77100993,,MARK MY WORD,2007-02-06,606,markmyword,ABANDONED - NO STATEMENT OF USE FILED,Dead/Abandoned,False,035,True
102,NEAR_1_DELETION,1,75382681,2186056,MARK MY WORD,1997-10-31,710,markmyword,CANCELLED - SECTION 8,Dead/Cancelled,False,,False
103,EXACT,0,88960674,6442565,TAKE N.O.T.E.,2020-06-11,700,takenote,REGISTERED,Live/Registered,True,041,False
103,EXACT,0,90055212,,TAKENOTE,2020-07-15,602,takenote,ABANDONED-FAILURE TO RESPOND OR LATE RESPONSE,Dead/Abandoned,False,025,False
103,EXACT,0,87448245,5588732,TAKENOTE,2017-05-12,710,takenote,CANCELLED - SECTION 8,Dead/Cancelled,False,,False
103,EXACT,0,87240298,,TAKE NOTE,2016-11-17,602,takenote,ABANDONED-FAILURE TO RESPOND OR LATE RESPONSE,Dead/Abandoned,False,041,False
103,EXACT,0,87109260,,TAKE NOTE,2016-07-19,606,takenote,ABANDONED - NO STATEMENT OF USE FILED,Dead/Abandoned,False,033,False
103,EXACT,0,86216729,4752912,TAKE NOTE,2014-03-10,710,takenote,CANCELLED - SECTION 8,Dead/Cancelled,False,,False
103,EXACT,0,85874490,4539644,TAKE NOTE,2013-03-13,710,takenote,CANCELLED - SECTION 8,Dead/Cancelled,False,,False
103,EXACT,0,85664128,,TAKE NOTE,2012-06-28,606,takenote,ABANDONED - NO STATEMENT OF USE FILED,Dead/Abandoned,False,033,False
103,EXACT,0,76595636,3307762,TAKENOTE,2004-06-03,710,takenote,CANCELLED - SECTION 8,Dead/Cancelled,False,,False
103,EXACT,0,76083784,,TAKENOTE,2000-07-03,602,takenote,ABANDONED-FAILURE TO RESPOND OR LATE RESPONSE,Dead/Abandoned,False,041,False
103,EXACT,0,75585326,2370148,TAKE NOTE,1998-11-09,710,takenote,CANCELLED - SECTION 8,Dead/Cancelled,False,,False
103,EXACT,0,75410347,,TAKE NOTE,1997-12-23,602,takenote,ABANDONED-FAILURE TO RESPOND OR LATE RESPONSE,Dead/Abandoned,False,,False
103,EXACT,0,75025816,2152815,TAKENOTE,1995-11-30,710,takenote,CANCELLED - SECTION 8,Dead/Cancelled,False,,False
103,EXACT,0,74514910,1888449,TAKENOTE,1994-04-15,710,takenote,CANCELLED - SECTION 8,Dead/Cancelled,False,,False
103,EXACT,0,74435321,1971643,TAKE NOTE!,1993-09-13,710,takenote,CANCELLED - SECTION 8,Dead/Cancelled,False,,False
103,EXACT,0,74348118,,TAKE NOTE,1993-01-13,602,takenote,ABANDONED-FAILURE TO RESPOND OR LATE RESPONSE,Dead/Abandoned,False,,False
103,EXACT,0,74282416,,TAKENOTE,1992-06-08,604,takenote,ABANDONED - AFTER INTER-PARTES DECISION,Dead/Abandoned,False,,False
103,EXACT,0,74247735,,TAKENOTE,1992-02-18,601,takenote,ABANDONED - EXPRESS,Dead/Abandoned,False,,False
103,EXACT,0,74219799,1725269,TAKE NOTE,1991-11-07,710,takenote,CANCELLED - SECTION 8,Dead/Cancelled,False,,False
103,EXACT,0,74180515,1696051,TAKE NOTE,1991-06-28,710,takenote,CANCELLED - SECTION 8,Dead/Cancelled,False,,False
103,EXACT,0,73616134,1463439,TAKE NOTE!,1986-08-22,710,takenote,CANCELLED - SECTION 8,Dead/Cancelled,False,,False
103,EXACT,0,73114877,1082486,TAKE NOTE,1977-03-07,710,takenote,CANCELLED - SECTION 8,Dead/Cancelled,False,,False
103,NEAR_1_INSERTION,1,98756223,7964401,TAKE A NOTE,2024-09-18,700,takeanote,REGISTERED,Live/Registered,True,016,False
103,NEAR_1_INSERTION,1,97436995,7288623,TAKE NOTES,2022-05-31,700,takenotes,REGISTERED,Live/Registered,True,025,False
103,NEAR_1_SUBSTITUTION,1,86215798,4769756,MAKENOTE,2014-03-10,800,makenote,REGISTERED AND RENEWED,Live/Registered,True,"009,042",False
103,NEAR_1_SUBSTITUTION,1,73803433,1600477,TOKENOTE,1989-05-30,800,tokenote,REGISTERED AND RENEWED,Live/Registered,True,009,False
103,NEAR_1_SUBSTITUTION,1,72268109,0853465,TAKENATE,1967-03-31,800,takenate,REGISTERED AND RENEWED,Live/Registered,True,001,False
103,NEAR_1_SUBSTITUTION,1,87256366,,JAKENOTE,2016-12-04,602,jakenote,ABANDONED-FAILURE TO RESPOND OR LATE RESPONSE,Dead/Abandoned,False,,False
103,NEAR_1_SUBSTITUTION,1,86184445,,TAPE NOTE,2014-02-04,602,tapenote,ABANDONED-FAILURE TO RESPOND OR LATE RESPONSE,Dead/Abandoned,False,016,False
103,NEAR_1_SUBSTITUTION,1,85283642,,TAKE NATE,2011-04-01,606,takenate,ABANDONED - NO STATEMENT OF USE FILED,Dead/Abandoned,False,041,False
103,NEAR_1_SUBSTITUTION,1,85283654,,TAKE NATE,2011-04-01,606,takenate,ABANDONED - NO STATEMENT OF USE FILED,Dead/Abandoned,False,045,False
103,NEAR_1_SUBSTITUTION,1,77739254,,TAKE NATE,2009-05-18,602,takenate,ABANDONED-FAILURE TO RESPOND OR LATE RESPONSE,Dead/Abandoned,False,041,False
103,NEAR_1_INSERTION,1,76657893,,TAKE NOTES!,2006-04-05,606,takenotes,ABANDONED - NO STATEMENT OF USE FILED,Dead/Abandoned,False,010,True
103,NEAR_1_INSERTION,1,74188603,,TAKE-NOTES,1991-05-20,602,takenotes,ABANDONED-FAILURE TO RESPOND OR LATE RESPONSE,Dead/Abandoned,False,,False
103,NEAR_1_SUBSTITUTION,1,73458862,1316381,TAKENATE,1983-12-27,710,takenate,CANCELLED - SECTION 8,Dead/Cancelled,False,,False
104,EXACT,0,74222567,,NOTE THIS!,1991-11-18,606,notethis,ABANDONED - NO STATEMENT OF USE FILED,Dead/Abandoned,False,,False
104,NEAR_1_DELETION,1,90475217,7634056,NOT THIS,2021-01-19,700,notthis,REGISTERED,Live/Registered,True,025,False
106,EXACT,0,77098096,,SPELL-IT-OUT,2007-02-02,606,spellitout,ABANDONED - NO STATEMENT OF USE FILED,Dead/Abandoned,False,014,False
106,EXACT,0,74435920,1891832,SPELL IT OUT,1993-09-14,710,spellitout,CANCELLED - SECTION 8,Dead/Cancelled,False,,False
106,EXACT,0,74435923,1888039,SPELL IT OUT,1993-09-14,710,spellitout,CANCELLED - SECTION 8,Dead/Cancelled,False,,False
106,NEAR_1_SUBSTITUTION,1,90077862,,SPILL IT OUT,2020-07-28,606,spillitout,ABANDONED - NO STATEMENT OF USE FILED,Dead/Abandoned,False,025,False
106,NEAR_1_SUBSTITUTION,1,90976074,,SPILL IT OUT,2020-07-28,602,spillitout,ABANDONED-FAILURE TO RESPOND OR LATE RESPONSE,Dead/Abandoned,False,025,False
109,EXACT,0,99313432,,ONRECORD,2025-07-31,661,onrecord,RESPONSE AFTER NON-FINAL ACTION - ENTERED,Live/Pending,True,"035,042",True
109,EXACT,0,87893397,,ONRECORD,2018-04-25,606,onrecord,ABANDONED - NO STATEMENT OF USE FILED,Dead/Abandoned,False,041,False
109,EXACT,0,85883884,,ON RECORD,2013-03-22,606,onrecord,ABANDONED - NO STATEMENT OF USE FILED,Dead/Abandoned,False,035,True
109,EXACT,0,85870183,,ON RECORD,2013-03-07,606,onrecord,ABANDONED - NO STATEMENT OF USE FILED,Dead/Abandoned,False,"025,041",False
109,EXACT,0,85640508,4389283,ONRECORD,2012-06-01,710,onrecord,CANCELLED - SECTION 8,Dead/Cancelled,False,,False
109,EXACT,0,74175431,,ON RECORD,1991-06-11,606,onrecord,ABANDONED - NO STATEMENT OF USE FILED,Dead/Abandoned,False,,False
109,EXACT,0,72164252,0766733,ON RECORD,1963-03-08,900,onrecord,EXPIRED,Dead/Expired,False,,False
109,NEAR_1_SUBSTITUTION,1,99681858,,UNRECORD,2026-03-04,680,unrecord,APPROVED FOR PUBLICATION,Live/Pending,True,"009,028,041",False
109,NEAR_1_SUBSTITUTION,1,79378655,7646473,UNRECORD,2023-05-23,700,unrecord,REGISTERED,Live/Registered,True,"009,028,041",False
109,NEAR_1_INSERTION,1,87759057,6295578,ONERECORD,2018-01-17,700,onerecord,REGISTERED,Live/Registered,True,009,False
109,NEAR_1_INSERTION,1,87983019,6064863,ONERECORD,2018-01-17,700,onerecord,REGISTERED,Live/Registered,True,042,False
109,NEAR_1_INSERTION,1,87983020,6064864,ONERECORD,2018-01-17,700,onerecord,REGISTERED,Live/Registered,True,042,False
109,NEAR_1_SUBSTITUTION,1,79385650,,UNRECORD,2023-09-14,602,unrecord,ABANDONED-FAILURE TO RESPOND OR LATE RESPONSE,Dead/Abandoned,False,"009,025,028,041",False
109,NEAR_1_INSERTION,1,87759006,,ONERECORD,2018-01-17,606,onerecord,ABANDONED - NO STATEMENT OF USE FILED,Dead/Abandoned,False,009,False
109,NEAR_1_DELETION,1,87182876,5387680,ONE CORD,2016-09-26,710,onecord,CANCELLED - SECTION 8,Dead/Cancelled,False,,False
109,NEAR_1_INSERTION,1,86822885,,ONERECORD,2015-11-17,602,onerecord,ABANDONED-FAILURE TO RESPOND OR LATE RESPONSE,Dead/Abandoned,False,"038,042,044",True
109,NEAR_1_DELETION,1,86018245,,ONECORD,2013-07-24,606,onecord,ABANDONED - NO STATEMENT OF USE FILED,Dead/Abandoned,False,009,False
109,NEAR_1_SUBSTITUTION,1,77572606,,OF RECORD,2008-09-17,602,ofrecord,ABANDONED-FAILURE TO RESPOND OR LATE RESPONSE,Dead/Abandoned,False,045,False
109,NEAR_1_INSERTION,1,77332204,,ONERECORD,2007-11-16,604,onerecord,ABANDONED - AFTER INTER-PARTES DECISION,Dead/Abandoned,False,,False
110,EXACT,0,98571218,,FOR THE RECORD,2024-05-28,630,fortherecord,NEW APPLICATION - RECORD INITIALIZED NOT ASSIGNED TO EXAMINER,Live/Pending,True,016,False
110,EXACT,0,98404905,7609482,FOR THE RECORD,2024-02-14,700,fortherecord,REGISTERED,Live/Registered,True,041,False
110,EXACT,0,98396600,7537602,FOR THE RECORD,2024-02-07,700,fortherecord,REGISTERED,Live/Registered,True,016,False
110,EXACT,0,98185403,,FOR THE RECORD,2023-09-18,733,fortherecord,FOURTH EXTENSION - GRANTED,Live/Pending,True,041,False
110,EXACT,0,86005423,4582986,FOR THE RECORD,2013-07-09,800,fortherecord,REGISTERED AND RENEWED,Live/Registered,True,041,False
110,EXACT,0,78843594,3317510,FOR THE RECORD,2006-03-22,800,fortherecord,REGISTERED AND RENEWED,Live/Registered,True,009,False
110,EXACT,0,90492857,,FOR THE RECORD,2021-01-27,606,fortherecord,ABANDONED - NO STATEMENT OF USE FILED,Dead/Abandoned,False,041,False
110,EXACT,0,88181592,,FOR THE RECORD,2018-11-05,602,fortherecord,ABANDONED-FAILURE TO RESPOND OR LATE RESPONSE,Dead/Abandoned,False,"042,045",False
110,EXACT,0,88049391,,FOR THE RECORD,2018-07-23,606,fortherecord,ABANDONED - NO STATEMENT OF USE FILED,Dead/Abandoned,False,045,False
110,EXACT,0,86923886,5177916,FOR THE RECORD,2016-02-29,710,fortherecord,CANCELLED - SECTION 8,Dead/Cancelled,False,,False
110,EXACT,0,86018140,4504732,FOR THE RECORD,2013-07-23,710,fortherecord,CANCELLED - SECTION 8,Dead/Cancelled,False,,False
110,EXACT,0,85755573,,FOR THE RECORD,2012-10-16,604,fortherecord,ABANDONED - AFTER INTER-PARTES DECISION,Dead/Abandoned,False,,False
110,EXACT,0,85755590,,FOR THE RECORD,2012-10-16,604,fortherecord,ABANDONED - AFTER INTER-PARTES DECISION,Dead/Abandoned,False,,False
110,EXACT,0,85755608,,FOR THE RECORD,2012-10-16,604,fortherecord,ABANDONED - AFTER INTER-PARTES DECISION,Dead/Abandoned,False,,False
110,EXACT,0,77633166,,FOR THE RECORD,2008-12-15,606,fortherecord,ABANDONED - NO STATEMENT OF USE FILED,Dead/Abandoned,False,041,False
110,EXACT,0,75635435,,FOR THE RECORD,1999-02-05,602,fortherecord,ABANDONED-FAILURE TO RESPOND OR LATE RESPONSE,Dead/Abandoned,False,041,False
110,EXACT,0,75558036,2346620,FOR THE RECORD,1998-09-24,710,fortherecord,CANCELLED - SECTION 8,Dead/Cancelled,False,,False
110,EXACT,0,75301756,2220092,FOR THE RECORD,1997-06-02,710,fortherecord,CANCELLED - SECTION 8,Dead/Cancelled,False,,False
110,EXACT,0,75273834,2191526,FOR THE RECORD,1997-04-15,710,fortherecord,CANCELLED - SECTION 8,Dead/Cancelled,False,,False
110,EXACT,0,75123409,2175452,FOR THE RECORD,1996-06-21,710,fortherecord,CANCELLED - SECTION 8,Dead/Cancelled,False,,False
110,EXACT,0,75036829,2145101,FOR THE RECORD,1995-12-21,710,fortherecord,CANCELLED - SECTION 8,Dead/Cancelled,False,,False
110,EXACT,0,74242049,1723742,FOR THE RECORD,1992-01-31,710,fortherecord,CANCELLED - SECTION 8,Dead/Cancelled,False,,False
110,EXACT,0,73686733,,FOR THE RECORD,1987-09-28,602,fortherecord,ABANDONED-FAILURE TO RESPOND OR LATE RESPONSE,Dead/Abandoned,False,,False
110,EXACT,0,73292248,1202670,FOR THE RECORD,1981-01-08,710,fortherecord,CANCELLED - SECTION 8,Dead/Cancelled,False,,False
110,EXACT,0,72238164,0826277,FOR THE RECORD,1966-02-07,900,fortherecord,EXPIRED,Dead/Expired,False,,False
112,EXACT,0,87332282,5280921,PUBLIC RECORD,2017-02-10,702,publicrecord,SECTION 8 & 15-ACCEPTED AND ACKNOWLEDGED,Live/Registered,True,025,False
112,EXACT,0,86776540,5192094,PUBLIC RECORD,2015-10-02,710,publicrecord,CANCELLED - SECTION 8,Dead/Cancelled,False,,False
112,EXACT,0,85238970,,PUBLIC RECORD,2011-02-10,606,publicrecord,ABANDONED - NO STATEMENT OF USE FILED,Dead/Abandoned,False,025,False
112,EXACT,0,75081334,,PUBLICRECORD,1996-04-01,602,publicrecord,ABANDONED-FAILURE TO RESPOND OR LATE RESPONSE,Dead/Abandoned,False,,False
112,NEAR_1_INSERTION,1,88485617,5975765,PUBLIC RECORDS,2019-06-24,701,publicrecords,SECTION 8-ACCEPTED,Live/Registered,True,043,False
112,NEAR_1_INSERTION,1,75081346,,PUBLICRECORDS,1996-04-01,602,publicrecords,ABANDONED-FAILURE TO RESPOND OR LATE RESPONSE,Dead/Abandoned,False,,False
112,NEAR_1_INSERTION,1,74535319,,PUBLIC RECORDS,1994-06-09,606,publicrecords,ABANDONED - NO STATEMENT OF USE FILED,Dead/Abandoned,False,,False
112,NEAR_1_INSERTION,1,73610224,1430955,PUBLIC RECORDS,1986-07-18,710,publicrecords,CANCELLED - SECTION 8,Dead/Cancelled,False,,False
114,EXACT,0,99540570,,SHOW YOUR WORK,2025-12-10,641,showyourwork,NON-FINAL ACTION - MAILED,Live/Pending,True,009,False
114,EXACT,0,87045224,5221274,SHOW YOUR WORK,2016-05-20,710,showyourwork,CANCELLED - SECTION 8,Dead/Cancelled,False,,False
119,EXACT,0,90695761,6722699,DO THE MATH!,2021-05-07,700,dothemath,REGISTERED,Live/Registered,True,041,False
119,EXACT,0,78761653,3370489,DO THE MATH,2005-11-28,800,dothemath,REGISTERED AND RENEWED,Live/Registered,True,016,False
119,EXACT,0,78590448,3150609,DO THE MATH,2005-03-18,800,dothemath,REGISTERED AND RENEWED,Live/Registered,True,"035,036,037,039,041,042,043",True
119,EXACT,0,90308699,,DO THE MATH,2020-11-10,602,dothemath,ABANDONED-FAILURE TO RESPOND OR LATE RESPONSE,Dead/Abandoned,False,036,False
119,EXACT,0,88888725,,DO THE MATH,2020-04-27,606,dothemath,ABANDONED - NO STATEMENT OF USE FILED,Dead/Abandoned,False,025,False
119,EXACT,0,85761199,5013166,DO THE MATH,2012-10-23,710,dothemath,CANCELLED - SECTION 8,Dead/Cancelled,False,,False
119,EXACT,0,85054850,,DO THE MATH,2010-06-04,602,dothemath,ABANDONED-FAILURE TO RESPOND OR LATE RESPONSE,Dead/Abandoned,False,043,False
119,EXACT,0,85033455,,DO THE MATH,2010-05-07,602,dothemath,ABANDONED-FAILURE TO RESPOND OR LATE RESPONSE,Dead/Abandoned,False,"035,042",True
119,EXACT,0,77408028,3508287,DO THE MATH,2008-02-27,710,dothemath,CANCELLED - SECTION 8,Dead/Cancelled,False,,False
119,EXACT,0,77365035,,DO THE MATH.,2008-01-06,602,dothemath,ABANDONED-FAILURE TO RESPOND OR LATE RESPONSE,Dead/Abandoned,False,"035,036",True
119,EXACT,0,77034310,,DO THE MATH,2006-11-01,606,dothemath,ABANDONED - NO STATEMENT OF USE FILED,Dead/Abandoned,False,045,False
119,EXACT,0,78935912,3275082,DO THE MATH!,2006-07-24,710,dothemath,CANCELLED - SECTION 8,Dead/Cancelled,False,,False
119,EXACT,0,78761668,,DO THE MATH,2005-11-28,602,dothemath,ABANDONED-FAILURE TO RESPOND OR LATE RESPONSE,Dead/Abandoned,False,028,False
119,EXACT,0,76248634,2536362,DO THE MATH,2001-04-26,710,dothemath,CANCELLED - SECTION 8,Dead/Cancelled,False,,False
119,EXACT,0,76210963,,DO THE M.A.T.H.,2001-02-12,606,dothemath,ABANDONED - NO STATEMENT OF USE FILED,Dead/Abandoned,False,042,False
119,EXACT,0,75739420,,DO THE MATH,1999-06-29,602,dothemath,ABANDONED-FAILURE TO RESPOND OR LATE RESPONSE,Dead/Abandoned,False,009,False
119,EXACT,0,75681070,,DO THE MATH,1999-04-12,606,dothemath,ABANDONED - NO STATEMENT OF USE FILED,Dead/Abandoned,False,009,False
119,EXACT,0,75455437,2303548,DO THE MATH,1998-03-24,710,dothemath,CANCELLED - SECTION 8,Dead/Cancelled,False,,False
119,EXACT,0,74703771,,DO THE MATH,1995-07-20,602,dothemath,ABANDONED-FAILURE TO RESPOND OR LATE RESPONSE,Dead/Abandoned,False,,False
119,NEAR_1_SUBSTITUTION,1,85594340,4249922,DU THE MATH,2012-04-11,710,duthemath,CANCELLED - SECTION 8,Dead/Cancelled,False,,False
120,EXACT,0,77962987,3867154,ADDSUP,2010-03-19,710,addsup,CANCELLED - SECTION 8,Dead/Cancelled,False,,False
120,EXACT,0,77962992,3867155,ADDSUP,2010-03-19,710,addsup,CANCELLED - SECTION 8,Dead/Cancelled,False,,False
120,EXACT,0,75330252,2500603,ADDSUP,1997-06-26,710,addsup,CANCELLED - SECTION 8,Dead/Cancelled,False,,False
120,EXACT,0,74653074,,ADDSUP,1995-03-20,606,addsup,ABANDONED - NO STATEMENT OF USE FILED,Dead/Abandoned,False,,False
120,NEAR_1_DELETION,1,98293549,7821952,ADS UP,2023-11-30,700,adsup,REGISTERED,Live/Registered,True,035,True
120,NEAR_1_SUBSTITUTION,1,90759961,6765741,ADDCUP,2021-06-07,700,addcup,REGISTERED,Live/Registered,True,028,False
120,NEAR_1_SUBSTITUTION,1,88819210,6866818,ODDS UP,2020-03-03,700,oddsup,REGISTERED,Live/Registered,True,041,False
120,NEAR_1_DELETION,1,87477852,5369783,ADDUP,2017-06-06,702,addup,SECTION 8 & 15-ACCEPTED AND ACKNOWLEDGED,Live/Registered,True,042,False
120,NEAR_1_DELETION,1,87065495,5248823,ADDUP,2016-06-09,705,addup,PARTIAL SECTION 8 & 15 ACCEPTED AND ACKNOWLEDGED,Live/Registered,True,"007,009,035,037,040,041,042",True
120,NEAR_1_SUBSTITUTION,1,74601291,1931574,ADDSUM,1994-11-21,800,addsum,REGISTERED AND RENEWED,Live/Registered,True,042,False
120,NEAR_1_DELETION,1,99349355,,ADSUP,2025-08-21,602,adsup,ABANDONED-FAILURE TO RESPOND OR LATE RESPONSE,Dead/Abandoned,False,035,True
120,NEAR_1_DELETION,1,98121347,,ADSUP,2023-08-08,604,adsup,ABANDONED - AFTER INTER-PARTES DECISION,Dead/Abandoned,False,,False
120,NEAR_1_SUBSTITUTION,1,79361981,,ADDZUP,2023-01-16,602,addzup,ABANDONED-FAILURE TO RESPOND OR LATE RESPONSE,Dead/Abandoned,False,,False
120,NEAR_1_DELETION,1,88789908,,ADSUP,2020-02-07,606,adsup,ABANDONED - NO STATEMENT OF USE FILED,Dead/Abandoned,False,035,True
120,NEAR_1_SUBSTITUTION,1,87856963,,ADD SUM,2018-03-30,606,addsum,ABANDONED - NO STATEMENT OF USE FILED,Dead/Abandoned,False,040,False
120,NEAR_1_SUBSTITUTION,1,87856965,5892152,ADD SUM,2018-03-30,710,addsum,CANCELLED - SECTION 8,Dead/Cancelled,False,,False
120,NEAR_1_SUBSTITUTION,1,86640340,4904280,ADDSUB,2015-05-25,710,addsub,CANCELLED - SECTION 8,Dead/Cancelled,False,,False
120,NEAR_1_DELETION,1,86301449,,ADDUP,2014-06-05,606,addup,ABANDONED - NO STATEMENT OF USE FILED,Dead/Abandoned,False,042,False
120,NEAR_1_DELETION,1,85769142,,ADD UP,2012-11-01,602,addup,ABANDONED-FAILURE TO RESPOND OR LATE RESPONSE,Dead/Abandoned,False,035,True
120,NEAR_1_SUBSTITUTION,1,77816937,,ADUSUP,2009-08-31,606,adusup,ABANDONED - NO STATEMENT OF USE FILED,Dead/Abandoned,False,"035,036,038,041,042,045",True
120,NEAR_1_SUBSTITUTION,1,78424390,,ADDS/IP,2004-05-25,602,addsip,ABANDONED-FAILURE TO RESPOND OR LATE RESPONSE,Dead/Abandoned,False,"009,042",False
120,NEAR_1_DELETION,1,78063556,2670384,ADSUP,2001-05-15,710,adsup,CANCELLED - SECTION 8,Dead/Cancelled,False,,False
120,NEAR_1_DELETION,1,74455835,,ADSUP,1993-11-09,606,adsup,ABANDONED - NO STATEMENT OF USE FILED,Dead/Abandoned,False,,False
120,NEAR_1_DELETION,1,73247794,,ADS UP,1980-01-28,602,adsup,ABANDONED-FAILURE TO RESPOND OR LATE RESPONSE,Dead/Abandoned,False,,False
120,NEAR_1_DELETION,1,73234894,1183717,ADS UP,1979-10-12,710,adsup,CANCELLED - SECTION 8,Dead/Cancelled,False,,False
121,EXACT,0,77924109,3821883,ADDITUP,2010-01-29,800,additup,REGISTERED AND RENEWED,Live/Registered,True,041,False
121,EXACT,0,77547937,3652500,ADD IT UP,2008-08-15,710,additup,CANCELLED - SECTION 8,Dead/Cancelled,False,,False
121,EXACT,0,78563793,,ADDITUP,2005-02-09,602,additup,ABANDONED-FAILURE TO RESPOND OR LATE RESPONSE,Dead/Abandoned,False,041,False
121,EXACT,0,78217920,,ADD-IT-UP,2003-02-23,602,additup,ABANDONED-FAILURE TO RESPOND OR LATE RESPONSE,Dead/Abandoned,False,028,False
121,EXACT,0,74329548,1849637,ADDITUP,1992-11-09,710,additup,CANCELLED - SECTION 8,Dead/Cancelled,False,,False
121,EXACT,0,73427366,,ADD-IT-UP,1983-05-09,602,additup,ABANDONED-FAILURE TO RESPOND OR LATE RESPONSE,Dead/Abandoned,False,,False
121,NEAR_1_DELETION,1,88327053,6190551,AD IT UP,2019-03-05,700,aditup,REGISTERED,Live/Registered,True,"009,035,038",True
121,NEAR_1_DELETION,1,86608151,,AD.IT.UP,2015-04-23,606,aditup,ABANDONED - NO STATEMENT OF USE FILED,Dead/Abandoned,False,"035,038",True
121,NEAR_1_SUBSTITUTION,1,85078603,,ADDITUS,2010-07-06,602,additus,ABANDONED-FAILURE TO RESPOND OR LATE RESPONSE,Dead/Abandoned,False,042,False
121,NEAR_1_DELETION,1,76128322,,AD. IT UP!,2000-09-15,602,aditup,ABANDONED-FAILURE TO RESPOND OR LATE RESPONSE,Dead/Abandoned,False,038,False
122,EXACT,0,75303818,2225142,STACKS UP,1997-06-04,710,stacksup,CANCELLED - SECTION 8,Dead/Cancelled,False,,False
122,NEAR_1_SUBSTITUTION,1,98725090,,#STICKSUP,2024-08-29,748,sticksup,STATEMENT OF USE - TO EXAMINER,Live/Pending,True,"025,034",False
122,NEAR_1_DELETION,1,88613947,6028528,STACK UP,2019-09-12,700,stackup,REGISTERED,Live/Registered,True,036,False
122,NEAR_1_DELETION,1,88613966,6172766,STACK UP,2019-09-12,700,stackup,REGISTERED,Live/Registered,True,044,True
122,NEAR_1_DELETION,1,88613976,6172767,STACK UP,2019-09-12,700,stackup,REGISTERED,Live/Registered,True,045,False
122,NEAR_1_DELETION,1,87081267,5133172,STACK-UP,2016-06-23,702,stackup,SECTION 8 & 15-ACCEPTED AND ACKNOWLEDGED,Live/Registered,True,036,False
122,NEAR_1_DELETION,1,98535368,,STACK UP,2024-05-06,606,stackup,ABANDONED - NO STATEMENT OF USE FILED,Dead/Abandoned,False,042,False
122,NEAR_1_DELETION,1,79254339,,STACKUP,2019-01-21,602,stackup,ABANDONED-FAILURE TO RESPOND OR LATE RESPONSE,Dead/Abandoned,False,021,True
122,NEAR_1_DELETION,1,87177640,,STACK-UP,2016-09-20,601,stackup,ABANDONED - EXPRESS,Dead/Abandoned,False,035,True
122,NEAR_1_DELETION,1,87032132,,STACK UP,2016-05-10,602,stackup,ABANDONED-FAILURE TO RESPOND OR LATE RESPONSE,Dead/Abandoned,False,005,True
122,NEAR_1_DELETION,1,86005852,4756562,STACKUP,2013-07-09,710,stackup,CANCELLED - SECTION 8,Dead/Cancelled,False,,False
122,NEAR_1_SUBSTITUTION,1,85652077,4373548,STACK CUP,2012-06-14,710,stackcup,CANCELLED - SECTION 8,Dead/Cancelled,False,,False
122,NEAR_1_DELETION,1,79051008,3696040,STACK UP,2008-02-05,404,stackup,IR CANCELLED; US REGISTRATION CANCELLED,Dead/Cancelled,False,,False
122,NEAR_1_DELETION,1,76420493,2798908,STACK-UP,2002-05-14,710,stackup,CANCELLED - SECTION 8,Dead/Cancelled,False,,False
122,NEAR_1_DELETION,1,75439810,,STACK UP,1998-02-24,602,stackup,ABANDONED-FAILURE TO RESPOND OR LATE RESPONSE,Dead/Abandoned,False,006,False
122,NEAR_1_DELETION,1,74466062,1943163,STACKUP,1993-12-06,710,stackup,CANCELLED - SECTION 8,Dead/Cancelled,False,,False
122,NEAR_1_DELETION,1,73569271,1399700,STACK-UP,1985-11-18,710,stackup,CANCELLED - SECTION 8,Dead/Cancelled,False,,False
122,NEAR_1_DELETION,1,73263697,1177190,STACK-UP,1980-05-27,710,stackup,CANCELLED - SECTION 8,Dead/Cancelled,False,,False
122,NEAR_1_DELETION,1,81028759,1028759,STACK-UP,,710,stackup,CANCELLED - SECTION 8,Dead/Cancelled,False,,False
123,EXACT,0,99747391,,HOLDS UP,2026-04-06,641,holdsup,NON-FINAL ACTION - MAILED,Live/Pending,True,"041,045",False
123,EXACT,0,85192206,4084981,HOLDS UP,2010-12-07,710,holdsup,CANCELLED - SECTION 8,Dead/Cancelled,False,,False
123,NEAR_1_DELETION,1,99864902,,HOLD UP,2026-06-04,630,holdup,NEW APPLICATION - RECORD INITIALIZED NOT ASSIGNED TO EXAMINER,Live/Pending,True,"001,016",False
123,NEAR_1_DELETION,1,88393822,6115993,HOLD UP,2019-04-19,700,holdup,REGISTERED,Live/Registered,True,"001,016",False
123,NEAR_1_DELETION,1,77753473,3734120,HOLD-UP,2009-06-05,800,holdup,REGISTERED AND RENEWED,Live/Registered,True,025,False
123,NEAR_1_SUBSTITUTION,1,77256967,3422114,HOLD-M-UP,2007-08-16,800,holdmup,REGISTERED AND RENEWED,Live/Registered,True,028,False
123,NEAR_1_DELETION,1,74698345,1984070,HOLD-UP,1995-07-07,800,holdup,REGISTERED AND RENEWED,Live/Registered,True,001,False
123,NEAR_1_SUBSTITUTION,1,88915145,,HOLDSUN,2020-05-13,602,holdsun,ABANDONED-FAILURE TO RESPOND OR LATE RESPONSE,Dead/Abandoned,False,010,True
123,NEAR_1_DELETION,1,77433316,,HOLDUP,2008-03-27,606,holdup,ABANDONED - NO STATEMENT OF USE FILED,Dead/Abandoned,False,028,False
123,NEAR_1_DELETION,1,76585471,2941436,HOLDUP,2004-04-05,710,holdup,CANCELLED - SECTION 8,Dead/Cancelled,False,,False
123,NEAR_1_DELETION,1,78230076,2881477,HOLD UP,2003-03-26,710,holdup,CANCELLED - SECTION 8,Dead/Cancelled,False,,False
123,NEAR_1_DELETION,1,75732344,,HOLD-UP,1999-06-18,606,holdup,ABANDONED - NO STATEMENT OF USE FILED,Dead/Abandoned,False,"003,009,025",True
123,NEAR_1_DELETION,1,75450556,,HOLD-UP,1998-03-16,602,holdup,ABANDONED-FAILURE TO RESPOND OR LATE RESPONSE,Dead/Abandoned,False,"041,042",False
123,NEAR_1_DELETION,1,75332312,2217924,HOLD UP!,1997-07-29,710,holdup,CANCELLED - SECTION 8,Dead/Cancelled,False,,False
123,NEAR_1_DELETION,1,74734600,1993607,HOLD-UP!,1995-09-26,710,holdup,CANCELLED - SECTION 8,Dead/Cancelled,False,,False
123,NEAR_1_DELETION,1,74613943,2007012,HOLD-UP,1994-12-19,710,holdup,CANCELLED - SECTION 8,Dead/Cancelled,False,,False
123,NEAR_1_DELETION,1,74471130,1905299,HOLD-UP,1993-12-20,710,holdup,CANCELLED - SECTION 8,Dead/Cancelled,False,,False
123,NEAR_1_DELETION,1,74329364,1780332,HOLD-UP,1992-11-09,710,holdup,CANCELLED - SECTION 8,Dead/Cancelled,False,,False
123,NEAR_1_DELETION,1,74203811,1774634,HOLDUP,1991-09-16,710,holdup,CANCELLED - SECTION 8,Dead/Cancelled,False,,False
123,NEAR_1_DELETION,1,73738290,,HOLD UP,1988-07-05,602,holdup,ABANDONED-FAILURE TO RESPOND OR LATE RESPONSE,Dead/Abandoned,False,,False
123,NEAR_1_DELETION,1,73598560,1424481,HOLD-UP,1986-05-13,710,holdup,CANCELLED - SECTION 8,Dead/Cancelled,False,,False
123,NEAR_1_DELETION,1,73489936,1370196,HOLD-UP,1984-07-16,710,holdup,CANCELLED - SECTION 8,Dead/Cancelled,False,,False
123,NEAR_1_DELETION,1,72075392,0690308,HOLD-UP,1959-06-09,710,holdup,CANCELLED - SECTION 8,Dead/Cancelled,False,,False
124,NEAR_1_DELETION,1,99275122,,STAND UP,2025-07-09,688,standup,NOTICE OF ALLOWANCE - ISSUED,Live/Pending,True,003,True
124,NEAR_1_DELETION,1,99235436,,STAND UP,2025-06-16,688,standup,NOTICE OF ALLOWANCE - ISSUED,Live/Pending,True,"005,030",True
124,NEAR_1_DELETION,1,98412789,7863337,STANDUP,2024-02-20,700,standup,REGISTERED,Live/Registered,True,"009,035,042",True
124,NEAR_1_DELETION,1,88698611,6225344,STAND UP,2019-11-19,700,standup,REGISTERED,Live/Registered,True,"036,041",False
124,NEAR_1_DELETION,1,87561533,5658940,STAND UP,2017-08-09,702,standup,SECTION 8 & 15-ACCEPTED AND ACKNOWLEDGED,Live/Registered,True,041,False
124,NEAR_1_DELETION,1,87142767,5180318,STAND UP,2016-08-18,702,standup,SECTION 8 & 15-ACCEPTED AND ACKNOWLEDGED,Live/Registered,True,005,True
124,NEAR_1_DELETION,1,86487207,4790045,STAND-UP,2014-12-20,800,standup,REGISTERED AND RENEWED,Live/Registered,True,"035,041",True
124,NEAR_1_DELETION,1,86374239,5464809,STANDUP,2014-08-22,702,standup,SECTION 8 & 15-ACCEPTED AND ACKNOWLEDGED,Live/Registered,True,001,False
124,NEAR_1_DELETION,1,86120270,4669793,STAND UP,2013-11-15,800,standup,REGISTERED AND RENEWED,Live/Registered,True,025,False
124,NEAR_1_DELETION,1,86120273,4809246,STAND UP,2013-11-15,800,standup,REGISTERED AND RENEWED,Live/Registered,True,025,False
124,NEAR_1_DELETION,1,85057526,4001001,STANDUP,2010-06-08,800,standup,REGISTERED AND RENEWED,Live/Registered,True,040,False
124,NEAR_1_DELETION,1,77151806,3359003,STAND UP,2007-04-09,800,standup,REGISTERED AND RENEWED,Live/Registered,True,041,False
124,NEAR_1_DELETION,1,78513834,3243561,STANDUP,2004-11-09,800,standup,REGISTERED AND RENEWED,Live/Registered,True,020,False
124,NEAR_1_DELETION,1,78151919,3159676,STAND-UP,2002-08-07,800,standup,REGISTERED AND RENEWED,Live/Registered,True,037,False
124,NEAR_1_DELETION,1,78975292,2844081,STAND-UP,2002-08-07,800,standup,REGISTERED AND RENEWED,Live/Registered,True,"010,044",True
124,NEAR_1_DELETION,1,75368139,2259953,STAND UP,1997-10-06,800,standup,REGISTERED AND RENEWED,Live/Registered,True,016,False
124,NEAR_1_DELETION,1,75080579,2177221,STANDUP,1996-03-29,800,standup,REGISTERED AND RENEWED,Live/Registered,True,016,False
124,NEAR_1_DELETION,1,97404911,,STANDUP,2022-05-11,602,standup,ABANDONED-FAILURE TO RESPOND OR LATE RESPONSE,Dead/Abandoned,False,018,False
124,NEAR_1_DELETION,1,97041334,,STAND UP,2021-09-23,602,standup,ABANDONED-FAILURE TO RESPOND OR LATE RESPONSE,Dead/Abandoned,False,025,False
124,NEAR_1_SUBSTITUTION,1,88364946,,STAND SUN,2019-03-31,602,standsun,ABANDONED-FAILURE TO RESPOND OR LATE RESPONSE,Dead/Abandoned,False,011,False
124,NEAR_1_DELETION,1,87066606,,STAND UP,2016-06-09,602,standup,ABANDONED-FAILURE TO RESPOND OR LATE RESPONSE,Dead/Abandoned,False,028,False
124,NEAR_1_DELETION,1,86570963,,#STANDUP,2015-03-20,602,standup,ABANDONED-FAILURE TO RESPOND OR LATE RESPONSE,Dead/Abandoned,False,009,False
124,NEAR_1_DELETION,1,86513711,5057122,STAND UP!,2015-01-26,710,standup,CANCELLED - SECTION 8,Dead/Cancelled,False,,False
124,NEAR_1_DELETION,1,86358634,,STAND UP,2014-08-06,602,standup,ABANDONED-FAILURE TO RESPOND OR LATE RESPONSE,Dead/Abandoned,False,035,True
124,NEAR_1_DELETION,1,86282813,4678031,STAND UP,2014-05-15,710,standup,CANCELLED - SECTION 8,Dead/Cancelled,False,,False
124,NEAR_1_DELETION,1,86254918,,STAND UP,2014-04-17,606,standup,ABANDONED - NO STATEMENT OF USE FILED,Dead/Abandoned,False,044,True
124,NEAR_1_DELETION,1,85665523,4412000,STAND UP,2012-06-29,710,standup,CANCELLED - SECTION 8,Dead/Cancelled,False,,False
124,NEAR_1_DELETION,1,85655849,,STANDUP!,2012-06-19,602,standup,ABANDONED-FAILURE TO RESPOND OR LATE RESPONSE,Dead/Abandoned,False,041,False
124,NEAR_1_DELETION,1,77491891,,STANDUP,2008-06-05,602,standup,ABANDONED-FAILURE TO RESPOND OR LATE RESPONSE,Dead/Abandoned,False,028,False
124,NEAR_1_DELETION,1,77178990,,STANDUP,2007-05-11,602,standup,ABANDONED-FAILURE TO RESPOND OR LATE RESPONSE,Dead/Abandoned,False,009,False
124,NEAR_1_DELETION,1,77023607,3374875,STAND-UP,2006-10-18,710,standup,CANCELLED - SECTION 8,Dead/Cancelled,False,,False
124,NEAR_1_DELETION,1,78744637,3291927,STANDUP,2005-11-01,710,standup,CANCELLED - SECTION 8,Dead/Cancelled,False,,False
124,NEAR_1_DELETION,1,79013101,3130095,STAND UP,2005-07-20,404,standup,IR CANCELLED; US REGISTRATION CANCELLED,Dead/Cancelled,False,,False
124,NEAR_1_DELETION,1,78513197,,STAND UP,2004-11-08,606,standup,ABANDONED - NO STATEMENT OF USE FILED,Dead/Abandoned,False,"025,028",False
124,NEAR_1_DELETION,1,76456422,2763926,S.T.A.N.D.U.P.,2002-10-07,710,standup,CANCELLED - SECTION 8,Dead/Cancelled,False,,False
124,NEAR_1_DELETION,1,76424495,2739961,STAND UP,2002-06-24,710,standup,CANCELLED - SECTION 8,Dead/Cancelled,False,,False
124,NEAR_1_DELETION,1,76310825,2754564,STAND-UP,2001-09-10,710,standup,CANCELLED - SECTION 8,Dead/Cancelled,False,,False
124,NEAR_1_DELETION,1,76134847,,STAND UP,2000-09-20,614,standup,ABANDONED PETITION TO REVIVE-DENIED,Dead/Abandoned,False,021,True
124,NEAR_1_DELETION,1,76078233,,STAND UP,2000-06-27,606,standup,ABANDONED - NO STATEMENT OF USE FILED,Dead/Abandoned,False,009,False
124,NEAR_1_DELETION,1,75856715,,STAND UP,1999-11-23,606,standup,ABANDONED - NO STATEMENT OF USE FILED,Dead/Abandoned,False,010,True
124,NEAR_1_DELETION,1,75855985,2499624,STANDUP,1999-11-22,710,standup,CANCELLED - SECTION 8,Dead/Cancelled,False,,False
124,NEAR_1_DELETION,1,75825833,2724654,STAND UP,1999-10-18,710,standup,CANCELLED - SECTION 8,Dead/Cancelled,False,,False
124,NEAR_1_DELETION,1,75696006,2332688,STAND-UP,1999-05-03,710,standup,CANCELLED - SECTION 8,Dead/Cancelled,False,,False
124,NEAR_1_DELETION,1,75490415,2371572,STAND-UP,1998-05-26,710,standup,CANCELLED - SECTION 8,Dead/Cancelled,False,,False
124,NEAR_1_DELETION,1,75243320,,STAND UP,1997-02-18,602,standup,ABANDONED-FAILURE TO RESPOND OR LATE RESPONSE,Dead/Abandoned,False,021,True
124,NEAR_1_DELETION,1,75089917,,STAND UP,1996-04-17,602,standup,ABANDONED-FAILURE TO RESPOND OR LATE RESPONSE,Dead/Abandoned,False,,False
124,NEAR_1_DELETION,1,75042576,,STAND UP,1996-01-16,606,standup,ABANDONED - NO STATEMENT OF USE FILED,Dead/Abandoned,False,,False
124,NEAR_1_DELETION,1,75014383,2083026,STANDUP,1995-11-03,710,standup,CANCELLED - SECTION 8,Dead/Cancelled,False,,False
124,NEAR_1_DELETION,1,74552126,,STAND UP,1994-07-21,606,standup,ABANDONED - NO STATEMENT OF USE FILED,Dead/Abandoned,False,,False
124,NEAR_1_DELETION,1,74437290,1842053,STAND UP!,1993-09-20,710,standup,CANCELLED - SECTION 8,Dead/Cancelled,False,,False
124,NEAR_1_DELETION,1,74399536,1820043,STAND UP,1993-06-09,710,standup,CANCELLED - SECTION 8,Dead/Cancelled,False,,False
124,NEAR_1_DELETION,1,74102169,,STAND UP,1990-10-01,606,standup,ABANDONED - NO STATEMENT OF USE FILED,Dead/Abandoned,False,,False
124,NEAR_1_DELETION,1,74049724,1635266,STAND-UP,1990-04-16,710,standup,CANCELLED - SECTION 8,Dead/Cancelled,False,,False
124,NEAR_1_DELETION,1,73501790,1336939,STAND UP,1984-10-01,710,standup,CANCELLED - SECTION 8,Dead/Cancelled,False,,False
125,EXACT,0,99539069,,MEASURE UP,2025-12-09,688,measureup,NOTICE OF ALLOWANCE - ISSUED,Live/Pending,True,028,False
125,EXACT,0,97891035,7617935,MEASURE UP,2023-04-17,700,measureup,REGISTERED,Live/Registered,True,040,False
125,EXACT,0,97891036,7617936,MEASURE UP,2023-04-17,700,measureup,REGISTERED,Live/Registered,True,"025,040",False
125,EXACT,0,87283457,5269834,MEASUREUP,2016-12-28,702,measureup,SECTION 8 & 15-ACCEPTED AND ACKNOWLEDGED,Live/Registered,True,035,True
125,EXACT,0,78903796,3317879,MEASURE UP,2006-06-08,800,measureup,REGISTERED AND RENEWED,Live/Registered,True,"035,042",True
125,EXACT,0,75541008,2291112,MEASUREUP,1998-08-21,800,measureup,REGISTERED AND RENEWED,Live/Registered,True,009,False
125,EXACT,0,97642862,,MEASUREUP,2022-10-21,604,measureup,ABANDONED - AFTER INTER-PARTES DECISION,Dead/Abandoned,False,,False
125,EXACT,0,85929177,4637943,MEASUREUP,2013-05-10,710,measureup,CANCELLED - SECTION 8,Dead/Cancelled,False,,False
125,EXACT,0,85622849,4306732,MEASUREUP,2012-05-11,711,measureup,CANCELLED - SECTION 7,Dead/Cancelled,False,,False
125,EXACT,0,77503642,,MEASURE UP!,2008-06-19,606,measureup,ABANDONED - NO STATEMENT OF USE FILED,Dead/Abandoned,False,021,True
125,EXACT,0,78973748,,MEASURE UP,2006-09-13,606,measureup,ABANDONED - NO STATEMENT OF USE FILED,Dead/Abandoned,False,041,False
125,EXACT,0,78927458,3909389,MEASURE UP,2006-07-12,710,measureup,CANCELLED - SECTION 8,Dead/Cancelled,False,,False
125,EXACT,0,76144333,,MEASURE UP,2000-10-11,606,measureup,ABANDONED - NO STATEMENT OF USE FILED,Dead/Abandoned,False,042,False
125,EXACT,0,75380718,2269767,MEASURE UP,1997-10-29,710,measureup,CANCELLED - SECTION 8,Dead/Cancelled,False,,False
125,EXACT,0,75025003,2071235,MEASURE UP,1995-11-28,710,measureup,CANCELLED - SECTION 8,Dead/Cancelled,False,,False
125,EXACT,0,74196661,,MEASUREUP,1991-08-21,601,measureup,ABANDONED - EXPRESS,Dead/Abandoned,False,,False
125,EXACT,0,73723358,1534236,MEASURE UP,1988-04-19,710,measureup,CANCELLED - SECTION 8,Dead/Cancelled,False,,False
125,EXACT,0,73608272,1428605,MEASURE UP!,1986-07-07,710,measureup,CANCELLED - SECTION 8,Dead/Cancelled,False,,False
125,EXACT,0,73586808,,MEASURE UP,1986-03-07,604,measureup,ABANDONED - AFTER INTER-PARTES DECISION,Dead/Abandoned,False,,False
125,EXACT,0,73439617,,MEASURE UP,1983-08-17,602,measureup,ABANDONED-FAILURE TO RESPOND OR LATE RESPONSE,Dead/Abandoned,False,,False
125,EXACT,0,73421274,1299983,MEASURE UP,1983-04-12,710,measureup,CANCELLED - SECTION 8,Dead/Cancelled,False,,False
125,EXACT,0,73221698,1193840,MEASURE UP,1979-06-29,710,measureup,CANCELLED - SECTION 8,Dead/Cancelled,False,,False
125,EXACT,0,73214503,1135859,MEASURE UP,1979-05-07,710,measureup,CANCELLED - SECTION 8,Dead/Cancelled,False,,False
125,NEAR_1_INSERTION,1,74550850,1916570,MEASURE-UPS,1994-07-18,710,measureups,CANCELLED - SECTION 8,Dead/Cancelled,False,,False
125,NEAR_1_INSERTION,1,74371542,1811966,MEASURE-UPS,1993-03-24,710,measureups,CANCELLED - SECTION 8,Dead/Cancelled,False,,False
126,EXACT,0,98760162,,MEASURED,2024-09-19,651,measured,SUSPENSION INQUIRY - MAILED,Live/Pending,True,020,False
126,EXACT,0,98760169,8173324,MEASURED,2024-09-19,700,measured,REGISTERED,Live/Registered,True,"011,035",True
126,EXACT,0,90527391,,MEASURED,2021-02-12,606,measured,ABANDONED - NO STATEMENT OF USE FILED,Dead/Abandoned,False,"035,041,042",True
126,EXACT,0,90527431,,MEASURED,2021-02-12,606,measured,ABANDONED - NO STATEMENT OF USE FILED,Dead/Abandoned,False,"035,041,042",True
126,EXACT,0,71571577,0525827,MEASURED,1949-01-03,900,measured,EXPIRED,Dead/Expired,False,,False
126,NEAR_1_INSERTION,1,98146483,7444971,MEASUREDU,2023-08-23,700,measuredu,REGISTERED,Live/Registered,True,"035,042",True
126,NEAR_1_INSERTION,1,98146502,7511956,MEASUREDU,2023-08-23,700,measuredu,REGISTERED,Live/Registered,True,"035,042",True
126,NEAR_1_SUBSTITUTION,1,98095554,,MEASURRD,2023-07-21,654,measurrd,REPORT COMPLETED SUSPENSION CHECK - CASE STILL SUSPENDED,Live/Pending,True,009,False
126,NEAR_1_DELETION,1,97448052,7184682,MEASUR'D,2022-06-08,700,measurd,REGISTERED,Live/Registered,True,035,True
126,NEAR_1_INSERTION,1,90691150,6722469,MEASUREOD,2021-05-05,700,measureod,REGISTERED,Live/Registered,True,009,False
126,NEAR_1_INSERTION,1,90482241,6580988,MEASURE2D,2021-01-22,700,measure2d,REGISTERED,Live/Registered,True,009,False
126,NEAR_1_SUBSTITUTION,1,88960044,6640198,MEASUREZ,2020-06-11,700,measurez,REGISTERED,Live/Registered,True,009,False
126,NEAR_1_SUBSTITUTION,1,87438396,5944571,MEASURES,2017-05-05,700,measures,REGISTERED,Live/Registered,True,009,False
126,NEAR_1_SUBSTITUTION,1,87438404,5955994,MEASURES,2017-05-05,700,measures,REGISTERED,Live/Registered,True,016,False
126,NEAR_1_SUBSTITUTION,1,87438415,5955995,MEASURES,2017-05-05,700,measures,REGISTERED,Live/Registered,True,041,False
126,NEAR_1_INSERTION,1,86749292,4910561,MEASUREOD,2015-09-07,800,measureod,REGISTERED AND RENEWED,Live/Registered,True,009,False
126,NEAR_1_SUBSTITUTION,1,85025000,3890048,MEASUREX,2010-04-28,800,measurex,REGISTERED AND RENEWED,Live/Registered,True,009,False
126,NEAR_1_SUBSTITUTION,1,76645040,3137707,MEASURE-X,2005-08-15,800,measurex,REGISTERED AND RENEWED,Live/Registered,True,009,False
126,NEAR_1_DELETION,1,74701907,2002672,MEASURE,1995-07-17,800,measure,REGISTERED AND RENEWED,Live/Registered,True,009,False
126,NEAR_1_DELETION,1,87104691,5164641,µMEASURE,2016-07-14,710,measure,CANCELLED - SECTION 8,Dead/Cancelled,False,,False
126,NEAR_1_DELETION,1,86914796,,MEASURE,2016-02-22,602,measure,ABANDONED-FAILURE TO RESPOND OR LATE RESPONSE,Dead/Abandoned,False,042,False
126,NEAR_1_DELETION,1,86909344,,MEASURE,2016-02-16,602,measure,ABANDONED-FAILURE TO RESPOND OR LATE RESPONSE,Dead/Abandoned,False,042,False
126,NEAR_1_SUBSTITUTION,1,86111137,,MEASURE 1,2013-11-05,602,measure1,ABANDONED-FAILURE TO RESPOND OR LATE RESPONSE,Dead/Abandoned,False,009,False
126,NEAR_1_DELETION,1,85717049,4978282,MEASURE,2012-08-30,710,measure,CANCELLED - SECTION 8,Dead/Cancelled,False,,False
126,NEAR_1_SUBSTITUTION,1,85707241,,MEASURE 1,2012-08-18,606,measure1,ABANDONED - NO STATEMENT OF USE FILED,Dead/Abandoned,False,009,False
126,NEAR_1_SUBSTITUTION,1,79092055,,MEASUREX,2010-10-29,402,measurex,IR CANCELLED; US APPLICATION ABANDONED,Dead/Abandoned,False,,False
126,NEAR_1_DELETION,1,77910444,,MEASURE,2010-01-12,606,measure,ABANDONED - NO STATEMENT OF USE FILED,Dead/Abandoned,False,035,True
126,NEAR_1_DELETION,1,77855651,,MEASURE,2009-10-23,606,measure,ABANDONED - NO STATEMENT OF USE FILED,Dead/Abandoned,False,005,True
126,NEAR_1_DELETION,1,77179105,,MEASURE,2007-05-11,602,measure,ABANDONED-FAILURE TO RESPOND OR LATE RESPONSE,Dead/Abandoned,False,010,True
126,NEAR_1_SUBSTITUTION,1,77068152,,MEASURES,2006-12-20,606,measures,ABANDONED - NO STATEMENT OF USE FILED,Dead/Abandoned,False,011,False
126,NEAR_1_SUBSTITUTION,1,76132032,2611701,MEASUREX,2000-09-14,710,measurex,CANCELLED - SECTION 8,Dead/Cancelled,False,,False
126,NEAR_1_DELETION,1,74558014,1921684,MEASURE +,1994-08-08,710,measure,CANCELLED - SECTION 8,Dead/Cancelled,False,,False
126,NEAR_1_SUBSTITUTION,1,73196322,1178893,MEASUREX,1978-12-11,710,measurex,CANCELLED - SECTION 8,Dead/Cancelled,False,,False
126,NEAR_1_DELETION,1,73093966,1070846,MEASURE,1976-07-19,710,measure,CANCELLED - SECTION 8,Dead/Cancelled,False,,False
126,NEAR_1_SUBSTITUTION,1,72323179,0937552,MEASUREX,1969-04-01,900,measurex,EXPIRED,Dead/Expired,False,,False
126,NEAR_1_SUBSTITUTION,1,72318076,0881236,MEASUREX,1969-01-31,900,measurex,EXPIRED,Dead/Expired,False,,False
128,EXACT,0,86692375,5019059,FULL MEASURE,2015-07-14,702,fullmeasure,SECTION 8 & 15-ACCEPTED AND ACKNOWLEDGED,Live/Registered,True,041,False
128,EXACT,0,86044253,4510325,FULL MEASURE,2013-08-21,800,fullmeasure,REGISTERED AND RENEWED,Live/Registered,True,001,False
128,EXACT,0,74407125,,FULL MEASURE,1993-06-29,602,fullmeasure,ABANDONED-FAILURE TO RESPOND OR LATE RESPONSE,Dead/Abandoned,False,,False
128,EXACT,0,72383813,0923302,FULL MEASURE,1971-02-16,900,fullmeasure,EXPIRED,Dead/Expired,False,,False
129,EXACT,0,99468678,,GOOD MEASURE,2025-10-29,641,goodmeasure,NON-FINAL ACTION - MAILED,Live/Pending,True,035,True
129,EXACT,0,88885847,6381756,GOOD MEASURE,2020-04-24,700,goodmeasure,REGISTERED,Live/Registered,True,029,False
129,EXACT,0,88424658,6420513,GOOD MEASURE,2019-05-10,700,goodmeasure,REGISTERED,Live/Registered,True,005,True
129,EXACT,0,87199483,5243045,GOOD MEASURE,2016-10-11,702,goodmeasure,SECTION 8 & 15-ACCEPTED AND ACKNOWLEDGED,Live/Registered,True,009,False
129,EXACT,0,87067381,5551322,GOODMEASURE,2016-06-10,702,goodmeasure,SECTION 8 & 15-ACCEPTED AND ACKNOWLEDGED,Live/Registered,True,042,False
129,EXACT,0,88886265,,GOOD MEASURE,2020-04-24,602,goodmeasure,ABANDONED-FAILURE TO RESPOND OR LATE RESPONSE,Dead/Abandoned,False,030,False
129,EXACT,0,88886286,,GOOD MEASURE,2020-04-24,606,goodmeasure,ABANDONED - NO STATEMENT OF USE FILED,Dead/Abandoned,False,032,False
129,EXACT,0,88886319,,GOOD MEASURE,2020-04-24,602,goodmeasure,ABANDONED-FAILURE TO RESPOND OR LATE RESPONSE,Dead/Abandoned,False,029,False
129,EXACT,0,88089520,,GOODMEASURE,2018-08-23,602,goodmeasure,ABANDONED-FAILURE TO RESPOND OR LATE RESPONSE,Dead/Abandoned,False,"035,042",True
129,EXACT,0,87867610,,GOOD MEASURE,2018-04-08,602,goodmeasure,ABANDONED-FAILURE TO RESPOND OR LATE RESPONSE,Dead/Abandoned,False,043,False
129,EXACT,0,85616348,4672135,GOOD MEASURE,2012-05-03,710,goodmeasure,CANCELLED - SECTION 8,Dead/Cancelled,False,,False
129,EXACT,0,77913296,3921849,GOOD MEASURE,2010-01-15,710,goodmeasure,CANCELLED - SECTION 8,Dead/Cancelled,False,,False
129,EXACT,0,77777800,,GOOD MEASURE,2009-07-09,606,goodmeasure,ABANDONED - NO STATEMENT OF USE FILED,Dead/Abandoned,False,005,True
129,EXACT,0,76563353,3268743,GOOD MEASURE,2003-12-04,710,goodmeasure,CANCELLED - SECTION 8,Dead/Cancelled,False,,False
129,EXACT,0,73574396,1414383,GOOD MEASURE,1985-12-20,710,goodmeasure,CANCELLED - SECTION 8,Dead/Cancelled,False,,False
129,EXACT,0,73566260,1394601,GOOD MEASURE,1985-11-01,710,goodmeasure,CANCELLED - SECTION 8,Dead/Cancelled,False,,False
129,EXACT,0,73484672,1361307,GOOD MEASURE,1984-06-11,710,goodmeasure,CANCELLED - SECTION 8,Dead/Cancelled,False,,False
129,EXACT,0,73463008,1308573,GOOD MEASURE,1984-01-30,710,goodmeasure,CANCELLED - SECTION 8,Dead/Cancelled,False,,False
129,EXACT,0,73436011,1287584,GOOD MEASURE,1983-07-25,710,goodmeasure,CANCELLED - SECTION 8,Dead/Cancelled,False,,False
129,EXACT,0,73297229,1217746,GOOD MEASURE,1981-02-17,710,goodmeasure,CANCELLED - SECTION 8,Dead/Cancelled,False,,False
129,EXACT,0,73297240,1177534,GOOD MEASURE,1981-02-17,710,goodmeasure,CANCELLED - SECTION 8,Dead/Cancelled,False,,False
129,EXACT,0,73297241,,GOOD MEASURE,1981-02-17,618,goodmeasure,ABANDONED FILE - BACKFILE,Dead/Abandoned,False,,False
129,EXACT,0,73297242,1228071,GOOD MEASURE,1981-02-17,710,goodmeasure,CANCELLED - SECTION 8,Dead/Cancelled,False,,False
129,EXACT,0,73297243,,GOOD MEASURE,1981-02-17,618,goodmeasure,ABANDONED FILE - BACKFILE,Dead/Abandoned,False,,False
129,EXACT,0,73297373,1217246,GOOD MEASURE,1981-02-17,710,goodmeasure,CANCELLED - SECTION 8,Dead/Cancelled,False,,False
129,EXACT,0,73297374,1235122,GOOD MEASURE,1981-02-17,710,goodmeasure,CANCELLED - SECTION 8,Dead/Cancelled,False,,False
129,EXACT,0,73297375,,GOOD MEASURE,1981-02-17,618,goodmeasure,ABANDONED FILE - BACKFILE,Dead/Abandoned,False,,False
129,EXACT,0,73297390,1178792,GOOD MEASURE,1981-02-17,710,goodmeasure,CANCELLED - SECTION 8,Dead/Cancelled,False,,False
129,EXACT,0,73297604,1180240,GOOD MEASURE,1981-02-17,710,goodmeasure,CANCELLED - SECTION 8,Dead/Cancelled,False,,False
129,EXACT,0,73297605,1229194,GOOD MEASURE,1981-02-17,710,goodmeasure,CANCELLED - SECTION 8,Dead/Cancelled,False,,False
129,EXACT,0,73272497,1164633,GOOD MEASURE,1980-07-31,710,goodmeasure,CANCELLED - SECTION 8,Dead/Cancelled,False,,False
129,EXACT,0,73246786,1163317,GOOD MEASURE,1980-01-18,710,goodmeasure,CANCELLED - SECTION 8,Dead/Cancelled,False,,False
129,EXACT,0,73230467,1169234,GOODMEASURE,1979-09-07,710,goodmeasure,CANCELLED - SECTION 8,Dead/Cancelled,False,,False
129,EXACT,0,72238258,0822060,GOOD MEASURE,1966-02-07,900,goodmeasure,EXPIRED,Dead/Expired,False,,False
129,EXACT,0,72237859,0822057,GOOD MEASURE,1966-02-02,900,goodmeasure,EXPIRED,Dead/Expired,False,,False
129,EXACT,0,72180667,0785317,GOOD MEASURE,1963-11-07,900,goodmeasure,EXPIRED,Dead/Expired,False,,False
129,EXACT,0,73297244,,GOOD MEASURE,,602,goodmeasure,ABANDONED-FAILURE TO RESPOND OR LATE RESPONSE,Dead/Abandoned,False,,False
129,EXACT,0,73297606,,GOOD MEASURE,,602,goodmeasure,ABANDONED-FAILURE TO RESPOND OR LATE RESPONSE,Dead/Abandoned,False,,False
129,NEAR_1_INSERTION,1,88654092,6053140,GOOD MEASURES,2019-10-14,700,goodmeasures,REGISTERED,Live/Registered,True,030,False
129,NEAR_1_INSERTION,1,85533224,4827300,GOOD MEASURES,2012-02-03,800,goodmeasures,REGISTERED AND RENEWED,Live/Registered,True,"009,043,044",True
129,NEAR_1_INSERTION,1,79392950,,GOOD MEASURES,2024-02-15,602,goodmeasures,ABANDONED-FAILURE TO RESPOND OR LATE RESPONSE,Dead/Abandoned,False,"035,042",True
129,NEAR_1_INSERTION,1,88885848,,4 GOOD MEASURE,2020-04-24,606,4goodmeasure,ABANDONED - NO STATEMENT OF USE FILED,Dead/Abandoned,False,029,False
129,NEAR_1_INSERTION,1,88886270,,4 GOOD MEASURE,2020-04-24,606,4goodmeasure,ABANDONED - NO STATEMENT OF USE FILED,Dead/Abandoned,False,030,False
129,NEAR_1_INSERTION,1,88886293,,4 GOOD MEASURE,2020-04-24,606,4goodmeasure,ABANDONED - NO STATEMENT OF USE FILED,Dead/Abandoned,False,032,False
129,NEAR_1_INSERTION,1,88886325,,4 GOOD MEASURE,2020-04-24,606,4goodmeasure,ABANDONED - NO STATEMENT OF USE FILED,Dead/Abandoned,False,029,False
129,NEAR_1_SUBSTITUTION,1,74608521,1939782,GOLD MEASURE,1994-12-08,710,goldmeasure,CANCELLED - SECTION 8,Dead/Cancelled,False,,False
129,NEAR_1_SUBSTITUTION,1,74001723,1655118,GOLD MEASURE,1989-11-16,710,goldmeasure,CANCELLED - SECTION 8,Dead/Cancelled,False,,False
130,EXACT,0,88360115,5924874,TRUE MEASURE,2019-03-28,702,truemeasure,SECTION 8 & 15-ACCEPTED AND ACKNOWLEDGED,Live/Registered,True,035,True
130,EXACT,0,88360116,5918747,TRUE MEASURE,2019-03-28,702,truemeasure,SECTION 8 & 15-ACCEPTED AND ACKNOWLEDGED,Live/Registered,True,041,False
130,EXACT,0,88360117,5895156,TRUE MEASURE,2019-03-28,702,truemeasure,SECTION 8 & 15-ACCEPTED AND ACKNOWLEDGED,Live/Registered,True,042,False
130,EXACT,0,88360118,5918748,TRUE MEASURE,2019-03-28,702,truemeasure,SECTION 8 & 15-ACCEPTED AND ACKNOWLEDGED,Live/Registered,True,044,True
130,EXACT,0,86705165,5046736,TRUE MEASURE,2015-07-27,701,truemeasure,SECTION 8-ACCEPTED,Live/Registered,True,036,False
130,EXACT,0,78025359,2580375,TRUEMEASURE,2000-09-11,800,truemeasure,REGISTERED AND RENEWED,Live/Registered,True,"005,010",True
130,EXACT,0,78611560,3150660,TRUE MEASURE,2005-04-19,710,truemeasure,CANCELLED - SECTION 8,Dead/Cancelled,False,,False
130,EXACT,0,78387589,,TRUE MEASURE,2004-03-19,606,truemeasure,ABANDONED - NO STATEMENT OF USE FILED,Dead/Abandoned,False,018,False
130,EXACT,0,78385344,3220510,TRUE MEASURE,2004-03-16,710,truemeasure,CANCELLED - SECTION 8,Dead/Cancelled,False,,False
130,EXACT,0,78385351,,TRUE MEASURE,2004-03-16,601,truemeasure,ABANDONED - EXPRESS,Dead/Abandoned,False,045,False
130,EXACT,0,78295784,3012907,TRUE MEASURE,2003-09-03,710,truemeasure,CANCELLED - SECTION 8,Dead/Cancelled,False,,False
130,EXACT,0,78032010,,TRUE MEASURE,2000-10-24,614,truemeasure,ABANDONED PETITION TO REVIVE-DENIED,Dead/Abandoned,False,009,False
130,EXACT,0,75574777,2295965,TRUE-MEASURE,1998-10-22,710,truemeasure,CANCELLED - SECTION 8,Dead/Cancelled,False,,False
130,EXACT,0,74492978,1888427,TRUE MEASURE,1994-02-22,710,truemeasure,CANCELLED - SECTION 8,Dead/Cancelled,False,,False
130,NEAR_1_DELETION,1,86001971,4532370,TRU MEASURE,2013-07-03,710,trumeasure,CANCELLED - SECTION 8,Dead/Cancelled,False,,False
130,NEAR_1_DELETION,1,74125347,1717609,TRU-MEASURE,1990-12-21,710,trumeasure,CANCELLED - SECTION 8,Dead/Cancelled,False,,False
130,NEAR_1_DELETION,1,73334357,1254378,TRUMEASURE,1981-10-26,710,trumeasure,CANCELLED - SECTION 8,Dead/Cancelled,False,,False
131,NEAR_1_DELETION,1,99820543,,ROOFFIRST,2026-05-13,630,rooffirst,NEW APPLICATION - RECORD INITIALIZED NOT ASSIGNED TO EXAMINER,Live/Pending,True,017,False
132,NEAR_1_DELETION,1,98310995,,PAINPROOF,2023-12-12,606,painproof,ABANDONED - NO STATEMENT OF USE FILED,Dead/Abandoned,False,035,True
132,NEAR_1_DELETION,1,90858849,,PLANPROOF,2021-07-30,606,planproof,ABANDONED - NO STATEMENT OF USE FILED,Dead/Abandoned,False,"009,042",False
133,EXACT,0,78081935,2616066,OPENPROOF,2001-08-30,710,openproof,CANCELLED - SECTION 8,Dead/Cancelled,False,,False
135,EXACT,0,88025744,5680389,PROOF POSITIVE,2018-07-04,702,proofpositive,SECTION 8 & 15-ACCEPTED AND ACKNOWLEDGED,Live/Registered,True,009,False
135,EXACT,0,87027919,5104647,PROOF-POSITIVE,2016-05-06,702,proofpositive,SECTION 8 & 15-ACCEPTED AND ACKNOWLEDGED,Live/Registered,True,013,False
135,EXACT,0,85318822,4074071,PROOF POSITIVE,2011-05-12,800,proofpositive,REGISTERED AND RENEWED,Live/Registered,True,"009,045",False
135,EXACT,0,87046701,,PROOF POSITIVE,2016-05-23,606,proofpositive,ABANDONED - NO STATEMENT OF USE FILED,Dead/Abandoned,False,016,False
135,EXACT,0,86052901,4557520,PROOFPOSITIVE,2013-08-30,710,proofpositive,CANCELLED - SECTION 8,Dead/Cancelled,False,,False
135,EXACT,0,85025443,3909439,PROOF POSITIVE,2010-04-28,710,proofpositive,CANCELLED - SECTION 8,Dead/Cancelled,False,,False
135,EXACT,0,77250316,3417632,PROOF POSITIVE,2007-08-08,710,proofpositive,CANCELLED - SECTION 8,Dead/Cancelled,False,,False
135,EXACT,0,77250349,3417633,PROOF POSITIVE,2007-08-08,710,proofpositive,CANCELLED - SECTION 8,Dead/Cancelled,False,,False
135,EXACT,0,78414530,,PROOF POSITIVE,2004-05-06,602,proofpositive,ABANDONED-FAILURE TO RESPOND OR LATE RESPONSE,Dead/Abandoned,False,035,True
135,EXACT,0,78352716,2984182,PROOF POSITIVE,2004-01-15,710,proofpositive,CANCELLED - SECTION 8,Dead/Cancelled,False,,False
135,EXACT,0,76530739,2839975,PROOF POSITIVE,2003-07-14,710,proofpositive,CANCELLED - SECTION 8,Dead/Cancelled,False,,False
135,EXACT,0,76487617,3090619,PROOF POSITIVE,2003-02-05,710,proofpositive,CANCELLED - SECTION 8,Dead/Cancelled,False,,False
135,EXACT,0,76432908,,PROOF POSITIVE,2002-07-09,606,proofpositive,ABANDONED - NO STATEMENT OF USE FILED,Dead/Abandoned,False,005,True
135,EXACT,0,76366381,,PROOF POSITIVE,2002-02-04,602,proofpositive,ABANDONED-FAILURE TO RESPOND OR LATE RESPONSE,Dead/Abandoned,False,036,False
135,EXACT,0,76203695,,PROOF POSITIVE,2001-02-01,606,proofpositive,ABANDONED - NO STATEMENT OF USE FILED,Dead/Abandoned,False,016,False
135,EXACT,0,76020831,,PROOF POSITIVE,2000-04-06,606,proofpositive,ABANDONED - NO STATEMENT OF USE FILED,Dead/Abandoned,False,"009,016",False
135,EXACT,0,74448273,1852634,PROOF POSITIVE,1993-10-18,710,proofpositive,CANCELLED - SECTION 8,Dead/Cancelled,False,,False
135,EXACT,0,74432849,1904152,PROOFPOSITIVE,1993-09-07,710,proofpositive,CANCELLED - SECTION 8,Dead/Cancelled,False,,False
135,EXACT,0,74424524,1854892,PROOF POSITIVE,1993-08-16,710,proofpositive,CANCELLED - SECTION 8,Dead/Cancelled,False,,False
135,EXACT,0,74409503,,PROOF POSITIVE,1993-07-06,602,proofpositive,ABANDONED-FAILURE TO RESPOND OR LATE RESPONSE,Dead/Abandoned,False,,False
135,EXACT,0,74385820,1848348,PROOF POSITIVE,1993-05-03,710,proofpositive,CANCELLED - SECTION 8,Dead/Cancelled,False,,False
135,EXACT,0,74185173,1783276,PROOF POSITIVE,1991-07-15,710,proofpositive,CANCELLED - SECTION 8,Dead/Cancelled,False,,False
135,EXACT,0,73547590,1411928,PROOF POSITIVE,1985-07-12,710,proofpositive,CANCELLED - SECTION 8,Dead/Cancelled,False,,False
135,EXACT,0,73443700,,PROOF POSITIVE,1983-09-14,602,proofpositive,ABANDONED-FAILURE TO RESPOND OR LATE RESPONSE,Dead/Abandoned,False,,False
135,EXACT,0,73356938,1256675,PROOF POSITIVE,1982-03-29,710,proofpositive,CANCELLED - SECTION 8,Dead/Cancelled,False,,False
135,NEAR_1_DELETION,1,88748074,,ROOF POSITIVE,2020-01-06,606,roofpositive,ABANDONED - NO STATEMENT OF USE FILED,Dead/Abandoned,False,037,False
136,EXACT,0,99098029,8132940,PROOFPOINT,2025-03-21,700,proofpoint,REGISTERED,Live/Registered,True,"009,041,042",False
136,EXACT,0,88805698,6449737,PROOF POINT,2020-02-21,700,proofpoint,REGISTERED,Live/Registered,True,033,False
136,EXACT,0,87723503,5636293,PROOFPOINT,2017-12-16,702,proofpoint,SECTION 8 & 15-ACCEPTED AND ACKNOWLEDGED,Live/Registered,True,"009,042",False
136,EXACT,0,78277198,2988946,PROOFPOINT>,2003-07-22,710,proofpoint,CANCELLED - SECTION 8,Dead/Cancelled,False,,False
136,EXACT,0,78026772,,PROOFPOINT,2000-09-20,602,proofpoint,ABANDONED-FAILURE TO RESPOND OR LATE RESPONSE,Dead/Abandoned,False,"038,042",False
136,NEAR_1_INSERTION,1,99434059,,PROOF POINTS,2025-10-09,602,proofpoints,ABANDONED-FAILURE TO RESPOND OR LATE RESPONSE,Dead/Abandoned,False,"009,035",True
136,NEAR_1_DELETION,1,85504241,4498558,ROOFPOINT,2011-12-27,710,roofpoint,CANCELLED - SECTION 8,Dead/Cancelled,False,,False
140,NEAR_1_SUBSTITUTION,1,99648069,,JUST A ROOF,2026-02-11,686,justaroof,PUBLISHED FOR OPPOSITION,Live/Pending,True,037,False
140,NEAR_1_SUBSTITUTION,1,87322630,,DUSTPROOF,2017-02-02,606,dustproof,ABANDONED - NO STATEMENT OF USE FILED,Dead/Abandoned,False,001,False
140,NEAR_1_DELETION,1,77559208,3641098,JUST ROOF,2008-08-29,710,justroof,CANCELLED - SECTION 8,Dead/Cancelled,False,,False
141,EXACT,0,97550937,6996810,CHECKABLE,2022-08-16,700,checkable,REGISTERED,Live/Registered,True,005,True
141,EXACT,0,90349313,7213700,CHECKABLE,2020-11-30,700,checkable,REGISTERED,Live/Registered,True,"009,044",True
141,EXACT,0,98040688,,CHECKABLE,2023-06-13,606,checkable,ABANDONED - NO STATEMENT OF USE FILED,Dead/Abandoned,False,005,True
141,NEAR_1_DELETION,1,98092474,7478884,CHEKABLE,2023-07-19,700,chekable,REGISTERED,Live/Registered,True,042,False
142,EXACT,0,88687099,6725330,VERIFIABLE,2019-11-11,700,verifiable,REGISTERED,Live/Registered,True,"035,042",True
142,EXACT,0,88053711,,VERIFIABLE,2018-07-26,606,verifiable,ABANDONED - NO STATEMENT OF USE FILED,Dead/Abandoned,False,035,True
142,EXACT,0,88053715,,VERIFIABLE,2018-07-26,606,verifiable,ABANDONED - NO STATEMENT OF USE FILED,Dead/Abandoned,False,035,True
143,EXACT,0,99407592,,ACCOUNTABLE,2025-09-23,688,accountable,NOTICE OF ALLOWANCE - ISSUED,Live/Pending,True,"009,042",False
143,EXACT,0,88898846,6255214,ACCOUNTABLE,2020-05-03,700,accountable,REGISTERED,Live/Registered,True,035,True
143,EXACT,0,88898847,,ACCOUNTABLE,2020-05-03,602,accountable,ABANDONED-FAILURE TO RESPOND OR LATE RESPONSE,Dead/Abandoned,False,035,True
143,EXACT,0,75713892,,ACCOUNTABLE,1999-05-25,606,accountable,ABANDONED - NO STATEMENT OF USE FILED,Dead/Abandoned,False,00B,False
143,NEAR_1_INSERTION,1,98669362,7762020,EACCOUNTABLE,2024-07-26,700,eaccountable,REGISTERED,Live/Registered,True,035,True
143,NEAR_1_INSERTION,1,75036546,2100809,ACCOUNTABLES,1995-12-26,800,accountables,REGISTERED AND RENEWED,Live/Registered,True,"035,036",True
143,NEAR_1_SUBSTITUTION,1,88405026,5902627,ACCOUNTABLY,2019-04-26,710,accountably,CANCELLED - SECTION 8,Dead/Cancelled,False,,False
143,NEAR_1_INSERTION,1,85220167,,IACCOUNTABLE,2011-01-18,606,iaccountable,ABANDONED - NO STATEMENT OF USE FILED,Dead/Abandoned,False,009,False
143,NEAR_1_SUBSTITUTION,1,77773107,3749220,ECCOUNTABLE,2009-07-02,710,eccountable,CANCELLED - SECTION 8,Dead/Cancelled,False,,False
143,NEAR_1_SUBSTITUTION,1,78028791,2494509,ECCOUNTABLE,2000-10-03,710,eccountable,CANCELLED - SECTION 8,Dead/Cancelled,False,,False
144,EXACT,0,99492907,,RECEIPTS,2025-11-12,661,receipts,RESPONSE AFTER NON-FINAL ACTION - ENTERED,Live/Pending,True,009,False
144,EXACT,0,90821188,6622703,RECEIPTS,2021-07-10,700,receipts,REGISTERED,Live/Registered,True,025,False
144,EXACT,0,90301921,6534833,RECEIPTS,2020-11-05,700,receipts,REGISTERED,Live/Registered,True,003,True
144,EXACT,0,85609961,4219775,RECEIPTS,2012-04-27,710,receipts,CANCELLED - SECTION 8,Dead/Cancelled,False,,False
144,NEAR_1_SUBSTITUTION,1,99378010,,RECEIPTY,2025-09-05,688,receipty,NOTICE OF ALLOWANCE - ISSUED,Live/Pending,True,"009,042",False
144,NEAR_1_SUBSTITUTION,1,86443395,,MECEIPTS,2014-11-03,606,meceipts,ABANDONED - NO STATEMENT OF USE FILED,Dead/Abandoned,False,042,False
144,NEAR_1_INSERTION,1,85506513,4294497,ERECEIPTS,2011-12-30,710,ereceipts,CANCELLED - SECTION 8,Dead/Cancelled,False,,False
144,NEAR_1_INSERTION,1,85449321,,IRECEIPTS,2011-10-17,602,ireceipts,ABANDONED-FAILURE TO RESPOND OR LATE RESPONSE,Dead/Abandoned,False,"009,042",False
144,NEAR_1_INSERTION,1,75725204,,E-RECEIPTS,1999-07-02,602,ereceipts,ABANDONED-FAILURE TO RESPOND OR LATE RESPONSE,Dead/Abandoned,False,042,False
144,NEAR_1_INSERTION,1,75572171,,ERECEIPTS,1998-10-16,606,ereceipts,ABANDONED - NO STATEMENT OF USE FILED,Dead/Abandoned,False,"009,038,039",False
146,NEAR_1_DELETION,1,88069784,6701825,FULLY BAKED,2018-08-08,700,fullybaked,REGISTERED,Live/Registered,True,"025,029,030",False
146,NEAR_1_DELETION,1,87470904,5591236,FULLY BAKED,2017-05-31,710,fullybaked,CANCELLED - SECTION 8,Dead/Cancelled,False,,False
146,NEAR_1_DELETION,1,85150072,4047992,FULLY BAKED,2010-10-11,710,fullybaked,CANCELLED - SECTION 8,Dead/Cancelled,False,,False
147,EXACT,0,99735995,,BACK IT UP.,2026-03-31,630,backitup,NEW APPLICATION - RECORD INITIALIZED NOT ASSIGNED TO EXAMINER,Live/Pending,True,025,False
147,EXACT,0,88550955,6660136,BACK IT UP,2019-07-30,700,backitup,REGISTERED,Live/Registered,True,003,True
147,EXACT,0,97848493,,BACKITUP,2023-03-21,606,backitup,ABANDONED - NO STATEMENT OF USE FILED,Dead/Abandoned,False,"025,042",False
147,EXACT,0,87543423,,BACKITUP,2017-07-26,602,backitup,ABANDONED-FAILURE TO RESPOND OR LATE RESPONSE,Dead/Abandoned,False,"007,009",False
147,EXACT,0,85714915,4729815,BACK IT UP!,2012-08-28,710,backitup,CANCELLED - SECTION 8,Dead/Cancelled,False,,False
147,EXACT,0,77864663,,BACK IT UP,2009-11-04,606,backitup,ABANDONED - NO STATEMENT OF USE FILED,Dead/Abandoned,False,025,False
147,EXACT,0,78288706,2961165,BACK IT UP,2003-08-18,710,backitup,CANCELLED - SECTION 8,Dead/Cancelled,False,,False
147,NEAR_1_SUBSTITUTION,1,99505720,,PACK IT UP,2025-11-19,653,packitup,SUSPENSION LETTER - MAILED,Live/Pending,True,"020,021",True
147,NEAR_1_SUBSTITUTION,1,99505745,,PACK-IT-UP,2025-11-19,661,packitup,RESPONSE AFTER NON-FINAL ACTION - ENTERED,Live/Pending,True,"020,021",True
147,NEAR_1_INSERTION,1,97783821,7315384,BLACK IT UP,2023-02-07,700,blackitup,REGISTERED,Live/Registered,True,025,False
147,NEAR_1_SUBSTITUTION,1,77402038,3671569,RACK IT UP!,2008-02-20,800,rackitup,REGISTERED AND RENEWED,Live/Registered,True,020,False
147,NEAR_1_SUBSTITUTION,1,98580595,,RACK-IT-UP,2024-06-02,602,rackitup,ABANDONED-FAILURE TO RESPOND OR LATE RESPONSE,Dead/Abandoned,False,020,False
147,NEAR_1_SUBSTITUTION,1,97498155,,BACH IT UP,2022-07-11,606,bachitup,ABANDONED - NO STATEMENT OF USE FILED,Dead/Abandoned,False,041,False
147,NEAR_1_SUBSTITUTION,1,88625101,,RACK IT UP,2019-09-20,605,rackitup,ABANDONED EXPRESS AFTER PUB,Dead/Abandoned,False,,False
147,NEAR_1_SUBSTITUTION,1,87511571,,PACKITUP,2017-06-29,602,packitup,ABANDONED-FAILURE TO RESPOND OR LATE RESPONSE,Dead/Abandoned,False,"017,039,042",False
147,NEAR_1_INSERTION,1,86627970,4952949,BLACK IT UP,2015-05-13,710,blackitup,CANCELLED - SECTION 8,Dead/Cancelled,False,,False
147,NEAR_1_INSERTION,1,86165446,4658617,B BACK IT UP!,2014-01-14,710,bbackitup,CANCELLED - SECTION 8,Dead/Cancelled,False,,False
147,NEAR_1_SUBSTITUTION,1,85802128,4423101,RACK IT UP,2012-12-13,710,rackitup,CANCELLED - SECTION 8,Dead/Cancelled,False,,False
147,NEAR_1_SUBSTITUTION,1,85421839,4313940,RACK-IT-UP,2011-09-13,710,rackitup,CANCELLED - SECTION 8,Dead/Cancelled,False,,False
147,NEAR_1_SUBSTITUTION,1,77492750,,BARK IT UP,2008-06-06,606,barkitup,ABANDONED - NO STATEMENT OF USE FILED,Dead/Abandoned,False,035,True
147,NEAR_1_SUBSTITUTION,1,77058262,,JACK IT UP,2006-12-06,606,jackitup,ABANDONED - NO STATEMENT OF USE FILED,Dead/Abandoned,False,025,False
147,NEAR_1_SUBSTITUTION,1,78255832,3107514,PACK IT UP!,2003-05-29,710,packitup,CANCELLED - SECTION 8,Dead/Cancelled,False,,False
147,NEAR_1_INSERTION,1,78105220,,"""BRACK-IT-UP!""",2002-01-28,614,brackitup,ABANDONED PETITION TO REVIVE-DENIED,Dead/Abandoned,False,006,False
147,NEAR_1_SUBSTITUTION,1,76248954,,JACK IT UP,2001-04-30,606,jackitup,ABANDONED - NO STATEMENT OF USE FILED,Dead/Abandoned,False,042,False
147,NEAR_1_SUBSTITUTION,1,75270635,,JACK IT UP,1997-04-01,606,jackitup,ABANDONED - NO STATEMENT OF USE FILED,Dead/Abandoned,False,"003,009,025",True
149,EXACT,0,99849038,,GROUNDTRUTH,2026-05-27,630,groundtruth,NEW APPLICATION - RECORD INITIALIZED NOT ASSIGNED TO EXAMINER,Live/Pending,True,042,False
149,EXACT,0,99458318,,GROUNDTRUTH,2025-10-23,641,groundtruth,NON-FINAL ACTION - MAILED,Live/Pending,True,045,False
149,EXACT,0,99400196,,GROUND TRUTH,2025-09-18,686,groundtruth,PUBLISHED FOR OPPOSITION,Live/Pending,True,"035,036",True
149,EXACT,0,99291083,,GROUND TRUTH,2025-07-18,641,groundtruth,NON-FINAL ACTION - MAILED,Live/Pending,True,"009,042,045",False
149,EXACT,0,97782781,,GROUND-TRUTH,2023-02-06,732,groundtruth,THIRD EXTENSION - GRANTED,Live/Pending,True,"009,042",False
149,EXACT,0,79241693,5876307,GROUNDTRUTH,2018-07-11,708,groundtruth,PARTIAL SECTION 71 & 15 ACCEPTED AND ACKNOWLEDGED,Live/Registered,True,"009,018,035,042",True
149,EXACT,0,87610005,5671156,GROUNDTRUTH,2017-09-15,702,groundtruth,SECTION 8 & 15-ACCEPTED AND ACKNOWLEDGED,Live/Registered,True,042,False
149,EXACT,0,87979566,5676750,GROUNDTRUTH,2017-09-15,702,groundtruth,SECTION 8 & 15-ACCEPTED AND ACKNOWLEDGED,Live/Registered,True,035,True
149,EXACT,0,87511649,6130674,GROUNDTRUTH,2017-06-29,702,groundtruth,SECTION 8 & 15-ACCEPTED AND ACKNOWLEDGED,Live/Registered,True,035,True
149,EXACT,0,87511652,5671080,GROUNDTRUTH,2017-06-29,702,groundtruth,SECTION 8 & 15-ACCEPTED AND ACKNOWLEDGED,Live/Registered,True,042,False
149,EXACT,0,87979433,5671601,GROUNDTRUTH,2017-06-29,702,groundtruth,SECTION 8 & 15-ACCEPTED AND ACKNOWLEDGED,Live/Registered,True,035,True
149,EXACT,0,85801291,4524259,GROUNDTRUTH,2012-12-12,800,groundtruth,REGISTERED AND RENEWED,Live/Registered,True,"041,042,045",False
149,EXACT,0,77475371,3864937,GROUNDTRUTH,2008-05-15,800,groundtruth,REGISTERED AND RENEWED,Live/Registered,True,035,True
149,EXACT,0,97530916,,GROUND TRUTH,2022-08-02,602,groundtruth,ABANDONED-FAILURE TO RESPOND OR LATE RESPONSE,Dead/Abandoned,False,042,False
149,EXACT,0,90257093,,GROUND TRUTH,2020-10-15,603,groundtruth,ABANDONED - AFTER EX PARTE APPEAL,Dead/Abandoned,False,041,False
149,EXACT,0,88814288,,GROUND TRUTH,2020-02-28,603,groundtruth,ABANDONED - AFTER EX PARTE APPEAL,Dead/Abandoned,False,041,False
149,EXACT,0,86087462,5032248,GROUND TRUTH,2013-10-09,710,groundtruth,CANCELLED - SECTION 8,Dead/Cancelled,False,,False
149,EXACT,0,86015234,4741601,GROUND TRUTH,2013-07-19,710,groundtruth,CANCELLED - SECTION 8,Dead/Cancelled,False,,False
149,EXACT,0,85768786,4496918,GROUNDTRUTH,2012-11-01,710,groundtruth,CANCELLED - SECTION 8,Dead/Cancelled,False,,False
149,EXACT,0,85240609,,GROUND TRUTH,2011-02-11,602,groundtruth,ABANDONED-FAILURE TO RESPOND OR LATE RESPONSE,Dead/Abandoned,False,042,False
149,EXACT,0,85132431,,GROUNDTRUTH,2010-09-17,602,groundtruth,ABANDONED-FAILURE TO RESPOND OR LATE RESPONSE,Dead/Abandoned,False,009,False
149,EXACT,0,77275482,,GROUND TRUTH,2007-09-10,602,groundtruth,ABANDONED-FAILURE TO RESPOND OR LATE RESPONSE,Dead/Abandoned,False,016,False
149,EXACT,0,74675140,1976443,GROUND TRUTH,1995-05-16,710,groundtruth,CANCELLED - SECTION 8,Dead/Cancelled,False,,False
149,EXACT,0,74455446,,GROUND TRUTH,1993-11-04,602,groundtruth,ABANDONED-FAILURE TO RESPOND OR LATE RESPONSE,Dead/Abandoned,False,,False
149,EXACT,0,74314622,1771425,GROUND TRUTH,1992-09-17,710,groundtruth,CANCELLED - SECTION 8,Dead/Cancelled,False,,False
149,NEAR_1_INSERTION,1,87610004,6130690,G GROUNDTRUTH,2017-09-15,702,ggroundtruth,SECTION 8 & 15-ACCEPTED AND ACKNOWLEDGED,Live/Registered,True,035,True
149,NEAR_1_INSERTION,1,87610008,6266962,G GROUNDTRUTH,2017-09-15,700,ggroundtruth,REGISTERED,Live/Registered,True,035,True
149,NEAR_1_INSERTION,1,87610010,5840263,G GROUNDTRUTH,2017-09-15,702,ggroundtruth,SECTION 8 & 15-ACCEPTED AND ACKNOWLEDGED,Live/Registered,True,042,False
150,EXACT,0,99373151,,FIRST PRINCIPLES,2025-09-03,688,firstprinciples,NOTICE OF ALLOWANCE - ISSUED,Live/Pending,True,025,False
150,EXACT,0,99033077,8209722,FIRST PRINCIPLES,2025-02-07,700,firstprinciples,REGISTERED,Live/Registered,True,"041,042",False
150,EXACT,0,99033083,,FIRST PRINCIPLES,2025-02-07,688,firstprinciples,NOTICE OF ALLOWANCE - ISSUED,Live/Pending,True,"036,042",False
150,EXACT,0,97925077,7453980,FIRSTPRINCIPLES,2023-05-08,700,firstprinciples,REGISTERED,Live/Registered,True,035,True
150,EXACT,0,97257435,7153828,FIRSTPRINCIPLES,2022-02-08,700,firstprinciples,REGISTERED,Live/Registered,True,"035,042",True
150,EXACT,0,88710676,6464340,FIRST PRINCIPLES,2019-11-29,700,firstprinciples,REGISTERED,Live/Registered,True,041,False
150,EXACT,0,88323942,6701895,FIRST PRINCIPLES,2019-03-04,700,firstprinciples,REGISTERED,Live/Registered,True,041,False
150,EXACT,0,88735754,,FIRST PRINCIPLES,2019-12-20,606,firstprinciples,ABANDONED - NO STATEMENT OF USE FILED,Dead/Abandoned,False,036,False
150,EXACT,0,78542696,,FIRST PRINCIPLES,2005-01-05,601,firstprinciples,ABANDONED - EXPRESS,Dead/Abandoned,False,036,False
151,EXACT,0,98474991,,SOURCE FIRST,2024-03-29,731,sourcefirst,SECOND EXTENSION - GRANTED,Live/Pending,True,045,False
151,EXACT,0,90248197,6680539,SOURCEFIRST,2020-10-12,700,sourcefirst,REGISTERED,Live/Registered,True,"038,042",False
151,EXACT,0,87938365,,SOURCEFIRST,2018-05-28,605,sourcefirst,ABANDONED EXPRESS AFTER PUB,Dead/Abandoned,False,,False
152,EXACT,0,88594242,6412008,FULL SOURCE,2019-08-27,700,fullsource,REGISTERED,Live/Registered,True,031,False
152,EXACT,0,87771717,5564863,FULL SOURCE,2018-01-26,702,fullsource,SECTION 8 & 15-ACCEPTED AND ACKNOWLEDGED,Live/Registered,True,035,True
152,EXACT,0,87771856,5550663,FULL SOURCE,2018-01-26,702,fullsource,SECTION 8 & 15-ACCEPTED AND ACKNOWLEDGED,Live/Registered,True,009,False
152,EXACT,0,87771892,5564873,FULL SOURCE,2018-01-26,702,fullsource,SECTION 8 & 15-ACCEPTED AND ACKNOWLEDGED,Live/Registered,True,035,True
152,EXACT,0,87771916,5550668,FULL SOURCE,2018-01-26,702,fullsource,SECTION 8 & 15-ACCEPTED AND ACKNOWLEDGED,Live/Registered,True,009,False
152,EXACT,0,85077053,3919772,FULL SOURCE,2010-07-02,710,fullsource,CANCELLED - SECTION 8,Dead/Cancelled,False,,False
152,EXACT,0,76207609,,FULLSOURCE,2001-02-08,606,fullsource,ABANDONED - NO STATEMENT OF USE FILED,Dead/Abandoned,False,009,False
153,EXACT,0,75234675,2134291,SHOWSOURCE,1997-01-31,710,showsource,CANCELLED - SECTION 8,Dead/Cancelled,False,,False
153,NEAR_1_SUBSTITUTION,1,99313298,8175187,SHOPSOURCE,2025-07-31,700,shopsource,REGISTERED,Live/Registered,True,"018,028",False
153,NEAR_1_SUBSTITUTION,1,97057464,6713450,SHOPSOURCE,2021-10-03,700,shopsource,REGISTERED,Live/Registered,True,020,False
153,NEAR_1_SUBSTITUTION,1,76033255,2764694,SHOP SOURCE,2000-04-20,710,shopsource,CANCELLED - SECTION 8,Dead/Cancelled,False,,False
153,NEAR_1_SUBSTITUTION,1,76975242,2733300,SHOP SOURCE,2000-04-20,710,shopsource,CANCELLED - SECTION 8,Dead/Cancelled,False,,False
153,NEAR_1_SUBSTITUTION,1,73176707,1135344,SHOESOURCE,1978-06-30,710,shoesource,CANCELLED - SECTION 8,Dead/Cancelled,False,,False
154,NEAR_1_SUBSTITUTION,1,99577923,,BITE THIS,2026-01-05,641,bitethis,NON-FINAL ACTION - MAILED,Live/Pending,True,"030,035",True
154,NEAR_1_SUBSTITUTION,1,88950413,6721042,BITE THIS!,2020-06-05,700,bitethis,REGISTERED,Live/Registered,True,"025,041",False
154,NEAR_1_SUBSTITUTION,1,85897681,4881928,CUTE THIS,2013-04-08,800,cutethis,REGISTERED AND RENEWED,Live/Registered,True,035,True
154,NEAR_1_SUBSTITUTION,1,88337719,5862419,BITE THIS,2019-03-13,710,bitethis,CANCELLED - SECTION 8,Dead/Cancelled,False,,False
154,NEAR_1_SUBSTITUTION,1,87860559,,BITE THIS,2018-04-03,606,bitethis,ABANDONED - NO STATEMENT OF USE FILED,Dead/Abandoned,False,041,False
154,NEAR_1_SUBSTITUTION,1,85684166,,BITE THIS,2012-07-23,602,bitethis,ABANDONED-FAILURE TO RESPOND OR LATE RESPONSE,Dead/Abandoned,False,"025,043",False
154,NEAR_1_SUBSTITUTION,1,76684811,3470129,BITETHIS,2007-12-10,710,bitethis,CANCELLED - SECTION 8,Dead/Cancelled,False,,False
154,NEAR_1_SUBSTITUTION,1,77346399,3522248,BITE THIS,2007-12-07,710,bitethis,CANCELLED - SECTION 8,Dead/Cancelled,False,,False
154,NEAR_1_SUBSTITUTION,1,78904833,,BITE THIS,2006-06-09,606,bitethis,ABANDONED - NO STATEMENT OF USE FILED,Dead/Abandoned,False,039,False
154,NEAR_1_SUBSTITUTION,1,78901855,,BITE THIS,2006-06-06,606,bitethis,ABANDONED - NO STATEMENT OF USE FILED,Dead/Abandoned,False,025,False
154,NEAR_1_SUBSTITUTION,1,76535539,,BITE THIS!,2003-07-24,606,bitethis,ABANDONED - NO STATEMENT OF USE FILED,Dead/Abandoned,False,016,False
154,NEAR_1_SUBSTITUTION,1,78127023,,BITE THIS!,2002-05-08,602,bitethis,ABANDONED-FAILURE TO RESPOND OR LATE RESPONSE,Dead/Abandoned,False,"025,028",False
155,EXACT,0,99546219,,CITED,2025-12-13,641,cited,NON-FINAL ACTION - MAILED,Live/Pending,True,042,False
155,NEAR_1_SUBSTITUTION,1,99427118,8251530,CITAD,2025-10-03,700,citad,REGISTERED,Live/Registered,True,041,False
155,NEAR_1_DELETION,1,98848470,7867549,CITE,2024-11-12,700,cite,REGISTERED,Live/Registered,True,045,False
155,NEAR_1_SUBSTITUTION,1,98745075,,CPTED,2024-09-11,694,cpted,WITHDRAWN BEFORE ISSUE,Live/Pending,True,00B,False
155,NEAR_1_SUBSTITUTION,1,79369946,7464577,CITEF,2023-04-18,700,citef,REGISTERED,Live/Registered,True,009,False
155,NEAR_1_SUBSTITUTION,1,79312452,7014495,CYTED,2021-03-22,700,cyted,REGISTERED,Live/Registered,True,"009,010,042,044",True
155,NEAR_1_DELETION,1,88934208,6226771,CITÉ,2020-05-26,701,cite,SECTION 8-ACCEPTED,Live/Registered,True,"003,008,021",True
155,NEAR_1_SUBSTITUTION,1,88791905,6140904,CI TEA,2020-02-10,700,citea,REGISTERED,Live/Registered,True,021,True
155,NEAR_1_SUBSTITUTION,1,79289110,6430500,CINE D,2019-12-19,700,cined,REGISTERED,Live/Registered,True,"009,038,041",False
155,NEAR_1_SUBSTITUTION,1,88629157,6036931,CITEA,2019-09-24,700,citea,REGISTERED,Live/Registered,True,043,False
155,NEAR_1_INSERTION,1,88518557,5972853,CITLED,2019-07-17,700,citled,REGISTERED,Live/Registered,True,014,False
155,NEAR_1_SUBSTITUTION,1,79262415,6109869,CITEL,2019-05-23,700,citel,REGISTERED,Live/Registered,True,009,False
155,NEAR_1_SUBSTITUTION,1,87582091,5432648,CITER,2017-08-24,702,citer,SECTION 8 & 15-ACCEPTED AND ACKNOWLEDGED,Live/Registered,True,041,False
155,NEAR_1_DELETION,1,85497587,4247326,CITE,2011-12-16,800,cite,REGISTERED AND RENEWED,Live/Registered,True,"009,041,044",True
155,NEAR_1_DELETION,1,79101869,4204089,CIED,2011-07-05,706,cied,SECTION 71 ACCEPTED,Live/Registered,True,009,False
155,NEAR_1_SUBSTITUTION,1,89000610,,C.I.T.E.S.,1995-03-24,969,cites,NON REGISTRATION DATA,Live/Pending,True,"001,002,003,004,005,006,007,008,009,010,011,012,013,014,015,016,017,018,019,020,021,022,023,024,025,026,027,028,029,030,031,032,033,034,035,036,037,038,039,040,041,042,043,044,045,200,A B",True
155,NEAR_1_SUBSTITUTION,1,89000611,,CITES,1995-03-24,969,cites,NON REGISTRATION DATA,Live/Pending,True,"001,002,003,004,005,006,007,008,009,010,011,012,013,014,015,016,017,018,019,020,021,022,023,024,025,026,027,028,029,030,031,032,033,034,035,036,037,038,039,040,041,042,043,044,045,200,A B",True
155,NEAR_1_DELETION,1,73693103,1496736,ITED,1987-11-02,800,ited,REGISTERED AND RENEWED,Live/Registered,True,016,False
155,NEAR_1_INSERTION,1,99008044,,X-CITED,2025-01-17,606,xcited,ABANDONED - NO STATEMENT OF USE FILED,Dead/Abandoned,False,025,False
155,NEAR_1_DELETION,1,98003032,,CITÉ,2023-05-18,602,cite,ABANDONED-FAILURE TO RESPOND OR LATE RESPONSE,Dead/Abandoned,False,003,True
155,NEAR_1_SUBSTITUTION,1,97189354,,BITED,2021-12-24,610,bited,TERMINATED AFTER SANCTIONS,Dead,False,,False
155,NEAR_1_SUBSTITUTION,1,97189365,,BITED,2021-12-24,610,bited,TERMINATED AFTER SANCTIONS,Dead,False,,False
155,NEAR_1_DELETION,1,90605134,,CITE,2021-03-26,602,cite,ABANDONED-FAILURE TO RESPOND OR LATE RESPONSE,Dead/Abandoned,False,035,True
155,NEAR_1_SUBSTITUTION,1,87699161,5508108,CITEA,2017-11-28,710,citea,CANCELLED - SECTION 8,Dead/Cancelled,False,,False
155,NEAR_1_SUBSTITUTION,1,79195042,5326370,CITEC,2016-09-05,404,citec,IR CANCELLED; US REGISTRATION CANCELLED,Dead/Cancelled,False,,False
155,NEAR_1_SUBSTITUTION,1,86774611,,VITED,2015-10-01,602,vited,ABANDONED-FAILURE TO RESPOND OR LATE RESPONSE,Dead/Abandoned,False,009,False
155,NEAR_1_DELETION,1,85917611,,CITE,2013-04-29,602,cite,ABANDONED-FAILURE TO RESPOND OR LATE RESPONSE,Dead/Abandoned,False,041,False
155,NEAR_1_DELETION,1,85857566,4410775,CITE,2013-02-22,710,cite,CANCELLED - SECTION 8,Dead/Cancelled,False,,False
155,NEAR_1_DELETION,1,85800564,4696426,CITE,2012-12-12,710,cite,CANCELLED - SECTION 8,Dead/Cancelled,False,,False
155,NEAR_1_DELETION,1,85604951,,CITÉ,2012-04-23,602,cite,ABANDONED-FAILURE TO RESPOND OR LATE RESPONSE,Dead/Abandoned,False,025,False
155,NEAR_1_SUBSTITUTION,1,85552021,,KITED,2012-02-24,606,kited,ABANDONED - NO STATEMENT OF USE FILED,Dead/Abandoned,False,025,False
155,NEAR_1_SUBSTITUTION,1,85383535,,NITED,2011-07-28,606,nited,ABANDONED - NO STATEMENT OF USE FILED,Dead/Abandoned,False,025,False
155,NEAR_1_DELETION,1,85353337,4091000,CITE,2011-06-22,710,cite,CANCELLED - SECTION 8,Dead/Cancelled,False,,False
155,NEAR_1_DELETION,1,85269955,4168898,CITE,2011-03-17,710,cite,CANCELLED - SECTION 8,Dead/Cancelled,False,,False
155,NEAR_1_SUBSTITUTION,1,79089243,4000636,CITEC,2010-10-07,404,citec,IR CANCELLED; US REGISTRATION CANCELLED,Dead/Cancelled,False,,False
155,NEAR_1_SUBSTITUTION,1,79081419,3879376,CITEA,2010-02-15,709,citea,CANCELLED SECTION 71,Dead/Cancelled,False,,False
155,NEAR_1_DELETION,1,77917313,,CITÉ,2010-01-21,606,cite,ABANDONED - NO STATEMENT OF USE FILED,Dead/Abandoned,False,"025,035",True
155,NEAR_1_DELETION,1,78786716,3241604,CITÉ,2006-01-06,710,cite,CANCELLED - SECTION 8,Dead/Cancelled,False,,False
155,NEAR_1_DELETION,1,78147302,2758926,CITE,2002-07-25,710,cite,CANCELLED - SECTION 8,Dead/Cancelled,False,,False
155,NEAR_1_DELETION,1,78147304,2758927,CITE,2002-07-25,710,cite,CANCELLED - SECTION 8,Dead/Cancelled,False,,False
155,NEAR_1_SUBSTITUTION,1,76381102,,CITER,2002-03-08,602,citer,ABANDONED-FAILURE TO RESPOND OR LATE RESPONSE,Dead/Abandoned,False,009,False
155,NEAR_1_DELETION,1,76002206,,CITE,2000-03-15,602,cite,ABANDONED-FAILURE TO RESPOND OR LATE RESPONSE,Dead/Abandoned,False,041,False
155,NEAR_1_SUBSTITUTION,1,75840369,,CITES,1999-11-24,602,cites,ABANDONED-FAILURE TO RESPOND OR LATE RESPONSE,Dead/Abandoned,False,042,False
155,NEAR_1_SUBSTITUTION,1,75800539,2372894,SITED,1999-10-12,710,sited,CANCELLED - SECTION 8,Dead/Cancelled,False,,False
155,NEAR_1_SUBSTITUTION,1,75716674,,CITEL,1999-05-28,602,citel,ABANDONED-FAILURE TO RESPOND OR LATE RESPONSE,Dead/Abandoned,False,009,False
155,NEAR_1_DELETION,1,75521263,2305659,CITE,1998-07-07,710,cite,CANCELLED - SECTION 8,Dead/Cancelled,False,,False
155,NEAR_1_DELETION,1,75486984,2275851,CITE,1998-05-18,710,cite,CANCELLED - SECTION 8,Dead/Cancelled,False,,False
155,NEAR_1_DELETION,1,75390973,,CITE',1997-11-17,602,cite,ABANDONED-FAILURE TO RESPOND OR LATE RESPONSE,Dead/Abandoned,False,,False
155,NEAR_1_DELETION,1,75337336,2195539,CITE,1997-08-07,710,cite,CANCELLED - SECTION 8,Dead/Cancelled,False,,False
155,NEAR_1_SUBSTITUTION,1,75203304,2161493,CITEA,1996-11-25,710,citea,CANCELLED - SECTION 8,Dead/Cancelled,False,,False
155,NEAR_1_DELETION,1,74702865,,CITE,1995-07-18,602,cite,ABANDONED-FAILURE TO RESPOND OR LATE RESPONSE,Dead/Abandoned,False,,False
155,NEAR_1_DELETION,1,74419833,,CITE,1993-08-02,602,cite,ABANDONED-FAILURE TO RESPOND OR LATE RESPONSE,Dead/Abandoned,False,,False
155,NEAR_1_DELETION,1,74374801,,CITE,1993-04-02,606,cite,ABANDONED - NO STATEMENT OF USE FILED,Dead/Abandoned,False,,False
155,NEAR_1_DELETION,1,74316201,,CITE,1992-09-22,602,cite,ABANDONED-FAILURE TO RESPOND OR LATE RESPONSE,Dead/Abandoned,False,,False
155,NEAR_1_DELETION,1,74222031,1707540,CITE',1991-11-15,710,cite,CANCELLED - SECTION 8,Dead/Cancelled,False,,False
155,NEAR_1_SUBSTITUTION,1,74072034,,CITEX,1990-06-25,601,citex,ABANDONED - EXPRESS,Dead/Abandoned,False,,False
155,NEAR_1_DELETION,1,73805695,1595910,CITE,1989-06-08,710,cite,CANCELLED - SECTION 8,Dead/Cancelled,False,,False
155,NEAR_1_SUBSTITUTION,1,73729935,1529991,CITEX,1988-05-23,710,citex,CANCELLED - SECTION 8,Dead/Cancelled,False,,False
155,NEAR_1_DELETION,1,73603566,1432613,CITE,1986-06-10,710,cite,CANCELLED - SECTION 8,Dead/Cancelled,False,,False
155,NEAR_1_DELETION,1,73471176,1335345,CITE,1984-03-19,710,cite,CANCELLED - SECTION 8,Dead/Cancelled,False,,False
155,NEAR_1_DELETION,1,73294728,1236648,CITE,1981-01-28,710,cite,CANCELLED - SECTION 8,Dead/Cancelled,False,,False
155,NEAR_1_SUBSTITUTION,1,72039171,0667948,CITEX,1957-10-18,900,citex,EXPIRED,Dead/Expired,False,,False
155,NEAR_1_SUBSTITUTION,1,81023551,1023551,CITEX,,710,citex,CANCELLED - SECTION 8,Dead/Cancelled,False,,False
156,EXACT,0,75805691,,TESTCASE,1999-09-21,602,testcase,ABANDONED-FAILURE TO RESPOND OR LATE RESPONSE,Dead/Abandoned,False,009,False
156,NEAR_1_SUBSTITUTION,1,90831628,6746538,BESTCASE,2021-07-15,700,bestcase,REGISTERED,Live/Registered,True,009,False
156,NEAR_1_SUBSTITUTION,1,85915232,4512513,TESTCAFE,2013-04-25,800,testcafe,REGISTERED AND RENEWED,Live/Registered,True,009,False
156,NEAR_1_SUBSTITUTION,1,77349587,3680626,TESTCARE,2007-12-11,800,testcare,REGISTERED AND RENEWED,Live/Registered,True,042,False
156,NEAR_1_SUBSTITUTION,1,75658199,2486620,TESTBASE,1999-03-11,800,testbase,REGISTERED AND RENEWED,Live/Registered,True,009,False
156,NEAR_1_SUBSTITUTION,1,75134543,2136687,BEST CASE,1996-07-15,800,bestcase,REGISTERED AND RENEWED,Live/Registered,True,042,False
156,NEAR_1_SUBSTITUTION,1,75134544,2136688,BEST CASE,1996-07-15,800,bestcase,REGISTERED AND RENEWED,Live/Registered,True,009,False
156,NEAR_1_SUBSTITUTION,1,88028060,,BEST CASE,2018-07-06,606,bestcase,ABANDONED - NO STATEMENT OF USE FILED,Dead/Abandoned,False,039,False
156,NEAR_1_SUBSTITUTION,1,87319053,,BEST CASE,2017-01-31,602,bestcase,ABANDONED-FAILURE TO RESPOND OR LATE RESPONSE,Dead/Abandoned,False,"036,044",True
156,NEAR_1_SUBSTITUTION,1,79210351,5435548,TEST-EASE,2016-02-16,709,testease,CANCELLED SECTION 71,Dead/Cancelled,False,,False
156,NEAR_1_SUBSTITUTION,1,86303487,4767259,NESTCASE,2014-06-08,710,nestcase,CANCELLED - SECTION 8,Dead/Cancelled,False,,False
156,NEAR_1_SUBSTITUTION,1,85862230,,BESTCASE,2013-02-27,602,bestcase,ABANDONED-FAILURE TO RESPOND OR LATE RESPONSE,Dead/Abandoned,False,009,False
156,NEAR_1_SUBSTITUTION,1,77716630,,TEST-EASE,2009-04-17,606,testease,ABANDONED - NO STATEMENT OF USE FILED,Dead/Abandoned,False,010,True
156,NEAR_1_SUBSTITUTION,1,78260210,,TESTBASE,2003-06-09,602,testbase,ABANDONED-FAILURE TO RESPOND OR LATE RESPONSE,Dead/Abandoned,False,"009,042",False
156,NEAR_1_SUBSTITUTION,1,75400252,,TESTBASE,1997-12-04,602,testbase,ABANDONED-FAILURE TO RESPOND OR LATE RESPONSE,Dead/Abandoned,False,,False
157,EXACT,0,87005642,5282169,TESTED,2016-04-19,710,tested,CANCELLED - SECTION 8,Dead/Cancelled,False,,False
157,EXACT,0,75733831,,TEST/ED!,1999-06-11,602,tested,ABANDONED-FAILURE TO RESPOND OR LATE RESPONSE,Dead/Abandoned,False,009,False
157,NEAR_1_DELETION,1,99758993,,TESTD,2026-04-12,630,testd,NEW APPLICATION - RECORD INITIALIZED NOT ASSIGNED TO EXAMINER,Live/Pending,True,045,False
157,NEAR_1_SUBSTITUTION,1,99463712,,RESTED,2025-10-27,688,rested,NOTICE OF ALLOWANCE - ISSUED,Live/Pending,True,044,True
157,NEAR_1_SUBSTITUTION,1,99428770,,NESTED,2025-10-06,688,nested,NOTICE OF ALLOWANCE - ISSUED,Live/Pending,True,042,False
157,NEAR_1_SUBSTITUTION,1,98682113,7746480,KESTED,2024-08-05,700,kested,REGISTERED,Live/Registered,True,016,False
157,NEAR_1_SUBSTITUTION,1,98598673,8296952,TESTEL,2024-06-13,700,testel,REGISTERED,Live/Registered,True,005,True
157,NEAR_1_SUBSTITUTION,1,98412745,7620992,NESTED,2024-02-20,700,nested,REGISTERED,Live/Registered,True,028,False
157,NEAR_1_SUBSTITUTION,1,98405959,7609601,VESTED,2024-02-14,700,vested,REGISTERED,Live/Registered,True,045,False
157,NEAR_1_SUBSTITUTION,1,98315510,7788814,TESTEK,2023-12-14,700,testek,REGISTERED,Live/Registered,True,009,False
157,NEAR_1_SUBSTITUTION,1,98315515,7788815,TESTEK,2023-12-14,700,testek,REGISTERED,Live/Registered,True,010,True
157,NEAR_1_SUBSTITUTION,1,98315523,7788816,TESTEK,2023-12-14,700,testek,REGISTERED,Live/Registered,True,011,False
157,NEAR_1_SUBSTITUTION,1,98280710,7549705,NESTED,2023-11-21,700,nested,REGISTERED,Live/Registered,True,044,True
157,NEAR_1_INSERTION,1,97706028,7139181,ITESTED,2022-12-06,700,itested,REGISTERED,Live/Registered,True,042,False
157,NEAR_1_SUBSTITUTION,1,97418363,7281431,TESMED,2022-05-19,700,tesmed,REGISTERED,Live/Registered,True,010,True
157,NEAR_1_SUBSTITUTION,1,97418385,7715721,TESMED,2022-05-19,700,tesmed,REGISTERED,Live/Registered,True,010,True
157,NEAR_1_SUBSTITUTION,1,90711169,6730063,PESTED,2021-05-14,700,pested,REGISTERED,Live/Registered,True,041,False
157,NEAR_1_DELETION,1,90108614,6726508,TESTD,2020-08-12,700,testd,REGISTERED,Live/Registered,True,009,False
157,NEAR_1_SUBSTITUTION,1,88754895,6770364,NESTED,2020-01-10,700,nested,REGISTERED,Live/Registered,True,"030,035",True
157,NEAR_1_SUBSTITUTION,1,88333921,5894994,NESTED,2019-03-11,701,nested,SECTION 8-ACCEPTED,Live/Registered,True,041,False
157,NEAR_1_SUBSTITUTION,1,87450407,5350597,VESTED,2017-05-15,702,vested,SECTION 8 & 15-ACCEPTED AND ACKNOWLEDGED,Live/Registered,True,035,True
157,NEAR_1_SUBSTITUTION,1,87450414,5350599,VESTED,2017-05-15,702,vested,SECTION 8 & 15-ACCEPTED AND ACKNOWLEDGED,Live/Registered,True,035,True
157,NEAR_1_SUBSTITUTION,1,87165139,5215400,NESTED,2016-09-08,702,nested,SECTION 8 & 15-ACCEPTED AND ACKNOWLEDGED,Live/Registered,True,005,True
157,NEAR_1_SUBSTITUTION,1,86757250,4979974,VESTED,2015-09-15,800,vested,REGISTERED AND RENEWED,Live/Registered,True,045,False
157,NEAR_1_INSERTION,1,86619122,5612180,ITESTED,2015-05-04,702,itested,SECTION 8 & 15-ACCEPTED AND ACKNOWLEDGED,Live/Registered,True,042,False
157,NEAR_1_SUBSTITUTION,1,86450712,4843114,NESTED,2014-11-11,800,nested,REGISTERED AND RENEWED,Live/Registered,True,009,False
157,NEAR_1_SUBSTITUTION,1,86100465,4555443,TESTEX,2013-10-24,800,testex,REGISTERED AND RENEWED,Live/Registered,True,009,False
157,NEAR_1_SUBSTITUTION,1,85973036,4561361,TEST HD,2013-06-28,800,testhd,REGISTERED AND RENEWED,Live/Registered,True,005,True
157,NEAR_1_SUBSTITUTION,1,79087282,4004569,TESTEX,2010-08-16,706,testex,SECTION 71 ACCEPTED,Live/Registered,True,042,False
157,NEAR_1_SUBSTITUTION,1,75195188,2154672,WESTED,1996-11-08,800,wested,REGISTERED AND RENEWED,Live/Registered,True,016,False
157,NEAR_1_SUBSTITUTION,1,75003833,2100048,WESTED,1995-10-10,800,wested,REGISTERED AND RENEWED,Live/Registered,True,041,False
157,NEAR_1_SUBSTITUTION,1,90457913,,NESTED,2021-01-11,602,nested,ABANDONED-FAILURE TO RESPOND OR LATE RESPONSE,Dead/Abandoned,False,020,False
157,NEAR_1_SUBSTITUTION,1,88677300,,VESTED,2019-11-01,602,vested,ABANDONED-FAILURE TO RESPOND OR LATE RESPONSE,Dead/Abandoned,False,036,False
157,NEAR_1_SUBSTITUTION,1,88369097,,VESTED,2019-04-03,602,vested,ABANDONED-FAILURE TO RESPOND OR LATE RESPONSE,Dead/Abandoned,False,036,False
157,NEAR_1_SUBSTITUTION,1,88226912,,TESMED,2018-12-12,602,tesmed,ABANDONED-FAILURE TO RESPOND OR LATE RESPONSE,Dead/Abandoned,False,"009,010",True
157,NEAR_1_SUBSTITUTION,1,87672181,,VESTED,2017-11-04,606,vested,ABANDONED - NO STATEMENT OF USE FILED,Dead/Abandoned,False,033,False
157,NEAR_1_SUBSTITUTION,1,87434812,5350037,TENTED,2017-05-03,710,tented,CANCELLED - SECTION 8,Dead/Cancelled,False,,False
157,NEAR_1_SUBSTITUTION,1,86861889,4985700,TESTEE,2015-12-30,710,testee,CANCELLED - SECTION 8,Dead/Cancelled,False,,False
157,NEAR_1_INSERTION,1,86043422,,BTESTED,2013-08-20,606,btested,ABANDONED - NO STATEMENT OF USE FILED,Dead/Abandoned,False,044,True
157,NEAR_1_SUBSTITUTION,1,86004663,,TESTEX,2013-07-08,602,testex,ABANDONED-FAILURE TO RESPOND OR LATE RESPONSE,Dead/Abandoned,False,005,True
157,NEAR_1_SUBSTITUTION,1,85723728,4367246,TASTED,2012-09-07,710,tasted,CANCELLED - SECTION 8,Dead/Cancelled,False,,False
157,NEAR_1_SUBSTITUTION,1,85691195,,T-ESTER,2012-07-31,606,tester,ABANDONED - NO STATEMENT OF USE FILED,Dead/Abandoned,False,"001,017,020",False
157,NEAR_1_SUBSTITUTION,1,85387293,,TEST4D,2011-08-02,602,test4d,ABANDONED-FAILURE TO RESPOND OR LATE RESPONSE,Dead/Abandoned,False,044,True
157,NEAR_1_SUBSTITUTION,1,79092517,,TASTED,2010-09-06,402,tasted,IR CANCELLED; US APPLICATION ABANDONED,Dead/Abandoned,False,,False
157,NEAR_1_INSERTION,1,85121811,4451652,ITESTED,2010-09-02,710,itested,CANCELLED - SECTION 8,Dead/Cancelled,False,,False
157,NEAR_1_SUBSTITUTION,1,77742260,3823774,TESTEK,2009-05-21,710,testek,CANCELLED - SECTION 8,Dead/Cancelled,False,,False
157,NEAR_1_SUBSTITUTION,1,77187336,,TW!STED,2007-05-22,602,twsted,ABANDONED-FAILURE TO RESPOND OR LATE RESPONSE,Dead/Abandoned,False,025,False
157,NEAR_1_SUBSTITUTION,1,78194195,2810579,TEST EZ,2002-12-13,710,testez,CANCELLED - SECTION 8,Dead/Cancelled,False,,False
157,NEAR_1_SUBSTITUTION,1,76008797,,TESTEX,2000-03-24,602,testex,ABANDONED-FAILURE TO RESPOND OR LATE RESPONSE,Dead/Abandoned,False,"009,037,042",False
157,NEAR_1_SUBSTITUTION,1,75349466,,TESTEX,1997-08-29,602,testex,ABANDONED-FAILURE TO RESPOND OR LATE RESPONSE,Dead/Abandoned,False,,False
157,NEAR_1_SUBSTITUTION,1,74632495,,NESTED,1995-02-10,606,nested,ABANDONED - NO STATEMENT OF USE FILED,Dead/Abandoned,False,,False
157,NEAR_1_SUBSTITUTION,1,74280840,1758196,N-ESTED,1992-05-28,710,nested,CANCELLED - SECTION 8,Dead/Cancelled,False,,False
157,NEAR_1_SUBSTITUTION,1,73422022,1290788,TESTEK,1983-04-18,710,testek,CANCELLED - SECTION 8,Dead/Cancelled,False,,False
157,NEAR_1_INSERTION,1,73372864,1250147,TESTRED,1982-07-02,710,testred,CANCELLED - SECTION 8,Dead/Cancelled,False,,False
157,NEAR_1_SUBSTITUTION,1,72411676,0973361,TEXT ED,1972-01-03,900,texted,EXPIRED,Dead/Expired,False,,False
157,NEAR_1_SUBSTITUTION,1,72159130,0759613,TESTER,1962-12-13,710,tester,CANCELLED - SECTION 8,Dead/Cancelled,False,,False
157,NEAR_1_INSERTION,1,80997849,0997849,TESTRED,,710,testred,CANCELLED - SECTION 8,Dead/Cancelled,False,,False
158,EXACT,0,88140766,6913306,TRIAL RUN,2018-10-03,700,trialrun,REGISTERED,Live/Registered,True,"009,042",False
158,EXACT,0,75800285,2468421,TRIAL RUN,1999-10-08,710,trialrun,CANCELLED - SECTION 8,Dead/Cancelled,False,,False
158,EXACT,0,75582438,2485665,TRIAL RUN,1998-11-04,710,trialrun,CANCELLED - SECTION 8,Dead/Cancelled,False,,False
159,NEAR_1_SUBSTITUTION,1,99773342,,TESTRUS,2026-04-19,630,testrus,NEW APPLICATION - RECORD INITIALIZED NOT ASSIGNED TO EXAMINER,Live/Pending,True,001,False
159,NEAR_1_SUBSTITUTION,1,75406914,2212987,TESTRON,1997-12-16,800,testron,REGISTERED AND RENEWED,Live/Registered,True,003,True
159,NEAR_1_SUBSTITUTION,1,75210427,2161527,TESTRON,1996-12-09,800,testron,REGISTERED AND RENEWED,Live/Registered,True,001,False
159,NEAR_1_SUBSTITUTION,1,97482708,,PESTRUN,2022-06-30,610,pestrun,TERMINATED AFTER SANCTIONS,Dead,False,,False
159,NEAR_1_SUBSTITUTION,1,97256170,,TESTRIN,2022-02-07,606,testrin,ABANDONED - NO STATEMENT OF USE FILED,Dead/Abandoned,False,005,True
159,NEAR_1_SUBSTITUTION,1,90882455,,TESSRUN,2021-08-13,602,tessrun,ABANDONED-FAILURE TO RESPOND OR LATE RESPONSE,Dead/Abandoned,False,012,False
159,NEAR_1_SUBSTITUTION,1,88915182,,TESTRON,2020-05-13,602,testron,ABANDONED-FAILURE TO RESPOND OR LATE RESPONSE,Dead/Abandoned,False,005,True
159,NEAR_1_SUBSTITUTION,1,87318050,,TESTRIN,2017-01-30,606,testrin,ABANDONED - NO STATEMENT OF USE FILED,Dead/Abandoned,False,005,True
159,NEAR_1_SUBSTITUTION,1,77360054,3603805,TESTRIN,2007-12-27,710,testrin,CANCELLED - SECTION 8,Dead/Cancelled,False,,False
159,NEAR_1_SUBSTITUTION,1,75777848,,TESTRYN,1999-08-17,606,testryn,ABANDONED - NO STATEMENT OF USE FILED,Dead/Abandoned,False,005,True
159,NEAR_1_SUBSTITUTION,1,75406861,2212986,TESTRON,1997-12-16,710,testron,CANCELLED - SECTION 8,Dead/Cancelled,False,,False
159,NEAR_1_SUBSTITUTION,1,74623602,1938892,TESTRON,1995-01-20,710,testron,CANCELLED - SECTION 8,Dead/Cancelled,False,,False
159,NEAR_1_SUBSTITUTION,1,74502303,1932312,TESTRIN,1994-03-21,710,testrin,CANCELLED - SECTION 8,Dead/Cancelled,False,,False
159,NEAR_1_SUBSTITUTION,1,73563123,1409262,TESTRAN,1985-10-15,710,testran,CANCELLED - SECTION 8,Dead/Cancelled,False,,False
159,NEAR_1_SUBSTITUTION,1,73549347,1390603,TESTRAN,1985-07-22,710,testran,CANCELLED - SECTION 8,Dead/Cancelled,False,,False
159,NEAR_1_SUBSTITUTION,1,73334920,1287692,TESTRON,1982-12-21,710,testron,CANCELLED - SECTION 8,Dead/Cancelled,False,,False
159,NEAR_1_SUBSTITUTION,1,73353379,1385593,TESTRON,1982-03-08,710,testron,CANCELLED - SECTION 8,Dead/Cancelled,False,,False
163,EXACT,0,77405043,,TRUE TO LABEL,2008-02-25,606,truetolabel,ABANDONED - NO STATEMENT OF USE FILED,Dead/Abandoned,False,"005,030",True
164,EXACT,0,77851640,4009956,OPENLABEL,2009-10-19,800,openlabel,REGISTERED AND RENEWED,Live/Registered,True,035,True
164,EXACT,0,75553734,,OPENLABEL,1998-09-15,606,openlabel,ABANDONED - NO STATEMENT OF USE FILED,Dead/Abandoned,False,009,False
165,EXACT,0,90831271,,READ THE LABEL,2021-07-15,602,readthelabel,ABANDONED-FAILURE TO RESPOND OR LATE RESPONSE,Dead/Abandoned,False,003,True
165,EXACT,0,90774319,,READ THE LABEL,2021-06-15,606,readthelabel,ABANDONED - NO STATEMENT OF USE FILED,Dead/Abandoned,False,003,True
165,EXACT,0,85695111,4413225,READ THE LABEL,2012-08-03,710,readthelabel,CANCELLED - SECTION 8,Dead/Cancelled,False,,False
165,NEAR_1_DELETION,1,88380103,5890224,READTHELABL,2019-04-11,710,readthelabl,CANCELLED - SECTION 8,Dead/Cancelled,False,,False
166,NEAR_1_SUBSTITUTION,1,88424451,,FUEL FORMULA,2019-05-10,606,fuelformula,ABANDONED - NO STATEMENT OF USE FILED,Dead/Abandoned,False,005,True
167,EXACT,0,88284769,5930525,OPEN FORMULA,2019-01-31,700,openformula,REGISTERED,Live/Registered,True,003,True
168,EXACT,0,97783760,7436762,WHAT'S INSIDE?,2023-02-07,700,whatsinside,REGISTERED,Live/Registered,True,042,False
168,EXACT,0,88179432,,WHAT'S INSIDE:,2018-11-02,602,whatsinside,ABANDONED-FAILURE TO RESPOND OR LATE RESPONSE,Dead/Abandoned,False,030,False
168,EXACT,0,87282909,,WHAT'S INSIDE:,2016-12-28,602,whatsinside,ABANDONED-FAILURE TO RESPOND OR LATE RESPONSE,Dead/Abandoned,False,030,False
168,EXACT,0,86971742,,WHAT'S INSIDE?,2016-04-11,602,whatsinside,ABANDONED-FAILURE TO RESPOND OR LATE RESPONSE,Dead/Abandoned,False,041,False
168,EXACT,0,86031491,4520790,WHAT'S INSIDE,2013-08-07,710,whatsinside,CANCELLED - SECTION 8,Dead/Cancelled,False,,False
168,EXACT,0,85698622,,WHAT'S INSIDE,2012-08-08,606,whatsinside,ABANDONED - NO STATEMENT OF USE FILED,Dead/Abandoned,False,009,False
168,EXACT,0,77567898,3608651,WHAT'S INSIDE?,2008-09-11,710,whatsinside,CANCELLED - SECTION 8,Dead/Cancelled,False,,False
168,EXACT,0,74190691,1828861,WHAT'S INSIDE?,1991-08-01,710,whatsinside,CANCELLED - SECTION 8,Dead/Cancelled,False,,False
168,EXACT,0,74066975,1642919,WHAT'S INSIDE?,1990-06-08,710,whatsinside,CANCELLED - SECTION 8,Dead/Cancelled,False,,False
168,EXACT,0,73436545,1342518,WHAT'S INSIDE?,1983-07-27,710,whatsinside,CANCELLED - SECTION 8,Dead/Cancelled,False,,False
168,EXACT,0,73426727,,WHAT'S INSIDE?,1983-05-20,601,whatsinside,ABANDONED - EXPRESS,Dead/Abandoned,False,,False
169,EXACT,0,97905270,7386937,INSIDE STORY,2023-04-25,700,insidestory,REGISTERED,Live/Registered,True,035,True
169,EXACT,0,78726138,3687543,INSIDESTORY,2005-10-04,800,insidestory,REGISTERED AND RENEWED,Live/Registered,True,016,False
169,EXACT,0,73822687,1632986,INSIDE STORY,1989-08-31,800,insidestory,REGISTERED AND RENEWED,Live/Registered,True,009,False
169,EXACT,0,90363373,,INSIDE STORY,2020-12-07,602,insidestory,ABANDONED-FAILURE TO RESPOND OR LATE RESPONSE,Dead/Abandoned,False,025,False
169,EXACT,0,85871402,,INSIDE STORY,2013-03-08,606,insidestory,ABANDONED - NO STATEMENT OF USE FILED,Dead/Abandoned,False,003,True
169,EXACT,0,85158388,3974387,INSIDE STORY,2010-10-21,710,insidestory,CANCELLED - SECTION 8,Dead/Cancelled,False,,False
169,EXACT,0,75472515,2406769,INSIDE STORY,1998-04-22,710,insidestory,CANCELLED - SECTION 8,Dead/Cancelled,False,,False
169,EXACT,0,74656827,1957938,INSIDE STORY,1995-04-06,710,insidestory,CANCELLED - SECTION 8,Dead/Cancelled,False,,False
169,EXACT,0,74528028,,INSIDE STORY,1994-05-20,602,insidestory,ABANDONED-FAILURE TO RESPOND OR LATE RESPONSE,Dead/Abandoned,False,,False
169,EXACT,0,74231571,,INSIDE STORY,1991-12-18,606,insidestory,ABANDONED - NO STATEMENT OF USE FILED,Dead/Abandoned,False,,False
169,EXACT,0,74149721,,INSIDE STORY,1991-03-20,606,insidestory,ABANDONED - NO STATEMENT OF USE FILED,Dead/Abandoned,False,,False
169,EXACT,0,74078882,1684790,INSIDE STORY,1990-07-16,710,insidestory,CANCELLED - SECTION 8,Dead/Cancelled,False,,False
169,EXACT,0,73777840,,INSIDE STORY,1989-01-27,601,insidestory,ABANDONED - EXPRESS,Dead/Abandoned,False,,False
169,EXACT,0,73464767,,INSIDE STORY,1984-02-08,602,insidestory,ABANDONED-FAILURE TO RESPOND OR LATE RESPONSE,Dead/Abandoned,False,,False
169,EXACT,0,73171365,1112816,INSIDE STORY,1978-05-22,710,insidestory,CANCELLED - SECTION 8,Dead/Cancelled,False,,False
169,EXACT,0,72338814,0899018,INSIDE STORY,1969-09-24,900,insidestory,EXPIRED,Dead/Expired,False,,False
169,EXACT,0,71447471,0393676,INSIDE STORY,1941-10-01,900,insidestory,EXPIRED,Dead/Expired,False,,False
169,NEAR_1_INSERTION,1,73488361,1343426,INNSIDE STORY,1984-07-03,710,innsidestory,CANCELLED - SECTION 8,Dead/Cancelled,False,,False
170,EXACT,0,77395421,3593969,MADE CLEAR,2008-02-12,710,madeclear,CANCELLED - SECTION 8,Dead/Cancelled,False,,False
170,NEAR_1_SUBSTITUTION,1,98860542,,MADE CLEAN,2024-11-19,606,madeclean,ABANDONED - NO STATEMENT OF USE FILED,Dead/Abandoned,False,005,True
171,EXACT,0,76701545,4105740,MADE RIGHT,2010-02-12,800,maderight,REGISTERED AND RENEWED,Live/Registered,True,016,False
171,EXACT,0,77389596,3670236,MADE RIGHT,2008-02-06,800,maderight,REGISTERED AND RENEWED,Live/Registered,True,025,False
171,EXACT,0,86785071,4968583,MADERIGHT,2015-10-12,710,maderight,CANCELLED - SECTION 8,Dead/Cancelled,False,,False
171,NEAR_1_SUBSTITUTION,1,99096180,,MADE_LIGHT,2025-03-21,688,madelight,NOTICE OF ALLOWANCE - ISSUED,Live/Pending,True,"012,040,042",False
171,NEAR_1_SUBSTITUTION,1,98602883,7737008,MAKERIGHT,2024-06-15,700,makeright,REGISTERED,Live/Registered,True,012,False
171,NEAR_1_SUBSTITUTION,1,90346789,6476552,WADE RIGHT,2020-11-29,700,waderight,REGISTERED,Live/Registered,True,025,False
171,NEAR_1_SUBSTITUTION,1,86096094,4537676,WADE RIGHT,2013-10-19,710,waderight,CANCELLED - SECTION 8,Dead/Cancelled,False,,False
172,EXACT,0,97092869,6946351,BUILTRIGHT,2021-10-26,700,builtright,REGISTERED,Live/Registered,True,"009,012,018,020",False
172,EXACT,0,88670627,6063839,BUILT RIGHT,2019-10-28,700,builtright,REGISTERED,Live/Registered,True,043,False
172,EXACT,0,76349604,2710810,BUILT-RIGHT,2001-12-12,710,builtright,CANCELLED - SECTION 8,Dead/Cancelled,False,,False
172,NEAR_1_SUBSTITUTION,1,99127253,,BUILDRIGHT,2025-04-08,654,buildright,REPORT COMPLETED SUSPENSION CHECK - CASE STILL SUSPENDED,Live/Pending,True,037,False
172,NEAR_1_SUBSTITUTION,1,97699704,7458661,BUILDRIGHT,2022-12-01,700,buildright,REGISTERED,Live/Registered,True,037,False
172,NEAR_1_INSERTION,1,97469423,7244428,BUILTBRIGHT,2022-06-21,700,builtbright,REGISTERED,Live/Registered,True,011,False
172,NEAR_1_INSERTION,1,97391290,7226277,BUILTBRIGHT,2022-05-02,700,builtbright,REGISTERED,Live/Registered,True,011,False
172,NEAR_1_SUBSTITUTION,1,88943461,6542169,BUILDRIGHT,2020-06-02,700,buildright,REGISTERED,Live/Registered,True,006,False
172,NEAR_1_SUBSTITUTION,1,74056557,,BUILDRIGHT,1990-05-07,614,buildright,ABANDONED PETITION TO REVIVE-DENIED,Dead/Abandoned,False,,False
172,NEAR_1_SUBSTITUTION,1,73361303,1246651,BUILD RIGHT,1982-04-26,710,buildright,CANCELLED - SECTION 8,Dead/Cancelled,False,,False
173,EXACT,0,98755253,,DONERIGHT,2024-09-17,731,doneright,SECOND EXTENSION - GRANTED,Live/Pending,True,"006,035",True
173,EXACT,0,77788064,4115332,DONE RIGHT,2009-07-23,800,doneright,REGISTERED AND RENEWED,Live/Registered,True,025,False
173,EXACT,0,78753051,3363415,DONE RIGHT,2005-11-14,800,doneright,REGISTERED AND RENEWED,Live/Registered,True,035,True
173,EXACT,0,90678806,,DONE RIGHT,2021-04-28,606,doneright,ABANDONED - NO STATEMENT OF USE FILED,Dead/Abandoned,False,"005,035",True
173,EXACT,0,86729624,,DONE RIGHT,2015-08-19,606,doneright,ABANDONED - NO STATEMENT OF USE FILED,Dead/Abandoned,False,029,False
173,EXACT,0,86719598,,DONE RIGHT,2015-08-10,602,doneright,ABANDONED-FAILURE TO RESPOND OR LATE RESPONSE,Dead/Abandoned,False,043,False
173,EXACT,0,78616017,3432705,DONE RIGHT!,2005-04-25,710,doneright,CANCELLED - SECTION 8,Dead/Cancelled,False,,False
173,EXACT,0,78608354,,DONE RIGHT,2005-04-13,606,doneright,ABANDONED - NO STATEMENT OF USE FILED,Dead/Abandoned,False,"016,035,036",True
173,EXACT,0,78160274,3104586,DONE RIGHT,2002-09-03,710,doneright,CANCELLED - SECTION 8,Dead/Cancelled,False,,False
173,NEAR_1_SUBSTITUTION,1,88766220,6247223,DINE RIGHT,2020-01-20,700,dineright,REGISTERED,Live/Registered,True,042,False
173,NEAR_1_SUBSTITUTION,1,76705633,4027335,DOSERIGHT,2010-12-09,800,doseright,REGISTERED AND RENEWED,Live/Registered,True,010,True
173,NEAR_1_SUBSTITUTION,1,85202306,,DINE RIGHT,2010-12-20,606,dineright,ABANDONED - NO STATEMENT OF USE FILED,Dead/Abandoned,False,043,False
173,NEAR_1_SUBSTITUTION,1,76277451,2665704,BONE-RIGHT,2001-06-28,710,boneright,CANCELLED - SECTION 8,Dead/Cancelled,False,,False
173,NEAR_1_DELETION,1,76044828,,DO-E-RIGHT,2000-05-09,602,doeright,ABANDONED-FAILURE TO RESPOND OR LATE RESPONSE,Dead/Abandoned,False,035,True
173,NEAR_1_SUBSTITUTION,1,75869401,,BONE-RIGHT,1999-12-13,606,boneright,ABANDONED - NO STATEMENT OF USE FILED,Dead/Abandoned,False,005,True
174,EXACT,0,79364444,7490594,MAKE GOOD,2023-02-03,700,makegood,REGISTERED,Live/Registered,True,"025,035",True
174,EXACT,0,90387010,6501209,MAKE GOOD,2020-12-16,700,makegood,REGISTERED,Live/Registered,True,021,True
174,EXACT,0,85642880,4881849,MAKE GOOD,2012-06-04,702,makegood,SECTION 8 & 15-ACCEPTED AND ACKNOWLEDGED,Live/Registered,True,"035,041,042",True
174,EXACT,0,90241355,,MAKEGOOD,2020-10-08,614,makegood,ABANDONED PETITION TO REVIVE-DENIED,Dead/Abandoned,False,025,False
174,EXACT,0,87672949,,MAKE GOOD,2017-11-06,606,makegood,ABANDONED - NO STATEMENT OF USE FILED,Dead/Abandoned,False,035,True
174,EXACT,0,87244238,5236053,MAKE GOOD,2016-11-21,710,makegood,CANCELLED - SECTION 8,Dead/Cancelled,False,,False
174,NEAR_1_SUBSTITUTION,1,88624523,6913433,BAKE GOOD,2019-09-20,700,bakegood,REGISTERED,Live/Registered,True,030,False
174,NEAR_1_SUBSTITUTION,1,88981758,6450098,BAKE GOOD,2019-09-20,700,bakegood,REGISTERED,Live/Registered,True,"029,030",False
174,NEAR_1_SUBSTITUTION,1,88470146,6763109,MADE GOOD,2019-06-12,700,madegood,REGISTERED,Live/Registered,True,"029,030,032",False
174,NEAR_1_SUBSTITUTION,1,88470151,6903617,MADE GOOD,2019-06-12,700,madegood,REGISTERED,Live/Registered,True,"029,030,032",False
174,NEAR_1_SUBSTITUTION,1,88410930,6891610,MADE GOOD,2019-05-01,700,madegood,REGISTERED,Live/Registered,True,"029,030,032",False
174,NEAR_1_SUBSTITUTION,1,88350874,6901487,BAKEGOOD,2019-03-21,700,bakegood,REGISTERED,Live/Registered,True,030,False
174,NEAR_1_SUBSTITUTION,1,88976961,6031089,BAKEGOOD,2019-03-21,700,bakegood,REGISTERED,Live/Registered,True,030,False
174,NEAR_1_SUBSTITUTION,1,88981347,6412734,BAKEGOOD,2019-03-21,700,bakegood,REGISTERED,Live/Registered,True,029,False
174,NEAR_1_SUBSTITUTION,1,87409534,5368485,MADE GOOD,2017-04-12,702,madegood,SECTION 8 & 15-ACCEPTED AND ACKNOWLEDGED,Live/Registered,True,030,False
174,NEAR_1_SUBSTITUTION,1,87231811,5583292,MADE GOOD,2016-11-09,702,madegood,SECTION 8 & 15-ACCEPTED AND ACKNOWLEDGED,Live/Registered,True,030,False
174,NEAR_1_SUBSTITUTION,1,87231902,5578013,MADE GOOD,2016-11-09,702,madegood,SECTION 8 & 15-ACCEPTED AND ACKNOWLEDGED,Live/Registered,True,030,False
174,NEAR_1_SUBSTITUTION,1,86351737,4879409,MADE GOOD,2014-07-29,800,madegood,REGISTERED AND RENEWED,Live/Registered,True,"029,030",False
174,NEAR_1_SUBSTITUTION,1,86031056,4872616,MADE GOOD,2013-08-07,800,madegood,REGISTERED AND RENEWED,Live/Registered,True,"029,030",False
174,NEAR_1_SUBSTITUTION,1,98096508,,MADE GOOD,2023-07-21,602,madegood,ABANDONED-FAILURE TO RESPOND OR LATE RESPONSE,Dead/Abandoned,False,"035,041,042",True
174,NEAR_1_SUBSTITUTION,1,87134099,,MAKE GOLD,2016-08-10,602,makegold,ABANDONED-FAILURE TO RESPOND OR LATE RESPONSE,Dead/Abandoned,False,035,True
174,NEAR_1_SUBSTITUTION,1,85060673,,MADE GOOD,2010-06-11,602,madegood,ABANDONED-FAILURE TO RESPOND OR LATE RESPONSE,Dead/Abandoned,False,035,True
174,NEAR_1_SUBSTITUTION,1,77880988,3935350,MADE GOOD,2009-11-25,710,madegood,CANCELLED - SECTION 8,Dead/Cancelled,False,,False
175,EXACT,0,90485492,6594532,GOODFAITH,2021-01-25,700,goodfaith,REGISTERED,Live/Registered,True,011,False
175,EXACT,0,90238376,6790555,GOOD FAITH,2020-10-06,700,goodfaith,REGISTERED,Live/Registered,True,"003,005",True
175,EXACT,0,88829785,6770384,GOOD FAITH,2020-03-11,700,goodfaith,REGISTERED,Live/Registered,True,"009,016,025,041",False
175,EXACT,0,86425723,4747943,GOOD FAITH,2014-10-16,800,goodfaith,REGISTERED AND RENEWED,Live/Registered,True,032,False
175,EXACT,0,88765480,,GOOD FAITH,2020-01-20,602,goodfaith,ABANDONED-FAILURE TO RESPOND OR LATE RESPONSE,Dead/Abandoned,False,041,False
175,EXACT,0,87809966,5575321,GOODFAITH,2018-02-25,710,goodfaith,CANCELLED - SECTION 8,Dead/Cancelled,False,,False
175,EXACT,0,87576258,,GOOD FAITH,2017-08-20,602,goodfaith,ABANDONED-FAILURE TO RESPOND OR LATE RESPONSE,Dead/Abandoned,False,008,False
175,EXACT,0,87013600,5099883,GOOD FAITH,2016-04-25,710,goodfaith,CANCELLED - SECTION 8,Dead/Cancelled,False,,False
175,EXACT,0,87013608,5099884,GOOD FAITH,2016-04-25,710,goodfaith,CANCELLED - SECTION 8,Dead/Cancelled,False,,False
175,EXACT,0,85456219,4358688,GOOD FAITH,2011-10-26,710,goodfaith,CANCELLED - SECTION 8,Dead/Cancelled,False,,False
175,EXACT,0,78527864,3238064,GOOD FAITH,2004-12-06,710,goodfaith,CANCELLED - SECTION 8,Dead/Cancelled,False,,False
175,EXACT,0,76321767,2772291,GOOD FAITH,2001-10-05,710,goodfaith,CANCELLED - SECTION 8,Dead/Cancelled,False,,False
176,EXACT,0,97352062,7803862,IN GOOD FAITH,2022-04-07,700,ingoodfaith,REGISTERED,Live/Registered,True,"029,030,035",True
176,EXACT,0,98357244,,IN GOOD FAITH,2024-01-15,606,ingoodfaith,ABANDONED - NO STATEMENT OF USE FILED,Dead/Abandoned,False,043,False
176,EXACT,0,97826704,,IN GOOD FAITH,2023-03-07,602,ingoodfaith,ABANDONED-FAILURE TO RESPOND OR LATE RESPONSE,Dead/Abandoned,False,"032,043",False
176,EXACT,0,77946503,3856686,IN GOOD FAITH,2010-02-26,710,ingoodfaith,CANCELLED - SECTION 8,Dead/Cancelled,False,,False
176,EXACT,0,75556175,2269198,IN GOOD FAITH,1998-09-18,710,ingoodfaith,CANCELLED - SECTION 8,Dead/Cancelled,False,,False
176,EXACT,0,75556176,,IN GOOD FAITH,1998-09-18,606,ingoodfaith,ABANDONED - NO STATEMENT OF USE FILED,Dead/Abandoned,False,"020,021,024,027",True
176,EXACT,0,75074363,2129411,IN GOOD FAITH,1996-03-18,710,ingoodfaith,CANCELLED - SECTION 8,Dead/Cancelled,False,,False
178,EXACT,0,73590305,1413348,OUR WORD,1986-03-27,710,ourword,CANCELLED - SECTION 8,Dead/Cancelled,False,,False
178,EXACT,0,73260227,1197373,OUR WORD,1980-04-29,710,ourword,CANCELLED - SECTION 8,Dead/Cancelled,False,,False
178,NEAR_1_INSERTION,1,99671930,,OUR’WORLD,2026-02-26,681,ourworld,PUBLICATION/ISSUE REVIEW COMPLETE,Live/Pending,True,041,False
178,NEAR_1_INSERTION,1,88676993,6064214,OURWORLD,2019-11-01,700,ourworld,REGISTERED,Live/Registered,True,035,True
178,NEAR_1_INSERTION,1,86061506,4514539,YOURWORD,2013-09-11,710,yourword,CANCELLED - SECTION 8,Dead/Cancelled,False,,False
178,NEAR_1_INSERTION,1,77357670,,OUR WORLD,2007-12-21,606,ourworld,ABANDONED - NO STATEMENT OF USE FILED,Dead/Abandoned,False,003,True
178,NEAR_1_INSERTION,1,77318158,4074422,OUR WORLD,2007-10-31,710,ourworld,CANCELLED - SECTION 8,Dead/Cancelled,False,,False
178,NEAR_1_INSERTION,1,77246968,3911387,OUR WORLD,2007-08-03,710,ourworld,CANCELLED - SECTION 8,Dead/Cancelled,False,,False
178,NEAR_1_INSERTION,1,77978164,3720007,OUR WORLD,2007-08-03,710,ourworld,CANCELLED - SECTION 8,Dead/Cancelled,False,,False
178,NEAR_1_INSERTION,1,78838154,,OUR WORLD,2006-03-15,602,ourworld,ABANDONED-FAILURE TO RESPOND OR LATE RESPONSE,Dead/Abandoned,False,041,False
178,NEAR_1_INSERTION,1,78836561,,OUR WORLD,2006-03-14,601,ourworld,ABANDONED - EXPRESS,Dead/Abandoned,False,041,False
178,NEAR_1_INSERTION,1,78736973,,OUR WORLD,2005-10-20,606,ourworld,ABANDONED - NO STATEMENT OF USE FILED,Dead/Abandoned,False,"006,019,021",True
178,NEAR_1_INSERTION,1,78407212,3242864,OUR WORLD,2004-04-23,710,ourworld,CANCELLED - SECTION 8,Dead/Cancelled,False,,False
178,NEAR_1_SUBSTITUTION,1,75907758,,OUR FORD,2000-02-02,606,ourford,ABANDONED - NO STATEMENT OF USE FILED,Dead/Abandoned,False,038,False
178,NEAR_1_SUBSTITUTION,1,75907759,,OURFORD,2000-02-02,606,ourford,ABANDONED - NO STATEMENT OF USE FILED,Dead/Abandoned,False,038,False
178,NEAR_1_INSERTION,1,75761940,,OURWORLD,1999-07-27,602,ourworld,ABANDONED-FAILURE TO RESPOND OR LATE RESPONSE,Dead/Abandoned,False,041,False
178,NEAR_1_INSERTION,1,75686641,2374842,OUR WORLD,1999-04-19,710,ourworld,CANCELLED - SECTION 8,Dead/Cancelled,False,,False
178,NEAR_1_INSERTION,1,75051190,,OURWORLD,1996-01-31,606,ourworld,ABANDONED - NO STATEMENT OF USE FILED,Dead/Abandoned,False,042,False
178,NEAR_1_INSERTION,1,74661812,1960326,OUR WORLD,1995-04-17,710,ourworld,CANCELLED - SECTION 8,Dead/Cancelled,False,,False
178,NEAR_1_INSERTION,1,74538832,1945124,OUR WORLD,1994-06-17,710,ourworld,CANCELLED - SECTION 8,Dead/Cancelled,False,,False
178,NEAR_1_SUBSTITUTION,1,74322520,2012152,OUTWORD,1992-10-15,710,outword,CANCELLED - SECTION 8,Dead/Cancelled,False,,False
178,NEAR_1_INSERTION,1,74172890,,OUR WORLD,1991-06-04,602,ourworld,ABANDONED-FAILURE TO RESPOND OR LATE RESPONSE,Dead/Abandoned,False,,False
178,NEAR_1_INSERTION,1,74038840,,OUR WORLD,1990-03-15,606,ourworld,ABANDONED - NO STATEMENT OF USE FILED,Dead/Abandoned,False,,False
178,NEAR_1_INSERTION,1,73137554,1087745,OUR WORLD,1977-08-15,710,ourworld,CANCELLED - SECTION 8,Dead/Cancelled,False,,False
178,NEAR_1_INSERTION,1,72385303,0932294,OUR WORLD,1971-03-03,900,ourworld,EXPIRED,Dead/Expired,False,,False
179,EXACT,0,99163299,,GOODWORD,2025-04-30,730,goodword,FIRST EXTENSION - GRANTED,Live/Pending,True,"009,035,042,045",True
179,EXACT,0,98602397,7714758,GOOD WORD,2024-06-14,700,goodword,REGISTERED,Live/Registered,True,030,False
179,EXACT,0,97706092,,GOOD WORD,2022-12-06,602,goodword,ABANDONED-FAILURE TO RESPOND OR LATE RESPONSE,Dead/Abandoned,False,030,False
179,NEAR_1_SUBSTITUTION,1,99181240,8067877,GOODWOOD,2025-05-12,700,goodwood,REGISTERED,Live/Registered,True,028,False
179,NEAR_1_SUBSTITUTION,1,99001268,,GOODWOOD,2025-01-16,653,goodwood,SUSPENSION LETTER - MAILED,Live/Pending,True,"006,009,014,016,018,021,025,035,038,039,041",True
179,NEAR_1_SUBSTITUTION,1,97606457,7211617,GOODWOOD,2022-09-26,700,goodwood,REGISTERED,Live/Registered,True,005,True
179,NEAR_1_SUBSTITUTION,1,97573182,7683576,GOODWORK,2022-08-31,700,goodwork,REGISTERED,Live/Registered,True,"036,042",False
179,NEAR_1_INSERTION,1,88818672,6157431,GOODWORLD,2020-03-03,700,goodworld,REGISTERED,Live/Registered,True,042,False
179,NEAR_1_SUBSTITUTION,1,88198070,5781278,GOODWOOD,2018-11-17,701,goodwood,SECTION 8-ACCEPTED,Live/Registered,True,042,False
179,NEAR_1_SUBSTITUTION,1,87052914,6569507,GOODWOOD,2016-05-27,700,goodwood,REGISTERED,Live/Registered,True,020,False
179,NEAR_1_INSERTION,1,86717928,5093689,GOODWORLD,2015-08-07,702,goodworld,SECTION 8 & 15-ACCEPTED AND ACKNOWLEDGED,Live/Registered,True,036,False
179,NEAR_1_SUBSTITUTION,1,86091825,5098073,GOODWOOD,2013-10-15,705,goodwood,PARTIAL SECTION 8 & 15 ACCEPTED AND ACKNOWLEDGED,Live/Registered,True,"014,018,025,041",False
179,NEAR_1_SUBSTITUTION,1,86025435,4497538,GOODWORK,2013-07-31,800,goodwork,REGISTERED AND RENEWED,Live/Registered,True,036,False
179,NEAR_1_INSERTION,1,85615826,4284079,GOOD WORLD,2012-05-03,800,goodworld,REGISTERED AND RENEWED,Live/Registered,True,035,True
179,NEAR_1_SUBSTITUTION,1,99461534,,GOODWOOD,2025-10-24,602,goodwood,ABANDONED-FAILURE TO RESPOND OR LATE RESPONSE,Dead/Abandoned,False,034,False
179,NEAR_1_SUBSTITUTION,1,98833575,,GOOD WORK,2024-11-01,606,goodwork,ABANDONED - NO STATEMENT OF USE FILED,Dead/Abandoned,False,009,False
179,NEAR_1_SUBSTITUTION,1,97504522,,GOODWOOD,2022-07-15,604,goodwood,ABANDONED - AFTER INTER-PARTES DECISION,Dead/Abandoned,False,,False
179,NEAR_1_SUBSTITUTION,1,97384388,,GOOD WOOD,2022-04-27,602,goodwood,ABANDONED-FAILURE TO RESPOND OR LATE RESPONSE,Dead/Abandoned,False,025,False
179,NEAR_1_SUBSTITUTION,1,97326351,,GOOD WOOD,2022-03-23,602,goodwood,ABANDONED-FAILURE TO RESPOND OR LATE RESPONSE,Dead/Abandoned,False,034,False
179,NEAR_1_SUBSTITUTION,1,90718791,,GOOD WORK,2021-05-18,606,goodwork,ABANDONED - NO STATEMENT OF USE FILED,Dead/Abandoned,False,025,False
179,NEAR_1_SUBSTITUTION,1,90339831,,GOOD WOOD,2020-11-24,602,goodwood,ABANDONED-FAILURE TO RESPOND OR LATE RESPONSE,Dead/Abandoned,False,034,False
179,NEAR_1_SUBSTITUTION,1,90064616,,GOODWOOD,2020-07-21,602,goodwood,ABANDONED-FAILURE TO RESPOND OR LATE RESPONSE,Dead/Abandoned,False,"009,014",False
179,NEAR_1_SUBSTITUTION,1,88235491,5900895,GOODWOOD,2018-12-19,710,goodwood,CANCELLED - SECTION 8,Dead/Cancelled,False,,False
179,NEAR_1_SUBSTITUTION,1,87953090,6066573,GOODWORK,2018-06-07,711,goodwork,CANCELLED - SECTION 7,Dead/Cancelled,False,,False
179,NEAR_1_SUBSTITUTION,1,87953131,6066574,GOODWORK.,2018-06-07,711,goodwork,CANCELLED - SECTION 7,Dead/Cancelled,False,,False
179,NEAR_1_SUBSTITUTION,1,87953189,6066575,GOODWORK.,2018-06-07,711,goodwork,CANCELLED - SECTION 7,Dead/Cancelled,False,,False
179,NEAR_1_SUBSTITUTION,1,87807943,5575194,GOOD LORD,2018-02-22,710,goodlord,CANCELLED - SECTION 8,Dead/Cancelled,False,,False
179,NEAR_1_SUBSTITUTION,1,79225866,5790146,GOODLORD,2017-09-18,709,goodlord,CANCELLED SECTION 71,Dead/Cancelled,False,,False
179,NEAR_1_SUBSTITUTION,1,79230709,5790173,GOODLORD,2017-09-18,709,goodlord,CANCELLED SECTION 71,Dead/Cancelled,False,,False
179,NEAR_1_SUBSTITUTION,1,87977653,5590473,GOODWOOD,2016-05-27,710,goodwood,CANCELLED - SECTION 8,Dead/Cancelled,False,,False
179,NEAR_1_SUBSTITUTION,1,86964039,5077761,WOODWORD,2016-04-05,710,woodword,CANCELLED - SECTION 8,Dead/Cancelled,False,,False
179,NEAR_1_SUBSTITUTION,1,86395491,4856627,GOOD WORK,2014-09-15,710,goodwork,CANCELLED - SECTION 8,Dead/Cancelled,False,,False
179,NEAR_1_SUBSTITUTION,1,86379068,5248374,GOODWOOD,2014-08-27,710,goodwood,CANCELLED - SECTION 8,Dead/Cancelled,False,,False
179,NEAR_1_INSERTION,1,86293610,,GOODWORLD,2014-05-28,602,goodworld,ABANDONED-FAILURE TO RESPOND OR LATE RESPONSE,Dead/Abandoned,False,036,False
179,NEAR_1_SUBSTITUTION,1,86073214,,GOODWOOD,2013-09-24,606,goodwood,ABANDONED - NO STATEMENT OF USE FILED,Dead/Abandoned,False,041,False
179,NEAR_1_SUBSTITUTION,1,85185150,,GOODWOOD,2010-11-24,606,goodwood,ABANDONED - NO STATEMENT OF USE FILED,Dead/Abandoned,False,019,False
179,NEAR_1_SUBSTITUTION,1,77868923,3810561,GOODWOOD,2009-11-10,710,goodwood,CANCELLED - SECTION 8,Dead/Cancelled,False,,False
179,NEAR_1_SUBSTITUTION,1,77259332,,GOOD WOOD,2007-08-20,602,goodwood,ABANDONED-FAILURE TO RESPOND OR LATE RESPONSE,Dead/Abandoned,False,028,False
179,NEAR_1_SUBSTITUTION,1,77254658,,GOODWOOD,2007-08-14,602,goodwood,ABANDONED-FAILURE TO RESPOND OR LATE RESPONSE,Dead/Abandoned,False,028,False
179,NEAR_1_SUBSTITUTION,1,77245801,3519054,GOODWOOD,2007-08-02,710,goodwood,CANCELLED - SECTION 8,Dead/Cancelled,False,,False
179,NEAR_1_INSERTION,1,78670924,3188964,GOOD WORLD,2005-07-14,710,goodworld,CANCELLED - SECTION 8,Dead/Cancelled,False,,False
179,NEAR_1_SUBSTITUTION,1,78076937,2626743,GOODWOOD,2001-08-01,710,goodwood,CANCELLED - SECTION 8,Dead/Cancelled,False,,False
179,NEAR_1_SUBSTITUTION,1,76230932,2622188,GOODWORK,2001-03-28,710,goodwork,CANCELLED - SECTION 8,Dead/Cancelled,False,,False
179,NEAR_1_SUBSTITUTION,1,76023031,3310204,GOODWOOD,2000-04-11,710,goodwood,CANCELLED - SECTION 8,Dead/Cancelled,False,,False
179,NEAR_1_SUBSTITUTION,1,75626888,,GOOD WOOD,1999-01-25,602,goodwood,ABANDONED-FAILURE TO RESPOND OR LATE RESPONSE,Dead/Abandoned,False,019,False
179,NEAR_1_SUBSTITUTION,1,75457708,,GOODWOOD,1998-03-27,602,goodwood,ABANDONED-FAILURE TO RESPOND OR LATE RESPONSE,Dead/Abandoned,False,"020,021",True
179,NEAR_1_INSERTION,1,75351689,2193743,GOODWORDS,1997-09-04,710,goodwords,CANCELLED - SECTION 8,Dead/Cancelled,False,,False
179,NEAR_1_SUBSTITUTION,1,75310231,,GOOD WOOD,1997-06-17,602,goodwood,ABANDONED-FAILURE TO RESPOND OR LATE RESPONSE,Dead/Abandoned,False,,False
179,NEAR_1_SUBSTITUTION,1,73836553,1614460,GOOD WOOD,1989-11-06,710,goodwood,CANCELLED - SECTION 8,Dead/Cancelled,False,,False
179,NEAR_1_SUBSTITUTION,1,73462200,1308385,GOODWOOD,1984-01-23,710,goodwood,CANCELLED - SECTION 8,Dead/Cancelled,False,,False
179,NEAR_1_SUBSTITUTION,1,73381147,1259443,GOOD WOOD,1982-08-23,710,goodwood,CANCELLED - SECTION 8,Dead/Cancelled,False,,False
179,NEAR_1_SUBSTITUTION,1,73371867,,GOODWOOD,1982-06-28,602,goodwood,ABANDONED-FAILURE TO RESPOND OR LATE RESPONSE,Dead/Abandoned,False,,False
179,NEAR_1_SUBSTITUTION,1,72171377,0773014,GOODWOOD,1963-06-19,710,goodwood,CANCELLED - SECTION 8,Dead/Cancelled,False,,False
181,EXACT,0,99783905,,UPFRONT,2026-04-23,630,upfront,NEW APPLICATION - RECORD INITIALIZED NOT ASSIGNED TO EXAMINER,Live/Pending,True,041,False
181,EXACT,0,99298853,,UPFRONT,2025-07-23,688,upfront,NOTICE OF ALLOWANCE - ISSUED,Live/Pending,True,045,False
181,EXACT,0,99298858,,UPFRONT,2025-07-23,645,upfront,FINAL REFUSAL - MAILED,Live/Pending,True,044,True
181,EXACT,0,99298862,,UPFRONT,2025-07-23,645,upfront,FINAL REFUSAL - MAILED,Live/Pending,True,041,False
181,EXACT,0,99298866,,UPFRONT,2025-07-23,641,upfront,NON-FINAL ACTION - MAILED,Live/Pending,True,009,False
181,EXACT,0,98928796,,UP<FRONT,2024-12-30,819,upfront,SU - REGISTRATION REVIEW COMPLETE,Live/Pending,True,020,False
181,EXACT,0,79327545,7082491,UPFRONT,2021-05-20,700,upfront,REGISTERED,Live/Registered,True,"003,005,029,030,032,035,044",True
181,EXACT,0,86282148,4645270,UPFRONT,2014-05-15,800,upfront,REGISTERED AND RENEWED,Live/Registered,True,036,False
181,EXACT,0,77689780,3736190,UPFRONT,2009-03-12,800,upfront,REGISTERED AND RENEWED,Live/Registered,True,"035,037,042",True
181,EXACT,0,77688590,3736185,UPFRONT,2009-03-11,800,upfront,REGISTERED AND RENEWED,Live/Registered,True,"035,037,042",True
181,EXACT,0,76653459,3291387,UPFRONT,2006-01-12,800,upfront,REGISTERED AND RENEWED,Live/Registered,True,"016,044",True
181,EXACT,0,76256390,2624151,UP FRONT,2001-05-14,800,upfront,REGISTERED AND RENEWED,Live/Registered,True,035,True
181,EXACT,0,75708969,2329688,UPFRONT,1999-05-15,800,upfront,REGISTERED AND RENEWED,Live/Registered,True,016,False
181,EXACT,0,97690119,,UPFRONT,2022-11-23,606,upfront,ABANDONED - NO STATEMENT OF USE FILED,Dead/Abandoned,False,"009,042",False
181,EXACT,0,88753434,,UP FRONT,2020-01-09,602,upfront,ABANDONED-FAILURE TO RESPOND OR LATE RESPONSE,Dead/Abandoned,False,"005,029",True
181,EXACT,0,86941313,,UP FRONT,2016-03-15,602,upfront,ABANDONED-FAILURE TO RESPOND OR LATE RESPONSE,Dead/Abandoned,False,029,False
181,EXACT,0,86717708,5039162,UP FRONT,2015-08-07,710,upfront,CANCELLED - SECTION 8,Dead/Cancelled,False,,False
181,EXACT,0,85832806,4507407,UP FRONT,2013-01-25,710,upfront,CANCELLED - SECTION 8,Dead/Cancelled,False,,False
181,EXACT,0,85764738,4415984,UPFRONT,2012-10-26,710,upfront,CANCELLED - SECTION 8,Dead/Cancelled,False,,False
181,EXACT,0,77775703,3941348,UPFRONT,2009-07-07,710,upfront,CANCELLED - SECTION 8,Dead/Cancelled,False,,False
181,EXACT,0,77624185,,UP FRONT,2008-12-01,606,upfront,ABANDONED - NO STATEMENT OF USE FILED,Dead/Abandoned,False,"009,028",False
181,EXACT,0,77141528,3565255,UPFRONT,2007-03-27,710,upfront,CANCELLED - SECTION 8,Dead/Cancelled,False,,False
181,EXACT,0,78826509,,UP FRONT,2006-03-01,602,upfront,ABANDONED-FAILURE TO RESPOND OR LATE RESPONSE,Dead/Abandoned,False,041,False
181,EXACT,0,78296143,3003604,UPFRONT,2003-09-04,710,upfront,CANCELLED - SECTION 8,Dead/Cancelled,False,,False
181,EXACT,0,76384079,2726729,UPFRONT,2002-03-07,710,upfront,CANCELLED - SECTION 8,Dead/Cancelled,False,,False
181,EXACT,0,76368244,2708853,UP FRONT,2002-02-08,710,upfront,CANCELLED - SECTION 8,Dead/Cancelled,False,,False
181,EXACT,0,76318343,2749416,UPFRONT,2001-09-27,710,upfront,CANCELLED - SECTION 8,Dead/Cancelled,False,,False
181,EXACT,0,76185354,,UPFRONT,2000-12-22,602,upfront,ABANDONED-FAILURE TO RESPOND OR LATE RESPONSE,Dead/Abandoned,False,035,True
181,EXACT,0,76085822,2457387,UPFRONT,2000-07-10,710,upfront,CANCELLED - SECTION 8,Dead/Cancelled,False,,False
181,EXACT,0,75943645,2423500,UPFRONT,2000-03-14,710,upfront,CANCELLED - SECTION 8,Dead/Cancelled,False,,False
181,EXACT,0,75708970,2353610,UPFRONT,1999-05-15,710,upfront,CANCELLED - SECTION 8,Dead/Cancelled,False,,False
181,EXACT,0,75404024,2380264,UPFRONT,1997-12-11,710,upfront,CANCELLED - SECTION 8,Dead/Cancelled,False,,False
181,EXACT,0,75404025,2374177,UPFRONT,1997-12-11,710,upfront,CANCELLED - SECTION 8,Dead/Cancelled,False,,False
181,EXACT,0,75181026,2099434,UPFRONT,1996-10-15,710,upfront,CANCELLED - SECTION 8,Dead/Cancelled,False,,False
181,EXACT,0,75128346,,UP FRONT,1996-07-01,606,upfront,ABANDONED - NO STATEMENT OF USE FILED,Dead/Abandoned,False,,False
181,EXACT,0,75056202,2085452,UP FRONT,1996-02-12,710,upfront,CANCELLED - SECTION 8,Dead/Cancelled,False,,False
181,EXACT,0,75047583,2023951,UPFRONT,1996-01-23,710,upfront,CANCELLED - SECTION 8,Dead/Cancelled,False,,False
181,EXACT,0,75034150,,UPFRONT,1995-12-18,602,upfront,ABANDONED-FAILURE TO RESPOND OR LATE RESPONSE,Dead/Abandoned,False,,False
181,EXACT,0,75029291,2173370,UPFRONT,1995-12-07,710,upfront,CANCELLED - SECTION 8,Dead/Cancelled,False,,False
181,EXACT,0,74568721,,UPFRONT,1994-09-01,606,upfront,ABANDONED - NO STATEMENT OF USE FILED,Dead/Abandoned,False,,False
181,EXACT,0,74519152,,UPFRONT,1994-05-02,603,upfront,ABANDONED - AFTER EX PARTE APPEAL,Dead/Abandoned,False,,False
181,EXACT,0,74464192,1965921,UP FRONT,1993-11-30,710,upfront,CANCELLED - SECTION 8,Dead/Cancelled,False,,False
181,EXACT,0,74420494,1831009,UP FRONT,1993-08-03,710,upfront,CANCELLED - SECTION 8,Dead/Cancelled,False,,False
181,EXACT,0,74360936,,UP FRONT,1993-02-22,606,upfront,ABANDONED - NO STATEMENT OF USE FILED,Dead/Abandoned,False,,False
181,EXACT,0,74802399,1915844,UP FRONT,1993-02-22,710,upfront,CANCELLED - SECTION 8,Dead/Cancelled,False,,False
181,EXACT,0,74298647,1807994,UPFRONT,1992-07-27,710,upfront,CANCELLED - SECTION 8,Dead/Cancelled,False,,False
181,EXACT,0,74298650,,UPFRONT,1992-07-27,605,upfront,ABANDONED EXPRESS AFTER PUB,Dead/Abandoned,False,,False
181,EXACT,0,73678690,1501072,UPFRONT,1987-08-17,710,upfront,CANCELLED - SECTION 8,Dead/Cancelled,False,,False
181,EXACT,0,73660131,1469762,UP FRONT,1987-05-11,710,upfront,CANCELLED - SECTION 8,Dead/Cancelled,False,,False
181,EXACT,0,73618672,1434718,UP FRONT,1986-09-08,710,upfront,CANCELLED - SECTION 8,Dead/Cancelled,False,,False
181,EXACT,0,73570240,,UPFRONT,1985-11-25,605,upfront,ABANDONED EXPRESS AFTER PUB,Dead/Abandoned,False,,False
181,EXACT,0,73540153,1404435,UP FRONT,1985-05-28,710,upfront,CANCELLED - SECTION 8,Dead/Cancelled,False,,False
181,EXACT,0,73478318,1358176,UP FRONT,1984-05-02,710,upfront,CANCELLED - SECTION 8,Dead/Cancelled,False,,False
181,EXACT,0,73453016,1308872,UP FRONT,1983-11-16,710,upfront,CANCELLED - SECTION 8,Dead/Cancelled,False,,False
181,EXACT,0,73415656,,UP FRONT,1983-03-03,602,upfront,ABANDONED-FAILURE TO RESPOND OR LATE RESPONSE,Dead/Abandoned,False,,False
181,EXACT,0,73400143,1334386,UPFRONT,1982-10-18,710,upfront,CANCELLED - SECTION 8,Dead/Cancelled,False,,False
181,EXACT,0,73328325,1210651,UP FRONT,1981-09-17,713,upfront,CANCELLED - SECTION 18,Dead/Cancelled,False,,False
181,EXACT,0,73326717,1245615,UP FRONT,1981-09-04,710,upfront,CANCELLED - SECTION 8,Dead/Cancelled,False,,False
181,EXACT,0,73230215,1183713,UP FRONT,1979-09-05,710,upfront,CANCELLED - SECTION 8,Dead/Cancelled,False,,False
181,EXACT,0,73171371,1113250,UPFRONT,1978-05-22,710,upfront,CANCELLED - SECTION 8,Dead/Cancelled,False,,False
181,EXACT,0,72350362,0908591,UP FRONT,1970-02-03,900,upfront,EXPIRED,Dead/Expired,False,,False
181,EXACT,0,72324246,0904318,UP-FRONT,1969-04-10,900,upfront,EXPIRED,Dead/Expired,False,,False
181,EXACT,0,72315051,0878879,UP FRONT,1968-12-23,900,upfront,EXPIRED,Dead/Expired,False,,False
181,NEAR_1_INSERTION,1,99919728,,UPFRONTS,2026-07-02,630,upfronts,NEW APPLICATION - RECORD INITIALIZED NOT ASSIGNED TO EXAMINER,Live/Pending,True,041,False
182,EXACT,0,87806437,5631158,FACEUP,2018-02-22,701,faceup,SECTION 8-ACCEPTED,Live/Registered,True,"009,042",False
182,EXACT,0,77455155,3540177,FACE UP,2008-04-22,800,faceup,REGISTERED AND RENEWED,Live/Registered,True,"016,035,041",True
182,EXACT,0,90846607,,FACE UP,2021-07-24,602,faceup,ABANDONED-FAILURE TO RESPOND OR LATE RESPONSE,Dead/Abandoned,False,005,True
182,EXACT,0,87899695,,FACEUP,2018-04-30,602,faceup,ABANDONED-FAILURE TO RESPOND OR LATE RESPONSE,Dead/Abandoned,False,010,True
182,EXACT,0,87806455,5631159,FACEUP,2018-02-22,710,faceup,CANCELLED - SECTION 8,Dead/Cancelled,False,,False
182,EXACT,0,87185570,,FACE UP,2016-09-28,606,faceup,ABANDONED - NO STATEMENT OF USE FILED,Dead/Abandoned,False,009,False
182,EXACT,0,86863697,,FACEUP,2016-01-01,605,faceup,ABANDONED EXPRESS AFTER PUB,Dead/Abandoned,False,,False
182,EXACT,0,85696628,,FACE UP,2012-08-06,602,faceup,ABANDONED-FAILURE TO RESPOND OR LATE RESPONSE,Dead/Abandoned,False,003,True
182,EXACT,0,85696631,,FACE UP,2012-08-06,602,faceup,ABANDONED-FAILURE TO RESPOND OR LATE RESPONSE,Dead/Abandoned,False,003,True
182,EXACT,0,85644564,,FACE UP,2012-06-06,606,faceup,ABANDONED - NO STATEMENT OF USE FILED,Dead/Abandoned,False,041,False
182,EXACT,0,77618595,,FACE-UP,2008-11-20,602,faceup,ABANDONED-FAILURE TO RESPOND OR LATE RESPONSE,Dead/Abandoned,False,028,False
182,EXACT,0,77366024,,FACE UP,2008-01-07,606,faceup,ABANDONED - NO STATEMENT OF USE FILED,Dead/Abandoned,False,041,False
182,EXACT,0,78465489,,FACE UP,2004-08-11,606,faceup,ABANDONED - NO STATEMENT OF USE FILED,Dead/Abandoned,False,003,True
182,EXACT,0,73403586,1374291,FACE UP,1982-11-22,710,faceup,CANCELLED - SECTION 8,Dead/Cancelled,False,,False
182,EXACT,0,73317533,1243357,FACE UP,1981-07-06,710,faceup,CANCELLED - SECTION 8,Dead/Cancelled,False,,False
182,EXACT,0,73317724,1243358,FACE UP,1981-07-06,710,faceup,CANCELLED - SECTION 8,Dead/Cancelled,False,,False
182,EXACT,0,72346840,0916778,FACE-UP,1969-12-22,900,faceup,EXPIRED,Dead/Expired,False,,False
182,EXACT,0,72130372,0736535,FACE UP,1961-10-20,900,faceup,EXPIRED,Dead/Expired,False,,False
182,NEAR_1_DELETION,1,99453073,,ACEUP,2025-10-20,641,aceup,NON-FINAL ACTION - MAILED,Live/Pending,True,021,True
182,NEAR_1_SUBSTITUTION,1,98388614,7933728,FAZE UP,2024-02-02,700,fazeup,REGISTERED,Live/Registered,True,"005,032",True
182,NEAR_1_DELETION,1,97837071,7327365,ACE-UP,2023-03-13,700,aceup,REGISTERED,Live/Registered,True,005,True
182,NEAR_1_DELETION,1,97837078,7327366,ACE-UP,2023-03-13,700,aceup,REGISTERED,Live/Registered,True,030,False
182,NEAR_1_SUBSTITUTION,1,97830556,,FACT UP,2023-03-09,733,factup,FOURTH EXTENSION - GRANTED,Live/Pending,True,"028,041",False
182,NEAR_1_DELETION,1,97659042,7689850,ACEUP,2022-11-02,700,aceup,REGISTERED,Live/Registered,True,"009,035,041,042",True
182,NEAR_1_SUBSTITUTION,1,97316649,,LACEUP,2022-03-17,654,laceup,REPORT COMPLETED SUSPENSION CHECK - CASE STILL SUSPENDED,Live/Pending,True,035,True
182,NEAR_1_SUBSTITUTION,1,97316652,,LACEUP,2022-03-17,654,laceup,REPORT COMPLETED SUSPENSION CHECK - CASE STILL SUSPENDED,Live/Pending,True,028,False
182,NEAR_1_SUBSTITUTION,1,97041458,6910540,FAMEUP,2021-09-23,700,fameup,REGISTERED,Live/Registered,True,"009,042",False
182,NEAR_1_DELETION,1,79318457,7307168,FA CUP,2021-01-08,700,facup,REGISTERED,Live/Registered,True,"009,025,038,041",False
182,NEAR_1_SUBSTITUTION,1,90434777,,LACE UP,2020-12-30,654,laceup,REPORT COMPLETED SUSPENSION CHECK - CASE STILL SUSPENDED,Live/Pending,True,"009,025,041",False
182,NEAR_1_SUBSTITUTION,1,88834759,6296798,LACE UP,2020-03-14,780,laceup,CANCELLATION TERMINATED - SEE TTAB RECORDS,Live/Registered,True,041,False
182,NEAR_1_SUBSTITUTION,1,87358576,5356838,LACE UP,2017-03-04,701,laceup,SECTION 8-ACCEPTED,Live/Registered,True,028,False
182,NEAR_1_DELETION,1,86843615,5351125,ACE-UP,2015-12-09,702,aceup,SECTION 8 & 15-ACCEPTED AND ACKNOWLEDGED,Live/Registered,True,"035,041",True
182,NEAR_1_SUBSTITUTION,1,88301339,5844050,LACEUP,2019-02-14,710,laceup,CANCELLED - SECTION 8,Dead/Cancelled,False,,False
182,NEAR_1_SUBSTITUTION,1,88036963,,FACT UP,2018-07-13,606,factup,ABANDONED - NO STATEMENT OF USE FILED,Dead/Abandoned,False,"028,041",False
182,NEAR_1_DELETION,1,87788339,,ACE UP,2018-02-07,605,aceup,ABANDONED EXPRESS AFTER PUB,Dead/Abandoned,False,,False
182,NEAR_1_DELETION,1,87635339,,ACE UP,2017-10-05,606,aceup,ABANDONED - NO STATEMENT OF USE FILED,Dead/Abandoned,False,003,True
182,NEAR_1_DELETION,1,86862774,,FACEU,2015-12-31,606,faceu,ABANDONED - NO STATEMENT OF USE FILED,Dead/Abandoned,False,009,False
182,NEAR_1_DELETION,1,86862776,,FACEU,2015-12-31,606,faceu,ABANDONED - NO STATEMENT OF USE FILED,Dead/Abandoned,False,035,True
182,NEAR_1_DELETION,1,86862778,,FACEU,2015-12-31,606,faceu,ABANDONED - NO STATEMENT OF USE FILED,Dead/Abandoned,False,038,False
182,NEAR_1_DELETION,1,86862786,,FACEU,2015-12-31,606,faceu,ABANDONED - NO STATEMENT OF USE FILED,Dead/Abandoned,False,042,False
182,NEAR_1_DELETION,1,86843663,5536175,ACEUP,2015-12-09,710,aceup,CANCELLED - SECTION 8,Dead/Cancelled,False,,False
182,NEAR_1_SUBSTITUTION,1,85526970,4619324,LACE UP,2012-01-27,710,laceup,CANCELLED - SECTION 8,Dead/Cancelled,False,,False
182,NEAR_1_SUBSTITUTION,1,85461357,4255109,FACT UP,2011-11-01,710,factup,CANCELLED - SECTION 8,Dead/Cancelled,False,,False
182,NEAR_1_INSERTION,1,85394128,4302166,FACEUP2,2011-08-10,710,faceup2,CANCELLED - SECTION 8,Dead/Cancelled,False,,False
182,NEAR_1_SUBSTITUTION,1,85331735,4152949,LACE UP,2011-05-26,710,laceup,CANCELLED - SECTION 8,Dead/Cancelled,False,,False
182,NEAR_1_SUBSTITUTION,1,85313338,4176835,LACEUP,2011-05-05,710,laceup,CANCELLED - SECTION 8,Dead/Cancelled,False,,False
182,NEAR_1_SUBSTITUTION,1,85308125,,FAKE-UP,2011-04-29,602,fakeup,ABANDONED-FAILURE TO RESPOND OR LATE RESPONSE,Dead/Abandoned,False,028,False
182,NEAR_1_SUBSTITUTION,1,85154979,4358371,FAKEUP,2010-10-18,710,fakeup,CANCELLED - SECTION 8,Dead/Cancelled,False,,False
182,NEAR_1_SUBSTITUTION,1,77814260,3883980,FACT UP,2009-08-27,710,factup,CANCELLED - SECTION 8,Dead/Cancelled,False,,False
182,NEAR_1_INSERTION,1,77367877,3484353,FACEUPS,2008-01-09,710,faceups,CANCELLED - SECTION 8,Dead/Cancelled,False,,False
182,NEAR_1_SUBSTITUTION,1,77274382,,LACEUP,2007-09-07,602,laceup,ABANDONED-FAILURE TO RESPOND OR LATE RESPONSE,Dead/Abandoned,False,020,False
182,NEAR_1_SUBSTITUTION,1,78883346,,LACE UP,2006-05-15,602,laceup,ABANDONED-FAILURE TO RESPOND OR LATE RESPONSE,Dead/Abandoned,False,025,False
182,NEAR_1_SUBSTITUTION,1,78883428,,LACE UP!,2006-05-15,606,laceup,ABANDONED - NO STATEMENT OF USE FILED,Dead/Abandoned,False,025,False
182,NEAR_1_SUBSTITUTION,1,78351620,,FAKE-UP,2004-01-14,602,fakeup,ABANDONED-FAILURE TO RESPOND OR LATE RESPONSE,Dead/Abandoned,False,003,True
182,NEAR_1_DELETION,1,75869100,,FA-CUP,1999-12-10,602,facup,ABANDONED-FAILURE TO RESPOND OR LATE RESPONSE,Dead/Abandoned,False,021,True
183,EXACT,0,97152820,6941803,OWNUP!,2021-12-02,700,ownup,REGISTERED,Live/Registered,True,041,False
183,EXACT,0,88233472,6598230,OWN UP,2018-12-18,700,ownup,REGISTERED,Live/Registered,True,"035,036",True
183,EXACT,0,97191437,,OWN UP,2021-12-27,602,ownup,ABANDONED-FAILURE TO RESPOND OR LATE RESPONSE,Dead/Abandoned,False,036,False
183,EXACT,0,77136406,3347710,OWN UP,2007-03-21,710,ownup,CANCELLED - SECTION 8,Dead/Cancelled,False,,False
183,EXACT,0,76566474,,OWN UP,2003-12-22,606,ownup,ABANDONED - NO STATEMENT OF USE FILED,Dead/Abandoned,False,028,False
183,NEAR_1_SUBSTITUTION,1,98555932,,OWNUR,2024-05-17,688,ownur,NOTICE OF ALLOWANCE - ISSUED,Live/Pending,True,"018,025",False
183,NEAR_1_DELETION,1,79343214,7416123,OWNU,2022-02-02,700,ownu,REGISTERED,Live/Registered,True,"009,025,028,041",False
183,NEAR_1_DELETION,1,90801123,6787450,OWUP,2021-06-29,700,owup,REGISTERED,Live/Registered,True,035,True
183,NEAR_1_DELETION,1,90237855,6450570,OWNU,2020-10-06,700,ownu,REGISTERED,Live/Registered,True,009,False
183,NEAR_1_DELETION,1,90238766,6640680,OWNU,2020-10-06,700,ownu,REGISTERED,Live/Registered,True,028,False
183,NEAR_1_DELETION,1,90238769,6640681,OWNU,2020-10-06,700,ownu,REGISTERED,Live/Registered,True,025,False
183,NEAR_1_DELETION,1,90238781,6640682,OWNU,2020-10-06,700,ownu,REGISTERED,Live/Registered,True,041,False
183,NEAR_1_TRANSPOSITION,1,88833858,6464546,WON UP,2020-03-13,700,wonup,REGISTERED,Live/Registered,True,025,False
183,NEAR_1_TRANSPOSITION,1,88833873,6449779,WON UP,2020-03-13,700,wonup,REGISTERED,Live/Registered,True,025,False
183,NEAR_1_DELETION,1,88585572,6017764,ONUP,2019-08-20,700,onup,REGISTERED,Live/Registered,True,041,False
183,NEAR_1_DELETION,1,98734703,,ONUP,2024-09-05,602,onup,ABANDONED-FAILURE TO RESPOND OR LATE RESPONSE,Dead/Abandoned,False,025,False
183,NEAR_1_SUBSTITUTION,1,90261173,,OWNUM,2020-10-17,606,ownum,ABANDONED - NO STATEMENT OF USE FILED,Dead/Abandoned,False,009,False
183,NEAR_1_SUBSTITUTION,1,90261177,,OWNUM,2020-10-17,606,ownum,ABANDONED - NO STATEMENT OF USE FILED,Dead/Abandoned,False,009,False
183,NEAR_1_INSERTION,1,88855640,,GOWNUP,2020-04-01,606,gownup,ABANDONED - NO STATEMENT OF USE FILED,Dead/Abandoned,False,010,True
183,NEAR_1_DELETION,1,88305357,5899084,ONUP,2019-02-18,710,onup,CANCELLED - SECTION 8,Dead/Cancelled,False,,False
183,NEAR_1_DELETION,1,88016946,,ON UP,2018-06-27,606,onup,ABANDONED - NO STATEMENT OF USE FILED,Dead/Abandoned,False,035,True
183,NEAR_1_SUBSTITUTION,1,87938800,5863906,OWNUM,2018-05-29,710,ownum,CANCELLED - SECTION 8,Dead/Cancelled,False,,False
183,NEAR_1_INSERTION,1,86807455,,OWNCUP,2015-11-03,606,owncup,ABANDONED - NO STATEMENT OF USE FILED,Dead/Abandoned,False,021,True
183,NEAR_1_DELETION,1,86740198,5125309,ONUP,2015-08-28,710,onup,CANCELLED - SECTION 8,Dead/Cancelled,False,,False
183,NEAR_1_INSERTION,1,86383332,5050294,GOWNUP,2014-09-02,713,gownup,CANCELLED - SECTION 18,Dead/Cancelled,False,,False
184,EXACT,0,98054461,7433627,SPEAKUP!,2023-06-22,700,speakup,REGISTERED,Live/Registered,True,041,False
184,EXACT,0,97621351,7496593,SPEAK UP,2022-10-06,700,speakup,REGISTERED,Live/Registered,True,009,False
184,EXACT,0,90083405,6481992,SPEAK UP,2020-07-30,700,speakup,REGISTERED,Live/Registered,True,"041,042",False
184,EXACT,0,86957204,5117826,SPEAK UP!,2016-03-29,701,speakup,SECTION 8-ACCEPTED,Live/Registered,True,009,False
184,EXACT,0,86957211,5131865,SPEAK UP!,2016-03-29,701,speakup,SECTION 8-ACCEPTED,Live/Registered,True,009,False
184,EXACT,0,86329654,4684738,SPEAKUP,2014-07-07,800,speakup,REGISTERED AND RENEWED,Live/Registered,True,042,False
184,EXACT,0,76374027,2736090,SPEAKUP!,2002-02-22,800,speakup,REGISTERED AND RENEWED,Live/Registered,True,041,False
184,EXACT,0,97661784,,SPEAK UP,2022-11-03,602,speakup,ABANDONED-FAILURE TO RESPOND OR LATE RESPONSE,Dead/Abandoned,False,"009,041",False
184,EXACT,0,97661789,,SPEAK UP,2022-11-03,602,speakup,ABANDONED-FAILURE TO RESPOND OR LATE RESPONSE,Dead/Abandoned,False,"009,041",False
184,EXACT,0,97361420,,S.P.E.A.K. UP,2022-04-13,602,speakup,ABANDONED-FAILURE TO RESPOND OR LATE RESPONSE,Dead/Abandoned,False,"009,041",False
184,EXACT,0,90823987,,SPEAK UP,2021-07-12,602,speakup,ABANDONED-FAILURE TO RESPOND OR LATE RESPONSE,Dead/Abandoned,False,025,False
184,EXACT,0,90812588,,SPEAK UP,2021-07-06,602,speakup,ABANDONED-FAILURE TO RESPOND OR LATE RESPONSE,Dead/Abandoned,False,041,False
184,EXACT,0,88516501,,SPEAK UP,2019-07-16,602,speakup,ABANDONED-FAILURE TO RESPOND OR LATE RESPONSE,Dead/Abandoned,False,014,False
184,EXACT,0,88239963,5825900,SPEAKUP,2018-12-22,710,speakup,CANCELLED - SECTION 8,Dead/Cancelled,False,,False
184,EXACT,0,87823332,,SPEAKUP,2018-03-07,602,speakup,ABANDONED-FAILURE TO RESPOND OR LATE RESPONSE,Dead/Abandoned,False,042,False
184,EXACT,0,87364871,,SPEAK UP,2017-03-09,606,speakup,ABANDONED - NO STATEMENT OF USE FILED,Dead/Abandoned,False,025,False
184,EXACT,0,86851106,,SPEAKUP,2015-12-16,602,speakup,ABANDONED-FAILURE TO RESPOND OR LATE RESPONSE,Dead/Abandoned,False,"009,038,041,042,045",False
184,EXACT,0,86118412,4677411,SPEAKUP,2013-11-13,710,speakup,CANCELLED - SECTION 8,Dead/Cancelled,False,,False
184,EXACT,0,86117172,4677406,SPEAKUP,2013-11-12,710,speakup,CANCELLED - SECTION 8,Dead/Cancelled,False,,False
184,EXACT,0,85182861,,SPEAK UP,2010-11-22,606,speakup,ABANDONED - NO STATEMENT OF USE FILED,Dead/Abandoned,False,025,False
184,EXACT,0,77815358,3830699,SPEAKUP!,2009-08-28,710,speakup,CANCELLED - SECTION 8,Dead/Cancelled,False,,False
184,EXACT,0,77034554,,SPEAKUP!,2006-11-01,602,speakup,ABANDONED-FAILURE TO RESPOND OR LATE RESPONSE,Dead/Abandoned,False,035,True
184,EXACT,0,78970392,3407355,SPEAK UP!,2006-09-08,710,speakup,CANCELLED - SECTION 8,Dead/Cancelled,False,,False
184,EXACT,0,78970409,3420742,SPEAK UP!,2006-09-08,710,speakup,CANCELLED - SECTION 8,Dead/Cancelled,False,,False
184,EXACT,0,78859631,,SPEAK UP,2006-04-12,606,speakup,ABANDONED - NO STATEMENT OF USE FILED,Dead/Abandoned,False,042,False
184,EXACT,0,76637667,3089267,SPEAKUP,2005-05-02,710,speakup,CANCELLED - SECTION 8,Dead/Cancelled,False,,False
184,EXACT,0,78116328,,SPEAKUP,2002-03-20,602,speakup,ABANDONED-FAILURE TO RESPOND OR LATE RESPONSE,Dead/Abandoned,False,041,False
184,EXACT,0,76374300,2796736,SPEAK UP!,2002-02-22,710,speakup,CANCELLED - SECTION 8,Dead/Cancelled,False,,False
184,EXACT,0,76137230,2500211,SPEAKUP!,2000-09-25,710,speakup,CANCELLED - SECTION 8,Dead/Cancelled,False,,False
184,EXACT,0,75219951,2192740,SPEAKUP,1996-12-31,710,speakup,CANCELLED - SECTION 8,Dead/Cancelled,False,,False
184,EXACT,0,74730642,,SPEAK UP!,1995-09-18,602,speakup,ABANDONED-FAILURE TO RESPOND OR LATE RESPONSE,Dead/Abandoned,False,,False
184,EXACT,0,74554695,1956875,SPEAK UP,1994-07-28,710,speakup,CANCELLED - SECTION 8,Dead/Cancelled,False,,False
184,EXACT,0,73772135,1551777,SPEAKUP!,1988-12-29,710,speakup,CANCELLED - SECTION 8,Dead/Cancelled,False,,False
184,EXACT,0,73602168,,SPEAK UP!,1986-06-03,602,speakup,ABANDONED-FAILURE TO RESPOND OR LATE RESPONSE,Dead/Abandoned,False,,False
184,EXACT,0,73347001,,SPEAK UP!,1982-01-25,602,speakup,ABANDONED-FAILURE TO RESPOND OR LATE RESPONSE,Dead/Abandoned,False,,False
184,NEAR_1_DELETION,1,99472243,,PEAKUP,2025-10-30,686,peakup,PUBLISHED FOR OPPOSITION,Live/Pending,True,"011,035",True
184,NEAR_1_INSERTION,1,79437536,,S SPEAKUP,2025-10-13,641,sspeakup,NON-FINAL ACTION - MAILED,Live/Pending,True,"009,042,045",False
184,NEAR_1_SUBSTITUTION,1,79371880,7484032,SPECKUP,2023-05-15,700,speckup,REGISTERED,Live/Registered,True,"029,030",False
184,NEAR_1_SUBSTITUTION,1,97768108,7309257,STEAK UP,2023-01-25,700,steakup,REGISTERED,Live/Registered,True,043,False
184,NEAR_1_SUBSTITUTION,1,97032378,7292628,SPEAKAP,2021-09-17,700,speakap,REGISTERED,Live/Registered,True,"009,038,042",False
184,NEAR_1_DELETION,1,90481482,6511435,SPEAKU,2021-01-22,700,speaku,REGISTERED,Live/Registered,True,028,False
184,NEAR_1_DELETION,1,79301852,6604474,PEAKUP,2020-06-22,700,peakup,REGISTERED,Live/Registered,True,042,False
184,NEAR_1_SUBSTITUTION,1,90624943,,SNEAK-UP,2021-04-05,606,sneakup,ABANDONED - NO STATEMENT OF USE FILED,Dead/Abandoned,False,030,False
184,NEAR_1_DELETION,1,88675560,,SPEAKU,2019-10-31,602,speaku,ABANDONED-FAILURE TO RESPOND OR LATE RESPONSE,Dead/Abandoned,False,041,False
184,NEAR_1_DELETION,1,88151506,5757349,PEAKUP,2018-10-11,710,peakup,CANCELLED - SECTION 8,Dead/Cancelled,False,,False
185,EXACT,0,98787691,7856602,LISTENUP,2024-10-07,700,listenup,REGISTERED,Live/Registered,True,010,True
185,EXACT,0,97826793,7364041,LISTENUP,2023-03-07,700,listenup,REGISTERED,Live/Registered,True,"009,035,037,041,042",True
185,EXACT,0,97398261,7074884,LISTENUP,2022-05-06,700,listenup,REGISTERED,Live/Registered,True,"037,042",False
185,EXACT,0,97313787,,LISTENUP,2022-03-15,654,listenup,REPORT COMPLETED SUSPENSION CHECK - CASE STILL SUSPENDED,Live/Pending,True,"009,035,042",True
185,EXACT,0,97046835,,LISTEN UP!,2021-09-27,647,listenup,EXAMINERS AMENDMENT - MAILED,Live/Pending,True,041,False
185,EXACT,0,86230179,4666201,LISTENUP,2014-03-24,800,listenup,REGISTERED AND RENEWED,Live/Registered,True,"035,041,042",True
185,EXACT,0,77193052,3377805,LISTENUP,2007-05-30,800,listenup,REGISTERED AND RENEWED,Live/Registered,True,010,True
185,EXACT,0,75444638,2470814,LISTENUP,1998-03-04,800,listenup,REGISTERED AND RENEWED,Live/Registered,True,009,False
185,EXACT,0,75261033,2150696,LISTENUP,1997-03-20,800,listenup,REGISTERED AND RENEWED,Live/Registered,True,041,False
185,EXACT,0,75261035,2197289,LISTENUP,1997-03-20,800,listenup,REGISTERED AND RENEWED,Live/Registered,True,037,False
185,EXACT,0,73061533,1053422,LISTENUP,1975-08-27,800,listenup,REGISTERED AND RENEWED,Live/Registered,True,037,False
185,EXACT,0,97592075,,LISTEN UP!,2022-09-15,602,listenup,ABANDONED-FAILURE TO RESPOND OR LATE RESPONSE,Dead/Abandoned,False,"009,041",False
185,EXACT,0,88278503,,LISTEN UP!,2019-01-28,606,listenup,ABANDONED - NO STATEMENT OF USE FILED,Dead/Abandoned,False,028,False
185,EXACT,0,86714170,,LISTEN UP,2015-08-04,602,listenup,ABANDONED-FAILURE TO RESPOND OR LATE RESPONSE,Dead/Abandoned,False,041,False
185,EXACT,0,86468070,5107370,LISTEN UP,2014-12-01,710,listenup,CANCELLED - SECTION 8,Dead/Cancelled,False,,False
185,EXACT,0,85842307,4399961,LISTEN UP!,2013-02-06,710,listenup,CANCELLED - SECTION 8,Dead/Cancelled,False,,False
185,EXACT,0,85657774,,LISTENUP,2012-06-21,602,listenup,ABANDONED-FAILURE TO RESPOND OR LATE RESPONSE,Dead/Abandoned,False,009,False
185,EXACT,0,85657775,,LISTENUP,2012-06-21,600,listenup,ABANDONED - INCOMPLETE RESPONSE,Dead/Abandoned,False,038,False
185,EXACT,0,85657777,,LISTENUP,2012-06-21,606,listenup,ABANDONED - NO STATEMENT OF USE FILED,Dead/Abandoned,False,042,False
185,EXACT,0,85657778,,LISTENUP,2012-06-21,606,listenup,ABANDONED - NO STATEMENT OF USE FILED,Dead/Abandoned,False,045,False
185,EXACT,0,77397345,3697500,LISTEN UP,2008-02-14,710,listenup,CANCELLED - SECTION 8,Dead/Cancelled,False,,False
185,EXACT,0,77397382,3697502,LISTEN UP,2008-02-14,710,listenup,CANCELLED - SECTION 8,Dead/Cancelled,False,,False
185,EXACT,0,77397439,3694636,LISTEN UP,2008-02-14,710,listenup,CANCELLED - SECTION 8,Dead/Cancelled,False,,False
185,EXACT,0,77397460,3697503,LISTEN UP,2008-02-14,710,listenup,CANCELLED - SECTION 8,Dead/Cancelled,False,,False
185,EXACT,0,77397484,3697504,LISTEN UP,2008-02-14,710,listenup,CANCELLED - SECTION 8,Dead/Cancelled,False,,False
185,EXACT,0,77392925,3723038,LISTEN UP!,2008-02-08,710,listenup,CANCELLED - SECTION 8,Dead/Cancelled,False,,False
185,EXACT,0,77365719,,LISTEN UP,2008-01-07,606,listenup,ABANDONED - NO STATEMENT OF USE FILED,Dead/Abandoned,False,009,False
185,EXACT,0,77365735,4128959,LISTEN UP,2008-01-07,710,listenup,CANCELLED - SECTION 8,Dead/Cancelled,False,,False
185,EXACT,0,77365740,,LISTEN UP,2008-01-07,602,listenup,ABANDONED-FAILURE TO RESPOND OR LATE RESPONSE,Dead/Abandoned,False,025,False
185,EXACT,0,77079108,3406166,LISTEN UP!,2007-01-09,710,listenup,CANCELLED - SECTION 8,Dead/Cancelled,False,,False
185,EXACT,0,78778255,3212735,LISTEN UP!,2005-12-21,710,listenup,CANCELLED - SECTION 8,Dead/Cancelled,False,,False
185,EXACT,0,78462475,,LISTEN UP,2004-08-05,606,listenup,ABANDONED - NO STATEMENT OF USE FILED,Dead/Abandoned,False,041,False
185,EXACT,0,78179647,,LISTEN UP,2002-10-29,606,listenup,ABANDONED - NO STATEMENT OF USE FILED,Dead/Abandoned,False,009,False
185,EXACT,0,75744070,,LISTEN UP,1999-07-06,602,listenup,ABANDONED-FAILURE TO RESPOND OR LATE RESPONSE,Dead/Abandoned,False,009,False
185,EXACT,0,75744114,,LISTEN UP,1999-07-06,606,listenup,ABANDONED - NO STATEMENT OF USE FILED,Dead/Abandoned,False,038,False
185,EXACT,0,75539945,,LISTEN UP,1998-08-20,606,listenup,ABANDONED - NO STATEMENT OF USE FILED,Dead/Abandoned,False,009,False
185,EXACT,0,75381238,2193846,LISTEN UP!,1997-10-29,710,listenup,CANCELLED - SECTION 8,Dead/Cancelled,False,,False
185,EXACT,0,75298766,,LISTEN UP!,1997-05-27,605,listenup,ABANDONED EXPRESS AFTER PUB,Dead/Abandoned,False,035,True
185,EXACT,0,75261003,,LISTENUP,1997-03-20,602,listenup,ABANDONED-FAILURE TO RESPOND OR LATE RESPONSE,Dead/Abandoned,False,,False
185,EXACT,0,75126728,,LISTEN UP,1996-06-28,602,listenup,ABANDONED-FAILURE TO RESPOND OR LATE RESPONSE,Dead/Abandoned,False,,False
185,EXACT,0,74335929,1789714,LISTEN UP!,1992-12-02,710,listenup,CANCELLED - SECTION 8,Dead/Cancelled,False,,False
185,NEAR_1_SUBSTITUTION,1,88509837,5966592,LISZENUP,2019-07-11,700,liszenup,REGISTERED,Live/Registered,True,009,False
185,NEAR_1_DELETION,1,88422943,5919564,LITE'N UP,2019-05-09,702,litenup,SECTION 8 & 15-ACCEPTED AND ACKNOWLEDGED,Live/Registered,True,034,False
185,NEAR_1_INSERTION,1,88339519,5940080,GLISTEN UP,2019-03-14,710,glistenup,CANCELLED - SECTION 8,Dead/Cancelled,False,,False
185,NEAR_1_SUBSTITUTION,1,87884969,5689099,LISZENUP,2018-04-19,710,liszenup,CANCELLED - SECTION 8,Dead/Cancelled,False,,False
185,NEAR_1_INSERTION,1,86075696,4565617,GLISTEN UP,2013-09-26,710,glistenup,CANCELLED - SECTION 8,Dead/Cancelled,False,,False
185,NEAR_1_DELETION,1,77780775,,LITENUP,2009-07-14,606,litenup,ABANDONED - NO STATEMENT OF USE FILED,Dead/Abandoned,False,005,True
185,NEAR_1_DELETION,1,77615967,3685344,LITE'N UP,2008-11-17,710,litenup,CANCELLED - SECTION 8,Dead/Cancelled,False,,False
185,NEAR_1_DELETION,1,77521553,3632957,LITENUP,2008-07-14,710,litenup,CANCELLED - SECTION 8,Dead/Cancelled,False,,False
185,NEAR_1_DELETION,1,76526053,2909769,LITEN UP!,2003-06-19,710,litenup,CANCELLED - SECTION 8,Dead/Cancelled,False,,False
185,NEAR_1_DELETION,1,78228087,,LITE-N-UP,2003-03-20,602,litenup,ABANDONED-FAILURE TO RESPOND OR LATE RESPONSE,Dead/Abandoned,False,005,True
185,NEAR_1_DELETION,1,76484738,2824674,LITE'N UP,2003-01-24,710,litenup,CANCELLED - SECTION 8,Dead/Cancelled,False,,False
185,NEAR_1_DELETION,1,76486421,,LITE'N UP,2003-01-24,602,litenup,ABANDONED-FAILURE TO RESPOND OR LATE RESPONSE,Dead/Abandoned,False,029,False
185,NEAR_1_INSERTION,1,76422605,3037056,GLISTEN UP,2002-06-19,710,glistenup,CANCELLED - SECTION 8,Dead/Cancelled,False,,False
185,NEAR_1_DELETION,1,76179166,,LITE N UP,2000-12-12,602,litenup,ABANDONED-FAILURE TO RESPOND OR LATE RESPONSE,Dead/Abandoned,False,005,True
185,NEAR_1_INSERTION,1,76178017,,GLISTEN UP,2000-12-11,602,glistenup,ABANDONED-FAILURE TO RESPOND OR LATE RESPONSE,Dead/Abandoned,False,003,True
185,NEAR_1_INSERTION,1,75809363,2611212,GLISTEN UP,1999-09-27,710,glistenup,CANCELLED - SECTION 8,Dead/Cancelled,False,,False
185,NEAR_1_INSERTION,1,75620327,,GLISTEN UP,1999-01-11,602,glistenup,ABANDONED-FAILURE TO RESPOND OR LATE RESPONSE,Dead/Abandoned,False,003,True
185,NEAR_1_DELETION,1,75513838,,LITE' N UP!,1998-07-02,602,litenup,ABANDONED-FAILURE TO RESPOND OR LATE RESPONSE,Dead/Abandoned,False,"016,041",False
185,NEAR_1_DELETION,1,75053998,,LITE'N UP!,1996-02-06,602,litenup,ABANDONED-FAILURE TO RESPOND OR LATE RESPONSE,Dead/Abandoned,False,,False
185,NEAR_1_DELETION,1,74498428,,LITE'N UP,1994-03-08,602,litenup,ABANDONED-FAILURE TO RESPOND OR LATE RESPONSE,Dead/Abandoned,False,,False
185,NEAR_1_DELETION,1,74471091,1918174,LITE 'N UP,1993-12-14,710,litenup,CANCELLED - SECTION 8,Dead/Cancelled,False,,False
185,NEAR_1_DELETION,1,74424789,1912429,LITE N' UP,1993-08-13,710,litenup,CANCELLED - SECTION 8,Dead/Cancelled,False,,False
185,NEAR_1_DELETION,1,74393895,1987818,LITE'N UP!,1993-05-24,710,litenup,CANCELLED - SECTION 8,Dead/Cancelled,False,,False
185,NEAR_1_DELETION,1,74134109,,LITE'N UP,1991-01-28,606,litenup,ABANDONED - NO STATEMENT OF USE FILED,Dead/Abandoned,False,,False
185,NEAR_1_DELETION,1,74030446,,LITE-N-UP,1990-02-20,602,litenup,ABANDONED-FAILURE TO RESPOND OR LATE RESPONSE,Dead/Abandoned,False,,False
185,NEAR_1_DELETION,1,74019522,1676387,LITE'N UP,1990-01-16,710,litenup,CANCELLED - SECTION 8,Dead/Cancelled,False,,False
185,NEAR_1_DELETION,1,73541685,1401454,LITE'N UP,1985-06-06,710,litenup,CANCELLED - SECTION 8,Dead/Cancelled,False,,False
185,NEAR_1_DELETION,1,73533092,1471907,LITE 'N UP,1985-04-19,710,litenup,CANCELLED - SECTION 8,Dead/Cancelled,False,,False
186,EXACT,0,90678963,6706042,WISEUP,2021-04-28,700,wiseup,REGISTERED,Live/Registered,True,008,False
186,EXACT,0,90679077,6706081,WISEUP,2021-04-28,700,wiseup,REGISTERED,Live/Registered,True,007,False
186,EXACT,0,90559593,6966392,WISE UP,2021-03-04,700,wiseup,REGISTERED,Live/Registered,True,009,False
186,EXACT,0,90263370,6410767,WISE UP,2020-10-19,700,wiseup,REGISTERED,Live/Registered,True,041,False
186,EXACT,0,90263380,6506145,WISE UP,2020-10-19,700,wiseup,REGISTERED,Live/Registered,True,016,False
186,EXACT,0,88790669,6193343,WISE UP!,2020-02-10,700,wiseup,REGISTERED,Live/Registered,True,028,False
186,EXACT,0,78567314,3166417,WISE UP,2005-02-15,800,wiseup,REGISTERED AND RENEWED,Live/Registered,True,005,True
186,EXACT,0,75769122,2447480,W.I.S.E. UP!,1999-08-06,800,wiseup,REGISTERED AND RENEWED,Live/Registered,True,041,False
186,EXACT,0,97615229,,WISE UP,2022-09-30,603,wiseup,ABANDONED - AFTER EX PARTE APPEAL,Dead/Abandoned,False,030,False
186,EXACT,0,90895027,,WISEUP,2021-08-21,602,wiseup,ABANDONED-FAILURE TO RESPOND OR LATE RESPONSE,Dead/Abandoned,False,041,False
186,EXACT,0,79314382,,WISEUP,2021-05-17,602,wiseup,ABANDONED-FAILURE TO RESPOND OR LATE RESPONSE,Dead/Abandoned,False,"007,008,009",False
186,EXACT,0,90679081,,WISEUP,2021-04-28,602,wiseup,ABANDONED-FAILURE TO RESPOND OR LATE RESPONSE,Dead/Abandoned,False,009,False
186,EXACT,0,90025629,,WISE UP!,2020-06-29,604,wiseup,ABANDONED - AFTER INTER-PARTES DECISION,Dead/Abandoned,False,,False
186,EXACT,0,87019620,5179568,WISEUP,2016-04-29,710,wiseup,CANCELLED - SECTION 8,Dead/Cancelled,False,,False
186,EXACT,0,86572849,5050601,WISE UP,2015-03-23,710,wiseup,CANCELLED - SECTION 8,Dead/Cancelled,False,,False
186,EXACT,0,86318120,,WISEUP,2014-06-23,602,wiseup,ABANDONED-FAILURE TO RESPOND OR LATE RESPONSE,Dead/Abandoned,False,009,False
186,EXACT,0,85314221,4107929,WISE UP,2011-05-06,710,wiseup,CANCELLED - SECTION 8,Dead/Cancelled,False,,False
186,EXACT,0,85107375,4183803,WISE UP!,2010-08-13,710,wiseup,CANCELLED - SECTION 8,Dead/Cancelled,False,,False
186,EXACT,0,85107383,4176234,WISE UP!,2010-08-13,710,wiseup,CANCELLED - SECTION 8,Dead/Cancelled,False,,False
186,EXACT,0,85097074,3991175,WISE UP,2010-07-30,710,wiseup,CANCELLED - SECTION 8,Dead/Cancelled,False,,False
186,EXACT,0,77613246,,WISEUP!,2008-11-12,602,wiseup,ABANDONED-FAILURE TO RESPOND OR LATE RESPONSE,Dead/Abandoned,False,009,False
186,EXACT,0,77603999,3920272,WISE UP,2008-10-30,710,wiseup,CANCELLED - SECTION 8,Dead/Cancelled,False,,False
186,EXACT,0,77014329,,WISE UP,2006-10-05,606,wiseup,ABANDONED - NO STATEMENT OF USE FILED,Dead/Abandoned,False,016,False
186,EXACT,0,78218002,2973037,WISE UP,2003-02-24,710,wiseup,CANCELLED - SECTION 8,Dead/Cancelled,False,,False
186,EXACT,0,75024749,,WISEUP,1995-11-17,606,wiseup,ABANDONED - NO STATEMENT OF USE FILED,Dead/Abandoned,False,,False
186,NEAR_1_SUBSTITUTION,1,99714750,,WISEUR,2026-03-20,630,wiseur,NEW APPLICATION - RECORD INITIALIZED NOT ASSIGNED TO EXAMINER,Live/Pending,True,041,False
186,NEAR_1_INSERTION,1,99696263,,WISEDUP,2026-03-11,630,wisedup,NEW APPLICATION - RECORD INITIALIZED NOT ASSIGNED TO EXAMINER,Live/Pending,True,025,False
186,NEAR_1_SUBSTITUTION,1,98558952,,WISEIP,2024-05-20,730,wiseip,FIRST EXTENSION - GRANTED,Live/Pending,True,"009,041,044",True
186,NEAR_1_SUBSTITUTION,1,98544960,,RISE UP,2024-05-10,654,riseup,REPORT COMPLETED SUSPENSION CHECK - CASE STILL SUSPENDED,Live/Pending,True,041,False
186,NEAR_1_SUBSTITUTION,1,98467857,7728306,RISEUP,2024-03-26,700,riseup,REGISTERED,Live/Registered,True,"021,028",True
186,NEAR_1_SUBSTITUTION,1,98312069,7649022,WISHUP,2023-12-13,700,wishup,REGISTERED,Live/Registered,True,035,True
186,NEAR_1_SUBSTITUTION,1,97656946,7781741,RISE UP,2022-11-01,700,riseup,REGISTERED,Live/Registered,True,"030,035,043",True
186,NEAR_1_SUBSTITUTION,1,97041997,6877408,RISE UP,2021-09-23,700,riseup,REGISTERED,Live/Registered,True,031,False
186,NEAR_1_INSERTION,1,90752516,6758941,WISE-UPS,2021-06-03,700,wiseups,REGISTERED,Live/Registered,True,016,False
186,NEAR_1_SUBSTITUTION,1,90651389,6686161,RISEUP,2021-04-16,700,riseup,REGISTERED,Live/Registered,True,034,False
186,NEAR_1_SUBSTITUTION,1,90055526,6457472,RISEUP,2020-07-16,700,riseup,REGISTERED,Live/Registered,True,009,False
186,NEAR_1_SUBSTITUTION,1,88777904,6269645,WIFE UP,2020-01-29,700,wifeup,REGISTERED,Live/Registered,True,041,False
186,NEAR_1_SUBSTITUTION,1,88583385,6464226,RISEUP,2019-08-19,700,riseup,REGISTERED,Live/Registered,True,003,True
186,NEAR_1_SUBSTITUTION,1,88357629,6070555,RISE UP,2019-03-26,700,riseup,REGISTERED,Live/Registered,True,041,False
186,NEAR_1_SUBSTITUTION,1,87739034,5807707,RISE UP,2017-12-30,702,riseup,SECTION 8 & 15-ACCEPTED AND ACKNOWLEDGED,Live/Registered,True,032,False
186,NEAR_1_SUBSTITUTION,1,87697443,5766744,RISE UP,2017-11-27,702,riseup,SECTION 8 & 15-ACCEPTED AND ACKNOWLEDGED,Live/Registered,True,043,False
186,NEAR_1_SUBSTITUTION,1,87388000,5816406,RISE UP,2017-03-28,700,riseup,REGISTERED,Live/Registered,True,025,False
186,NEAR_1_SUBSTITUTION,1,87375216,5498893,RISE UP,2017-03-17,702,riseup,SECTION 8 & 15-ACCEPTED AND ACKNOWLEDGED,Live/Registered,True,"041,044",True
186,NEAR_1_SUBSTITUTION,1,86965745,5188077,RISE UP,2016-04-06,702,riseup,SECTION 8 & 15-ACCEPTED AND ACKNOWLEDGED,Live/Registered,True,"035,041",True
186,NEAR_1_SUBSTITUTION,1,86083906,4729993,RISE UP,2013-10-07,800,riseup,REGISTERED AND RENEWED,Live/Registered,True,"016,041",False
186,NEAR_1_SUBSTITUTION,1,77568838,3671976,RISE UP!,2008-09-12,800,riseup,REGISTERED AND RENEWED,Live/Registered,True,"009,016,041",False
186,NEAR_1_SUBSTITUTION,1,78954886,3552154,RISE UP,2006-08-17,800,riseup,REGISTERED AND RENEWED,Live/Registered,True,030,False
186,NEAR_1_SUBSTITUTION,1,76505541,2854811,RISE UP,2003-04-10,800,riseup,REGISTERED AND RENEWED,Live/Registered,True,009,False
186,NEAR_1_SUBSTITUTION,1,74690409,1978313,RISE-UP,1995-06-19,800,riseup,REGISTERED AND RENEWED,Live/Registered,True,041,False
186,NEAR_1_SUBSTITUTION,1,99111191,,WISEUR,2025-03-30,602,wiseur,ABANDONED-FAILURE TO RESPOND OR LATE RESPONSE,Dead/Abandoned,False,045,False
186,NEAR_1_SUBSTITUTION,1,99017622,,RISE UP,2025-01-24,602,riseup,ABANDONED-FAILURE TO RESPOND OR LATE RESPONSE,Dead/Abandoned,False,036,False
186,NEAR_1_SUBSTITUTION,1,98744506,,RISE UP,2024-09-11,602,riseup,ABANDONED-FAILURE TO RESPOND OR LATE RESPONSE,Dead/Abandoned,False,025,False
186,NEAR_1_SUBSTITUTION,1,97525287,,RISE UP,2022-07-29,602,riseup,ABANDONED-FAILURE TO RESPOND OR LATE RESPONSE,Dead/Abandoned,False,041,False
186,NEAR_1_DELETION,1,97161349,,WISE U,2021-12-08,604,wiseu,ABANDONED - AFTER INTER-PARTES DECISION,Dead/Abandoned,False,,False
186,NEAR_1_SUBSTITUTION,1,90836351,,RISE UP,2021-07-19,602,riseup,ABANDONED-FAILURE TO RESPOND OR LATE RESPONSE,Dead/Abandoned,False,041,False
186,NEAR_1_SUBSTITUTION,1,90628187,,WISHUP,2021-04-07,602,wishup,ABANDONED-FAILURE TO RESPOND OR LATE RESPONSE,Dead/Abandoned,False,021,True
186,NEAR_1_SUBSTITUTION,1,90341370,,RISE UP,2020-11-25,602,riseup,ABANDONED-FAILURE TO RESPOND OR LATE RESPONSE,Dead/Abandoned,False,016,False
186,NEAR_1_INSERTION,1,90325341,,WISE-UPS,2020-11-17,602,wiseups,ABANDONED-FAILURE TO RESPOND OR LATE RESPONSE,Dead/Abandoned,False,016,False
186,NEAR_1_SUBSTITUTION,1,90081466,,WISKUP,2020-07-29,606,wiskup,ABANDONED - NO STATEMENT OF USE FILED,Dead/Abandoned,False,039,False
186,NEAR_1_SUBSTITUTION,1,88880966,,RISE UP,2020-04-21,602,riseup,ABANDONED-FAILURE TO RESPOND OR LATE RESPONSE,Dead/Abandoned,False,"014,016",False
186,NEAR_1_SUBSTITUTION,1,88743056,,RISEUP,2019-12-31,602,riseup,ABANDONED-FAILURE TO RESPOND OR LATE RESPONSE,Dead/Abandoned,False,"025,036,041,045",False
186,NEAR_1_SUBSTITUTION,1,88657245,,RISE UP,2019-10-16,602,riseup,ABANDONED-FAILURE TO RESPOND OR LATE RESPONSE,Dead/Abandoned,False,"028,041",False
186,NEAR_1_SUBSTITUTION,1,88600505,,RISE UP,2019-08-30,602,riseup,ABANDONED-FAILURE TO RESPOND OR LATE RESPONSE,Dead/Abandoned,False,035,True
186,NEAR_1_SUBSTITUTION,1,88487833,,RISE UP,2019-06-25,602,riseup,ABANDONED-FAILURE TO RESPOND OR LATE RESPONSE,Dead/Abandoned,False,041,False
186,NEAR_1_SUBSTITUTION,1,88357620,,RISE UP,2019-03-26,602,riseup,ABANDONED-FAILURE TO RESPOND OR LATE RESPONSE,Dead/Abandoned,False,009,False
186,NEAR_1_SUBSTITUTION,1,88266489,,RISE UP,2019-01-18,602,riseup,ABANDONED-FAILURE TO RESPOND OR LATE RESPONSE,Dead/Abandoned,False,025,False
186,NEAR_1_SUBSTITUTION,1,87936909,,RISE UP,2018-05-25,602,riseup,ABANDONED-FAILURE TO RESPOND OR LATE RESPONSE,Dead/Abandoned,False,005,True
186,NEAR_1_SUBSTITUTION,1,87761863,,RISE UP,2018-01-19,602,riseup,ABANDONED-FAILURE TO RESPOND OR LATE RESPONSE,Dead/Abandoned,False,044,True
186,NEAR_1_SUBSTITUTION,1,87621826,5522851,RISE UP,2017-09-25,710,riseup,CANCELLED - SECTION 8,Dead/Cancelled,False,,False
186,NEAR_1_SUBSTITUTION,1,87443916,,RISE UP,2017-05-10,602,riseup,ABANDONED-FAILURE TO RESPOND OR LATE RESPONSE,Dead/Abandoned,False,045,False
186,NEAR_1_SUBSTITUTION,1,87250535,,RISEUP,2016-11-29,606,riseup,ABANDONED - NO STATEMENT OF USE FILED,Dead/Abandoned,False,"035,041",True
186,NEAR_1_SUBSTITUTION,1,87136057,,RISE UP!!,2016-08-11,602,riseup,ABANDONED-FAILURE TO RESPOND OR LATE RESPONSE,Dead/Abandoned,False,025,False
186,NEAR_1_SUBSTITUTION,1,87004965,5598302,RISE UP,2016-04-18,710,riseup,CANCELLED - SECTION 8,Dead/Cancelled,False,,False
186,NEAR_1_SUBSTITUTION,1,86882169,5263393,RISE UP,2016-01-21,710,riseup,CANCELLED - SECTION 8,Dead/Cancelled,False,,False
186,NEAR_1_SUBSTITUTION,1,86691093,5120395,WIKE-UP!,2015-07-13,710,wikeup,CANCELLED - SECTION 8,Dead/Cancelled,False,,False
186,NEAR_1_SUBSTITUTION,1,86378297,,RISE UP,2014-08-27,602,riseup,ABANDONED-FAILURE TO RESPOND OR LATE RESPONSE,Dead/Abandoned,False,041,False
186,NEAR_1_SUBSTITUTION,1,86074957,,RISEUP,2013-09-25,601,riseup,ABANDONED - EXPRESS,Dead/Abandoned,False,"035,036,042",True
186,NEAR_1_SUBSTITUTION,1,86073767,,RISEUP,2013-09-24,601,riseup,ABANDONED - EXPRESS,Dead/Abandoned,False,,False
186,NEAR_1_SUBSTITUTION,1,85876020,4431820,WIZE UP,2013-03-14,710,wizeup,CANCELLED - SECTION 8,Dead/Cancelled,False,,False
186,NEAR_1_INSERTION,1,85601046,,WISE 'N UP,2012-04-18,606,wisenup,ABANDONED - NO STATEMENT OF USE FILED,Dead/Abandoned,False,028,False
186,NEAR_1_SUBSTITUTION,1,85025550,,RISE UP,2010-04-28,602,riseup,ABANDONED-FAILURE TO RESPOND OR LATE RESPONSE,Dead/Abandoned,False,025,False
186,NEAR_1_INSERTION,1,77600683,,WISE'N UP,2008-10-26,606,wisenup,ABANDONED - NO STATEMENT OF USE FILED,Dead/Abandoned,False,028,False
186,NEAR_1_SUBSTITUTION,1,77582525,4054382,RISE UP,2008-09-30,710,riseup,CANCELLED - SECTION 8,Dead/Cancelled,False,,False
186,NEAR_1_SUBSTITUTION,1,77347120,3683807,RISEUP,2007-12-07,710,riseup,CANCELLED - SECTION 8,Dead/Cancelled,False,,False
186,NEAR_1_SUBSTITUTION,1,77193329,,RISE UP!,2007-05-30,601,riseup,ABANDONED - EXPRESS,Dead/Abandoned,False,025,False
186,NEAR_1_SUBSTITUTION,1,77193354,,RISE UP!,2007-05-30,601,riseup,ABANDONED - EXPRESS,Dead/Abandoned,False,041,False
186,NEAR_1_SUBSTITUTION,1,77146460,3587803,WISEUV,2007-04-02,710,wiseuv,CANCELLED - SECTION 8,Dead/Cancelled,False,,False
186,NEAR_1_SUBSTITUTION,1,78320343,,WIZE UP,2003-10-29,606,wizeup,ABANDONED - NO STATEMENT OF USE FILED,Dead/Abandoned,False,033,False
186,NEAR_1_SUBSTITUTION,1,76334004,2671668,WIREUP,2001-11-05,710,wireup,CANCELLED - SECTION 8,Dead/Cancelled,False,,False
186,NEAR_1_SUBSTITUTION,1,75759458,2450026,RISE UP,1999-07-26,711,riseup,CANCELLED - SECTION 7,Dead/Cancelled,False,,False
186,NEAR_1_SUBSTITUTION,1,75709391,2385205,WIZEUP,1999-05-19,710,wizeup,CANCELLED - SECTION 8,Dead/Cancelled,False,,False
186,NEAR_1_SUBSTITUTION,1,75709392,2385206,WIZEUP,1999-05-19,710,wizeup,CANCELLED - SECTION 8,Dead/Cancelled,False,,False
186,NEAR_1_SUBSTITUTION,1,75549859,2294387,RISEUP,1998-09-08,710,riseup,CANCELLED - SECTION 8,Dead/Cancelled,False,,False
186,NEAR_1_SUBSTITUTION,1,75389804,2437358,WIREUP,1997-11-13,710,wireup,CANCELLED - SECTION 8,Dead/Cancelled,False,,False
186,NEAR_1_SUBSTITUTION,1,74360053,,RISE UP!,1993-02-18,606,riseup,ABANDONED - NO STATEMENT OF USE FILED,Dead/Abandoned,False,,False
186,NEAR_1_SUBSTITUTION,1,73733007,1532248,RISE-UP,1988-06-07,710,riseup,CANCELLED - SECTION 8,Dead/Cancelled,False,,False
186,NEAR_1_SUBSTITUTION,1,73593501,1633131,WIPE-UP,1986-04-14,710,wipeup,CANCELLED - SECTION 8,Dead/Cancelled,False,,False
187,EXACT,0,99661165,,SHOWUP,2026-02-19,641,showup,NON-FINAL ACTION - MAILED,Live/Pending,True,"009,035,042",True
187,EXACT,0,98062481,7526456,SHOW UP,2023-06-28,700,showup,REGISTERED,Live/Registered,True,009,False
187,EXACT,0,97567346,7187613,SHOW UP!,2022-08-26,700,showup,REGISTERED,Live/Registered,True,039,False
187,EXACT,0,90903650,7063191,SHOWUP,2021-08-26,700,showup,REGISTERED,Live/Registered,True,"036,042",False
187,EXACT,0,99114795,,SHOW UP,2025-04-01,602,showup,ABANDONED-FAILURE TO RESPOND OR LATE RESPONSE,Dead/Abandoned,False,035,True
187,EXACT,0,98856469,,SHOWUP,2024-11-15,602,showup,ABANDONED-FAILURE TO RESPOND OR LATE RESPONSE,Dead/Abandoned,False,"009,042",False
187,EXACT,0,88683603,,SHOW UP,2019-11-07,606,showup,ABANDONED - NO STATEMENT OF USE FILED,Dead/Abandoned,False,032,False
187,EXACT,0,88621507,,SHOW UP,2019-09-18,606,showup,ABANDONED - NO STATEMENT OF USE FILED,Dead/Abandoned,False,033,False
187,EXACT,0,88539849,,SHOW UP,2019-07-26,606,showup,ABANDONED - NO STATEMENT OF USE FILED,Dead/Abandoned,False,025,False
187,EXACT,0,87084280,,SHOWUP,2016-06-26,606,showup,ABANDONED - NO STATEMENT OF USE FILED,Dead/Abandoned,False,009,False
187,EXACT,0,79201549,5348283,SHOWUP,2016-03-18,709,showup,CANCELLED SECTION 71,Dead/Cancelled,False,,False
187,EXACT,0,86925550,,#SHOW UP,2016-03-02,602,showup,ABANDONED-FAILURE TO RESPOND OR LATE RESPONSE,Dead/Abandoned,False,041,False
187,EXACT,0,86594604,4921837,SHOWUP,2015-04-11,710,showup,CANCELLED - SECTION 8,Dead/Cancelled,False,,False
187,EXACT,0,85250218,,SHOW UP!,2011-02-24,606,showup,ABANDONED - NO STATEMENT OF USE FILED,Dead/Abandoned,False,025,False
187,EXACT,0,78460741,3181616,SHOWUP,2004-08-02,710,showup,CANCELLED - SECTION 8,Dead/Cancelled,False,,False
187,NEAR_1_SUBSTITUTION,1,98760099,7878658,SNOW UP,2024-09-19,700,snowup,REGISTERED,Live/Registered,True,011,False
187,NEAR_1_SUBSTITUTION,1,90373456,6492510,DHOWUP,2020-12-10,700,dhowup,REGISTERED,Live/Registered,True,014,False
187,NEAR_1_INSERTION,1,90099709,6245602,SHOWSUP,2020-08-07,700,showsup,REGISTERED,Live/Registered,True,016,False
187,NEAR_1_DELETION,1,88160347,5762888,SHOUP,2018-10-18,702,shoup,SECTION 8 & 15-ACCEPTED AND ACKNOWLEDGED,Live/Registered,True,033,False
187,NEAR_1_DELETION,1,75400155,2282654,SHOUP,1997-12-04,800,shoup,REGISTERED AND RENEWED,Live/Registered,True,"006,007,008,012,017",False
187,NEAR_1_DELETION,1,73473010,1363879,SHOUP,1984-03-30,800,shoup,REGISTERED AND RENEWED,Live/Registered,True,007,False
187,NEAR_1_INSERTION,1,90182877,,S SHOWUP,2020-09-15,602,sshowup,ABANDONED-FAILURE TO RESPOND OR LATE RESPONSE,Dead/Abandoned,False,"035,041",True
187,NEAR_1_SUBSTITUTION,1,88188371,5922473,SLOW UP,2018-11-09,710,slowup,CANCELLED - SECTION 8,Dead/Cancelled,False,,False
187,NEAR_1_SUBSTITUTION,1,87552077,,SHON UP!,2017-08-01,606,shonup,ABANDONED - NO STATEMENT OF USE FILED,Dead/Abandoned,False,025,False
187,NEAR_1_SUBSTITUTION,1,86914091,5053821,SHOP UP,2016-02-19,710,shopup,CANCELLED - SECTION 8,Dead/Cancelled,False,,False
187,NEAR_1_SUBSTITUTION,1,86877534,,SHOWUS,2016-01-15,602,showus,ABANDONED-FAILURE TO RESPOND OR LATE RESPONSE,Dead/Abandoned,False,,False
187,NEAR_1_DELETION,1,85548823,4284156,SHOUP,2012-02-21,710,shoup,CANCELLED - SECTION 8,Dead/Cancelled,False,,False
187,NEAR_1_SUBSTITUTION,1,76699511,,SHOT! UP,2009-09-18,606,shotup,ABANDONED - NO STATEMENT OF USE FILED,Dead/Abandoned,False,025,False
187,NEAR_1_DELETION,1,74210132,,SHOUP,1991-10-07,602,shoup,ABANDONED-FAILURE TO RESPOND OR LATE RESPONSE,Dead/Abandoned,False,,False
187,NEAR_1_DELETION,1,73003479,1017878,SHOUP,1973-10-12,900,shoup,EXPIRED,Dead/Expired,False,,False
187,NEAR_1_SUBSTITUTION,1,81005720,1005720,SLOW-UP,,710,slowup,CANCELLED - SECTION 8,Dead/Cancelled,False,,False
188,EXACT,0,98091576,7492069,TRUEUP,2023-07-19,700,trueup,REGISTERED,Live/Registered,True,020,False
188,EXACT,0,97224246,,TRUEUP,2022-01-18,606,trueup,ABANDONED - NO STATEMENT OF USE FILED,Dead/Abandoned,False,045,False
188,EXACT,0,97037454,,TRUEUP,2021-09-21,606,trueup,ABANDONED - NO STATEMENT OF USE FILED,Dead/Abandoned,False,036,False
188,EXACT,0,87367039,5449786,TRUE-UP,2017-03-10,710,trueup,CANCELLED - SECTION 8,Dead/Cancelled,False,,False
188,EXACT,0,86836867,5002755,TRUEUP,2015-12-02,710,trueup,CANCELLED - SECTION 8,Dead/Cancelled,False,,False
188,EXACT,0,86137978,,TRUEUP,2013-12-08,606,trueup,ABANDONED - NO STATEMENT OF USE FILED,Dead/Abandoned,False,035,True
188,EXACT,0,85514049,4354851,TRUE UP,2012-01-11,710,trueup,CANCELLED - SECTION 8,Dead/Cancelled,False,,False
188,EXACT,0,85414482,4377040,TRUE UP,2011-09-02,710,trueup,CANCELLED - SECTION 8,Dead/Cancelled,False,,False
188,EXACT,0,85414497,4377041,TRUE UP,2011-09-02,710,trueup,CANCELLED - SECTION 8,Dead/Cancelled,False,,False
188,EXACT,0,85192040,,TRUE UP,2010-12-07,606,trueup,ABANDONED - NO STATEMENT OF USE FILED,Dead/Abandoned,False,"035,042,045",True
188,NEAR_1_DELETION,1,99907371,,TRUEU,2026-06-26,630,trueu,NEW APPLICATION - RECORD INITIALIZED NOT ASSIGNED TO EXAMINER,Live/Pending,True,042,False
188,NEAR_1_SUBSTITUTION,1,99249324,,TRUEUA,2025-06-24,688,trueua,NOTICE OF ALLOWANCE - ISSUED,Live/Pending,True,044,True
188,NEAR_1_SUBSTITUTION,1,99209607,8100880,TREEUP,2025-05-30,700,treeup,REGISTERED,Live/Registered,True,007,False
188,NEAR_1_SUBSTITUTION,1,90119137,6591538,TRUEUV,2020-08-17,700,trueuv,REGISTERED,Live/Registered,True,011,False
188,NEAR_1_SUBSTITUTION,1,88932143,6649233,TRUEBP,2020-05-25,700,truebp,REGISTERED,Live/Registered,True,010,True
188,NEAR_1_SUBSTITUTION,1,87807265,5723515,TRUEUV,2018-02-22,702,trueuv,SECTION 8 & 15-ACCEPTED AND ACKNOWLEDGED,Live/Registered,True,009,False
188,NEAR_1_DELETION,1,86122462,4685738,TRUE U,2013-11-19,800,trueu,REGISTERED AND RENEWED,Live/Registered,True,035,True
188,NEAR_1_DELETION,1,85568150,4233530,TRUEU,2012-03-13,800,trueu,REGISTERED AND RENEWED,Live/Registered,True,009,False
188,NEAR_1_DELETION,1,85568174,4233532,TRUEU,2012-03-13,800,trueu,REGISTERED AND RENEWED,Live/Registered,True,016,False
188,NEAR_1_SUBSTITUTION,1,85483071,4310063,TRUCUP,2011-11-29,800,trucup,REGISTERED AND RENEWED,Live/Registered,True,030,False
188,NEAR_1_DELETION,1,97718709,,TRUUP,2022-12-15,602,truup,ABANDONED-FAILURE TO RESPOND OR LATE RESPONSE,Dead/Abandoned,False,036,False
188,NEAR_1_DELETION,1,97030928,,TRUE U,2021-09-16,602,trueu,ABANDONED-FAILURE TO RESPOND OR LATE RESPONSE,Dead/Abandoned,False,003,True
188,NEAR_1_DELETION,1,90538583,,TRUEU,2021-02-22,602,trueu,ABANDONED-FAILURE TO RESPOND OR LATE RESPONSE,Dead/Abandoned,False,037,False
188,NEAR_1_DELETION,1,90059653,,TRUEÜ,2020-07-17,600,trueu,ABANDONED - INCOMPLETE RESPONSE,Dead/Abandoned,False,045,False
188,NEAR_1_INSERTION,1,87368211,5322473,TRUE SUP,2017-03-13,710,truesup,CANCELLED - SECTION 8,Dead/Cancelled,False,,False
188,NEAR_1_SUBSTITUTION,1,87225482,,TREEUP,2016-11-03,606,treeup,ABANDONED - NO STATEMENT OF USE FILED,Dead/Abandoned,False,028,False
188,NEAR_1_TRANSPOSITION,1,87062718,,TRUEPU,2016-06-07,606,truepu,ABANDONED - NO STATEMENT OF USE FILED,Dead/Abandoned,False,027,False
188,NEAR_1_DELETION,1,79163158,4872477,TRUEU,2014-10-29,404,trueu,IR CANCELLED; US REGISTRATION CANCELLED,Dead/Cancelled,False,,False
188,NEAR_1_INSERTION,1,86318954,,TRUE CUP,2014-06-24,602,truecup,ABANDONED-FAILURE TO RESPOND OR LATE RESPONSE,Dead/Abandoned,False,043,False
188,NEAR_1_DELETION,1,85568231,4233533,TRUEU,2012-03-13,710,trueu,CANCELLED - SECTION 8,Dead/Cancelled,False,,False
188,NEAR_1_SUBSTITUTION,1,77551891,3668590,TRUEUV,2008-08-20,710,trueuv,CANCELLED - SECTION 8,Dead/Cancelled,False,,False
188,NEAR_1_DELETION,1,77366856,,TRUE U,2008-01-08,606,trueu,ABANDONED - NO STATEMENT OF USE FILED,Dead/Abandoned,False,025,False
188,NEAR_1_DELETION,1,78839192,3715317,TRUE U,2006-03-16,710,trueu,CANCELLED - SECTION 8,Dead/Cancelled,False,,False
188,NEAR_1_DELETION,1,78463688,,TRUE U,2004-08-06,606,trueu,ABANDONED - NO STATEMENT OF USE FILED,Dead/Abandoned,False,025,False
188,NEAR_1_DELETION,1,76587832,3088081,TRUEU,2004-04-21,710,trueu,CANCELLED - SECTION 8,Dead/Cancelled,False,,False
188,NEAR_1_DELETION,1,76587838,3085910,TRUEU,2004-04-21,710,trueu,CANCELLED - SECTION 8,Dead/Cancelled,False,,False
188,NEAR_1_SUBSTITUTION,1,75803207,,TRUCUP,1999-09-20,602,trucup,ABANDONED-FAILURE TO RESPOND OR LATE RESPONSE,Dead/Abandoned,False,021,True
188,NEAR_1_SUBSTITUTION,1,75539847,,TRUCUP,1998-08-20,606,trucup,ABANDONED - NO STATEMENT OF USE FILED,Dead/Abandoned,False,021,True
188,NEAR_1_SUBSTITUTION,1,75098866,,TRUCUP,1996-05-06,606,trucup,ABANDONED - NO STATEMENT OF USE FILED,Dead/Abandoned,False,,False
189,EXACT,0,87916217,5637734,RIGHTUP,2018-05-10,710,rightup,CANCELLED - SECTION 8,Dead/Cancelled,False,,False
189,EXACT,0,75379266,,RIGHT UP,1997-10-25,602,rightup,ABANDONED-FAILURE TO RESPOND OR LATE RESPONSE,Dead/Abandoned,False,,False
189,NEAR_1_SUBSTITUTION,1,99359460,8202854,RIGHTOP,2025-08-26,700,rightop,REGISTERED,Live/Registered,True,009,False
189,NEAR_1_SUBSTITUTION,1,98687166,7837511,LIGHTUP,2024-08-07,700,lightup,REGISTERED,Live/Registered,True,035,True
189,NEAR_1_SUBSTITUTION,1,98522405,7908477,LIGHT UP,2024-04-26,700,lightup,REGISTERED,Live/Registered,True,004,False
189,NEAR_1_INSERTION,1,97429074,6980317,BRIGHTUP,2022-05-25,700,brightup,REGISTERED,Live/Registered,True,021,True
189,NEAR_1_INSERTION,1,97219043,6979022,BRIGHTUP,2022-01-14,700,brightup,REGISTERED,Live/Registered,True,008,False
189,NEAR_1_INSERTION,1,97219051,6979024,BRIGHTUP,2022-01-14,700,brightup,REGISTERED,Live/Registered,True,008,False
189,NEAR_1_SUBSTITUTION,1,90864447,6843283,LIGHT UP,2021-08-04,700,lightup,REGISTERED,Live/Registered,True,"028,035",True
189,NEAR_1_SUBSTITUTION,1,90623878,6671078,LIGHT UP,2021-04-05,700,lightup,REGISTERED,Live/Registered,True,"037,042",False
189,NEAR_1_SUBSTITUTION,1,88622048,6041667,LIGHT UP,2019-09-18,702,lightup,SECTION 8 & 15-ACCEPTED AND ACKNOWLEDGED,Live/Registered,True,"037,042",False
189,NEAR_1_SUBSTITUTION,1,88550216,5990221,RIGHT.US,2019-07-30,700,rightus,REGISTERED,Live/Registered,True,042,False
189,NEAR_1_INSERTION,1,87416308,5548372,BRIGHTUP,2017-04-19,701,brightup,SECTION 8-ACCEPTED,Live/Registered,True,003,True
189,NEAR_1_SUBSTITUTION,1,98686860,,LIGHTUP,2024-08-07,602,lightup,ABANDONED-FAILURE TO RESPOND OR LATE RESPONSE,Dead/Abandoned,False,"041,042",False
189,NEAR_1_SUBSTITUTION,1,97361334,,LIGHTUP,2022-04-13,602,lightup,ABANDONED-FAILURE TO RESPOND OR LATE RESPONSE,Dead/Abandoned,False,"025,035",True
189,NEAR_1_SUBSTITUTION,1,97045763,,LIGHTUP,2021-09-26,602,lightup,ABANDONED-FAILURE TO RESPOND OR LATE RESPONSE,Dead/Abandoned,False,011,False
189,NEAR_1_INSERTION,1,90792139,,BRIGHTUP,2021-06-24,602,brightup,ABANDONED-FAILURE TO RESPOND OR LATE RESPONSE,Dead/Abandoned,False,008,False
189,NEAR_1_INSERTION,1,90477508,,RIGHTCUP,2021-01-20,606,rightcup,ABANDONED - NO STATEMENT OF USE FILED,Dead/Abandoned,False,030,False
189,NEAR_1_SUBSTITUTION,1,88944410,,LIGHT UP,2020-06-02,602,lightup,ABANDONED-FAILURE TO RESPOND OR LATE RESPONSE,Dead/Abandoned,False,010,True
189,NEAR_1_INSERTION,1,88472136,,RIGHTCUP,2019-06-13,606,rightcup,ABANDONED - NO STATEMENT OF USE FILED,Dead/Abandoned,False,030,False
189,NEAR_1_SUBSTITUTION,1,88218735,,RIGHTBP,2018-12-05,606,rightbp,ABANDONED - NO STATEMENT OF USE FILED,Dead/Abandoned,False,010,True
189,NEAR_1_SUBSTITUTION,1,88191576,,LIGHT-UP,2018-11-13,602,lightup,ABANDONED-FAILURE TO RESPOND OR LATE RESPONSE,Dead/Abandoned,False,035,True
189,NEAR_1_SUBSTITUTION,1,88191598,,LIGHTUP,2018-11-13,602,lightup,ABANDONED-FAILURE TO RESPOND OR LATE RESPONSE,Dead/Abandoned,False,035,True
189,NEAR_1_SUBSTITUTION,1,88191616,,LIGHT UP,2018-11-13,602,lightup,ABANDONED-FAILURE TO RESPOND OR LATE RESPONSE,Dead/Abandoned,False,035,True
189,NEAR_1_SUBSTITUTION,1,88189608,,LIGHTUP,2018-11-12,602,lightup,ABANDONED-FAILURE TO RESPOND OR LATE RESPONSE,Dead/Abandoned,False,010,True
189,NEAR_1_INSERTION,1,88157029,,RIGHTCUP,2018-10-16,606,rightcup,ABANDONED - NO STATEMENT OF USE FILED,Dead/Abandoned,False,029,False
189,NEAR_1_SUBSTITUTION,1,87738092,,LIGHT-UP,2017-12-29,602,lightup,ABANDONED-FAILURE TO RESPOND OR LATE RESPONSE,Dead/Abandoned,False,028,False
189,NEAR_1_SUBSTITUTION,1,87654564,5537312,LIGHT UP,2017-10-21,710,lightup,CANCELLED - SECTION 8,Dead/Cancelled,False,,False
189,NEAR_1_INSERTION,1,87578314,,BRIGHT & UP,2017-08-22,606,brightup,ABANDONED - NO STATEMENT OF USE FILED,Dead/Abandoned,False,021,True
189,NEAR_1_INSERTION,1,87127659,,BRIGHTUP,2016-08-04,606,brightup,ABANDONED - NO STATEMENT OF USE FILED,Dead/Abandoned,False,041,False
189,NEAR_1_SUBSTITUTION,1,87017038,,LIGHTUP,2016-04-28,602,lightup,ABANDONED-FAILURE TO RESPOND OR LATE RESPONSE,Dead/Abandoned,False,025,False
189,NEAR_1_SUBSTITUTION,1,86414649,,LIGHT UP,2014-10-03,602,lightup,ABANDONED-FAILURE TO RESPOND OR LATE RESPONSE,Dead/Abandoned,False,028,False
189,NEAR_1_SUBSTITUTION,1,86354296,,LIGHT UP,2014-07-31,602,lightup,ABANDONED-FAILURE TO RESPOND OR LATE RESPONSE,Dead/Abandoned,False,021,True
189,NEAR_1_SUBSTITUTION,1,86295474,,LIGHT UP,2014-05-29,602,lightup,ABANDONED-FAILURE TO RESPOND OR LATE RESPONSE,Dead/Abandoned,False,010,True
189,NEAR_1_SUBSTITUTION,1,86278179,,LIGHT UP,2014-05-12,602,lightup,ABANDONED-FAILURE TO RESPOND OR LATE RESPONSE,Dead/Abandoned,False,028,False
189,NEAR_1_SUBSTITUTION,1,86225204,4745338,LIGHTUP,2014-03-18,710,lightup,CANCELLED - SECTION 8,Dead/Cancelled,False,,False
189,NEAR_1_INSERTION,1,85926023,4454593,RIGHTSUP,2013-05-08,710,rightsup,CANCELLED - SECTION 8,Dead/Cancelled,False,,False
189,NEAR_1_SUBSTITUTION,1,85169064,4240034,LIGHT-UP,2010-11-04,710,lightup,CANCELLED - SECTION 8,Dead/Cancelled,False,,False
189,NEAR_1_SUBSTITUTION,1,78429671,,EIGHT UP,2004-06-03,606,eightup,ABANDONED - NO STATEMENT OF USE FILED,Dead/Abandoned,False,025,False
189,NEAR_1_SUBSTITUTION,1,76224331,,LIGHT UP,2001-03-12,606,lightup,ABANDONED - NO STATEMENT OF USE FILED,Dead/Abandoned,False,034,False
189,NEAR_1_SUBSTITUTION,1,75859971,2633453,LIGHTUP,1999-11-29,710,lightup,CANCELLED - SECTION 8,Dead/Cancelled,False,,False
189,NEAR_1_SUBSTITUTION,1,74532186,1911683,LIGHT UP,1994-06-01,710,lightup,CANCELLED - SECTION 8,Dead/Cancelled,False,,False
189,NEAR_1_SUBSTITUTION,1,74107761,,LIGHT-UP,1990-10-22,602,lightup,ABANDONED-FAILURE TO RESPOND OR LATE RESPONSE,Dead/Abandoned,False,,False
190,EXACT,0,99906978,,HEADS UP,2026-06-25,630,headsup,NEW APPLICATION - RECORD INITIALIZED NOT ASSIGNED TO EXAMINER,Live/Pending,True,031,False
190,EXACT,0,99135637,,HEADS UP,2025-04-14,641,headsup,NON-FINAL ACTION - MAILED,Live/Pending,True,035,True
190,EXACT,0,79378996,7470467,HEADS-UP,2023-06-16,700,headsup,REGISTERED,Live/Registered,True,009,False
190,EXACT,0,97792228,7852425,HEADSUP,2023-02-13,700,headsup,REGISTERED,Live/Registered,True,"035,042",True
190,EXACT,0,88348184,6092008,HEADS UP,2019-03-20,702,headsup,SECTION 8 & 15-ACCEPTED AND ACKNOWLEDGED,Live/Registered,True,042,False
190,EXACT,0,86435563,4896336,HEADS-UP,2014-10-27,800,headsup,REGISTERED AND RENEWED,Live/Registered,True,021,True
190,EXACT,0,86171757,4713749,HEADS UP,2014-01-22,800,headsup,REGISTERED AND RENEWED,Live/Registered,True,003,True
190,EXACT,0,85742157,4377748,HEADS UP,2012-09-30,800,headsup,REGISTERED AND RENEWED,Live/Registered,True,012,False
190,EXACT,0,78855715,3206057,HEADS UP,2006-04-06,800,headsup,REGISTERED AND RENEWED,Live/Registered,True,035,True
190,EXACT,0,76643074,3115850,HEADS UP,2005-07-18,800,headsup,REGISTERED AND RENEWED,Live/Registered,True,009,False
190,EXACT,0,76407769,2695478,HEADS UP,2002-05-14,800,headsup,REGISTERED AND RENEWED,Live/Registered,True,005,True
190,EXACT,0,76327054,2782647,HEADS UP,2001-10-18,800,headsup,REGISTERED AND RENEWED,Live/Registered,True,020,False
190,EXACT,0,76001378,2427045,HEADS UP,2000-03-15,800,headsup,REGISTERED AND RENEWED,Live/Registered,True,041,False
190,EXACT,0,72103369,0718892,"""HEADS-UP""",1960-08-24,800,headsup,REGISTERED AND RENEWED,Live/Registered,True,028,False
190,EXACT,0,98279627,,HEADS UP,2023-11-21,602,headsup,ABANDONED-FAILURE TO RESPOND OR LATE RESPONSE,Dead/Abandoned,False,005,True
190,EXACT,0,98100608,,HEADS UP,2023-07-25,606,headsup,ABANDONED - NO STATEMENT OF USE FILED,Dead/Abandoned,False,005,True
190,EXACT,0,90539082,,HEADS UP,2021-02-22,604,headsup,ABANDONED - AFTER INTER-PARTES DECISION,Dead/Abandoned,False,,False
190,EXACT,0,90011283,,HEADSUP,2020-06-19,602,headsup,ABANDONED-FAILURE TO RESPOND OR LATE RESPONSE,Dead/Abandoned,False,009,False
190,EXACT,0,88584525,,HEADS UP,2019-08-19,602,headsup,ABANDONED-FAILURE TO RESPOND OR LATE RESPONSE,Dead/Abandoned,False,042,False
190,EXACT,0,88090194,5869660,HEADS UP,2018-08-23,710,headsup,CANCELLED - SECTION 8,Dead/Cancelled,False,,False
190,EXACT,0,87953907,,HEADSUP,2018-06-08,606,headsup,ABANDONED - NO STATEMENT OF USE FILED,Dead/Abandoned,False,009,False
190,EXACT,0,87476003,,HEADSUP,2017-06-05,606,headsup,ABANDONED - NO STATEMENT OF USE FILED,Dead/Abandoned,False,009,False
190,EXACT,0,87470431,,HEADS UP,2017-05-31,602,headsup,ABANDONED-FAILURE TO RESPOND OR LATE RESPONSE,Dead/Abandoned,False,044,True
190,EXACT,0,87229169,,HEADS UP,2016-11-07,602,headsup,ABANDONED-FAILURE TO RESPOND OR LATE RESPONSE,Dead/Abandoned,False,025,False
190,EXACT,0,79193648,5173799,#HEADSUP!,2016-06-07,709,headsup,CANCELLED SECTION 71,Dead/Cancelled,False,,False
190,EXACT,0,86897182,5149291,HEADS-UP,2016-02-04,710,headsup,CANCELLED - SECTION 8,Dead/Cancelled,False,,False
190,EXACT,0,86876918,5251864,HEADSUP!,2016-01-15,710,headsup,CANCELLED - SECTION 8,Dead/Cancelled,False,,False
190,EXACT,0,86764106,,HEADS UP,2015-09-22,602,headsup,ABANDONED-FAILURE TO RESPOND OR LATE RESPONSE,Dead/Abandoned,False,003,True
190,EXACT,0,86681666,5019026,HEAD'S UP,2015-07-02,710,headsup,CANCELLED - SECTION 8,Dead/Cancelled,False,,False
190,EXACT,0,86645728,5381001,HEADS-UP,2015-05-29,710,headsup,CANCELLED - SECTION 8,Dead/Cancelled,False,,False
190,EXACT,0,86322201,,HEADS UP,2014-06-27,602,headsup,ABANDONED-FAILURE TO RESPOND OR LATE RESPONSE,Dead/Abandoned,False,"009,038,042,045",False
190,EXACT,0,86221365,,HEADS UP,2014-03-14,606,headsup,ABANDONED - NO STATEMENT OF USE FILED,Dead/Abandoned,False,"009,042",False
190,EXACT,0,79132834,4460687,HEAD'S UP,2013-06-06,404,headsup,IR CANCELLED; US REGISTRATION CANCELLED,Dead/Cancelled,False,,False
190,EXACT,0,85870111,,HEADSUP,2013-03-07,602,headsup,ABANDONED-FAILURE TO RESPOND OR LATE RESPONSE,Dead/Abandoned,False,009,False
190,EXACT,0,85773815,4361141,HEADS UP!,2012-11-07,710,headsup,CANCELLED - SECTION 8,Dead/Cancelled,False,,False
190,EXACT,0,85751130,,HEADSUP!,2012-10-11,602,headsup,ABANDONED-FAILURE TO RESPOND OR LATE RESPONSE,Dead/Abandoned,False,"009,035,037,038,041,042",True
190,EXACT,0,85746291,,HEADSUP,2012-10-04,602,headsup,ABANDONED-FAILURE TO RESPOND OR LATE RESPONSE,Dead/Abandoned,False,020,False
190,EXACT,0,85616853,,HEADS-UP,2012-05-04,606,headsup,ABANDONED - NO STATEMENT OF USE FILED,Dead/Abandoned,False,028,False
190,EXACT,0,85272476,,HEADS-UP,2011-03-21,606,headsup,ABANDONED - NO STATEMENT OF USE FILED,Dead/Abandoned,False,009,False
190,EXACT,0,85178007,4176414,HEADS UP,2010-11-16,710,headsup,CANCELLED - SECTION 8,Dead/Cancelled,False,,False
190,EXACT,0,85078326,4029734,HEADS UP,2010-07-06,710,headsup,CANCELLED - SECTION 8,Dead/Cancelled,False,,False
190,EXACT,0,77823870,,HEADS UP,2009-09-10,606,headsup,ABANDONED - NO STATEMENT OF USE FILED,Dead/Abandoned,False,025,False
190,EXACT,0,77703048,,HEADS UP,2009-03-31,602,headsup,ABANDONED-FAILURE TO RESPOND OR LATE RESPONSE,Dead/Abandoned,False,020,False
190,EXACT,0,76679371,,HEADS-UP,2007-07-11,606,headsup,ABANDONED - NO STATEMENT OF USE FILED,Dead/Abandoned,False,012,False
190,EXACT,0,77195779,3613047,HEADS UP!,2007-06-01,710,headsup,CANCELLED - SECTION 8,Dead/Cancelled,False,,False
190,EXACT,0,76644499,,HEADS UP,2005-08-09,606,headsup,ABANDONED - NO STATEMENT OF USE FILED,Dead/Abandoned,False,"009,010,016,041",True
190,EXACT,0,78623010,3160777,HEADS UP,2005-05-04,710,headsup,CANCELLED - SECTION 8,Dead/Cancelled,False,,False
190,EXACT,0,78527852,3166282,HEADS UP!,2004-12-06,710,headsup,CANCELLED - SECTION 8,Dead/Cancelled,False,,False
190,EXACT,0,78484250,,HEADS UP,2004-09-15,602,headsup,ABANDONED-FAILURE TO RESPOND OR LATE RESPONSE,Dead/Abandoned,False,010,True
190,EXACT,0,76605266,,HEADS-UP,2004-08-02,606,headsup,ABANDONED - NO STATEMENT OF USE FILED,Dead/Abandoned,False,012,False
190,EXACT,0,78397964,,HEADSUP,2004-04-07,602,headsup,ABANDONED-FAILURE TO RESPOND OR LATE RESPONSE,Dead/Abandoned,False,028,False
190,EXACT,0,78361906,,HEADS UP,2004-02-03,602,headsup,ABANDONED-FAILURE TO RESPOND OR LATE RESPONSE,Dead/Abandoned,False,010,True
190,EXACT,0,78203512,2944897,HEADS UP,2003-01-15,710,headsup,CANCELLED - SECTION 8,Dead/Cancelled,False,,False
190,EXACT,0,76340186,2894119,HEADS UP,2001-11-21,710,headsup,CANCELLED - SECTION 8,Dead/Cancelled,False,,False
190,EXACT,0,76313086,,HEADS-UP,2001-09-17,606,headsup,ABANDONED - NO STATEMENT OF USE FILED,Dead/Abandoned,False,025,False
190,EXACT,0,76210069,2813451,HEADS UP,2001-02-12,710,headsup,CANCELLED - SECTION 8,Dead/Cancelled,False,,False
190,EXACT,0,78045495,,HEADS UP,2001-01-29,602,headsup,ABANDONED-FAILURE TO RESPOND OR LATE RESPONSE,Dead/Abandoned,False,020,False
190,EXACT,0,76188702,2957415,HEADSUP,2001-01-02,710,headsup,CANCELLED - SECTION 8,Dead/Cancelled,False,,False
190,EXACT,0,76175995,,HEADS UP,2000-12-05,602,headsup,ABANDONED-FAILURE TO RESPOND OR LATE RESPONSE,Dead/Abandoned,False,016,False
190,EXACT,0,76130320,2589681,HEADS UP,2000-09-18,710,headsup,CANCELLED - SECTION 8,Dead/Cancelled,False,,False
190,EXACT,0,76054978,,HEADS UP,2000-05-23,602,headsup,ABANDONED-FAILURE TO RESPOND OR LATE RESPONSE,Dead/Abandoned,False,016,False
190,EXACT,0,75653454,,HEADS UP,1999-03-04,606,headsup,ABANDONED - NO STATEMENT OF USE FILED,Dead/Abandoned,False,041,False
190,EXACT,0,75652042,,HEADS UP,1999-03-02,602,headsup,ABANDONED-FAILURE TO RESPOND OR LATE RESPONSE,Dead/Abandoned,False,042,False
190,EXACT,0,75647417,,HEADSUP,1999-02-24,602,headsup,ABANDONED-FAILURE TO RESPOND OR LATE RESPONSE,Dead/Abandoned,False,018,False
190,EXACT,0,75640241,,HEADS-UP,1999-02-12,602,headsup,ABANDONED-FAILURE TO RESPOND OR LATE RESPONSE,Dead/Abandoned,False,005,True
190,EXACT,0,75510912,,HEADSUP,1998-06-30,606,headsup,ABANDONED - NO STATEMENT OF USE FILED,Dead/Abandoned,False,009,False
190,EXACT,0,75435140,,HEADS UP,1998-02-17,606,headsup,ABANDONED - NO STATEMENT OF USE FILED,Dead/Abandoned,False,009,False
190,EXACT,0,75416696,2249184,HEADS UP,1998-01-12,710,headsup,CANCELLED - SECTION 8,Dead/Cancelled,False,,False
190,EXACT,0,75309387,2203728,HEADS UP!,1997-06-16,710,headsup,CANCELLED - SECTION 8,Dead/Cancelled,False,,False
190,EXACT,0,75125893,,HEADS UP,1996-06-26,602,headsup,ABANDONED-FAILURE TO RESPOND OR LATE RESPONSE,Dead/Abandoned,False,,False
190,EXACT,0,75117145,,HEADS UP,1996-06-11,606,headsup,ABANDONED - NO STATEMENT OF USE FILED,Dead/Abandoned,False,"014,020",False
190,EXACT,0,75113977,,HEADS UP,1996-06-04,606,headsup,ABANDONED - NO STATEMENT OF USE FILED,Dead/Abandoned,False,028,False
190,EXACT,0,75109459,2133268,HEADS UP,1996-05-24,710,headsup,CANCELLED - SECTION 8,Dead/Cancelled,False,,False
190,EXACT,0,75100771,,HEADS-UP,1996-05-08,606,headsup,ABANDONED - NO STATEMENT OF USE FILED,Dead/Abandoned,False,025,False
190,EXACT,0,75100806,2122323,HEADS UP,1996-05-08,710,headsup,CANCELLED - SECTION 8,Dead/Cancelled,False,,False
190,EXACT,0,75053007,,HEADS UP,1996-02-05,602,headsup,ABANDONED-FAILURE TO RESPOND OR LATE RESPONSE,Dead/Abandoned,False,,False
190,EXACT,0,74653443,1992782,HEADS UP,1995-03-29,710,headsup,CANCELLED - SECTION 8,Dead/Cancelled,False,,False
190,EXACT,0,74519169,,HEADS UP,1994-05-02,604,headsup,ABANDONED - AFTER INTER-PARTES DECISION,Dead/Abandoned,False,,False
190,EXACT,0,74515641,,HEADS UP,1994-04-20,602,headsup,ABANDONED-FAILURE TO RESPOND OR LATE RESPONSE,Dead/Abandoned,False,,False
190,EXACT,0,74504873,1896350,HEADS UP,1994-03-25,710,headsup,CANCELLED - SECTION 8,Dead/Cancelled,False,,False
190,EXACT,0,74298036,,HEADS UP,1992-07-27,606,headsup,ABANDONED - NO STATEMENT OF USE FILED,Dead/Abandoned,False,,False
190,EXACT,0,74281514,1805086,HEAD'S UP,1992-06-04,710,headsup,CANCELLED - SECTION 8,Dead/Cancelled,False,,False
190,EXACT,0,74183436,1711636,HEADS UP,1991-07-09,710,headsup,CANCELLED - SECTION 8,Dead/Cancelled,False,,False
190,EXACT,0,74080409,,HEADS UP,1990-07-20,614,headsup,ABANDONED PETITION TO REVIVE-DENIED,Dead/Abandoned,False,,False
190,EXACT,0,73840015,1602562,HEADS UP,1989-11-15,710,headsup,CANCELLED - SECTION 8,Dead/Cancelled,False,,False
190,EXACT,0,73741034,1535101,HEADS UP!,1988-07-20,710,headsup,CANCELLED - SECTION 8,Dead/Cancelled,False,,False
190,EXACT,0,73665993,1471941,HEADS UP!,1987-06-11,710,headsup,CANCELLED - SECTION 8,Dead/Cancelled,False,,False
190,EXACT,0,73582384,,HEADS UP,1986-02-11,605,headsup,ABANDONED EXPRESS AFTER PUB,Dead/Abandoned,False,,False
190,EXACT,0,73479105,,HEADS UP,1984-05-07,602,headsup,ABANDONED-FAILURE TO RESPOND OR LATE RESPONSE,Dead/Abandoned,False,,False
190,EXACT,0,73456887,1301642,HEADS UP!,1983-12-13,710,headsup,CANCELLED - SECTION 8,Dead/Cancelled,False,,False
190,EXACT,0,73337409,,HEADS UP,1981-11-16,600,headsup,ABANDONED - INCOMPLETE RESPONSE,Dead/Abandoned,False,,False
190,EXACT,0,73263532,1173889,HEADS-UP,1980-05-27,710,headsup,CANCELLED - SECTION 8,Dead/Cancelled,False,,False
190,EXACT,0,73177599,1160028,HEADS-UP,1978-07-10,710,headsup,CANCELLED - SECTION 8,Dead/Cancelled,False,,False
190,EXACT,0,73160975,1123886,HEADS UP,1978-03-06,710,headsup,CANCELLED - SECTION 8,Dead/Cancelled,False,,False
190,EXACT,0,73143239,1128219,HEADS UP,1977-09-30,710,headsup,CANCELLED - SECTION 8,Dead/Cancelled,False,,False
190,EXACT,0,73111902,1083896,HEADS UP,1977-01-10,710,headsup,CANCELLED - SECTION 8,Dead/Cancelled,False,,False
190,EXACT,0,72252113,0835033,HEADS UP,1966-08-10,710,headsup,CANCELLED - SECTION 8,Dead/Cancelled,False,,False
190,EXACT,0,72125381,0732849,HEADS UP,1961-08-04,710,headsup,CANCELLED - SECTION 8,Dead/Cancelled,False,,False
190,EXACT,0,71514810,0435305,HEADS UP,1946-12-26,900,headsup,EXPIRED,Dead/Expired,False,,False
190,EXACT,0,71493746,0423814,HEADS UP,1945-12-22,900,headsup,EXPIRED,Dead/Expired,False,,False
190,NEAR_1_SUBSTITUTION,1,99756163,,HEADZUP,2026-04-10,630,headzup,NEW APPLICATION - RECORD INITIALIZED NOT ASSIGNED TO EXAMINER,Live/Pending,True,009,False
190,NEAR_1_DELETION,1,98590933,,HEAD UP,2024-06-07,973,headup,SUSPENDED PENDING ADMINISTRATIVE REVIEW,Live/Pending,True,010,True
190,NEAR_1_SUBSTITUTION,1,97614115,7217211,HEAD SUN,2022-09-30,700,headsun,REGISTERED,Live/Registered,True,009,False
190,NEAR_1_SUBSTITUTION,1,90306389,6446605,HEAD SUN,2020-11-09,700,headsun,REGISTERED,Live/Registered,True,010,True
190,NEAR_1_DELETION,1,88622955,6980702,HEADUP,2019-09-19,700,headup,REGISTERED,Live/Registered,True,012,False
190,NEAR_1_SUBSTITUTION,1,87258388,5209505,HEADZUP,2016-12-06,702,headzup,SECTION 8 & 15-ACCEPTED AND ACKNOWLEDGED,Live/Registered,True,"035,037,042",True
190,NEAR_1_SUBSTITUTION,1,79272357,,HEADZUP,2019-10-03,602,headzup,ABANDONED-FAILURE TO RESPOND OR LATE RESPONSE,Dead/Abandoned,False,028,False
190,NEAR_1_SUBSTITUTION,1,87756395,5597494,HEADZUP,2018-01-16,710,headzup,CANCELLED - SECTION 8,Dead/Cancelled,False,,False
190,NEAR_1_DELETION,1,87335400,,HEADUP,2017-02-14,606,headup,ABANDONED - NO STATEMENT OF USE FILED,Dead/Abandoned,False,009,False
190,NEAR_1_DELETION,1,86885947,,HEAD UP,2016-01-25,602,headup,ABANDONED-FAILURE TO RESPOND OR LATE RESPONSE,Dead/Abandoned,False,008,False
190,NEAR_1_DELETION,1,85742122,,HEAD UP,2012-09-30,602,headup,ABANDONED-FAILURE TO RESPOND OR LATE RESPONSE,Dead/Abandoned,False,012,False
190,NEAR_1_SUBSTITUTION,1,85296534,,H3ADS UP,2011-04-15,606,h3adsup,ABANDONED - NO STATEMENT OF USE FILED,Dead/Abandoned,False,035,True
190,NEAR_1_SUBSTITUTION,1,78500850,3402954,HEAD ZUP,2004-10-15,710,headzup,CANCELLED - SECTION 8,Dead/Cancelled,False,,False
190,NEAR_1_SUBSTITUTION,1,78021259,,HEADZUP,2000-08-15,606,headzup,ABANDONED - NO STATEMENT OF USE FILED,Dead/Abandoned,False,009,False
190,NEAR_1_SUBSTITUTION,1,75862939,2541322,HEADZ UP,1999-12-02,710,headzup,CANCELLED - SECTION 8,Dead/Cancelled,False,,False
190,NEAR_1_SUBSTITUTION,1,75852316,2559677,HEADZ UP!,1999-11-18,710,headzup,CANCELLED - SECTION 8,Dead/Cancelled,False,,False
190,NEAR_1_DELETION,1,75416663,2245756,HEDS-UP,1998-01-12,710,hedsup,CANCELLED - SECTION 8,Dead/Cancelled,False,,False
190,NEAR_1_DELETION,1,74674570,2059838,HEAD-UP,1995-05-16,710,headup,CANCELLED - SECTION 8,Dead/Cancelled,False,,False
190,NEAR_1_SUBSTITUTION,1,74495077,,HEADZ UP,1994-02-28,604,headzup,ABANDONED - AFTER INTER-PARTES DECISION,Dead/Abandoned,False,,False
191,EXACT,0,85034856,3946167,CHIN UP,2010-05-10,800,chinup,REGISTERED AND RENEWED,Live/Registered,True,003,True
191,EXACT,0,77120946,3427759,CHIN-UP,2007-03-02,800,chinup,REGISTERED AND RENEWED,Live/Registered,True,010,True
191,EXACT,0,98007455,,CHIN UP,2023-05-22,602,chinup,ABANDONED-FAILURE TO RESPOND OR LATE RESPONSE,Dead/Abandoned,False,035,True
191,EXACT,0,97882774,,CHIN-UP,2023-04-11,606,chinup,ABANDONED - NO STATEMENT OF USE FILED,Dead/Abandoned,False,020,False
191,EXACT,0,79211867,,CHINUP,2017-03-30,602,chinup,ABANDONED-FAILURE TO RESPOND OR LATE RESPONSE,Dead/Abandoned,False,"010,020",True
191,EXACT,0,76698955,3769643,CHINUP,2009-08-13,710,chinup,CANCELLED - SECTION 8,Dead/Cancelled,False,,False
191,EXACT,0,76684499,,CHIN-UP,2007-11-30,602,chinup,ABANDONED-FAILURE TO RESPOND OR LATE RESPONSE,Dead/Abandoned,False,017,False
191,EXACT,0,77239676,3803568,CHIN UP,2007-07-26,710,chinup,CANCELLED - SECTION 8,Dead/Cancelled,False,,False
191,EXACT,0,78437551,,CHIN UP,2004-06-18,606,chinup,ABANDONED - NO STATEMENT OF USE FILED,Dead/Abandoned,False,003,True
191,EXACT,0,75330170,,CHIN-UP,1997-07-24,606,chinup,ABANDONED - NO STATEMENT OF USE FILED,Dead/Abandoned,False,003,True
191,EXACT,0,73662538,1543377,CHIN - UP,1987-05-22,710,chinup,CANCELLED - SECTION 8,Dead/Cancelled,False,,False
191,EXACT,0,72255056,0836874,CHIN UP,1966-09-26,900,chinup,EXPIRED,Dead/Expired,False,,False
191,EXACT,0,72188796,0781807,CHIN-UP,1964-03-16,900,chinup,EXPIRED,Dead/Expired,False,,False
191,NEAR_1_SUBSTITUTION,1,97185927,6961990,COIN-UP,2021-12-22,700,coinup,REGISTERED,Live/Registered,True,036,False
191,NEAR_1_INSERTION,1,90245874,6402725,CHINN UP,2020-10-09,700,chinnup,REGISTERED,Live/Registered,True,041,False
191,NEAR_1_SUBSTITUTION,1,87231353,5367702,COIN UP,2016-11-09,702,coinup,SECTION 8 & 15-ACCEPTED AND ACKNOWLEDGED,Live/Registered,True,"009,042",False
191,NEAR_1_SUBSTITUTION,1,87096854,6142087,CHIP-UP,2016-07-08,700,chipup,REGISTERED,Live/Registered,True,009,False
191,NEAR_1_SUBSTITUTION,1,77149411,3473250,COINUP,2007-04-05,800,coinup,REGISTERED AND RENEWED,Live/Registered,True,041,False
191,NEAR_1_SUBSTITUTION,1,97185894,,COIN-UP,2021-12-22,606,coinup,ABANDONED - NO STATEMENT OF USE FILED,Dead/Abandoned,False,035,True
191,NEAR_1_SUBSTITUTION,1,97185953,,COIN-UP,2021-12-22,602,coinup,ABANDONED-FAILURE TO RESPOND OR LATE RESPONSE,Dead/Abandoned,False,042,False
191,NEAR_1_DELETION,1,88117817,,CHI UP,2018-09-14,606,chiup,ABANDONED - NO STATEMENT OF USE FILED,Dead/Abandoned,False,"009,030,032,045",False
191,NEAR_1_DELETION,1,87599506,,CHINU,2017-09-07,606,chinu,ABANDONED - NO STATEMENT OF USE FILED,Dead/Abandoned,False,009,False
191,NEAR_1_INSERTION,1,86205995,,CHINA UP,2014-02-27,602,chinaup,ABANDONED-FAILURE TO RESPOND OR LATE RESPONSE,Dead/Abandoned,False,036,False
191,NEAR_1_DELETION,1,85881802,,CHI-UP,2013-03-20,606,chiup,ABANDONED - NO STATEMENT OF USE FILED,Dead/Abandoned,False,005,True
191,NEAR_1_DELETION,1,77648059,,CHI UP!,2009-01-13,602,chiup,ABANDONED-FAILURE TO RESPOND OR LATE RESPONSE,Dead/Abandoned,False,042,False
191,NEAR_1_SUBSTITUTION,1,79015599,3202326,THIN UP,2005-08-25,404,thinup,IR CANCELLED; US REGISTRATION CANCELLED,Dead/Cancelled,False,,False
191,NEAR_1_INSERTION,1,74562715,,CHINS UP,1994-08-18,606,chinsup,ABANDONED - NO STATEMENT OF USE FILED,Dead/Abandoned,False,,False
191,NEAR_1_SUBSTITUTION,1,74162833,1730271,CHIPUP,1991-05-02,710,chipup,CANCELLED - SECTION 8,Dead/Cancelled,False,,False
191,NEAR_1_SUBSTITUTION,1,74162834,,CHIPUP,1991-05-02,606,chipup,ABANDONED - NO STATEMENT OF USE FILED,Dead/Abandoned,False,,False
191,NEAR_1_SUBSTITUTION,1,71323943,0300218,SHI-NUP,1932-02-08,900,shinup,EXPIRED,Dead/Expired,False,,False
192,EXACT,0,97381829,7167273,STRAIGHTAWAY,2022-04-26,700,straightaway,REGISTERED,Live/Registered,True,009,False
192,EXACT,0,90152476,7429623,STRAIGHTAWAY,2020-09-01,700,straightaway,REGISTERED,Live/Registered,True,"035,038,039",True
192,EXACT,0,90978331,6892778,STRAIGHTAWAY,2020-09-01,700,straightaway,REGISTERED,Live/Registered,True,009,False
192,EXACT,0,88612796,6192772,STRAIGHT AWAY,2019-09-11,700,straightaway,REGISTERED,Live/Registered,True,005,True
192,EXACT,0,87917895,5705207,STRAIGHTAWAY,2018-05-11,702,straightaway,SECTION 8 & 15-ACCEPTED AND ACKNOWLEDGED,Live/Registered,True,"025,033",False
192,EXACT,0,87155044,5292641,STRAIGHT AWAY,2016-08-30,702,straightaway,SECTION 8 & 15-ACCEPTED AND ACKNOWLEDGED,Live/Registered,True,003,True
192,EXACT,0,87552740,5706764,STRAIGHTAWAY,2017-08-02,710,straightaway,CANCELLED - SECTION 8,Dead/Cancelled,False,,False
192,EXACT,0,77412312,3511859,STRAIGHTAWAY,2008-03-04,710,straightaway,CANCELLED - SECTION 8,Dead/Cancelled,False,,False
192,EXACT,0,78481828,,STRAIGHTAWAY,2004-09-10,606,straightaway,ABANDONED - NO STATEMENT OF USE FILED,Dead/Abandoned,False,009,False
192,EXACT,0,78461182,,STRAIGHTAWAY,2004-08-03,602,straightaway,ABANDONED-FAILURE TO RESPOND OR LATE RESPONSE,Dead/Abandoned,False,012,False
192,EXACT,0,76500874,,STRAIGHT AWAY,2003-03-03,606,straightaway,ABANDONED - NO STATEMENT OF USE FILED,Dead/Abandoned,False,041,False
192,EXACT,0,76116339,,STRAIGHT AWAY,2000-08-24,606,straightaway,ABANDONED - NO STATEMENT OF USE FILED,Dead/Abandoned,False,"009,035,036,042",True
192,EXACT,0,75721560,2681526,STRAIGHT AWAY,1999-06-09,710,straightaway,CANCELLED - SECTION 8,Dead/Cancelled,False,,False
192,EXACT,0,75534927,,STRAIGHTAWAY,1998-08-12,606,straightaway,ABANDONED - NO STATEMENT OF USE FILED,Dead/Abandoned,False,010,True
192,EXACT,0,73747739,1541510,STRAIGHT AWAY,1988-08-22,710,straightaway,CANCELLED - SECTION 8,Dead/Cancelled,False,,False
192,EXACT,0,73163517,1135115,STRAIGHT A WAY,1978-03-24,710,straightaway,CANCELLED - SECTION 8,Dead/Cancelled,False,,False
192,EXACT,0,71650092,0595628,STRAIGHTAWAY,1953-07-10,900,straightaway,EXPIRED,Dead/Expired,False,,False
192,NEAR_1_DELETION,1,86380937,4716280,STRAIGHTWAY,2014-08-29,710,straightway,CANCELLED - SECTION 8,Dead/Cancelled,False,,False
192,NEAR_1_DELETION,1,85872495,,STRAIGHTWAY,2013-03-11,602,straightway,ABANDONED-FAILURE TO RESPOND OR LATE RESPONSE,Dead/Abandoned,False,044,True
192,NEAR_1_INSERTION,1,85680746,,STRAIGHT-A-WAYS,2012-07-18,602,straightaways,ABANDONED-FAILURE TO RESPOND OR LATE RESPONSE,Dead/Abandoned,False,025,False
192,NEAR_1_DELETION,1,77658122,,STRAIGHTWAY,2009-01-28,602,straightway,ABANDONED-FAILURE TO RESPOND OR LATE RESPONSE,Dead/Abandoned,False,042,False
192,NEAR_1_DELETION,1,78924117,3352265,STRAIGHTWAY,2006-07-07,710,straightway,CANCELLED - SECTION 8,Dead/Cancelled,False,,False
192,NEAR_1_DELETION,1,78232288,,STRAIGHTWAY,2003-04-01,606,straightway,ABANDONED - NO STATEMENT OF USE FILED,Dead/Abandoned,False,041,False
192,NEAR_1_DELETION,1,75549937,2344692,STRAIGHTWAY,1998-09-08,710,straightway,CANCELLED - SECTION 8,Dead/Cancelled,False,,False
192,NEAR_1_DELETION,1,77586485,,STRAIGHTWAY,,622,straightway,MISASSIGNED SERIAL NUMBER,Indifferent,False,042,False
193,EXACT,0,99636308,,RIGHTAWAY,2026-02-05,686,rightaway,PUBLISHED FOR OPPOSITION,Live/Pending,True,026,False
193,EXACT,0,98935637,7937172,RIGHT AWAY,2025-01-03,700,rightaway,REGISTERED,Live/Registered,True,018,False
193,EXACT,0,98374337,8146267,RIGHT AWAY,2024-01-24,700,rightaway,REGISTERED,Live/Registered,True,003,True
193,EXACT,0,98813781,,RIGHTAWAY,2024-10-22,606,rightaway,ABANDONED - NO STATEMENT OF USE FILED,Dead/Abandoned,False,009,False
193,EXACT,0,97184572,,RIGHT-A-WAY,2021-12-22,602,rightaway,ABANDONED-FAILURE TO RESPOND OR LATE RESPONSE,Dead/Abandoned,False,035,True
193,EXACT,0,90466686,,RIGHTAWAY,2021-01-14,605,rightaway,ABANDONED EXPRESS AFTER PUB,Dead/Abandoned,False,,False
193,EXACT,0,87642486,5559371,RIGHT AWAY,2017-10-12,710,rightaway,CANCELLED - SECTION 8,Dead/Cancelled,False,,False
193,EXACT,0,87642462,,RIGHT AWAY,2017-10-11,600,rightaway,ABANDONED - INCOMPLETE RESPONSE,Dead/Abandoned,False,017,False
193,EXACT,0,87642467,5469226,RIGHT AWAY,2017-10-11,710,rightaway,CANCELLED - SECTION 8,Dead/Cancelled,False,,False
193,EXACT,0,87068355,,RIGHTAWAY,2016-06-11,602,rightaway,ABANDONED-FAILURE TO RESPOND OR LATE RESPONSE,Dead/Abandoned,False,036,False
193,EXACT,0,86429784,4872912,RIGHTAWAY,2014-10-21,710,rightaway,CANCELLED - SECTION 8,Dead/Cancelled,False,,False
193,EXACT,0,77402776,,RIGHT AWAY,2008-02-21,606,rightaway,ABANDONED - NO STATEMENT OF USE FILED,Dead/Abandoned,False,035,True
193,EXACT,0,75081311,,RIGHT AWAY,1996-04-01,606,rightaway,ABANDONED - NO STATEMENT OF USE FILED,Dead/Abandoned,False,,False
193,EXACT,0,74651929,2011101,RIGHT-A-WAY,1995-03-27,710,rightaway,CANCELLED - SECTION 8,Dead/Cancelled,False,,False
193,EXACT,0,74651535,1979466,RIGHTAWAY,1995-03-24,710,rightaway,CANCELLED - SECTION 8,Dead/Cancelled,False,,False
193,EXACT,0,73753045,,RIGHT-A-WAY,1988-09-19,603,rightaway,ABANDONED - AFTER EX PARTE APPEAL,Dead/Abandoned,False,,False
193,EXACT,0,73694400,,RIGHT A WAY,1987-11-09,601,rightaway,ABANDONED - EXPRESS,Dead/Abandoned,False,,False
193,EXACT,0,73685898,,RIGHT A WAY,1987-09-23,602,rightaway,ABANDONED-FAILURE TO RESPOND OR LATE RESPONSE,Dead/Abandoned,False,,False
193,EXACT,0,73359467,1264537,RIGHT-A-WAY,1982-04-12,710,rightaway,CANCELLED - SECTION 8,Dead/Cancelled,False,,False
193,EXACT,0,72232040,0818799,RIGHT-AWAY,1965-11-02,900,rightaway,EXPIRED,Dead/Expired,False,,False
193,NEAR_1_SUBSTITUTION,1,99669396,,NIGHTAWAY,2026-02-25,641,nightaway,NON-FINAL ACTION - MAILED,Live/Pending,True,024,False
193,NEAR_1_DELETION,1,99625786,,RIGHTWAY,2026-01-31,641,rightway,NON-FINAL ACTION - MAILED,Live/Pending,True,"009,035,042",True
193,NEAR_1_DELETION,1,98863810,7888480,RIGHTWAY,2024-11-20,700,rightway,REGISTERED,Live/Registered,True,"009,035,036,042,044,045",True
193,NEAR_1_DELETION,1,98710094,,RIGHTWAY,2024-08-21,807,rightway,SU - NON-FINAL ACTION - MAILED,Live/Pending,True,042,False
193,NEAR_1_DELETION,1,98710097,,RIGHTWAY,2024-08-21,807,rightway,SU - NON-FINAL ACTION - MAILED,Live/Pending,True,042,False
193,NEAR_1_SUBSTITUTION,1,98347110,7961992,LIGHT AWAY,2024-01-08,700,lightaway,REGISTERED,Live/Registered,True,024,False
193,NEAR_1_DELETION,1,97551631,,RIGHTWAY,2022-08-16,688,rightway,NOTICE OF ALLOWANCE - ISSUED,Live/Pending,True,"009,035,036,042,044,045",True
193,NEAR_1_DELETION,1,97451366,7107474,RIGHTWAY,2022-06-09,700,rightway,REGISTERED,Live/Registered,True,042,False
193,NEAR_1_DELETION,1,97418862,7159194,RIGHT WAY,2022-05-19,700,rightway,REGISTERED,Live/Registered,True,037,False
193,NEAR_1_INSERTION,1,88590566,6055100,BRIGHT AWAY,2019-08-23,700,brightaway,REGISTERED,Live/Registered,True,003,True
193,NEAR_1_SUBSTITUTION,1,86890439,5036109,RIGHT-O'-WAY,2016-01-28,702,rightoway,SECTION 8 & 15-ACCEPTED AND ACKNOWLEDGED,Live/Registered,True,028,False
193,NEAR_1_DELETION,1,77076043,3454538,RIGHTWAY,2007-01-04,800,rightway,REGISTERED AND RENEWED,Live/Registered,True,010,True
193,NEAR_1_DELETION,1,78324540,2979501,RIGHTWAY,2003-11-07,800,rightway,REGISTERED AND RENEWED,Live/Registered,True,021,True
193,NEAR_1_DELETION,1,75538103,2359320,RIGHTWAY,1998-08-17,800,rightway,REGISTERED AND RENEWED,Live/Registered,True,"035,042",True
193,NEAR_1_DELETION,1,99152045,,RIGHTWAY,2025-04-23,602,rightway,ABANDONED-FAILURE TO RESPOND OR LATE RESPONSE,Dead/Abandoned,False,006,False
193,NEAR_1_DELETION,1,98900493,,RIGHT-WAY,2024-12-12,602,rightway,ABANDONED-FAILURE TO RESPOND OR LATE RESPONSE,Dead/Abandoned,False,009,False
193,NEAR_1_DELETION,1,98542588,,RIGHTWAY,2024-05-09,602,rightway,ABANDONED-FAILURE TO RESPOND OR LATE RESPONSE,Dead/Abandoned,False,006,False
193,NEAR_1_DELETION,1,90062473,,RIGHTWAY,2020-07-20,606,rightway,ABANDONED - NO STATEMENT OF USE FILED,Dead/Abandoned,False,036,False
193,NEAR_1_DELETION,1,90031045,,RIGHT WAY,2020-07-01,606,rightway,ABANDONED - NO STATEMENT OF USE FILED,Dead/Abandoned,False,010,True
193,NEAR_1_SUBSTITUTION,1,88278690,5875936,LIGHTAWAY,2019-01-28,710,lightaway,CANCELLED - SECTION 8,Dead/Cancelled,False,,False
193,NEAR_1_DELETION,1,87673058,5657301,RIGHT WAY,2017-11-06,710,rightway,CANCELLED - SECTION 8,Dead/Cancelled,False,,False
193,NEAR_1_DELETION,1,86554641,,RIGHTWAY,2015-03-05,606,rightway,ABANDONED - NO STATEMENT OF USE FILED,Dead/Abandoned,False,009,False
193,NEAR_1_DELETION,1,86046026,,RIGHTWAY,2013-08-23,606,rightway,ABANDONED - NO STATEMENT OF USE FILED,Dead/Abandoned,False,009,False
193,NEAR_1_SUBSTITUTION,1,85735284,4472025,EIGHT AWAY,2012-09-21,710,eightaway,CANCELLED - SECTION 8,Dead/Cancelled,False,,False
193,NEAR_1_DELETION,1,77501392,3653497,RIGHT WAY,2008-06-18,710,rightway,CANCELLED - SECTION 8,Dead/Cancelled,False,,False
193,NEAR_1_DELETION,1,77363880,3484207,RIGHTWAY,2008-01-03,710,rightway,CANCELLED - SECTION 8,Dead/Cancelled,False,,False
193,NEAR_1_SUBSTITUTION,1,79044622,3472617,LIGHT-AWAY,2007-08-20,404,lightaway,IR CANCELLED; US REGISTRATION CANCELLED,Dead/Cancelled,False,,False
193,NEAR_1_DELETION,1,78868401,,RIGHT WAY,2006-04-24,606,rightway,ABANDONED - NO STATEMENT OF USE FILED,Dead/Abandoned,False,011,False
193,NEAR_1_DELETION,1,78242806,,RIGHTWAY,2003-04-28,602,rightway,ABANDONED-FAILURE TO RESPOND OR LATE RESPONSE,Dead/Abandoned,False,"005,016,029,030,032,041",True
193,NEAR_1_DELETION,1,75048891,,RIGHTWAY,1996-01-26,606,rightway,ABANDONED - NO STATEMENT OF USE FILED,Dead/Abandoned,False,,False
193,NEAR_1_DELETION,1,74590983,,RIGHTWAY,1994-10-26,602,rightway,ABANDONED-FAILURE TO RESPOND OR LATE RESPONSE,Dead/Abandoned,False,,False
193,NEAR_1_DELETION,1,74363713,,RIGHTWAY,1993-03-01,602,rightway,ABANDONED-FAILURE TO RESPOND OR LATE RESPONSE,Dead/Abandoned,False,,False
193,NEAR_1_SUBSTITUTION,1,74257512,1777423,RIGHT-O-WAY,1992-03-20,710,rightoway,CANCELLED - SECTION 8,Dead/Cancelled,False,,False
193,NEAR_1_DELETION,1,73721965,1581693,RIGHT WAY,1988-04-12,710,rightway,CANCELLED - SECTION 8,Dead/Cancelled,False,,False
193,NEAR_1_SUBSTITUTION,1,73676759,1481096,RIGHT-O-WAY,1987-08-06,710,rightoway,CANCELLED - SECTION 8,Dead/Cancelled,False,,False
193,NEAR_1_DELETION,1,73643630,1455119,RIGHT WAY,1987-02-09,710,rightway,CANCELLED - SECTION 8,Dead/Cancelled,False,,False
193,NEAR_1_DELETION,1,72431388,1014369,RIGHTWAY,1972-08-01,710,rightway,CANCELLED - SECTION 8,Dead/Cancelled,False,,False
193,NEAR_1_DELETION,1,72402069,0949294,RIGHTWAY,1971-09-07,900,rightway,EXPIRED,Dead/Expired,False,,False
193,NEAR_1_SUBSTITUTION,1,72265536,0845399,RIGHT-O-WAY,1967-02-27,900,rightoway,EXPIRED,Dead/Expired,False,,False
194,EXACT,0,98503258,7729071,RIGHTON!,2024-04-16,700,righton,REGISTERED,Live/Registered,True,"041,042",False
194,EXACT,0,79370693,7383520,RIGHT-ON,2023-04-13,700,righton,REGISTERED,Live/Registered,True,025,False
194,EXACT,0,97824465,7242647,RIGHT ON,2023-03-06,700,righton,REGISTERED,Live/Registered,True,002,False
194,EXACT,0,97186992,7050476,RIGHT ON,2021-12-23,700,righton,REGISTERED,Live/Registered,True,035,True
194,EXACT,0,90016560,6297149,RIGHT ON,2020-06-23,700,righton,REGISTERED,Live/Registered,True,019,False
194,EXACT,0,88667364,6063660,RIGHTON,2019-10-24,701,righton,SECTION 8-ACCEPTED,Live/Registered,True,026,False
194,EXACT,0,87351226,5628526,RIGHT ON!,2017-02-27,702,righton,SECTION 8 & 15-ACCEPTED AND ACKNOWLEDGED,Live/Registered,True,"016,041",False
194,EXACT,0,86354586,4703518,RIGHTON!,2014-08-01,800,righton,REGISTERED AND RENEWED,Live/Registered,True,015,False
194,EXACT,0,85480504,4310037,RIGHT ON,2011-11-23,800,righton,REGISTERED AND RENEWED,Live/Registered,True,005,True
194,EXACT,0,76493380,2977233,RIGHTON,2003-02-26,800,righton,REGISTERED AND RENEWED,Live/Registered,True,010,True
194,EXACT,0,73472430,1321699,RIGHT ON,1984-03-27,800,righton,REGISTERED AND RENEWED,Live/Registered,True,003,True
194,EXACT,0,88302478,,RIGHTON,2019-02-14,602,righton,ABANDONED-FAILURE TO RESPOND OR LATE RESPONSE,Dead/Abandoned,False,009,False
194,EXACT,0,87251569,,RIGHTON,2016-11-30,602,righton,ABANDONED-FAILURE TO RESPOND OR LATE RESPONSE,Dead/Abandoned,False,026,False
194,EXACT,0,87233847,,RIGHT ON!,2016-11-11,602,righton,ABANDONED-FAILURE TO RESPOND OR LATE RESPONSE,Dead/Abandoned,False,028,False
194,EXACT,0,79194017,5238730,RIGHT-ON,2016-05-18,709,righton,CANCELLED SECTION 71,Dead/Cancelled,False,,False
194,EXACT,0,85817992,,RIGHTON,2013-01-08,604,righton,ABANDONED - AFTER INTER-PARTES DECISION,Dead/Abandoned,False,,False
194,EXACT,0,85156595,4033906,RIGHTON,2010-10-19,710,righton,CANCELLED - SECTION 8,Dead/Cancelled,False,,False
194,EXACT,0,77703989,,RIGHT ON!,2009-04-01,606,righton,ABANDONED - NO STATEMENT OF USE FILED,Dead/Abandoned,False,005,True
194,EXACT,0,78963198,3451459,RIGHT ON,2006-08-29,710,righton,CANCELLED - SECTION 8,Dead/Cancelled,False,,False
194,EXACT,0,78694899,,RIGHT-ON,2005-08-17,606,righton,ABANDONED - NO STATEMENT OF USE FILED,Dead/Abandoned,False,009,False
194,EXACT,0,76536287,2868924,RIGHT-ON,2003-08-11,710,righton,CANCELLED - SECTION 8,Dead/Cancelled,False,,False
194,EXACT,0,76281185,,RIGHT ON,2001-07-06,606,righton,ABANDONED - NO STATEMENT OF USE FILED,Dead/Abandoned,False,016,False
194,EXACT,0,76270545,2673086,RIGHT ON,2001-06-12,710,righton,CANCELLED - SECTION 8,Dead/Cancelled,False,,False
194,EXACT,0,76269548,2834948,RIGHT-ON,2001-06-08,710,righton,CANCELLED - SECTION 8,Dead/Cancelled,False,,False
194,EXACT,0,75620862,,RIGHT ON,1999-01-14,602,righton,ABANDONED-FAILURE TO RESPOND OR LATE RESPONSE,Dead/Abandoned,False,035,True
194,EXACT,0,74552245,2079587,RIGHT-ON,1994-07-22,710,righton,CANCELLED - SECTION 8,Dead/Cancelled,False,,False
194,EXACT,0,74278971,,RIGHT ON!,1992-05-27,606,righton,ABANDONED - NO STATEMENT OF USE FILED,Dead/Abandoned,False,,False
194,EXACT,0,74057361,,RIGHT ON,1990-05-09,606,righton,ABANDONED - NO STATEMENT OF USE FILED,Dead/Abandoned,False,,False
194,EXACT,0,73617766,1451765,RIGHTON,1986-09-02,710,righton,CANCELLED - SECTION 8,Dead/Cancelled,False,,False
194,EXACT,0,73513370,1346134,RIGHT ON!,1984-12-13,710,righton,CANCELLED - SECTION 8,Dead/Cancelled,False,,False
194,EXACT,0,73388999,1256567,RIGHT ON,1982-09-27,710,righton,CANCELLED - SECTION 8,Dead/Cancelled,False,,False
194,EXACT,0,73309820,1200849,RIGHT ON,1981-05-11,710,righton,CANCELLED - SECTION 8,Dead/Cancelled,False,,False
194,EXACT,0,73301010,1207098,RIGHTON,1981-03-13,710,righton,CANCELLED - SECTION 8,Dead/Cancelled,False,,False
194,EXACT,0,73254648,1166932,RIGHT-ON,1980-03-19,710,righton,CANCELLED - SECTION 8,Dead/Cancelled,False,,False
194,EXACT,0,72400748,0934378,RIGHT ON,1971-08-20,900,righton,EXPIRED,Dead/Expired,False,,False
194,EXACT,0,72383534,0952712,RIGHT-ON,1971-02-11,900,righton,EXPIRED,Dead/Expired,False,,False
194,EXACT,0,80989652,0989652,RIGHT-ON,,710,righton,CANCELLED - SECTION 8,Dead/Cancelled,False,,False
194,EXACT,0,80990442,0990442,RIGHT ON,,710,righton,CANCELLED - SECTION 8,Dead/Cancelled,False,,False
194,NEAR_1_INSERTION,1,99780252,,RIGHT ON Q,2026-04-22,630,rightonq,NEW APPLICATION - RECORD INITIALIZED NOT ASSIGNED TO EXAMINER,Live/Pending,True,"007,009,011,042",False
194,NEAR_1_SUBSTITUTION,1,99763633,,RIGSTON,2026-04-14,630,rigston,NEW APPLICATION - RECORD INITIALIZED NOT ASSIGNED TO EXAMINER,Live/Pending,True,021,True
194,NEAR_1_INSERTION,1,99684490,,BRIGHTON,2026-03-05,680,brighton,APPROVED FOR PUBLICATION,Live/Pending,True,"010,014,018,020,035",True
194,NEAR_1_INSERTION,1,99548733,,BRIGHTON,2025-12-15,641,brighton,NON-FINAL ACTION - MAILED,Live/Pending,True,012,False
194,NEAR_1_SUBSTITUTION,1,99528068,,FIGHT ON,2025-12-03,688,fighton,NOTICE OF ALLOWANCE - ISSUED,Live/Pending,True,013,False
194,NEAR_1_SUBSTITUTION,1,99359460,8202854,RIGHTOP,2025-08-26,700,rightop,REGISTERED,Live/Registered,True,009,False
194,NEAR_1_INSERTION,1,79436832,,BRIGHTON,2025-07-04,641,brighton,NON-FINAL ACTION - MAILED,Live/Pending,True,021,True
194,NEAR_1_SUBSTITUTION,1,97467303,7114813,NIGHTON,2022-06-20,700,nighton,REGISTERED,Live/Registered,True,024,False
194,NEAR_1_INSERTION,1,90849020,6819133,BRIGHTON,2021-07-26,700,brighton,REGISTERED,Live/Registered,True,"006,019",False
194,NEAR_1_INSERTION,1,90742187,6958653,BRIGHTON,2021-05-28,700,brighton,REGISTERED,Live/Registered,True,009,False
194,NEAR_1_SUBSTITUTION,1,79314642,6908933,LIGHTON,2020-12-31,700,lighton,REGISTERED,Live/Registered,True,"009,038,042",False
194,NEAR_1_SUBSTITUTION,1,90426112,6776003,MIGHTON,2020-12-29,700,mighton,REGISTERED,Live/Registered,True,"006,017,020",False
194,NEAR_1_INSERTION,1,90111851,6272761,BRIGHTON,2020-08-13,700,brighton,REGISTERED,Live/Registered,True,011,False
194,NEAR_1_INSERTION,1,90100999,6740243,RIGHTONE,2020-08-07,700,rightone,REGISTERED,Live/Registered,True,045,False
194,NEAR_1_INSERTION,1,88826151,6399596,BRIGHTON,2020-03-09,700,brighton,REGISTERED,Live/Registered,True,"041,043",False
194,NEAR_1_INSERTION,1,88826181,6399597,BRIGHTON,2020-03-09,700,brighton,REGISTERED,Live/Registered,True,"041,043",False
194,NEAR_1_INSERTION,1,87805685,5624199,BRIGHT ON,2018-02-21,701,brighton,SECTION 8-ACCEPTED,Live/Registered,True,003,True
194,NEAR_1_INSERTION,1,87703628,5518267,BRIGHTON,2017-11-30,702,brighton,SECTION 8 & 15-ACCEPTED AND ACKNOWLEDGED,Live/Registered,True,019,False
194,NEAR_1_INSERTION,1,87521690,5386622,BRIGHTON,2017-07-10,702,brighton,SECTION 8 & 15-ACCEPTED AND ACKNOWLEDGED,Live/Registered,True,003,True
194,NEAR_1_INSERTION,1,87347667,5388271,BRIGHTON,2017-02-23,702,brighton,SECTION 8 & 15-ACCEPTED AND ACKNOWLEDGED,Live/Registered,True,045,False
194,NEAR_1_INSERTION,1,87347687,5460241,BRIGHTON,2017-02-23,702,brighton,SECTION 8 & 15-ACCEPTED AND ACKNOWLEDGED,Live/Registered,True,"009,044",True
194,NEAR_1_INSERTION,1,86893219,5891523,BRIGHTON,2016-02-01,700,brighton,REGISTERED,Live/Registered,True,011,False
194,NEAR_1_INSERTION,1,86131234,4662119,RIGHTWON,2013-11-27,800,rightwon,REGISTERED AND RENEWED,Live/Registered,True,009,False
194,NEAR_1_SUBSTITUTION,1,85383842,4625227,LIGHTON,2011-07-28,800,lighton,REGISTERED AND RENEWED,Live/Registered,True,001,False
194,NEAR_1_INSERTION,1,85176080,3993012,BRIGHTON,2010-11-12,800,brighton,REGISTERED AND RENEWED,Live/Registered,True,"003,006,009,014,016,018,020,021,025",True
194,NEAR_1_SUBSTITUTION,1,85146519,3970347,RIGOTON,2010-10-06,800,rigoton,REGISTERED AND RENEWED,Live/Registered,True,005,True
194,NEAR_1_INSERTION,1,85039116,3949264,BRIGHTON,2010-05-14,800,brighton,REGISTERED AND RENEWED,Live/Registered,True,010,True
194,NEAR_1_INSERTION,1,77375321,3488251,BRIGHTON,2008-01-18,800,brighton,REGISTERED AND RENEWED,Live/Registered,True,035,True
194,NEAR_1_DELETION,1,78919895,3239472,RIGHT-N,2006-06-29,800,rightn,REGISTERED AND RENEWED,Live/Registered,True,009,False
194,NEAR_1_INSERTION,1,78732006,3148447,BRIGHTON,2005-10-12,800,brighton,REGISTERED AND RENEWED,Live/Registered,True,003,True
194,NEAR_1_INSERTION,1,78229016,2984928,BRIGHTON,2003-03-24,800,brighton,REGISTERED AND RENEWED,Live/Registered,True,006,False
194,NEAR_1_INSERTION,1,78229021,2969795,BRIGHTON,2003-03-24,800,brighton,REGISTERED AND RENEWED,Live/Registered,True,006,False
194,NEAR_1_SUBSTITUTION,1,76211274,2751771,FIGHT ON,2001-02-16,800,fighton,REGISTERED AND RENEWED,Live/Registered,True,"021,024,025,041",True
194,NEAR_1_INSERTION,1,76023634,2665118,BRIGHTON,2000-04-11,800,brighton,REGISTERED AND RENEWED,Live/Registered,True,"011,016,021",True
194,NEAR_1_SUBSTITUTION,1,76017829,3038657,FIGHT ON,2000-04-05,800,fighton,REGISTERED AND RENEWED,Live/Registered,True,025,False
194,NEAR_1_INSERTION,1,75638411,2401412,BRIGHTON,1999-02-11,800,brighton,REGISTERED AND RENEWED,Live/Registered,True,009,False
194,NEAR_1_INSERTION,1,75438391,2262588,BRIGHTON,1998-02-23,800,brighton,REGISTERED AND RENEWED,Live/Registered,True,035,True
194,NEAR_1_INSERTION,1,75430188,2288239,BRIGHTON,1998-02-06,800,brighton,REGISTERED AND RENEWED,Live/Registered,True,035,True
194,NEAR_1_INSERTION,1,75163093,2156169,BRIGHTON,1996-09-09,800,brighton,REGISTERED AND RENEWED,Live/Registered,True,025,False
194,NEAR_1_INSERTION,1,75104444,2209973,BRIGHTON,1996-05-15,800,brighton,REGISTERED AND RENEWED,Live/Registered,True,"014,018,025",False
194,NEAR_1_INSERTION,1,74631820,2188683,BRIGHTON,1995-02-09,800,brighton,REGISTERED AND RENEWED,Live/Registered,True,025,False
194,NEAR_1_INSERTION,1,73749582,1535432,BRIGHTON,1988-09-01,800,brighton,REGISTERED AND RENEWED,Live/Registered,True,025,False
194,NEAR_1_DELETION,1,98190404,,RIGHTO,2023-09-21,602,righto,ABANDONED-FAILURE TO RESPOND OR LATE RESPONSE,Dead/Abandoned,False,014,False
194,NEAR_1_INSERTION,1,90732528,,BRIGHTON,2021-05-25,606,brighton,ABANDONED - NO STATEMENT OF USE FILED,Dead/Abandoned,False,033,False
194,NEAR_1_INSERTION,1,90693994,,BRIGHTON,2021-05-06,606,brighton,ABANDONED - NO STATEMENT OF USE FILED,Dead/Abandoned,False,012,False
194,NEAR_1_SUBSTITUTION,1,90671485,,NIGHT ON,2021-04-26,606,nighton,ABANDONED - NO STATEMENT OF USE FILED,Dead/Abandoned,False,032,False
194,NEAR_1_SUBSTITUTION,1,90439120,,LIGHTON,2020-12-31,602,lighton,ABANDONED-FAILURE TO RESPOND OR LATE RESPONSE,Dead/Abandoned,False,003,True
194,NEAR_1_INSERTION,1,88241143,,BRIGHTON,2018-12-25,602,brighton,ABANDONED-FAILURE TO RESPOND OR LATE RESPONSE,Dead/Abandoned,False,028,False
194,NEAR_1_INSERTION,1,88110342,5855088,BRIGHT ON.,2018-09-10,710,brighton,CANCELLED - SECTION 8,Dead/Cancelled,False,,False
194,NEAR_1_INSERTION,1,88975042,5794726,BRIGHT ON.,2018-09-10,710,brighton,CANCELLED - SECTION 8,Dead/Cancelled,False,,False
194,NEAR_1_INSERTION,1,86753188,,BRIGHTON,2015-09-10,602,brighton,ABANDONED-FAILURE TO RESPOND OR LATE RESPONSE,Dead/Abandoned,False,031,False
194,NEAR_1_SUBSTITUTION,1,86274297,4767123,FIGHT ON,2014-05-07,710,fighton,CANCELLED - SECTION 8,Dead/Cancelled,False,,False
194,NEAR_1_SUBSTITUTION,1,86274385,4767124,FIGHT ON,2014-05-07,710,fighton,CANCELLED - SECTION 8,Dead/Cancelled,False,,False
194,NEAR_1_INSERTION,1,86122484,4786595,BRIGHTON,2013-11-19,710,brighton,CANCELLED - SECTION 8,Dead/Cancelled,False,,False
194,NEAR_1_SUBSTITUTION,1,79079580,3922193,DIGHTON,2009-12-21,404,dighton,IR CANCELLED; US REGISTRATION CANCELLED,Dead/Cancelled,False,,False
194,NEAR_1_SUBSTITUTION,1,77501298,,LIGHT-ON,2008-06-17,602,lighton,ABANDONED-FAILURE TO RESPOND OR LATE RESPONSE,Dead/Abandoned,False,011,False
194,NEAR_1_INSERTION,1,77457743,,BRIGHTON,2008-04-25,602,brighton,ABANDONED-FAILURE TO RESPOND OR LATE RESPONSE,Dead/Abandoned,False,019,False
194,NEAR_1_SUBSTITUTION,1,78722778,,RIGOTON,2005-09-28,606,rigoton,ABANDONED - NO STATEMENT OF USE FILED,Dead/Abandoned,False,005,True
194,NEAR_1_INSERTION,1,78448674,3855032,BRIGHTON,2004-07-09,710,brighton,CANCELLED - SECTION 8,Dead/Cancelled,False,,False
194,NEAR_1_INSERTION,1,78420435,,BRIGHTON,2004-05-18,602,brighton,ABANDONED-FAILURE TO RESPOND OR LATE RESPONSE,Dead/Abandoned,False,020,False
194,NEAR_1_INSERTION,1,78291974,3141098,BRIGHTON,2003-08-25,710,brighton,CANCELLED - SECTION 8,Dead/Cancelled,False,,False
194,NEAR_1_INSERTION,1,78147100,2913802,CRIGHTON,2002-07-24,710,crighton,CANCELLED - SECTION 8,Dead/Cancelled,False,,False
194,NEAR_1_INSERTION,1,78108371,2846436,BRIGHTON,2002-02-12,710,brighton,CANCELLED - SECTION 8,Dead/Cancelled,False,,False
194,NEAR_1_INSERTION,1,76365103,,BRIGHTON,2002-02-01,604,brighton,ABANDONED - AFTER INTER-PARTES DECISION,Dead/Abandoned,False,,False
194,NEAR_1_INSERTION,1,76348941,,BRIGHTON,2001-12-17,604,brighton,ABANDONED - AFTER INTER-PARTES DECISION,Dead/Abandoned,False,,False
194,NEAR_1_INSERTION,1,78097947,2946631,BRIGHTON,2001-12-12,710,brighton,CANCELLED - SECTION 8,Dead/Cancelled,False,,False
194,NEAR_1_INSERTION,1,78064455,,BRIGHTON,2001-05-18,604,brighton,ABANDONED - AFTER INTER-PARTES DECISION,Dead/Abandoned,False,,False
194,NEAR_1_INSERTION,1,76070546,3086948,BRIGHTON,2000-06-15,710,brighton,CANCELLED - SECTION 8,Dead/Cancelled,False,,False
194,NEAR_1_INSERTION,1,76062077,,BRIGHTON,2000-06-02,604,brighton,ABANDONED - AFTER INTER-PARTES DECISION,Dead/Abandoned,False,,False
194,NEAR_1_INSERTION,1,75800970,2387681,RIGHT-ONE,1999-09-16,710,rightone,CANCELLED - SECTION 8,Dead/Cancelled,False,,False
194,NEAR_1_INSERTION,1,75800971,2383101,RIGHT-ONE,1999-09-16,710,rightone,CANCELLED - SECTION 8,Dead/Cancelled,False,,False
194,NEAR_1_INSERTION,1,75769635,,BRIGHTON,1999-08-06,602,brighton,ABANDONED-FAILURE TO RESPOND OR LATE RESPONSE,Dead/Abandoned,False,021,True
194,NEAR_1_INSERTION,1,75769636,,BRIGHTON,1999-08-06,602,brighton,ABANDONED-FAILURE TO RESPOND OR LATE RESPONSE,Dead/Abandoned,False,032,False
194,NEAR_1_SUBSTITUTION,1,75745102,,TIGHTON,1999-07-29,606,tighton,ABANDONED - NO STATEMENT OF USE FILED,Dead/Abandoned,False,035,True
194,NEAR_1_INSERTION,1,75231548,,BRIGHTON,1997-01-27,602,brighton,ABANDONED-FAILURE TO RESPOND OR LATE RESPONSE,Dead/Abandoned,False,020,False
194,NEAR_1_INSERTION,1,74632588,2129687,BRIGHTON,1995-02-10,710,brighton,CANCELLED - SECTION 8,Dead/Cancelled,False,,False
194,NEAR_1_INSERTION,1,74631896,2183195,BRIGHTON,1995-02-09,710,brighton,CANCELLED - SECTION 8,Dead/Cancelled,False,,False
194,NEAR_1_INSERTION,1,74543781,2010628,BRIGHTON,1994-06-30,710,brighton,CANCELLED - SECTION 8,Dead/Cancelled,False,,False
194,NEAR_1_INSERTION,1,74516523,1955649,BRIGHTON,1994-04-25,710,brighton,CANCELLED - SECTION 8,Dead/Cancelled,False,,False
194,NEAR_1_INSERTION,1,74499974,1895391,BRIGHTON,1994-03-07,710,brighton,CANCELLED - SECTION 8,Dead/Cancelled,False,,False
194,NEAR_1_INSERTION,1,74412632,,BRIGHTON,1993-07-15,602,brighton,ABANDONED-FAILURE TO RESPOND OR LATE RESPONSE,Dead/Abandoned,False,,False
194,NEAR_1_INSERTION,1,74343743,,RIGHT ONS,1992-12-28,606,rightons,ABANDONED - NO STATEMENT OF USE FILED,Dead/Abandoned,False,,False
194,NEAR_1_INSERTION,1,74111215,1683641,RIGHTS ON!,1990-10-29,710,rightson,CANCELLED - SECTION 8,Dead/Cancelled,False,,False
194,NEAR_1_INSERTION,1,74099685,,BRIGHTON,1990-09-24,606,brighton,ABANDONED - NO STATEMENT OF USE FILED,Dead/Abandoned,False,,False
194,NEAR_1_INSERTION,1,74032285,,RIGHT ON Q,1990-02-26,604,rightonq,ABANDONED - AFTER INTER-PARTES DECISION,Dead/Abandoned,False,,False
194,NEAR_1_INSERTION,1,74019444,1655891,BRIGHTON,1990-01-16,710,brighton,CANCELLED - SECTION 8,Dead/Cancelled,False,,False
194,NEAR_1_INSERTION,1,74019794,1658648,BRIGHTON,1990-01-16,710,brighton,CANCELLED - SECTION 8,Dead/Cancelled,False,,False
194,NEAR_1_INSERTION,1,73837404,1602312,BRIGHTON,1989-11-07,710,brighton,CANCELLED - SECTION 8,Dead/Cancelled,False,,False
194,NEAR_1_INSERTION,1,73572236,,BRIGHTON,1985-12-09,602,brighton,ABANDONED-FAILURE TO RESPOND OR LATE RESPONSE,Dead/Abandoned,False,,False
194,NEAR_1_INSERTION,1,73480529,1358124,BRIGHTON,1984-05-15,710,brighton,CANCELLED - SECTION 8,Dead/Cancelled,False,,False
194,NEAR_1_INSERTION,1,73373317,1282926,BRIGHT-ON,1982-07-06,710,brighton,CANCELLED - SECTION 8,Dead/Cancelled,False,,False
194,NEAR_1_SUBSTITUTION,1,73133326,1090589,LIGHT ON,1977-07-08,710,lighton,CANCELLED - SECTION 8,Dead/Cancelled,False,,False
194,NEAR_1_INSERTION,1,73015447,1080477,BRIGHTON,1974-03-11,710,brighton,CANCELLED - SECTION 8,Dead/Cancelled,False,,False
194,NEAR_1_INSERTION,1,72322817,0918490,BRIGHT-ON,1969-03-26,900,brighton,EXPIRED,Dead/Expired,False,,False
194,NEAR_1_INSERTION,1,72210076,0809470,BRIGHTON,1965-01-18,900,brighton,EXPIRED,Dead/Expired,False,,False
194,NEAR_1_INSERTION,1,72203458,0805463,BRIGHTON,1964-10-07,900,brighton,EXPIRED,Dead/Expired,False,,False
194,NEAR_1_INSERTION,1,72109589,0728578,BRIGHTON,1960-12-05,900,brighton,EXPIRED,Dead/Expired,False,,False
194,NEAR_1_INSERTION,1,71519114,0548063,BRIGHTON,1947-03-17,900,brighton,EXPIRED,Dead/Expired,False,,False
195,EXACT,0,79385675,7674186,HEAD ON,2023-09-13,700,headon,REGISTERED,Live/Registered,True,"009,044",True
195,EXACT,0,86301793,4819044,HEADON,2014-06-05,710,headon,CANCELLED - SECTION 8,Dead/Cancelled,False,,False
195,EXACT,0,86299245,4681176,HEADON,2014-06-03,710,headon,CANCELLED - SECTION 8,Dead/Cancelled,False,,False
195,EXACT,0,85735577,,HEAD ON,2012-09-21,602,headon,ABANDONED-FAILURE TO RESPOND OR LATE RESPONSE,Dead/Abandoned,False,"009,018,025,028",False
195,EXACT,0,85696673,,HEAD-ON,2012-08-06,602,headon,ABANDONED-FAILURE TO RESPOND OR LATE RESPONSE,Dead/Abandoned,False,"025,026,028",False
195,EXACT,0,78601496,,HEAD-ON,2005-04-04,602,headon,ABANDONED-FAILURE TO RESPOND OR LATE RESPONSE,Dead/Abandoned,False,009,False
195,EXACT,0,78357844,2923188,HEADON,2004-01-26,710,headon,CANCELLED - SECTION 8,Dead/Cancelled,False,,False
195,EXACT,0,78177021,2863670,HEADON,2002-10-22,710,headon,CANCELLED - SECTION 8,Dead/Cancelled,False,,False
195,EXACT,0,75504108,2306615,HEAD-ON,1998-06-17,710,headon,CANCELLED - SECTION 8,Dead/Cancelled,False,,False
195,EXACT,0,75189415,2107183,HEAD ON,1996-10-29,710,headon,CANCELLED - SECTION 8,Dead/Cancelled,False,,False
195,EXACT,0,74677229,,HEAD ON,1995-05-19,606,headon,ABANDONED - NO STATEMENT OF USE FILED,Dead/Abandoned,False,,False
195,EXACT,0,74444864,2051079,HEADON,1993-10-07,710,headon,CANCELLED - SECTION 8,Dead/Cancelled,False,,False
195,EXACT,0,73649787,1461813,HEAD-ON,1987-03-17,710,headon,CANCELLED - SECTION 8,Dead/Cancelled,False,,False
195,EXACT,0,73224313,1163508,HEAD ON,1979-07-23,710,headon,CANCELLED - SECTION 8,Dead/Cancelled,False,,False
195,NEAR_1_SUBSTITUTION,1,99671195,,HEADIN',2026-02-26,638,headin,NEW APPLICATION - ASSIGNED TO EXAMINER,Live/Pending,True,"003,005,044",True
195,NEAR_1_SUBSTITUTION,1,99609400,,HEAL ON,2026-01-22,680,healon,APPROVED FOR PUBLICATION,Live/Pending,True,"009,042",False
195,NEAR_1_SUBSTITUTION,1,99457663,,HEALON,2025-10-22,680,healon,APPROVED FOR PUBLICATION,Live/Pending,True,024,False
195,NEAR_1_SUBSTITUTION,1,79421652,8112941,HEDDON,2025-03-14,700,heddon,REGISTERED,Live/Registered,True,009,False
195,NEAR_1_SUBSTITUTION,1,98886444,8123326,DEAD ON,2024-12-05,700,deadon,REGISTERED,Live/Registered,True,032,False
195,NEAR_1_SUBSTITUTION,1,98245877,,HEATON,2023-10-30,654,heaton,REPORT COMPLETED SUSPENSION CHECK - CASE STILL SUSPENDED,Live/Pending,True,"025,028",False
195,NEAR_1_SUBSTITUTION,1,98245878,,HEATON,2023-10-30,654,heaton,REPORT COMPLETED SUSPENSION CHECK - CASE STILL SUSPENDED,Live/Pending,True,"025,028",False
195,NEAR_1_SUBSTITUTION,1,98115369,7457707,HEADOT,2023-08-03,700,headot,REGISTERED,Live/Registered,True,021,True
195,NEAR_1_SUBSTITUTION,1,97858166,,DEADON,2023-03-27,733,deadon,FOURTH EXTENSION - GRANTED,Live/Pending,True,009,False
195,NEAR_1_SUBSTITUTION,1,97713903,7268302,LEAD ON,2022-12-12,700,leadon,REGISTERED,Live/Registered,True,036,False
195,NEAR_1_SUBSTITUTION,1,97712056,7291458,HEASON,2022-12-10,700,heason,REGISTERED,Live/Registered,True,006,False
195,NEAR_1_SUBSTITUTION,1,88688334,6540394,SEADON,2019-11-11,700,seadon,REGISTERED,Live/Registered,True,025,False
195,NEAR_1_SUBSTITUTION,1,88631546,6217917,HEADOT,2019-09-26,700,headot,REGISTERED,Live/Registered,True,010,True
195,NEAR_1_SUBSTITUTION,1,79271287,6071997,READON,2019-07-16,700,readon,REGISTERED,Live/Registered,True,"009,042",False
195,NEAR_1_DELETION,1,88431100,5957879,HEDON,2019-05-15,702,hedon,SECTION 8 & 15-ACCEPTED AND ACKNOWLEDGED,Live/Registered,True,033,False
195,NEAR_1_DELETION,1,86053274,4608384,HEDON,2013-08-31,800,hedon,REGISTERED AND RENEWED,Live/Registered,True,009,False
195,NEAR_1_SUBSTITUTION,1,77893975,4039087,DEAD-ON,2009-12-15,800,deadon,REGISTERED AND RENEWED,Live/Registered,True,013,False
195,NEAR_1_SUBSTITUTION,1,77485930,3781838,DEAD ON,2008-05-29,800,deadon,REGISTERED AND RENEWED,Live/Registered,True,008,False
195,NEAR_1_SUBSTITUTION,1,77485940,3745198,DEAD ON,2008-05-29,800,deadon,REGISTERED AND RENEWED,Live/Registered,True,008,False
195,NEAR_1_SUBSTITUTION,1,77080175,3305965,DEAD ON,2007-01-10,800,deadon,REGISTERED AND RENEWED,Live/Registered,True,"008,025",False
195,NEAR_1_SUBSTITUTION,1,78953437,3284042,HENDON,2006-08-16,800,hendon,REGISTERED AND RENEWED,Live/Registered,True,"009,042",False
195,NEAR_1_SUBSTITUTION,1,78521370,3205004,DEAD ON,2004-11-22,800,deadon,REGISTERED AND RENEWED,Live/Registered,True,"008,009,018,025",False
195,NEAR_1_SUBSTITUTION,1,76432142,2905535,LEADON,2002-07-18,800,leadon,REGISTERED AND RENEWED,Live/Registered,True,041,False
195,NEAR_1_SUBSTITUTION,1,75745898,2742408,DEAD ON,1999-07-07,800,deadon,REGISTERED AND RENEWED,Live/Registered,True,009,False
195,NEAR_1_SUBSTITUTION,1,75741935,2465022,DEAD-ON,1999-07-01,800,deadon,REGISTERED AND RENEWED,Live/Registered,True,028,False
195,NEAR_1_SUBSTITUTION,1,75060534,2108285,HERDON,1996-02-21,800,herdon,REGISTERED AND RENEWED,Live/Registered,True,007,False
195,NEAR_1_SUBSTITUTION,1,74233910,1771469,YEADON,1991-12-30,800,yeadon,REGISTERED AND RENEWED,Live/Registered,True,019,False
195,NEAR_1_SUBSTITUTION,1,72374302,0940849,HEALON,1970-10-26,800,healon,REGISTERED AND RENEWED,Live/Registered,True,005,True
195,NEAR_1_SUBSTITUTION,1,72204472,0805082,HEDDON,1964-10-21,800,heddon,REGISTERED AND RENEWED,Live/Registered,True,"016,018,020,022,025,028",False
195,NEAR_1_SUBSTITUTION,1,71534141,0507613,HEDDON,1947-09-11,800,heddon,REGISTERED AND RENEWED,Live/Registered,True,"016,018,020,022,025,028",False
195,NEAR_1_SUBSTITUTION,1,98695992,,HEAL ON,2024-08-13,602,healon,ABANDONED-FAILURE TO RESPOND OR LATE RESPONSE,Dead/Abandoned,False,"009,042",False
195,NEAR_1_SUBSTITUTION,1,90689689,,HEADOE,2021-05-04,606,headoe,ABANDONED - NO STATEMENT OF USE FILED,Dead/Abandoned,False,009,False
195,NEAR_1_SUBSTITUTION,1,90569060,,LEADON,2021-03-09,606,leadon,ABANDONED - NO STATEMENT OF USE FILED,Dead/Abandoned,False,034,False
195,NEAR_1_DELETION,1,88262131,,HEDON,2019-01-15,602,hedon,ABANDONED-FAILURE TO RESPOND OR LATE RESPONSE,Dead/Abandoned,False,025,False
195,NEAR_1_SUBSTITUTION,1,88075914,,LEAD ON,2018-08-13,602,leadon,ABANDONED-FAILURE TO RESPOND OR LATE RESPONSE,Dead/Abandoned,False,041,False
195,NEAR_1_SUBSTITUTION,1,87905018,,SEADON,2018-05-02,602,seadon,ABANDONED-FAILURE TO RESPOND OR LATE RESPONSE,Dead/Abandoned,False,025,False
195,NEAR_1_SUBSTITUTION,1,79228494,5537985,HEALON,2017-12-07,709,healon,CANCELLED SECTION 71,Dead/Cancelled,False,,False
195,NEAR_1_SUBSTITUTION,1,79227216,,HENDON,2017-11-23,602,hendon,ABANDONED-FAILURE TO RESPOND OR LATE RESPONSE,Dead/Abandoned,False,"018,028",False
195,NEAR_1_SUBSTITUTION,1,87347094,,LEAD ON,2017-02-23,602,leadon,ABANDONED-FAILURE TO RESPOND OR LATE RESPONSE,Dead/Abandoned,False,041,False
195,NEAR_1_SUBSTITUTION,1,87064019,,READON,2016-06-08,606,readon,ABANDONED - NO STATEMENT OF USE FILED,Dead/Abandoned,False,042,False
195,NEAR_1_SUBSTITUTION,1,79183527,5107144,H.EARON,2015-12-04,404,hearon,IR CANCELLED; US REGISTRATION CANCELLED,Dead/Cancelled,False,,False
195,NEAR_1_SUBSTITUTION,1,79183398,5211262,HEADOO,2015-09-15,404,headoo,IR CANCELLED; US REGISTRATION CANCELLED,Dead/Cancelled,False,,False
195,NEAR_1_SUBSTITUTION,1,86559243,5004307,READ ON!,2015-03-10,710,readon,CANCELLED - SECTION 8,Dead/Cancelled,False,,False
195,NEAR_1_SUBSTITUTION,1,86559246,5004308,READ ON!,2015-03-10,710,readon,CANCELLED - SECTION 8,Dead/Cancelled,False,,False
195,NEAR_1_DELETION,1,86273310,,HEDON,2014-05-06,606,hedon,ABANDONED - NO STATEMENT OF USE FILED,Dead/Abandoned,False,033,False
195,NEAR_1_DELETION,1,86249652,5612085,HEDON,2014-04-11,710,hedon,CANCELLED - SECTION 8,Dead/Cancelled,False,,False
195,NEAR_1_SUBSTITUTION,1,85869384,4418206,HEATON,2013-03-07,710,heaton,CANCELLED - SECTION 8,Dead/Cancelled,False,,False
195,NEAR_1_SUBSTITUTION,1,85700624,,LEAD ON,2012-08-10,606,leadon,ABANDONED - NO STATEMENT OF USE FILED,Dead/Abandoned,False,041,False
195,NEAR_1_SUBSTITUTION,1,85983449,4720843,LEAD ON,2012-08-10,710,leadon,CANCELLED - SECTION 8,Dead/Cancelled,False,,False
195,NEAR_1_SUBSTITUTION,1,85585869,,HEATON,2012-04-01,602,heaton,ABANDONED-FAILURE TO RESPOND OR LATE RESPONSE,Dead/Abandoned,False,025,False
195,NEAR_1_INSERTION,1,85560888,,HEADOWN,2012-03-05,604,headown,ABANDONED - AFTER INTER-PARTES DECISION,Dead/Abandoned,False,,False
195,NEAR_1_SUBSTITUTION,1,85337691,,READ ON,2011-06-03,602,readon,ABANDONED-FAILURE TO RESPOND OR LATE RESPONSE,Dead/Abandoned,False,"009,035,038,041,042,045",True
195,NEAR_1_SUBSTITUTION,1,85047129,,READ ON,2010-05-25,602,readon,ABANDONED-FAILURE TO RESPOND OR LATE RESPONSE,Dead/Abandoned,False,041,False
195,NEAR_1_SUBSTITUTION,1,77721983,,HEAD-IN,2009-04-24,602,headin,ABANDONED-FAILURE TO RESPOND OR LATE RESPONSE,Dead/Abandoned,False,025,False
195,NEAR_1_SUBSTITUTION,1,77410918,3536427,READ ON!,2008-03-03,710,readon,CANCELLED - SECTION 8,Dead/Cancelled,False,,False
195,NEAR_1_SUBSTITUTION,1,77190525,,DEADON,2007-05-25,606,deadon,ABANDONED - NO STATEMENT OF USE FILED,Dead/Abandoned,False,002,False
195,NEAR_1_SUBSTITUTION,1,78863529,3251213,YEADON,2006-04-18,710,yeadon,CANCELLED - SECTION 8,Dead/Cancelled,False,,False
195,NEAR_1_SUBSTITUTION,1,78819785,,READ ON,2006-02-21,601,readon,ABANDONED - EXPRESS,Dead/Abandoned,False,009,False
195,NEAR_1_SUBSTITUTION,1,78819795,,READ ON,2006-02-21,601,readon,ABANDONED - EXPRESS,Dead/Abandoned,False,016,False
195,NEAR_1_SUBSTITUTION,1,78698564,,DEAD ON,2005-08-23,606,deadon,ABANDONED - NO STATEMENT OF USE FILED,Dead/Abandoned,False,005,True
195,NEAR_1_SUBSTITUTION,1,78562979,3248953,DEAD ON,2005-02-08,710,deadon,CANCELLED - SECTION 8,Dead/Cancelled,False,,False
195,NEAR_1_SUBSTITUTION,1,78521376,,DEAD ON,2004-11-22,606,deadon,ABANDONED - NO STATEMENT OF USE FILED,Dead/Abandoned,False,"007,008",False
195,NEAR_1_DELETION,1,78437559,,HEDON,2004-06-18,604,hedon,ABANDONED - AFTER INTER-PARTES DECISION,Dead/Abandoned,False,,False
195,NEAR_1_DELETION,1,78436764,,HEDON,2004-06-17,604,hedon,ABANDONED - AFTER INTER-PARTES DECISION,Dead/Abandoned,False,,False
195,NEAR_1_SUBSTITUTION,1,78167490,2978313,DEAD ON,2002-09-24,710,deadon,CANCELLED - SECTION 8,Dead/Cancelled,False,,False
195,NEAR_1_SUBSTITUTION,1,78127063,,READ-ON!,2002-05-08,606,readon,ABANDONED - NO STATEMENT OF USE FILED,Dead/Abandoned,False,036,False
195,NEAR_1_SUBSTITUTION,1,76233022,,DEAD ON,2001-03-28,602,deadon,ABANDONED-FAILURE TO RESPOND OR LATE RESPONSE,Dead/Abandoned,False,007,False
195,NEAR_1_SUBSTITUTION,1,76181939,2571158,DEAD ON,2000-12-16,710,deadon,CANCELLED - SECTION 8,Dead/Cancelled,False,,False
195,NEAR_1_INSERTION,1,76127294,,HEADFON,2000-09-13,606,headfon,ABANDONED - NO STATEMENT OF USE FILED,Dead/Abandoned,False,009,False
195,NEAR_1_SUBSTITUTION,1,75281449,2336467,DEAD ON,1997-04-25,710,deadon,CANCELLED - SECTION 8,Dead/Cancelled,False,,False
195,NEAR_1_SUBSTITUTION,1,74579461,2139912,HEATON,1994-09-28,710,heaton,CANCELLED - SECTION 8,Dead/Cancelled,False,,False
195,NEAR_1_SUBSTITUTION,1,74382617,1837866,READ ON!,1993-04-26,710,readon,CANCELLED - SECTION 8,Dead/Cancelled,False,,False
195,NEAR_1_SUBSTITUTION,1,74171984,1710588,READ ON!,1991-06-03,710,readon,CANCELLED - SECTION 8,Dead/Cancelled,False,,False
195,NEAR_1_INSERTION,1,73805962,1577927,HEADOWN,1989-06-12,710,headown,CANCELLED - SECTION 8,Dead/Cancelled,False,,False
195,NEAR_1_INSERTION,1,73534513,1369921,HEADS ON,1985-04-29,710,headson,CANCELLED - SECTION 8,Dead/Cancelled,False,,False
195,NEAR_1_SUBSTITUTION,1,73128167,1105208,HEDDON,1977-05-26,710,heddon,CANCELLED - SECTION 8,Dead/Cancelled,False,,False
195,NEAR_1_SUBSTITUTION,1,72263064,0843527,HENDON,1967-01-23,900,hendon,EXPIRED,Dead/Expired,False,,False
195,NEAR_1_DELETION,1,72215449,0799153,HEDON,1965-03-31,900,hedon,EXPIRED,Dead/Expired,False,,False
195,NEAR_1_SUBSTITUTION,1,71547115,0531996,HEDDON,1948-01-15,900,heddon,EXPIRED,Dead/Expired,False,,False
195,NEAR_1_SUBSTITUTION,1,80999047,0999047,HEDDON,,710,heddon,CANCELLED - SECTION 8,Dead/Cancelled,False,,False
196,EXACT,0,99819211,,FORWARD,2026-05-12,630,forward,NEW APPLICATION - RECORD INITIALIZED NOT ASSIGNED TO EXAMINER,Live/Pending,True,"009,041,042",False
196,EXACT,0,99762937,,FORWARD,2026-04-14,630,forward,NEW APPLICATION - RECORD INITIALIZED NOT ASSIGNED TO EXAMINER,Live/Pending,True,007,False
196,EXACT,0,99740972,,F O R W A R D,2026-04-02,630,forward,NEW APPLICATION - RECORD INITIALIZED NOT ASSIGNED TO EXAMINER,Live/Pending,True,"025,035",True
196,EXACT,0,99599149,,FORWARD,2026-01-16,686,forward,PUBLISHED FOR OPPOSITION,Live/Pending,True,005,True
196,EXACT,0,99424977,8242298,FORWARD,2025-10-02,700,forward,REGISTERED,Live/Registered,True,035,True
196,EXACT,0,99245588,8125133,FORWARD,2025-06-20,700,forward,REGISTERED,Live/Registered,True,008,False
196,EXACT,0,99192798,8210172,FORWARD,2025-05-19,700,forward,REGISTERED,Live/Registered,True,009,False
196,EXACT,0,98683301,7799662,FORWARD,2024-08-05,700,forward,REGISTERED,Live/Registered,True,036,False
196,EXACT,0,98683711,7777007,FORWARD,2024-08-05,700,forward,REGISTERED,Live/Registered,True,041,False
196,EXACT,0,98516662,8132132,FORWARD,2024-04-24,700,forward,REGISTERED,Live/Registered,True,041,False
196,EXACT,0,97617024,7384120,FORWARD,2022-10-03,700,forward,REGISTERED,Live/Registered,True,035,True
196,EXACT,0,97617030,7212716,FORWARD,2022-10-03,700,forward,REGISTERED,Live/Registered,True,036,False
196,EXACT,0,97135266,7096325,FORWARD,2021-11-19,700,forward,REGISTERED,Live/Registered,True,035,True
196,EXACT,0,97042768,7051872,FORWARD,2021-09-23,700,forward,REGISTERED,Live/Registered,True,032,False
196,EXACT,0,90712681,6769689,FORWARD,2021-05-14,700,forward,REGISTERED,Live/Registered,True,044,True
196,EXACT,0,90241953,6604002,FORWARD,2020-10-08,700,forward,REGISTERED,Live/Registered,True,039,False
196,EXACT,0,88953970,6200539,FORWARD,2020-06-08,700,forward,REGISTERED,Live/Registered,True,035,True
196,EXACT,0,88626604,6033634,FORWARD,2019-09-23,702,forward,SECTION 8 & 15-ACCEPTED AND ACKNOWLEDGED,Live/Registered,True,041,False
196,EXACT,0,87256000,5950514,FORWARD,2016-12-02,700,forward,REGISTERED,Live/Registered,True,"009,042",False
196,EXACT,0,87256006,6064509,FORWARD,2016-12-02,700,forward,REGISTERED,Live/Registered,True,"009,042",False
196,EXACT,0,87976075,5711633,FORWARD,2016-12-02,702,forward,SECTION 8 & 15-ACCEPTED AND ACKNOWLEDGED,Live/Registered,True,044,True
196,EXACT,0,87976076,6019574,FORWARD,2016-12-02,700,forward,REGISTERED,Live/Registered,True,044,True
196,EXACT,0,86677704,5243694,FORWARD,2015-06-29,705,forward,PARTIAL SECTION 8 & 15 ACCEPTED AND ACKNOWLEDGED,Live/Registered,True,041,False
196,EXACT,0,86677804,4981382,FORWARD,2015-06-29,800,forward,REGISTERED AND RENEWED,Live/Registered,True,"009,041",False
196,EXACT,0,86677847,4981383,FORWARD,2015-06-29,702,forward,SECTION 8 & 15-ACCEPTED AND ACKNOWLEDGED,Live/Registered,True,"009,016,018",False
196,EXACT,0,86174865,5211493,FORWARD,2014-01-24,702,forward,SECTION 8 & 15-ACCEPTED AND ACKNOWLEDGED,Live/Registered,True,041,False
196,EXACT,0,86174947,5220623,FORWARD,2014-01-24,702,forward,SECTION 8 & 15-ACCEPTED AND ACKNOWLEDGED,Live/Registered,True,"009,041",False
196,EXACT,0,78918065,3233413,FORWARD,2006-06-27,800,forward,REGISTERED AND RENEWED,Live/Registered,True,007,False
196,EXACT,0,74700636,1976798,FORWARD,1995-07-13,800,forward,REGISTERED AND RENEWED,Live/Registered,True,005,True
196,EXACT,0,73582399,1432029,FORWARD,1986-02-11,800,forward,REGISTERED AND RENEWED,Live/Registered,True,025,False
196,EXACT,0,99065983,,FORWARD,2025-03-04,601,forward,ABANDONED - EXPRESS,Dead/Abandoned,False,"005,042",True
196,EXACT,0,79419531,,FORWARD,2024-12-31,602,forward,ABANDONED-FAILURE TO RESPOND OR LATE RESPONSE,Dead/Abandoned,False,011,False
196,EXACT,0,98279594,,FORWARD,2023-11-21,602,forward,ABANDONED-FAILURE TO RESPOND OR LATE RESPONSE,Dead/Abandoned,False,"009,041",False
196,EXACT,0,90821202,,FORWARD,2021-07-10,602,forward,ABANDONED-FAILURE TO RESPOND OR LATE RESPONSE,Dead/Abandoned,False,"007,009,011",False
196,EXACT,0,90135529,,FORWARD,2020-08-25,602,forward,ABANDONED-FAILURE TO RESPOND OR LATE RESPONSE,Dead/Abandoned,False,025,False
196,EXACT,0,88491904,,FORWARD,2019-06-27,606,forward,ABANDONED - NO STATEMENT OF USE FILED,Dead/Abandoned,False,039,False
196,EXACT,0,88490138,,FORWARD,2019-06-26,601,forward,ABANDONED - EXPRESS,Dead/Abandoned,False,035,True
196,EXACT,0,88392755,5930798,FORWARD,2019-04-18,710,forward,CANCELLED - SECTION 8,Dead/Cancelled,False,,False
196,EXACT,0,88225022,,FORWARD,2018-12-11,606,forward,ABANDONED - NO STATEMENT OF USE FILED,Dead/Abandoned,False,"009,037",False
196,EXACT,0,88022151,5680094,FORWARD,2018-07-01,710,forward,CANCELLED - SECTION 8,Dead/Cancelled,False,,False
196,EXACT,0,87944863,,FORWARD,2018-06-01,606,forward,ABANDONED - NO STATEMENT OF USE FILED,Dead/Abandoned,False,043,False
196,EXACT,0,87307171,,FORWARD,2017-01-19,602,forward,ABANDONED-FAILURE TO RESPOND OR LATE RESPONSE,Dead/Abandoned,False,025,False
196,EXACT,0,87164093,,FORWARD,2016-09-07,606,forward,ABANDONED - NO STATEMENT OF USE FILED,Dead/Abandoned,False,"009,042",False
196,EXACT,0,87976073,,FORWARD,2016-09-07,606,forward,ABANDONED - NO STATEMENT OF USE FILED,Dead/Abandoned,False,044,True
196,EXACT,0,87104222,5325009,FORWARD,2016-07-14,710,forward,CANCELLED - SECTION 8,Dead/Cancelled,False,,False
196,EXACT,0,87011869,5277428,FORWARD,2016-04-23,710,forward,CANCELLED - SECTION 8,Dead/Cancelled,False,,False
196,EXACT,0,86677793,5332385,FORWARD,2015-06-29,710,forward,CANCELLED - SECTION 8,Dead/Cancelled,False,,False
196,EXACT,0,86466065,,FORWARD,2014-11-26,606,forward,ABANDONED - NO STATEMENT OF USE FILED,Dead/Abandoned,False,042,False
196,EXACT,0,86088223,,FORWARD,2013-10-10,604,forward,ABANDONED - AFTER INTER-PARTES DECISION,Dead/Abandoned,False,,False
196,EXACT,0,86058154,,FORWARD,2013-09-06,602,forward,ABANDONED-FAILURE TO RESPOND OR LATE RESPONSE,Dead/Abandoned,False,041,False
196,EXACT,0,85700644,,FORWARD,2012-08-10,606,forward,ABANDONED - NO STATEMENT OF USE FILED,Dead/Abandoned,False,041,False
196,EXACT,0,85590937,4568759,FORWARD,2012-04-06,710,forward,CANCELLED - SECTION 8,Dead/Cancelled,False,,False
196,EXACT,0,85363754,4219048,FORWARD,2011-07-06,710,forward,CANCELLED - SECTION 8,Dead/Cancelled,False,,False
196,EXACT,0,85355038,,FORWARD,2011-06-24,601,forward,ABANDONED - EXPRESS,Dead/Abandoned,False,041,False
196,EXACT,0,85188089,,FORWARD,2010-12-01,602,forward,ABANDONED-FAILURE TO RESPOND OR LATE RESPONSE,Dead/Abandoned,False,"009,041",False
196,EXACT,0,79091108,,FORWARD,2010-04-21,402,forward,IR CANCELLED; US APPLICATION ABANDONED,Dead/Abandoned,False,,False
196,EXACT,0,79091109,,FORWARD,2010-04-21,402,forward,IR CANCELLED; US APPLICATION ABANDONED,Dead/Abandoned,False,,False
196,EXACT,0,77265509,3422564,FORWARD,2007-08-27,710,forward,CANCELLED - SECTION 8,Dead/Cancelled,False,,False
196,EXACT,0,77133636,,FORWARD,2007-03-16,606,forward,ABANDONED - NO STATEMENT OF USE FILED,Dead/Abandoned,False,036,False
196,EXACT,0,76650137,3429056,FORWARD,2005-11-10,710,forward,CANCELLED - SECTION 8,Dead/Cancelled,False,,False
196,EXACT,0,76650149,3221113,FORWARD,2005-11-10,710,forward,CANCELLED - SECTION 8,Dead/Cancelled,False,,False
196,EXACT,0,76633735,,FORWARD,2005-03-18,606,forward,ABANDONED - NO STATEMENT OF USE FILED,Dead/Abandoned,False,020,False
196,EXACT,0,79011673,3148911,FORWARD,2004-12-14,404,forward,IR CANCELLED; US REGISTRATION CANCELLED,Dead/Cancelled,False,,False
196,EXACT,0,75841337,2464597,FORWARD,1999-11-05,710,forward,CANCELLED - SECTION 8,Dead/Cancelled,False,,False
196,EXACT,0,75719660,2479005,FORWARD,1999-06-04,710,forward,CANCELLED - SECTION 8,Dead/Cancelled,False,,False
196,EXACT,0,75354326,,FORWARD,1997-09-09,602,forward,ABANDONED-FAILURE TO RESPOND OR LATE RESPONSE,Dead/Abandoned,False,,False
196,EXACT,0,74718211,1985753,FORWARD,1995-08-21,710,forward,CANCELLED - SECTION 8,Dead/Cancelled,False,,False
196,EXACT,0,74382923,1816752,FORWARD,1993-04-27,710,forward,CANCELLED - SECTION 8,Dead/Cancelled,False,,False
196,EXACT,0,74124468,1840470,FORWARD,1990-12-17,710,forward,CANCELLED - SECTION 8,Dead/Cancelled,False,,False
196,EXACT,0,73839196,1611221,FORWARD,1989-11-14,710,forward,CANCELLED - SECTION 8,Dead/Cancelled,False,,False
196,EXACT,0,73780930,1618688,FORWARD,1989-02-15,710,forward,CANCELLED - SECTION 8,Dead/Cancelled,False,,False
196,EXACT,0,73456828,1308878,FORWARD,1983-12-12,710,forward,CANCELLED - SECTION 8,Dead/Cancelled,False,,False
196,EXACT,0,73335285,1208281,FORWARD,1981-11-02,710,forward,CANCELLED - SECTION 8,Dead/Cancelled,False,,False
196,EXACT,0,73272818,1232653,FORWARD,1980-08-04,710,forward,CANCELLED - SECTION 8,Dead/Cancelled,False,,False
196,EXACT,0,73060475,1097471,FORWARD,1975-08-14,900,forward,EXPIRED,Dead/Expired,False,,False
196,EXACT,0,72202191,0801732,FORWARD,1964-09-02,900,forward,EXPIRED,Dead/Expired,False,"005,006,007,008,009,010,011,012,016,021,028",True
196,EXACT,0,72137457,0743714,FORWARD,1962-02-07,900,forward,EXPIRED,Dead/Expired,False,,False
196,EXACT,0,72083104,0699969,FORWARD,1959-10-12,710,forward,CANCELLED - SECTION 8,Dead/Cancelled,False,,False
196,NEAR_1_SUBSTITUTION,1,99825507,,FORWORD,2026-05-15,630,forword,NEW APPLICATION - RECORD INITIALIZED NOT ASSIGNED TO EXAMINER,Live/Pending,True,041,False
196,NEAR_1_DELETION,1,99763830,,FORWRD,2026-04-14,630,forwrd,NEW APPLICATION - RECORD INITIALIZED NOT ASSIGNED TO EXAMINER,Live/Pending,True,009,False
196,NEAR_1_SUBSTITUTION,1,99641511,,FARWARD,2026-02-09,686,farward,PUBLISHED FOR OPPOSITION,Live/Pending,True,012,False
196,NEAR_1_INSERTION,1,99192001,8069424,FORE!WARD,2025-05-19,700,foreward,REGISTERED,Live/Registered,True,025,False
196,NEAR_1_INSERTION,1,98683697,7784769,FORWARD F,2024-08-05,700,forwardf,REGISTERED,Live/Registered,True,041,False
196,NEAR_1_SUBSTITUTION,1,98545847,7687488,FOREARD,2024-05-11,700,foreard,REGISTERED,Live/Registered,True,021,True
196,NEAR_1_INSERTION,1,98031613,7426952,FOREWARD,2023-06-07,700,foreward,REGISTERED,Live/Registered,True,041,False
196,NEAR_1_INSERTION,1,97138406,8285286,FORWARDX,2021-11-22,700,forwardx,REGISTERED,Live/Registered,True,007,False
196,NEAR_1_INSERTION,1,90637838,7037829,FORWARDX,2021-04-11,700,forwardx,REGISTERED,Live/Registered,True,"009,035,042",True
196,NEAR_1_INSERTION,1,90637840,7031829,FORWARDX,2021-04-11,700,forwardx,REGISTERED,Live/Registered,True,"035,042",True
196,NEAR_1_SUBSTITUTION,1,90554416,6925866,FORYARD,2021-03-02,700,foryard,REGISTERED,Live/Registered,True,022,False
196,NEAR_1_INSERTION,1,90499411,6776202,G FORWARD,2021-01-30,700,gforward,REGISTERED,Live/Registered,True,009,False
196,NEAR_1_INSERTION,1,90499419,6776203,G FORWARD,2021-01-30,700,gforward,REGISTERED,Live/Registered,True,009,False
196,NEAR_1_SUBSTITUTION,1,90457682,6554175,FIRWARD,2021-01-11,700,firward,REGISTERED,Live/Registered,True,009,False
196,NEAR_1_SUBSTITUTION,1,90180847,6361346,NORWARD,2020-09-15,700,norward,REGISTERED,Live/Registered,True,007,False
196,NEAR_1_INSERTION,1,90135067,6577686,FORWARDX,2020-08-25,700,forwardx,REGISTERED,Live/Registered,True,"007,012",False
196,NEAR_1_INSERTION,1,88980270,6521761,FORWARDX,2018-11-11,700,forwardx,REGISTERED,Live/Registered,True,"009,012,018",False
196,NEAR_1_INSERTION,1,79192407,5173758,N FORWARD,2016-05-23,739,nforward,Section 71 & 15 ACCEPTED AND ACKNOWLEDGED,Live/Registered,True,"009,035,042",True
196,NEAR_1_INSERTION,1,87032390,5216521,CFORWARD,2016-05-11,701,cforward,SECTION 8-ACCEPTED,Live/Registered,True,028,False
196,NEAR_1_INSERTION,1,85627809,4318823,IFORWARD,2012-05-17,800,iforward,REGISTERED AND RENEWED,Live/Registered,True,041,False
196,NEAR_1_INSERTION,1,85522611,4329149,IFORWARD,2012-01-23,800,iforward,REGISTERED AND RENEWED,Live/Registered,True,041,False
196,NEAR_1_INSERTION,1,99147131,,FOURWARD,2025-04-21,602,fourward,ABANDONED-FAILURE TO RESPOND OR LATE RESPONSE,Dead/Abandoned,False,025,False
196,NEAR_1_INSERTION,1,99045936,,F. FORWARD,2025-02-18,606,fforward,ABANDONED - NO STATEMENT OF USE FILED,Dead/Abandoned,False,025,False
196,NEAR_1_DELETION,1,98913661,,FORWRD,2024-12-19,602,forwrd,ABANDONED-FAILURE TO RESPOND OR LATE RESPONSE,Dead/Abandoned,False,028,False
196,NEAR_1_DELETION,1,79400991,,F RWARD,2024-03-28,602,frward,ABANDONED-FAILURE TO RESPOND OR LATE RESPONSE,Dead/Abandoned,False,"009,035,040",True
196,NEAR_1_SUBSTITUTION,1,98150104,,FORWARE,2023-08-25,602,forware,ABANDONED-FAILURE TO RESPOND OR LATE RESPONSE,Dead/Abandoned,False,011,False
196,NEAR_1_SUBSTITUTION,1,90279728,,FXRWARD,2020-10-26,602,fxrward,ABANDONED-FAILURE TO RESPOND OR LATE RESPONSE,Dead/Abandoned,False,"010,025",True
196,NEAR_1_INSERTION,1,90094270,,FOURWARD,2020-08-05,606,fourward,ABANDONED - NO STATEMENT OF USE FILED,Dead/Abandoned,False,"016,021,024,025,030,032,041",True
196,NEAR_1_INSERTION,1,90003625,,FOURWARD,2020-06-16,602,fourward,ABANDONED-FAILURE TO RESPOND OR LATE RESPONSE,Dead/Abandoned,False,011,False
196,NEAR_1_INSERTION,1,88516954,,F. FORWARD,2019-07-16,606,fforward,ABANDONED - NO STATEMENT OF USE FILED,Dead/Abandoned,False,025,False
196,NEAR_1_INSERTION,1,88377662,,#CFORWARD,2019-04-09,606,cforward,ABANDONED - NO STATEMENT OF USE FILED,Dead/Abandoned,False,"016,025,035,038,041,044",True
196,NEAR_1_INSERTION,1,88189508,,FORWARDX,2018-11-11,606,forwardx,ABANDONED - NO STATEMENT OF USE FILED,Dead/Abandoned,False,007,False
196,NEAR_1_INSERTION,1,87937581,5846556,FLORWARD,2018-05-26,710,florward,CANCELLED - SECTION 8,Dead/Cancelled,False,,False
196,NEAR_1_INSERTION,1,87737748,5529992,FORWARD X,2017-12-29,710,forwardx,CANCELLED - SECTION 8,Dead/Cancelled,False,,False
196,NEAR_1_INSERTION,1,87172404,5816358,4FORWARD,2016-09-15,710,4forward,CANCELLED - SECTION 8,Dead/Cancelled,False,,False
196,NEAR_1_INSERTION,1,86467389,,FFORWARD,2014-12-01,602,fforward,ABANDONED-FAILURE TO RESPOND OR LATE RESPONSE,Dead/Abandoned,False,035,True
196,NEAR_1_DELETION,1,86374235,,FOWARD,2014-08-22,606,foward,ABANDONED - NO STATEMENT OF USE FILED,Dead/Abandoned,False,042,False
196,NEAR_1_DELETION,1,77289495,,FORWAR,2007-09-26,606,forwar,ABANDONED - NO STATEMENT OF USE FILED,Dead/Abandoned,False,009,False
196,NEAR_1_INSERTION,1,76608623,,CFORWARD,2004-08-25,606,cforward,ABANDONED - NO STATEMENT OF USE FILED,Dead/Abandoned,False,038,False
196,NEAR_1_INSERTION,1,76978038,3107423,CFORWARD,2004-08-25,710,cforward,CANCELLED - SECTION 8,Dead/Cancelled,False,,False
196,NEAR_1_INSERTION,1,78154550,3130468,F FORWARD,2002-08-15,710,fforward,CANCELLED - SECTION 8,Dead/Cancelled,False,,False
196,NEAR_1_INSERTION,1,76383050,,FFORWARD,2002-03-14,606,fforward,ABANDONED - NO STATEMENT OF USE FILED,Dead/Abandoned,False,"001,009,042",False
196,NEAR_1_INSERTION,1,75648212,2411510,EFORWARD,1999-02-25,710,eforward,CANCELLED - SECTION 8,Dead/Cancelled,False,,False
196,NEAR_1_INSERTION,1,75549457,,EFORWARD,1998-09-08,602,eforward,ABANDONED-FAILURE TO RESPOND OR LATE RESPONSE,Dead/Abandoned,False,038,False
196,NEAR_1_INSERTION,1,75202697,,E-FORWARD,1996-11-22,606,eforward,ABANDONED - NO STATEMENT OF USE FILED,Dead/Abandoned,False,,False
196,NEAR_1_INSERTION,1,75189707,,E-FORWARD,1996-10-30,601,eforward,ABANDONED - EXPRESS,Dead/Abandoned,False,,False
196,NEAR_1_INSERTION,1,73594225,1415174,FORE-WARD,1986-04-18,710,foreward,CANCELLED - SECTION 8,Dead/Cancelled,False,,False
196,NEAR_1_SUBSTITUTION,1,72227264,0811327,FOR-GARD,1965-09-07,900,forgard,EXPIRED,Dead/Expired,False,,False
197,EXACT,0,99453389,,FACE FORWARD,2025-10-21,688,faceforward,NOTICE OF ALLOWANCE - ISSUED,Live/Pending,True,"009,042",False
197,EXACT,0,99428025,,FACE FORWARD,2025-10-04,688,faceforward,NOTICE OF ALLOWANCE - ISSUED,Live/Pending,True,025,False
197,EXACT,0,98941997,8082960,FACEFORWARD,2025-01-07,700,faceforward,REGISTERED,Live/Registered,True,028,False
197,EXACT,0,98408311,7814196,FACE FORWARD,2024-02-16,700,faceforward,REGISTERED,Live/Registered,True,044,True
197,EXACT,0,98205193,7501947,FACE FORWARD,2023-09-30,700,faceforward,REGISTERED,Live/Registered,True,035,True
197,EXACT,0,97602801,7749666,FACE FORWARD,2022-09-22,700,faceforward,REGISTERED,Live/Registered,True,044,True
197,EXACT,0,97330535,7124628,FACEFORWARD,2022-03-25,700,faceforward,REGISTERED,Live/Registered,True,042,False
197,EXACT,0,88807876,6719441,FACEFORWARD,2020-02-24,700,faceforward,REGISTERED,Live/Registered,True,"035,041,042",True
197,EXACT,0,97585496,,FACE FORWARD,2022-09-09,604,faceforward,ABANDONED - AFTER INTER-PARTES DECISION,Dead/Abandoned,False,,False
197,EXACT,0,97099089,,FACE FORWARD,2021-10-29,606,faceforward,ABANDONED - NO STATEMENT OF USE FILED,Dead/Abandoned,False,008,False
197,EXACT,0,88559751,,FACEFORWARD,2019-08-01,602,faceforward,ABANDONED-FAILURE TO RESPOND OR LATE RESPONSE,Dead/Abandoned,False,035,True
197,EXACT,0,86768791,5088035,FACE FORWARD,2015-09-25,710,faceforward,CANCELLED - SECTION 8,Dead/Cancelled,False,,False
197,EXACT,0,86253706,4662558,FACE FORWARD,2014-04-16,710,faceforward,CANCELLED - SECTION 8,Dead/Cancelled,False,,False
197,EXACT,0,85573969,,FACE FORWARD,2012-03-20,606,faceforward,ABANDONED - NO STATEMENT OF USE FILED,Dead/Abandoned,False,021,True
197,EXACT,0,78405662,,FACEFORWARD,2004-04-21,602,faceforward,ABANDONED-FAILURE TO RESPOND OR LATE RESPONSE,Dead/Abandoned,False,003,True
197,EXACT,0,75410004,,FACE FORWARD,1997-12-23,601,faceforward,ABANDONED - EXPRESS,Dead/Abandoned,False,003,True
197,EXACT,0,73774569,1580734,FACE FORWARD,1989-01-13,710,faceforward,CANCELLED - SECTION 8,Dead/Cancelled,False,,False
197,NEAR_1_SUBSTITUTION,1,79398536,7830598,FADE FORWARD,2024-03-13,700,fadeforward,REGISTERED,Live/Registered,True,003,True
197,NEAR_1_SUBSTITUTION,1,97307091,7388696,FARE FORWARD,2022-03-11,700,fareforward,REGISTERED,Live/Registered,True,041,False
197,NEAR_1_SUBSTITUTION,1,88408774,6097459,FACT FORWARD,2019-04-30,700,factforward,REGISTERED,Live/Registered,True,"009,016,035,036,041,044",True
197,NEAR_1_SUBSTITUTION,1,86036967,5142062,RACE FORWARD,2013-08-13,702,raceforward,SECTION 8 & 15-ACCEPTED AND ACKNOWLEDGED,Live/Registered,True,025,False
197,NEAR_1_SUBSTITUTION,1,86977869,4878830,RACE FORWARD,2013-08-13,800,raceforward,REGISTERED AND RENEWED,Live/Registered,True,"035,041",True
197,NEAR_1_SUBSTITUTION,1,85615080,4314718,FAME FORWARD,2012-05-02,710,fameforward,CANCELLED - SECTION 8,Dead/Cancelled,False,,False
198,EXACT,0,99767736,,ONWARD,2026-04-16,630,onward,NEW APPLICATION - RECORD INITIALIZED NOT ASSIGNED TO EXAMINER,Live/Pending,True,025,False
198,EXACT,0,99718059,,ONWARD,2026-03-23,630,onward,NEW APPLICATION - RECORD INITIALIZED NOT ASSIGNED TO EXAMINER,Live/Pending,True,005,True
198,EXACT,0,99709767,,ONWARD,2026-03-18,641,onward,NON-FINAL ACTION - MAILED,Live/Pending,True,035,True
198,EXACT,0,99709769,,ONWARD!,2026-03-18,630,onward,NEW APPLICATION - RECORD INITIALIZED NOT ASSIGNED TO EXAMINER,Live/Pending,True,035,True
198,EXACT,0,99690287,,ONWARD,2026-03-09,630,onward,NEW APPLICATION - RECORD INITIALIZED NOT ASSIGNED TO EXAMINER,Live/Pending,True,041,False
198,EXACT,0,99558149,8335028,ONWARD,2025-12-19,700,onward,REGISTERED,Live/Registered,True,009,False
198,EXACT,0,99555530,,ONWARD!,2025-12-18,653,onward,SUSPENSION LETTER - MAILED,Live/Pending,True,025,False
198,EXACT,0,99531964,,ONWARD,2025-12-05,641,onward,NON-FINAL ACTION - MAILED,Live/Pending,True,012,False
198,EXACT,0,99456344,,ONWARD,2025-10-22,653,onward,SUSPENSION LETTER - MAILED,Live/Pending,True,042,False
198,EXACT,0,99121619,,ONWARD,2025-04-04,654,onward,REPORT COMPLETED SUSPENSION CHECK - CASE STILL SUSPENDED,Live/Pending,True,005,True
198,EXACT,0,98907803,,ONWARD,2024-12-17,661,onward,RESPONSE AFTER NON-FINAL ACTION - ENTERED,Live/Pending,True,032,False
198,EXACT,0,98737888,7925242,ONWARD,2024-09-06,700,onward,REGISTERED,Live/Registered,True,024,False
198,EXACT,0,98443296,,ONWARD,2024-03-11,730,onward,FIRST EXTENSION - GRANTED,Live/Pending,True,"035,043",True
198,EXACT,0,98384536,,ONWARD,2024-01-31,654,onward,REPORT COMPLETED SUSPENSION CHECK - CASE STILL SUSPENDED,Live/Pending,True,"005,032",True
198,EXACT,0,98023176,,ONWARD!,2023-06-01,630,onward,NEW APPLICATION - RECORD INITIALIZED NOT ASSIGNED TO EXAMINER,Live/Pending,True,035,True
198,EXACT,0,97857952,7418015,ONWARD,2023-03-27,700,onward,REGISTERED,Live/Registered,True,036,False
198,EXACT,0,97808874,,ONWARD,2023-02-23,733,onward,FOURTH EXTENSION - GRANTED,Live/Pending,True,"008,021",True
198,EXACT,0,97980327,7871132,ONWARD,2023-02-23,700,onward,REGISTERED,Live/Registered,True,"006,020,035",True
198,EXACT,0,97791883,7617764,ONWARD,2023-02-13,700,onward,REGISTERED,Live/Registered,True,"009,035,036,042,044,045",True
198,EXACT,0,97597495,7805989,ONWARD,2022-09-19,700,onward,REGISTERED,Live/Registered,True,"035,041",True
198,EXACT,0,97593095,,ONWARD,2022-09-15,748,onward,STATEMENT OF USE - TO EXAMINER,Live/Pending,True,"035,036",True
198,EXACT,0,97546089,7547183,ONWARD,2022-08-12,700,onward,REGISTERED,Live/Registered,True,"009,035,036,042,044,045",True
198,EXACT,0,97512087,,ONWARD,2022-07-20,819,onward,SU - REGISTRATION REVIEW COMPLETE,Live/Pending,True,"009,039,042",False
198,EXACT,0,97086362,6900862,ONWARD,2021-10-21,700,onward,REGISTERED,Live/Registered,True,002,False
198,EXACT,0,90788063,7063008,ONWARD,2021-06-22,700,onward,REGISTERED,Live/Registered,True,"044,045",True
198,EXACT,0,90698086,6750876,ONWARD,2021-05-08,700,onward,REGISTERED,Live/Registered,True,"035,038",True
198,EXACT,0,79308599,6841305,ONWARD,2021-02-18,700,onward,REGISTERED,Live/Registered,True,016,False
198,EXACT,0,90332250,7045634,ONWARD,2020-11-20,700,onward,REGISTERED,Live/Registered,True,"010,042",True
198,EXACT,0,90332264,6849144,ONWARD,2020-11-20,700,onward,REGISTERED,Live/Registered,True,044,True
198,EXACT,0,88802609,6186759,ONWARD,2020-02-19,700,onward,REGISTERED,Live/Registered,True,001,False
198,EXACT,0,79274218,7725966,ONWARD,2019-09-12,700,onward,REGISTERED,Live/Registered,True,"003,014,018,025,035,040",True
198,EXACT,0,88476535,5949742,ONWARD,2019-06-17,702,onward,SECTION 8 & 15-ACCEPTED AND ACKNOWLEDGED,Live/Registered,True,044,True
198,EXACT,0,88411125,,ONWARD,2019-05-01,688,onward,NOTICE OF ALLOWANCE - ISSUED,Live/Pending,True,025,False
198,EXACT,0,88411143,,ONWARD,2019-05-01,688,onward,NOTICE OF ALLOWANCE - ISSUED,Live/Pending,True,028,False
198,EXACT,0,88411570,,ONWARD,2019-05-01,748,onward,STATEMENT OF USE - TO EXAMINER,Live/Pending,True,035,True
198,EXACT,0,88268017,5849592,ONWARD,2019-01-18,702,onward,SECTION 8 & 15-ACCEPTED AND ACKNOWLEDGED,Live/Registered,True,041,False
198,EXACT,0,87942021,6540153,ONWARD,2018-05-30,700,onward,REGISTERED,Live/Registered,True,"035,038",True
198,EXACT,0,87382014,5652366,ONWARD,2017-03-22,702,onward,SECTION 8 & 15-ACCEPTED AND ACKNOWLEDGED,Live/Registered,True,"028,035",True
198,EXACT,0,87159252,5185628,ONWARD,2016-09-02,702,onward,SECTION 8 & 15-ACCEPTED AND ACKNOWLEDGED,Live/Registered,True,009,False
198,EXACT,0,87135896,5247734,ONWARD,2016-08-11,702,onward,SECTION 8 & 15-ACCEPTED AND ACKNOWLEDGED,Live/Registered,True,012,False
198,EXACT,0,86704218,4945035,ONWARD!,2015-07-24,800,onward,REGISTERED AND RENEWED,Live/Registered,True,016,False
198,EXACT,0,77311248,3466426,ONWARD,2007-10-23,800,onward,REGISTERED AND RENEWED,Live/Registered,True,041,False
198,EXACT,0,77097733,3573119,ONWARD,2007-02-02,800,onward,REGISTERED AND RENEWED,Live/Registered,True,"028,041,043",False
198,EXACT,0,76526579,3318939,ONWARD,2003-06-19,800,onward,REGISTERED AND RENEWED,Live/Registered,True,031,False
198,EXACT,0,76516356,3038903,ONWARD,2003-05-22,780,onward,CANCELLATION TERMINATED - SEE TTAB RECORDS,Live/Registered,True,025,False
198,EXACT,0,76976701,2941515,ONWARD,2003-05-22,800,onward,REGISTERED AND RENEWED,Live/Registered,True,"009,014,018,024",False
198,EXACT,0,76203523,2587900,ONWARD,2001-02-01,800,onward,REGISTERED AND RENEWED,Live/Registered,True,"035,042",True
198,EXACT,0,98444503,,ONWARD,2024-03-12,600,onward,ABANDONED - INCOMPLETE RESPONSE,Dead/Abandoned,False,"042,045",False
198,EXACT,0,98250373,,ONWARD,2023-11-01,601,onward,ABANDONED - EXPRESS,Dead/Abandoned,False,"035,036,038,041,042",True
198,EXACT,0,98171018,,ONWARD,2023-09-08,602,onward,ABANDONED-FAILURE TO RESPOND OR LATE RESPONSE,Dead/Abandoned,False,014,False
198,EXACT,0,98114285,,ONWARD,2023-08-02,602,onward,ABANDONED-FAILURE TO RESPOND OR LATE RESPONSE,Dead/Abandoned,False,014,False
198,EXACT,0,98079462,,ONWARD,2023-07-11,602,onward,ABANDONED-FAILURE TO RESPOND OR LATE RESPONSE,Dead/Abandoned,False,"035,036,038,041,042",True
198,EXACT,0,97313424,,ONWARD,2022-03-15,606,onward,ABANDONED - NO STATEMENT OF USE FILED,Dead/Abandoned,False,031,False
198,EXACT,0,87642897,5578509,ONWARD,2017-10-12,710,onward,CANCELLED - SECTION 8,Dead/Cancelled,False,,False
198,EXACT,0,87433229,5441994,ONWARD,2017-05-02,710,onward,CANCELLED - SECTION 8,Dead/Cancelled,False,,False
198,EXACT,0,87432017,,ONWARD,2017-05-01,601,onward,ABANDONED - EXPRESS,Dead/Abandoned,False,044,True
198,EXACT,0,87055008,,ONWARD,2016-05-31,606,onward,ABANDONED - NO STATEMENT OF USE FILED,Dead/Abandoned,False,009,False
198,EXACT,0,87975545,5272917,ONWARD,2016-05-31,710,onward,CANCELLED - SECTION 8,Dead/Cancelled,False,,False
198,EXACT,0,86928928,,ONWARD,2016-03-04,606,onward,ABANDONED - NO STATEMENT OF USE FILED,Dead/Abandoned,False,044,True
198,EXACT,0,86923877,5312306,ONWARD,2016-02-29,710,onward,CANCELLED - SECTION 8,Dead/Cancelled,False,,False
198,EXACT,0,86782647,5121885,ONWARD,2015-10-08,710,onward,CANCELLED - SECTION 8,Dead/Cancelled,False,,False
198,EXACT,0,86624892,4870591,ONWARD,2015-05-11,710,onward,CANCELLED - SECTION 8,Dead/Cancelled,False,,False
198,EXACT,0,86495225,4878578,ONWARD,2015-01-05,710,onward,CANCELLED - SECTION 8,Dead/Cancelled,False,,False
198,EXACT,0,79146893,4701919,ONWARD,2013-10-09,709,onward,CANCELLED SECTION 71,Dead/Cancelled,False,,False
198,EXACT,0,86043280,4501790,ONWARD,2013-08-20,710,onward,CANCELLED - SECTION 8,Dead/Cancelled,False,,False
198,EXACT,0,85877738,,ONWARD,2013-03-15,602,onward,ABANDONED-FAILURE TO RESPOND OR LATE RESPONSE,Dead/Abandoned,False,"009,016",False
198,EXACT,0,85723478,,ONWARD,2012-09-07,606,onward,ABANDONED - NO STATEMENT OF USE FILED,Dead/Abandoned,False,035,True
198,EXACT,0,85495277,,ONWARD,2011-12-14,606,onward,ABANDONED - NO STATEMENT OF USE FILED,Dead/Abandoned,False,031,False
198,EXACT,0,85267126,4038652,ONWARD,2011-03-15,710,onward,CANCELLED - SECTION 8,Dead/Cancelled,False,,False
198,EXACT,0,77310843,3466422,ONWARD,2007-10-23,710,onward,CANCELLED - SECTION 8,Dead/Cancelled,False,,False
198,EXACT,0,77048166,3441401,ONWARD,2006-11-20,710,onward,CANCELLED - SECTION 8,Dead/Cancelled,False,,False
198,EXACT,0,78576982,,ONWARD,2005-02-28,606,onward,ABANDONED - NO STATEMENT OF USE FILED,Dead/Abandoned,False,"011,037",False
198,EXACT,0,78570357,3317137,ONWARD,2005-02-18,710,onward,CANCELLED - SECTION 8,Dead/Cancelled,False,,False
198,EXACT,0,78480958,,ONWARD,2004-09-09,601,onward,ABANDONED - EXPRESS,Dead/Abandoned,False,"016,044",True
198,EXACT,0,78412441,3056480,ONWARD!,2004-05-03,710,onward,CANCELLED - SECTION 8,Dead/Cancelled,False,,False
198,EXACT,0,78101707,2652056,ONWARD,2002-01-09,710,onward,CANCELLED - SECTION 8,Dead/Cancelled,False,,False
198,EXACT,0,78098256,,ONWARD,2001-12-13,602,onward,ABANDONED-FAILURE TO RESPOND OR LATE RESPONSE,Dead/Abandoned,False,016,False
198,EXACT,0,75389616,2192389,ONWARD,1997-11-13,713,onward,CANCELLED - SECTION 18,Dead/Cancelled,False,,False
198,EXACT,0,75361023,,ONWARD,1997-09-22,601,onward,ABANDONED - EXPRESS,Dead/Abandoned,False,,False
198,EXACT,0,74701315,2082885,ONWARD,1995-07-14,710,onward,CANCELLED - SECTION 8,Dead/Cancelled,False,,False
198,EXACT,0,74299680,1765009,ONWARD,1992-07-31,710,onward,CANCELLED - SECTION 8,Dead/Cancelled,False,,False
198,EXACT,0,73029021,1028729,ONWARD,1974-08-07,900,onward,EXPIRED,Dead/Expired,False,,False
198,EXACT,0,72224168,0806839,ONWARD,1965-07-26,900,onward,EXPIRED,Dead/Expired,False,,False
198,EXACT,0,71562443,0545826,ONWARD,1948-07-29,900,onward,EXPIRED,Dead/Expired,False,,False
198,EXACT,0,71454208,0398823,ONWARD,1942-07-13,710,onward,CANCELLED - SECTION 8,Dead/Cancelled,False,,False
198,EXACT,0,81012745,1012745,ONWARD,,710,onward,CANCELLED - SECTION 8,Dead/Cancelled,False,,False
198,NEAR_1_SUBSTITUTION,1,99902486,,ONYARD,2026-06-24,630,onyard,NEW APPLICATION - RECORD INITIALIZED NOT ASSIGNED TO EXAMINER,Live/Pending,True,020,False
198,NEAR_1_SUBSTITUTION,1,99855552,,INWARD,2026-05-31,630,inward,NEW APPLICATION - RECORD INITIALIZED NOT ASSIGNED TO EXAMINER,Live/Pending,True,"009,042,045",False
198,NEAR_1_INSERTION,1,99452348,,PONWARD,2025-10-20,688,ponward,NOTICE OF ALLOWANCE - ISSUED,Live/Pending,True,021,True
198,NEAR_1_SUBSTITUTION,1,99141716,,INWARD,2025-04-17,661,inward,RESPONSE AFTER NON-FINAL ACTION - ENTERED,Live/Pending,True,032,False
198,NEAR_1_SUBSTITUTION,1,79276739,6104405,INWARD,2019-11-01,700,inward,REGISTERED,Live/Registered,True,003,True
198,NEAR_1_SUBSTITUTION,1,86563407,4812907,ON-GARD,2015-03-13,800,ongard,REGISTERED AND RENEWED,Live/Registered,True,001,False
198,NEAR_1_INSERTION,1,86047842,4528642,OHNWARD,2013-08-26,800,ohnward,REGISTERED AND RENEWED,Live/Registered,True,036,False
198,NEAR_1_SUBSTITUTION,1,77858054,3852571,ONGARD,2009-10-27,800,ongard,REGISTERED AND RENEWED,Live/Registered,True,006,False
198,NEAR_1_SUBSTITUTION,1,77522862,3601602,ON-GARD,2008-07-15,800,ongard,REGISTERED AND RENEWED,Live/Registered,True,012,False
198,NEAR_1_SUBSTITUTION,1,73041005,1063613,ONGARD,1975-01-06,800,ongard,REGISTERED AND RENEWED,Live/Registered,True,001,False
198,NEAR_1_INSERTION,1,97839446,,ONWARDX,2023-03-15,604,onwardx,ABANDONED - AFTER INTER-PARTES DECISION,Dead/Abandoned,False,,False
198,NEAR_1_INSERTION,1,90518885,,ONWARDS,2021-02-09,602,onwards,ABANDONED-FAILURE TO RESPOND OR LATE RESPONSE,Dead/Abandoned,False,"016,035,040,041",True
198,NEAR_1_INSERTION,1,88683671,,ONWARDS,2019-11-07,602,onwards,ABANDONED-FAILURE TO RESPOND OR LATE RESPONSE,Dead/Abandoned,False,025,False
198,NEAR_1_SUBSTITUTION,1,87141159,5551375,ONCARD,2016-08-17,710,oncard,CANCELLED - SECTION 8,Dead/Cancelled,False,,False
198,NEAR_1_SUBSTITUTION,1,86737332,5581146,ONCARD,2015-08-26,710,oncard,CANCELLED - SECTION 8,Dead/Cancelled,False,,False
198,NEAR_1_SUBSTITUTION,1,86058747,,INWARD,2013-09-09,606,inward,ABANDONED - NO STATEMENT OF USE FILED,Dead/Abandoned,False,"009,034",False
198,NEAR_1_SUBSTITUTION,1,85657408,,INWARD,2012-06-21,606,inward,ABANDONED - NO STATEMENT OF USE FILED,Dead/Abandoned,False,"009,034",False
198,NEAR_1_SUBSTITUTION,1,85540930,,ONCARD,2012-02-13,602,oncard,ABANDONED-FAILURE TO RESPOND OR LATE RESPONSE,Dead/Abandoned,False,035,True
198,NEAR_1_INSERTION,1,77588567,,OHNWARD,2008-10-08,602,ohnward,ABANDONED-FAILURE TO RESPOND OR LATE RESPONSE,Dead/Abandoned,False,036,False
198,NEAR_1_SUBSTITUTION,1,78958584,3321849,ONCARD,2006-08-23,710,oncard,CANCELLED - SECTION 8,Dead/Cancelled,False,,False
198,NEAR_1_SUBSTITUTION,1,78587676,,ONGARD,2005-03-15,602,ongard,ABANDONED-FAILURE TO RESPOND OR LATE RESPONSE,Dead/Abandoned,False,005,True
198,NEAR_1_SUBSTITUTION,1,76627115,,ON-CARD,2005-01-07,602,oncard,ABANDONED-FAILURE TO RESPOND OR LATE RESPONSE,Dead/Abandoned,False,"016,035",True
198,NEAR_1_SUBSTITUTION,1,78271688,2961067,ON-WORD,2003-07-08,710,onword,CANCELLED - SECTION 8,Dead/Cancelled,False,,False
198,NEAR_1_SUBSTITUTION,1,76310629,2905283,ONWORD,2001-09-10,710,onword,CANCELLED - SECTION 8,Dead/Cancelled,False,,False
198,NEAR_1_SUBSTITUTION,1,75783762,2389735,ONCARD,1999-08-24,710,oncard,CANCELLED - SECTION 8,Dead/Cancelled,False,,False
198,NEAR_1_SUBSTITUTION,1,75728306,,ONWARE,1999-06-14,602,onware,ABANDONED-FAILURE TO RESPOND OR LATE RESPONSE,Dead/Abandoned,False,009,False
198,NEAR_1_SUBSTITUTION,1,75605649,2520615,ON CARD,1998-12-15,710,oncard,CANCELLED - SECTION 8,Dead/Cancelled,False,,False
198,NEAR_1_SUBSTITUTION,1,75169965,,ON GARD,1996-09-23,606,ongard,ABANDONED - NO STATEMENT OF USE FILED,Dead/Abandoned,False,020,False
198,NEAR_1_SUBSTITUTION,1,74651036,2139364,ONGARD,1995-03-24,710,ongard,CANCELLED - SECTION 8,Dead/Cancelled,False,,False
198,NEAR_1_SUBSTITUTION,1,74270543,,ON GARD,1992-04-29,602,ongard,ABANDONED-FAILURE TO RESPOND OR LATE RESPONSE,Dead/Abandoned,False,,False
198,NEAR_1_SUBSTITUTION,1,74196931,1700365,ONGARD,1991-08-22,710,ongard,CANCELLED - SECTION 8,Dead/Cancelled,False,,False
198,NEAR_1_SUBSTITUTION,1,74116330,1661609,ON.GARD,1990-11-19,710,ongard,CANCELLED - SECTION 8,Dead/Cancelled,False,,False
198,NEAR_1_SUBSTITUTION,1,74104712,,ONGARD,1990-10-10,607,ongard,ABANDONED - DEFECTIVE STATEMENT OF USE,Dead/Abandoned,False,,False
198,NEAR_1_SUBSTITUTION,1,74097100,1698477,ONGARD,1990-09-14,710,ongard,CANCELLED - SECTION 8,Dead/Cancelled,False,,False
198,NEAR_1_SUBSTITUTION,1,73329236,1224908,ON-WORD,1981-09-23,710,onword,CANCELLED - SECTION 8,Dead/Cancelled,False,,False
198,NEAR_1_SUBSTITUTION,1,72177065,0776659,ON GARD,1963-09-16,900,ongard,EXPIRED,Dead/Expired,False,,False
198,NEAR_1_SUBSTITUTION,1,71307820,0281626,ON-GARD,1930-11-12,900,ongard,EXPIRED,Dead/Expired,False,,False
199,EXACT,0,99423955,,FULLON,2025-10-01,686,fullon,PUBLISHED FOR OPPOSITION,Live/Pending,True,"001,035",True
199,EXACT,0,85971050,4964908,FULL-ON,2013-06-26,702,fullon,SECTION 8 & 15-ACCEPTED AND ACKNOWLEDGED,Live/Registered,True,025,False
199,EXACT,0,85600116,4505979,FULL-ON,2012-04-17,800,fullon,REGISTERED AND RENEWED,Live/Registered,True,003,True
199,EXACT,0,97658869,,FULLON,2022-11-02,606,fullon,ABANDONED - NO STATEMENT OF USE FILED,Dead/Abandoned,False,"016,021,025",True
199,EXACT,0,86551608,,FULL ON,2015-03-03,606,fullon,ABANDONED - NO STATEMENT OF USE FILED,Dead/Abandoned,False,034,False
199,EXACT,0,86551615,,FULL ON,2015-03-03,606,fullon,ABANDONED - NO STATEMENT OF USE FILED,Dead/Abandoned,False,034,False
199,EXACT,0,86551617,,FULL ON,2015-03-03,606,fullon,ABANDONED - NO STATEMENT OF USE FILED,Dead/Abandoned,False,009,False
199,EXACT,0,85531686,4205425,FULL ON,2012-02-02,710,fullon,CANCELLED - SECTION 8,Dead/Cancelled,False,,False
199,EXACT,0,76534381,3315059,FULL ON,2003-08-01,710,fullon,CANCELLED - SECTION 8,Dead/Cancelled,False,,False
199,EXACT,0,76477663,,FULL ON,2002-12-23,602,fullon,ABANDONED-FAILURE TO RESPOND OR LATE RESPONSE,Dead/Abandoned,False,025,False
199,EXACT,0,76422278,2912001,FULL ON,2002-06-17,710,fullon,CANCELLED - SECTION 8,Dead/Cancelled,False,,False
199,EXACT,0,76253461,,*FULL ON,2001-05-09,602,fullon,ABANDONED-FAILURE TO RESPOND OR LATE RESPONSE,Dead/Abandoned,False,035,True
199,EXACT,0,75920108,,FULL ON,2000-02-03,602,fullon,ABANDONED-FAILURE TO RESPOND OR LATE RESPONSE,Dead/Abandoned,False,"009,041",False
199,EXACT,0,75779598,,FULLON,1999-08-17,606,fullon,ABANDONED - NO STATEMENT OF USE FILED,Dead/Abandoned,False,"009,037,042",False
199,EXACT,0,74161132,1684509,FULL-ON,1991-04-26,710,fullon,CANCELLED - SECTION 8,Dead/Cancelled,False,,False
199,NEAR_1_SUBSTITUTION,1,99921382,,VULLON,2026-07-03,630,vullon,NEW APPLICATION - RECORD INITIALIZED NOT ASSIGNED TO EXAMINER,Live/Pending,True,017,False
199,NEAR_1_SUBSTITUTION,1,99641537,,FULTON,2026-02-09,641,fulton,NON-FINAL ACTION - MAILED,Live/Pending,True,012,False
199,NEAR_1_INSERTION,1,99634702,,FULLONG,2026-02-04,686,fullong,PUBLISHED FOR OPPOSITION,Live/Pending,True,012,False
199,NEAR_1_SUBSTITUTION,1,79441204,,GULLóN,2025-11-28,641,gullon,NON-FINAL ACTION - MAILED,Live/Pending,True,030,False
199,NEAR_1_SUBSTITUTION,1,99488812,8284452,FULTON,2025-11-10,700,fulton,REGISTERED,Live/Registered,True,025,False
199,NEAR_1_SUBSTITUTION,1,79437196,,FULLYN,2025-10-07,641,fullyn,NON-FINAL ACTION - MAILED,Live/Pending,True,"009,042",False
199,NEAR_1_SUBSTITUTION,1,98946159,7827048,FULLOT,2025-01-08,700,fullot,REGISTERED,Live/Registered,True,020,False
199,NEAR_1_SUBSTITUTION,1,98733973,7925229,FULLOT,2024-09-05,700,fullot,REGISTERED,Live/Registered,True,011,False
199,NEAR_1_SUBSTITUTION,1,98733989,7809074,FULLOT,2024-09-05,700,fullot,REGISTERED,Live/Registered,True,012,False
199,NEAR_1_SUBSTITUTION,1,98564573,7729600,FALLON,2024-05-22,700,fallon,REGISTERED,Live/Registered,True,037,False
199,NEAR_1_SUBSTITUTION,1,98292246,,FU LION,2023-11-30,733,fulion,FOURTH EXTENSION - GRANTED,Live/Pending,True,041,False
199,NEAR_1_SUBSTITUTION,1,97377554,7292818,GULLÓN,2022-04-22,700,gullon,REGISTERED,Live/Registered,True,"009,035,041",True
199,NEAR_1_SUBSTITUTION,1,97132648,6934485,FULKON,2021-11-18,700,fulkon,REGISTERED,Live/Registered,True,007,False
199,NEAR_1_INSERTION,1,90476290,6574261,FULLONY,2021-01-20,700,fullony,REGISTERED,Live/Registered,True,024,False
199,NEAR_1_SUBSTITUTION,1,90428716,6537164,FULLIN,2020-12-30,700,fullin,REGISTERED,Live/Registered,True,020,False
199,NEAR_1_SUBSTITUTION,1,90366364,7208056,FULTON,2020-12-08,700,fulton,REGISTERED,Live/Registered,True,025,False
199,NEAR_1_SUBSTITUTION,1,90228959,6401291,FULLOT,2020-10-01,700,fullot,REGISTERED,Live/Registered,True,021,True
199,NEAR_1_SUBSTITUTION,1,88724189,6095509,FULOON,2019-12-12,701,fuloon,SECTION 8-ACCEPTED,Live/Registered,True,024,False
199,NEAR_1_INSERTION,1,88340882,6213974,FULLONG,2019-03-14,700,fullong,REGISTERED,Live/Registered,True,"009,012",False
199,NEAR_1_SUBSTITUTION,1,87767305,6059194,FULTON,2018-01-23,700,fulton,REGISTERED,Live/Registered,True,015,False
199,NEAR_1_INSERTION,1,87550720,5431829,FULLRON,2017-08-01,701,fullron,SECTION 8-ACCEPTED,Live/Registered,True,025,False
199,NEAR_1_SUBSTITUTION,1,87542408,5620098,FULTON,2017-07-25,702,fulton,SECTION 8 & 15-ACCEPTED AND ACKNOWLEDGED,Live/Registered,True,"007,008",False
199,NEAR_1_SUBSTITUTION,1,76720260,5455509,FUELON,2017-05-24,702,fuelon,SECTION 8 & 15-ACCEPTED AND ACKNOWLEDGED,Live/Registered,True,001,False
199,NEAR_1_SUBSTITUTION,1,86294667,4792955,FULOON,2014-05-29,800,fuloon,REGISTERED AND RENEWED,Live/Registered,True,011,False
199,NEAR_1_SUBSTITUTION,1,85594278,4352575,FALLON,2012-04-11,800,fallon,REGISTERED AND RENEWED,Live/Registered,True,014,False
199,NEAR_1_SUBSTITUTION,1,85018579,4046233,FULTON,2010-04-20,800,fulton,REGISTERED AND RENEWED,Live/Registered,True,"011,037",False
199,NEAR_1_SUBSTITUTION,1,78454002,2995132,GULLON,2004-07-21,800,gullon,REGISTERED AND RENEWED,Live/Registered,True,030,False
199,NEAR_1_SUBSTITUTION,1,76327682,2674422,FALLON,2001-10-19,800,fallon,REGISTERED AND RENEWED,Live/Registered,True,035,True
199,NEAR_1_SUBSTITUTION,1,76327684,2674423,FALLON,2001-10-19,800,fallon,REGISTERED AND RENEWED,Live/Registered,True,042,False
199,NEAR_1_SUBSTITUTION,1,76299232,2765091,FULTON,2001-08-15,800,fulton,REGISTERED AND RENEWED,Live/Registered,True,012,False
199,NEAR_1_SUBSTITUTION,1,74663103,2086285,FULTON,1995-04-18,800,fulton,REGISTERED AND RENEWED,Live/Registered,True,018,False
199,NEAR_1_SUBSTITUTION,1,74523331,1943515,FULTON,1994-04-22,800,fulton,REGISTERED AND RENEWED,Live/Registered,True,001,False
199,NEAR_1_SUBSTITUTION,1,72059290,0690240,FULTON,1958-09-22,800,fulton,REGISTERED AND RENEWED,Live/Registered,True,011,False
199,NEAR_1_SUBSTITUTION,1,99337015,,FALLON,2025-08-14,602,fallon,ABANDONED-FAILURE TO RESPOND OR LATE RESPONSE,Dead/Abandoned,False,,False
199,NEAR_1_DELETION,1,98801388,,FULLO,2024-10-15,606,fullo,ABANDONED - NO STATEMENT OF USE FILED,Dead/Abandoned,False,030,False
199,NEAR_1_SUBSTITUTION,1,97137930,,FULTON,2021-11-22,602,fulton,ABANDONED-FAILURE TO RESPOND OR LATE RESPONSE,Dead/Abandoned,False,033,False
199,NEAR_1_SUBSTITUTION,1,90773707,,FALLON,2021-06-15,602,fallon,ABANDONED-FAILURE TO RESPOND OR LATE RESPONSE,Dead/Abandoned,False,003,True
199,NEAR_1_SUBSTITUTION,1,90588557,,FALLON,2021-03-18,602,fallon,ABANDONED-FAILURE TO RESPOND OR LATE RESPONSE,Dead/Abandoned,False,013,False
199,NEAR_1_DELETION,1,90411108,,FULON,2020-12-24,602,fulon,ABANDONED-FAILURE TO RESPOND OR LATE RESPONSE,Dead/Abandoned,False,024,False
199,NEAR_1_INSERTION,1,88055404,,FULL ON 5,2018-07-27,602,fullon5,ABANDONED-FAILURE TO RESPOND OR LATE RESPONSE,Dead/Abandoned,False,"010,044",True
199,NEAR_1_SUBSTITUTION,1,79234095,,FULLIN,2018-03-19,602,fullin,ABANDONED-FAILURE TO RESPOND OR LATE RESPONSE,Dead/Abandoned,False,009,False
199,NEAR_1_SUBSTITUTION,1,87713510,5603514,FULTON,2017-12-08,710,fulton,CANCELLED - SECTION 8,Dead/Cancelled,False,,False
199,NEAR_1_SUBSTITUTION,1,87410080,,FALLON,2017-04-13,602,fallon,ABANDONED-FAILURE TO RESPOND OR LATE RESPONSE,Dead/Abandoned,False,020,False
199,NEAR_1_INSERTION,1,86466843,,FULLON 4,2014-11-28,602,fullon4,ABANDONED-FAILURE TO RESPOND OR LATE RESPONSE,Dead/Abandoned,False,044,True
199,NEAR_1_SUBSTITUTION,1,86300355,4796458,FU LION,2014-06-04,710,fulion,CANCELLED - SECTION 8,Dead/Cancelled,False,,False
199,NEAR_1_SUBSTITUTION,1,86004724,4804552,FU LION,2013-07-08,710,fulion,CANCELLED - SECTION 8,Dead/Cancelled,False,,False
199,NEAR_1_SUBSTITUTION,1,85811821,4380019,FULCON,2012-12-28,710,fulcon,CANCELLED - SECTION 8,Dead/Cancelled,False,,False
199,NEAR_1_SUBSTITUTION,1,85119985,3954598,FUELON,2010-08-31,710,fuelon,CANCELLED - SECTION 8,Dead/Cancelled,False,,False
199,NEAR_1_SUBSTITUTION,1,85011912,,FALLON,2010-04-12,602,fallon,ABANDONED-FAILURE TO RESPOND OR LATE RESPONSE,Dead/Abandoned,False,014,False
199,NEAR_1_SUBSTITUTION,1,78732753,3341400,FALLON,2005-10-13,710,fallon,CANCELLED - SECTION 8,Dead/Cancelled,False,,False
199,NEAR_1_SUBSTITUTION,1,78721144,,FALLON,2005-09-27,606,fallon,ABANDONED - NO STATEMENT OF USE FILED,Dead/Abandoned,False,028,False
199,NEAR_1_SUBSTITUTION,1,78682944,,FULTON,2005-08-01,602,fulton,ABANDONED-FAILURE TO RESPOND OR LATE RESPONSE,Dead/Abandoned,False,"009,042",False
199,NEAR_1_SUBSTITUTION,1,76327683,,FALLON,2001-10-19,606,fallon,ABANDONED - NO STATEMENT OF USE FILED,Dead/Abandoned,False,009,False
199,NEAR_1_SUBSTITUTION,1,75008026,,FALLON,1995-10-19,602,fallon,ABANDONED-FAILURE TO RESPOND OR LATE RESPONSE,Dead/Abandoned,False,,False
199,NEAR_1_SUBSTITUTION,1,74022449,1638224,FALLON,1990-01-24,710,fallon,CANCELLED - SECTION 8,Dead/Cancelled,False,,False
199,NEAR_1_SUBSTITUTION,1,73746790,1559829,FULTON,1988-08-18,710,fulton,CANCELLED - SECTION 8,Dead/Cancelled,False,,False
199,NEAR_1_SUBSTITUTION,1,73671199,1479526,FULTON,1987-07-10,710,fulton,CANCELLED - SECTION 8,Dead/Cancelled,False,,False
199,NEAR_1_SUBSTITUTION,1,73368180,1286217,GULLON,1982-06-07,710,gullon,CANCELLED - SECTION 8,Dead/Cancelled,False,,False
199,NEAR_1_SUBSTITUTION,1,73294439,1254952,FUELON,1981-02-19,710,fuelon,CANCELLED - SECTION 8,Dead/Cancelled,False,,False
199,NEAR_1_SUBSTITUTION,1,73294488,1219010,FULTON,1981-01-26,710,fulton,CANCELLED - SECTION 8,Dead/Cancelled,False,,False
199,NEAR_1_SUBSTITUTION,1,73175808,1156263,FULTON,1978-06-23,710,fulton,CANCELLED - SECTION 8,Dead/Cancelled,False,,False
199,NEAR_1_SUBSTITUTION,1,72283035,0849695,FULTON,1967-10-20,711,fulton,CANCELLED - SECTION 7,Dead/Cancelled,False,,False
199,NEAR_1_SUBSTITUTION,1,72249564,0840109,FULTON,1966-07-05,900,fulton,EXPIRED,Dead/Expired,False,,False
199,NEAR_1_SUBSTITUTION,1,71560329,0521234,FULTON,1948-06-28,900,fulton,EXPIRED,Dead/Expired,False,,False
199,NEAR_1_SUBSTITUTION,1,71534032,0518910,FULTON,1947-09-10,900,fulton,EXPIRED,Dead/Expired,False,,False
200,EXACT,0,99735756,,ALLOUT,2026-03-31,630,allout,NEW APPLICATION - RECORD INITIALIZED NOT ASSIGNED TO EXAMINER,Live/Pending,True,"009,042",False
200,EXACT,0,97913058,7657404,ALL OUT,2023-04-28,700,allout,REGISTERED,Live/Registered,True,041,False
200,EXACT,0,97441828,7469454,ALL OUT,2022-06-03,700,allout,REGISTERED,Live/Registered,True,005,True
200,EXACT,0,97041985,6877403,ALL OUT,2021-09-23,700,allout,REGISTERED,Live/Registered,True,"037,039",False
200,EXACT,0,97042414,6877462,ALL OUT,2021-09-23,700,allout,REGISTERED,Live/Registered,True,"037,039",False
200,EXACT,0,88389538,5890660,ALL OUT,2019-04-17,702,allout,SECTION 8 & 15-ACCEPTED AND ACKNOWLEDGED,Live/Registered,True,032,False
200,EXACT,0,87477100,6707575,ALLOUT,2017-06-06,700,allout,REGISTERED,Live/Registered,True,025,False
200,EXACT,0,86459466,5124854,ALLOUT,2014-11-19,702,allout,SECTION 8 & 15-ACCEPTED AND ACKNOWLEDGED,Live/Registered,True,024,False
200,EXACT,0,85783406,4387186,ALL OUT,2012-11-19,800,allout,REGISTERED AND RENEWED,Live/Registered,True,"035,041",True
200,EXACT,0,76709749,4234275,ALL-OUT,2011-11-17,800,allout,REGISTERED AND RENEWED,Live/Registered,True,005,True
200,EXACT,0,74487132,2099702,ALL-OUT,1994-02-07,800,allout,REGISTERED AND RENEWED,Live/Registered,True,006,False
200,EXACT,0,97440439,,ALL OUT,2022-06-02,602,allout,ABANDONED-FAILURE TO RESPOND OR LATE RESPONSE,Dead/Abandoned,False,041,False
200,EXACT,0,90298663,,ALLOUT,2020-11-04,606,allout,ABANDONED - NO STATEMENT OF USE FILED,Dead/Abandoned,False,029,False
200,EXACT,0,88182067,,ALL OUT,2018-11-05,602,allout,ABANDONED-FAILURE TO RESPOND OR LATE RESPONSE,Dead/Abandoned,False,"009,016,018,021,025,028,035,038,041",True
200,EXACT,0,87722092,,ALL OUT,2017-12-15,606,allout,ABANDONED - NO STATEMENT OF USE FILED,Dead/Abandoned,False,003,True
200,EXACT,0,87005994,5226158,ALL OUT,2016-04-19,710,allout,CANCELLED - SECTION 8,Dead/Cancelled,False,,False
200,EXACT,0,87006009,5226159,ALL OUT,2016-04-19,710,allout,CANCELLED - SECTION 8,Dead/Cancelled,False,,False
200,EXACT,0,85944249,4497201,ALLOUT,2013-05-28,710,allout,CANCELLED - SECTION 8,Dead/Cancelled,False,,False
200,EXACT,0,85697826,,ALLOUT,2012-08-08,606,allout,ABANDONED - NO STATEMENT OF USE FILED,Dead/Abandoned,False,042,False
200,EXACT,0,85635056,,ALL OUT,2012-05-24,602,allout,ABANDONED-FAILURE TO RESPOND OR LATE RESPONSE,Dead/Abandoned,False,025,False
200,EXACT,0,85034622,3890268,ALL OUT!,2010-05-10,710,allout,CANCELLED - SECTION 8,Dead/Cancelled,False,,False
200,EXACT,0,85009269,4350486,ALL OUT,2010-04-08,710,allout,CANCELLED - SECTION 8,Dead/Cancelled,False,,False
200,EXACT,0,77603877,,ALL OUT,2008-10-30,602,allout,ABANDONED-FAILURE TO RESPOND OR LATE RESPONSE,Dead/Abandoned,False,025,False
200,EXACT,0,77494159,3674143,ALL OUT,2008-06-09,710,allout,CANCELLED - SECTION 8,Dead/Cancelled,False,,False
200,EXACT,0,78902077,3302305,ALL OUT,2006-06-06,710,allout,CANCELLED - SECTION 8,Dead/Cancelled,False,,False
200,EXACT,0,76355215,2704050,ALLOUT,2002-01-07,710,allout,CANCELLED - SECTION 8,Dead/Cancelled,False,,False
200,EXACT,0,76297132,,ALL OUT,2001-08-09,602,allout,ABANDONED-FAILURE TO RESPOND OR LATE RESPONSE,Dead/Abandoned,False,003,True
200,EXACT,0,76188144,,ALL OUT,2000-12-29,603,allout,ABANDONED - AFTER EX PARTE APPEAL,Dead/Abandoned,False,007,False
200,EXACT,0,75628900,,ALL-OUT,1999-01-27,602,allout,ABANDONED-FAILURE TO RESPOND OR LATE RESPONSE,Dead/Abandoned,False,"009,016,025,041",False
200,EXACT,0,74626491,2044483,ALL OUT,1995-01-27,710,allout,CANCELLED - SECTION 8,Dead/Cancelled,False,,False
200,EXACT,0,74546179,1901423,ALL OUT,1994-07-06,710,allout,CANCELLED - SECTION 8,Dead/Cancelled,False,,False
200,EXACT,0,74318192,1774320,ALL-OUT,1992-09-28,710,allout,CANCELLED - SECTION 8,Dead/Cancelled,False,,False
200,EXACT,0,73456710,,ALL OUT,1983-12-12,604,allout,ABANDONED - AFTER INTER-PARTES DECISION,Dead/Abandoned,False,,False
200,EXACT,0,73344830,,ALL-OUT,1982-01-07,602,allout,ABANDONED-FAILURE TO RESPOND OR LATE RESPONSE,Dead/Abandoned,False,,False
200,EXACT,0,73000108,1001561,ALL OUT,1973-09-04,900,allout,EXPIRED,Dead/Expired,False,,False
200,EXACT,0,72436750,0971123,ALL-OUT,1972-09-25,900,allout,EXPIRED,Dead/Expired,False,,False
200,EXACT,0,72357517,0899860,ALL OUT,1970-04-21,900,allout,EXPIRED,Dead/Expired,False,,False
200,EXACT,0,72190791,0836449,ALL OUT,1964-04-10,710,allout,CANCELLED - SECTION 8,Dead/Cancelled,False,,False
200,EXACT,0,71444274,0392615,ALL-OUT,1941-06-06,900,allout,EXPIRED,Dead/Expired,False,,False
200,NEAR_1_SUBSTITUTION,1,99830537,,ALZ OUT,2026-05-18,630,alzout,NEW APPLICATION - RECORD INITIALIZED NOT ASSIGNED TO EXAMINER,Live/Pending,True,036,False
200,NEAR_1_INSERTION,1,99206741,,CALL-OUT,2025-05-28,686,callout,PUBLISHED FOR OPPOSITION,Live/Pending,True,045,False
200,NEAR_1_SUBSTITUTION,1,98331256,7565330,ALLNUT,2023-12-26,700,allnut,REGISTERED,Live/Registered,True,006,False
200,NEAR_1_DELETION,1,98113604,7806144,ALLOT,2023-08-02,700,allot,REGISTERED,Live/Registered,True,"009,038,042",False
200,NEAR_1_INSERTION,1,98052992,7812272,FALL OUT,2023-06-21,700,fallout,REGISTERED,Live/Registered,True,033,False
200,NEAR_1_INSERTION,1,97822275,7503974,FALLOUT,2023-03-03,700,fallout,REGISTERED,Live/Registered,True,041,False
200,NEAR_1_INSERTION,1,97822281,7883229,FALLOUT,2023-03-03,700,fallout,REGISTERED,Live/Registered,True,028,False
200,NEAR_1_INSERTION,1,97822286,7707349,FALLOUT,2023-03-03,700,fallout,REGISTERED,Live/Registered,True,025,False
200,NEAR_1_INSERTION,1,97822288,,FALLOUT,2023-03-03,733,fallout,FOURTH EXTENSION - GRANTED,Live/Pending,True,021,True
200,NEAR_1_INSERTION,1,97822290,,FALLOUT,2023-03-03,733,fallout,FOURTH EXTENSION - GRANTED,Live/Pending,True,020,False
200,NEAR_1_INSERTION,1,97822292,,FALLOUT,2023-03-03,733,fallout,FOURTH EXTENSION - GRANTED,Live/Pending,True,018,False
200,NEAR_1_INSERTION,1,97822295,7707350,FALLOUT,2023-03-03,700,fallout,REGISTERED,Live/Registered,True,016,False
200,NEAR_1_INSERTION,1,97822297,7707351,FALLOUT,2023-03-03,700,fallout,REGISTERED,Live/Registered,True,014,False
200,NEAR_1_INSERTION,1,97822300,7707352,FALLOUT,2023-03-03,700,fallout,REGISTERED,Live/Registered,True,009,False
200,NEAR_1_INSERTION,1,97822509,7707354,FALLOUT,2023-03-03,700,fallout,REGISTERED,Live/Registered,True,009,False
200,NEAR_1_INSERTION,1,97822590,7663959,FALLOUT,2023-03-03,700,fallout,REGISTERED,Live/Registered,True,014,False
200,NEAR_1_INSERTION,1,97822592,7707356,FALLOUT,2023-03-03,700,fallout,REGISTERED,Live/Registered,True,016,False
200,NEAR_1_INSERTION,1,97822594,,FALLOUT,2023-03-03,733,fallout,FOURTH EXTENSION - GRANTED,Live/Pending,True,018,False
200,NEAR_1_INSERTION,1,97822598,7819783,FALLOUT,2023-03-03,700,fallout,REGISTERED,Live/Registered,True,020,False
200,NEAR_1_INSERTION,1,97822600,7883230,FALLOUT,2023-03-03,700,fallout,REGISTERED,Live/Registered,True,021,True
200,NEAR_1_INSERTION,1,97822602,,FALLOUT,2023-03-03,733,fallout,FOURTH EXTENSION - GRANTED,Live/Pending,True,025,False
200,NEAR_1_INSERTION,1,97822604,7672530,FALLOUT,2023-03-03,700,fallout,REGISTERED,Live/Registered,True,028,False
200,NEAR_1_INSERTION,1,97822607,7672531,FALLOUT,2023-03-03,700,fallout,REGISTERED,Live/Registered,True,041,False
200,NEAR_1_INSERTION,1,97665832,7224610,FALLOUT,2022-11-07,700,fallout,REGISTERED,Live/Registered,True,002,False
200,NEAR_1_INSERTION,1,97061035,6724889,FALLOUT,2021-10-05,700,fallout,REGISTERED,Live/Registered,True,028,False
200,NEAR_1_INSERTION,1,97003679,7170610,FALLOUT,2021-08-31,700,fallout,REGISTERED,Live/Registered,True,005,True
200,NEAR_1_DELETION,1,90258104,6416000,ALLOT,2020-10-15,700,allot,REGISTERED,Live/Registered,True,025,False
200,NEAR_1_INSERTION,1,88179343,7169894,FALLOUT,2018-11-02,700,fallout,REGISTERED,Live/Registered,True,041,False
200,NEAR_1_INSERTION,1,87158597,5141921,FALLOUT,2016-09-01,702,fallout,SECTION 8 & 15-ACCEPTED AND ACKNOWLEDGED,Live/Registered,True,008,False
200,NEAR_1_INSERTION,1,77802812,3862677,FALLOUT,2009-08-12,800,fallout,REGISTERED AND RENEWED,Live/Registered,True,009,False
200,NEAR_1_INSERTION,1,77663852,4118897,FALLOUT,2009-02-05,800,fallout,REGISTERED AND RENEWED,Live/Registered,True,009,False
200,NEAR_1_INSERTION,1,77051782,3829958,FALLOUT,2006-11-28,800,fallout,REGISTERED AND RENEWED,Live/Registered,True,"016,025",False
200,NEAR_1_INSERTION,1,78918271,3337338,FALLOUT,2006-06-27,800,fallout,REGISTERED AND RENEWED,Live/Registered,True,012,False
200,NEAR_1_INSERTION,1,76978938,3583756,FALLOUT,2005-02-01,800,fallout,REGISTERED AND RENEWED,Live/Registered,True,009,False
200,NEAR_1_INSERTION,1,75090234,2181084,FALLOUT,1996-04-18,800,fallout,REGISTERED AND RENEWED,Live/Registered,True,028,False
200,NEAR_1_INSERTION,1,90680519,,FALLOUT,2021-04-29,606,fallout,ABANDONED - NO STATEMENT OF USE FILED,Dead/Abandoned,False,009,False
200,NEAR_1_SUBSTITUTION,1,90345301,,ALLOST,2020-11-27,606,allost,ABANDONED - NO STATEMENT OF USE FILED,Dead/Abandoned,False,025,False
200,NEAR_1_INSERTION,1,88440702,,FALLOUT,2019-05-22,602,fallout,ABANDONED-FAILURE TO RESPOND OR LATE RESPONSE,Dead/Abandoned,False,021,True
200,NEAR_1_INSERTION,1,88404994,,BALL OUT,2019-04-26,606,ballout,ABANDONED - NO STATEMENT OF USE FILED,Dead/Abandoned,False,"003,005,025,028",True
200,NEAR_1_INSERTION,1,88285598,,BALL OUT,2019-02-01,606,ballout,ABANDONED - NO STATEMENT OF USE FILED,Dead/Abandoned,False,003,True
200,NEAR_1_SUBSTITUTION,1,88125282,5904820,ALZ OUT,2018-09-20,710,alzout,CANCELLED - SECTION 8,Dead/Cancelled,False,,False
200,NEAR_1_INSERTION,1,87869068,,FALLOUT,2018-04-09,606,fallout,ABANDONED - NO STATEMENT OF USE FILED,Dead/Abandoned,False,005,True
200,NEAR_1_SUBSTITUTION,1,87779292,5555409,ALLOET,2018-02-01,710,alloet,CANCELLED - SECTION 8,Dead/Cancelled,False,,False
200,NEAR_1_INSERTION,1,87301511,5294672,CALLOUT,2017-01-13,710,callout,CANCELLED - SECTION 8,Dead/Cancelled,False,,False
200,NEAR_1_SUBSTITUTION,1,87301896,,ALLOAT,2017-01-13,606,alloat,ABANDONED - NO STATEMENT OF USE FILED,Dead/Abandoned,False,005,True
200,NEAR_1_SUBSTITUTION,1,87291241,5255676,ALLOET,2017-01-06,710,alloet,CANCELLED - SECTION 8,Dead/Cancelled,False,,False
200,NEAR_1_SUBSTITUTION,1,87282398,5255378,ALLOET,2016-12-28,710,alloet,CANCELLED - SECTION 8,Dead/Cancelled,False,,False
200,NEAR_1_SUBSTITUTION,1,87282403,5255379,ALLOET,2016-12-28,710,alloet,CANCELLED - SECTION 8,Dead/Cancelled,False,,False
200,NEAR_1_INSERTION,1,87200997,,FALLOUT,2016-10-12,606,fallout,ABANDONED - NO STATEMENT OF USE FILED,Dead/Abandoned,False,041,False
200,NEAR_1_INSERTION,1,87089297,,BALL OUT,2016-06-30,602,ballout,ABANDONED-FAILURE TO RESPOND OR LATE RESPONSE,Dead/Abandoned,False,025,False
200,NEAR_1_SUBSTITUTION,1,87058856,5697719,ALLOET,2016-06-03,710,alloet,CANCELLED - SECTION 8,Dead/Cancelled,False,,False
200,NEAR_1_INSERTION,1,87019954,5095467,QALLOUT,2016-04-29,710,qallout,CANCELLED - SECTION 8,Dead/Cancelled,False,,False
200,NEAR_1_INSERTION,1,86862815,,FALLOUT,2015-12-31,606,fallout,ABANDONED - NO STATEMENT OF USE FILED,Dead/Abandoned,False,003,True
200,NEAR_1_INSERTION,1,85818163,,FALLOUT,2013-01-08,606,fallout,ABANDONED - NO STATEMENT OF USE FILED,Dead/Abandoned,False,041,False
200,NEAR_1_INSERTION,1,85778590,,CALL-OUT,2012-11-13,606,callout,ABANDONED - NO STATEMENT OF USE FILED,Dead/Abandoned,False,025,False
200,NEAR_1_INSERTION,1,85551219,4311789,BALL OUT,2012-02-23,710,ballout,CANCELLED - SECTION 8,Dead/Cancelled,False,,False
200,NEAR_1_INSERTION,1,85463908,4167594,FALL OUT,2011-11-03,710,fallout,CANCELLED - SECTION 8,Dead/Cancelled,False,,False
200,NEAR_1_INSERTION,1,85121527,3954735,FALL OUT,2010-09-02,710,fallout,CANCELLED - SECTION 8,Dead/Cancelled,False,,False
200,NEAR_1_INSERTION,1,77663853,,FALLOUT,2009-02-05,606,fallout,ABANDONED - NO STATEMENT OF USE FILED,Dead/Abandoned,False,041,False
200,NEAR_1_INSERTION,1,77613954,,FALLOUT,2008-11-13,601,fallout,ABANDONED - EXPRESS,Dead/Abandoned,False,009,False
200,NEAR_1_INSERTION,1,77216078,3541117,KALLOUT,2007-06-26,710,kallout,CANCELLED - SECTION 8,Dead/Cancelled,False,,False
200,NEAR_1_INSERTION,1,76629763,,FALLOUT,2005-02-01,606,fallout,ABANDONED - NO STATEMENT OF USE FILED,Dead/Abandoned,False,009,False
200,NEAR_1_INSERTION,1,76629764,,FALLOUT,2005-02-01,606,fallout,ABANDONED - NO STATEMENT OF USE FILED,Dead/Abandoned,False,041,False
200,NEAR_1_INSERTION,1,76629765,,FALLOUT,2005-02-01,606,fallout,ABANDONED - NO STATEMENT OF USE FILED,Dead/Abandoned,False,038,False
200,NEAR_1_INSERTION,1,78258419,,FALLOUT,2003-06-04,606,fallout,ABANDONED - NO STATEMENT OF USE FILED,Dead/Abandoned,False,"025,035",True
200,NEAR_1_SUBSTITUTION,1,75559921,,ALLOUR,1998-09-28,606,allour,ABANDONED - NO STATEMENT OF USE FILED,Dead/Abandoned,False,009,False
200,NEAR_1_INSERTION,1,75556122,2669447,CALL OUT,1998-09-21,710,callout,CANCELLED - SECTION 8,Dead/Cancelled,False,,False
200,NEAR_1_SUBSTITUTION,1,75517862,,ALL CUT,1998-07-13,606,allcut,ABANDONED - NO STATEMENT OF USE FILED,Dead/Abandoned,False,008,False
200,NEAR_1_SUBSTITUTION,1,73765656,1549705,ALLCUT,1988-11-25,710,allcut,CANCELLED - SECTION 8,Dead/Cancelled,False,,False
200,NEAR_1_INSERTION,1,73688646,1502735,FALLOUT,1987-10-05,710,fallout,CANCELLED - SECTION 8,Dead/Cancelled,False,,False
200,NEAR_1_SUBSTITUTION,1,73600155,,ALLCUT,1986-05-22,602,allcut,ABANDONED-FAILURE TO RESPOND OR LATE RESPONSE,Dead/Abandoned,False,,False
200,NEAR_1_SUBSTITUTION,1,73591010,1425511,ALLCUT,1986-03-31,710,allcut,CANCELLED - SECTION 8,Dead/Cancelled,False,,False
200,NEAR_1_SUBSTITUTION,1,73197968,1145659,ALL-CUT,1978-12-26,710,allcut,CANCELLED - SECTION 8,Dead/Cancelled,False,,False
200,NEAR_1_INSERTION,1,72397957,0953056,CALLOUT,1971-07-21,900,callout,EXPIRED,Dead/Expired,False,,False
200,NEAR_1_INSERTION,1,72209869,0800570,FALL-OUT,1965-01-13,900,fallout,EXPIRED,Dead/Expired,False,,False
200,NEAR_1_INSERTION,1,72181942,0780818,FALL OUT,1963-11-27,900,fallout,EXPIRED,Dead/Expired,False,,False
200,NEAR_1_INSERTION,1,72133468,0748510,FALLOUT,1961-12-06,900,fallout,EXPIRED,Dead/Expired,False,,False
200,NEAR_1_INSERTION,1,85080418,,FALL OUT,,622,fallout,MISASSIGNED SERIAL NUMBER,Indifferent,False,025,False
201,EXACT,0,97529277,7295545,WIDE OPEN,2022-08-01,700,wideopen,REGISTERED,Live/Registered,True,025,False
201,EXACT,0,88252469,6950270,WIDE OPEN,2019-01-07,700,wideopen,REGISTERED,Live/Registered,True,"007,012",False
201,EXACT,0,85495186,4252844,WIDEOPEN,2011-12-14,800,wideopen,REGISTERED AND RENEWED,Live/Registered,True,"037,042",False
201,EXACT,0,85216788,4101192,WIDE OPEN,2011-01-13,800,wideopen,REGISTERED AND RENEWED,Live/Registered,True,041,False
201,EXACT,0,85217174,4101195,WIDE OPEN,2011-01-13,800,wideopen,REGISTERED AND RENEWED,Live/Registered,True,041,False
201,EXACT,0,86891578,,WIDE OPEN,2016-01-29,602,wideopen,ABANDONED-FAILURE TO RESPOND OR LATE RESPONSE,Dead/Abandoned,False,038,False
201,EXACT,0,85523720,,WIDE OPEN,2012-01-24,606,wideopen,ABANDONED - NO STATEMENT OF USE FILED,Dead/Abandoned,False,007,False
201,EXACT,0,77318971,3507530,WIDE OPEN,2007-11-01,710,wideopen,CANCELLED - SECTION 8,Dead/Cancelled,False,,False
201,EXACT,0,76658934,,WIDE OPEN,2006-04-24,602,wideopen,ABANDONED-FAILURE TO RESPOND OR LATE RESPONSE,Dead/Abandoned,False,016,False
201,EXACT,0,78759355,3482218,WIDE OPEN,2005-11-22,710,wideopen,CANCELLED - SECTION 8,Dead/Cancelled,False,,False
201,EXACT,0,78568364,3124843,WIDE OPEN,2005-02-16,710,wideopen,CANCELLED - SECTION 8,Dead/Cancelled,False,,False
201,EXACT,0,78350035,,WIDE OPEN,2004-01-09,606,wideopen,ABANDONED - NO STATEMENT OF USE FILED,Dead/Abandoned,False,016,False
201,EXACT,0,76398963,2749703,WIDE OPEN,2002-04-22,710,wideopen,CANCELLED - SECTION 8,Dead/Cancelled,False,,False
201,EXACT,0,76210914,,WIDEOPEN,2001-02-16,602,wideopen,ABANDONED-FAILURE TO RESPOND OR LATE RESPONSE,Dead/Abandoned,False,041,False
201,EXACT,0,76098154,,WIDE OPEN,2000-07-26,606,wideopen,ABANDONED - NO STATEMENT OF USE FILED,Dead/Abandoned,False,"039,040",False
201,EXACT,0,75932817,2745619,WIDEOPEN,2000-02-25,710,wideopen,CANCELLED - SECTION 8,Dead/Cancelled,False,,False
201,EXACT,0,75830822,2530486,WIDE OPEN,1999-10-25,710,wideopen,CANCELLED - SECTION 8,Dead/Cancelled,False,,False
201,EXACT,0,75498614,2229101,WIDE OPEN,1998-06-09,710,wideopen,CANCELLED - SECTION 8,Dead/Cancelled,False,,False
201,EXACT,0,75353112,,WIDE OPEN,1997-09-08,602,wideopen,ABANDONED-FAILURE TO RESPOND OR LATE RESPONSE,Dead/Abandoned,False,,False
201,EXACT,0,75349610,,WIDE OPEN,1997-08-29,602,wideopen,ABANDONED-FAILURE TO RESPOND OR LATE RESPONSE,Dead/Abandoned,False,,False
201,EXACT,0,75175025,,WIDE OPEN,1996-10-01,602,wideopen,ABANDONED-FAILURE TO RESPOND OR LATE RESPONSE,Dead/Abandoned,False,,False
201,EXACT,0,75175027,,WIDE OPEN,1996-10-01,602,wideopen,ABANDONED-FAILURE TO RESPOND OR LATE RESPONSE,Dead/Abandoned,False,041,False
201,EXACT,0,75125481,2196922,WIDEOPEN,1996-06-25,710,wideopen,CANCELLED - SECTION 8,Dead/Cancelled,False,,False
201,EXACT,0,75086311,2098312,WIDE OPEN,1996-04-10,710,wideopen,CANCELLED - SECTION 8,Dead/Cancelled,False,,False
201,EXACT,0,74603218,,WIDE OPEN,1994-11-16,606,wideopen,ABANDONED - NO STATEMENT OF USE FILED,Dead/Abandoned,False,,False
201,EXACT,0,74522308,1911552,WIDE OPEN,1994-05-06,710,wideopen,CANCELLED - SECTION 8,Dead/Cancelled,False,,False
201,EXACT,0,74503405,1922150,WIDE OPEN,1994-03-18,710,wideopen,CANCELLED - SECTION 8,Dead/Cancelled,False,,False
201,EXACT,0,74372164,1944464,WIDE OPEN,1993-03-26,710,wideopen,CANCELLED - SECTION 8,Dead/Cancelled,False,,False
201,NEAR_1_SUBSTITUTION,1,75316525,,VIDEOPEN,1997-06-27,606,videopen,ABANDONED - NO STATEMENT OF USE FILED,Dead/Abandoned,False,009,False
202,NEAR_1_DELETION,1,87335373,5656440,EYEOPEN,2017-02-14,701,eyeopen,SECTION 8-ACCEPTED,Live/Registered,True,009,False
202,NEAR_1_DELETION,1,79117127,,EYEOPEN,2012-03-15,402,eyeopen,IR CANCELLED; US APPLICATION ABANDONED,Dead/Abandoned,False,,False
203,EXACT,0,85678045,4385379,EYE LEVEL,2012-07-16,800,eyelevel,REGISTERED AND RENEWED,Live/Registered,True,"016,041",False
203,EXACT,0,85451295,4313990,EYE LEVEL,2011-10-19,800,eyelevel,REGISTERED AND RENEWED,Live/Registered,True,"016,041",False
203,EXACT,0,86407262,4965431,EYELEVEL,2014-09-26,710,eyelevel,CANCELLED - SECTION 8,Dead/Cancelled,False,,False
203,EXACT,0,86247971,,EYE LEVEL,2014-04-10,606,eyelevel,ABANDONED - NO STATEMENT OF USE FILED,Dead/Abandoned,False,012,False
203,EXACT,0,85241974,,EYELEVEL,2011-02-14,606,eyelevel,ABANDONED - NO STATEMENT OF USE FILED,Dead/Abandoned,False,"009,025,035",True
203,EXACT,0,85094830,4092446,EYELEVEL,2010-07-28,710,eyelevel,CANCELLED - SECTION 8,Dead/Cancelled,False,,False
203,EXACT,0,76101171,2970999,EYE LEVEL,2000-08-03,710,eyelevel,CANCELLED - SECTION 8,Dead/Cancelled,False,,False
203,NEAR_1_DELETION,1,98470978,8255063,EYELEVE,2024-03-27,700,eyeleve,REGISTERED,Live/Registered,True,005,True
203,NEAR_1_DELETION,1,88232005,5819680,EYELEVE,2018-12-17,702,eyeleve,SECTION 8 & 15-ACCEPTED AND ACKNOWLEDGED,Live/Registered,True,"005,010",True
204,EXACT,0,90894263,6701427,ON THE LEVEL,2021-08-20,700,onthelevel,REGISTERED,Live/Registered,True,041,False
204,EXACT,0,88635230,6046448,ONTHELEVEL,2019-09-29,701,onthelevel,SECTION 8-ACCEPTED,Live/Registered,True,014,False
204,EXACT,0,77306651,3545962,ON THE LEVEL,2007-10-17,710,onthelevel,CANCELLED - SECTION 8,Dead/Cancelled,False,,False
204,EXACT,0,78917125,3324402,ON THE LEVEL,2006-06-26,710,onthelevel,CANCELLED - SECTION 8,Dead/Cancelled,False,,False
204,EXACT,0,76649510,,ON THE LEVEL,2005-11-01,604,onthelevel,ABANDONED - AFTER INTER-PARTES DECISION,Dead/Abandoned,False,,False
204,EXACT,0,76061563,,ON THE LEVEL,2000-06-02,606,onthelevel,ABANDONED - NO STATEMENT OF USE FILED,Dead/Abandoned,False,042,False
204,EXACT,0,75868553,2771977,ON THE LEVEL,1999-12-08,710,onthelevel,CANCELLED - SECTION 8,Dead/Cancelled,False,,False
204,EXACT,0,75408523,2570327,ON THE LEVEL,1997-11-10,710,onthelevel,CANCELLED - SECTION 8,Dead/Cancelled,False,,False
204,EXACT,0,75006225,,ON THE LEVEL,1995-10-16,602,onthelevel,ABANDONED-FAILURE TO RESPOND OR LATE RESPONSE,Dead/Abandoned,False,,False
204,EXACT,0,74154470,1684466,ON THE LEVEL,1991-04-05,710,onthelevel,CANCELLED - SECTION 8,Dead/Cancelled,False,,False
204,EXACT,0,74066270,1637245,ON THE LEVEL,1990-06-06,710,onthelevel,CANCELLED - SECTION 8,Dead/Cancelled,False,,False
204,EXACT,0,73327335,1204516,ON THE LEVEL...,1981-09-09,710,onthelevel,CANCELLED - SECTION 8,Dead/Cancelled,False,,False
204,EXACT,0,73190657,1131408,ON THE LEVEL,1978-10-25,710,onthelevel,CANCELLED - SECTION 8,Dead/Cancelled,False,,False
204,NEAR_1_SUBSTITUTION,1,99116618,8065886,ON THE REVEL,2025-04-02,700,ontherevel,REGISTERED,Live/Registered,True,041,False
204,NEAR_1_DELETION,1,85670292,4292189,N THE LEVEL,2012-07-06,710,nthelevel,CANCELLED - SECTION 8,Dead/Cancelled,False,,False
206,EXACT,0,97436163,7239313,SQUARE DEAL,2022-05-31,700,squaredeal,REGISTERED,Live/Registered,True,013,False
206,EXACT,0,88721151,6100100,SQUARE DEAL,2019-12-10,700,squaredeal,REGISTERED,Live/Registered,True,039,False
206,EXACT,0,73161226,1114360,SQUARE DEAL,1978-03-07,800,squaredeal,REGISTERED AND RENEWED,Live/Registered,True,"005,031",True
206,EXACT,0,71018378,0058221,SQUARE DEAL,1906-03-30,800,squaredeal,REGISTERED AND RENEWED,Live/Registered,True,006,False
206,EXACT,0,88897217,,SQUARE DEAL,2020-05-01,606,squaredeal,ABANDONED - NO STATEMENT OF USE FILED,Dead/Abandoned,False,039,False
206,EXACT,0,87385387,,SQUARE DEAL,2017-03-24,606,squaredeal,ABANDONED - NO STATEMENT OF USE FILED,Dead/Abandoned,False,009,False
206,EXACT,0,86947624,,SQUARE DEAL,2016-03-21,602,squaredeal,ABANDONED-FAILURE TO RESPOND OR LATE RESPONSE,Dead/Abandoned,False,025,False
206,EXACT,0,85094127,3950372,SQUARE DEAL,2010-07-27,710,squaredeal,CANCELLED - SECTION 8,Dead/Cancelled,False,,False
206,EXACT,0,76682347,4108961,SQUARE DEAL,2007-09-27,710,squaredeal,CANCELLED - SECTION 8,Dead/Cancelled,False,,False
206,EXACT,0,78501046,,SQUARE DEAL,2004-10-17,606,squaredeal,ABANDONED - NO STATEMENT OF USE FILED,Dead/Abandoned,False,033,False
206,EXACT,0,76460723,2868469,SQUARE DEAL,2002-10-23,710,squaredeal,CANCELLED - SECTION 8,Dead/Cancelled,False,,False
206,EXACT,0,75899595,,SQUARE DEAL,2000-01-18,606,squaredeal,ABANDONED - NO STATEMENT OF USE FILED,Dead/Abandoned,False,001,False
206,EXACT,0,75753220,,SQUARE DEAL,1999-07-16,602,squaredeal,ABANDONED-FAILURE TO RESPOND OR LATE RESPONSE,Dead/Abandoned,False,041,False
206,EXACT,0,75577178,2370113,SQUARE DEAL,1998-10-26,710,squaredeal,CANCELLED - SECTION 8,Dead/Cancelled,False,,False
206,EXACT,0,74260754,1756424,SQUARE-DEAL,1992-03-30,710,squaredeal,CANCELLED - SECTION 8,Dead/Cancelled,False,,False
206,EXACT,0,74204162,,SQUARE DEAL,1991-09-16,602,squaredeal,ABANDONED-FAILURE TO RESPOND OR LATE RESPONSE,Dead/Abandoned,False,,False
206,EXACT,0,74184049,1685451,SQUARE DEAL,1991-07-11,710,squaredeal,CANCELLED - SECTION 8,Dead/Cancelled,False,,False
206,EXACT,0,73673435,1514782,SQUARE DEAL,1987-07-20,710,squaredeal,CANCELLED - SECTION 8,Dead/Cancelled,False,,False
206,EXACT,0,73473125,1315044,SQUARE DEAL,1984-03-30,710,squaredeal,CANCELLED - SECTION 8,Dead/Cancelled,False,,False
206,EXACT,0,73473138,1315045,SQUARE DEAL,1984-03-30,710,squaredeal,CANCELLED - SECTION 8,Dead/Cancelled,False,,False
206,EXACT,0,72137218,0748490,SQUARE DEAL,1962-02-05,710,squaredeal,CANCELLED - SECTION 8,Dead/Cancelled,False,,False
206,EXACT,0,72058311,0684147,SQUARE DEAL,1958-09-03,710,squaredeal,CANCELLED - SECTION 8,Dead/Cancelled,False,,False
206,EXACT,0,71647103,0595062,SQUARE DEAL,1953-05-15,900,squaredeal,EXPIRED,Dead/Expired,False,,False
206,EXACT,0,71530356,0501075,SQUARE DEAL,1947-08-02,900,squaredeal,EXPIRED,Dead/Expired,False,,False
206,EXACT,0,71303328,0277679,SQUARE DEAL,1930-07-10,900,squaredeal,EXPIRED,Dead/Expired,False,,False
206,EXACT,0,71059036,0086714,SQUARE DEAL,1911-10-07,710,squaredeal,CANCELLED - SECTION 8,Dead/Cancelled,False,,False
206,EXACT,0,71035555,0071138,SQUARE DEAL,1908-06-17,900,squaredeal,EXPIRED,Dead/Expired,False,,False
206,NEAR_1_INSERTION,1,87406631,5414459,A SQUARE DEAL,2017-04-11,702,asquaredeal,SECTION 8 & 15-ACCEPTED AND ACKNOWLEDGED,Live/Registered,True,042,False
206,NEAR_1_INSERTION,1,74345458,1792975,SQUARE DEALS,1993-01-04,800,squaredeals,REGISTERED AND RENEWED,Live/Registered,True,039,False
206,NEAR_1_SUBSTITUTION,1,87267187,,SQUARE MEAL,2016-12-13,606,squaremeal,ABANDONED - NO STATEMENT OF USE FILED,Dead/Abandoned,False,011,False
206,NEAR_1_SUBSTITUTION,1,78455129,3765448,SQUARE MEAL,2004-07-22,710,squaremeal,CANCELLED - SECTION 8,Dead/Cancelled,False,,False
206,NEAR_1_SUBSTITUTION,1,76573214,3329914,SQUARE MEAL,2004-01-30,710,squaremeal,CANCELLED - SECTION 8,Dead/Cancelled,False,,False
206,NEAR_1_SUBSTITUTION,1,75941868,,SQUARE MEAL,2000-03-10,602,squaremeal,ABANDONED-FAILURE TO RESPOND OR LATE RESPONSE,Dead/Abandoned,False,001,False
206,NEAR_1_SUBSTITUTION,1,75939045,,SQUARE MEAL,2000-03-09,602,squaremeal,ABANDONED-FAILURE TO RESPOND OR LATE RESPONSE,Dead/Abandoned,False,005,True
206,NEAR_1_SUBSTITUTION,1,75899974,,SQUAREMEAL,2000-01-18,602,squaremeal,ABANDONED-FAILURE TO RESPOND OR LATE RESPONSE,Dead/Abandoned,False,001,False
206,NEAR_1_SUBSTITUTION,1,73509062,1408765,SQUARE MEAL,1984-11-16,710,squaremeal,CANCELLED - SECTION 8,Dead/Cancelled,False,,False
206,NEAR_1_INSERTION,1,73349168,1233048,SQUARE DEALS,1982-02-08,710,squaredeals,CANCELLED - SECTION 8,Dead/Cancelled,False,,False
206,NEAR_1_SUBSTITUTION,1,73148021,1113287,SQUARE MEAL,1977-11-10,900,squaremeal,EXPIRED,Dead/Expired,False,,False
206,NEAR_1_SUBSTITUTION,1,72358023,0921222,SQUARE MEAL,1970-04-27,900,squaremeal,EXPIRED,Dead/Expired,False,,False
206,NEAR_1_SUBSTITUTION,1,72319169,0882389,SQUARESEAL,1969-02-14,900,squareseal,EXPIRED,Dead/Expired,False,,False
206,NEAR_1_SUBSTITUTION,1,72246029,0835568,SQUARE-MEAL,1966-05-19,900,squaremeal,EXPIRED,Dead/Expired,False,,False
207,EXACT,0,85530009,,FAIR AND SQUARE,2012-01-31,605,fairandsquare,ABANDONED EXPRESS AFTER PUB,Dead/Abandoned,False,,False
207,EXACT,0,85525371,,FAIR AND SQUARE,2012-01-25,606,fairandsquare,ABANDONED - NO STATEMENT OF USE FILED,Dead/Abandoned,False,025,False
208,EXACT,0,99517889,,SQUARE ONE,2025-11-26,688,squareone,NOTICE OF ALLOWANCE - ISSUED,Live/Pending,True,001,False
208,EXACT,0,99259230,8127086,S Q U A R E O N E,2025-06-30,700,squareone,REGISTERED,Live/Registered,True,045,False
208,EXACT,0,99204229,,SQUAREONE,2025-05-27,686,squareone,PUBLISHED FOR OPPOSITION,Live/Pending,True,035,True
208,EXACT,0,97372943,7072920,SQUAREONE,2022-04-20,700,squareone,REGISTERED,Live/Registered,True,006,False
208,EXACT,0,88721177,6181570,SQUARE ONE,2019-12-10,700,squareone,REGISTERED,Live/Registered,True,039,False
208,EXACT,0,79270052,6171893,SQUAREONE,2019-08-09,700,squareone,REGISTERED,Live/Registered,True,"009,028,041",False
208,EXACT,0,88279428,5928585,SQUARE ONE,2019-01-28,700,squareone,REGISTERED,Live/Registered,True,032,False
208,EXACT,0,87880140,6228428,SQUARE ONE,2018-04-17,700,squareone,REGISTERED,Live/Registered,True,006,False
208,EXACT,0,78517017,3175081,SQUARE ONE,2004-11-15,800,squareone,REGISTERED AND RENEWED,Live/Registered,True,033,False
208,EXACT,0,75516441,2403209,SQUARE ONE,1998-07-09,800,squareone,REGISTERED AND RENEWED,Live/Registered,True,009,False
208,EXACT,0,73280027,1204227,SQUARE ONE,1980-10-01,800,squareone,REGISTERED AND RENEWED,Live/Registered,True,003,True
208,EXACT,0,98235816,,SQUAREONE,2023-10-23,602,squareone,ABANDONED-FAILURE TO RESPOND OR LATE RESPONSE,Dead/Abandoned,False,035,True
208,EXACT,0,97640100,,SQUAREONE,2022-10-20,606,squareone,ABANDONED - NO STATEMENT OF USE FILED,Dead/Abandoned,False,"009,042",False
208,EXACT,0,88897230,,SQUARE ONE,2020-05-01,606,squareone,ABANDONED - NO STATEMENT OF USE FILED,Dead/Abandoned,False,039,False
208,EXACT,0,88607538,,SQUARE ONE,2019-09-06,602,squareone,ABANDONED-FAILURE TO RESPOND OR LATE RESPONSE,Dead/Abandoned,False,"009,036",False
208,EXACT,0,88026780,,SQUARE ONE,2018-07-05,605,squareone,ABANDONED EXPRESS AFTER PUB,Dead/Abandoned,False,,False
208,EXACT,0,87617925,,SQUAREONE,2017-09-21,605,squareone,ABANDONED EXPRESS AFTER PUB,Dead/Abandoned,False,,False
208,EXACT,0,87546113,,SQUARE ONE,2017-07-27,606,squareone,ABANDONED - NO STATEMENT OF USE FILED,Dead/Abandoned,False,019,False
208,EXACT,0,87485665,,SQUARE ONE,2017-06-12,602,squareone,ABANDONED-FAILURE TO RESPOND OR LATE RESPONSE,Dead/Abandoned,False,036,False
208,EXACT,0,87328628,5424828,SQUARE ONE,2017-02-08,710,squareone,CANCELLED - SECTION 8,Dead/Cancelled,False,,False
208,EXACT,0,86950872,,SQUAREONE,2016-03-23,602,squareone,ABANDONED-FAILURE TO RESPOND OR LATE RESPONSE,Dead/Abandoned,False,035,True
208,EXACT,0,86366617,,SQUARE ONE,2014-08-14,606,squareone,ABANDONED - NO STATEMENT OF USE FILED,Dead/Abandoned,False,028,False
208,EXACT,0,86224573,4769791,SQUARE ONE,2014-03-18,710,squareone,CANCELLED - SECTION 8,Dead/Cancelled,False,,False
208,EXACT,0,85922128,,SQUARE ONE,2013-05-02,606,squareone,ABANDONED - NO STATEMENT OF USE FILED,Dead/Abandoned,False,041,False
208,EXACT,0,85488747,4175648,SQUARE ONE,2011-12-06,710,squareone,CANCELLED - SECTION 8,Dead/Cancelled,False,,False
208,EXACT,0,85476562,4178609,SQUARE ONE,2011-11-18,710,squareone,CANCELLED - SECTION 8,Dead/Cancelled,False,,False
208,EXACT,0,85465230,4170990,SQUARE ONE,2011-11-04,710,squareone,CANCELLED - SECTION 8,Dead/Cancelled,False,,False
208,EXACT,0,85394798,4343176,SQUARE ONE,2011-08-10,710,squareone,CANCELLED - SECTION 8,Dead/Cancelled,False,,False
208,EXACT,0,85113432,4017083,SQUAREONE,2010-08-23,710,squareone,CANCELLED - SECTION 8,Dead/Cancelled,False,,False
208,EXACT,0,85108820,,SQUARE ONE,2010-08-17,606,squareone,ABANDONED - NO STATEMENT OF USE FILED,Dead/Abandoned,False,"021,028",True
208,EXACT,0,77809518,3774457,SQUARE ONE,2009-08-20,710,squareone,CANCELLED - SECTION 8,Dead/Cancelled,False,,False
208,EXACT,0,77494083,3624455,SQUARE ONE,2008-06-09,710,squareone,CANCELLED - SECTION 8,Dead/Cancelled,False,,False
208,EXACT,0,77463982,,SQUARE ONE,2008-05-02,602,squareone,ABANDONED-FAILURE TO RESPOND OR LATE RESPONSE,Dead/Abandoned,False,036,False
208,EXACT,0,77332221,3517894,SQUARE ONE,2007-11-16,710,squareone,CANCELLED - SECTION 8,Dead/Cancelled,False,,False
208,EXACT,0,78768622,3562558,SQUARE ONE,2005-12-07,710,squareone,CANCELLED - SECTION 8,Dead/Cancelled,False,,False
208,EXACT,0,78728063,,SQUARE ONE,2005-10-06,606,squareone,ABANDONED - NO STATEMENT OF USE FILED,Dead/Abandoned,False,009,False
208,EXACT,0,78979790,3413564,SQUARE ONE,2005-10-06,710,squareone,CANCELLED - SECTION 8,Dead/Cancelled,False,,False
208,EXACT,0,78711317,,SQUARE ONE,2005-09-12,602,squareone,ABANDONED-FAILURE TO RESPOND OR LATE RESPONSE,Dead/Abandoned,False,041,False
208,EXACT,0,78619043,,SQUARE ONE,2005-04-28,606,squareone,ABANDONED - NO STATEMENT OF USE FILED,Dead/Abandoned,False,009,False
208,EXACT,0,78979756,3420769,SQUARE ONE,2005-04-28,710,squareone,CANCELLED - SECTION 8,Dead/Cancelled,False,,False
208,EXACT,0,76515568,2898857,SQUARE ONE,2003-05-19,710,squareone,CANCELLED - SECTION 8,Dead/Cancelled,False,,False
208,EXACT,0,76228973,2861891,SQUARE ONE,2001-03-15,710,squareone,CANCELLED - SECTION 8,Dead/Cancelled,False,,False
208,EXACT,0,76228974,2873109,SQUARE ONE,2001-03-15,710,squareone,CANCELLED - SECTION 8,Dead/Cancelled,False,,False
208,EXACT,0,78007654,,SQUAREONE,2000-05-11,606,squareone,ABANDONED - NO STATEMENT OF USE FILED,Dead/Abandoned,False,035,True
208,EXACT,0,75776958,2518247,SQUAREONE,1999-08-16,710,squareone,CANCELLED - SECTION 8,Dead/Cancelled,False,,False
208,EXACT,0,75444007,2273874,SQUARE ONE,1998-03-03,710,squareone,CANCELLED - SECTION 8,Dead/Cancelled,False,,False
208,EXACT,0,75233001,2213348,SQUARE ONE,1997-01-29,710,squareone,CANCELLED - SECTION 8,Dead/Cancelled,False,,False
208,EXACT,0,74559058,,SQUARE ONE,1994-08-09,606,squareone,ABANDONED - NO STATEMENT OF USE FILED,Dead/Abandoned,False,,False
208,EXACT,0,74428078,1944885,SQUARE ONE,1993-08-24,710,squareone,CANCELLED - SECTION 8,Dead/Cancelled,False,,False
208,EXACT,0,74361171,1846552,SQUARE ONE,1993-02-22,710,squareone,CANCELLED - SECTION 8,Dead/Cancelled,False,,False
208,EXACT,0,74280139,1829617,SQUARE ONE,1992-06-01,710,squareone,CANCELLED - SECTION 8,Dead/Cancelled,False,,False
208,EXACT,0,74227607,,SQUARE ONE,1991-12-05,601,squareone,ABANDONED - EXPRESS,Dead/Abandoned,False,,False
208,EXACT,0,74213849,1777272,SQUARE ONE,1991-10-17,713,squareone,CANCELLED - SECTION 18,Dead/Cancelled,False,,False
208,EXACT,0,74199899,,SQUARE ONE,1991-09-03,606,squareone,ABANDONED - NO STATEMENT OF USE FILED,Dead/Abandoned,False,,False
208,EXACT,0,74056135,1651707,SQUARE ONE,1990-05-07,710,squareone,CANCELLED - SECTION 8,Dead/Cancelled,False,,False
208,EXACT,0,74008359,,SQUARE ONE,1989-12-06,602,squareone,ABANDONED-FAILURE TO RESPOND OR LATE RESPONSE,Dead/Abandoned,False,,False
208,EXACT,0,74008426,,SQUARE ONE,1989-12-06,602,squareone,ABANDONED-FAILURE TO RESPOND OR LATE RESPONSE,Dead/Abandoned,False,,False
208,EXACT,0,73815356,1594696,SQUARE ONE,1989-07-27,710,squareone,CANCELLED - SECTION 8,Dead/Cancelled,False,,False
208,EXACT,0,73807905,1593943,SQUARE ONE,1989-06-20,710,squareone,CANCELLED - SECTION 8,Dead/Cancelled,False,,False
208,EXACT,0,73611242,1432006,SQUARE ONE,1986-07-25,710,squareone,CANCELLED - SECTION 8,Dead/Cancelled,False,,False
208,EXACT,0,73486825,1325143,SQUARE ONE,1984-06-25,710,squareone,CANCELLED - SECTION 8,Dead/Cancelled,False,,False
208,EXACT,0,73374767,1255096,SQUARE ONE,1982-07-15,710,squareone,CANCELLED - SECTION 8,Dead/Cancelled,False,,False
208,EXACT,0,73340768,1218501,SQUARE ONE,1981-12-09,710,squareone,CANCELLED - SECTION 8,Dead/Cancelled,False,,False
208,EXACT,0,73318325,1214947,SQUARE ONE,1981-07-10,710,squareone,CANCELLED - SECTION 8,Dead/Cancelled,False,,False
208,NEAR_1_INSERTION,1,88927659,6221166,ESQUAREONE,2020-05-21,700,esquareone,REGISTERED,Live/Registered,True,002,False
208,NEAR_1_INSERTION,1,74185958,1711143,SQUARE CONE,1991-07-17,800,squarecone,REGISTERED AND RENEWED,Live/Registered,True,006,False
208,NEAR_1_DELETION,1,97585995,,SQUARONE,2022-09-09,602,squarone,ABANDONED-FAILURE TO RESPOND OR LATE RESPONSE,Dead/Abandoned,False,"035,036,041",True
208,NEAR_1_INSERTION,1,75126084,2105983,1 SQUARE ONE,1996-06-27,710,1squareone,CANCELLED - SECTION 8,Dead/Cancelled,False,,False
208,NEAR_1_INSERTION,1,73208654,1149593,SQUARE CONE,1979-03-23,710,squarecone,CANCELLED - SECTION 8,Dead/Cancelled,False,,False
209,EXACT,0,98835619,7887826,CLEARCUT,2024-11-04,700,clearcut,REGISTERED,Live/Registered,True,042,False
209,EXACT,0,98376085,7579424,CLEARCUT,2024-01-25,700,clearcut,REGISTERED,Live/Registered,True,021,True
209,EXACT,0,90442157,6748268,CLEAR CUT,2020-12-31,700,clearcut,REGISTERED,Live/Registered,True,"009,016",False
209,EXACT,0,90368831,7508000,CLEARCUT,2020-12-09,700,clearcut,REGISTERED,Live/Registered,True,037,False
209,EXACT,0,90006351,6584424,CLEARCUT,2020-06-17,700,clearcut,REGISTERED,Live/Registered,True,041,False
209,EXACT,0,90006370,6654534,CLEARCUT,2020-06-17,700,clearcut,REGISTERED,Live/Registered,True,"037,042",False
209,EXACT,0,88770672,6135279,CLEAR-CUT,2020-01-23,702,clearcut,SECTION 8 & 15-ACCEPTED AND ACKNOWLEDGED,Live/Registered,True,"003,017",True
209,EXACT,0,88600833,6811058,CLEARCUT,2019-08-31,700,clearcut,REGISTERED,Live/Registered,True,036,False
209,EXACT,0,86560027,5161667,CLEAR CUT,2015-03-11,702,clearcut,SECTION 8 & 15-ACCEPTED AND ACKNOWLEDGED,Live/Registered,True,021,True
209,EXACT,0,86505342,4942486,CLEARCUT,2015-01-16,800,clearcut,REGISTERED AND RENEWED,Live/Registered,True,007,False
209,EXACT,0,77856905,3803024,CLEARCUT,2009-10-26,800,clearcut,REGISTERED AND RENEWED,Live/Registered,True,016,False
209,EXACT,0,77671432,3727578,CLEARCUT,2009-02-16,800,clearcut,REGISTERED AND RENEWED,Live/Registered,True,010,True
209,EXACT,0,90637859,,CLEARCUT.,2021-04-11,606,clearcut,ABANDONED - NO STATEMENT OF USE FILED,Dead/Abandoned,False,021,True
209,EXACT,0,90006361,,CLEARCUT,2020-06-17,602,clearcut,ABANDONED-FAILURE TO RESPOND OR LATE RESPONSE,Dead/Abandoned,False,040,False
209,EXACT,0,88465493,,CLEARCUT,2019-06-09,606,clearcut,ABANDONED - NO STATEMENT OF USE FILED,Dead/Abandoned,False,010,True
209,EXACT,0,88258383,,CLEARCUT,2019-01-11,606,clearcut,ABANDONED - NO STATEMENT OF USE FILED,Dead/Abandoned,False,010,True
209,EXACT,0,88080588,,CLEAR/CUT,2018-08-16,606,clearcut,ABANDONED - NO STATEMENT OF USE FILED,Dead/Abandoned,False,045,False
209,EXACT,0,87764551,5603242,CLEARCUT,2018-01-22,710,clearcut,CANCELLED - SECTION 8,Dead/Cancelled,False,,False
209,EXACT,0,87698373,,CLEAR CUT,2017-11-27,606,clearcut,ABANDONED - NO STATEMENT OF USE FILED,Dead/Abandoned,False,033,False
209,EXACT,0,87581330,5639018,CLEAR-CUT,2017-08-23,710,clearcut,CANCELLED - SECTION 8,Dead/Cancelled,False,,False
209,EXACT,0,86815120,,CLEAR CUT,2015-11-10,606,clearcut,ABANDONED - NO STATEMENT OF USE FILED,Dead/Abandoned,False,033,False
209,EXACT,0,86751500,,CLEAR CUT,2015-09-09,606,clearcut,ABANDONED - NO STATEMENT OF USE FILED,Dead/Abandoned,False,021,True
209,EXACT,0,77643773,,CLEARCUT,2009-01-06,606,clearcut,ABANDONED - NO STATEMENT OF USE FILED,Dead/Abandoned,False,016,False
209,EXACT,0,77321223,,CLEAR CUT,2007-11-05,606,clearcut,ABANDONED - NO STATEMENT OF USE FILED,Dead/Abandoned,False,003,True
209,EXACT,0,77311899,3781629,CLEARCUT,2007-10-24,710,clearcut,CANCELLED - SECTION 8,Dead/Cancelled,False,,False
209,EXACT,0,78603460,3197523,CLEARCUT,2005-04-06,710,clearcut,CANCELLED - SECTION 8,Dead/Cancelled,False,,False
209,EXACT,0,78454822,,CLEAR CUT,2004-07-22,606,clearcut,ABANDONED - NO STATEMENT OF USE FILED,Dead/Abandoned,False,003,True
209,EXACT,0,76561360,,CLEARCUT,2003-11-21,606,clearcut,ABANDONED - NO STATEMENT OF USE FILED,Dead/Abandoned,False,009,False
209,EXACT,0,76043040,2541597,CLEAR CUT,2000-05-08,710,clearcut,CANCELLED - SECTION 8,Dead/Cancelled,False,,False
209,EXACT,0,75919591,2530590,CLEAR CUT,2000-02-10,710,clearcut,CANCELLED - SECTION 8,Dead/Cancelled,False,,False
209,EXACT,0,75703190,,CLEAR-CUT,1999-05-11,606,clearcut,ABANDONED - NO STATEMENT OF USE FILED,Dead/Abandoned,False,009,False
209,EXACT,0,75426389,,CLEARCUT,1998-01-30,602,clearcut,ABANDONED-FAILURE TO RESPOND OR LATE RESPONSE,Dead/Abandoned,False,,False
209,EXACT,0,75206836,,CLEAR CUT,1996-11-29,602,clearcut,ABANDONED-FAILURE TO RESPOND OR LATE RESPONSE,Dead/Abandoned,False,,False
209,EXACT,0,74532065,,CLEAR CUT,1994-06-01,606,clearcut,ABANDONED - NO STATEMENT OF USE FILED,Dead/Abandoned,False,,False
209,EXACT,0,74269127,,CLEAR-CUT,1992-04-27,602,clearcut,ABANDONED-FAILURE TO RESPOND OR LATE RESPONSE,Dead/Abandoned,False,,False
209,EXACT,0,73817751,1620724,CLEAR-CUT,1989-08-07,710,clearcut,CANCELLED - SECTION 8,Dead/Cancelled,False,,False
209,EXACT,0,73571221,1449108,CLEARCUT,1985-12-02,710,clearcut,CANCELLED - SECTION 8,Dead/Cancelled,False,,False
209,EXACT,0,73530181,1361606,CLEARCUT,1985-04-01,710,clearcut,CANCELLED - SECTION 8,Dead/Cancelled,False,,False
209,EXACT,0,73433705,1285230,CLEARCUT,1983-07-08,710,clearcut,CANCELLED - SECTION 8,Dead/Cancelled,False,,False
209,EXACT,0,73372798,1273716,CLEAR CUT,1982-07-02,710,clearcut,CANCELLED - SECTION 8,Dead/Cancelled,False,,False
209,EXACT,0,73355730,1238302,CLEARCUT,1982-03-22,710,clearcut,CANCELLED - SECTION 8,Dead/Cancelled,False,,False
209,EXACT,0,73211923,1197535,CLEAR-CUT,1979-07-11,710,clearcut,CANCELLED - SECTION 8,Dead/Cancelled,False,,False
209,NEAR_1_SUBSTITUTION,1,99633091,,CLEANCUT,2026-02-04,686,cleancut,PUBLISHED FOR OPPOSITION,Live/Pending,True,042,False
209,NEAR_1_SUBSTITUTION,1,99583005,,CLEARCUE,2026-01-07,686,clearcue,PUBLISHED FOR OPPOSITION,Live/Pending,True,009,False
209,NEAR_1_SUBSTITUTION,1,99453715,,CLEANCUT,2025-10-21,681,cleancut,PUBLICATION/ISSUE REVIEW COMPLETE,Live/Pending,True,"031,035",True
209,NEAR_1_SUBSTITUTION,1,99434955,,CLEANCUT,2025-10-09,688,cleancut,NOTICE OF ALLOWANCE - ISSUED,Live/Pending,True,010,True
209,NEAR_1_SUBSTITUTION,1,99090198,,CLEANCUT,2025-03-18,688,cleancut,NOTICE OF ALLOWANCE - ISSUED,Live/Pending,True,041,False
209,NEAR_1_SUBSTITUTION,1,98745465,7932925,CLEAN CUT,2024-09-11,700,cleancut,REGISTERED,Live/Registered,True,007,False
209,NEAR_1_SUBSTITUTION,1,97680693,7319814,CLEAR-CAT,2022-11-16,700,clearcat,REGISTERED,Live/Registered,True,001,False
209,NEAR_1_SUBSTITUTION,1,90506661,7547029,CLEAR OUT,2021-02-03,700,clearout,REGISTERED,Live/Registered,True,003,True
209,NEAR_1_SUBSTITUTION,1,79311213,6585584,CLEANCUT,2020-12-07,700,cleancut,REGISTERED,Live/Registered,True,"009,016,035",True
209,NEAR_1_SUBSTITUTION,1,90303817,6446231,CLEANCUT,2020-11-06,700,cleancut,REGISTERED,Live/Registered,True,021,True
209,NEAR_1_SUBSTITUTION,1,90297661,6356073,CLEAN CUT,2020-11-04,700,cleancut,REGISTERED,Live/Registered,True,003,True
209,NEAR_1_SUBSTITUTION,1,88686919,6074590,CLEAROUT,2019-11-11,700,clearout,REGISTERED,Live/Registered,True,013,False
209,NEAR_1_SUBSTITUTION,1,87827735,5580674,CLEANCUT,2018-03-09,702,cleancut,SECTION 8 & 15-ACCEPTED AND ACKNOWLEDGED,Live/Registered,True,008,False
209,NEAR_1_SUBSTITUTION,1,87453594,5664083,CLEANCUT,2017-05-17,702,cleancut,SECTION 8 & 15-ACCEPTED AND ACKNOWLEDGED,Live/Registered,True,"009,020",False
209,NEAR_1_SUBSTITUTION,1,87382134,5449827,CLEAN CUT,2017-03-22,702,cleancut,SECTION 8 & 15-ACCEPTED AND ACKNOWLEDGED,Live/Registered,True,"036,041",False
209,NEAR_1_SUBSTITUTION,1,87208624,5213324,CLEAR OUT,2016-10-19,702,clearout,SECTION 8 & 15-ACCEPTED AND ACKNOWLEDGED,Live/Registered,True,040,False
209,NEAR_1_SUBSTITUTION,1,87183572,5331090,CLEAN CUT,2016-09-26,702,cleancut,SECTION 8 & 15-ACCEPTED AND ACKNOWLEDGED,Live/Registered,True,005,True
209,NEAR_1_SUBSTITUTION,1,87127660,5262501,CLEANCUT,2016-08-04,702,cleancut,SECTION 8 & 15-ACCEPTED AND ACKNOWLEDGED,Live/Registered,True,010,True
209,NEAR_1_SUBSTITUTION,1,86611622,4934064,CLEANCUT,2015-04-27,800,cleancut,REGISTERED AND RENEWED,Live/Registered,True,011,False
209,NEAR_1_SUBSTITUTION,1,85714179,4356987,CLEAN CUT,2012-08-27,800,cleancut,REGISTERED AND RENEWED,Live/Registered,True,003,True
209,NEAR_1_SUBSTITUTION,1,85201246,4036344,CLEAN CUT,2010-12-18,800,cleancut,REGISTERED AND RENEWED,Live/Registered,True,003,True
209,NEAR_1_SUBSTITUTION,1,85077323,3934199,CLEAN CUT,2010-07-02,800,cleancut,REGISTERED AND RENEWED,Live/Registered,True,026,False
209,NEAR_1_SUBSTITUTION,1,78803533,3180914,CLEANCUT,2006-01-31,800,cleancut,REGISTERED AND RENEWED,Live/Registered,True,008,False
209,NEAR_1_SUBSTITUTION,1,76276204,2655982,CLEANCUT,2001-06-26,800,cleancut,REGISTERED AND RENEWED,Live/Registered,True,011,False
209,NEAR_1_SUBSTITUTION,1,75284021,2185125,CLEANCUT,1997-04-30,800,cleancut,REGISTERED AND RENEWED,Live/Registered,True,010,True
209,NEAR_1_SUBSTITUTION,1,75277978,2199472,CLEAN CUT,1997-04-21,800,cleancut,REGISTERED AND RENEWED,Live/Registered,True,017,False
209,NEAR_1_INSERTION,1,97264317,,CLEAR CUTS,2022-02-11,606,clearcuts,ABANDONED - NO STATEMENT OF USE FILED,Dead/Abandoned,False,008,False
209,NEAR_1_SUBSTITUTION,1,90205632,,CLEAR OUT,2020-09-24,604,clearout,ABANDONED - AFTER INTER-PARTES DECISION,Dead/Abandoned,False,,False
209,NEAR_1_SUBSTITUTION,1,88960492,,CLEAN CUT,2020-06-11,606,cleancut,ABANDONED - NO STATEMENT OF USE FILED,Dead/Abandoned,False,033,False
209,NEAR_1_SUBSTITUTION,1,88567091,,CLEAN CUT,2019-08-05,602,cleancut,ABANDONED-FAILURE TO RESPOND OR LATE RESPONSE,Dead/Abandoned,False,003,True
209,NEAR_1_SUBSTITUTION,1,87549182,,CLEANCUT,2017-07-31,602,cleancut,ABANDONED-FAILURE TO RESPOND OR LATE RESPONSE,Dead/Abandoned,False,007,False
209,NEAR_1_SUBSTITUTION,1,87549192,,CLEANCUT,2017-07-31,602,cleancut,ABANDONED-FAILURE TO RESPOND OR LATE RESPONSE,Dead/Abandoned,False,007,False
209,NEAR_1_SUBSTITUTION,1,86965386,,CLEAN CUT,2016-04-05,602,cleancut,ABANDONED-FAILURE TO RESPOND OR LATE RESPONSE,Dead/Abandoned,False,021,True
209,NEAR_1_SUBSTITUTION,1,86950591,,CLEANCUT,2016-03-23,602,cleancut,ABANDONED-FAILURE TO RESPOND OR LATE RESPONSE,Dead/Abandoned,False,003,True
209,NEAR_1_SUBSTITUTION,1,86943843,,CLEAR OUT,2016-03-17,602,clearout,ABANDONED-FAILURE TO RESPOND OR LATE RESPONSE,Dead/Abandoned,False,003,True
209,NEAR_1_SUBSTITUTION,1,86924339,5278283,CLEAN & CUT,2016-03-01,710,cleancut,CANCELLED - SECTION 8,Dead/Cancelled,False,,False
209,NEAR_1_SUBSTITUTION,1,79183148,,CLEANCUT,2015-12-04,602,cleancut,ABANDONED-FAILURE TO RESPOND OR LATE RESPONSE,Dead/Abandoned,False,,False
209,NEAR_1_DELETION,1,86446275,,CLEARCT,2014-11-06,606,clearct,ABANDONED - NO STATEMENT OF USE FILED,Dead/Abandoned,False,009,False
209,NEAR_1_SUBSTITUTION,1,86105907,,CLEANCUT,2013-10-30,602,cleancut,ABANDONED-FAILURE TO RESPOND OR LATE RESPONSE,Dead/Abandoned,False,"006,007,012,037,039,040,042",False
209,NEAR_1_SUBSTITUTION,1,85792515,,CLEAR OUT,2012-12-02,602,clearout,ABANDONED-FAILURE TO RESPOND OR LATE RESPONSE,Dead/Abandoned,False,003,True
209,NEAR_1_SUBSTITUTION,1,85603658,4306686,CLEANCUT,2012-04-20,710,cleancut,CANCELLED - SECTION 8,Dead/Cancelled,False,,False
209,NEAR_1_SUBSTITUTION,1,77877362,3824302,CLEANCUT,2009-11-20,710,cleancut,CANCELLED - SECTION 8,Dead/Cancelled,False,,False
209,NEAR_1_INSERTION,1,77734363,3951438,CLEARCUTT,2009-05-11,710,clearcutt,CANCELLED - SECTION 8,Dead/Cancelled,False,,False
209,NEAR_1_SUBSTITUTION,1,77543476,,CLEAT CUT,2008-08-11,606,cleatcut,ABANDONED - NO STATEMENT OF USE FILED,Dead/Abandoned,False,025,False
209,NEAR_1_SUBSTITUTION,1,78869218,3524248,CLEAN CUT,2006-04-25,710,cleancut,CANCELLED - SECTION 8,Dead/Cancelled,False,,False
209,NEAR_1_SUBSTITUTION,1,78689707,3372882,CLEAN CUT!,2005-08-10,710,cleancut,CANCELLED - SECTION 8,Dead/Cancelled,False,,False
209,NEAR_1_SUBSTITUTION,1,76630892,3178688,CLEAN CUT,2005-02-10,710,cleancut,CANCELLED - SECTION 8,Dead/Cancelled,False,,False
209,NEAR_1_SUBSTITUTION,1,78363029,3010630,CLEAN CUT,2004-02-05,710,cleancut,CANCELLED - SECTION 8,Dead/Cancelled,False,,False
209,NEAR_1_SUBSTITUTION,1,76552344,,CLEAN-CUT,2003-10-17,601,cleancut,ABANDONED - EXPRESS,Dead/Abandoned,False,007,False
209,NEAR_1_SUBSTITUTION,1,76529387,,CLEAN CUT,2003-07-03,606,cleancut,ABANDONED - NO STATEMENT OF USE FILED,Dead/Abandoned,False,021,True
209,NEAR_1_SUBSTITUTION,1,76500379,2849033,CLEANCUT,2003-03-18,710,cleancut,CANCELLED - SECTION 8,Dead/Cancelled,False,,False
209,NEAR_1_SUBSTITUTION,1,78170077,2908186,CLEAN CUT,2002-10-02,710,cleancut,CANCELLED - SECTION 8,Dead/Cancelled,False,,False
209,NEAR_1_SUBSTITUTION,1,78150986,2785074,CLEAN CUT,2002-08-05,710,cleancut,CANCELLED - SECTION 8,Dead/Cancelled,False,,False
209,NEAR_1_SUBSTITUTION,1,78082082,2666577,CLEAN-CUT,2001-08-31,710,cleancut,CANCELLED - SECTION 8,Dead/Cancelled,False,,False
209,NEAR_1_SUBSTITUTION,1,78013518,2570161,CLEAN CUT,2000-06-20,710,cleancut,CANCELLED - SECTION 8,Dead/Cancelled,False,,False
209,NEAR_1_SUBSTITUTION,1,76060090,2694471,CLEANCUT,2000-05-31,710,cleancut,CANCELLED - SECTION 8,Dead/Cancelled,False,,False
209,NEAR_1_SUBSTITUTION,1,76059133,2694470,CLEANCUT,2000-05-30,710,cleancut,CANCELLED - SECTION 8,Dead/Cancelled,False,,False
209,NEAR_1_SUBSTITUTION,1,75798295,,CLEAR OUT,1999-09-14,602,clearout,ABANDONED-FAILURE TO RESPOND OR LATE RESPONSE,Dead/Abandoned,False,003,True
209,NEAR_1_SUBSTITUTION,1,75694031,2962699,CLEANCUT,1999-04-30,710,cleancut,CANCELLED - SECTION 8,Dead/Cancelled,False,,False
209,NEAR_1_SUBSTITUTION,1,75588972,2304165,CLEANCUT,1998-11-16,710,cleancut,CANCELLED - SECTION 8,Dead/Cancelled,False,,False
209,NEAR_1_SUBSTITUTION,1,75528517,,CLEAN CUT,1998-07-31,602,cleancut,ABANDONED-FAILURE TO RESPOND OR LATE RESPONSE,Dead/Abandoned,False,021,True
209,NEAR_1_SUBSTITUTION,1,75355044,2182490,CLEAN-CUT,1997-09-11,710,cleancut,CANCELLED - SECTION 8,Dead/Cancelled,False,,False
209,NEAR_1_SUBSTITUTION,1,75324160,2574801,CLEAROUT,1997-07-14,710,clearout,CANCELLED - SECTION 8,Dead/Cancelled,False,,False
209,NEAR_1_SUBSTITUTION,1,75194444,2122569,CLEAN-CUT,1996-11-07,710,cleancut,CANCELLED - SECTION 8,Dead/Cancelled,False,,False
209,NEAR_1_SUBSTITUTION,1,75047814,2080899,CLEAN CUT,1996-01-24,710,cleancut,CANCELLED - SECTION 8,Dead/Cancelled,False,,False
209,NEAR_1_SUBSTITUTION,1,75047815,2080900,CLEAN CUT,1996-01-24,710,cleancut,CANCELLED - SECTION 8,Dead/Cancelled,False,,False
209,NEAR_1_SUBSTITUTION,1,75047816,2080901,CLEAN CUT,1996-01-24,710,cleancut,CANCELLED - SECTION 8,Dead/Cancelled,False,,False
209,NEAR_1_SUBSTITUTION,1,75047817,2080902,CLEAN CUT,1996-01-24,710,cleancut,CANCELLED - SECTION 8,Dead/Cancelled,False,,False
209,NEAR_1_SUBSTITUTION,1,74729340,,CLEAN-CUT,1995-09-15,606,cleancut,ABANDONED - NO STATEMENT OF USE FILED,Dead/Abandoned,False,,False
209,NEAR_1_INSERTION,1,74616663,1981721,CLEARCUT 2,1994-12-19,710,clearcut2,CANCELLED - SECTION 8,Dead/Cancelled,False,,False
209,NEAR_1_SUBSTITUTION,1,74435939,1841596,CLEAR-OUT,1993-09-15,710,clearout,CANCELLED - SECTION 8,Dead/Cancelled,False,,False
209,NEAR_1_SUBSTITUTION,1,74411001,,CLEANCUT,1993-07-12,602,cleancut,ABANDONED-FAILURE TO RESPOND OR LATE RESPONSE,Dead/Abandoned,False,,False
209,NEAR_1_SUBSTITUTION,1,74397982,1867717,CLEAN CUT,1993-06-07,710,cleancut,CANCELLED - SECTION 8,Dead/Cancelled,False,,False
209,NEAR_1_SUBSTITUTION,1,74269130,,CLEAN-CUT,1992-04-27,602,cleancut,ABANDONED-FAILURE TO RESPOND OR LATE RESPONSE,Dead/Abandoned,False,,False
209,NEAR_1_INSERTION,1,74210370,1777333,CLEAR CUTS,1991-10-07,710,clearcuts,CANCELLED - SECTION 8,Dead/Cancelled,False,,False
209,NEAR_1_SUBSTITUTION,1,74187298,1740484,CLEAR OUT,1991-07-22,710,clearout,CANCELLED - SECTION 8,Dead/Cancelled,False,,False
209,NEAR_1_SUBSTITUTION,1,74021016,1709496,CLEAN CUT,1990-01-22,710,cleancut,CANCELLED - SECTION 8,Dead/Cancelled,False,,False
209,NEAR_1_SUBSTITUTION,1,73814005,1585644,CLEAN-CUT,1989-07-21,710,cleancut,CANCELLED - SECTION 8,Dead/Cancelled,False,,False
209,NEAR_1_SUBSTITUTION,1,73672136,1477264,CLEAR-OUT,1987-07-15,710,clearout,CANCELLED - SECTION 8,Dead/Cancelled,False,,False
209,NEAR_1_SUBSTITUTION,1,73660698,1502811,CLEAN CUT,1987-05-14,710,cleancut,CANCELLED - SECTION 8,Dead/Cancelled,False,,False
209,NEAR_1_SUBSTITUTION,1,73382849,1241669,CLEAN-CUT,1982-08-30,710,cleancut,CANCELLED - SECTION 8,Dead/Cancelled,False,,False
209,NEAR_1_SUBSTITUTION,1,73221488,1146998,CLEAN-CUT,1979-06-28,710,cleancut,CANCELLED - SECTION 8,Dead/Cancelled,False,,False
209,NEAR_1_SUBSTITUTION,1,73165846,1128151,CLEAN-CUT,1978-04-10,900,cleancut,EXPIRED,Dead/Expired,False,,False
210,EXACT,0,99633091,,CLEANCUT,2026-02-04,686,cleancut,PUBLISHED FOR OPPOSITION,Live/Pending,True,042,False
210,EXACT,0,99453715,,CLEANCUT,2025-10-21,681,cleancut,PUBLICATION/ISSUE REVIEW COMPLETE,Live/Pending,True,"031,035",True
210,EXACT,0,99434955,,CLEANCUT,2025-10-09,688,cleancut,NOTICE OF ALLOWANCE - ISSUED,Live/Pending,True,010,True
210,EXACT,0,99090198,,CLEANCUT,2025-03-18,688,cleancut,NOTICE OF ALLOWANCE - ISSUED,Live/Pending,True,041,False
210,EXACT,0,98745465,7932925,CLEAN CUT,2024-09-11,700,cleancut,REGISTERED,Live/Registered,True,007,False
210,EXACT,0,79311213,6585584,CLEANCUT,2020-12-07,700,cleancut,REGISTERED,Live/Registered,True,"009,016,035",True
210,EXACT,0,90303817,6446231,CLEANCUT,2020-11-06,700,cleancut,REGISTERED,Live/Registered,True,021,True
210,EXACT,0,90297661,6356073,CLEAN CUT,2020-11-04,700,cleancut,REGISTERED,Live/Registered,True,003,True
210,EXACT,0,87827735,5580674,CLEANCUT,2018-03-09,702,cleancut,SECTION 8 & 15-ACCEPTED AND ACKNOWLEDGED,Live/Registered,True,008,False
210,EXACT,0,87453594,5664083,CLEANCUT,2017-05-17,702,cleancut,SECTION 8 & 15-ACCEPTED AND ACKNOWLEDGED,Live/Registered,True,"009,020",False
210,EXACT,0,87382134,5449827,CLEAN CUT,2017-03-22,702,cleancut,SECTION 8 & 15-ACCEPTED AND ACKNOWLEDGED,Live/Registered,True,"036,041",False
210,EXACT,0,87183572,5331090,CLEAN CUT,2016-09-26,702,cleancut,SECTION 8 & 15-ACCEPTED AND ACKNOWLEDGED,Live/Registered,True,005,True
210,EXACT,0,87127660,5262501,CLEANCUT,2016-08-04,702,cleancut,SECTION 8 & 15-ACCEPTED AND ACKNOWLEDGED,Live/Registered,True,010,True
210,EXACT,0,86611622,4934064,CLEANCUT,2015-04-27,800,cleancut,REGISTERED AND RENEWED,Live/Registered,True,011,False
210,EXACT,0,85714179,4356987,CLEAN CUT,2012-08-27,800,cleancut,REGISTERED AND RENEWED,Live/Registered,True,003,True
210,EXACT,0,85201246,4036344,CLEAN CUT,2010-12-18,800,cleancut,REGISTERED AND RENEWED,Live/Registered,True,003,True
210,EXACT,0,85077323,3934199,CLEAN CUT,2010-07-02,800,cleancut,REGISTERED AND RENEWED,Live/Registered,True,026,False
210,EXACT,0,78803533,3180914,CLEANCUT,2006-01-31,800,cleancut,REGISTERED AND RENEWED,Live/Registered,True,008,False
210,EXACT,0,76276204,2655982,CLEANCUT,2001-06-26,800,cleancut,REGISTERED AND RENEWED,Live/Registered,True,011,False
210,EXACT,0,75284021,2185125,CLEANCUT,1997-04-30,800,cleancut,REGISTERED AND RENEWED,Live/Registered,True,010,True
210,EXACT,0,75277978,2199472,CLEAN CUT,1997-04-21,800,cleancut,REGISTERED AND RENEWED,Live/Registered,True,017,False
210,EXACT,0,88960492,,CLEAN CUT,2020-06-11,606,cleancut,ABANDONED - NO STATEMENT OF USE FILED,Dead/Abandoned,False,033,False
210,EXACT,0,88567091,,CLEAN CUT,2019-08-05,602,cleancut,ABANDONED-FAILURE TO RESPOND OR LATE RESPONSE,Dead/Abandoned,False,003,True
210,EXACT,0,87549182,,CLEANCUT,2017-07-31,602,cleancut,ABANDONED-FAILURE TO RESPOND OR LATE RESPONSE,Dead/Abandoned,False,007,False
210,EXACT,0,87549192,,CLEANCUT,2017-07-31,602,cleancut,ABANDONED-FAILURE TO RESPOND OR LATE RESPONSE,Dead/Abandoned,False,007,False
210,EXACT,0,86965386,,CLEAN CUT,2016-04-05,602,cleancut,ABANDONED-FAILURE TO RESPOND OR LATE RESPONSE,Dead/Abandoned,False,021,True
210,EXACT,0,86950591,,CLEANCUT,2016-03-23,602,cleancut,ABANDONED-FAILURE TO RESPOND OR LATE RESPONSE,Dead/Abandoned,False,003,True
210,EXACT,0,86924339,5278283,CLEAN & CUT,2016-03-01,710,cleancut,CANCELLED - SECTION 8,Dead/Cancelled,False,,False
210,EXACT,0,79183148,,CLEANCUT,2015-12-04,602,cleancut,ABANDONED-FAILURE TO RESPOND OR LATE RESPONSE,Dead/Abandoned,False,,False
210,EXACT,0,86105907,,CLEANCUT,2013-10-30,602,cleancut,ABANDONED-FAILURE TO RESPOND OR LATE RESPONSE,Dead/Abandoned,False,"006,007,012,037,039,040,042",False
210,EXACT,0,85603658,4306686,CLEANCUT,2012-04-20,710,cleancut,CANCELLED - SECTION 8,Dead/Cancelled,False,,False
210,EXACT,0,77877362,3824302,CLEANCUT,2009-11-20,710,cleancut,CANCELLED - SECTION 8,Dead/Cancelled,False,,False
210,EXACT,0,78869218,3524248,CLEAN CUT,2006-04-25,710,cleancut,CANCELLED - SECTION 8,Dead/Cancelled,False,,False
210,EXACT,0,78689707,3372882,CLEAN CUT!,2005-08-10,710,cleancut,CANCELLED - SECTION 8,Dead/Cancelled,False,,False
210,EXACT,0,76630892,3178688,CLEAN CUT,2005-02-10,710,cleancut,CANCELLED - SECTION 8,Dead/Cancelled,False,,False
210,EXACT,0,78363029,3010630,CLEAN CUT,2004-02-05,710,cleancut,CANCELLED - SECTION 8,Dead/Cancelled,False,,False
210,EXACT,0,76552344,,CLEAN-CUT,2003-10-17,601,cleancut,ABANDONED - EXPRESS,Dead/Abandoned,False,007,False
210,EXACT,0,76529387,,CLEAN CUT,2003-07-03,606,cleancut,ABANDONED - NO STATEMENT OF USE FILED,Dead/Abandoned,False,021,True
210,EXACT,0,76500379,2849033,CLEANCUT,2003-03-18,710,cleancut,CANCELLED - SECTION 8,Dead/Cancelled,False,,False
210,EXACT,0,78170077,2908186,CLEAN CUT,2002-10-02,710,cleancut,CANCELLED - SECTION 8,Dead/Cancelled,False,,False
210,EXACT,0,78150986,2785074,CLEAN CUT,2002-08-05,710,cleancut,CANCELLED - SECTION 8,Dead/Cancelled,False,,False
210,EXACT,0,78082082,2666577,CLEAN-CUT,2001-08-31,710,cleancut,CANCELLED - SECTION 8,Dead/Cancelled,False,,False
210,EXACT,0,78013518,2570161,CLEAN CUT,2000-06-20,710,cleancut,CANCELLED - SECTION 8,Dead/Cancelled,False,,False
210,EXACT,0,76060090,2694471,CLEANCUT,2000-05-31,710,cleancut,CANCELLED - SECTION 8,Dead/Cancelled,False,,False
210,EXACT,0,76059133,2694470,CLEANCUT,2000-05-30,710,cleancut,CANCELLED - SECTION 8,Dead/Cancelled,False,,False
210,EXACT,0,75694031,2962699,CLEANCUT,1999-04-30,710,cleancut,CANCELLED - SECTION 8,Dead/Cancelled,False,,False
210,EXACT,0,75588972,2304165,CLEANCUT,1998-11-16,710,cleancut,CANCELLED - SECTION 8,Dead/Cancelled,False,,False
210,EXACT,0,75528517,,CLEAN CUT,1998-07-31,602,cleancut,ABANDONED-FAILURE TO RESPOND OR LATE RESPONSE,Dead/Abandoned,False,021,True
210,EXACT,0,75355044,2182490,CLEAN-CUT,1997-09-11,710,cleancut,CANCELLED - SECTION 8,Dead/Cancelled,False,,False
210,EXACT,0,75194444,2122569,CLEAN-CUT,1996-11-07,710,cleancut,CANCELLED - SECTION 8,Dead/Cancelled,False,,False
210,EXACT,0,75047814,2080899,CLEAN CUT,1996-01-24,710,cleancut,CANCELLED - SECTION 8,Dead/Cancelled,False,,False
210,EXACT,0,75047815,2080900,CLEAN CUT,1996-01-24,710,cleancut,CANCELLED - SECTION 8,Dead/Cancelled,False,,False
210,EXACT,0,75047816,2080901,CLEAN CUT,1996-01-24,710,cleancut,CANCELLED - SECTION 8,Dead/Cancelled,False,,False
210,EXACT,0,75047817,2080902,CLEAN CUT,1996-01-24,710,cleancut,CANCELLED - SECTION 8,Dead/Cancelled,False,,False
210,EXACT,0,74729340,,CLEAN-CUT,1995-09-15,606,cleancut,ABANDONED - NO STATEMENT OF USE FILED,Dead/Abandoned,False,,False
210,EXACT,0,74411001,,CLEANCUT,1993-07-12,602,cleancut,ABANDONED-FAILURE TO RESPOND OR LATE RESPONSE,Dead/Abandoned,False,,False
210,EXACT,0,74397982,1867717,CLEAN CUT,1993-06-07,710,cleancut,CANCELLED - SECTION 8,Dead/Cancelled,False,,False
210,EXACT,0,74269130,,CLEAN-CUT,1992-04-27,602,cleancut,ABANDONED-FAILURE TO RESPOND OR LATE RESPONSE,Dead/Abandoned,False,,False
210,EXACT,0,74021016,1709496,CLEAN CUT,1990-01-22,710,cleancut,CANCELLED - SECTION 8,Dead/Cancelled,False,,False
210,EXACT,0,73814005,1585644,CLEAN-CUT,1989-07-21,710,cleancut,CANCELLED - SECTION 8,Dead/Cancelled,False,,False
210,EXACT,0,73660698,1502811,CLEAN CUT,1987-05-14,710,cleancut,CANCELLED - SECTION 8,Dead/Cancelled,False,,False
210,EXACT,0,73382849,1241669,CLEAN-CUT,1982-08-30,710,cleancut,CANCELLED - SECTION 8,Dead/Cancelled,False,,False
210,EXACT,0,73221488,1146998,CLEAN-CUT,1979-06-28,710,cleancut,CANCELLED - SECTION 8,Dead/Cancelled,False,,False
210,EXACT,0,73165846,1128151,CLEAN-CUT,1978-04-10,900,cleancut,EXPIRED,Dead/Expired,False,,False
210,NEAR_1_SUBSTITUTION,1,98835619,7887826,CLEARCUT,2024-11-04,700,clearcut,REGISTERED,Live/Registered,True,042,False
210,NEAR_1_INSERTION,1,98758462,,CLEAN CULT,2024-09-19,731,cleancult,SECOND EXTENSION - GRANTED,Live/Pending,True,016,False
210,NEAR_1_INSERTION,1,98758469,,CLEAN CULT,2024-09-19,731,cleancult,SECOND EXTENSION - GRANTED,Live/Pending,True,016,False
210,NEAR_1_INSERTION,1,98608591,7774771,CLEANCUTZ,2024-06-19,700,cleancutz,REGISTERED,Live/Registered,True,044,True
210,NEAR_1_SUBSTITUTION,1,98376085,7579424,CLEARCUT,2024-01-25,700,clearcut,REGISTERED,Live/Registered,True,021,True
210,NEAR_1_INSERTION,1,97634600,7157299,CLEAN CULT,2022-10-17,700,cleancult,REGISTERED,Live/Registered,True,"003,021",True
210,NEAR_1_INSERTION,1,97374187,7042800,CLEANCULT,2022-04-21,700,cleancult,REGISTERED,Live/Registered,True,"003,005,021",True
210,NEAR_1_SUBSTITUTION,1,90442157,6748268,CLEAR CUT,2020-12-31,700,clearcut,REGISTERED,Live/Registered,True,"009,016",False
210,NEAR_1_SUBSTITUTION,1,90368831,7508000,CLEARCUT,2020-12-09,700,clearcut,REGISTERED,Live/Registered,True,037,False
210,NEAR_1_SUBSTITUTION,1,90303235,6611253,CLEAN CAT,2020-11-06,700,cleancat,REGISTERED,Live/Registered,True,021,True
210,NEAR_1_SUBSTITUTION,1,79300393,6522690,CLEAN OUT,2020-10-20,700,cleanout,REGISTERED,Live/Registered,True,019,False
210,NEAR_1_SUBSTITUTION,1,90212050,6413169,CLEAN NUT,2020-09-25,700,cleannut,REGISTERED,Live/Registered,True,028,False
210,NEAR_1_SUBSTITUTION,1,90006351,6584424,CLEARCUT,2020-06-17,700,clearcut,REGISTERED,Live/Registered,True,041,False
210,NEAR_1_SUBSTITUTION,1,90006370,6654534,CLEARCUT,2020-06-17,700,clearcut,REGISTERED,Live/Registered,True,"037,042",False
210,NEAR_1_INSERTION,1,88891237,6199569,CLEANCULT,2020-04-28,700,cleancult,REGISTERED,Live/Registered,True,"035,041",True
210,NEAR_1_SUBSTITUTION,1,88770672,6135279,CLEAR-CUT,2020-01-23,702,clearcut,SECTION 8 & 15-ACCEPTED AND ACKNOWLEDGED,Live/Registered,True,"003,017",True
210,NEAR_1_SUBSTITUTION,1,88725342,6100204,CLEAN CUB,2019-12-12,700,cleancub,REGISTERED,Live/Registered,True,025,False
210,NEAR_1_INSERTION,1,88621107,6046195,CLEANCULT,2019-09-18,700,cleancult,REGISTERED,Live/Registered,True,003,True
210,NEAR_1_SUBSTITUTION,1,88600833,6811058,CLEARCUT,2019-08-31,700,clearcut,REGISTERED,Live/Registered,True,036,False
210,NEAR_1_INSERTION,1,88387123,5998419,CLEAN & CUTE,2019-04-16,700,cleancute,REGISTERED,Live/Registered,True,003,True
210,NEAR_1_INSERTION,1,87530893,5411748,CLEANCULT,2017-07-17,702,cleancult,SECTION 8 & 15-ACCEPTED AND ACKNOWLEDGED,Live/Registered,True,003,True
210,NEAR_1_SUBSTITUTION,1,87259405,5692239,CLEAN KUT,2016-12-06,702,cleankut,SECTION 8 & 15-ACCEPTED AND ACKNOWLEDGED,Live/Registered,True,007,False
210,NEAR_1_SUBSTITUTION,1,86560027,5161667,CLEAR CUT,2015-03-11,702,clearcut,SECTION 8 & 15-ACCEPTED AND ACKNOWLEDGED,Live/Registered,True,021,True
210,NEAR_1_SUBSTITUTION,1,86505342,4942486,CLEARCUT,2015-01-16,800,clearcut,REGISTERED AND RENEWED,Live/Registered,True,007,False
210,NEAR_1_SUBSTITUTION,1,77856905,3803024,CLEARCUT,2009-10-26,800,clearcut,REGISTERED AND RENEWED,Live/Registered,True,016,False
210,NEAR_1_SUBSTITUTION,1,77671432,3727578,CLEARCUT,2009-02-16,800,clearcut,REGISTERED AND RENEWED,Live/Registered,True,010,True
210,NEAR_1_SUBSTITUTION,1,74572150,1986241,CLEAN OUT,1994-09-12,800,cleanout,REGISTERED AND RENEWED,Live/Registered,True,005,True
210,NEAR_1_DELETION,1,72262169,0843574,LEAN-CUT,1967-01-09,800,leancut,REGISTERED AND RENEWED,Live/Registered,True,005,True
210,NEAR_1_SUBSTITUTION,1,90637859,,CLEARCUT.,2021-04-11,606,clearcut,ABANDONED - NO STATEMENT OF USE FILED,Dead/Abandoned,False,021,True
210,NEAR_1_SUBSTITUTION,1,90501121,,CLEAN - CAT,2021-02-01,606,cleancat,ABANDONED - NO STATEMENT OF USE FILED,Dead/Abandoned,False,021,True
210,NEAR_1_SUBSTITUTION,1,90006361,,CLEARCUT,2020-06-17,602,clearcut,ABANDONED-FAILURE TO RESPOND OR LATE RESPONSE,Dead/Abandoned,False,040,False
210,NEAR_1_SUBSTITUTION,1,88923548,,CLEANCAT,2020-05-19,604,cleancat,ABANDONED - AFTER INTER-PARTES DECISION,Dead/Abandoned,False,,False
210,NEAR_1_SUBSTITUTION,1,88465493,,CLEARCUT,2019-06-09,606,clearcut,ABANDONED - NO STATEMENT OF USE FILED,Dead/Abandoned,False,010,True
210,NEAR_1_SUBSTITUTION,1,88428479,,CLEAN CUB,2019-05-14,602,cleancub,ABANDONED-FAILURE TO RESPOND OR LATE RESPONSE,Dead/Abandoned,False,025,False
210,NEAR_1_SUBSTITUTION,1,88300470,,CLEANOUT,2019-02-13,606,cleanout,ABANDONED - NO STATEMENT OF USE FILED,Dead/Abandoned,False,001,False
210,NEAR_1_SUBSTITUTION,1,88258383,,CLEARCUT,2019-01-11,606,clearcut,ABANDONED - NO STATEMENT OF USE FILED,Dead/Abandoned,False,010,True
210,NEAR_1_SUBSTITUTION,1,88080588,,CLEAR/CUT,2018-08-16,606,clearcut,ABANDONED - NO STATEMENT OF USE FILED,Dead/Abandoned,False,045,False
210,NEAR_1_SUBSTITUTION,1,87800815,5671710,CLEAN OUT,2018-02-16,710,cleanout,CANCELLED - SECTION 8,Dead/Cancelled,False,,False
210,NEAR_1_SUBSTITUTION,1,87764551,5603242,CLEARCUT,2018-01-22,710,clearcut,CANCELLED - SECTION 8,Dead/Cancelled,False,,False
210,NEAR_1_SUBSTITUTION,1,87698373,,CLEAR CUT,2017-11-27,606,clearcut,ABANDONED - NO STATEMENT OF USE FILED,Dead/Abandoned,False,033,False
210,NEAR_1_SUBSTITUTION,1,87581330,5639018,CLEAR-CUT,2017-08-23,710,clearcut,CANCELLED - SECTION 8,Dead/Cancelled,False,,False
210,NEAR_1_SUBSTITUTION,1,87486843,5542245,CLEANOUT,2017-06-13,710,cleanout,CANCELLED - SECTION 8,Dead/Cancelled,False,,False
210,NEAR_1_INSERTION,1,79183149,5000841,CLEANCUT-A,2015-12-04,404,cleancuta,IR CANCELLED; US REGISTRATION CANCELLED,Dead/Cancelled,False,,False
210,NEAR_1_SUBSTITUTION,1,86815120,,CLEAR CUT,2015-11-10,606,clearcut,ABANDONED - NO STATEMENT OF USE FILED,Dead/Abandoned,False,033,False
210,NEAR_1_SUBSTITUTION,1,86751500,,CLEAR CUT,2015-09-09,606,clearcut,ABANDONED - NO STATEMENT OF USE FILED,Dead/Abandoned,False,021,True
210,NEAR_1_INSERTION,1,86060272,,CLEAN-CUTS,2013-09-10,602,cleancuts,ABANDONED-FAILURE TO RESPOND OR LATE RESPONSE,Dead/Abandoned,False,007,False
210,NEAR_1_SUBSTITUTION,1,85012633,,CLEAN OUT,2010-04-13,606,cleanout,ABANDONED - NO STATEMENT OF USE FILED,Dead/Abandoned,False,005,True
210,NEAR_1_SUBSTITUTION,1,77643773,,CLEARCUT,2009-01-06,606,clearcut,ABANDONED - NO STATEMENT OF USE FILED,Dead/Abandoned,False,016,False
210,NEAR_1_SUBSTITUTION,1,77543476,,CLEAT CUT,2008-08-11,606,cleatcut,ABANDONED - NO STATEMENT OF USE FILED,Dead/Abandoned,False,025,False
210,NEAR_1_SUBSTITUTION,1,77321223,,CLEAR CUT,2007-11-05,606,clearcut,ABANDONED - NO STATEMENT OF USE FILED,Dead/Abandoned,False,003,True
210,NEAR_1_SUBSTITUTION,1,77311899,3781629,CLEARCUT,2007-10-24,710,clearcut,CANCELLED - SECTION 8,Dead/Cancelled,False,,False
210,NEAR_1_INSERTION,1,77130627,,CLEAN-CUTS,2007-03-14,602,cleancuts,ABANDONED-FAILURE TO RESPOND OR LATE RESPONSE,Dead/Abandoned,False,007,False
210,NEAR_1_SUBSTITUTION,1,79038540,,CLEANCAT,2006-12-22,402,cleancat,IR CANCELLED; US APPLICATION ABANDONED,Dead/Abandoned,False,,False
210,NEAR_1_SUBSTITUTION,1,78873009,,CLEAN OUT,2006-04-30,606,cleanout,ABANDONED - NO STATEMENT OF USE FILED,Dead/Abandoned,False,005,True
210,NEAR_1_SUBSTITUTION,1,78603460,3197523,CLEARCUT,2005-04-06,710,clearcut,CANCELLED - SECTION 8,Dead/Cancelled,False,,False
210,NEAR_1_SUBSTITUTION,1,78504958,,CLEANCUP,2004-10-25,602,cleancup,ABANDONED-FAILURE TO RESPOND OR LATE RESPONSE,Dead/Abandoned,False,010,True
210,NEAR_1_SUBSTITUTION,1,78454822,,CLEAR CUT,2004-07-22,606,clearcut,ABANDONED - NO STATEMENT OF USE FILED,Dead/Abandoned,False,003,True
210,NEAR_1_INSERTION,1,76564350,2918614,CLEAN CUTS,2003-11-24,710,cleancuts,CANCELLED - SECTION 8,Dead/Cancelled,False,,False
210,NEAR_1_SUBSTITUTION,1,76561360,,CLEARCUT,2003-11-21,606,clearcut,ABANDONED - NO STATEMENT OF USE FILED,Dead/Abandoned,False,009,False
210,NEAR_1_SUBSTITUTION,1,78216486,,CLEANOUT,2003-02-19,602,cleanout,ABANDONED-FAILURE TO RESPOND OR LATE RESPONSE,Dead/Abandoned,False,005,True
210,NEAR_1_SUBSTITUTION,1,76043040,2541597,CLEAR CUT,2000-05-08,710,clearcut,CANCELLED - SECTION 8,Dead/Cancelled,False,,False
210,NEAR_1_SUBSTITUTION,1,76038159,,CLEANOUT,2000-05-01,602,cleanout,ABANDONED-FAILURE TO RESPOND OR LATE RESPONSE,Dead/Abandoned,False,"001,040",False
210,NEAR_1_SUBSTITUTION,1,75919591,2530590,CLEAR CUT,2000-02-10,710,clearcut,CANCELLED - SECTION 8,Dead/Cancelled,False,,False
210,NEAR_1_SUBSTITUTION,1,75703190,,CLEAR-CUT,1999-05-11,606,clearcut,ABANDONED - NO STATEMENT OF USE FILED,Dead/Abandoned,False,009,False
210,NEAR_1_SUBSTITUTION,1,75426389,,CLEARCUT,1998-01-30,602,clearcut,ABANDONED-FAILURE TO RESPOND OR LATE RESPONSE,Dead/Abandoned,False,,False
210,NEAR_1_SUBSTITUTION,1,75295049,,KLEAN CUT,1997-05-20,602,kleancut,ABANDONED-FAILURE TO RESPOND OR LATE RESPONSE,Dead/Abandoned,False,,False
210,NEAR_1_SUBSTITUTION,1,75206836,,CLEAR CUT,1996-11-29,602,clearcut,ABANDONED-FAILURE TO RESPOND OR LATE RESPONSE,Dead/Abandoned,False,,False
210,NEAR_1_SUBSTITUTION,1,75055583,,CLEANCAT,1996-02-09,604,cleancat,ABANDONED - AFTER INTER-PARTES DECISION,Dead/Abandoned,False,,False
210,NEAR_1_SUBSTITUTION,1,74532065,,CLEAR CUT,1994-06-01,606,clearcut,ABANDONED - NO STATEMENT OF USE FILED,Dead/Abandoned,False,,False
210,NEAR_1_SUBSTITUTION,1,74508861,1928708,CLEAN CAT,1994-04-04,711,cleancat,CANCELLED - SECTION 7,Dead/Cancelled,False,,False
210,NEAR_1_SUBSTITUTION,1,74423141,1885536,CLEAN OUT,1993-08-11,710,cleanout,CANCELLED - SECTION 8,Dead/Cancelled,False,,False
210,NEAR_1_SUBSTITUTION,1,74269127,,CLEAR-CUT,1992-04-27,602,clearcut,ABANDONED-FAILURE TO RESPOND OR LATE RESPONSE,Dead/Abandoned,False,,False
210,NEAR_1_SUBSTITUTION,1,73817751,1620724,CLEAR-CUT,1989-08-07,710,clearcut,CANCELLED - SECTION 8,Dead/Cancelled,False,,False
210,NEAR_1_SUBSTITUTION,1,73640216,1452893,CLEAN-OUT,1987-01-16,710,cleanout,CANCELLED - SECTION 8,Dead/Cancelled,False,,False
210,NEAR_1_SUBSTITUTION,1,73571221,1449108,CLEARCUT,1985-12-02,710,clearcut,CANCELLED - SECTION 8,Dead/Cancelled,False,,False
210,NEAR_1_SUBSTITUTION,1,73530181,1361606,CLEARCUT,1985-04-01,710,clearcut,CANCELLED - SECTION 8,Dead/Cancelled,False,,False
210,NEAR_1_SUBSTITUTION,1,73467987,1311805,CLEAN OUT,1984-02-29,710,cleanout,CANCELLED - SECTION 8,Dead/Cancelled,False,,False
210,NEAR_1_SUBSTITUTION,1,73433705,1285230,CLEARCUT,1983-07-08,710,clearcut,CANCELLED - SECTION 8,Dead/Cancelled,False,,False
210,NEAR_1_SUBSTITUTION,1,73372798,1273716,CLEAR CUT,1982-07-02,710,clearcut,CANCELLED - SECTION 8,Dead/Cancelled,False,,False
210,NEAR_1_INSERTION,1,73371054,1256696,CLEAN CUTS,1982-06-23,710,cleancuts,CANCELLED - SECTION 8,Dead/Cancelled,False,,False
210,NEAR_1_SUBSTITUTION,1,73355730,1238302,CLEARCUT,1982-03-22,710,clearcut,CANCELLED - SECTION 8,Dead/Cancelled,False,,False
210,NEAR_1_INSERTION,1,73256974,,CLEAN.CUTS,1980-04-07,605,cleancuts,ABANDONED EXPRESS AFTER PUB,Dead/Abandoned,False,,False
210,NEAR_1_SUBSTITUTION,1,73211923,1197535,CLEAR-CUT,1979-07-11,710,clearcut,CANCELLED - SECTION 8,Dead/Cancelled,False,,False
210,NEAR_1_SUBSTITUTION,1,73072418,1051717,CLEANCAT,1975-12-22,900,cleancat,EXPIRED,Dead/Expired,False,,False
211,EXACT,0,97925614,7757420,TRUECUT,2023-05-08,700,truecut,REGISTERED,Live/Registered,True,"029,030",False
211,EXACT,0,97375195,,TRUECUT,2022-04-21,734,truecut,FIFTH EXTENSION - GRANTED,Live/Pending,True,"009,041,042",False
211,EXACT,0,90860837,6902882,TRUECUT,2021-08-02,700,truecut,REGISTERED,Live/Registered,True,"007,008,009,016",False
211,EXACT,0,90611870,6658916,TRUECUT,2021-03-30,700,truecut,REGISTERED,Live/Registered,True,007,False
211,EXACT,0,87623466,5874862,TRUECUT,2017-09-26,702,truecut,SECTION 8 & 15-ACCEPTED AND ACKNOWLEDGED,Live/Registered,True,001,False
211,EXACT,0,86363099,4960907,TRUECUT,2014-08-11,701,truecut,SECTION 8-ACCEPTED,Live/Registered,True,009,False
211,EXACT,0,99308487,,TRUE CUT,2025-07-29,602,truecut,ABANDONED-FAILURE TO RESPOND OR LATE RESPONSE,Dead/Abandoned,False,"006,019,040,042",False
211,EXACT,0,86161125,4672939,TRUE CUT,2014-01-09,710,truecut,CANCELLED - SECTION 8,Dead/Cancelled,False,,False
211,EXACT,0,78577103,3152990,TRUE CUT,2005-03-01,710,truecut,CANCELLED - SECTION 8,Dead/Cancelled,False,,False
211,EXACT,0,76208949,,TRUE CUT,2001-02-12,602,truecut,ABANDONED-FAILURE TO RESPOND OR LATE RESPONSE,Dead/Abandoned,False,008,False
211,EXACT,0,75619089,2311727,TRUE CUT,1999-01-12,710,truecut,CANCELLED - SECTION 8,Dead/Cancelled,False,,False
211,EXACT,0,74570879,1914550,TRUECUT,1994-09-06,710,truecut,CANCELLED - SECTION 8,Dead/Cancelled,False,,False
211,EXACT,0,74269553,1857169,TRUE CUT,1992-04-27,710,truecut,CANCELLED - SECTION 8,Dead/Cancelled,False,,False
211,EXACT,0,73488477,1443991,TRUECUT,1984-07-05,710,truecut,CANCELLED - SECTION 8,Dead/Cancelled,False,,False
211,EXACT,0,72196570,0793640,TRUE CUT,1964-06-26,900,truecut,EXPIRED,Dead/Expired,False,,False
211,NEAR_1_DELETION,1,88181966,5878009,TRUCUT,2018-11-05,702,trucut,SECTION 8 & 15-ACCEPTED AND ACKNOWLEDGED,Live/Registered,True,"003,007,008",True
211,NEAR_1_DELETION,1,78654211,3313746,TRU-CUT,2005-06-20,800,trucut,REGISTERED AND RENEWED,Live/Registered,True,009,False
211,NEAR_1_DELETION,1,75297200,2171236,TRUCUT,1997-05-23,800,trucut,REGISTERED AND RENEWED,Live/Registered,True,007,False
211,NEAR_1_DELETION,1,75186481,2148865,TRU-CUT,1996-09-25,800,trucut,REGISTERED AND RENEWED,Live/Registered,True,010,True
211,NEAR_1_DELETION,1,90875650,,TRUCUT,2021-08-10,602,trucut,ABANDONED-FAILURE TO RESPOND OR LATE RESPONSE,Dead/Abandoned,False,007,False
211,NEAR_1_SUBSTITUTION,1,86379140,,TRUE CPT,2014-08-27,606,truecpt,ABANDONED - NO STATEMENT OF USE FILED,Dead/Abandoned,False,002,False
211,NEAR_1_SUBSTITUTION,1,86318954,,TRUE CUP,2014-06-24,602,truecup,ABANDONED-FAILURE TO RESPOND OR LATE RESPONSE,Dead/Abandoned,False,043,False
211,NEAR_1_DELETION,1,86095196,4638338,TRUCUT,2013-10-18,710,trucut,CANCELLED - SECTION 8,Dead/Cancelled,False,,False
211,NEAR_1_SUBSTITUTION,1,85217415,,TRUE CPT,2011-01-13,606,truecpt,ABANDONED - NO STATEMENT OF USE FILED,Dead/Abandoned,False,"002,035",True
211,NEAR_1_DELETION,1,85124611,,TRUCUT,2010-09-08,604,trucut,ABANDONED - AFTER INTER-PARTES DECISION,Dead/Abandoned,False,,False
211,NEAR_1_DELETION,1,79025764,3431358,TRUCUT,2005-10-25,404,trucut,IR CANCELLED; US REGISTRATION CANCELLED,Dead/Cancelled,False,,False
211,NEAR_1_DELETION,1,76343538,,TRU-CUT,2001-11-30,606,trucut,ABANDONED - NO STATEMENT OF USE FILED,Dead/Abandoned,False,007,False
211,NEAR_1_DELETION,1,75829363,2495524,TRU-CUT,1999-10-25,710,trucut,CANCELLED - SECTION 8,Dead/Cancelled,False,,False
211,NEAR_1_SUBSTITUTION,1,75587061,2574088,TRUEPUT,1998-11-12,710,trueput,CANCELLED - SECTION 8,Dead/Cancelled,False,,False
211,NEAR_1_DELETION,1,75043424,2013957,TRUCUT,1996-01-16,710,trucut,CANCELLED - SECTION 8,Dead/Cancelled,False,,False
211,NEAR_1_DELETION,1,74337241,,TRU-CUT,1992-12-07,602,trucut,ABANDONED-FAILURE TO RESPOND OR LATE RESPONSE,Dead/Abandoned,False,,False
211,NEAR_1_DELETION,1,74198093,1715043,TRU-CUT,1991-08-26,710,trucut,CANCELLED - SECTION 8,Dead/Cancelled,False,,False
211,NEAR_1_DELETION,1,73697603,1598142,TRU-CUT,1987-11-25,710,trucut,CANCELLED - SECTION 8,Dead/Cancelled,False,,False
211,NEAR_1_DELETION,1,73394851,1266914,TRE CUT,1982-09-30,710,trecut,CANCELLED - SECTION 8,Dead/Cancelled,False,,False
211,NEAR_1_DELETION,1,73330645,,TRU-CUT,1981-10-02,602,trucut,ABANDONED-FAILURE TO RESPOND OR LATE RESPONSE,Dead/Abandoned,False,,False
211,NEAR_1_DELETION,1,73198272,1150231,TRUCUT,1978-12-27,710,trucut,CANCELLED - SECTION 8,Dead/Cancelled,False,,False
211,NEAR_1_DELETION,1,73121701,1078352,TRU-CUT,1977-04-06,710,trucut,CANCELLED - SECTION 8,Dead/Cancelled,False,,False
211,NEAR_1_DELETION,1,73069224,1056466,TRU-CUT,1975-11-17,900,trucut,EXPIRED,Dead/Expired,False,,False
211,NEAR_1_SUBSTITUTION,1,72394055,0944826,CRUE-CUT,1971-06-07,900,cruecut,EXPIRED,Dead/Expired,False,,False
211,NEAR_1_DELETION,1,72303657,0891802,TRU-CUT,1968-07-26,900,trucut,EXPIRED,Dead/Expired,False,,False
211,NEAR_1_DELETION,1,72202322,0791011,TRU CUT,1964-09-21,900,trucut,EXPIRED,Dead/Expired,False,,False
211,NEAR_1_DELETION,1,72155669,0753551,TRU-CUT,1962-10-22,900,trucut,EXPIRED,Dead/Expired,False,,False
211,NEAR_1_DELETION,1,71587912,0535421,TRUCUT,1949-11-16,900,trucut,EXPIRED,Dead/Expired,False,,False
211,NEAR_1_DELETION,1,73077527,1046748,TRU-CUT,,710,trucut,CANCELLED - SECTION 8,Dead/Cancelled,False,,False
212,EXACT,0,90105660,6747652,CUT TO IT,2020-08-11,700,cuttoit,REGISTERED,Live/Registered,True,041,False
212,NEAR_1_INSERTION,1,98330913,7952424,CUTTOFIT,2023-12-26,700,cuttofit,REGISTERED,Live/Registered,True,010,True
212,NEAR_1_INSERTION,1,90804740,6634918,CUT-TO-FIT,2021-06-30,700,cuttofit,REGISTERED,Live/Registered,True,006,False
212,NEAR_1_INSERTION,1,76407173,2916886,CUT TO FIT,2002-05-10,800,cuttofit,REGISTERED AND RENEWED,Live/Registered,True,011,False
212,NEAR_1_INSERTION,1,75455011,2295258,CUT-TO-FIT,1998-03-23,800,cuttofit,REGISTERED AND RENEWED,Live/Registered,True,009,False
212,NEAR_1_INSERTION,1,73290662,1224701,CUT-TO-FIT,1980-12-22,710,cuttofit,CANCELLED - SECTION 8,Dead/Cancelled,False,,False
213,EXACT,0,75227304,2170948,CUT AND DRY,1997-01-17,710,cutanddry,CANCELLED - SECTION 8,Dead/Cancelled,False,,False
214,EXACT,0,97829397,7969413,BRASS TACKS,2023-03-08,700,brasstacks,REGISTERED,Live/Registered,True,038,False
214,EXACT,0,97619785,7313680,BRASSTACKS,2022-10-05,700,brasstacks,REGISTERED,Live/Registered,True,041,False
214,EXACT,0,88230008,5980817,BRASSTACKS,2018-12-14,701,brasstacks,SECTION 8-ACCEPTED,Live/Registered,True,"035,037,039,042",True
214,EXACT,0,87701145,5662776,BRASS TACKS,2017-11-29,702,brasstacks,SECTION 8 & 15-ACCEPTED AND ACKNOWLEDGED,Live/Registered,True,002,False
214,EXACT,0,77391527,3588638,BRASS TACKS,2008-02-07,800,brasstacks,REGISTERED AND RENEWED,Live/Registered,True,033,False
214,EXACT,0,75488782,2234360,BRASS TACKS,1998-05-21,800,brasstacks,REGISTERED AND RENEWED,Live/Registered,True,016,False
214,EXACT,0,87419002,5408964,BRASS TACKS,2017-04-20,710,brasstacks,CANCELLED - SECTION 8,Dead/Cancelled,False,,False
214,EXACT,0,86487613,,BRASS TACKS,2014-12-22,602,brasstacks,ABANDONED-FAILURE TO RESPOND OR LATE RESPONSE,Dead/Abandoned,False,025,False
214,EXACT,0,85339032,,BRASS TACKS,2011-06-06,602,brasstacks,ABANDONED-FAILURE TO RESPOND OR LATE RESPONSE,Dead/Abandoned,False,041,False
214,EXACT,0,77035050,,BRASS TACKS,2006-11-02,602,brasstacks,ABANDONED-FAILURE TO RESPOND OR LATE RESPONSE,Dead/Abandoned,False,009,False
214,EXACT,0,78569759,,BRASS TACKS,2005-02-17,606,brasstacks,ABANDONED - NO STATEMENT OF USE FILED,Dead/Abandoned,False,025,False
214,EXACT,0,76198380,2575749,BRASS TACKS,2001-01-23,710,brasstacks,CANCELLED - SECTION 8,Dead/Cancelled,False,,False
214,EXACT,0,75809915,,BRASS TACKS,1999-09-29,602,brasstacks,ABANDONED-FAILURE TO RESPOND OR LATE RESPONSE,Dead/Abandoned,False,035,True
214,EXACT,0,74327403,1781218,BRASS TACKS,1992-11-02,710,brasstacks,CANCELLED - SECTION 8,Dead/Cancelled,False,,False
214,EXACT,0,73223935,1151737,BRASS TACKS,1979-07-19,710,brasstacks,CANCELLED - SECTION 8,Dead/Cancelled,False,,False
214,NEAR_1_DELETION,1,97168167,7910600,BRASS TACS,2021-12-12,700,brasstacs,REGISTERED,Live/Registered,True,"039,041",False
214,NEAR_1_SUBSTITUTION,1,77141915,,BRASS TACTS,2007-03-27,602,brasstacts,ABANDONED-FAILURE TO RESPOND OR LATE RESPONSE,Dead/Abandoned,False,"016,041",False
214,NEAR_1_DELETION,1,73322645,1234730,BRASS TACS,1981-08-07,710,brasstacs,CANCELLED - SECTION 8,Dead/Cancelled,False,,False
214,NEAR_1_DELETION,1,72384256,0952714,BASS TACKS,1971-02-19,900,basstacks,EXPIRED,Dead/Expired,False,,False
216,EXACT,0,88801104,6218424,COME CLEAN,2020-02-18,700,comeclean,REGISTERED,Live/Registered,True,032,False
216,EXACT,0,85568155,4274570,COME CLEAN,2012-03-13,800,comeclean,REGISTERED AND RENEWED,Live/Registered,True,003,True
216,EXACT,0,97925266,,COME CLEAN,2023-05-08,602,comeclean,ABANDONED-FAILURE TO RESPOND OR LATE RESPONSE,Dead/Abandoned,False,003,True
216,EXACT,0,86913310,5184508,COME CLEAN,2016-02-19,711,comeclean,CANCELLED - SECTION 7,Dead/Cancelled,False,,False
216,EXACT,0,85220754,,COME CLEAN,2011-01-19,606,comeclean,ABANDONED - NO STATEMENT OF USE FILED,Dead/Abandoned,False,011,False
216,EXACT,0,85059557,3910943,COME CLEAN,2010-06-10,710,comeclean,CANCELLED - SECTION 8,Dead/Cancelled,False,,False
216,EXACT,0,77382034,,COME CLEAN,2008-01-28,605,comeclean,ABANDONED EXPRESS AFTER PUB,Dead/Abandoned,False,,False
216,EXACT,0,78605964,,COME CLEAN,2005-04-11,606,comeclean,ABANDONED - NO STATEMENT OF USE FILED,Dead/Abandoned,False,025,False
216,EXACT,0,78405689,,COMECLEAN,2004-04-21,602,comeclean,ABANDONED-FAILURE TO RESPOND OR LATE RESPONSE,Dead/Abandoned,False,003,True
216,EXACT,0,78346803,,COME CLEAN,2003-12-31,606,comeclean,ABANDONED - NO STATEMENT OF USE FILED,Dead/Abandoned,False,003,True
216,EXACT,0,78285632,2909289,COME CLEAN,2003-08-11,710,comeclean,CANCELLED - SECTION 8,Dead/Cancelled,False,,False
216,EXACT,0,74597342,,COME CLEAN,1994-11-10,606,comeclean,ABANDONED - NO STATEMENT OF USE FILED,Dead/Abandoned,False,,False
216,EXACT,0,75975546,2126380,COME CLEAN,1994-11-10,710,comeclean,CANCELLED - SECTION 8,Dead/Cancelled,False,,False
216,EXACT,0,73684037,1506732,COME-CLEAN,1987-09-14,710,comeclean,CANCELLED - SECTION 8,Dead/Cancelled,False,,False
216,EXACT,0,72275915,0888489,COME CLEAN,1967-07-13,900,comeclean,EXPIRED,Dead/Expired,False,,False
216,EXACT,0,72255854,0829914,COME CLEAN,1966-10-06,900,comeclean,EXPIRED,Dead/Expired,False,,False
216,NEAR_1_SUBSTITUTION,1,98833318,7887793,CORE CLEAN,2024-11-01,700,coreclean,REGISTERED,Live/Registered,True,037,False
216,NEAR_1_SUBSTITUTION,1,88846626,6178567,HOMECLEAN,2020-03-25,701,homeclean,SECTION 8-ACCEPTED,Live/Registered,True,022,False
216,NEAR_1_SUBSTITUTION,1,73475807,1345627,CORECLEAN,1984-04-16,710,coreclean,CANCELLED - SECTION 8,Dead/Cancelled,False,,False
217,EXACT,0,79443843,,GET REAL,2025-11-21,641,getreal,NON-FINAL ACTION - MAILED,Live/Pending,True,"009,035,038,041,042",True
217,EXACT,0,99500502,,GETREAL,2025-11-17,641,getreal,NON-FINAL ACTION - MAILED,Live/Pending,True,"009,042",False
217,EXACT,0,99500505,,GETREAL,2025-11-17,653,getreal,SUSPENSION LETTER - MAILED,Live/Pending,True,"009,042",False
217,EXACT,0,79441312,,GET REAL!,2025-09-12,641,getreal,NON-FINAL ACTION - MAILED,Live/Pending,True,"029,030",False
217,EXACT,0,79424375,,GET REAL,2025-03-13,653,getreal,SUSPENSION LETTER - MAILED,Live/Pending,True,"025,032",False
217,EXACT,0,98799684,,GET REAL,2024-10-14,730,getreal,FIRST EXTENSION - GRANTED,Live/Pending,True,031,False
217,EXACT,0,98977720,8180694,GET REAL,2024-10-14,700,getreal,REGISTERED,Live/Registered,True,031,False
217,EXACT,0,90776351,6926228,GET REAL,2021-06-16,700,getreal,REGISTERED,Live/Registered,True,035,True
217,EXACT,0,88857215,6591190,GETREAL!,2020-04-02,700,getreal,REGISTERED,Live/Registered,True,"041,042",False
217,EXACT,0,88737370,6100888,GET REAL,2019-12-23,702,getreal,SECTION 8 & 15-ACCEPTED AND ACKNOWLEDGED,Live/Registered,True,041,False
217,EXACT,0,88215629,6150402,GET REAL!,2018-12-04,700,getreal,REGISTERED,Live/Registered,True,030,False
217,EXACT,0,87946618,5997735,GET REAL!,2018-06-04,700,getreal,REGISTERED,Live/Registered,True,042,False
217,EXACT,0,87340963,5710344,GET REAL,2017-02-17,702,getreal,SECTION 8 & 15-ACCEPTED AND ACKNOWLEDGED,Live/Registered,True,028,False
217,EXACT,0,86054005,4574787,GET REAL,2013-09-03,800,getreal,REGISTERED AND RENEWED,Live/Registered,True,"009,016,041",False
217,EXACT,0,85736241,5059750,GETREAL,2012-09-24,701,getreal,SECTION 8-ACCEPTED,Live/Registered,True,033,False
217,EXACT,0,85982453,5059815,GETREAL,2012-09-24,701,getreal,SECTION 8-ACCEPTED,Live/Registered,True,032,False
217,EXACT,0,77413091,3511912,GET REAL,2008-03-04,800,getreal,REGISTERED AND RENEWED,Live/Registered,True,045,False
217,EXACT,0,78729072,3135927,GET REAL,2005-10-07,800,getreal,REGISTERED AND RENEWED,Live/Registered,True,036,False
217,EXACT,0,75811039,2513268,GET REAL,1999-09-29,800,getreal,REGISTERED AND RENEWED,Live/Registered,True,035,True
217,EXACT,0,98826845,,GET REAL,2024-10-29,602,getreal,ABANDONED-FAILURE TO RESPOND OR LATE RESPONSE,Dead/Abandoned,False,041,False
217,EXACT,0,90828361,,GET R.E.A.L.!,2021-07-14,602,getreal,ABANDONED-FAILURE TO RESPOND OR LATE RESPONSE,Dead/Abandoned,False,042,False
217,EXACT,0,88823712,,GET REAL,2020-03-06,606,getreal,ABANDONED - NO STATEMENT OF USE FILED,Dead/Abandoned,False,"009,035",True
217,EXACT,0,87720929,5539447,GET REAL,2017-12-14,710,getreal,CANCELLED - SECTION 8,Dead/Cancelled,False,,False
217,EXACT,0,87408304,,GET REAL,2017-04-12,602,getreal,ABANDONED-FAILURE TO RESPOND OR LATE RESPONSE,Dead/Abandoned,False,036,False
217,EXACT,0,86964505,,GET REAL,2016-04-05,606,getreal,ABANDONED - NO STATEMENT OF USE FILED,Dead/Abandoned,False,"001,005,029",True
217,EXACT,0,86874487,,GETREAL,2016-01-13,606,getreal,ABANDONED - NO STATEMENT OF USE FILED,Dead/Abandoned,False,030,False
217,EXACT,0,86850543,,GET REAL,2015-12-16,606,getreal,ABANDONED - NO STATEMENT OF USE FILED,Dead/Abandoned,False,003,True
217,EXACT,0,86845132,,GET REAL,2015-12-10,606,getreal,ABANDONED - NO STATEMENT OF USE FILED,Dead/Abandoned,False,005,True
217,EXACT,0,86981920,5210684,GET REAL,2015-12-10,710,getreal,CANCELLED - SECTION 8,Dead/Cancelled,False,,False
217,EXACT,0,86703084,,GET REAL,2015-07-23,602,getreal,ABANDONED-FAILURE TO RESPOND OR LATE RESPONSE,Dead/Abandoned,False,032,False
217,EXACT,0,86519794,4956980,GET REAL,2015-01-30,710,getreal,CANCELLED - SECTION 8,Dead/Cancelled,False,,False
217,EXACT,0,86144566,,GET REAL,2013-12-16,604,getreal,ABANDONED - AFTER INTER-PARTES DECISION,Dead/Abandoned,False,,False
217,EXACT,0,85815254,,GET REAL,2013-01-03,602,getreal,ABANDONED-FAILURE TO RESPOND OR LATE RESPONSE,Dead/Abandoned,False,"003,026,035",True
217,EXACT,0,85363124,,GET REAL,2011-07-05,606,getreal,ABANDONED - NO STATEMENT OF USE FILED,Dead/Abandoned,False,038,False
217,EXACT,0,85363127,,GET REAL,2011-07-05,606,getreal,ABANDONED - NO STATEMENT OF USE FILED,Dead/Abandoned,False,041,False
217,EXACT,0,85271144,4199418,GET REAL,2011-03-18,710,getreal,CANCELLED - SECTION 8,Dead/Cancelled,False,,False
217,EXACT,0,85201655,3993904,GET REAL,2010-12-20,710,getreal,CANCELLED - SECTION 8,Dead/Cancelled,False,,False
217,EXACT,0,85201658,4206774,GET REAL,2010-12-20,710,getreal,CANCELLED - SECTION 8,Dead/Cancelled,False,,False
217,EXACT,0,77911776,,GET REAL.,2010-01-14,602,getreal,ABANDONED-FAILURE TO RESPOND OR LATE RESPONSE,Dead/Abandoned,False,041,False
217,EXACT,0,77871845,3932104,GET REAL,2009-11-13,710,getreal,CANCELLED - SECTION 8,Dead/Cancelled,False,,False
217,EXACT,0,77703702,4029200,GET REAL,2009-03-31,711,getreal,CANCELLED - SECTION 7,Dead/Cancelled,False,,False
217,EXACT,0,77462101,,GET REAL,2008-04-30,602,getreal,ABANDONED-FAILURE TO RESPOND OR LATE RESPONSE,Dead/Abandoned,False,035,True
217,EXACT,0,78947039,,GET REAL,2006-08-08,602,getreal,ABANDONED-FAILURE TO RESPOND OR LATE RESPONSE,Dead/Abandoned,False,007,False
217,EXACT,0,78853921,3202107,GET REAL,2006-04-04,710,getreal,CANCELLED - SECTION 8,Dead/Cancelled,False,,False
217,EXACT,0,78807243,3324063,GET REAL,2006-02-04,710,getreal,CANCELLED - SECTION 8,Dead/Cancelled,False,,False
217,EXACT,0,78784819,3314191,GET REAL,2006-01-04,710,getreal,CANCELLED - SECTION 8,Dead/Cancelled,False,,False
217,EXACT,0,78767104,,GET REAL,2005-12-05,606,getreal,ABANDONED - NO STATEMENT OF USE FILED,Dead/Abandoned,False,030,False
217,EXACT,0,76647007,3226394,GET REAL!,2005-09-19,710,getreal,CANCELLED - SECTION 8,Dead/Cancelled,False,,False
217,EXACT,0,78622662,3248366,GET REAL,2005-05-04,710,getreal,CANCELLED - SECTION 8,Dead/Cancelled,False,,False
217,EXACT,0,78500154,3493845,GET REAL,2004-10-14,710,getreal,CANCELLED - SECTION 8,Dead/Cancelled,False,,False
217,EXACT,0,78431786,,GET REAL,2004-06-08,602,getreal,ABANDONED-FAILURE TO RESPOND OR LATE RESPONSE,Dead/Abandoned,False,044,True
217,EXACT,0,78330732,,GET REAL,2003-11-20,602,getreal,ABANDONED-FAILURE TO RESPOND OR LATE RESPONSE,Dead/Abandoned,False,"009,016,041",False
217,EXACT,0,78305200,2973834,GET R.E.A.L.,2003-09-25,710,getreal,CANCELLED - SECTION 8,Dead/Cancelled,False,,False
217,EXACT,0,78264395,,GET REAL,2003-06-19,601,getreal,ABANDONED - EXPRESS,Dead/Abandoned,False,"016,032,035",True
217,EXACT,0,78208785,2794952,GET REAL,2003-01-30,710,getreal,CANCELLED - SECTION 8,Dead/Cancelled,False,,False
217,EXACT,0,76448449,,GET REAL,2002-09-11,602,getreal,ABANDONED-FAILURE TO RESPOND OR LATE RESPONSE,Dead/Abandoned,False,038,False
217,EXACT,0,78162481,,GET REAL,2002-09-10,606,getreal,ABANDONED - NO STATEMENT OF USE FILED,Dead/Abandoned,False,005,True
217,EXACT,0,76440151,2726981,GET REAL,2002-08-13,710,getreal,CANCELLED - SECTION 8,Dead/Cancelled,False,,False
217,EXACT,0,76414747,,GET REAL,2002-05-17,606,getreal,ABANDONED - NO STATEMENT OF USE FILED,Dead/Abandoned,False,032,False
217,EXACT,0,76289518,,GET REAL,2001-07-24,606,getreal,ABANDONED - NO STATEMENT OF USE FILED,Dead/Abandoned,False,003,True
217,EXACT,0,76284156,,GET REAL,2001-07-12,606,getreal,ABANDONED - NO STATEMENT OF USE FILED,Dead/Abandoned,False,003,True
217,EXACT,0,76193443,,GET REAL,2001-01-10,602,getreal,ABANDONED-FAILURE TO RESPOND OR LATE RESPONSE,Dead/Abandoned,False,"016,042",False
217,EXACT,0,76186123,,GET REAL,2000-12-26,606,getreal,ABANDONED - NO STATEMENT OF USE FILED,Dead/Abandoned,False,012,False
217,EXACT,0,76172749,,GET REAL,2000-11-29,606,getreal,ABANDONED - NO STATEMENT OF USE FILED,Dead/Abandoned,False,042,False
217,EXACT,0,76053034,,GETREAL,2000-05-22,606,getreal,ABANDONED - NO STATEMENT OF USE FILED,Dead/Abandoned,False,036,False
217,EXACT,0,75736713,,GET REAL,1999-06-25,606,getreal,ABANDONED - NO STATEMENT OF USE FILED,Dead/Abandoned,False,032,False
217,EXACT,0,75736727,,GET REAL,1999-06-25,606,getreal,ABANDONED - NO STATEMENT OF USE FILED,Dead/Abandoned,False,031,False
217,EXACT,0,75737181,2407329,GET REAL,1999-06-25,710,getreal,CANCELLED - SECTION 8,Dead/Cancelled,False,,False
217,EXACT,0,75589888,2356265,GET REAL,1998-11-16,710,getreal,CANCELLED - SECTION 8,Dead/Cancelled,False,,False
217,EXACT,0,75426393,,GETREAL,1998-01-30,606,getreal,ABANDONED - NO STATEMENT OF USE FILED,Dead/Abandoned,False,042,False
217,EXACT,0,75405529,,GET REAL,1997-12-15,602,getreal,ABANDONED-FAILURE TO RESPOND OR LATE RESPONSE,Dead/Abandoned,False,,False
217,EXACT,0,75126310,,GET REAL,1996-06-27,602,getreal,ABANDONED-FAILURE TO RESPOND OR LATE RESPONSE,Dead/Abandoned,False,,False
217,EXACT,0,75118861,,GET REAL,1996-06-14,606,getreal,ABANDONED - NO STATEMENT OF USE FILED,Dead/Abandoned,False,,False
217,EXACT,0,75104024,2055098,GET REAL,1996-05-14,710,getreal,CANCELLED - SECTION 8,Dead/Cancelled,False,,False
217,EXACT,0,75039381,,GET REAL,1996-01-02,602,getreal,ABANDONED-FAILURE TO RESPOND OR LATE RESPONSE,Dead/Abandoned,False,,False
217,EXACT,0,74674942,,GET REAL,1995-05-17,606,getreal,ABANDONED - NO STATEMENT OF USE FILED,Dead/Abandoned,False,,False
217,EXACT,0,74485374,1880945,GET REAL!,1994-02-01,710,getreal,CANCELLED - SECTION 8,Dead/Cancelled,False,,False
217,EXACT,0,74464907,2118619,GET REAL,1993-12-01,710,getreal,CANCELLED - SECTION 8,Dead/Cancelled,False,,False
217,EXACT,0,74431211,,GET REAL,1993-09-02,602,getreal,ABANDONED-FAILURE TO RESPOND OR LATE RESPONSE,Dead/Abandoned,False,,False
217,EXACT,0,74412318,,GET REAL,1993-07-14,606,getreal,ABANDONED - NO STATEMENT OF USE FILED,Dead/Abandoned,False,,False
217,EXACT,0,74411805,2012180,GET REAL,1993-07-13,710,getreal,CANCELLED - SECTION 8,Dead/Cancelled,False,,False
217,EXACT,0,74391864,,GET REAL,1993-05-18,606,getreal,ABANDONED - NO STATEMENT OF USE FILED,Dead/Abandoned,False,,False
217,EXACT,0,74364998,1831835,GET-REAL!,1993-03-05,711,getreal,CANCELLED - SECTION 7,Dead/Cancelled,False,,False
217,EXACT,0,74287009,1792871,GET REAL,1992-06-22,710,getreal,CANCELLED - SECTION 8,Dead/Cancelled,False,,False
217,EXACT,0,74263104,1808272,GET REAL,1992-04-06,710,getreal,CANCELLED - SECTION 8,Dead/Cancelled,False,,False
217,EXACT,0,74249753,1797339,GET REAL,1992-02-26,710,getreal,CANCELLED - SECTION 8,Dead/Cancelled,False,,False
217,EXACT,0,74090460,1749126,GET REAL,1990-08-23,710,getreal,CANCELLED - SECTION 8,Dead/Cancelled,False,,False
217,EXACT,0,74090462,1692933,GET REAL,1990-08-23,710,getreal,CANCELLED - SECTION 8,Dead/Cancelled,False,,False
217,EXACT,0,74014013,1630669,GETREAL,1989-12-26,710,getreal,CANCELLED - SECTION 8,Dead/Cancelled,False,,False
217,NEAR_1_SUBSTITUTION,1,99142942,,GETREEL,2025-04-17,604,getreel,ABANDONED - AFTER INTER-PARTES DECISION,Dead/Abandoned,False,,False
217,NEAR_1_SUBSTITUTION,1,86059276,4650155,GET REEL,2013-09-09,710,getreel,CANCELLED - SECTION 8,Dead/Cancelled,False,,False
217,NEAR_1_SUBSTITUTION,1,85158222,,GET REEL,2010-10-21,602,getreel,ABANDONED-FAILURE TO RESPOND OR LATE RESPONSE,Dead/Abandoned,False,016,False
217,NEAR_1_SUBSTITUTION,1,85977640,,GET REEL,2010-10-21,602,getreel,ABANDONED-FAILURE TO RESPOND OR LATE RESPONSE,Dead/Abandoned,False,041,False
217,NEAR_1_SUBSTITUTION,1,77573463,,GIT REAL,2008-09-18,602,gitreal,ABANDONED-FAILURE TO RESPOND OR LATE RESPONSE,Dead/Abandoned,False,009,False
217,NEAR_1_SUBSTITUTION,1,78823946,,GOTREAL!,2006-02-27,602,gotreal,ABANDONED-FAILURE TO RESPOND OR LATE RESPONSE,Dead/Abandoned,False,025,False
217,NEAR_1_SUBSTITUTION,1,78821089,,GOT REAL!,2006-02-22,606,gotreal,ABANDONED - NO STATEMENT OF USE FILED,Dead/Abandoned,False,016,False
217,NEAR_1_SUBSTITUTION,1,75775617,,GET REEL,1999-08-16,602,getreel,ABANDONED-FAILURE TO RESPOND OR LATE RESPONSE,Dead/Abandoned,False,025,False
217,NEAR_1_SUBSTITUTION,1,75362436,,GET REEL,1997-09-24,602,getreel,ABANDONED-FAILURE TO RESPOND OR LATE RESPONSE,Dead/Abandoned,False,,False
218,EXACT,0,99035372,,KEEP IT REAL,2025-02-10,653,keepitreal,SUSPENSION LETTER - MAILED,Live/Pending,True,032,False
218,EXACT,0,98064546,,KEEP IT REAL,2023-06-29,733,keepitreal,FOURTH EXTENSION - GRANTED,Live/Pending,True,"009,042",False
218,EXACT,0,88352381,7402218,KEEP IT REAL,2019-03-22,700,keepitreal,REGISTERED,Live/Registered,True,043,False
218,EXACT,0,86864381,5070123,KEEP IT REAL,2016-01-04,800,keepitreal,REGISTERED AND RENEWED,Live/Registered,True,030,False
218,EXACT,0,76700266,3938174,KEEP IT REAL,2009-11-09,800,keepitreal,REGISTERED AND RENEWED,Live/Registered,True,032,False
218,EXACT,0,77188404,3671415,KEEP IT REAL,2007-05-23,800,keepitreal,REGISTERED AND RENEWED,Live/Registered,True,"035,041",True
218,EXACT,0,98437169,,KEEP IT REAL,2024-03-06,602,keepitreal,ABANDONED-FAILURE TO RESPOND OR LATE RESPONSE,Dead/Abandoned,False,"003,030,035",True
218,EXACT,0,98428126,,KEEP IT REAL,2024-02-29,602,keepitreal,ABANDONED-FAILURE TO RESPOND OR LATE RESPONSE,Dead/Abandoned,False,014,False
218,EXACT,0,97547990,,KEEP IT REAL,2022-08-14,602,keepitreal,ABANDONED-FAILURE TO RESPOND OR LATE RESPONSE,Dead/Abandoned,False,031,False
218,EXACT,0,97308498,,KEEP IT REAL,2022-03-11,606,keepitreal,ABANDONED - NO STATEMENT OF USE FILED,Dead/Abandoned,False,033,False
218,EXACT,0,90082928,,KEEP IT REAL,2020-07-30,606,keepitreal,ABANDONED - NO STATEMENT OF USE FILED,Dead/Abandoned,False,033,False
218,EXACT,0,88858370,,KEEP IT REAL,2020-04-03,606,keepitreal,ABANDONED - NO STATEMENT OF USE FILED,Dead/Abandoned,False,"003,035",True
218,EXACT,0,88145491,,KEEP IT REAL,2018-10-06,606,keepitreal,ABANDONED - NO STATEMENT OF USE FILED,Dead/Abandoned,False,044,True
218,EXACT,0,87765403,,KEEPIT-REAL,2018-01-22,602,keepitreal,ABANDONED-FAILURE TO RESPOND OR LATE RESPONSE,Dead/Abandoned,False,035,True
218,EXACT,0,87322061,,KEEP IT REAL,2017-02-02,602,keepitreal,ABANDONED-FAILURE TO RESPOND OR LATE RESPONSE,Dead/Abandoned,False,"004,021",True
218,EXACT,0,87292174,5891649,KEEP IT REAL.,2017-01-06,710,keepitreal,CANCELLED - SECTION 8,Dead/Cancelled,False,,False
218,EXACT,0,87254502,,KEEP IT REAL,2016-12-02,602,keepitreal,ABANDONED-FAILURE TO RESPOND OR LATE RESPONSE,Dead/Abandoned,False,003,True
218,EXACT,0,87116272,,KEEP IT REAL,2016-07-26,606,keepitreal,ABANDONED - NO STATEMENT OF USE FILED,Dead/Abandoned,False,014,False
218,EXACT,0,86878255,,KEEP IT REAL,2016-01-18,602,keepitreal,ABANDONED-FAILURE TO RESPOND OR LATE RESPONSE,Dead/Abandoned,False,016,False
218,EXACT,0,86118696,4563453,KEEP IT REAL!,2013-11-14,710,keepitreal,CANCELLED - SECTION 8,Dead/Cancelled,False,,False
218,EXACT,0,86050231,,KEEP IT REAL,2013-08-28,602,keepitreal,ABANDONED-FAILURE TO RESPOND OR LATE RESPONSE,Dead/Abandoned,False,025,False
218,EXACT,0,86008096,,KEEP IT REAL,2013-07-11,602,keepitreal,ABANDONED-FAILURE TO RESPOND OR LATE RESPONSE,Dead/Abandoned,False,035,True
218,EXACT,0,85847194,,KEEP IT REAL,2013-02-12,602,keepitreal,ABANDONED-FAILURE TO RESPOND OR LATE RESPONSE,Dead/Abandoned,False,040,False
218,EXACT,0,77934231,,KEEP IT REAL,2010-02-12,602,keepitreal,ABANDONED-FAILURE TO RESPOND OR LATE RESPONSE,Dead/Abandoned,False,029,False
218,EXACT,0,77533196,3618676,KEEP IT REAL,2008-07-28,710,keepitreal,CANCELLED - SECTION 8,Dead/Cancelled,False,,False
218,EXACT,0,77188402,3618066,KEEP IT REAL,2007-05-23,710,keepitreal,CANCELLED - SECTION 8,Dead/Cancelled,False,,False
218,EXACT,0,77052650,3399085,KEEP IT REAL,2006-11-29,710,keepitreal,CANCELLED - SECTION 8,Dead/Cancelled,False,,False
218,EXACT,0,78873363,,KEEP IT REAL,2006-05-01,602,keepitreal,ABANDONED-FAILURE TO RESPOND OR LATE RESPONSE,Dead/Abandoned,False,"003,021,026,044",True
218,EXACT,0,78837174,,KEEP IT REAL,2006-03-14,606,keepitreal,ABANDONED - NO STATEMENT OF USE FILED,Dead/Abandoned,False,"029,030",False
218,EXACT,0,75913681,2487036,KEEP IT REAL,2000-02-10,710,keepitreal,CANCELLED - SECTION 8,Dead/Cancelled,False,,False
218,EXACT,0,75669056,2491222,KEEP IT REAL,1999-03-26,710,keepitreal,CANCELLED - SECTION 8,Dead/Cancelled,False,,False
218,EXACT,0,75578754,,KEEP IT REAL,1998-10-28,606,keepitreal,ABANDONED - NO STATEMENT OF USE FILED,Dead/Abandoned,False,041,False
218,EXACT,0,75578755,2295996,KEEP IT REAL,1998-10-28,710,keepitreal,CANCELLED - SECTION 8,Dead/Cancelled,False,,False
218,EXACT,0,75578760,2359482,KEEP IT REAL,1998-10-28,710,keepitreal,CANCELLED - SECTION 8,Dead/Cancelled,False,,False
218,NEAR_1_SUBSTITUTION,1,99454893,,KEEP IT REEL,2025-10-21,688,keepitreel,NOTICE OF ALLOWANCE - ISSUED,Live/Pending,True,037,False
218,NEAR_1_INSERTION,1,88978841,6255562,KEEP IT REGAL,2020-05-01,700,keepitregal,REGISTERED,Live/Registered,True,025,False
218,NEAR_1_INSERTION,1,88440455,7236690,KEEP IT REGAL,2019-05-21,700,keepitregal,REGISTERED,Live/Registered,True,025,False
218,NEAR_1_SUBSTITUTION,1,98556974,,KEEP IT REEL.,2024-05-17,602,keepitreel,ABANDONED-FAILURE TO RESPOND OR LATE RESPONSE,Dead/Abandoned,False,016,False
218,NEAR_1_INSERTION,1,88897973,,KEEP IT REGAL,2020-05-01,606,keepitregal,ABANDONED - NO STATEMENT OF USE FILED,Dead/Abandoned,False,025,False
218,NEAR_1_INSERTION,1,88440445,,KEEP IT REGAL,2019-05-21,606,keepitregal,ABANDONED - NO STATEMENT OF USE FILED,Dead/Abandoned,False,003,True
218,NEAR_1_SUBSTITUTION,1,88210905,,KELP IT REAL,2018-11-29,602,kelpitreal,ABANDONED-FAILURE TO RESPOND OR LATE RESPONSE,Dead/Abandoned,False,001,False
218,NEAR_1_SUBSTITUTION,1,87228045,,KEEP IT REEL,2016-11-07,602,keepitreel,ABANDONED-FAILURE TO RESPOND OR LATE RESPONSE,Dead/Abandoned,False,025,False
218,NEAR_1_SUBSTITUTION,1,86773947,5177325,KEEPIT REEL,2015-09-30,710,keepitreel,CANCELLED - SECTION 8,Dead/Cancelled,False,,False
218,NEAR_1_INSERTION,1,77676574,3855433,R KEEP IT REAL,2009-02-23,710,rkeepitreal,CANCELLED - SECTION 8,Dead/Cancelled,False,,False
219,EXACT,0,99814111,,CALLIT,2026-05-10,630,callit,NEW APPLICATION - RECORD INITIALIZED NOT ASSIGNED TO EXAMINER,Live/Pending,True,042,False
219,EXACT,0,98132045,8285715,CALL IT,2023-08-14,700,callit,REGISTERED,Live/Registered,True,"009,041",False
219,EXACT,0,98132056,,CALL IT,2023-08-14,606,callit,ABANDONED - NO STATEMENT OF USE FILED,Dead/Abandoned,False,"009,041",False
219,EXACT,0,85749008,,CALL IT,2012-10-09,606,callit,ABANDONED - NO STATEMENT OF USE FILED,Dead/Abandoned,False,"009,038,041",False
219,EXACT,0,76440268,3066291,CALL-IT,2002-08-09,710,callit,CANCELLED - SECTION 8,Dead/Cancelled,False,,False
219,EXACT,0,78063625,,CALL-IT,2001-05-15,606,callit,ABANDONED - NO STATEMENT OF USE FILED,Dead/Abandoned,False,009,False
219,EXACT,0,78059489,,CALL IT,2001-04-20,614,callit,ABANDONED PETITION TO REVIVE-DENIED,Dead/Abandoned,False,"028,038,041",False
219,EXACT,0,75267201,,CALL-IT,1997-03-11,606,callit,ABANDONED - NO STATEMENT OF USE FILED,Dead/Abandoned,False,009,False
219,EXACT,0,74507754,,CALL-IT!,1994-04-01,606,callit,ABANDONED - NO STATEMENT OF USE FILED,Dead/Abandoned,False,,False
219,EXACT,0,74205086,,CALL IT,1991-09-18,606,callit,ABANDONED - NO STATEMENT OF USE FILED,Dead/Abandoned,False,,False
219,EXACT,0,73142855,1096872,CALL-IT,1977-09-28,710,callit,CANCELLED - SECTION 8,Dead/Cancelled,False,,False
219,EXACT,0,72446703,0977340,CALLIT,1973-01-23,900,callit,EXPIRED,Dead/Expired,False,,False
219,NEAR_1_SUBSTITUTION,1,99916544,,CALLIE,2026-07-01,630,callie,NEW APPLICATION - RECORD INITIALIZED NOT ASSIGNED TO EXAMINER,Live/Pending,True,"009,042",False
219,NEAR_1_SUBSTITUTION,1,99865348,,CALLIE,2026-06-04,630,callie,NEW APPLICATION - RECORD INITIALIZED NOT ASSIGNED TO EXAMINER,Live/Pending,True,042,False
219,NEAR_1_DELETION,1,99684714,,CALLI,2026-03-05,638,calli,NEW APPLICATION - ASSIGNED TO EXAMINER,Live/Pending,True,"009,035,041,042,045",True
219,NEAR_1_DELETION,1,99681624,,CALLI,2026-03-04,641,calli,NON-FINAL ACTION - MAILED,Live/Pending,True,016,False
219,NEAR_1_SUBSTITUTION,1,99556737,,CALL.IO,2025-12-19,686,callio,PUBLISHED FOR OPPOSITION,Live/Pending,True,"009,038,043",False
219,NEAR_1_SUBSTITUTION,1,99423147,,CALLIO,2025-10-01,641,callio,NON-FINAL ACTION - MAILED,Live/Pending,True,011,False
219,NEAR_1_SUBSTITUTION,1,99371589,,CALLIE,2025-09-03,688,callie,NOTICE OF ALLOWANCE - ISSUED,Live/Pending,True,042,False
219,NEAR_1_SUBSTITUTION,1,99357964,,CALLIO,2025-08-26,686,callio,PUBLISHED FOR OPPOSITION,Live/Pending,True,"005,040,042",True
219,NEAR_1_DELETION,1,99197807,8210189,CALLI,2025-05-22,700,calli,REGISTERED,Live/Registered,True,"035,041,042",True
219,NEAR_1_DELETION,1,99197817,,CALLI,2025-05-22,688,calli,NOTICE OF ALLOWANCE - ISSUED,Live/Pending,True,009,False
219,NEAR_1_SUBSTITUTION,1,98849090,7916204,CALMIT,2024-11-12,700,calmit,REGISTERED,Live/Registered,True,014,False
219,NEAR_1_SUBSTITUTION,1,98805023,,CALFIT,2024-10-16,748,calfit,STATEMENT OF USE - TO EXAMINER,Live/Pending,True,036,False
219,NEAR_1_SUBSTITUTION,1,98771027,7848715,CALLIE,2024-09-26,700,callie,REGISTERED,Live/Registered,True,015,False
219,NEAR_1_INSERTION,1,98727898,7802182,CALLIST,2024-08-31,700,callist,REGISTERED,Live/Registered,True,016,False
219,NEAR_1_SUBSTITUTION,1,98327734,7564985,BALLIT,2023-12-22,700,ballit,REGISTERED,Live/Registered,True,042,False
219,NEAR_1_INSERTION,1,97814241,7299501,CALLKIT,2023-02-27,700,callkit,REGISTERED,Live/Registered,True,009,False
219,NEAR_1_SUBSTITUTION,1,97080378,,CALLIE,2021-10-18,654,callie,REPORT COMPLETED SUSPENSION CHECK - CASE STILL SUSPENDED,Live/Pending,True,014,False
219,NEAR_1_SUBSTITUTION,1,97021809,7367684,CALLIA,2021-09-10,700,callia,REGISTERED,Live/Registered,True,"035,039,044",True
219,NEAR_1_INSERTION,1,90711188,6920863,CALLBIT,2021-05-14,700,callbit,REGISTERED,Live/Registered,True,035,True
219,NEAR_1_SUBSTITUTION,1,90701476,6791599,CALLIN,2021-05-10,700,callin,REGISTERED,Live/Registered,True,"038,041,042,045",False
219,NEAR_1_INSERTION,1,90522093,6602352,CALLFIT,2021-02-10,700,callfit,REGISTERED,Live/Registered,True,028,False
219,NEAR_1_SUBSTITUTION,1,88637206,6494018,CALLIE,2019-10-01,700,callie,REGISTERED,Live/Registered,True,027,False
219,NEAR_1_SUBSTITUTION,1,88637878,6115043,CALLIE,2019-10-01,701,callie,SECTION 8-ACCEPTED,Live/Registered,True,026,False
219,NEAR_1_SUBSTITUTION,1,88637966,6414017,CALLIE,2019-10-01,700,callie,REGISTERED,Live/Registered,True,020,False
219,NEAR_1_SUBSTITUTION,1,88637986,6161971,CALLIE,2019-10-01,701,callie,SECTION 8-ACCEPTED,Live/Registered,True,028,False
219,NEAR_1_SUBSTITUTION,1,88638000,6311768,CALLIE,2019-10-01,700,callie,REGISTERED,Live/Registered,True,021,True
219,NEAR_1_SUBSTITUTION,1,88636604,6259131,CALLIE,2019-09-30,700,callie,REGISTERED,Live/Registered,True,014,False
219,NEAR_1_SUBSTITUTION,1,88636617,6042337,CALLIE,2019-09-30,701,callie,SECTION 8-ACCEPTED,Live/Registered,True,018,False
219,NEAR_1_SUBSTITUTION,1,88335125,5986555,WALLIT,2019-03-11,700,wallit,REGISTERED,Live/Registered,True,"009,035,042",True
219,NEAR_1_SUBSTITUTION,1,88315613,5881560,CALLIA,2019-02-25,701,callia,SECTION 8-ACCEPTED,Live/Registered,True,016,False
219,NEAR_1_SUBSTITUTION,1,86830029,5065801,CALLIE,2015-11-24,702,callie,SECTION 8 & 15-ACCEPTED AND ACKNOWLEDGED,Live/Registered,True,010,True
219,NEAR_1_SUBSTITUTION,1,85959126,5281478,BALL IT,2013-06-13,702,ballit,SECTION 8 & 15-ACCEPTED AND ACKNOWLEDGED,Live/Registered,True,028,False
219,NEAR_1_SUBSTITUTION,1,77443895,3632742,CALM-IT,2008-04-09,800,calmit,REGISTERED AND RENEWED,Live/Registered,True,005,True
219,NEAR_1_SUBSTITUTION,1,77246632,3459229,CALL IQ,2007-08-03,800,calliq,REGISTERED AND RENEWED,Live/Registered,True,009,False
219,NEAR_1_SUBSTITUTION,1,78800300,3180860,CALLIE,2006-01-26,800,callie,REGISTERED AND RENEWED,Live/Registered,True,031,False
219,NEAR_1_SUBSTITUTION,1,76565870,3098561,CALLIA,2003-12-18,800,callia,REGISTERED AND RENEWED,Live/Registered,True,033,False
219,NEAR_1_DELETION,1,74250497,1765511,CALLI,1992-02-28,800,calli,REGISTERED AND RENEWED,Live/Registered,True,"005,030",True
219,NEAR_1_DELETION,1,73447057,1298786,CALLI,1983-10-07,800,calli,REGISTERED AND RENEWED,Live/Registered,True,016,False
219,NEAR_1_SUBSTITUTION,1,99419013,,CALLIA,2025-09-29,602,callia,ABANDONED-FAILURE TO RESPOND OR LATE RESPONSE,Dead/Abandoned,False,026,False
219,NEAR_1_SUBSTITUTION,1,98791628,,CALLIE,2024-10-09,602,callie,ABANDONED-FAILURE TO RESPOND OR LATE RESPONSE,Dead/Abandoned,False,024,False
219,NEAR_1_SUBSTITUTION,1,98791639,,CALLIE,2024-10-09,602,callie,ABANDONED-FAILURE TO RESPOND OR LATE RESPONSE,Dead/Abandoned,False,022,False
219,NEAR_1_SUBSTITUTION,1,98738962,,CAP-LIT,2024-09-07,606,caplit,ABANDONED - NO STATEMENT OF USE FILED,Dead/Abandoned,False,028,False
219,NEAR_1_SUBSTITUTION,1,98697138,,CALLIE,2024-08-13,602,callie,ABANDONED-FAILURE TO RESPOND OR LATE RESPONSE,Dead/Abandoned,False,025,False
219,NEAR_1_SUBSTITUTION,1,98569627,,CALLIE,2024-05-26,602,callie,ABANDONED-FAILURE TO RESPOND OR LATE RESPONSE,Dead/Abandoned,False,016,False
219,NEAR_1_SUBSTITUTION,1,98518666,,CALLIE,2024-04-25,602,callie,ABANDONED-FAILURE TO RESPOND OR LATE RESPONSE,Dead/Abandoned,False,"009,041,042",False
219,NEAR_1_SUBSTITUTION,1,98076416,,CALFIT,2023-07-08,602,calfit,ABANDONED-FAILURE TO RESPOND OR LATE RESPONSE,Dead/Abandoned,False,028,False
219,NEAR_1_SUBSTITUTION,1,97699525,,CALNIT,2022-12-01,602,calnit,ABANDONED-FAILURE TO RESPOND OR LATE RESPONSE,Dead/Abandoned,False,001,False
219,NEAR_1_SUBSTITUTION,1,97459973,,WALL-IT,2022-06-15,604,wallit,ABANDONED - AFTER INTER-PARTES DECISION,Dead/Abandoned,False,,False
219,NEAR_1_SUBSTITUTION,1,97289756,,WALL-IT,2022-03-01,604,wallit,ABANDONED - AFTER INTER-PARTES DECISION,Dead/Abandoned,False,,False
219,NEAR_1_SUBSTITUTION,1,79333677,,CALLIE,2021-11-15,602,callie,ABANDONED-FAILURE TO RESPOND OR LATE RESPONSE,Dead/Abandoned,False,010,True
219,NEAR_1_DELETION,1,97007647,,CALLI.,2021-09-01,602,calli,ABANDONED-FAILURE TO RESPOND OR LATE RESPONSE,Dead/Abandoned,False,025,False
219,NEAR_1_SUBSTITUTION,1,88907263,,CALFIT,2020-05-08,602,calfit,ABANDONED-FAILURE TO RESPOND OR LATE RESPONSE,Dead/Abandoned,False,025,False
219,NEAR_1_SUBSTITUTION,1,88807946,,CAL FIT,2020-02-24,602,calfit,ABANDONED-FAILURE TO RESPOND OR LATE RESPONSE,Dead/Abandoned,False,041,False
219,NEAR_1_SUBSTITUTION,1,88638108,,CALLIE,2019-10-01,602,callie,ABANDONED-FAILURE TO RESPOND OR LATE RESPONSE,Dead/Abandoned,False,011,False
219,NEAR_1_SUBSTITUTION,1,88162515,,CALLIA,2018-10-19,602,callia,ABANDONED-FAILURE TO RESPOND OR LATE RESPONSE,Dead/Abandoned,False,025,False
219,NEAR_1_SUBSTITUTION,1,87822949,,CALLIE,2018-03-06,602,callie,ABANDONED-FAILURE TO RESPOND OR LATE RESPONSE,Dead/Abandoned,False,"009,014",False
219,NEAR_1_SUBSTITUTION,1,87623870,5522861,CALLIA,2017-09-27,710,callia,CANCELLED - SECTION 8,Dead/Cancelled,False,,False
219,NEAR_1_SUBSTITUTION,1,87603360,5467698,CALLI B.,2017-09-11,710,callib,CANCELLED - SECTION 8,Dead/Cancelled,False,,False
219,NEAR_1_SUBSTITUTION,1,87316882,,CALLIO,2017-01-28,602,callio,ABANDONED-FAILURE TO RESPOND OR LATE RESPONSE,Dead/Abandoned,False,041,False
219,NEAR_1_SUBSTITUTION,1,87081148,,COLLIT,2016-06-23,606,collit,ABANDONED - NO STATEMENT OF USE FILED,Dead/Abandoned,False,017,False
219,NEAR_1_SUBSTITUTION,1,86606590,,CALLIQ,2015-04-22,602,calliq,ABANDONED-FAILURE TO RESPOND OR LATE RESPONSE,Dead/Abandoned,False,038,False
219,NEAR_1_SUBSTITUTION,1,86303377,,CAL FIT,2014-06-07,602,calfit,ABANDONED-FAILURE TO RESPOND OR LATE RESPONSE,Dead/Abandoned,False,028,False
219,NEAR_1_SUBSTITUTION,1,86021346,5100655,CALMIT,2013-07-26,710,calmit,CANCELLED - SECTION 8,Dead/Cancelled,False,,False
219,NEAR_1_SUBSTITUTION,1,85869101,4589574,WALL-IT,2013-03-06,710,wallit,CANCELLED - SECTION 8,Dead/Cancelled,False,,False
219,NEAR_1_SUBSTITUTION,1,85733554,,CELL IT,2012-09-20,606,cellit,ABANDONED - NO STATEMENT OF USE FILED,Dead/Abandoned,False,009,False
219,NEAR_1_SUBSTITUTION,1,85733556,4334606,CELL IT,2012-09-20,710,cellit,CANCELLED - SECTION 8,Dead/Cancelled,False,,False
219,NEAR_1_SUBSTITUTION,1,85435780,4157194,CELLIT,2011-09-29,710,cellit,CANCELLED - SECTION 8,Dead/Cancelled,False,,False
219,NEAR_1_SUBSTITUTION,1,85164767,,WALLIT!,2010-10-29,606,wallit,ABANDONED - NO STATEMENT OF USE FILED,Dead/Abandoned,False,009,False
219,NEAR_1_SUBSTITUTION,1,85038510,4115581,CALLIE,2010-05-14,710,callie,CANCELLED - SECTION 8,Dead/Cancelled,False,,False
219,NEAR_1_SUBSTITUTION,1,85023822,4427304,CILLIT,2010-04-27,710,cillit,CANCELLED - SECTION 8,Dead/Cancelled,False,,False
219,NEAR_1_SUBSTITUTION,1,85007792,,CALLIE,2010-04-06,602,callie,ABANDONED-FAILURE TO RESPOND OR LATE RESPONSE,Dead/Abandoned,False,028,False
219,NEAR_1_SUBSTITUTION,1,77872485,,BALL IT,2009-11-13,606,ballit,ABANDONED - NO STATEMENT OF USE FILED,Dead/Abandoned,False,028,False
219,NEAR_1_SUBSTITUTION,1,77778620,,CALLET,2009-07-10,606,callet,ABANDONED - NO STATEMENT OF USE FILED,Dead/Abandoned,False,009,False
219,NEAR_1_SUBSTITUTION,1,77709925,,CALLIS,2009-04-08,602,callis,ABANDONED-FAILURE TO RESPOND OR LATE RESPONSE,Dead/Abandoned,False,"009,038",False
219,NEAR_1_SUBSTITUTION,1,77674624,,CALLIE,2009-02-20,606,callie,ABANDONED - NO STATEMENT OF USE FILED,Dead/Abandoned,False,005,True
219,NEAR_1_SUBSTITUTION,1,77626052,,CALLIO,2008-12-03,606,callio,ABANDONED - NO STATEMENT OF USE FILED,Dead/Abandoned,False,009,False
219,NEAR_1_SUBSTITUTION,1,77249030,,CELLIT,2007-08-07,606,cellit,ABANDONED - NO STATEMENT OF USE FILED,Dead/Abandoned,False,001,False
219,NEAR_1_SUBSTITUTION,1,78718253,,CILLIT,2005-09-22,606,cillit,ABANDONED - NO STATEMENT OF USE FILED,Dead/Abandoned,False,003,True
219,NEAR_1_DELETION,1,78582982,3060421,CALLI,2005-03-08,710,calli,CANCELLED - SECTION 8,Dead/Cancelled,False,,False
219,NEAR_1_INSERTION,1,79003216,3032440,CALALIT,2004-02-18,404,calalit,IR CANCELLED; US REGISTRATION CANCELLED,Dead/Cancelled,False,,False
219,NEAR_1_SUBSTITUTION,1,78338963,2922976,TALLIT,2003-12-10,710,tallit,CANCELLED - SECTION 8,Dead/Cancelled,False,,False
219,NEAR_1_DELETION,1,78338036,,CALLI,2003-12-08,602,calli,ABANDONED-FAILURE TO RESPOND OR LATE RESPONSE,Dead/Abandoned,False,012,False
219,NEAR_1_SUBSTITUTION,1,78325211,,CALLIX,2003-11-09,606,callix,ABANDONED - NO STATEMENT OF USE FILED,Dead/Abandoned,False,005,True
219,NEAR_1_INSERTION,1,78257787,,CAL LIFT,2003-06-03,602,callift,ABANDONED-FAILURE TO RESPOND OR LATE RESPONSE,Dead/Abandoned,False,011,False
219,NEAR_1_DELETION,1,76338466,,CALLI,2001-11-14,602,calli,ABANDONED-FAILURE TO RESPOND OR LATE RESPONSE,Dead/Abandoned,False,003,True
219,NEAR_1_SUBSTITUTION,1,78088902,,CALLIE,2001-10-17,606,callie,ABANDONED - NO STATEMENT OF USE FILED,Dead/Abandoned,False,028,False
219,NEAR_1_SUBSTITUTION,1,76161198,,CELLIT,2000-11-07,602,cellit,ABANDONED-FAILURE TO RESPOND OR LATE RESPONSE,Dead/Abandoned,False,"009,042",False
219,NEAR_1_SUBSTITUTION,1,78014551,,CALFIT,2000-06-27,606,calfit,ABANDONED - NO STATEMENT OF USE FILED,Dead/Abandoned,False,001,False
219,NEAR_1_SUBSTITUTION,1,75913481,,CILLIT,2000-02-08,602,cillit,ABANDONED-FAILURE TO RESPOND OR LATE RESPONSE,Dead/Abandoned,False,003,True
219,NEAR_1_SUBSTITUTION,1,75704116,2704940,WALL-IT!,1999-05-12,710,wallit,CANCELLED - SECTION 8,Dead/Cancelled,False,,False
219,NEAR_1_SUBSTITUTION,1,75562860,,CILLIT,1998-10-01,606,cillit,ABANDONED - NO STATEMENT OF USE FILED,Dead/Abandoned,False,"001,002,005,006,007,009,011,019",True
219,NEAR_1_SUBSTITUTION,1,75542957,,CALLIE,1998-08-26,606,callie,ABANDONED - NO STATEMENT OF USE FILED,Dead/Abandoned,False,028,False
219,NEAR_1_SUBSTITUTION,1,75498065,2347668,CALLIE,1998-06-08,710,callie,CANCELLED - SECTION 8,Dead/Cancelled,False,,False
219,NEAR_1_SUBSTITUTION,1,75470781,2382178,CELLIT,1998-04-20,710,cellit,CANCELLED - SECTION 8,Dead/Cancelled,False,,False
219,NEAR_1_SUBSTITUTION,1,75191346,2159673,CALL$IM,1996-11-01,710,callim,CANCELLED - SECTION 8,Dead/Cancelled,False,,False
219,NEAR_1_SUBSTITUTION,1,75172621,,CELLIT,1996-09-26,602,cellit,ABANDONED-FAILURE TO RESPOND OR LATE RESPONSE,Dead/Abandoned,False,,False
219,NEAR_1_SUBSTITUTION,1,75016823,,CALL-IN,1995-11-07,606,callin,ABANDONED - NO STATEMENT OF USE FILED,Dead/Abandoned,False,,False
219,NEAR_1_SUBSTITUTION,1,74644090,,CALLIE,1995-03-09,606,callie,ABANDONED - NO STATEMENT OF USE FILED,Dead/Abandoned,False,,False
219,NEAR_1_SUBSTITUTION,1,74515770,1932350,WALL-IT,1994-04-08,710,wallit,CANCELLED - SECTION 8,Dead/Cancelled,False,,False
219,NEAR_1_INSERTION,1,74327056,,CAL-LITE,1992-11-02,606,callite,ABANDONED - NO STATEMENT OF USE FILED,Dead/Abandoned,False,,False
219,NEAR_1_SUBSTITUTION,1,74269457,,CALCIT,1992-04-27,601,calcit,ABANDONED - EXPRESS,Dead/Abandoned,False,,False
219,NEAR_1_SUBSTITUTION,1,73798278,1595837,CALL-IN,1989-05-08,710,callin,CANCELLED - SECTION 8,Dead/Cancelled,False,,False
219,NEAR_1_SUBSTITUTION,1,73528548,1363081,CAL-KIT,1985-03-25,710,calkit,CANCELLED - SECTION 8,Dead/Cancelled,False,,False
219,NEAR_1_SUBSTITUTION,1,73483160,1368714,CALCIT,1984-06-01,710,calcit,CANCELLED - SECTION 8,Dead/Cancelled,False,,False
219,NEAR_1_SUBSTITUTION,1,73092850,1062721,CAL-KIT,1976-07-09,710,calkit,CANCELLED - SECTION 8,Dead/Cancelled,False,,False
219,NEAR_1_INSERTION,1,73080411,1064362,CAL-LITE,1976-03-15,900,callite,EXPIRED,Dead/Expired,False,,False
219,NEAR_1_SUBSTITUTION,1,72177166,0824691,CELLIT,1963-09-17,900,cellit,EXPIRED,Dead/Expired,False,,False
219,NEAR_1_DELETION,1,88432733,,ALLIT,,622,allit,MISASSIGNED SERIAL NUMBER,Indifferent,False,021,True
219,NEAR_1_DELETION,1,88479238,,ALLIT,,622,allit,MISASSIGNED SERIAL NUMBER,Indifferent,False,021,True
220,EXACT,0,99857117,,CALLED IT.,2026-06-01,630,calledit,NEW APPLICATION - RECORD INITIALIZED NOT ASSIGNED TO EXAMINER,Live/Pending,True,041,False
220,EXACT,0,86702327,4957454,CALLED IT!,2015-07-23,710,calledit,CANCELLED - SECTION 8,Dead/Cancelled,False,,False
220,NEAR_1_INSERTION,1,99857108,,C CALLED IT.,2026-06-01,630,ccalledit,NEW APPLICATION - RECORD INITIALIZED NOT ASSIGNED TO EXAMINER,Live/Pending,True,041,False
220,NEAR_1_SUBSTITUTION,1,79366154,7483917,CELLEDIT,2023-01-24,700,celledit,REGISTERED,Live/Registered,True,042,False
220,NEAR_1_SUBSTITUTION,1,87621835,,CELLEDIT,2017-09-25,602,celledit,ABANDONED-FAILURE TO RESPOND OR LATE RESPONSE,Dead/Abandoned,False,005,True
220,NEAR_1_SUBSTITUTION,1,87617313,,CELLEDIT,2017-09-21,606,celledit,ABANDONED - NO STATEMENT OF USE FILED,Dead/Abandoned,False,005,True
220,NEAR_1_INSERTION,1,85353102,4090991,I CALLED IT,2011-06-22,710,icalledit,CANCELLED - SECTION 8,Dead/Cancelled,False,,False
221,EXACT,0,88671138,6241031,GET TO IT,2019-10-28,700,gettoit,REGISTERED,Live/Registered,True,025,False
221,EXACT,0,97526186,,GET TO IT,2022-07-29,602,gettoit,ABANDONED-FAILURE TO RESPOND OR LATE RESPONSE,Dead/Abandoned,False,025,False
221,EXACT,0,90087882,,GET TO IT!,2020-08-02,602,gettoit,ABANDONED-FAILURE TO RESPOND OR LATE RESPONSE,Dead/Abandoned,False,035,True
221,EXACT,0,87718354,,GET TO IT,2017-12-12,602,gettoit,ABANDONED-FAILURE TO RESPOND OR LATE RESPONSE,Dead/Abandoned,False,"009,035,042,045",True
221,EXACT,0,86396434,,GET TO IT,2014-09-16,602,gettoit,ABANDONED-FAILURE TO RESPOND OR LATE RESPONSE,Dead/Abandoned,False,009,False
221,EXACT,0,77204740,3477696,GET TO IT,2007-06-13,710,gettoit,CANCELLED - SECTION 8,Dead/Cancelled,False,,False
221,EXACT,0,77198858,3499808,GET TO IT.,2007-06-06,710,gettoit,CANCELLED - SECTION 8,Dead/Cancelled,False,,False
221,EXACT,0,77014710,,GET TO IT,2006-10-05,602,gettoit,ABANDONED-FAILURE TO RESPOND OR LATE RESPONSE,Dead/Abandoned,False,032,False
221,EXACT,0,78752121,,GET TO IT.,2005-11-11,602,gettoit,ABANDONED-FAILURE TO RESPOND OR LATE RESPONSE,Dead/Abandoned,False,042,False
221,EXACT,0,76084862,,GET TO IT,2000-07-06,606,gettoit,ABANDONED - NO STATEMENT OF USE FILED,Dead/Abandoned,False,038,False
221,NEAR_1_SUBSTITUTION,1,76084662,,DETTOIT,2000-07-07,606,dettoit,ABANDONED - NO STATEMENT OF USE FILED,Dead/Abandoned,False,009,False
221,NEAR_1_SUBSTITUTION,1,76085171,,DETTOIT,2000-07-07,606,dettoit,ABANDONED - NO STATEMENT OF USE FILED,Dead/Abandoned,False,042,False
221,NEAR_1_SUBSTITUTION,1,76085172,,DETTOIT,2000-07-07,606,dettoit,ABANDONED - NO STATEMENT OF USE FILED,Dead/Abandoned,False,035,True
221,NEAR_1_SUBSTITUTION,1,75874897,,GETTUIT,1999-12-20,604,gettuit,ABANDONED - AFTER INTER-PARTES DECISION,Dead/Abandoned,False,,False
222,NEAR_1_INSERTION,1,98929803,7936100,WHEREGOES,2024-12-30,700,wheregoes,REGISTERED,Live/Registered,True,042,False
223,EXACT,0,76599693,3066453,EYE TO EYE,2004-06-28,800,eyetoeye,REGISTERED AND RENEWED,Live/Registered,True,028,False
223,EXACT,0,97763560,,EYE TO EYE,2023-01-22,602,eyetoeye,ABANDONED-FAILURE TO RESPOND OR LATE RESPONSE,Dead/Abandoned,False,009,False
223,EXACT,0,88741902,,EYE TO EYE,2019-12-30,606,eyetoeye,ABANDONED - NO STATEMENT OF USE FILED,Dead/Abandoned,False,003,True
223,EXACT,0,88069777,,EYE TO EYE,2018-08-08,602,eyetoeye,ABANDONED-FAILURE TO RESPOND OR LATE RESPONSE,Dead/Abandoned,False,025,False
223,EXACT,0,87890899,5852617,EYE TO EYE,2018-04-24,710,eyetoeye,CANCELLED - SECTION 8,Dead/Cancelled,False,,False
223,EXACT,0,87614754,,EYE TO EYE,2017-09-19,606,eyetoeye,ABANDONED - NO STATEMENT OF USE FILED,Dead/Abandoned,False,032,False
223,EXACT,0,87121794,,EYE TO EYE,2016-07-29,606,eyetoeye,ABANDONED - NO STATEMENT OF USE FILED,Dead/Abandoned,False,009,False
223,EXACT,0,86495491,,EYE TO EYE,2015-01-05,602,eyetoeye,ABANDONED-FAILURE TO RESPOND OR LATE RESPONSE,Dead/Abandoned,False,"009,012",False
223,EXACT,0,76023548,,EYE TO EYE,2000-04-13,606,eyetoeye,ABANDONED - NO STATEMENT OF USE FILED,Dead/Abandoned,False,025,False
223,EXACT,0,75403897,,EYE TO EYE,1997-12-11,602,eyetoeye,ABANDONED-FAILURE TO RESPOND OR LATE RESPONSE,Dead/Abandoned,False,,False
223,EXACT,0,75107542,2120513,EYE TO EYE,1996-05-21,710,eyetoeye,CANCELLED - SECTION 8,Dead/Cancelled,False,,False
223,EXACT,0,74330709,1776190,EYE TO EYE,1992-11-12,710,eyetoeye,CANCELLED - SECTION 8,Dead/Cancelled,False,,False
223,EXACT,0,74291057,,EYE-TO-EYE,1992-07-06,606,eyetoeye,ABANDONED - NO STATEMENT OF USE FILED,Dead/Abandoned,False,,False
223,EXACT,0,74291574,1752669,EYE TO EYE,1992-07-06,710,eyetoeye,CANCELLED - SECTION 8,Dead/Cancelled,False,,False
223,EXACT,0,73735258,1527953,EYE TO EYE,1988-06-20,710,eyetoeye,CANCELLED - SECTION 8,Dead/Cancelled,False,,False
223,EXACT,0,73453220,1303050,EYE TO EYE,1983-11-17,710,eyetoeye,CANCELLED - SECTION 8,Dead/Cancelled,False,,False
223,EXACT,0,73175777,1117899,EYE TO EYE,1978-06-23,900,eyetoeye,EXPIRED,Dead/Expired,False,,False
223,EXACT,0,73165603,1134586,EYE TO EYE,1978-04-10,710,eyetoeye,CANCELLED - SECTION 8,Dead/Cancelled,False,,False
223,NEAR_1_INSERTION,1,74359659,1799336,EYE TWO EYE,1993-02-16,710,eyetwoeye,CANCELLED - SECTION 8,Dead/Cancelled,False,,False
224,EXACT,0,97498884,,ONE TO ONE,2022-07-12,733,onetoone,FOURTH EXTENSION - GRANTED,Live/Pending,True,044,True
224,EXACT,0,86915271,5049555,ONE. TO. ONE.,2016-02-22,702,onetoone,SECTION 8 & 15-ACCEPTED AND ACKNOWLEDGED,Live/Registered,True,044,True
224,EXACT,0,75250555,2142560,ONE TO ONE,1997-03-03,800,onetoone,REGISTERED AND RENEWED,Live/Registered,True,041,False
224,EXACT,0,88319345,,ONE TO ONE,2019-02-28,602,onetoone,ABANDONED-FAILURE TO RESPOND OR LATE RESPONSE,Dead/Abandoned,False,005,True
224,EXACT,0,87359736,,ONE TO ONE,2017-03-06,602,onetoone,ABANDONED-FAILURE TO RESPOND OR LATE RESPONSE,Dead/Abandoned,False,042,False
224,EXACT,0,87266358,,ONE TO ONE,2016-12-13,606,onetoone,ABANDONED - NO STATEMENT OF USE FILED,Dead/Abandoned,False,036,False
224,EXACT,0,86014866,,ONE-TO-ONE,2013-07-19,602,onetoone,ABANDONED-FAILURE TO RESPOND OR LATE RESPONSE,Dead/Abandoned,False,033,False
224,EXACT,0,85470733,4366731,ONE TO ONE,2011-11-11,710,onetoone,CANCELLED - SECTION 8,Dead/Cancelled,False,,False
224,EXACT,0,77692375,3760141,ONETOONE,2009-03-16,710,onetoone,CANCELLED - SECTION 8,Dead/Cancelled,False,,False
224,EXACT,0,77234844,3506735,ONETOONE,2007-07-20,710,onetoone,CANCELLED - SECTION 8,Dead/Cancelled,False,,False
224,EXACT,0,77975846,3546888,ONETOONE,2007-07-20,710,onetoone,CANCELLED - SECTION 8,Dead/Cancelled,False,,False
224,EXACT,0,78794679,3250979,ONE TO ONE,2006-01-19,710,onetoone,CANCELLED - SECTION 8,Dead/Cancelled,False,,False
224,EXACT,0,76530921,3064710,ONE TO ONE,2003-07-21,710,onetoone,CANCELLED - SECTION 8,Dead/Cancelled,False,,False
224,EXACT,0,76273942,2690070,ONE TO ONE,2001-06-19,710,onetoone,CANCELLED - SECTION 8,Dead/Cancelled,False,,False
224,EXACT,0,78037239,,ONE.TO.ONE,2000-11-30,606,onetoone,ABANDONED - NO STATEMENT OF USE FILED,Dead/Abandoned,False,"009,038",False
224,EXACT,0,76168583,,ONE TO ONE,2000-11-20,606,onetoone,ABANDONED - NO STATEMENT OF USE FILED,Dead/Abandoned,False,042,False
224,EXACT,0,78014416,,ONE TO ONE,2000-06-26,602,onetoone,ABANDONED-FAILURE TO RESPOND OR LATE RESPONSE,Dead/Abandoned,False,035,True
224,EXACT,0,78000665,,ONE TO ONE,2000-03-23,602,onetoone,ABANDONED-FAILURE TO RESPOND OR LATE RESPONSE,Dead/Abandoned,False,"035,042",True
224,EXACT,0,75654327,2324184,ONE TO ONE,1999-03-05,710,onetoone,CANCELLED - SECTION 8,Dead/Cancelled,False,,False
224,EXACT,0,75502126,2540810,ONE-TO-ONE,1998-06-15,710,onetoone,CANCELLED - SECTION 8,Dead/Cancelled,False,,False
224,EXACT,0,75152705,2087611,ONE TO ONE,1996-08-19,710,onetoone,CANCELLED - SECTION 8,Dead/Cancelled,False,,False
224,EXACT,0,74588308,,ONE TO ONE,1994-10-17,606,onetoone,ABANDONED - NO STATEMENT OF USE FILED,Dead/Abandoned,False,,False
224,EXACT,0,74469488,1901531,ONE-TO-ONE,1993-12-14,710,onetoone,CANCELLED - SECTION 8,Dead/Cancelled,False,,False
224,EXACT,0,74395970,,ONE-TO-ONE,1993-05-27,606,onetoone,ABANDONED - NO STATEMENT OF USE FILED,Dead/Abandoned,False,,False
224,EXACT,0,74376234,,ONE TO ONE,1993-04-02,602,onetoone,ABANDONED-FAILURE TO RESPOND OR LATE RESPONSE,Dead/Abandoned,False,,False
224,EXACT,0,74369546,1821276,ONE-TO-ONE,1993-03-19,710,onetoone,CANCELLED - SECTION 8,Dead/Cancelled,False,,False
224,EXACT,0,74256843,,ONE-TO-ONE,1992-03-19,602,onetoone,ABANDONED-FAILURE TO RESPOND OR LATE RESPONSE,Dead/Abandoned,False,,False
224,EXACT,0,74192462,,ONE-TO-ONE,1991-08-07,606,onetoone,ABANDONED - NO STATEMENT OF USE FILED,Dead/Abandoned,False,,False
224,EXACT,0,73786221,1570184,ONE TO ONE,1989-03-13,710,onetoone,CANCELLED - SECTION 8,Dead/Cancelled,False,,False
224,EXACT,0,73773303,,ONE TO ONE,1989-01-06,602,onetoone,ABANDONED-FAILURE TO RESPOND OR LATE RESPONSE,Dead/Abandoned,False,,False
224,EXACT,0,73567890,1424788,ONE TO ONE,1985-11-12,710,onetoone,CANCELLED - SECTION 8,Dead/Cancelled,False,,False
224,EXACT,0,73374307,1243337,ONE-TO-ONE,1982-07-12,710,onetoone,CANCELLED - SECTION 8,Dead/Cancelled,False,,False
224,EXACT,0,73353452,,ONE-TO-ONE,1982-03-08,602,onetoone,ABANDONED-FAILURE TO RESPOND OR LATE RESPONSE,Dead/Abandoned,False,,False
224,EXACT,0,73338762,1246615,ONE TO ONE,1981-11-24,710,onetoone,CANCELLED - SECTION 8,Dead/Cancelled,False,,False
224,EXACT,0,73338776,1225297,ONE TO ONE,1981-11-24,710,onetoone,CANCELLED - SECTION 8,Dead/Cancelled,False,,False
224,EXACT,0,73309064,1218179,ONE TO ONE,1981-05-07,710,onetoone,CANCELLED - SECTION 8,Dead/Cancelled,False,,False
224,EXACT,0,73285887,,ONE TO ONE,1980-11-14,618,onetoone,ABANDONED FILE - BACKFILE,Dead/Abandoned,False,,False
224,EXACT,0,73229162,1153371,ONE-TO-ONE,1979-08-27,710,onetoone,CANCELLED - SECTION 8,Dead/Cancelled,False,,False
224,EXACT,0,73079423,1115175,ONE TO ONE,1976-03-08,710,onetoone,CANCELLED - SECTION 8,Dead/Cancelled,False,,False
224,EXACT,0,81010201,1010201,ONE TO ONE,,710,onetoone,CANCELLED - SECTION 8,Dead/Cancelled,False,,False
224,NEAR_1_INSERTION,1,88779862,6367520,ONE TO NONE,2020-01-30,700,onetonone,REGISTERED,Live/Registered,True,025,False
224,NEAR_1_DELETION,1,85752037,4489296,ONE O ONE,2012-10-11,800,oneoone,REGISTERED AND RENEWED,Live/Registered,True,025,False
224,NEAR_1_DELETION,1,78666583,3306550,ONE O ONE,2005-07-08,800,oneoone,REGISTERED AND RENEWED,Live/Registered,True,025,False
224,NEAR_1_DELETION,1,98391641,,ONETONE,2024-02-05,602,onetone,ABANDONED-FAILURE TO RESPOND OR LATE RESPONSE,Dead/Abandoned,False,009,False
224,NEAR_1_INSERTION,1,87705620,,ONETWOONE,2017-12-01,602,onetwoone,ABANDONED-FAILURE TO RESPOND OR LATE RESPONSE,Dead/Abandoned,False,025,False
224,NEAR_1_INSERTION,1,87469863,5487980,ONE TWO ONE,2017-05-31,710,onetwoone,CANCELLED - SECTION 8,Dead/Cancelled,False,,False
224,NEAR_1_DELETION,1,77816705,,ONEOONE,2009-08-31,606,oneoone,ABANDONED - NO STATEMENT OF USE FILED,Dead/Abandoned,False,005,True
224,NEAR_1_DELETION,1,77040862,3267615,ONEOONE,2006-11-09,710,oneoone,CANCELLED - SECTION 8,Dead/Cancelled,False,,False
224,NEAR_1_DELETION,1,74680893,2124661,ONE-O-ONE,1995-05-30,710,oneoone,CANCELLED - SECTION 8,Dead/Cancelled,False,,False
224,NEAR_1_DELETION,1,73515580,1405029,ONE O ONE,1984-12-28,710,oneoone,CANCELLED - SECTION 8,Dead/Cancelled,False,,False
225,EXACT,0,88280418,5965117,YOUR CALL,2019-01-29,700,yourcall,REGISTERED,Live/Registered,True,009,False
225,EXACT,0,88280368,,YOUR CALL,2019-01-29,606,yourcall,ABANDONED - NO STATEMENT OF USE FILED,Dead/Abandoned,False,042,False
225,EXACT,0,87537460,,YOUR CALL,2017-07-21,604,yourcall,ABANDONED - AFTER INTER-PARTES DECISION,Dead/Abandoned,False,,False
225,EXACT,0,86352478,,YOUR CALL,2014-07-30,602,yourcall,ABANDONED-FAILURE TO RESPOND OR LATE RESPONSE,Dead/Abandoned,False,"025,038,041",False
225,EXACT,0,78871832,,YOUR CALL,2006-04-28,606,yourcall,ABANDONED - NO STATEMENT OF USE FILED,Dead/Abandoned,False,036,False
225,EXACT,0,78552038,,YOUR CALL,2005-01-21,606,yourcall,ABANDONED - NO STATEMENT OF USE FILED,Dead/Abandoned,False,038,False
225,EXACT,0,75906808,,@ YOUR CALL,2000-01-31,602,yourcall,ABANDONED-FAILURE TO RESPOND OR LATE RESPONSE,Dead/Abandoned,False,"035,042",True
225,EXACT,0,75693456,,YOURCALL,1999-04-29,602,yourcall,ABANDONED-FAILURE TO RESPOND OR LATE RESPONSE,Dead/Abandoned,False,009,False
225,NEAR_1_SUBSTITUTION,1,79352779,7393914,YOUR CELL,2022-09-06,700,yourcell,REGISTERED,Live/Registered,True,011,False
225,NEAR_1_DELETION,1,87695943,5962069,YOUCALL,2017-11-23,700,youcall,REGISTERED,Live/Registered,True,035,True
225,NEAR_1_SUBSTITUTION,1,77883691,,YOUR WALL,2009-12-01,602,yourwall,ABANDONED-FAILURE TO RESPOND OR LATE RESPONSE,Dead/Abandoned,False,009,False
225,NEAR_1_DELETION,1,78556738,3073148,OUR CALL,2005-01-31,710,ourcall,CANCELLED - SECTION 8,Dead/Cancelled,False,,False
226,EXACT,0,90089817,6719688,YOUDECIDE,2020-08-03,700,youdecide,REGISTERED,Live/Registered,True,"035,036,042",True
226,EXACT,0,79260044,5974568,YOU DECIDE,2019-03-13,739,youdecide,Section 71 & 15 ACCEPTED AND ACKNOWLEDGED,Live/Registered,True,039,False
226,EXACT,0,88178222,6251886,YOU DECIDE,2018-11-01,700,youdecide,REGISTERED,Live/Registered,True,036,False
226,EXACT,0,85934459,4520423,YOU DECIDE,2013-05-16,800,youdecide,REGISTERED AND RENEWED,Live/Registered,True,042,False
226,EXACT,0,76341649,2773076,YOUDECIDE,2001-11-27,800,youdecide,REGISTERED AND RENEWED,Live/Registered,True,036,False
226,EXACT,0,97840563,,YOU DECIDE,2023-03-15,602,youdecide,ABANDONED-FAILURE TO RESPOND OR LATE RESPONSE,Dead/Abandoned,False,"016,041",False
226,EXACT,0,87572849,5704205,YOU DECIDE,2017-08-17,710,youdecide,CANCELLED - SECTION 8,Dead/Cancelled,False,,False
226,EXACT,0,86721225,,YOU DECIDE,2015-08-11,606,youdecide,ABANDONED - NO STATEMENT OF USE FILED,Dead/Abandoned,False,005,True
226,EXACT,0,77740800,3705309,YOUDECIDE,2009-05-19,710,youdecide,CANCELLED - SECTION 8,Dead/Cancelled,False,,False
226,EXACT,0,77630049,,YOU DECIDE!,2008-12-10,603,youdecide,ABANDONED - AFTER EX PARTE APPEAL,Dead/Abandoned,False,025,False
226,EXACT,0,77448947,,YOU DECIDE,2008-04-15,606,youdecide,ABANDONED - NO STATEMENT OF USE FILED,Dead/Abandoned,False,003,True
226,EXACT,0,78595383,,YOU DECIDE,2005-03-25,606,youdecide,ABANDONED - NO STATEMENT OF USE FILED,Dead/Abandoned,False,039,False
226,EXACT,0,78570043,3221362,YOU DECIDE,2005-02-17,710,youdecide,CANCELLED - SECTION 8,Dead/Cancelled,False,,False
226,EXACT,0,78328374,2895936,YOU DECIDE,2003-11-14,710,youdecide,CANCELLED - SECTION 8,Dead/Cancelled,False,,False
228,EXACT,0,78620996,3220675,BETTER-INFORMED,2005-05-02,710,betterinformed,CANCELLED - SECTION 8,Dead/Cancelled,False,,False
229,EXACT,0,86635770,5037493,WELL INFORMED,2015-05-20,710,wellinformed,CANCELLED - SECTION 8,Dead/Cancelled,False,,False
229,EXACT,0,78487211,3105115,WELLINFORMED,2004-09-21,710,wellinformed,CANCELLED - SECTION 8,Dead/Cancelled,False,,False
229,EXACT,0,76360360,2765298,WELL INFORMED,2002-01-18,710,wellinformed,CANCELLED - SECTION 8,Dead/Cancelled,False,,False
229,EXACT,0,75144795,,WELL INFORMED,1996-08-01,602,wellinformed,ABANDONED-FAILURE TO RESPOND OR LATE RESPONSE,Dead/Abandoned,False,016,False
229,EXACT,0,74707790,2201651,WELL INFORMED,1995-07-28,710,wellinformed,CANCELLED - SECTION 8,Dead/Cancelled,False,,False
229,EXACT,0,73501362,1332124,WELL INFORMED,1984-09-27,710,wellinformed,CANCELLED - SECTION 8,Dead/Cancelled,False,,False
231,EXACT,0,79281052,6219073,INFORMED CHOICE,2019-10-25,700,informedchoice,REGISTERED,Live/Registered,True,005,True
231,EXACT,0,76718374,4990770,INFORMED-CHOICE,2014-07-15,710,informedchoice,CANCELLED - SECTION 8,Dead/Cancelled,False,,False
231,EXACT,0,79153890,,INFORMED-CHOICE,2014-07-15,401,informedchoice,IR CANCELLED - NO TRANSFORMATION FILED,Dead/Cancelled,False,,False
231,EXACT,0,77439221,,INFORMED CHOICE,2008-04-03,602,informedchoice,ABANDONED-FAILURE TO RESPOND OR LATE RESPONSE,Dead/Abandoned,False,"005,029,030",True
231,EXACT,0,74573893,,INFORMED CHOICE,1994-09-15,602,informedchoice,ABANDONED-FAILURE TO RESPOND OR LATE RESPONSE,Dead/Abandoned,False,,False
231,EXACT,0,74321008,,INFORMED CHOICE,1992-10-08,606,informedchoice,ABANDONED - NO STATEMENT OF USE FILED,Dead/Abandoned,False,,False
231,NEAR_1_INSERTION,1,86840358,,INFORMEDCHOICES,2015-12-05,602,informedchoices,ABANDONED-FAILURE TO RESPOND OR LATE RESPONSE,Dead/Abandoned,False,035,True
231,NEAR_1_INSERTION,1,86521769,4808023,INFORMED CHOICES,2015-02-02,710,informedchoices,CANCELLED - SECTION 8,Dead/Cancelled,False,,False
231,NEAR_1_INSERTION,1,76279288,,INFORMED CHOICES,2001-06-27,606,informedchoices,ABANDONED - NO STATEMENT OF USE FILED,Dead/Abandoned,False,016,False
231,NEAR_1_INSERTION,1,76279375,,INFORMED CHOICES,2001-06-27,606,informedchoices,ABANDONED - NO STATEMENT OF USE FILED,Dead/Abandoned,False,042,False
231,NEAR_1_INSERTION,1,76279376,,INFORMED CHOICES,2001-06-27,606,informedchoices,ABANDONED - NO STATEMENT OF USE FILED,Dead/Abandoned,False,009,False
231,NEAR_1_INSERTION,1,76237992,,INFORMED CHOICES,2001-04-04,606,informedchoices,ABANDONED - NO STATEMENT OF USE FILED,Dead/Abandoned,False,"016,042",False
231,NEAR_1_INSERTION,1,73675560,1501596,INFORMED CHOICES,1987-07-30,710,informedchoices,CANCELLED - SECTION 8,Dead/Cancelled,False,,False
231,NEAR_1_INSERTION,1,73675561,1501597,INFORMED CHOICES,1987-07-30,710,informedchoices,CANCELLED - SECTION 8,Dead/Cancelled,False,,False
232,EXACT,0,99908417,,CLEARCHOICE,2026-06-26,630,clearchoice,NEW APPLICATION - RECORD INITIALIZED NOT ASSIGNED TO EXAMINER,Live/Pending,True,044,True
232,EXACT,0,99821028,,CLEAR CHOICE,2026-05-13,641,clearchoice,NON-FINAL ACTION - MAILED,Live/Pending,True,"011,021,027",True
232,EXACT,0,99573970,,CLEARCHOICE,2025-12-31,686,clearchoice,PUBLISHED FOR OPPOSITION,Live/Pending,True,010,True
232,EXACT,0,98667568,7775797,CLEAR CHOICE,2024-07-25,700,clearchoice,REGISTERED,Live/Registered,True,011,False
232,EXACT,0,98046865,7647739,CLEAR CHOICE,2023-06-16,700,clearchoice,REGISTERED,Live/Registered,True,031,False
232,EXACT,0,97110239,6917742,CLEAR CHOICE,2021-11-05,700,clearchoice,REGISTERED,Live/Registered,True,"024,040",False
232,EXACT,0,88565915,7080919,CLEARCHOICE,2019-08-03,700,clearchoice,REGISTERED,Live/Registered,True,"005,010",True
232,EXACT,0,88062580,6295696,CLEAR CHOICE,2018-08-02,700,clearchoice,REGISTERED,Live/Registered,True,010,True
232,EXACT,0,87415485,5329214,CLEARCHOICE,2017-04-18,702,clearchoice,SECTION 8 & 15-ACCEPTED AND ACKNOWLEDGED,Live/Registered,True,044,True
232,EXACT,0,86036868,4501495,CLEARCHOICE,2013-08-13,800,clearchoice,REGISTERED AND RENEWED,Live/Registered,True,044,True
232,EXACT,0,85570101,4245088,CLEARCHOICE,2012-03-15,800,clearchoice,REGISTERED AND RENEWED,Live/Registered,True,035,True
232,EXACT,0,77686189,3685880,CLEARCHOICE,2009-03-09,800,clearchoice,REGISTERED AND RENEWED,Live/Registered,True,044,True
232,EXACT,0,77551664,3871881,CLEAR CHOICE,2008-08-20,800,clearchoice,REGISTERED AND RENEWED,Live/Registered,True,005,True
232,EXACT,0,77216099,4042309,CLEAR CHOICE,2007-06-26,800,clearchoice,REGISTERED AND RENEWED,Live/Registered,True,030,False
232,EXACT,0,78750456,3176634,CLEAR CHOICE,2005-11-09,800,clearchoice,REGISTERED AND RENEWED,Live/Registered,True,011,False
232,EXACT,0,76605358,3230230,CLEAR CHOICE,2004-08-03,800,clearchoice,REGISTERED AND RENEWED,Live/Registered,True,044,True
232,EXACT,0,76443142,2719326,CLEAR CHOICE,2002-08-23,800,clearchoice,REGISTERED AND RENEWED,Live/Registered,True,017,False
232,EXACT,0,78102139,2735678,CLEAR CHOICE,2002-01-11,800,clearchoice,REGISTERED AND RENEWED,Live/Registered,True,005,True
232,EXACT,0,76287967,2662225,CLEAR CHOICE,2001-07-23,800,clearchoice,REGISTERED AND RENEWED,Live/Registered,True,005,True
232,EXACT,0,75697185,2488498,CLEAR CHOICE,1999-05-04,800,clearchoice,REGISTERED AND RENEWED,Live/Registered,True,021,True
232,EXACT,0,75644376,2483055,CLEAR CHOICE,1999-02-18,800,clearchoice,REGISTERED AND RENEWED,Live/Registered,True,005,True
232,EXACT,0,75441839,2264493,CLEAR CHOICE,1998-02-27,800,clearchoice,REGISTERED AND RENEWED,Live/Registered,True,005,True
232,EXACT,0,75370102,2256055,CLEAR CHOICE,1997-10-08,800,clearchoice,REGISTERED AND RENEWED,Live/Registered,True,012,False
232,EXACT,0,74546444,1959704,CLEAR CHOICE,1994-05-16,800,clearchoice,REGISTERED AND RENEWED,Live/Registered,True,032,False
232,EXACT,0,98474130,,CLEARCHOICE,2024-03-28,602,clearchoice,ABANDONED-FAILURE TO RESPOND OR LATE RESPONSE,Dead/Abandoned,False,003,True
232,EXACT,0,97250596,,CLEARCHOICE,2022-02-02,606,clearchoice,ABANDONED - NO STATEMENT OF USE FILED,Dead/Abandoned,False,009,False
232,EXACT,0,90802718,,CLEAR CHOICE,2021-06-30,606,clearchoice,ABANDONED - NO STATEMENT OF USE FILED,Dead/Abandoned,False,025,False
232,EXACT,0,90802742,,CLEAR CHOICE,2021-06-30,602,clearchoice,ABANDONED-FAILURE TO RESPOND OR LATE RESPONSE,Dead/Abandoned,False,"016,018",False
232,EXACT,0,90802764,,CLEAR CHOICE,2021-06-30,602,clearchoice,ABANDONED-FAILURE TO RESPOND OR LATE RESPONSE,Dead/Abandoned,False,021,True
232,EXACT,0,90802775,,CLEAR CHOICE,2021-06-30,606,clearchoice,ABANDONED - NO STATEMENT OF USE FILED,Dead/Abandoned,False,022,False
232,EXACT,0,90802797,,CLEAR CHOICE,2021-06-30,606,clearchoice,ABANDONED - NO STATEMENT OF USE FILED,Dead/Abandoned,False,034,False
232,EXACT,0,90736170,,CLEAR CHOICE,2021-05-26,602,clearchoice,ABANDONED-FAILURE TO RESPOND OR LATE RESPONSE,Dead/Abandoned,False,010,True
232,EXACT,0,88962969,,CLEAR CHOICE,2020-06-12,606,clearchoice,ABANDONED - NO STATEMENT OF USE FILED,Dead/Abandoned,False,036,False
232,EXACT,0,88624684,,CLEAR CHOICE,2019-09-20,606,clearchoice,ABANDONED - NO STATEMENT OF USE FILED,Dead/Abandoned,False,029,False
232,EXACT,0,88044325,,CLEAR CHOICE,2018-07-19,602,clearchoice,ABANDONED-FAILURE TO RESPOND OR LATE RESPONSE,Dead/Abandoned,False,035,True
232,EXACT,0,87906906,5642141,CLEAR CHOICE,2018-05-03,710,clearchoice,CANCELLED - SECTION 8,Dead/Cancelled,False,,False
232,EXACT,0,87677947,,CLEARCHOICE+,2017-11-09,606,clearchoice,ABANDONED - NO STATEMENT OF USE FILED,Dead/Abandoned,False,035,True
232,EXACT,0,87580755,,CLEAR CHOICE,2017-08-23,602,clearchoice,ABANDONED-FAILURE TO RESPOND OR LATE RESPONSE,Dead/Abandoned,False,003,True
232,EXACT,0,87479190,,CLEARCHOICE,2017-06-07,602,clearchoice,ABANDONED-FAILURE TO RESPOND OR LATE RESPONSE,Dead/Abandoned,False,037,False
232,EXACT,0,87135362,5294182,CLEAR CHOICE,2016-08-11,710,clearchoice,CANCELLED - SECTION 8,Dead/Cancelled,False,,False
232,EXACT,0,86927927,,CLEAR CHOICE,2016-03-03,606,clearchoice,ABANDONED - NO STATEMENT OF USE FILED,Dead/Abandoned,False,029,False
232,EXACT,0,86646191,,CLEAR CHOICE,2015-05-29,602,clearchoice,ABANDONED-FAILURE TO RESPOND OR LATE RESPONSE,Dead/Abandoned,False,011,False
232,EXACT,0,79163441,5106934,CLEARCHOICE,2015-03-12,404,clearchoice,IR CANCELLED; US REGISTRATION CANCELLED,Dead/Cancelled,False,,False
232,EXACT,0,86410573,,CLEAR-CHOICE,2014-09-30,602,clearchoice,ABANDONED-FAILURE TO RESPOND OR LATE RESPONSE,Dead/Abandoned,False,"001,017",False
232,EXACT,0,85753207,4353489,CLEARCHOICE,2012-10-12,710,clearchoice,CANCELLED - SECTION 8,Dead/Cancelled,False,,False
232,EXACT,0,85753239,4353493,CLEARCHOICE,2012-10-12,710,clearchoice,CANCELLED - SECTION 8,Dead/Cancelled,False,,False
232,EXACT,0,85708794,,CLEAR CHOICE,2012-08-21,606,clearchoice,ABANDONED - NO STATEMENT OF USE FILED,Dead/Abandoned,False,009,False
232,EXACT,0,85682903,4506321,CLEAR CHOICE,2012-07-20,710,clearchoice,CANCELLED - SECTION 8,Dead/Cancelled,False,,False
232,EXACT,0,85681668,4427515,CLEARCHOICE,2012-07-19,710,clearchoice,CANCELLED - SECTION 8,Dead/Cancelled,False,,False
232,EXACT,0,76711674,4609943,CLEAR CHOICE,2012-06-07,710,clearchoice,CANCELLED - SECTION 8,Dead/Cancelled,False,,False
232,EXACT,0,85382113,,CLEARCHOICE,2011-07-27,606,clearchoice,ABANDONED - NO STATEMENT OF USE FILED,Dead/Abandoned,False,005,True
232,EXACT,0,85121313,,CLEAR CHOICE,2010-09-01,606,clearchoice,ABANDONED - NO STATEMENT OF USE FILED,Dead/Abandoned,False,029,False
232,EXACT,0,85010555,3982505,CLEAR CHOICE,2010-04-09,710,clearchoice,CANCELLED - SECTION 8,Dead/Cancelled,False,,False
232,EXACT,0,77671480,3944940,CLEAR CHOICE,2009-02-16,710,clearchoice,CANCELLED - SECTION 8,Dead/Cancelled,False,,False
232,EXACT,0,77638096,,CLEARCHOICE,2008-12-22,606,clearchoice,ABANDONED - NO STATEMENT OF USE FILED,Dead/Abandoned,False,019,False
232,EXACT,0,77638103,,CLEARCHOICE,2008-12-22,606,clearchoice,ABANDONED - NO STATEMENT OF USE FILED,Dead/Abandoned,False,027,False
232,EXACT,0,77603949,,CLEAR CHOICE,2008-10-30,602,clearchoice,ABANDONED-FAILURE TO RESPOND OR LATE RESPONSE,Dead/Abandoned,False,009,False
232,EXACT,0,77385229,,CLEAR CHOICE,2008-01-31,602,clearchoice,ABANDONED-FAILURE TO RESPOND OR LATE RESPONSE,Dead/Abandoned,False,019,False
232,EXACT,0,77216096,,CLEAR CHOICE,2007-06-26,602,clearchoice,ABANDONED-FAILURE TO RESPOND OR LATE RESPONSE,Dead/Abandoned,False,032,False
232,EXACT,0,77216119,4038770,CLEAR CHOICE,2007-06-26,710,clearchoice,CANCELLED - SECTION 8,Dead/Cancelled,False,,False
232,EXACT,0,77209268,,CLEARCHOICE,2007-06-19,602,clearchoice,ABANDONED-FAILURE TO RESPOND OR LATE RESPONSE,Dead/Abandoned,False,019,False
232,EXACT,0,77132482,,CLEAR CHOICE,2007-03-15,602,clearchoice,ABANDONED-FAILURE TO RESPOND OR LATE RESPONSE,Dead/Abandoned,False,035,True
232,EXACT,0,77975789,,CLEAR CHOICE,2007-03-15,602,clearchoice,ABANDONED-FAILURE TO RESPOND OR LATE RESPONSE,Dead/Abandoned,False,036,False
232,EXACT,0,77090015,,CLEAR CHOICE,2007-01-24,602,clearchoice,ABANDONED-FAILURE TO RESPOND OR LATE RESPONSE,Dead/Abandoned,False,"003,005",True
232,EXACT,0,77027457,,CLEAR CHOICE,2006-10-23,602,clearchoice,ABANDONED-FAILURE TO RESPOND OR LATE RESPONSE,Dead/Abandoned,False,009,False
232,EXACT,0,77002353,3393908,CLEAR CHOICE,2006-09-19,710,clearchoice,CANCELLED - SECTION 8,Dead/Cancelled,False,,False
232,EXACT,0,78965203,,CLEAR CHOICE,2006-08-31,606,clearchoice,ABANDONED - NO STATEMENT OF USE FILED,Dead/Abandoned,False,002,False
232,EXACT,0,78771417,3320780,CLEAR CHOICE,2005-12-12,710,clearchoice,CANCELLED - SECTION 8,Dead/Cancelled,False,,False
232,EXACT,0,78709642,,CLEARCHOICE,2005-09-09,606,clearchoice,ABANDONED - NO STATEMENT OF USE FILED,Dead/Abandoned,False,042,False
232,EXACT,0,78694863,3181966,CLEARCHOICE,2005-08-17,710,clearchoice,CANCELLED - SECTION 8,Dead/Cancelled,False,,False
232,EXACT,0,78547277,,CLEAR CHOICE,2005-01-13,602,clearchoice,ABANDONED-FAILURE TO RESPOND OR LATE RESPONSE,Dead/Abandoned,False,009,False
232,EXACT,0,76561771,2956642,CLEARCHOICE,2003-11-25,710,clearchoice,CANCELLED - SECTION 8,Dead/Cancelled,False,,False
232,EXACT,0,78208103,2916018,CLEARCHOICE,2003-01-28,710,clearchoice,CANCELLED - SECTION 8,Dead/Cancelled,False,,False
232,EXACT,0,76388759,2677681,CLEAR CHOICE,2002-03-27,710,clearchoice,CANCELLED - SECTION 8,Dead/Cancelled,False,,False
232,EXACT,0,76193626,,CLEAR CHOICE,2001-01-16,606,clearchoice,ABANDONED - NO STATEMENT OF USE FILED,Dead/Abandoned,False,019,False
232,EXACT,0,76164094,2536104,CLEAR-CHOICE,2000-11-13,710,clearchoice,CANCELLED - SECTION 8,Dead/Cancelled,False,,False
232,EXACT,0,76089822,,CLEAR CHOICE,2000-07-17,606,clearchoice,ABANDONED - NO STATEMENT OF USE FILED,Dead/Abandoned,False,004,False
232,EXACT,0,76075455,,CLEARCHOICE,2000-06-22,601,clearchoice,ABANDONED - EXPRESS,Dead/Abandoned,False,038,False
232,EXACT,0,76064169,2492288,CLEAR CHOICE,2000-06-06,710,clearchoice,CANCELLED - SECTION 8,Dead/Cancelled,False,,False
232,EXACT,0,75861515,,CLEARCHOICE,1999-11-30,602,clearchoice,ABANDONED-FAILURE TO RESPOND OR LATE RESPONSE,Dead/Abandoned,False,009,False
232,EXACT,0,75817660,2470517,CLEAR CHOICE,1999-10-06,710,clearchoice,CANCELLED - SECTION 8,Dead/Cancelled,False,,False
232,EXACT,0,75744545,2724602,CLEAR CHOICE,1999-07-07,710,clearchoice,CANCELLED - SECTION 8,Dead/Cancelled,False,,False
232,EXACT,0,75692407,,CLEAR CHOICE,1999-04-26,606,clearchoice,ABANDONED - NO STATEMENT OF USE FILED,Dead/Abandoned,False,002,False
232,EXACT,0,75660580,2370519,CLEAR CHOICE,1999-03-15,710,clearchoice,CANCELLED - SECTION 8,Dead/Cancelled,False,,False
232,EXACT,0,75529217,,CLEAR CHOICE,1998-07-28,606,clearchoice,ABANDONED - NO STATEMENT OF USE FILED,Dead/Abandoned,False,042,False
232,EXACT,0,75407789,2453465,CLEAR CHOICE,1997-12-18,710,clearchoice,CANCELLED - SECTION 8,Dead/Cancelled,False,,False
232,EXACT,0,75337870,,CLEAR CHOICE,1997-08-08,606,clearchoice,ABANDONED - NO STATEMENT OF USE FILED,Dead/Abandoned,False,036,False
232,EXACT,0,75337871,,CLEAR CHOICE,1997-08-08,606,clearchoice,ABANDONED - NO STATEMENT OF USE FILED,Dead/Abandoned,False,039,False
232,EXACT,0,75337872,,CLEAR CHOICE,1997-08-08,606,clearchoice,ABANDONED - NO STATEMENT OF USE FILED,Dead/Abandoned,False,042,False
232,EXACT,0,75313475,2223749,CLEAR CHOICE,1997-06-23,710,clearchoice,CANCELLED - SECTION 8,Dead/Cancelled,False,,False
232,EXACT,0,75192652,2107243,CLEAR CHOICE,1996-11-04,710,clearchoice,CANCELLED - SECTION 8,Dead/Cancelled,False,,False
232,EXACT,0,74557812,2051168,CLEAR CHOICE,1994-08-04,710,clearchoice,CANCELLED - SECTION 8,Dead/Cancelled,False,,False
232,EXACT,0,74532971,1911592,CLEAR CHOICE,1994-06-03,710,clearchoice,CANCELLED - SECTION 8,Dead/Cancelled,False,,False
232,EXACT,0,74532128,2060246,CLEAR CHOICE,1994-06-01,710,clearchoice,CANCELLED - SECTION 8,Dead/Cancelled,False,,False
232,EXACT,0,74528709,,CLEAR CHOICE,1994-05-24,606,clearchoice,ABANDONED - NO STATEMENT OF USE FILED,Dead/Abandoned,False,,False
232,EXACT,0,74490724,2051761,CLEAR CHOICE,1994-02-16,710,clearchoice,CANCELLED - SECTION 8,Dead/Cancelled,False,,False
232,EXACT,0,74490725,2127938,CLEAR CHOICE,1994-02-16,710,clearchoice,CANCELLED - SECTION 8,Dead/Cancelled,False,,False
232,EXACT,0,74463092,1868171,CLEAR CHOICE,1993-11-26,710,clearchoice,CANCELLED - SECTION 8,Dead/Cancelled,False,,False
232,EXACT,0,74433912,1934624,CLEAR CHOICE,1993-09-09,710,clearchoice,CANCELLED - SECTION 8,Dead/Cancelled,False,,False
232,EXACT,0,74398619,,CLEAR CHOICE,1993-06-07,606,clearchoice,ABANDONED - NO STATEMENT OF USE FILED,Dead/Abandoned,False,,False
232,EXACT,0,74392637,1828242,CLEAR CHOICE,1993-05-20,710,clearchoice,CANCELLED - SECTION 8,Dead/Cancelled,False,,False
232,EXACT,0,74383513,1864294,CLEAR CHOICE,1993-04-23,710,clearchoice,CANCELLED - SECTION 8,Dead/Cancelled,False,,False
232,EXACT,0,74376143,,CLEAR CHOICE,1993-04-01,605,clearchoice,ABANDONED EXPRESS AFTER PUB,Dead/Abandoned,False,,False
232,EXACT,0,74373245,,"""CLEAR CHOICE""",1993-03-30,614,clearchoice,ABANDONED PETITION TO REVIVE-DENIED,Dead/Abandoned,False,,False
232,EXACT,0,74349014,1919788,"""CLEAR CHOICE""",1993-01-15,710,clearchoice,CANCELLED - SECTION 8,Dead/Cancelled,False,,False
232,EXACT,0,74312432,,CLEAR CHOICE,1992-09-10,602,clearchoice,ABANDONED-FAILURE TO RESPOND OR LATE RESPONSE,Dead/Abandoned,False,,False
232,EXACT,0,74299580,,CLEAR CHOICE,1992-07-30,606,clearchoice,ABANDONED - NO STATEMENT OF USE FILED,Dead/Abandoned,False,,False
232,EXACT,0,74285500,1825384,CLEAR CHOICE,1992-06-17,710,clearchoice,CANCELLED - SECTION 8,Dead/Cancelled,False,,False
232,EXACT,0,74276845,,CLEAR CHOICE,1992-05-18,601,clearchoice,ABANDONED - EXPRESS,Dead/Abandoned,False,,False
232,EXACT,0,74228323,1839973,CLEAR CHOICE,1991-12-09,710,clearchoice,CANCELLED - SECTION 8,Dead/Cancelled,False,,False
232,EXACT,0,74213725,,CLEAR CHOICE,1991-10-21,606,clearchoice,ABANDONED - NO STATEMENT OF USE FILED,Dead/Abandoned,False,,False
232,EXACT,0,74148185,,CLEAR CHOICE,1991-03-15,606,clearchoice,ABANDONED - NO STATEMENT OF USE FILED,Dead/Abandoned,False,,False
232,EXACT,0,74138124,1760900,CLEAR CHOICE,1991-02-11,713,clearchoice,CANCELLED - SECTION 18,Dead/Cancelled,False,,False
232,EXACT,0,74011505,1621991,CLEAR CHOICE,1989-12-18,710,clearchoice,CANCELLED - SECTION 8,Dead/Cancelled,False,,False
232,EXACT,0,73755955,1576327,CLEAR CHOICE,1988-10-03,710,clearchoice,CANCELLED - SECTION 8,Dead/Cancelled,False,,False
232,EXACT,0,73725555,1518619,CLEAR CHOICE,1988-04-29,713,clearchoice,CANCELLED - SECTION 18,Dead/Cancelled,False,,False
232,EXACT,0,73680772,,CLEAR CHOICE,1987-08-26,602,clearchoice,ABANDONED-FAILURE TO RESPOND OR LATE RESPONSE,Dead/Abandoned,False,,False
232,EXACT,0,73649565,1463544,CLEAR CHOICE,1987-03-16,710,clearchoice,CANCELLED - SECTION 8,Dead/Cancelled,False,,False
232,EXACT,0,73373445,,CLEAR CHOICE,1982-07-07,602,clearchoice,ABANDONED-FAILURE TO RESPOND OR LATE RESPONSE,Dead/Abandoned,False,,False
232,EXACT,0,73370828,1277695,CLEAR CHOICE,1982-06-21,710,clearchoice,CANCELLED - SECTION 8,Dead/Cancelled,False,,False
232,EXACT,0,73232833,1153339,CLEAR CHOICE,1979-09-26,710,clearchoice,CANCELLED - SECTION 8,Dead/Cancelled,False,,False
232,EXACT,0,81038642,1038642,CLEAR CHOICE,,710,clearchoice,CANCELLED - SECTION 8,Dead/Cancelled,False,,False
232,NEAR_1_SUBSTITUTION,1,90803947,7545123,CLEANCHOICE,2021-06-30,700,cleanchoice,REGISTERED,Live/Registered,True,"035,037,040,042",True
232,NEAR_1_SUBSTITUTION,1,88808126,6235342,CLEAN CHOICE,2020-02-24,700,cleanchoice,REGISTERED,Live/Registered,True,001,False
232,NEAR_1_INSERTION,1,86474511,4781894,1 CLEAR CHOICE,2014-12-08,800,1clearchoice,REGISTERED AND RENEWED,Live/Registered,True,037,False
232,NEAR_1_SUBSTITUTION,1,86380069,4712596,CLEAN CHOICE,2014-08-28,800,cleanchoice,REGISTERED AND RENEWED,Live/Registered,True,"003,011,016,021",True
232,NEAR_1_SUBSTITUTION,1,86395173,4956690,CLEANCHOICE,2014-09-15,710,cleanchoice,CANCELLED - SECTION 8,Dead/Cancelled,False,,False
232,NEAR_1_SUBSTITUTION,1,77440524,3667467,CLEAN CHOICE,2008-04-04,710,cleanchoice,CANCELLED - SECTION 8,Dead/Cancelled,False,,False
232,NEAR_1_SUBSTITUTION,1,77098462,3311406,KLEAR CHOICE,2007-02-02,710,klearchoice,CANCELLED - SECTION 8,Dead/Cancelled,False,,False
232,NEAR_1_SUBSTITUTION,1,77080431,3316286,KLEAR CHOICE,2007-01-10,710,klearchoice,CANCELLED - SECTION 8,Dead/Cancelled,False,,False
232,NEAR_1_SUBSTITUTION,1,78816244,,KLEAR CHOICE,2006-02-16,606,klearchoice,ABANDONED - NO STATEMENT OF USE FILED,Dead/Abandoned,False,001,False
232,NEAR_1_SUBSTITUTION,1,76406601,,KLEARCHOICE,2002-05-13,602,klearchoice,ABANDONED-FAILURE TO RESPOND OR LATE RESPONSE,Dead/Abandoned,False,003,True
232,NEAR_1_INSERTION,1,76217419,2600674,CLEAR CHOICES,2001-02-27,900,clearchoices,EXPIRED,Dead/Expired,False,,False
232,NEAR_1_SUBSTITUTION,1,75516193,2270718,CLEAN CHOICE,1998-07-09,710,cleanchoice,CANCELLED - SECTION 8,Dead/Cancelled,False,,False
232,NEAR_1_INSERTION,1,75227575,,CLEARCHOICE.1,1997-01-17,601,clearchoice1,ABANDONED - EXPRESS,Dead/Abandoned,False,,False
232,NEAR_1_SUBSTITUTION,1,75137851,2055556,CLEANCHOICE,1996-07-15,710,cleanchoice,CANCELLED - SECTION 8,Dead/Cancelled,False,,False
232,NEAR_1_INSERTION,1,74453976,2476867,A CLEAR CHOICE,1993-11-03,710,aclearchoice,CANCELLED - SECTION 8,Dead/Cancelled,False,,False
232,NEAR_1_SUBSTITUTION,1,74259017,,CLEAN CHOICE,1992-03-25,606,cleanchoice,ABANDONED - NO STATEMENT OF USE FILED,Dead/Abandoned,False,,False
233,EXACT,0,99773844,,GOODSENSE,2026-04-20,686,goodsense,PUBLISHED FOR OPPOSITION,Live/Pending,True,"003,005,008,010,021,025",True
233,EXACT,0,98095588,7449549,GOOD SENSE,2023-07-21,700,goodsense,REGISTERED,Live/Registered,True,009,False
233,EXACT,0,98095610,7449551,GOOD SENSE,2023-07-21,700,goodsense,REGISTERED,Live/Registered,True,009,False
233,EXACT,0,97278443,7052602,GOOD SENSE,2022-02-22,700,goodsense,REGISTERED,Live/Registered,True,"009,016,041",False
233,EXACT,0,90845482,6718715,GOODSENSE,2021-07-23,700,goodsense,REGISTERED,Live/Registered,True,"003,005",True
233,EXACT,0,88929274,6571897,GOOD SENSE,2020-05-22,700,goodsense,REGISTERED,Live/Registered,True,"029,030,031",False
233,EXACT,0,87572564,5392027,GOODSENSE,2017-08-17,705,goodsense,PARTIAL SECTION 8 & 15 ACCEPTED AND ACKNOWLEDGED,Live/Registered,True,005,True
233,EXACT,0,85643777,4282338,GOODSENSE,2012-06-05,800,goodsense,REGISTERED AND RENEWED,Live/Registered,True,016,False
233,EXACT,0,85007995,3999237,GOODSENSE,2010-04-07,800,goodsense,REGISTERED AND RENEWED,Live/Registered,True,008,False
233,EXACT,0,77888522,3962760,GOODSENSE,2009-12-08,800,goodsense,REGISTERED AND RENEWED,Live/Registered,True,"003,008",True
233,EXACT,0,79067698,3761454,GOODSENSE,2009-02-18,706,goodsense,SECTION 71 ACCEPTED,Live/Registered,True,012,False
233,EXACT,0,77641060,3775870,GOODSENSE,2008-12-30,800,goodsense,REGISTERED AND RENEWED,Live/Registered,True,021,True
233,EXACT,0,78704449,3129568,GOODSENSE,2005-08-31,800,goodsense,REGISTERED AND RENEWED,Live/Registered,True,"016,021,025",True
233,EXACT,0,78596889,3068259,GOOD SENSE,2005-03-29,800,goodsense,REGISTERED AND RENEWED,Live/Registered,True,016,False
233,EXACT,0,76619904,3163213,GOODSENSE,2004-11-09,800,goodsense,REGISTERED AND RENEWED,Live/Registered,True,"005,010",True
233,EXACT,0,78183090,2855175,GOOD SENSE,2002-11-08,800,goodsense,REGISTERED AND RENEWED,Live/Registered,True,041,False
233,EXACT,0,76139699,2549505,GOODSENSE,2000-10-02,800,goodsense,REGISTERED AND RENEWED,Live/Registered,True,"003,005,008,021,025",True
233,EXACT,0,73840195,1763914,GOODSENSE,1989-11-15,800,goodsense,REGISTERED AND RENEWED,Live/Registered,True,"003,005",True
233,EXACT,0,73674398,1609925,GOOD SENSE,1987-07-24,800,goodsense,REGISTERED AND RENEWED,Live/Registered,True,"029,030,031",False
233,EXACT,0,73650112,1460105,GOOD SENSE,1987-03-19,800,goodsense,REGISTERED AND RENEWED,Live/Registered,True,022,False
233,EXACT,0,72335871,0917464,GOOD SENSE,1969-08-21,800,goodsense,REGISTERED AND RENEWED,Live/Registered,True,005,True
233,EXACT,0,99369076,,GOODSENSE,2025-09-02,601,goodsense,ABANDONED - EXPRESS,Dead/Abandoned,False,"003,005,008,010,021,025",True
233,EXACT,0,85698435,4413243,GOODSENSE,2012-08-08,710,goodsense,CANCELLED - SECTION 8,Dead/Cancelled,False,,False
233,EXACT,0,79097328,4181278,GOODSENSE,2011-04-21,709,goodsense,CANCELLED SECTION 71,Dead/Cancelled,False,,False
233,EXACT,0,79097736,4184739,GOODSENSE,2011-04-11,404,goodsense,IR CANCELLED; US REGISTRATION CANCELLED,Dead/Cancelled,False,,False
233,EXACT,0,77702858,3692520,GOOD SENSE,2009-03-31,710,goodsense,CANCELLED - SECTION 8,Dead/Cancelled,False,,False
233,EXACT,0,77599258,,GOOD SENSE,2008-10-23,605,goodsense,ABANDONED EXPRESS AFTER PUB,Dead/Abandoned,False,,False
233,EXACT,0,77178095,,GOOD SENSE,2007-05-10,606,goodsense,ABANDONED - NO STATEMENT OF USE FILED,Dead/Abandoned,False,030,False
233,EXACT,0,78596758,3178338,GOOD SENSE,2005-03-29,710,goodsense,CANCELLED - SECTION 8,Dead/Cancelled,False,,False
233,EXACT,0,78183081,2867888,GOOD SENSE,2002-11-08,710,goodsense,CANCELLED - SECTION 8,Dead/Cancelled,False,,False
233,EXACT,0,75981699,,GOOD SENSE,2000-09-21,603,goodsense,ABANDONED - AFTER EX PARTE APPEAL,Dead/Abandoned,False,010,True
233,EXACT,0,76133186,,GOOD SENSE,2000-09-21,606,goodsense,ABANDONED - NO STATEMENT OF USE FILED,Dead/Abandoned,False,003,True
233,EXACT,0,75015849,2056313,GOOD SENSE,1995-11-07,710,goodsense,CANCELLED - SECTION 8,Dead/Cancelled,False,,False
233,EXACT,0,74612806,2152692,GOOD SENSE,1994-12-19,710,goodsense,CANCELLED - SECTION 8,Dead/Cancelled,False,,False
233,EXACT,0,74409069,1836819,GOOD SENSE,1993-07-06,710,goodsense,CANCELLED - SECTION 8,Dead/Cancelled,False,,False
233,EXACT,0,74290943,,GOOD SENSE,1992-07-06,606,goodsense,ABANDONED - NO STATEMENT OF USE FILED,Dead/Abandoned,False,,False
233,EXACT,0,74801827,1860396,GOOD SENSE,1992-07-06,710,goodsense,CANCELLED - SECTION 8,Dead/Cancelled,False,,False
233,EXACT,0,74280006,1762802,GOOD SENSE,1992-06-01,710,goodsense,CANCELLED - SECTION 8,Dead/Cancelled,False,,False
233,EXACT,0,74269484,1988742,GOOD-SENSE,1992-04-27,710,goodsense,CANCELLED - SECTION 8,Dead/Cancelled,False,,False
233,EXACT,0,74086686,,GOOD SENSE,1990-08-10,601,goodsense,ABANDONED - EXPRESS,Dead/Abandoned,False,,False
233,EXACT,0,74071064,,GOOD SENSE,1990-06-20,606,goodsense,ABANDONED - NO STATEMENT OF USE FILED,Dead/Abandoned,False,,False
233,EXACT,0,73768683,1609250,GOOD SENSE,1988-12-12,710,goodsense,CANCELLED - SECTION 8,Dead/Cancelled,False,,False
233,EXACT,0,73450420,,GOOD SENSE,1983-10-31,602,goodsense,ABANDONED-FAILURE TO RESPOND OR LATE RESPONSE,Dead/Abandoned,False,,False
233,EXACT,0,73435159,,GOOD SENSE,1983-07-18,603,goodsense,ABANDONED - AFTER EX PARTE APPEAL,Dead/Abandoned,False,,False
233,EXACT,0,73411475,1282944,GOOD SENSE,1983-01-31,713,goodsense,CANCELLED - SECTION 18,Dead/Cancelled,False,,False
233,EXACT,0,73044964,1022797,GOOD SENSE,1975-02-24,900,goodsense,EXPIRED,Dead/Expired,False,,False
233,EXACT,0,72438225,0968705,GOOD SENSE,1972-10-13,900,goodsense,EXPIRED,Dead/Expired,False,,False
233,NEAR_1_SUBSTITUTION,1,99579694,,WOODSENSE,2026-01-06,686,woodsense,PUBLISHED FOR OPPOSITION,Live/Pending,True,009,False
233,NEAR_1_SUBSTITUTION,1,98833209,7973498,MOODSENSE,2024-11-01,700,moodsense,REGISTERED,Live/Registered,True,005,True
233,NEAR_1_SUBSTITUTION,1,88186230,5973871,FOODSENSE,2018-11-08,701,foodsense,SECTION 8-ACCEPTED,Live/Registered,True,009,False
233,NEAR_1_SUBSTITUTION,1,86849852,5021241,FOODSENSE,2015-12-15,701,foodsense,SECTION 8-ACCEPTED,Live/Registered,True,016,False
233,NEAR_1_SUBSTITUTION,1,75648677,2326189,FOODSENSE,1999-02-25,800,foodsense,REGISTERED AND RENEWED,Live/Registered,True,"041,042",False
233,NEAR_1_SUBSTITUTION,1,87926345,5817212,FOODSENSE,2018-05-17,710,foodsense,CANCELLED - SECTION 8,Dead/Cancelled,False,,False
233,NEAR_1_SUBSTITUTION,1,87391343,5602206,MOODSENSE,2017-03-29,710,moodsense,CANCELLED - SECTION 8,Dead/Cancelled,False,,False
233,NEAR_1_SUBSTITUTION,1,86092588,5000898,WOODSENSE,2013-10-16,710,woodsense,CANCELLED - SECTION 8,Dead/Cancelled,False,,False
233,NEAR_1_SUBSTITUTION,1,85922880,,FOODSENSE,2013-05-03,602,foodsense,ABANDONED-FAILURE TO RESPOND OR LATE RESPONSE,Dead/Abandoned,False,"016,041",False
233,NEAR_1_SUBSTITUTION,1,85057217,,MOOD SENSE,2010-06-08,602,moodsense,ABANDONED-FAILURE TO RESPOND OR LATE RESPONSE,Dead/Abandoned,False,003,True
233,NEAR_1_SUBSTITUTION,1,74090031,,FOOD SENSE,1990-08-20,602,foodsense,ABANDONED-FAILURE TO RESPOND OR LATE RESPONSE,Dead/Abandoned,False,,False
233,NEAR_1_SUBSTITUTION,1,74075294,,FOODSENSE,1990-07-05,606,foodsense,ABANDONED - NO STATEMENT OF USE FILED,Dead/Abandoned,False,,False
233,NEAR_1_SUBSTITUTION,1,74075296,,FOODSENSE,1990-07-05,602,foodsense,ABANDONED-FAILURE TO RESPOND OR LATE RESPONSE,Dead/Abandoned,False,,False
233,NEAR_1_SUBSTITUTION,1,74005939,1604684,WOODSENSE,1989-11-29,710,woodsense,CANCELLED - SECTION 8,Dead/Cancelled,False,,False
234,EXACT,0,98299273,7569513,COMMON SENSE,2023-12-05,700,commonsense,REGISTERED,Live/Registered,True,007,False
234,EXACT,0,90163670,6474664,COMMONSENSE,2020-09-07,700,commonsense,REGISTERED,Live/Registered,True,"008,021",True
234,EXACT,0,88584245,6027421,COMMON SENSE,2019-08-19,700,commonsense,REGISTERED,Live/Registered,True,037,False
234,EXACT,0,87823341,5752682,COMMON SENSE,2018-03-07,702,commonsense,SECTION 8 & 15-ACCEPTED AND ACKNOWLEDGED,Live/Registered,True,005,True
234,EXACT,0,87578362,6373231,COMMON SENSE,2017-08-22,700,commonsense,REGISTERED,Live/Registered,True,035,True
234,EXACT,0,86403980,4989332,COMMON SENSE,2014-09-23,702,commonsense,SECTION 8 & 15-ACCEPTED AND ACKNOWLEDGED,Live/Registered,True,"009,016,035,038,041",True
234,EXACT,0,86403988,4989333,COMMON SENSE,2014-09-23,702,commonsense,SECTION 8 & 15-ACCEPTED AND ACKNOWLEDGED,Live/Registered,True,"009,016,035,038,041",True
234,EXACT,0,86211532,4991022,COMMON SENSE,2014-03-05,702,commonsense,SECTION 8 & 15-ACCEPTED AND ACKNOWLEDGED,Live/Registered,True,032,False
234,EXACT,0,78858133,3659445,COMMON SENSE,2006-04-10,800,commonsense,REGISTERED AND RENEWED,Live/Registered,True,035,True
234,EXACT,0,78979973,3428835,COMMON SENSE,2006-04-10,800,commonsense,REGISTERED AND RENEWED,Live/Registered,True,"035,041",True
234,EXACT,0,74506844,2114915,COMMON SENSE,1994-03-14,800,commonsense,REGISTERED AND RENEWED,Live/Registered,True,"009,041",False
234,EXACT,0,74323256,1773067,COMMON SENSE,1992-10-19,800,commonsense,REGISTERED AND RENEWED,Live/Registered,True,026,False
234,EXACT,0,71537130,0508747,"""COMMON SENSE""",1947-10-08,800,commonsense,REGISTERED AND RENEWED,Live/Registered,True,016,False
234,EXACT,0,97268861,,COMMON SENSE,2022-02-16,602,commonsense,ABANDONED-FAILURE TO RESPOND OR LATE RESPONSE,Dead/Abandoned,False,"009,042",False
234,EXACT,0,88868088,,COMMONSENSE,2020-04-10,602,commonsense,ABANDONED-FAILURE TO RESPOND OR LATE RESPONSE,Dead/Abandoned,False,"003,035",True
234,EXACT,0,88810297,,COMMON SENSE,2020-02-25,602,commonsense,ABANDONED-FAILURE TO RESPOND OR LATE RESPONSE,Dead/Abandoned,False,038,False
234,EXACT,0,88773626,,COMMON SENSE,2020-01-26,602,commonsense,ABANDONED-FAILURE TO RESPOND OR LATE RESPONSE,Dead/Abandoned,False,009,False
234,EXACT,0,88619003,,COMMON SENSE,2019-09-16,606,commonsense,ABANDONED - NO STATEMENT OF USE FILED,Dead/Abandoned,False,005,True
234,EXACT,0,88381324,5884915,COMMON SENSE,2019-04-11,710,commonsense,CANCELLED - SECTION 8,Dead/Cancelled,False,,False
234,EXACT,0,88163951,,COMMON SENSE,2018-10-22,602,commonsense,ABANDONED-FAILURE TO RESPOND OR LATE RESPONSE,Dead/Abandoned,False,025,False
234,EXACT,0,87181984,5663956,COMMON SENSE,2016-09-23,710,commonsense,CANCELLED - SECTION 8,Dead/Cancelled,False,,False
234,EXACT,0,86622356,5200532,COMMON SENSE,2015-05-07,710,commonsense,CANCELLED - SECTION 8,Dead/Cancelled,False,,False
234,EXACT,0,86437291,,COMMON SENSE,2014-10-28,602,commonsense,ABANDONED-FAILURE TO RESPOND OR LATE RESPONSE,Dead/Abandoned,False,032,False
234,EXACT,0,85901171,4612124,COMMON SENSE,2013-04-11,710,commonsense,CANCELLED - SECTION 8,Dead/Cancelled,False,,False
234,EXACT,0,85319852,,COMMON SENSE,2011-05-12,606,commonsense,ABANDONED - NO STATEMENT OF USE FILED,Dead/Abandoned,False,033,False
234,EXACT,0,85091392,3934413,COMMON SENSE,2010-07-23,710,commonsense,CANCELLED - SECTION 8,Dead/Cancelled,False,,False
234,EXACT,0,85088376,3967918,COMMONSENSE,2010-07-20,710,commonsense,CANCELLED - SECTION 8,Dead/Cancelled,False,,False
234,EXACT,0,77864172,3787478,COMMONSENSE,2009-11-03,711,commonsense,CANCELLED - SECTION 7,Dead/Cancelled,False,,False
234,EXACT,0,77758880,3779437,COMMONSENSE,2009-06-12,711,commonsense,CANCELLED - SECTION 7,Dead/Cancelled,False,,False
234,EXACT,0,76692499,,COMMON SENSE,2008-09-02,606,commonsense,ABANDONED - NO STATEMENT OF USE FILED,Dead/Abandoned,False,037,False
234,EXACT,0,77248605,,COMMON SENSE,2007-08-07,601,commonsense,ABANDONED - EXPRESS,Dead/Abandoned,False,005,True
234,EXACT,0,76678308,,COMMON SENSE,2007-06-15,602,commonsense,ABANDONED-FAILURE TO RESPOND OR LATE RESPONSE,Dead/Abandoned,False,"005,010,035",True
234,EXACT,0,79010065,3104170,COMMONSENSE,2004-10-28,404,commonsense,IR CANCELLED; US REGISTRATION CANCELLED,Dead/Cancelled,False,,False
234,EXACT,0,78357218,,COMMONSENSE,2004-01-25,606,commonsense,ABANDONED - NO STATEMENT OF USE FILED,Dead/Abandoned,False,016,False
234,EXACT,0,76352399,,COMMONSENSE,2001-12-27,606,commonsense,ABANDONED - NO STATEMENT OF USE FILED,Dead/Abandoned,False,038,False
234,EXACT,0,76241438,,COMMON SENSE,2001-04-16,602,commonsense,ABANDONED-FAILURE TO RESPOND OR LATE RESPONSE,Dead/Abandoned,False,025,False
234,EXACT,0,75899549,,COMMON SENSE,2000-01-24,602,commonsense,ABANDONED-FAILURE TO RESPOND OR LATE RESPONSE,Dead/Abandoned,False,"005,010",True
234,EXACT,0,75379396,,COMMON-SENSE,1997-10-27,606,commonsense,ABANDONED - NO STATEMENT OF USE FILED,Dead/Abandoned,False,"001,005",True
234,EXACT,0,75222282,2193126,COMMON SENSE,1997-01-07,710,commonsense,CANCELLED - SECTION 8,Dead/Cancelled,False,,False
234,EXACT,0,75160646,2095003,COMMON SENSE,1996-08-29,710,commonsense,CANCELLED - SECTION 8,Dead/Cancelled,False,,False
234,EXACT,0,75087718,,COMMON SENSE,1996-04-15,602,commonsense,ABANDONED-FAILURE TO RESPOND OR LATE RESPONSE,Dead/Abandoned,False,042,False
234,EXACT,0,74677865,,COMMON SENSE,1995-05-22,606,commonsense,ABANDONED - NO STATEMENT OF USE FILED,Dead/Abandoned,False,,False
234,EXACT,0,74615939,,COMMON SENSE,1994-12-27,604,commonsense,ABANDONED - AFTER INTER-PARTES DECISION,Dead/Abandoned,False,,False
234,EXACT,0,74610374,,COMMONSENSE,1994-12-06,603,commonsense,ABANDONED - AFTER EX PARTE APPEAL,Dead/Abandoned,False,,False
234,EXACT,0,74534019,1961036,COMMONSENSE,1994-06-06,710,commonsense,CANCELLED - SECTION 8,Dead/Cancelled,False,,False
234,EXACT,0,74528830,2085166,COMMON SENSE,1994-05-24,710,commonsense,CANCELLED - SECTION 8,Dead/Cancelled,False,,False
234,EXACT,0,74478346,,COMMON SENSE,1994-01-11,604,commonsense,ABANDONED - AFTER INTER-PARTES DECISION,Dead/Abandoned,False,,False
234,EXACT,0,74411197,,COMMON-SENSE,1993-07-12,606,commonsense,ABANDONED - NO STATEMENT OF USE FILED,Dead/Abandoned,False,,False
234,EXACT,0,74388725,1827439,COMMON SENSE,1993-05-06,710,commonsense,CANCELLED - SECTION 8,Dead/Cancelled,False,,False
234,EXACT,0,74333500,1818912,COMMON SENSE,1992-11-23,710,commonsense,CANCELLED - SECTION 8,Dead/Cancelled,False,,False
234,EXACT,0,74334000,1821251,COMMON SENSE,1992-11-23,710,commonsense,CANCELLED - SECTION 8,Dead/Cancelled,False,,False
234,EXACT,0,74205002,,COMMON SENSE,1991-09-19,602,commonsense,ABANDONED-FAILURE TO RESPOND OR LATE RESPONSE,Dead/Abandoned,False,,False
234,EXACT,0,74201070,1736376,COMMON SENSE,1991-09-06,710,commonsense,CANCELLED - SECTION 8,Dead/Cancelled,False,,False
234,EXACT,0,74198251,,COMMON SENSE,1991-08-26,602,commonsense,ABANDONED-FAILURE TO RESPOND OR LATE RESPONSE,Dead/Abandoned,False,,False
234,EXACT,0,73808019,1890142,COMMON SENSE,1989-06-20,710,commonsense,CANCELLED - SECTION 8,Dead/Cancelled,False,,False
234,EXACT,0,73742203,1546479,COMMON SENSE,1988-07-25,710,commonsense,CANCELLED - SECTION 8,Dead/Cancelled,False,,False
234,EXACT,0,73740795,1596688,COMMON SENSE,1988-07-15,710,commonsense,CANCELLED - SECTION 8,Dead/Cancelled,False,,False
234,EXACT,0,73677912,1520608,COMMON SENSE,1987-08-12,710,commonsense,CANCELLED - SECTION 8,Dead/Cancelled,False,,False
234,EXACT,0,73491682,1416912,COMMON SENSE,1984-07-26,710,commonsense,CANCELLED - SECTION 8,Dead/Cancelled,False,,False
234,EXACT,0,73462960,1327110,COMMON SENSE,1984-01-27,710,commonsense,CANCELLED - SECTION 8,Dead/Cancelled,False,,False
234,EXACT,0,73401047,1437782,COMMON SENSE,1982-10-28,710,commonsense,CANCELLED - SECTION 8,Dead/Cancelled,False,,False
234,EXACT,0,73192299,1157669,COMMON SENSE,1978-11-06,710,commonsense,CANCELLED - SECTION 8,Dead/Cancelled,False,,False
234,EXACT,0,71525619,0441986,COMMON SENSE,1947-07-02,900,commonsense,EXPIRED,Dead/Expired,False,,False
234,EXACT,0,71512108,0433262,COMMON SENSE,1946-11-06,900,commonsense,EXPIRED,Dead/Expired,False,,False
234,EXACT,0,71511264,0433258,COMMON SENSE,1946-10-22,900,commonsense,EXPIRED,Dead/Expired,False,,False
234,EXACT,0,70020970,0020970,COMMON SENSE,1892-03-15,900,commonsense,EXPIRED,Dead/Expired,False,,False
234,EXACT,0,81029683,1029683,COMMON SENSE,,710,commonsense,CANCELLED - SECTION 8,Dead/Cancelled,False,,False
234,NEAR_1_INSERTION,1,99740123,,COMMON SENSES,2026-04-02,630,commonsenses,NEW APPLICATION - RECORD INITIALIZED NOT ASSIGNED TO EXAMINER,Live/Pending,True,003,True
234,NEAR_1_INSERTION,1,90129308,6320435,COMMONSENSEI,2020-08-21,700,commonsensei,REGISTERED,Live/Registered,True,"009,016,041",False
234,NEAR_1_INSERTION,1,98081390,,COMMON SSENSE,2023-07-12,604,commonssense,ABANDONED - AFTER INTER-PARTES DECISION,Dead/Abandoned,False,,False
234,NEAR_1_INSERTION,1,97393104,,ECOMMONSENSE,2022-05-03,606,ecommonsense,ABANDONED - NO STATEMENT OF USE FILED,Dead/Abandoned,False,042,False
234,NEAR_1_INSERTION,1,87209563,,COMMONSENSEI,2016-10-20,606,commonsensei,ABANDONED - NO STATEMENT OF USE FILED,Dead/Abandoned,False,016,False
234,NEAR_1_INSERTION,1,85749884,,COMMON SENSEI,2012-10-10,602,commonsensei,ABANDONED-FAILURE TO RESPOND OR LATE RESPONSE,Dead/Abandoned,False,041,False
234,NEAR_1_INSERTION,1,77957463,,COMMONSENSER,2010-03-12,601,commonsenser,ABANDONED - EXPRESS,Dead/Abandoned,False,009,False
234,NEAR_1_INSERTION,1,78603834,3628783,COMMONSENSER,2005-04-07,710,commonsenser,CANCELLED - SECTION 8,Dead/Cancelled,False,,False
235,EXACT,0,85565371,,MAKES SENSE...,2012-03-09,602,makessense,ABANDONED-FAILURE TO RESPOND OR LATE RESPONSE,Dead/Abandoned,False,042,False
235,EXACT,0,77759364,3739496,MAKES SENSE,2009-06-15,710,makessense,CANCELLED - SECTION 8,Dead/Cancelled,False,,False
235,EXACT,0,74411955,1956727,MAKES SENSE,1993-07-12,710,makessense,CANCELLED - SECTION 8,Dead/Cancelled,False,,False
235,EXACT,0,73425564,,MAKES SENSE,1983-05-12,602,makessense,ABANDONED-FAILURE TO RESPOND OR LATE RESPONSE,Dead/Abandoned,False,,False
235,NEAR_1_DELETION,1,90370348,7243138,MAKESENSE,2020-12-09,700,makesense,REGISTERED,Live/Registered,True,001,False
235,NEAR_1_DELETION,1,90370352,7327862,MAKE SENSE,2020-12-09,700,makesense,REGISTERED,Live/Registered,True,001,False
235,NEAR_1_DELETION,1,90116411,6313535,MAKESENSE,2020-08-15,700,makesense,REGISTERED,Live/Registered,True,"008,021",True
235,NEAR_1_DELETION,1,88413091,5948221,MAKE SENSE,2019-05-02,700,makesense,REGISTERED,Live/Registered,True,042,False
235,NEAR_1_DELETION,1,87358947,6315845,MAKESENSE,2017-03-05,700,makesense,REGISTERED,Live/Registered,True,041,False
235,NEAR_1_DELETION,1,86819221,5070027,MAKESENSE,2015-11-13,702,makesense,SECTION 8 & 15-ACCEPTED AND ACKNOWLEDGED,Live/Registered,True,003,True
235,NEAR_1_DELETION,1,78916333,3478235,MAKE SENSE,2006-06-25,800,makesense,REGISTERED AND RENEWED,Live/Registered,True,008,False
235,NEAR_1_DELETION,1,79374952,,MAKESENSE,2023-05-11,602,makesense,ABANDONED-FAILURE TO RESPOND OR LATE RESPONSE,Dead/Abandoned,False,009,False
235,NEAR_1_DELETION,1,97468867,,MAKESENSE,2022-06-21,606,makesense,ABANDONED - NO STATEMENT OF USE FILED,Dead/Abandoned,False,009,False
235,NEAR_1_INSERTION,1,90658340,,MAKE ESSENSE,2021-04-20,602,makeessense,ABANDONED-FAILURE TO RESPOND OR LATE RESPONSE,Dead/Abandoned,False,003,True
235,NEAR_1_DELETION,1,90658364,,MAKE SENSE,2021-04-20,602,makesense,ABANDONED-FAILURE TO RESPOND OR LATE RESPONSE,Dead/Abandoned,False,003,True
235,NEAR_1_DELETION,1,87010080,,MAKESENSE,2016-04-21,605,makesense,ABANDONED EXPRESS AFTER PUB,Dead/Abandoned,False,,False
235,NEAR_1_DELETION,1,87010081,,MAKESENSE,2016-04-21,601,makesense,ABANDONED - EXPRESS,Dead/Abandoned,False,042,False
235,NEAR_1_DELETION,1,76423172,,MAKESENSE,2002-06-19,602,makesense,ABANDONED-FAILURE TO RESPOND OR LATE RESPONSE,Dead/Abandoned,False,003,True
235,NEAR_1_DELETION,1,73227157,1220044,MAKE SENSE,1979-08-13,710,makesense,CANCELLED - SECTION 8,Dead/Cancelled,False,,False
236,NEAR_1_INSERTION,1,98845563,7902204,SENSESMADE,2024-11-09,700,sensesmade,REGISTERED,Live/Registered,True,035,True
236,NEAR_1_DELETION,1,90528896,6607051,SENSEADE,2021-02-15,700,senseade,REGISTERED,Live/Registered,True,032,False
236,NEAR_1_SUBSTITUTION,1,77691145,,SENSE-MATE,2009-03-14,602,sensemate,ABANDONED-FAILURE TO RESPOND OR LATE RESPONSE,Dead/Abandoned,False,009,False
237,NEAR_1_DELETION,1,79360171,7435364,SENSCHECK,2022-11-25,700,senscheck,REGISTERED,Live/Registered,True,"006,009,020,037",False
237,NEAR_1_TRANSPOSITION,1,77642883,,SENESCHECK,2009-01-03,602,senescheck,ABANDONED-FAILURE TO RESPOND OR LATE RESPONSE,Dead/Abandoned,False,005,True
237,NEAR_1_SUBSTITUTION,1,73501746,1338997,SENSICHECK,1984-10-01,710,sensicheck,CANCELLED - SECTION 8,Dead/Cancelled,False,,False
239,EXACT,0,99193629,,GOOD REASON,2025-05-20,681,goodreason,PUBLICATION/ISSUE REVIEW COMPLETE,Live/Pending,True,"035,036",True
239,EXACT,0,87809230,6064709,GOOD REASON,2018-02-23,700,goodreason,REGISTERED,Live/Registered,True,030,False
239,EXACT,0,90174745,,GOOD REASON,2020-09-11,606,goodreason,ABANDONED - NO STATEMENT OF USE FILED,Dead/Abandoned,False,"039,043",False
239,EXACT,0,74292170,1808566,GOOD REASON,1992-07-08,710,goodreason,CANCELLED - SECTION 8,Dead/Cancelled,False,,False
240,EXACT,0,88788661,,EVERY REASON,2020-02-07,606,everyreason,ABANDONED - NO STATEMENT OF USE FILED,Dead/Abandoned,False,035,True
240,EXACT,0,78846338,,EVERY REASON,2006-03-26,606,everyreason,ABANDONED - NO STATEMENT OF USE FILED,Dead/Abandoned,False,009,False
240,NEAR_1_SUBSTITUTION,1,99482719,,EVERY SEASON,2025-11-06,688,everyseason,NOTICE OF ALLOWANCE - ISSUED,Live/Pending,True,025,False
240,NEAR_1_SUBSTITUTION,1,98500603,,EVERY SEASON,2024-04-15,606,everyseason,ABANDONED - NO STATEMENT OF USE FILED,Dead/Abandoned,False,"014,035",True
240,NEAR_1_SUBSTITUTION,1,76583833,2978023,EVERY SEASON,2004-03-26,710,everyseason,CANCELLED - SECTION 8,Dead/Cancelled,False,,False
240,NEAR_1_SUBSTITUTION,1,72256616,0847493,EVERY SEASON,1966-10-17,900,everyseason,EXPIRED,Dead/Expired,False,,False
241,EXACT,0,86105070,,FOR A REASON,2013-10-30,606,forareason,ABANDONED - NO STATEMENT OF USE FILED,Dead/Abandoned,False,016,False
241,NEAR_1_INSERTION,1,99749718,,#1 FOR A REASON,2026-04-07,630,1forareason,NEW APPLICATION - RECORD INITIALIZED NOT ASSIGNED TO EXAMINER,Live/Pending,True,"005,035,044",True
241,NEAR_1_INSERTION,1,90461254,,#1FORAREASON,2021-01-12,602,1forareason,ABANDONED-FAILURE TO RESPOND OR LATE RESPONSE,Dead/Abandoned,False,003,True
243,NEAR_1_SUBSTITUTION,1,90376871,6661223,WELL SEASONED,2020-12-11,700,wellseasoned,REGISTERED,Live/Registered,True,035,True
243,NEAR_1_SUBSTITUTION,1,78956109,3610507,WELL SEASONED,2006-08-20,710,wellseasoned,CANCELLED - SECTION 8,Dead/Cancelled,False,,False
244,EXACT,0,79277671,7159424,CONSIDERED,2019-11-13,700,considered,REGISTERED,Live/Registered,True,"018,025",False
244,EXACT,0,97616922,,CONSIDERED,2022-10-03,602,considered,ABANDONED-FAILURE TO RESPOND OR LATE RESPONSE,Dead/Abandoned,False,"036,041,043",False
246,EXACT,0,99059494,,BY DESIGN,2025-02-27,688,bydesign,NOTICE OF ALLOWANCE - ISSUED,Live/Pending,True,009,False
246,EXACT,0,99059504,,BY DESIGN,2025-02-27,730,bydesign,FIRST EXTENSION - GRANTED,Live/Pending,True,041,False
246,EXACT,0,98946374,,BY [DESIGN],2025-01-08,688,bydesign,NOTICE OF ALLOWANCE - ISSUED,Live/Pending,True,009,False
246,EXACT,0,90867878,6856214,BYDESIGN,2021-08-05,700,bydesign,REGISTERED,Live/Registered,True,042,False
246,EXACT,0,79048104,4287163,BYDESIGN,2007-09-21,706,bydesign,SECTION 71 ACCEPTED,Live/Registered,True,035,True
246,EXACT,0,78655083,3482143,BY DESIGN,2005-06-21,800,bydesign,REGISTERED AND RENEWED,Live/Registered,True,042,False
246,EXACT,0,78980041,3443065,BY DESIGN,2005-06-21,800,bydesign,REGISTERED AND RENEWED,Live/Registered,True,"042,044,045",True
246,EXACT,0,74733737,2026648,BY DESIGN,1995-09-25,800,bydesign,REGISTERED AND RENEWED,Live/Registered,True,025,False
246,EXACT,0,99059499,,BY DESIGN,2025-02-27,602,bydesign,ABANDONED-FAILURE TO RESPOND OR LATE RESPONSE,Dead/Abandoned,False,025,False
246,EXACT,0,98946400,,BY [DESIGN],2025-01-08,602,bydesign,ABANDONED-FAILURE TO RESPOND OR LATE RESPONSE,Dead/Abandoned,False,025,False
246,EXACT,0,98912039,,BY [DESIGN],2024-12-19,606,bydesign,ABANDONED - NO STATEMENT OF USE FILED,Dead/Abandoned,False,041,False
246,EXACT,0,98162969,,BY DESIGN,2023-09-03,602,bydesign,ABANDONED-FAILURE TO RESPOND OR LATE RESPONSE,Dead/Abandoned,False,025,False
246,EXACT,0,90748460,,BY DESIGN,2021-06-02,602,bydesign,ABANDONED-FAILURE TO RESPOND OR LATE RESPONSE,Dead/Abandoned,False,041,False
246,EXACT,0,90295076,,BY DESIGN,2020-11-03,602,bydesign,ABANDONED-FAILURE TO RESPOND OR LATE RESPONSE,Dead/Abandoned,False,035,True
246,EXACT,0,90260778,,BYDESIGN.,2020-10-16,602,bydesign,ABANDONED-FAILURE TO RESPOND OR LATE RESPONSE,Dead/Abandoned,False,042,False
246,EXACT,0,88957014,,BYDESIGN.,2020-06-10,602,bydesign,ABANDONED-FAILURE TO RESPOND OR LATE RESPONSE,Dead/Abandoned,False,041,False
246,EXACT,0,88434517,,BYDESIGN,2019-05-17,602,bydesign,ABANDONED-FAILURE TO RESPOND OR LATE RESPONSE,Dead/Abandoned,False,"001,039",False
246,EXACT,0,88301805,,BYDESIGN,2019-02-14,602,bydesign,ABANDONED-FAILURE TO RESPOND OR LATE RESPONSE,Dead/Abandoned,False,002,False
246,EXACT,0,85568280,4988873,BY DESIGN,2012-03-13,710,bydesign,CANCELLED - SECTION 8,Dead/Cancelled,False,,False
246,EXACT,0,85568300,4973361,BY DESIGN,2012-03-13,710,bydesign,CANCELLED - SECTION 8,Dead/Cancelled,False,,False
246,EXACT,0,85568321,,BY DESIGN,2012-03-13,602,bydesign,ABANDONED-FAILURE TO RESPOND OR LATE RESPONSE,Dead/Abandoned,False,038,False
246,EXACT,0,85568339,,BY DESIGN,2012-03-13,602,bydesign,ABANDONED-FAILURE TO RESPOND OR LATE RESPONSE,Dead/Abandoned,False,041,False
246,EXACT,0,79975228,4255899,BYDESIGN,2007-09-21,709,bydesign,CANCELLED SECTION 71,Dead/Cancelled,False,,False
246,EXACT,0,78499756,3786215,BYDESIGN,2004-10-14,710,bydesign,CANCELLED - SECTION 8,Dead/Cancelled,False,,False
246,EXACT,0,76497561,2934328,BY DESIGN,2003-03-17,710,bydesign,CANCELLED - SECTION 8,Dead/Cancelled,False,,False
246,EXACT,0,76456805,,BY DESIGN,2002-10-08,602,bydesign,ABANDONED-FAILURE TO RESPOND OR LATE RESPONSE,Dead/Abandoned,False,012,False
246,EXACT,0,75267178,2158677,BY DESIGN,1997-04-01,710,bydesign,CANCELLED - SECTION 8,Dead/Cancelled,False,,False
246,EXACT,0,75078970,2040469,BY DESIGN,1996-03-26,710,bydesign,CANCELLED - SECTION 8,Dead/Cancelled,False,,False
246,EXACT,0,75042062,,BY DESIGN,1996-01-11,606,bydesign,ABANDONED - NO STATEMENT OF USE FILED,Dead/Abandoned,False,,False
246,EXACT,0,75003049,2146989,BYDESIGN,1995-10-10,710,bydesign,CANCELLED - SECTION 8,Dead/Cancelled,False,,False
246,EXACT,0,75003275,2122127,BY DESIGN,1995-10-10,710,bydesign,CANCELLED - SECTION 8,Dead/Cancelled,False,,False
246,EXACT,0,74709729,1993228,BY DESIGN,1995-08-01,710,bydesign,CANCELLED - SECTION 8,Dead/Cancelled,False,,False
246,EXACT,0,74689235,1976607,BYDESIGN,1995-06-15,710,bydesign,CANCELLED - SECTION 8,Dead/Cancelled,False,,False
246,EXACT,0,74570079,1940770,BY DESIGN,1994-09-06,710,bydesign,CANCELLED - SECTION 8,Dead/Cancelled,False,,False
246,EXACT,0,74075033,1679336,BY DESIGN,1990-07-02,710,bydesign,CANCELLED - SECTION 8,Dead/Cancelled,False,,False
246,EXACT,0,74065771,,BY DESIGN,1990-06-04,602,bydesign,ABANDONED-FAILURE TO RESPOND OR LATE RESPONSE,Dead/Abandoned,False,,False
246,EXACT,0,73740573,,BY DESIGN,1988-07-18,602,bydesign,ABANDONED-FAILURE TO RESPOND OR LATE RESPONSE,Dead/Abandoned,False,,False
246,EXACT,0,73664688,1473304,BY DESIGN,1987-06-04,710,bydesign,CANCELLED - SECTION 8,Dead/Cancelled,False,,False
246,EXACT,0,73632826,1512726,BY DESIGN,1986-11-28,710,bydesign,CANCELLED - SECTION 8,Dead/Cancelled,False,,False
246,EXACT,0,73519538,,BY DESIGN,1985-01-28,602,bydesign,ABANDONED-FAILURE TO RESPOND OR LATE RESPONSE,Dead/Abandoned,False,,False
246,NEAR_1_SUBSTITUTION,1,98360052,7932101,MYDESIGN,2024-01-16,700,mydesign,REGISTERED,Live/Registered,True,036,False
246,NEAR_1_SUBSTITUTION,1,98065299,7440372,M&Y DESIGN,2023-06-29,700,mydesign,REGISTERED,Live/Registered,True,035,True
246,NEAR_1_SUBSTITUTION,1,90882832,6814912,BIDESIGN,2021-08-13,700,bidesign,REGISTERED,Live/Registered,True,006,False
246,NEAR_1_SUBSTITUTION,1,90146321,6328172,RYDESIGN,2020-08-28,700,rydesign,REGISTERED,Live/Registered,True,020,False
246,NEAR_1_SUBSTITUTION,1,86477894,5082764,MYDESIGN,2014-12-11,701,mydesign,SECTION 8-ACCEPTED,Live/Registered,True,009,False
246,NEAR_1_INSERTION,1,85207818,3997782,BUY DESIGN,2010-12-30,800,buydesign,REGISTERED AND RENEWED,Live/Registered,True,"035,036",True
246,NEAR_1_SUBSTITUTION,1,79046432,3643633,B&T DESIGN,2007-04-18,706,btdesign,SECTION 71 ACCEPTED,Live/Registered,True,020,False
246,NEAR_1_DELETION,1,78746868,3620964,B . DESIGN,2005-11-03,800,bdesign,REGISTERED AND RENEWED,Live/Registered,True,025,False
246,NEAR_1_INSERTION,1,78532513,3057463,BUYDESIGN,2004-12-14,800,buydesign,REGISTERED AND RENEWED,Live/Registered,True,009,False
246,NEAR_1_SUBSTITUTION,1,97236362,,RYDE-SIGN,2022-01-25,602,rydesign,ABANDONED-FAILURE TO RESPOND OR LATE RESPONSE,Dead/Abandoned,False,009,False
246,NEAR_1_SUBSTITUTION,1,97170459,6953648,LYDESIGN,2021-12-14,783,lydesign,CANCELLED RECONSIDERED,Dead/Cancelled,False,,False
246,NEAR_1_SUBSTITUTION,1,90895733,,BB DESIGN,2021-08-22,602,bbdesign,ABANDONED-FAILURE TO RESPOND OR LATE RESPONSE,Dead/Abandoned,False,018,False
246,NEAR_1_SUBSTITUTION,1,88263204,,MY DESIGN,2019-01-16,602,mydesign,ABANDONED-FAILURE TO RESPOND OR LATE RESPONSE,Dead/Abandoned,False,028,False
246,NEAR_1_SUBSTITUTION,1,88224368,,BX DESIGN,2018-12-11,602,bxdesign,ABANDONED-FAILURE TO RESPOND OR LATE RESPONSE,Dead/Abandoned,False,009,False
246,NEAR_1_SUBSTITUTION,1,79179690,5130824,BEDESIGN,2015-10-29,404,bedesign,IR CANCELLED; US REGISTRATION CANCELLED,Dead/Cancelled,False,,False
246,NEAR_1_INSERTION,1,86788095,5392277,BAY DESIGN,2015-10-14,710,baydesign,CANCELLED - SECTION 8,Dead/Cancelled,False,,False
246,NEAR_1_SUBSTITUTION,1,86511453,5091805,MYDESIGN,2015-01-22,710,mydesign,CANCELLED - SECTION 8,Dead/Cancelled,False,,False
246,NEAR_1_SUBSTITUTION,1,86196700,4640017,AYDESIGN,2014-02-18,710,aydesign,CANCELLED - SECTION 8,Dead/Cancelled,False,,False
246,NEAR_1_SUBSTITUTION,1,85702761,4530310,MY DESIGN,2012-08-14,710,mydesign,CANCELLED - SECTION 8,Dead/Cancelled,False,,False
246,NEAR_1_SUBSTITUTION,1,85569964,,BK DESIGN,2012-03-15,604,bkdesign,ABANDONED - AFTER INTER-PARTES DECISION,Dead/Abandoned,False,,False
246,NEAR_1_DELETION,1,85419641,,BYDSIGN,2011-09-10,602,bydsign,ABANDONED-FAILURE TO RESPOND OR LATE RESPONSE,Dead/Abandoned,False,025,False
246,NEAR_1_SUBSTITUTION,1,85417074,4466866,CYDESIGN,2011-09-07,710,cydesign,CANCELLED - SECTION 8,Dead/Cancelled,False,,False
246,NEAR_1_SUBSTITUTION,1,85979378,4366133,CYDESIGN,2011-09-07,710,cydesign,CANCELLED - SECTION 8,Dead/Cancelled,False,,False
246,NEAR_1_SUBSTITUTION,1,85003817,4091619,MYDESIGN,2010-04-01,710,mydesign,CANCELLED - SECTION 8,Dead/Cancelled,False,,False
246,NEAR_1_SUBSTITUTION,1,77752771,,VYDESIGN,2009-06-05,606,vydesign,ABANDONED - NO STATEMENT OF USE FILED,Dead/Abandoned,False,005,True
246,NEAR_1_SUBSTITUTION,1,77190528,3517376,MYDESIGN,2007-05-25,710,mydesign,CANCELLED - SECTION 8,Dead/Cancelled,False,,False
246,NEAR_1_DELETION,1,79033338,,B DESIGN,2006-11-03,404,bdesign,IR CANCELLED; US REGISTRATION CANCELLED,Dead/Cancelled,False,,False
246,NEAR_1_DELETION,1,78836864,3862170,BYDES!GN,2006-03-14,710,bydesgn,CANCELLED - SECTION 8,Dead/Cancelled,False,,False
246,NEAR_1_INSERTION,1,78566152,,BUY DESIGN,2005-02-12,602,buydesign,ABANDONED-FAILURE TO RESPOND OR LATE RESPONSE,Dead/Abandoned,False,020,False
246,NEAR_1_SUBSTITUTION,1,78498796,,MYDESIGN,2004-10-13,605,mydesign,ABANDONED EXPRESS AFTER PUB,Dead/Abandoned,False,,False
246,NEAR_1_SUBSTITUTION,1,76529404,2853233,MYDESIGN,2003-07-14,710,mydesign,CANCELLED - SECTION 8,Dead/Cancelled,False,,False
246,NEAR_1_SUBSTITUTION,1,76521396,3181299,BBDESIGN,2003-06-09,710,bbdesign,CANCELLED - SECTION 8,Dead/Cancelled,False,,False
246,NEAR_1_DELETION,1,76499021,2882672,BY D:SIGN,2003-03-20,710,bydsign,CANCELLED - SECTION 8,Dead/Cancelled,False,,False
246,NEAR_1_SUBSTITUTION,1,75540225,,B/F DESIGN,1998-08-21,606,bfdesign,ABANDONED - NO STATEMENT OF USE FILED,Dead/Abandoned,False,010,True
246,NEAR_1_SUBSTITUTION,1,75501658,2643180,MY DESIGN,1998-06-19,710,mydesign,CANCELLED - SECTION 8,Dead/Cancelled,False,,False
246,NEAR_1_DELETION,1,74452029,,"""B"" DESIGN",1993-10-25,602,bdesign,ABANDONED-FAILURE TO RESPOND OR LATE RESPONSE,Dead/Abandoned,False,,False
246,NEAR_1_SUBSTITUTION,1,74204979,,MY DESIGN!,1991-09-19,606,mydesign,ABANDONED - NO STATEMENT OF USE FILED,Dead/Abandoned,False,,False
246,NEAR_1_DELETION,1,74157647,1797029,B DESIGN,1991-04-16,710,bdesign,CANCELLED - SECTION 8,Dead/Cancelled,False,,False
246,NEAR_1_INSERTION,1,73631290,1469340,BUY DESIGN,1986-11-20,710,buydesign,CANCELLED - SECTION 8,Dead/Cancelled,False,,False
246,NEAR_1_INSERTION,1,78414100,,BUYDESIGN,,622,buydesign,MISASSIGNED SERIAL NUMBER,Indifferent,False,009,False
247,EXACT,0,97037009,6883724,ONPURPOSE,2021-09-21,700,onpurpose,REGISTERED,Live/Registered,True,035,True
247,EXACT,0,90678057,7504941,ON PURPOSE,2021-04-28,700,onpurpose,REGISTERED,Live/Registered,True,"009,041",False
247,EXACT,0,86367519,4784606,ON PURPOSE,2014-08-15,800,onpurpose,REGISTERED AND RENEWED,Live/Registered,True,035,True
247,EXACT,0,86367523,4688803,ON PURPOSE,2014-08-15,800,onpurpose,REGISTERED AND RENEWED,Live/Registered,True,018,False
247,EXACT,0,78912798,3302370,ON-PURPOSE,2006-06-20,780,onpurpose,CANCELLATION TERMINATED - SEE TTAB RECORDS,Live/Registered,True,041,False
247,EXACT,0,99028674,,ON PURPOSE,2025-02-04,602,onpurpose,ABANDONED-FAILURE TO RESPOND OR LATE RESPONSE,Dead/Abandoned,False,014,False
247,EXACT,0,87518216,,ON PURPOSE,2017-07-06,602,onpurpose,ABANDONED-FAILURE TO RESPOND OR LATE RESPONSE,Dead/Abandoned,False,041,False
247,EXACT,0,87002946,,#ONPURPOSE,2016-04-15,602,onpurpose,ABANDONED-FAILURE TO RESPOND OR LATE RESPONSE,Dead/Abandoned,False,025,False
247,EXACT,0,86878579,,ON PURPOSE,2016-01-18,602,onpurpose,ABANDONED-FAILURE TO RESPOND OR LATE RESPONSE,Dead/Abandoned,False,033,False
247,EXACT,0,86372051,4712523,ON PURPOSE,2014-08-20,710,onpurpose,CANCELLED - SECTION 8,Dead/Cancelled,False,,False
247,EXACT,0,86367520,4688802,ON PURPOSE,2014-08-15,710,onpurpose,CANCELLED - SECTION 8,Dead/Cancelled,False,,False
247,EXACT,0,79128139,4535209,ON PURPOSE,2013-02-07,404,onpurpose,IR CANCELLED; US REGISTRATION CANCELLED,Dead/Cancelled,False,,False
247,EXACT,0,85286221,,ON PURPOSE,2011-04-05,602,onpurpose,ABANDONED-FAILURE TO RESPOND OR LATE RESPONSE,Dead/Abandoned,False,025,False
247,EXACT,0,78790271,,ON PURPOSE,2006-01-12,602,onpurpose,ABANDONED-FAILURE TO RESPOND OR LATE RESPONSE,Dead/Abandoned,False,009,False
247,EXACT,0,78765395,,ON PURPOSE,2005-12-02,606,onpurpose,ABANDONED - NO STATEMENT OF USE FILED,Dead/Abandoned,False,035,True
247,EXACT,0,78611453,3076765,ON-PURPOSE,2005-04-18,710,onpurpose,CANCELLED - SECTION 8,Dead/Cancelled,False,,False
247,EXACT,0,76586719,,ON PURPOSE,2004-04-14,602,onpurpose,ABANDONED-FAILURE TO RESPOND OR LATE RESPONSE,Dead/Abandoned,False,"035,041",True
247,EXACT,0,75420706,,ON-PURPOSE,1998-01-20,602,onpurpose,ABANDONED-FAILURE TO RESPOND OR LATE RESPONSE,Dead/Abandoned,False,041,False
247,EXACT,0,75365219,2248919,ON PURPOSE !!,1997-09-29,710,onpurpose,CANCELLED - SECTION 8,Dead/Cancelled,False,,False
247,NEAR_1_INSERTION,1,99134281,,OWN PURPOSE,2025-04-12,602,ownpurpose,ABANDONED-FAILURE TO RESPOND OR LATE RESPONSE,Dead/Abandoned,False,025,False
247,NEAR_1_INSERTION,1,97232569,,ONE PURPOSE,2022-01-21,602,onepurpose,ABANDONED-FAILURE TO RESPOND OR LATE RESPONSE,Dead/Abandoned,False,003,True
247,NEAR_1_INSERTION,1,87879149,,ONEPURPOSE.,2018-04-16,606,onepurpose,ABANDONED - NO STATEMENT OF USE FILED,Dead/Abandoned,False,025,False
247,NEAR_1_INSERTION,1,75930778,2473236,ONE PURPOSE,2000-02-28,710,onepurpose,CANCELLED - SECTION 8,Dead/Cancelled,False,,False
248,EXACT,0,99645115,,PURPOSE BUILT,2026-02-10,688,purposebuilt,NOTICE OF ALLOWANCE - ISSUED,Live/Pending,True,003,True
248,EXACT,0,98438753,8106119,PURPOSE-BUILT,2024-03-07,700,purposebuilt,REGISTERED,Live/Registered,True,"007,012",False
248,EXACT,0,98438795,7911248,PURPOSE-BUILT,2024-03-07,700,purposebuilt,REGISTERED,Live/Registered,True,040,False
248,EXACT,0,85736289,4580779,PURPOSE BUILT.,2012-09-24,800,purposebuilt,REGISTERED AND RENEWED,Live/Registered,True,035,True
248,EXACT,0,98425258,,PURPOSE-BUILT,2024-02-28,602,purposebuilt,ABANDONED-FAILURE TO RESPOND OR LATE RESPONSE,Dead/Abandoned,False,041,False
248,EXACT,0,98113609,,PURPOSE-BUILT,2023-08-02,602,purposebuilt,ABANDONED-FAILURE TO RESPOND OR LATE RESPONSE,Dead/Abandoned,False,"009,036,042",False
248,EXACT,0,88587116,,PURPOSE BUILT,2019-08-21,602,purposebuilt,ABANDONED-FAILURE TO RESPOND OR LATE RESPONSE,Dead/Abandoned,False,037,False
248,EXACT,0,87630380,5657063,PURPOSEBUILT,2017-10-02,710,purposebuilt,CANCELLED - SECTION 8,Dead/Cancelled,False,,False
248,EXACT,0,87297108,5333440,PURPOSE-BUILT,2017-01-11,710,purposebuilt,CANCELLED - SECTION 8,Dead/Cancelled,False,,False
248,EXACT,0,87193968,,PURPOSE-BUILT,2016-10-05,606,purposebuilt,ABANDONED - NO STATEMENT OF USE FILED,Dead/Abandoned,False,005,True
248,EXACT,0,86136004,,PURPOSE BUILT,2013-12-05,606,purposebuilt,ABANDONED - NO STATEMENT OF USE FILED,Dead/Abandoned,False,035,True
248,EXACT,0,86975710,4661363,PURPOSE BUILT,2013-12-05,710,purposebuilt,CANCELLED - SECTION 8,Dead/Cancelled,False,,False
248,EXACT,0,77419062,3978458,PURPOSE BUILT,2008-03-11,710,purposebuilt,CANCELLED - SECTION 8,Dead/Cancelled,False,,False
248,EXACT,0,77405032,3628212,PURPOSE BUILT,2008-02-25,710,purposebuilt,CANCELLED - SECTION 8,Dead/Cancelled,False,,False
248,EXACT,0,76408855,,PURPOSE BUILT,2002-05-16,606,purposebuilt,ABANDONED - NO STATEMENT OF USE FILED,Dead/Abandoned,False,019,False
248,EXACT,0,76309061,,PURPOSE BUILT,2001-09-05,606,purposebuilt,ABANDONED - NO STATEMENT OF USE FILED,Dead/Abandoned,False,"009,037,041,042",False
248,NEAR_1_SUBSTITUTION,1,97086256,,PURPOSEBUILD,2021-10-21,654,purposebuild,REPORT COMPLETED SUSPENSION CHECK - CASE STILL SUSPENDED,Live/Pending,True,"016,025,035",True
249,EXACT,0,99220448,8339063,BUILT FOR THIS,2025-06-05,700,builtforthis,REGISTERED,Live/Registered,True,041,False
249,EXACT,0,97573177,7256340,BUILT FOR THIS,2022-08-31,700,builtforthis,REGISTERED,Live/Registered,True,036,False
249,EXACT,0,86675175,5486877,BUILT FOR THIS,2015-06-26,704,builtforthis,PARTIAL SECTION 8 ACCEPTED,Live/Registered,True,"025,043,044",True
249,EXACT,0,98599198,,BUILT FOR THIS,2024-06-13,602,builtforthis,ABANDONED-FAILURE TO RESPOND OR LATE RESPONSE,Dead/Abandoned,False,025,False
249,EXACT,0,87045821,,"""BUILT FOR THIS.""",2016-05-21,601,builtforthis,ABANDONED - EXPRESS,Dead/Abandoned,False,025,False
249,EXACT,0,87045827,,"""BUILT FOR THIS.""",2016-05-21,602,builtforthis,ABANDONED-FAILURE TO RESPOND OR LATE RESPONSE,Dead/Abandoned,False,025,False
250,EXACT,0,98103236,,HIGH STANDARDS,2023-07-26,748,highstandards,STATEMENT OF USE - TO EXAMINER,Live/Pending,True,"025,040",False
250,EXACT,0,97485316,7402920,HIGH STANDARDS,2022-07-01,700,highstandards,REGISTERED,Live/Registered,True,028,False
250,EXACT,0,88583753,6131798,HIGH STANDARDS,2019-08-19,700,highstandards,REGISTERED,Live/Registered,True,003,True
250,EXACT,0,88499181,6181103,HIGH STANDARDS,2019-07-03,700,highstandards,REGISTERED,Live/Registered,True,005,True
250,EXACT,0,98559542,,HIGH STANDARDS,2024-05-20,602,highstandards,ABANDONED-FAILURE TO RESPOND OR LATE RESPONSE,Dead/Abandoned,False,021,True
250,EXACT,0,88853389,,HIGH STANDARDS,2020-03-30,602,highstandards,ABANDONED-FAILURE TO RESPOND OR LATE RESPONSE,Dead/Abandoned,False,016,False
250,EXACT,0,87067577,,HIGH STANDARDS,2016-06-10,602,highstandards,ABANDONED-FAILURE TO RESPOND OR LATE RESPONSE,Dead/Abandoned,False,025,False
250,EXACT,0,78929481,3321771,HIGH STANDARDS,2006-07-14,710,highstandards,CANCELLED - SECTION 8,Dead/Cancelled,False,,False
250,EXACT,0,76241587,,HIGH STANDARDS,2001-04-17,606,highstandards,ABANDONED - NO STATEMENT OF USE FILED,Dead/Abandoned,False,041,False
250,EXACT,0,78035106,,HIGH STANDARDS,2000-11-14,606,highstandards,ABANDONED - NO STATEMENT OF USE FILED,Dead/Abandoned,False,035,True
250,EXACT,0,75356071,,HIGH STANDARDS,1997-09-12,606,highstandards,ABANDONED - NO STATEMENT OF USE FILED,Dead/Abandoned,False,041,False
250,NEAR_1_DELETION,1,88717123,6754818,HIGH STANDARD,2019-12-05,700,highstandard,REGISTERED,Live/Registered,True,013,False
250,NEAR_1_DELETION,1,88253987,,HIGH STANDARD,2019-01-08,602,highstandard,ABANDONED-FAILURE TO RESPOND OR LATE RESPONSE,Dead/Abandoned,False,"025,035",True
250,NEAR_1_DELETION,1,74405475,,HIGH STANDARD,1993-06-22,601,highstandard,ABANDONED - EXPRESS,Dead/Abandoned,False,,False
250,NEAR_1_DELETION,1,74060107,,HIGH STANDARD,1990-05-17,602,highstandard,ABANDONED-FAILURE TO RESPOND OR LATE RESPONSE,Dead/Abandoned,False,,False
250,NEAR_1_DELETION,1,73084464,1061544,HIGH STANDARD,1976-08-30,710,highstandard,CANCELLED - SECTION 8,Dead/Cancelled,False,,False
250,NEAR_1_DELETION,1,72389594,0969964,HIGH STANDARD,1971-04-19,713,highstandard,CANCELLED - SECTION 18,Dead/Cancelled,False,,False
250,NEAR_1_DELETION,1,71020743,0065447,HIGH STANDARD,1906-07-05,900,highstandard,EXPIRED,Dead/Expired,False,,False
251,NEAR_1_SUBSTITUTION,1,90850075,6776599,SEA STANDARD,2021-07-27,700,seastandard,REGISTERED,Live/Registered,True,035,True
251,NEAR_1_SUBSTITUTION,1,86233460,4648379,PET STANDARD,2014-03-27,800,petstandard,REGISTERED AND RENEWED,Live/Registered,True,007,False
251,NEAR_1_SUBSTITUTION,1,85147720,4021769,NETSTANDARD,2010-10-07,800,netstandard,REGISTERED AND RENEWED,Live/Registered,True,"038,042",False
251,NEAR_1_SUBSTITUTION,1,88105555,,PETSTANDARD,2018-09-05,602,petstandard,ABANDONED-FAILURE TO RESPOND OR LATE RESPONSE,Dead/Abandoned,False,007,False
251,NEAR_1_SUBSTITUTION,1,77775781,,NETSTANDARD,2009-07-07,602,netstandard,ABANDONED-FAILURE TO RESPOND OR LATE RESPONSE,Dead/Abandoned,False,"035,038,042",True
252,EXACT,0,90139449,7754786,TRUE STANDARD,2020-08-26,700,truestandard,REGISTERED,Live/Registered,True,"033,041",False
252,EXACT,0,88159795,5865988,TRUE STANDARD,2018-10-18,710,truestandard,CANCELLED - SECTION 8,Dead/Cancelled,False,,False
254,EXACT,0,97170498,7044748,HOUSE RULES,2021-12-14,700,houserules,REGISTERED,Live/Registered,True,009,False
254,EXACT,0,88689934,6191374,HOUSE RULES,2019-11-12,700,houserules,REGISTERED,Live/Registered,True,033,False
254,EXACT,0,86895306,5465035,HOUSE RULES,2016-02-02,701,houserules,SECTION 8-ACCEPTED,Live/Registered,True,028,False
254,EXACT,0,98168870,,HOUSE RULES,2023-09-07,602,houserules,ABANDONED-FAILURE TO RESPOND OR LATE RESPONSE,Dead/Abandoned,False,028,False
254,EXACT,0,86181759,,HOUSE RULES,2014-01-31,606,houserules,ABANDONED - NO STATEMENT OF USE FILED,Dead/Abandoned,False,036,False
254,EXACT,0,85160253,,HOUSE RULES,2010-10-25,606,houserules,ABANDONED - NO STATEMENT OF USE FILED,Dead/Abandoned,False,"025,032,033,041,043",False
254,EXACT,0,85142437,,HOUSE RULES,2010-09-30,606,houserules,ABANDONED - NO STATEMENT OF USE FILED,Dead/Abandoned,False,"009,042",False
254,EXACT,0,78242370,,HOUSE RULES,2003-04-25,602,houserules,ABANDONED-FAILURE TO RESPOND OR LATE RESPONSE,Dead/Abandoned,False,041,False
254,EXACT,0,74382756,1937440,HOUSERULES,1993-04-21,710,houserules,CANCELLED - SECTION 8,Dead/Cancelled,False,,False
254,EXACT,0,74239679,,HOUSERULES,1992-01-23,606,houserules,ABANDONED - NO STATEMENT OF USE FILED,Dead/Abandoned,False,,False
254,NEAR_1_TRANSPOSITION,1,86536007,,HOSUE RULES,2015-02-16,602,hosuerules,ABANDONED-FAILURE TO RESPOND OR LATE RESPONSE,Dead/Abandoned,False,028,False
254,NEAR_1_SUBSTITUTION,1,78426588,,HOUSE RULEZ,2004-05-27,602,houserulez,ABANDONED-FAILURE TO RESPOND OR LATE RESPONSE,Dead/Abandoned,False,"009,016,025,035,041",True
255,EXACT,0,99886337,,GROUND RULES,2026-06-15,630,groundrules,NEW APPLICATION - RECORD INITIALIZED NOT ASSIGNED TO EXAMINER,Live/Pending,True,043,False
255,EXACT,0,99591763,,GROUND RULES,2026-01-13,686,groundrules,PUBLISHED FOR OPPOSITION,Live/Pending,True,001,False
255,EXACT,0,99523675,,GROUNDRULES,2025-12-01,688,groundrules,NOTICE OF ALLOWANCE - ISSUED,Live/Pending,True,009,False
255,EXACT,0,98211165,,GROUND RULES,2023-10-05,733,groundrules,FOURTH EXTENSION - GRANTED,Live/Pending,True,033,False
255,EXACT,0,97513245,,GROUND RULES,2022-07-21,734,groundrules,FIFTH EXTENSION - GRANTED,Live/Pending,True,040,False
255,EXACT,0,97118601,6951565,GROUND RULES,2021-11-10,700,groundrules,REGISTERED,Live/Registered,True,019,False
255,EXACT,0,97522322,,GROUND RULES,2022-07-27,606,groundrules,ABANDONED - NO STATEMENT OF USE FILED,Dead/Abandoned,False,001,False
255,EXACT,0,77645642,4109151,GROUND RULES,2009-01-08,710,groundrules,CANCELLED - SECTION 8,Dead/Cancelled,False,,False
255,EXACT,0,74321247,1855164,GROUNDRULES,1992-10-09,710,groundrules,CANCELLED - SECTION 8,Dead/Cancelled,False,,False
255,EXACT,0,73465917,1325997,GROUND RULES,1984-02-16,710,groundrules,CANCELLED - SECTION 8,Dead/Cancelled,False,,False
255,NEAR_1_INSERTION,1,90808742,,GROUNDS RULES,2021-07-02,602,groundsrules,ABANDONED-FAILURE TO RESPOND OR LATE RESPONSE,Dead/Abandoned,False,045,False
256,EXACT,0,99550486,,BY THE BOOK,2025-12-16,653,bythebook,SUSPENSION LETTER - MAILED,Live/Pending,True,035,True
256,EXACT,0,97678903,7509020,BY THE BOOK,2022-11-15,700,bythebook,REGISTERED,Live/Registered,True,028,False
256,EXACT,0,90056937,7287620,BY THE BOOK,2020-07-16,700,bythebook,REGISTERED,Live/Registered,True,041,False
256,EXACT,0,97406282,,BY THE BOOK,2022-05-11,610,bythebook,TERMINATED AFTER SANCTIONS,Dead,False,,False
256,EXACT,0,87608225,,BY THE BOOK,2017-09-14,602,bythebook,ABANDONED-FAILURE TO RESPOND OR LATE RESPONSE,Dead/Abandoned,False,"016,041",False
256,EXACT,0,87249130,,BY THE BOOK,2016-11-28,601,bythebook,ABANDONED - EXPRESS,Dead/Abandoned,False,016,False
256,EXACT,0,77806664,,BY-THE-BOOK,2009-08-18,606,bythebook,ABANDONED - NO STATEMENT OF USE FILED,Dead/Abandoned,False,"040,042",False
256,EXACT,0,76660811,3307902,BY THE BOOK,2006-05-30,710,bythebook,CANCELLED - SECTION 8,Dead/Cancelled,False,,False
256,EXACT,0,78681061,3114322,BY THE BOOK,2005-07-28,710,bythebook,CANCELLED - SECTION 8,Dead/Cancelled,False,,False
256,EXACT,0,74197619,1835403,BY THE BOOK,1991-08-23,710,bythebook,CANCELLED - SECTION 8,Dead/Cancelled,False,,False
256,EXACT,0,74107763,,BY THE BOOK,1990-10-22,606,bythebook,ABANDONED - NO STATEMENT OF USE FILED,Dead/Abandoned,False,,False
256,NEAR_1_INSERTION,1,88033535,5824515,BY THE BROOK,2018-07-11,701,bythebrook,SECTION 8-ACCEPTED,Live/Registered,True,041,False
256,NEAR_1_INSERTION,1,77806662,,BUY-THE-BOOK,2009-08-18,606,buythebook,ABANDONED - NO STATEMENT OF USE FILED,Dead/Abandoned,False,"040,042",False
256,NEAR_1_INSERTION,1,76530999,,BUY THE BOOK,2003-07-21,606,buythebook,ABANDONED - NO STATEMENT OF USE FILED,Dead/Abandoned,False,035,True
256,NEAR_1_INSERTION,1,74270970,1869491,BY THE BOOKE,1992-04-30,710,bythebooke,CANCELLED - SECTION 8,Dead/Cancelled,False,,False
257,EXACT,0,98582811,,OPENBOOK,2024-06-04,731,openbook,SECOND EXTENSION - GRANTED,Live/Pending,True,042,False
257,EXACT,0,97829646,7316169,OPENBOOK,2023-03-08,700,openbook,REGISTERED,Live/Registered,True,042,False
257,EXACT,0,87382552,6413862,OPENBOOK,2017-03-23,700,openbook,REGISTERED,Live/Registered,True,"009,042",False
257,EXACT,0,77562304,3611706,OPENBOOK,2008-09-04,800,openbook,REGISTERED AND RENEWED,Live/Registered,True,009,False
257,EXACT,0,75671595,2528019,OPEN BOOK,1999-03-31,800,openbook,REGISTERED AND RENEWED,Live/Registered,True,036,False
257,EXACT,0,97206516,,OPENBOOK,2022-01-06,602,openbook,ABANDONED-FAILURE TO RESPOND OR LATE RESPONSE,Dead/Abandoned,False,042,False
257,EXACT,0,87896192,5777134,OPENBOOK,2018-04-27,710,openbook,CANCELLED - SECTION 8,Dead/Cancelled,False,,False
257,EXACT,0,87445714,5515039,OPENBOOK,2017-05-11,710,openbook,CANCELLED - SECTION 8,Dead/Cancelled,False,,False
257,EXACT,0,87211401,,OPEN BOOK,2016-10-21,602,openbook,ABANDONED-FAILURE TO RESPOND OR LATE RESPONSE,Dead/Abandoned,False,035,True
257,EXACT,0,85868718,,OPENBOOK,2013-03-06,602,openbook,ABANDONED-FAILURE TO RESPOND OR LATE RESPONSE,Dead/Abandoned,False,025,False
257,EXACT,0,77448943,,OPENBOOK,2008-04-15,604,openbook,ABANDONED - AFTER INTER-PARTES DECISION,Dead/Abandoned,False,,False
257,EXACT,0,77255974,3597165,OPENBOOK,2007-08-15,710,openbook,CANCELLED - SECTION 8,Dead/Cancelled,False,,False
257,EXACT,0,77009512,,OPEN BOOK,2006-09-28,604,openbook,ABANDONED - AFTER INTER-PARTES DECISION,Dead/Abandoned,False,,False
257,EXACT,0,78866960,,OPEN BOOK,2006-04-21,606,openbook,ABANDONED - NO STATEMENT OF USE FILED,Dead/Abandoned,False,030,False
257,EXACT,0,75904064,,OPENBOOK,2000-01-28,602,openbook,ABANDONED-FAILURE TO RESPOND OR LATE RESPONSE,Dead/Abandoned,False,009,False
257,EXACT,0,75827324,2742495,OPENBOOK,1999-10-19,710,openbook,CANCELLED - SECTION 8,Dead/Cancelled,False,,False
257,EXACT,0,75818606,,OPENBOOK,1999-10-08,606,openbook,ABANDONED - NO STATEMENT OF USE FILED,Dead/Abandoned,False,036,False
257,EXACT,0,74511823,,OPENBOOK,1994-04-13,606,openbook,ABANDONED - NO STATEMENT OF USE FILED,Dead/Abandoned,False,,False
257,EXACT,0,74455671,1857580,OPENBOOK,1993-11-09,710,openbook,CANCELLED - SECTION 8,Dead/Cancelled,False,,False
257,EXACT,0,74114206,1714379,OPEN BOOK,1990-11-08,710,openbook,CANCELLED - SECTION 8,Dead/Cancelled,False,,False
257,EXACT,0,73811483,1589789,OPEN BOOK,1989-07-10,710,openbook,CANCELLED - SECTION 8,Dead/Cancelled,False,,False
257,EXACT,0,73771726,,OPENBOOK,1988-12-27,602,openbook,ABANDONED-FAILURE TO RESPOND OR LATE RESPONSE,Dead/Abandoned,False,,False
257,EXACT,0,71525347,0438344,OPEN BOOK,1947-07-01,710,openbook,CANCELLED - SECTION 8,Dead/Cancelled,False,,False
257,NEAR_1_SUBSTITUTION,1,99516239,,OPENBOOQ,2025-11-25,641,openbooq,NON-FINAL ACTION - MAILED,Live/Pending,True,042,False
257,NEAR_1_SUBSTITUTION,1,88895790,6392707,OPEN'COOK,2020-04-30,700,opencook,REGISTERED,Live/Registered,True,"007,011,021",True
257,NEAR_1_INSERTION,1,85372126,4220353,OPEN BOOKS,2011-07-15,800,openbooks,REGISTERED AND RENEWED,Live/Registered,True,"025,035,041",True
257,NEAR_1_INSERTION,1,85372129,4220355,OPEN BOOKS,2011-07-15,800,openbooks,REGISTERED AND RENEWED,Live/Registered,True,"025,035,041",True
257,NEAR_1_INSERTION,1,77349545,3471802,OPEN BOOKS,2007-12-11,800,openbooks,REGISTERED AND RENEWED,Live/Registered,True,041,False
257,NEAR_1_DELETION,1,88136000,5773782,PENBOOK,2018-09-28,710,penbook,CANCELLED - SECTION 8,Dead/Cancelled,False,,False
257,NEAR_1_DELETION,1,88127777,5797999,OPN BOOK,2018-09-21,710,opnbook,CANCELLED - SECTION 8,Dead/Cancelled,False,,False
257,NEAR_1_SUBSTITUTION,1,87928867,,OPENHOOK,2018-05-20,606,openhook,ABANDONED - NO STATEMENT OF USE FILED,Dead/Abandoned,False,025,False
257,NEAR_1_SUBSTITUTION,1,85970684,4546530,OPEN'COOK,2013-06-26,710,opencook,CANCELLED - SECTION 8,Dead/Cancelled,False,,False
257,NEAR_1_INSERTION,1,85736262,4367283,OPENBROOK,2012-09-24,710,openbrook,CANCELLED - SECTION 8,Dead/Cancelled,False,,False
257,NEAR_1_DELETION,1,85166981,,PENBOOK,2010-11-02,602,penbook,ABANDONED-FAILURE TO RESPOND OR LATE RESPONSE,Dead/Abandoned,False,009,False
257,NEAR_1_DELETION,1,79047259,3531258,PENBOOK,2007-07-12,404,penbook,IR CANCELLED; US REGISTRATION CANCELLED,Dead/Cancelled,False,,False
257,NEAR_1_INSERTION,1,76059226,,OPEN EBOOK,2000-05-22,602,openebook,ABANDONED-FAILURE TO RESPOND OR LATE RESPONSE,Dead/Abandoned,False,009,False
257,NEAR_1_DELETION,1,74171126,1756129,PENBOOK,1991-05-29,710,penbook,CANCELLED - SECTION 8,Dead/Cancelled,False,,False
257,NEAR_1_DELETION,1,74171501,1756065,PENBOOK,1991-05-29,710,penbook,CANCELLED - SECTION 8,Dead/Cancelled,False,,False
257,NEAR_1_SUBSTITUTION,1,73771123,1585390,OPEN LOOK,1988-12-23,710,openlook,CANCELLED - SECTION 8,Dead/Cancelled,False,,False
258,EXACT,0,99735301,,BOOKSMART,2026-03-31,630,booksmart,NEW APPLICATION - RECORD INITIALIZED NOT ASSIGNED TO EXAMINER,Live/Pending,True,041,False
258,EXACT,0,90506689,7508026,BOOKSMART,2021-02-03,700,booksmart,REGISTERED,Live/Registered,True,042,False
258,EXACT,0,98254278,,BOOKSMART,2023-11-03,602,booksmart,ABANDONED-FAILURE TO RESPOND OR LATE RESPONSE,Dead/Abandoned,False,016,False
258,EXACT,0,97515464,,BOOKSMART,2022-07-22,602,booksmart,ABANDONED-FAILURE TO RESPOND OR LATE RESPONSE,Dead/Abandoned,False,041,False
258,EXACT,0,90867824,,BOOKSMART,2021-08-05,600,booksmart,ABANDONED - INCOMPLETE RESPONSE,Dead/Abandoned,False,009,False
258,EXACT,0,90867826,,BOOKSMART,2021-08-05,602,booksmart,ABANDONED-FAILURE TO RESPOND OR LATE RESPONSE,Dead/Abandoned,False,041,False
258,EXACT,0,87014936,5135961,BOOKSMART,2016-04-26,710,booksmart,CANCELLED - SECTION 8,Dead/Cancelled,False,,False
258,EXACT,0,86463918,4776808,BOOKSMART,2014-11-25,710,booksmart,CANCELLED - SECTION 8,Dead/Cancelled,False,,False
258,EXACT,0,86463932,4776811,BOOKSMART,2014-11-25,710,booksmart,CANCELLED - SECTION 8,Dead/Cancelled,False,,False
258,EXACT,0,86239898,4662477,BOOKSMART,2014-04-02,710,booksmart,CANCELLED - SECTION 8,Dead/Cancelled,False,,False
258,EXACT,0,85917115,,BOOKSMART,2013-04-29,602,booksmart,ABANDONED-FAILURE TO RESPOND OR LATE RESPONSE,Dead/Abandoned,False,035,True
258,EXACT,0,77152246,3432330,BOOKSMART,2007-04-09,710,booksmart,CANCELLED - SECTION 8,Dead/Cancelled,False,,False
258,EXACT,0,78791087,,BOOK-SMART,2006-01-13,602,booksmart,ABANDONED-FAILURE TO RESPOND OR LATE RESPONSE,Dead/Abandoned,False,016,False
258,EXACT,0,75736273,,BOOKSMART,1999-06-24,606,booksmart,ABANDONED - NO STATEMENT OF USE FILED,Dead/Abandoned,False,"035,038",True
258,EXACT,0,75576541,2328508,BOOKSMART,1998-10-26,710,booksmart,CANCELLED - SECTION 8,Dead/Cancelled,False,,False
258,EXACT,0,75244903,,BOOKSMART,1997-02-20,602,booksmart,ABANDONED-FAILURE TO RESPOND OR LATE RESPONSE,Dead/Abandoned,False,,False
258,NEAR_1_SUBSTITUTION,1,97256963,7004695,YOOKSMART,2022-02-08,700,yooksmart,REGISTERED,Live/Registered,True,"007,020",False
258,NEAR_1_INSERTION,1,90747723,6758335,BOOKSSMART,2021-06-01,700,bookssmart,REGISTERED,Live/Registered,True,035,True
258,NEAR_1_SUBSTITUTION,1,90350024,6600727,YOOKSMART,2020-11-30,700,yooksmart,REGISTERED,Live/Registered,True,"009,024",False
258,NEAR_1_SUBSTITUTION,1,88794916,6958040,COOKSMART,2020-02-12,700,cooksmart,REGISTERED,Live/Registered,True,025,False
258,NEAR_1_SUBSTITUTION,1,88410999,6443866,COOKSMART,2019-05-01,700,cooksmart,REGISTERED,Live/Registered,True,"020,021,024,025",True
258,NEAR_1_SUBSTITUTION,1,77959201,4064026,COOKSMART,2010-03-15,800,cooksmart,REGISTERED AND RENEWED,Live/Registered,True,025,False
258,NEAR_1_SUBSTITUTION,1,77634106,3695084,LOOKSMART,2008-12-16,800,looksmart,REGISTERED AND RENEWED,Live/Registered,True,035,True
258,NEAR_1_INSERTION,1,77556601,3850670,BOOKS SMART,2008-08-27,800,bookssmart,REGISTERED AND RENEWED,Live/Registered,True,009,False
258,NEAR_1_SUBSTITUTION,1,77305149,3623836,COOKSMART,2007-10-16,800,cooksmart,REGISTERED AND RENEWED,Live/Registered,True,011,False
258,NEAR_1_SUBSTITUTION,1,78546270,3365612,LOOK SMART,2005-01-12,800,looksmart,REGISTERED AND RENEWED,Live/Registered,True,"009,010",True
258,NEAR_1_SUBSTITUTION,1,75552224,2432639,LOOKSMART,1998-09-14,800,looksmart,REGISTERED AND RENEWED,Live/Registered,True,"035,041,042",True
258,NEAR_1_SUBSTITUTION,1,75243456,2396134,COOKSMART,1997-02-18,800,cooksmart,REGISTERED AND RENEWED,Live/Registered,True,011,False
258,NEAR_1_DELETION,1,74316410,1827826,BOOK$MART,1992-09-23,800,bookmart,REGISTERED AND RENEWED,Live/Registered,True,042,False
258,NEAR_1_INSERTION,1,97589869,,BROOKSMART,2022-09-13,602,brooksmart,ABANDONED-FAILURE TO RESPOND OR LATE RESPONSE,Dead/Abandoned,False,035,True
258,NEAR_1_SUBSTITUTION,1,97555451,,COOKSMART,2022-08-19,602,cooksmart,ABANDONED-FAILURE TO RESPOND OR LATE RESPONSE,Dead/Abandoned,False,029,False
258,NEAR_1_SUBSTITUTION,1,88484412,,HOOKSMART,2019-06-21,602,hooksmart,ABANDONED-FAILURE TO RESPOND OR LATE RESPONSE,Dead/Abandoned,False,025,False
258,NEAR_1_SUBSTITUTION,1,88298031,,COOKSMART,2019-02-12,606,cooksmart,ABANDONED - NO STATEMENT OF USE FILED,Dead/Abandoned,False,029,False
258,NEAR_1_SUBSTITUTION,1,86803731,,COOKSMART,2015-10-29,606,cooksmart,ABANDONED - NO STATEMENT OF USE FILED,Dead/Abandoned,False,011,False
258,NEAR_1_SUBSTITUTION,1,86495936,,COOKSMART,2015-01-06,602,cooksmart,ABANDONED-FAILURE TO RESPOND OR LATE RESPONSE,Dead/Abandoned,False,021,True
258,NEAR_1_INSERTION,1,85175099,4265043,BOOKSMARTS,2010-11-11,710,booksmarts,CANCELLED - SECTION 8,Dead/Cancelled,False,,False
258,NEAR_1_SUBSTITUTION,1,85160489,4305646,NOOK SMART,2010-10-25,710,nooksmart,CANCELLED - SECTION 8,Dead/Cancelled,False,,False
258,NEAR_1_SUBSTITUTION,1,77959169,4060727,COOKSMART,2010-03-15,710,cooksmart,CANCELLED - SECTION 8,Dead/Cancelled,False,,False
258,NEAR_1_SUBSTITUTION,1,77959183,4095010,COOKSMART,2010-03-15,710,cooksmart,CANCELLED - SECTION 8,Dead/Cancelled,False,,False
258,NEAR_1_SUBSTITUTION,1,77959204,4060728,COOKSMART,2010-03-15,710,cooksmart,CANCELLED - SECTION 8,Dead/Cancelled,False,,False
258,NEAR_1_DELETION,1,77532058,3717458,BOOKMART,2008-07-25,710,bookmart,CANCELLED - SECTION 8,Dead/Cancelled,False,,False
258,NEAR_1_INSERTION,1,77484848,3748177,BOOKSMARTS,2008-05-28,710,booksmarts,CANCELLED - SECTION 8,Dead/Cancelled,False,,False
258,NEAR_1_DELETION,1,77121509,,BOOKMART,2007-03-02,602,bookmart,ABANDONED-FAILURE TO RESPOND OR LATE RESPONSE,Dead/Abandoned,False,035,True
258,NEAR_1_SUBSTITUTION,1,78735110,,COOK SMART,2005-10-18,606,cooksmart,ABANDONED - NO STATEMENT OF USE FILED,Dead/Abandoned,False,016,False
258,NEAR_1_SUBSTITUTION,1,78318074,,COOKSMART,2003-10-24,606,cooksmart,ABANDONED - NO STATEMENT OF USE FILED,Dead/Abandoned,False,021,True
258,NEAR_1_INSERTION,1,78314018,,BOOKSMARTS,2003-10-15,604,booksmarts,ABANDONED - AFTER INTER-PARTES DECISION,Dead/Abandoned,False,,False
258,NEAR_1_INSERTION,1,78975816,,BOOKSMARTS,2003-10-15,604,booksmarts,ABANDONED - AFTER INTER-PARTES DECISION,Dead/Abandoned,False,,False
258,NEAR_1_DELETION,1,78189590,,BOOK MART,2002-11-27,602,bookmart,ABANDONED-FAILURE TO RESPOND OR LATE RESPONSE,Dead/Abandoned,False,016,False
258,NEAR_1_SUBSTITUTION,1,75745038,,COOKSMART,1999-07-29,604,cooksmart,ABANDONED - AFTER INTER-PARTES DECISION,Dead/Abandoned,False,029,False
258,NEAR_1_SUBSTITUTION,1,75552561,,LOOKSMART,1998-09-14,606,looksmart,ABANDONED - NO STATEMENT OF USE FILED,Dead/Abandoned,False,"009,041",False
258,NEAR_1_SUBSTITUTION,1,75169913,,LOOKSMART,1996-09-23,606,looksmart,ABANDONED - NO STATEMENT OF USE FILED,Dead/Abandoned,False,"009,016",False
258,NEAR_1_SUBSTITUTION,1,75977724,2204578,LOOKSMART,1996-09-23,710,looksmart,CANCELLED - SECTION 8,Dead/Cancelled,False,,False
258,NEAR_1_SUBSTITUTION,1,75132678,2149753,LOOKSMART,1996-07-11,710,looksmart,CANCELLED - SECTION 8,Dead/Cancelled,False,,False
258,NEAR_1_SUBSTITUTION,1,74665070,,LOOK SMART,1995-04-24,602,looksmart,ABANDONED-FAILURE TO RESPOND OR LATE RESPONSE,Dead/Abandoned,False,,False
258,NEAR_1_SUBSTITUTION,1,74406609,,COOK SMART,1993-06-28,602,cooksmart,ABANDONED-FAILURE TO RESPOND OR LATE RESPONSE,Dead/Abandoned,False,,False
258,NEAR_1_SUBSTITUTION,1,74127800,1752973,COOK'S MART,1991-01-04,710,cooksmart,CANCELLED - SECTION 8,Dead/Cancelled,False,,False
258,NEAR_1_SUBSTITUTION,1,73748073,1555163,COOKSMART,1988-08-24,710,cooksmart,CANCELLED - SECTION 8,Dead/Cancelled,False,,False
258,NEAR_1_SUBSTITUTION,1,73722595,1533726,LOOKSMART,1988-04-15,710,looksmart,CANCELLED - SECTION 8,Dead/Cancelled,False,,False
258,NEAR_1_SUBSTITUTION,1,73263985,1182493,COOK'S MART,1980-05-29,710,cooksmart,CANCELLED - SECTION 8,Dead/Cancelled,False,,False
258,NEAR_1_SUBSTITUTION,1,73263996,,COOK'S MART,1980-05-29,601,cooksmart,ABANDONED - EXPRESS,Dead/Abandoned,False,,False
259,EXACT,0,88803760,6570057,ANSWERKEY,2020-02-20,700,answerkey,REGISTERED,Live/Registered,True,"009,042",False
259,EXACT,0,78947103,3251684,ANSWERKEY,2006-08-08,800,answerkey,REGISTERED AND RENEWED,Live/Registered,True,035,True
260,EXACT,0,86637713,4863288,RIGHT ANSWER,2015-05-21,800,rightanswer,REGISTERED AND RENEWED,Live/Registered,True,036,False
260,EXACT,0,76405674,2773166,RIGHT ANSWER,2002-05-10,710,rightanswer,CANCELLED - SECTION 8,Dead/Cancelled,False,,False
260,EXACT,0,76405814,2777434,RIGHTANSWER,2002-05-10,710,rightanswer,CANCELLED - SECTION 8,Dead/Cancelled,False,,False
260,NEAR_1_INSERTION,1,76223003,2515172,RIGHTANSWERS,2001-03-12,800,rightanswers,REGISTERED AND RENEWED,Live/Registered,True,042,False
260,NEAR_1_INSERTION,1,86870440,5048428,RIGHTANSWERS,2016-01-09,710,rightanswers,CANCELLED - SECTION 8,Dead/Cancelled,False,,False
260,NEAR_1_INSERTION,1,85313115,4120819,RIGHT ANSWERS,2011-05-05,710,rightanswers,CANCELLED - SECTION 8,Dead/Cancelled,False,,False
261,EXACT,0,78385378,2982224,STRAIGHT ANSWER,2004-03-16,710,straightanswer,CANCELLED - SECTION 8,Dead/Cancelled,False,,False
261,NEAR_1_INSERTION,1,77112314,3693021,STRAIGHT ANSWERS,2007-02-21,710,straightanswers,CANCELLED - SECTION 8,Dead/Cancelled,False,,False
262,NEAR_1_INSERTION,1,90210819,6719801,A BETTER ANSWER,2020-09-25,700,abetteranswer,REGISTERED,Live/Registered,True,"035,038",True
262,NEAR_1_INSERTION,1,77186322,3372479,BETTER ANSWERS.,2007-05-21,800,betteranswers,REGISTERED AND RENEWED,Live/Registered,True,042,False
262,NEAR_1_INSERTION,1,75495018,,BETTER ANSWERS,1998-06-02,606,betteranswers,ABANDONED - NO STATEMENT OF USE FILED,Dead/Abandoned,False,009,False
263,NEAR_1_DELETION,1,99701720,,ALLHERE,2026-03-13,630,allhere,NEW APPLICATION - RECORD INITIALIZED NOT ASSIGNED TO EXAMINER,Live/Pending,True,035,True
263,NEAR_1_DELETION,1,79408128,7830759,ALLHERE,2024-05-24,700,allhere,REGISTERED,Live/Registered,True,"009,041",False
263,NEAR_1_DELETION,1,79408130,7830760,ALL HERE,2024-05-24,700,allhere,REGISTERED,Live/Registered,True,"009,041",False
263,NEAR_1_TRANSPOSITION,1,97772774,8170027,ALL THREE,2023-01-30,700,allthree,REGISTERED,Live/Registered,True,025,False
263,NEAR_1_SUBSTITUTION,1,97451682,7706951,ALLWHERE,2022-06-09,700,allwhere,REGISTERED,Live/Registered,True,035,True
263,NEAR_1_SUBSTITUTION,1,97451685,7706952,ALLWHERE,2022-06-09,700,allwhere,REGISTERED,Live/Registered,True,042,False
263,NEAR_1_DELETION,1,98474681,,ALL HERE,2024-03-29,602,allhere,ABANDONED-FAILURE TO RESPOND OR LATE RESPONSE,Dead/Abandoned,False,023,False
263,NEAR_1_SUBSTITUTION,1,97451925,,ALLWHERE,2022-06-09,606,allwhere,ABANDONED - NO STATEMENT OF USE FILED,Dead/Abandoned,False,009,False
263,NEAR_1_DELETION,1,87640668,,ALLHERE,2017-10-10,602,allhere,ABANDONED-FAILURE TO RESPOND OR LATE RESPONSE,Dead/Abandoned,False,042,False
263,NEAR_1_DELETION,1,87517116,,ALL HERE,2017-07-05,606,allhere,ABANDONED - NO STATEMENT OF USE FILED,Dead/Abandoned,False,042,False
263,NEAR_1_TRANSPOSITION,1,76674058,,ALL THREE,2007-03-14,606,allthree,ABANDONED - NO STATEMENT OF USE FILED,Dead/Abandoned,False,043,False
263,NEAR_1_SUBSTITUTION,1,73553578,1392369,ALLTHERM,1985-08-15,710,alltherm,CANCELLED - SECTION 8,Dead/Cancelled,False,,False
264,EXACT,0,99911106,,ALLCLEAR,2026-06-29,630,allclear,NEW APPLICATION - RECORD INITIALIZED NOT ASSIGNED TO EXAMINER,Live/Pending,True,036,False
264,EXACT,0,99907666,,ALL-CLEAR,2026-06-26,630,allclear,NEW APPLICATION - RECORD INITIALIZED NOT ASSIGNED TO EXAMINER,Live/Pending,True,"009,010,042",True
264,EXACT,0,99195498,,ALLCLEAR,2025-05-21,654,allclear,REPORT COMPLETED SUSPENSION CHECK - CASE STILL SUSPENDED,Live/Pending,True,003,True
264,EXACT,0,98674115,,ALL CLEAR,2024-07-30,654,allclear,REPORT COMPLETED SUSPENSION CHECK - CASE STILL SUSPENDED,Live/Pending,True,003,True
264,EXACT,0,98427941,7572455,ALL CLEAR,2024-02-29,700,allclear,REGISTERED,Live/Registered,True,037,False
264,EXACT,0,97322636,7198969,ALLCLEAR,2022-03-21,700,allclear,REGISTERED,Live/Registered,True,"009,042",False
264,EXACT,0,90452920,6642928,ALL CLEAR,2021-01-07,700,allclear,REGISTERED,Live/Registered,True,005,True
264,EXACT,0,88306739,5986083,ALLCLEAR,2019-02-19,700,allclear,REGISTERED,Live/Registered,True,005,True
264,EXACT,0,88085164,5795990,ALL CLEAR,2018-08-20,702,allclear,SECTION 8 & 15-ACCEPTED AND ACKNOWLEDGED,Live/Registered,True,009,False
264,EXACT,0,87779928,5589244,ALLCLEAR,2018-02-01,701,allclear,SECTION 8-ACCEPTED,Live/Registered,True,005,True
264,EXACT,0,87269530,5336950,ALL CLEAR,2016-12-15,702,allclear,SECTION 8 & 15-ACCEPTED AND ACKNOWLEDGED,Live/Registered,True,003,True
264,EXACT,0,87133734,5325168,ALLCLEAR,2016-08-10,702,allclear,SECTION 8 & 15-ACCEPTED AND ACKNOWLEDGED,Live/Registered,True,009,False
264,EXACT,0,86916632,5257170,ALLCLEAR,2016-02-23,702,allclear,SECTION 8 & 15-ACCEPTED AND ACKNOWLEDGED,Live/Registered,True,011,False
264,EXACT,0,86905937,5248576,ALL CLEAR!,2016-02-12,701,allclear,SECTION 8-ACCEPTED,Live/Registered,True,037,False
264,EXACT,0,86904019,5045150,ALL CLEAR!,2016-02-10,701,allclear,SECTION 8-ACCEPTED,Live/Registered,True,037,False
264,EXACT,0,86835435,5257038,ALLCLEAR,2015-12-01,702,allclear,SECTION 8 & 15-ACCEPTED AND ACKNOWLEDGED,Live/Registered,True,011,False
264,EXACT,0,86429972,4802556,ALLCLEAR,2014-10-21,800,allclear,REGISTERED AND RENEWED,Live/Registered,True,"035,045",True
264,EXACT,0,85017332,4488729,ALL CLEAR,2010-04-19,800,allclear,REGISTERED AND RENEWED,Live/Registered,True,045,False
264,EXACT,0,77727078,4289278,ALL CLEAR,2009-05-01,800,allclear,REGISTERED AND RENEWED,Live/Registered,True,011,False
264,EXACT,0,77727109,4289279,ALL CLEAR,2009-05-01,800,allclear,REGISTERED AND RENEWED,Live/Registered,True,011,False
264,EXACT,0,77727388,3727799,ALL CLEAR,2009-05-01,800,allclear,REGISTERED AND RENEWED,Live/Registered,True,"001,007,009,011,017,022",False
264,EXACT,0,77727425,3721574,ALL CLEAR,2009-05-01,800,allclear,REGISTERED AND RENEWED,Live/Registered,True,"001,007,009,011,017,022",False
264,EXACT,0,77539901,3707528,ALL CLEAR,2008-08-05,800,allclear,REGISTERED AND RENEWED,Live/Registered,True,001,False
264,EXACT,0,79409826,,ALLCLEAR,2024-09-02,602,allclear,ABANDONED-FAILURE TO RESPOND OR LATE RESPONSE,Dead/Abandoned,False,"005,021,029,030,032,035",True
264,EXACT,0,98428596,,ALL CLEAR,2024-02-29,603,allclear,ABANDONED - AFTER EX PARTE APPEAL,Dead/Abandoned,False,042,False
264,EXACT,0,98073246,,ALLCLEAR,2023-07-06,602,allclear,ABANDONED-FAILURE TO RESPOND OR LATE RESPONSE,Dead/Abandoned,False,009,False
264,EXACT,0,97686617,,ALLCLEAR,2022-11-21,606,allclear,ABANDONED - NO STATEMENT OF USE FILED,Dead/Abandoned,False,039,False
264,EXACT,0,97156712,,ALLCLEAR,2021-12-05,602,allclear,ABANDONED-FAILURE TO RESPOND OR LATE RESPONSE,Dead/Abandoned,False,005,True
264,EXACT,0,97136463,,ALLCLEAR,2021-11-22,606,allclear,ABANDONED - NO STATEMENT OF USE FILED,Dead/Abandoned,False,009,False
264,EXACT,0,90525159,,ALLCLEAR,2021-02-11,606,allclear,ABANDONED - NO STATEMENT OF USE FILED,Dead/Abandoned,False,"010,044",True
264,EXACT,0,90129608,,ALLCLEAR,2020-08-21,602,allclear,ABANDONED-FAILURE TO RESPOND OR LATE RESPONSE,Dead/Abandoned,False,011,False
264,EXACT,0,90063516,,ALLCLEAR,2020-07-21,614,allclear,ABANDONED PETITION TO REVIVE-DENIED,Dead/Abandoned,False,037,False
264,EXACT,0,88600396,,ALL CLEAR,2019-08-30,602,allclear,ABANDONED-FAILURE TO RESPOND OR LATE RESPONSE,Dead/Abandoned,False,003,True
264,EXACT,0,88413959,,ALLCLEAR,2019-05-03,602,allclear,ABANDONED-FAILURE TO RESPOND OR LATE RESPONSE,Dead/Abandoned,False,005,True
264,EXACT,0,88064032,5691706,ALLCLEAR,2018-08-03,710,allclear,CANCELLED - SECTION 8,Dead/Cancelled,False,,False
264,EXACT,0,87264240,5259972,ALL CLEAR,2016-12-09,710,allclear,CANCELLED - SECTION 8,Dead/Cancelled,False,,False
264,EXACT,0,86811987,5261804,ALLCLEAR,2015-11-06,710,allclear,CANCELLED - SECTION 8,Dead/Cancelled,False,,False
264,EXACT,0,86732024,,ALL CLEAR,2015-08-20,602,allclear,ABANDONED-FAILURE TO RESPOND OR LATE RESPONSE,Dead/Abandoned,False,"010,021",True
264,EXACT,0,86531314,,ALL CLEAR,2015-02-11,606,allclear,ABANDONED - NO STATEMENT OF USE FILED,Dead/Abandoned,False,009,False
264,EXACT,0,86523825,4865712,ALLCLEAR,2015-02-04,710,allclear,CANCELLED - SECTION 8,Dead/Cancelled,False,,False
264,EXACT,0,86248433,4710838,ALLCLEAR,2014-04-10,710,allclear,CANCELLED - SECTION 8,Dead/Cancelled,False,,False
264,EXACT,0,86143577,4813594,ALL CLEAR,2013-12-13,710,allclear,CANCELLED - SECTION 8,Dead/Cancelled,False,,False
264,EXACT,0,85072117,,ALL CLEAR,2010-06-25,602,allclear,ABANDONED-FAILURE TO RESPOND OR LATE RESPONSE,Dead/Abandoned,False,003,True
264,EXACT,0,85060544,4459410,ALL CLEAR,2010-06-11,710,allclear,CANCELLED - SECTION 8,Dead/Cancelled,False,,False
264,EXACT,0,85048050,4202809,ALL CLEAR,2010-05-26,710,allclear,CANCELLED - SECTION 8,Dead/Cancelled,False,,False
264,EXACT,0,85032977,3994943,ALL CLEAR,2010-05-07,710,allclear,CANCELLED - SECTION 8,Dead/Cancelled,False,,False
264,EXACT,0,77679790,,ALL CLEAR,2009-02-27,606,allclear,ABANDONED - NO STATEMENT OF USE FILED,Dead/Abandoned,False,005,True
264,EXACT,0,77614897,,ALL-CLEAR,2008-11-14,606,allclear,ABANDONED - NO STATEMENT OF USE FILED,Dead/Abandoned,False,005,True
264,EXACT,0,77561051,3934845,ALL-CLEAR,2008-09-03,710,allclear,CANCELLED - SECTION 8,Dead/Cancelled,False,,False
264,EXACT,0,77394580,,ALL CLEAR,2008-02-12,606,allclear,ABANDONED - NO STATEMENT OF USE FILED,Dead/Abandoned,False,012,False
264,EXACT,0,77309987,3584179,ALLCLEAR,2007-10-22,710,allclear,CANCELLED - SECTION 8,Dead/Cancelled,False,,False
264,EXACT,0,77056445,,ALL CLEAR,2006-12-04,606,allclear,ABANDONED - NO STATEMENT OF USE FILED,Dead/Abandoned,False,021,True
264,EXACT,0,78723586,,ALLCLEAR,2005-09-29,606,allclear,ABANDONED - NO STATEMENT OF USE FILED,Dead/Abandoned,False,005,True
264,EXACT,0,78671712,3106862,ALL CLEAR,2005-07-15,710,allclear,CANCELLED - SECTION 8,Dead/Cancelled,False,,False
264,EXACT,0,76539206,2871254,ALLCLEAR,2003-08-20,710,allclear,CANCELLED - SECTION 8,Dead/Cancelled,False,,False
264,EXACT,0,78282106,,ALL-CLEAR,2003-08-01,606,allclear,ABANDONED - NO STATEMENT OF USE FILED,Dead/Abandoned,False,005,True
264,EXACT,0,76261128,2624197,ALL CLEAR,2001-05-07,710,allclear,CANCELLED - SECTION 8,Dead/Cancelled,False,,False
264,EXACT,0,76241076,2540247,ALL CLEAR!,2001-04-16,710,allclear,CANCELLED - SECTION 8,Dead/Cancelled,False,,False
264,EXACT,0,76098608,,ALL CLEAR,2000-07-26,605,allclear,ABANDONED EXPRESS AFTER PUB,Dead/Abandoned,False,005,True
264,EXACT,0,75429561,2282764,ALLCLEAR,1998-02-05,710,allclear,CANCELLED - SECTION 8,Dead/Cancelled,False,,False
264,EXACT,0,75376788,2254993,ALL CLEAR,1997-10-21,710,allclear,CANCELLED - SECTION 8,Dead/Cancelled,False,,False
264,EXACT,0,75343251,2304608,ALL CLEAR,1997-08-19,710,allclear,CANCELLED - SECTION 8,Dead/Cancelled,False,,False
264,EXACT,0,75132460,2105992,ALL CLEAR,1996-07-11,710,allclear,CANCELLED - SECTION 8,Dead/Cancelled,False,,False
264,EXACT,0,75113422,,ALL CLEAR,1996-06-03,606,allclear,ABANDONED - NO STATEMENT OF USE FILED,Dead/Abandoned,False,,False
264,EXACT,0,75096830,2090106,ALL CLEAR,1996-04-30,711,allclear,CANCELLED - SECTION 7,Dead/Cancelled,False,,False
264,EXACT,0,74464531,,ALL CLEAR,1993-12-01,606,allclear,ABANDONED - NO STATEMENT OF USE FILED,Dead/Abandoned,False,,False
264,EXACT,0,74440087,1852177,ALL CLEAR,1993-09-22,710,allclear,CANCELLED - SECTION 8,Dead/Cancelled,False,,False
264,EXACT,0,74123861,1696872,ALL CLEAR,1990-12-17,710,allclear,CANCELLED - SECTION 8,Dead/Cancelled,False,,False
264,EXACT,0,73457052,1354856,ALL CLEAR,1983-12-14,710,allclear,CANCELLED - SECTION 8,Dead/Cancelled,False,,False
264,EXACT,0,73306519,,ALL-CLEAR,1981-04-20,602,allclear,ABANDONED-FAILURE TO RESPOND OR LATE RESPONSE,Dead/Abandoned,False,,False
264,EXACT,0,73220570,1141486,ALL CLEAR,1979-06-21,711,allclear,CANCELLED - SECTION 7,Dead/Cancelled,False,,False
264,EXACT,0,72370102,0934373,ALL CLEAR,1970-09-08,900,allclear,EXPIRED,Dead/Expired,False,,False
264,EXACT,0,72236868,0823785,ALL CLEAR,1966-01-20,900,allclear,EXPIRED,Dead/Expired,False,,False
264,EXACT,0,72219290,0803310,ALLCLEAR,1965-05-19,900,allclear,EXPIRED,Dead/Expired,False,,False
264,EXACT,0,72166968,0956237,ALL CLEAR!,1963-04-18,900,allclear,EXPIRED,Dead/Expired,False,,False
264,EXACT,0,72008415,0644395,ALL CLEAR,1956-05-16,711,allclear,CANCELLED - SECTION 7,Dead/Cancelled,False,,False
264,EXACT,0,73052080,1045736,ALL CLEAR,,710,allclear,CANCELLED - SECTION 8,Dead/Cancelled,False,,False
264,NEAR_1_SUBSTITUTION,1,99246280,8117375,ALLCLEAN,2025-06-22,700,allclean,REGISTERED,Live/Registered,True,003,True
264,NEAR_1_SUBSTITUTION,1,97658668,7240789,ALLCLEAN,2022-11-02,700,allclean,REGISTERED,Live/Registered,True,021,True
264,NEAR_1_SUBSTITUTION,1,88888246,6180195,ALLCLEAN,2020-04-26,700,allclean,REGISTERED,Live/Registered,True,016,False
264,NEAR_1_SUBSTITUTION,1,86113485,4634023,ALICLEAR,2013-11-08,800,aliclear,REGISTERED AND RENEWED,Live/Registered,True,005,True
264,NEAR_1_SUBSTITUTION,1,77481359,3748172,ALLKLEAR,2008-05-22,800,allklear,REGISTERED AND RENEWED,Live/Registered,True,001,False
264,NEAR_1_SUBSTITUTION,1,77323549,4042334,ALU-CLEAR,2007-11-07,800,aluclear,REGISTERED AND RENEWED,Live/Registered,True,017,False
264,NEAR_1_DELETION,1,75258551,2137390,AL+CLEAR,1997-03-17,800,alclear,REGISTERED AND RENEWED,Live/Registered,True,001,False
264,NEAR_1_SUBSTITUTION,1,90624465,,ALL CLEAN,2021-04-05,606,allclean,ABANDONED - NO STATEMENT OF USE FILED,Dead/Abandoned,False,011,False
264,NEAR_1_SUBSTITUTION,1,90533954,,ALL CLEAN,2021-02-18,602,allclean,ABANDONED-FAILURE TO RESPOND OR LATE RESPONSE,Dead/Abandoned,False,005,True
264,NEAR_1_DELETION,1,88302568,,ALCLEAR,2019-02-14,602,alclear,ABANDONED-FAILURE TO RESPOND OR LATE RESPONSE,Dead/Abandoned,False,003,True
264,NEAR_1_INSERTION,1,86843002,,ALLOCLEAR,2015-12-08,606,alloclear,ABANDONED - NO STATEMENT OF USE FILED,Dead/Abandoned,False,"005,040",True
264,NEAR_1_SUBSTITUTION,1,86812014,5060944,ALLCLEAN,2015-11-06,710,allclean,CANCELLED - SECTION 8,Dead/Cancelled,False,,False
264,NEAR_1_INSERTION,1,86770826,4955796,ALLOCLEAR,2015-09-28,710,alloclear,CANCELLED - SECTION 8,Dead/Cancelled,False,,False
264,NEAR_1_SUBSTITUTION,1,86567882,,ALLQLEAR,2015-03-18,602,allqlear,ABANDONED-FAILURE TO RESPOND OR LATE RESPONSE,Dead/Abandoned,False,005,True
264,NEAR_1_SUBSTITUTION,1,86545771,,ALL CLEAN,2015-02-25,602,allclean,ABANDONED-FAILURE TO RESPOND OR LATE RESPONSE,Dead/Abandoned,False,003,True
264,NEAR_1_DELETION,1,79118930,4394412,ALCLEAR,2012-02-24,404,alclear,IR CANCELLED; US REGISTRATION CANCELLED,Dead/Cancelled,False,,False
264,NEAR_1_SUBSTITUTION,1,85431851,,ALL CLEAN,2011-09-26,605,allclean,ABANDONED EXPRESS AFTER PUB,Dead/Abandoned,False,,False
264,NEAR_1_INSERTION,1,77470330,,ALLECLEAR,2008-05-09,602,alleclear,ABANDONED-FAILURE TO RESPOND OR LATE RESPONSE,Dead/Abandoned,False,005,True
264,NEAR_1_DELETION,1,77323535,,AL-CLEAR,2007-11-07,606,alclear,ABANDONED - NO STATEMENT OF USE FILED,Dead/Abandoned,False,017,False
264,NEAR_1_SUBSTITUTION,1,77264295,,ALL CLEAN,2007-08-25,602,allclean,ABANDONED-FAILURE TO RESPOND OR LATE RESPONSE,Dead/Abandoned,False,011,False
264,NEAR_1_SUBSTITUTION,1,78620044,,ALL-CLEAN,2005-04-29,606,allclean,ABANDONED - NO STATEMENT OF USE FILED,Dead/Abandoned,False,003,True
264,NEAR_1_SUBSTITUTION,1,78580801,,ALLCLEAN,2005-03-04,602,allclean,ABANDONED-FAILURE TO RESPOND OR LATE RESPONSE,Dead/Abandoned,False,003,True
264,NEAR_1_SUBSTITUTION,1,74401686,1901114,ALL CLEAN,1993-06-14,710,allclean,CANCELLED - SECTION 8,Dead/Cancelled,False,,False
264,NEAR_1_SUBSTITUTION,1,74311894,,ALLCLEAN,1992-09-08,602,allclean,ABANDONED-FAILURE TO RESPOND OR LATE RESPONSE,Dead/Abandoned,False,,False
266,EXACT,0,88408774,6097459,FACT FORWARD,2019-04-30,700,factforward,REGISTERED,Live/Registered,True,"009,016,035,036,041,044",True
266,NEAR_1_SUBSTITUTION,1,99762458,,FAST FORWARD,2026-04-14,630,fastforward,NEW APPLICATION - RECORD INITIALIZED NOT ASSIGNED TO EXAMINER,Live/Pending,True,041,False
266,NEAR_1_SUBSTITUTION,1,99762485,,FAST FORWARD,2026-04-14,630,fastforward,NEW APPLICATION - RECORD INITIALIZED NOT ASSIGNED TO EXAMINER,Live/Pending,True,042,False
266,NEAR_1_SUBSTITUTION,1,99718654,,FAST FORWARD,2026-03-23,681,fastforward,PUBLICATION/ISSUE REVIEW COMPLETE,Live/Pending,True,018,False
266,NEAR_1_SUBSTITUTION,1,99605605,,FASTFORWARD,2026-01-20,653,fastforward,SUSPENSION LETTER - MAILED,Live/Pending,True,042,False
266,NEAR_1_SUBSTITUTION,1,99496757,,FAST FORWARD!,2025-11-14,641,fastforward,NON-FINAL ACTION - MAILED,Live/Pending,True,042,False
266,NEAR_1_SUBSTITUTION,1,99453389,,FACE FORWARD,2025-10-21,688,faceforward,NOTICE OF ALLOWANCE - ISSUED,Live/Pending,True,"009,042",False
266,NEAR_1_SUBSTITUTION,1,99428025,,FACE FORWARD,2025-10-04,688,faceforward,NOTICE OF ALLOWANCE - ISSUED,Live/Pending,True,025,False
266,NEAR_1_SUBSTITUTION,1,98941997,8082960,FACEFORWARD,2025-01-07,700,faceforward,REGISTERED,Live/Registered,True,028,False
266,NEAR_1_SUBSTITUTION,1,98483902,7693863,FASTFORWARD,2024-04-04,700,fastforward,REGISTERED,Live/Registered,True,041,False
266,NEAR_1_SUBSTITUTION,1,98408311,7814196,FACE FORWARD,2024-02-16,700,faceforward,REGISTERED,Live/Registered,True,044,True
266,NEAR_1_SUBSTITUTION,1,79392500,7830510,FAST FORWARD,2023-12-22,700,fastforward,REGISTERED,Live/Registered,True,003,True
266,NEAR_1_SUBSTITUTION,1,98205193,7501947,FACE FORWARD,2023-09-30,700,faceforward,REGISTERED,Live/Registered,True,035,True
266,NEAR_1_SUBSTITUTION,1,97853156,7478082,FASTFORWARD,2023-03-23,700,fastforward,REGISTERED,Live/Registered,True,045,False
266,NEAR_1_SUBSTITUTION,1,97602801,7749666,FACE FORWARD,2022-09-22,700,faceforward,REGISTERED,Live/Registered,True,044,True
266,NEAR_1_SUBSTITUTION,1,97330535,7124628,FACEFORWARD,2022-03-25,700,faceforward,REGISTERED,Live/Registered,True,042,False
266,NEAR_1_SUBSTITUTION,1,97135644,6967234,FASTFORWARD,2021-11-20,700,fastforward,REGISTERED,Live/Registered,True,041,False
266,NEAR_1_SUBSTITUTION,1,88827968,6157912,FAST FORWARD,2020-03-10,702,fastforward,SECTION 8 & 15-ACCEPTED AND ACKNOWLEDGED,Live/Registered,True,030,False
266,NEAR_1_SUBSTITUTION,1,88807876,6719441,FACEFORWARD,2020-02-24,700,faceforward,REGISTERED,Live/Registered,True,"035,041,042",True
266,NEAR_1_SUBSTITUTION,1,86751867,5211635,FAST FORWARD,2015-09-09,702,fastforward,SECTION 8 & 15-ACCEPTED AND ACKNOWLEDGED,Live/Registered,True,041,False
266,NEAR_1_SUBSTITUTION,1,86415580,4907074,FAST-FORWARD,2014-10-06,800,fastforward,REGISTERED AND RENEWED,Live/Registered,True,035,True
266,NEAR_1_SUBSTITUTION,1,86089217,4537239,FAST FORWARD,2013-10-11,800,fastforward,REGISTERED AND RENEWED,Live/Registered,True,031,False
266,NEAR_1_SUBSTITUTION,1,85377698,4201018,FAST FORWARD,2011-07-21,800,fastforward,REGISTERED AND RENEWED,Live/Registered,True,041,False
266,NEAR_1_SUBSTITUTION,1,77325574,3637377,FAST FORWARD,2007-11-09,800,fastforward,REGISTERED AND RENEWED,Live/Registered,True,036,False
266,NEAR_1_SUBSTITUTION,1,78792488,3174139,FAST FORWARD,2006-01-16,800,fastforward,REGISTERED AND RENEWED,Live/Registered,True,041,False
266,NEAR_1_SUBSTITUTION,1,78619204,3276833,FASTFORWARD,2005-04-28,800,fastforward,REGISTERED AND RENEWED,Live/Registered,True,035,True
266,NEAR_1_SUBSTITUTION,1,97585496,,FACE FORWARD,2022-09-09,604,faceforward,ABANDONED - AFTER INTER-PARTES DECISION,Dead/Abandoned,False,,False
266,NEAR_1_SUBSTITUTION,1,97099089,,FACE FORWARD,2021-10-29,606,faceforward,ABANDONED - NO STATEMENT OF USE FILED,Dead/Abandoned,False,008,False
266,NEAR_1_SUBSTITUTION,1,88559751,,FACEFORWARD,2019-08-01,602,faceforward,ABANDONED-FAILURE TO RESPOND OR LATE RESPONSE,Dead/Abandoned,False,035,True
266,NEAR_1_SUBSTITUTION,1,88239855,,FASTFORWARD,2018-12-21,602,fastforward,ABANDONED-FAILURE TO RESPOND OR LATE RESPONSE,Dead/Abandoned,False,035,True
266,NEAR_1_SUBSTITUTION,1,87756339,5754487,FAST FORWARD,2018-01-16,710,fastforward,CANCELLED - SECTION 8,Dead/Cancelled,False,,False
266,NEAR_1_SUBSTITUTION,1,87696493,,FAST FORWARD,2017-11-24,602,fastforward,ABANDONED-FAILURE TO RESPOND OR LATE RESPONSE,Dead/Abandoned,False,005,True
266,NEAR_1_SUBSTITUTION,1,86972897,5576288,FAST FORWARD,2016-04-12,710,fastforward,CANCELLED - SECTION 8,Dead/Cancelled,False,,False
266,NEAR_1_DELETION,1,86906513,,FAT-FORWARD,2016-02-12,606,fatforward,ABANDONED - NO STATEMENT OF USE FILED,Dead/Abandoned,False,030,False
266,NEAR_1_DELETION,1,86906518,,FAT-FORWARD,2016-02-12,606,fatforward,ABANDONED - NO STATEMENT OF USE FILED,Dead/Abandoned,False,029,False
266,NEAR_1_DELETION,1,86906522,,FAT-FORWARD,2016-02-12,606,fatforward,ABANDONED - NO STATEMENT OF USE FILED,Dead/Abandoned,False,043,False
266,NEAR_1_SUBSTITUTION,1,86774849,4960232,FASTFORWARD,2015-10-01,710,fastforward,CANCELLED - SECTION 8,Dead/Cancelled,False,,False
266,NEAR_1_SUBSTITUTION,1,86768791,5088035,FACE FORWARD,2015-09-25,710,faceforward,CANCELLED - SECTION 8,Dead/Cancelled,False,,False
266,NEAR_1_SUBSTITUTION,1,86411125,,FASTFORWARD,2014-10-01,606,fastforward,ABANDONED - NO STATEMENT OF USE FILED,Dead/Abandoned,False,010,True
266,NEAR_1_SUBSTITUTION,1,86253706,4662558,FACE FORWARD,2014-04-16,710,faceforward,CANCELLED - SECTION 8,Dead/Cancelled,False,,False
266,NEAR_1_SUBSTITUTION,1,86229051,4782889,FASTFORWARD,2014-03-21,710,fastforward,CANCELLED - SECTION 8,Dead/Cancelled,False,,False
266,NEAR_1_SUBSTITUTION,1,85968420,,FAST FORWARD,2013-06-24,600,fastforward,ABANDONED - INCOMPLETE RESPONSE,Dead/Abandoned,False,041,False
266,NEAR_1_SUBSTITUTION,1,85573969,,FACE FORWARD,2012-03-20,606,faceforward,ABANDONED - NO STATEMENT OF USE FILED,Dead/Abandoned,False,021,True
266,NEAR_1_SUBSTITUTION,1,85151567,,FAST FORWARD,2010-10-13,606,fastforward,ABANDONED - NO STATEMENT OF USE FILED,Dead/Abandoned,False,005,True
266,NEAR_1_SUBSTITUTION,1,85065661,,FAST FORWARD,2010-06-17,606,fastforward,ABANDONED - NO STATEMENT OF USE FILED,Dead/Abandoned,False,032,False
266,NEAR_1_SUBSTITUTION,1,77586619,3713151,FAST FORWARD,2008-10-06,710,fastforward,CANCELLED - SECTION 8,Dead/Cancelled,False,,False
266,NEAR_1_SUBSTITUTION,1,77552244,3726353,FAST FORWARD...,2008-08-21,710,fastforward,CANCELLED - SECTION 8,Dead/Cancelled,False,,False
266,NEAR_1_SUBSTITUTION,1,77366753,,FAST FORWARD,2008-01-08,606,fastforward,ABANDONED - NO STATEMENT OF USE FILED,Dead/Abandoned,False,032,False
266,NEAR_1_SUBSTITUTION,1,77351299,,FAST FORWARD,2007-12-13,602,fastforward,ABANDONED-FAILURE TO RESPOND OR LATE RESPONSE,Dead/Abandoned,False,041,False
266,NEAR_1_SUBSTITUTION,1,77203100,,FAST FORWARD,2007-06-11,601,fastforward,ABANDONED - EXPRESS,Dead/Abandoned,False,009,False
266,NEAR_1_SUBSTITUTION,1,77149480,3693044,FASTFORWARD,2007-04-05,710,fastforward,CANCELLED - SECTION 8,Dead/Cancelled,False,,False
266,NEAR_1_SUBSTITUTION,1,78897439,,FASTFORWARD,2006-05-31,602,fastforward,ABANDONED-FAILURE TO RESPOND OR LATE RESPONSE,Dead/Abandoned,False,"007,009,035",True
266,NEAR_1_SUBSTITUTION,1,78895724,,FAST FORWARD,2006-05-30,606,fastforward,ABANDONED - NO STATEMENT OF USE FILED,Dead/Abandoned,False,042,False
266,NEAR_1_SUBSTITUTION,1,76659532,3330194,FAST FORWARD,2006-05-02,710,fastforward,CANCELLED - SECTION 8,Dead/Cancelled,False,,False
266,NEAR_1_SUBSTITUTION,1,78800846,,FAST FORWARD,2006-01-27,602,fastforward,ABANDONED-FAILURE TO RESPOND OR LATE RESPONSE,Dead/Abandoned,False,041,False
266,NEAR_1_SUBSTITUTION,1,78476264,,FASTFORWARD,2004-08-31,602,fastforward,ABANDONED-FAILURE TO RESPOND OR LATE RESPONSE,Dead/Abandoned,False,042,False
266,NEAR_1_SUBSTITUTION,1,78427447,,FAST FORWARD,2004-05-30,602,fastforward,ABANDONED-FAILURE TO RESPOND OR LATE RESPONSE,Dead/Abandoned,False,016,False
266,NEAR_1_SUBSTITUTION,1,78405662,,FACEFORWARD,2004-04-21,602,faceforward,ABANDONED-FAILURE TO RESPOND OR LATE RESPONSE,Dead/Abandoned,False,003,True
266,NEAR_1_SUBSTITUTION,1,76558499,3190429,FAST FORWARD,2003-11-10,710,fastforward,CANCELLED - SECTION 8,Dead/Cancelled,False,,False
266,NEAR_1_SUBSTITUTION,1,78287525,2914553,FASTFORWARD,2003-08-14,710,fastforward,CANCELLED - SECTION 8,Dead/Cancelled,False,,False
266,NEAR_1_SUBSTITUTION,1,76491577,2909594,FAST FORWARD,2003-02-20,710,fastforward,CANCELLED - SECTION 8,Dead/Cancelled,False,,False
266,NEAR_1_SUBSTITUTION,1,78149223,2890137,FAST FORWARD,2002-07-31,710,fastforward,CANCELLED - SECTION 8,Dead/Cancelled,False,,False
266,NEAR_1_SUBSTITUTION,1,78143226,2890117,FAST FORWARD,2002-07-11,710,fastforward,CANCELLED - SECTION 8,Dead/Cancelled,False,,False
266,NEAR_1_SUBSTITUTION,1,76414453,2774813,FAST FORWARD,2002-05-28,710,fastforward,CANCELLED - SECTION 8,Dead/Cancelled,False,,False
266,NEAR_1_SUBSTITUTION,1,76350604,2754083,FAST FORWARD,2001-12-20,710,fastforward,CANCELLED - SECTION 8,Dead/Cancelled,False,,False
266,NEAR_1_SUBSTITUTION,1,76232464,2653591,FASTFORWARD,2001-03-29,710,fastforward,CANCELLED - SECTION 8,Dead/Cancelled,False,,False
266,NEAR_1_SUBSTITUTION,1,76205202,,FAST FORWARD,2001-02-05,606,fastforward,ABANDONED - NO STATEMENT OF USE FILED,Dead/Abandoned,False,"009,035,038",True
266,NEAR_1_SUBSTITUTION,1,76142366,,FASTFORWARD,2000-10-06,602,fastforward,ABANDONED-FAILURE TO RESPOND OR LATE RESPONSE,Dead/Abandoned,False,035,True
266,NEAR_1_SUBSTITUTION,1,76135999,,FASTFORWARD,2000-09-27,606,fastforward,ABANDONED - NO STATEMENT OF USE FILED,Dead/Abandoned,False,035,True
266,NEAR_1_SUBSTITUTION,1,76063542,,FAST FORWARD,2000-05-26,602,fastforward,ABANDONED-FAILURE TO RESPOND OR LATE RESPONSE,Dead/Abandoned,False,"025,042",False
266,NEAR_1_SUBSTITUTION,1,78004205,,FAST FORWARD,2000-04-14,606,fastforward,ABANDONED - NO STATEMENT OF USE FILED,Dead/Abandoned,False,"038,041,042",False
266,NEAR_1_SUBSTITUTION,1,76006398,2541515,FAST FORWARD,2000-03-21,710,fastforward,CANCELLED - SECTION 8,Dead/Cancelled,False,,False
266,NEAR_1_SUBSTITUTION,1,76001988,,FAST FORWARD,2000-03-16,602,fastforward,ABANDONED-FAILURE TO RESPOND OR LATE RESPONSE,Dead/Abandoned,False,016,False
266,NEAR_1_SUBSTITUTION,1,75938849,,FASTFORWARD,2000-03-08,606,fastforward,ABANDONED - NO STATEMENT OF USE FILED,Dead/Abandoned,False,039,False
266,NEAR_1_SUBSTITUTION,1,75876586,2541347,FAST FORWARD,1999-12-21,710,fastforward,CANCELLED - SECTION 8,Dead/Cancelled,False,,False
266,NEAR_1_SUBSTITUTION,1,75815286,,FASTFORWARD,1999-10-25,602,fastforward,ABANDONED-FAILURE TO RESPOND OR LATE RESPONSE,Dead/Abandoned,False,041,False
266,NEAR_1_SUBSTITUTION,1,75826827,2576524,FASTFORWARD,1999-10-19,710,fastforward,CANCELLED - SECTION 8,Dead/Cancelled,False,,False
266,NEAR_1_SUBSTITUTION,1,75810713,2379513,FAST FORWARD,1999-09-29,710,fastforward,CANCELLED - SECTION 8,Dead/Cancelled,False,,False
266,NEAR_1_SUBSTITUTION,1,75732332,,FASTFORWARD,1999-06-18,602,fastforward,ABANDONED-FAILURE TO RESPOND OR LATE RESPONSE,Dead/Abandoned,False,"009,042",False
266,NEAR_1_SUBSTITUTION,1,75677285,,FASTFORWARD,1999-04-10,602,fastforward,ABANDONED-FAILURE TO RESPOND OR LATE RESPONSE,Dead/Abandoned,False,035,True
266,NEAR_1_SUBSTITUTION,1,75605135,,FAST FORWARD,1998-12-14,606,fastforward,ABANDONED - NO STATEMENT OF USE FILED,Dead/Abandoned,False,016,False
266,NEAR_1_SUBSTITUTION,1,75489239,,FASTFORWARD,1998-05-21,602,fastforward,ABANDONED-FAILURE TO RESPOND OR LATE RESPONSE,Dead/Abandoned,False,041,False
266,NEAR_1_SUBSTITUTION,1,75435657,,FAST-FORWARD,1998-02-17,606,fastforward,ABANDONED - NO STATEMENT OF USE FILED,Dead/Abandoned,False,003,True
266,NEAR_1_SUBSTITUTION,1,75432964,,FAST FORWARD,1998-02-12,602,fastforward,ABANDONED-FAILURE TO RESPOND OR LATE RESPONSE,Dead/Abandoned,False,009,False
266,NEAR_1_SUBSTITUTION,1,75410004,,FACE FORWARD,1997-12-23,601,faceforward,ABANDONED - EXPRESS,Dead/Abandoned,False,003,True
266,NEAR_1_SUBSTITUTION,1,75341547,,FAST FORWARD,1997-08-15,602,fastforward,ABANDONED-FAILURE TO RESPOND OR LATE RESPONSE,Dead/Abandoned,False,,False
266,NEAR_1_SUBSTITUTION,1,75338079,,FAST FORWARD,1997-08-11,602,fastforward,ABANDONED-FAILURE TO RESPOND OR LATE RESPONSE,Dead/Abandoned,False,,False
266,NEAR_1_SUBSTITUTION,1,75334323,2173076,FAST FORWARD,1997-08-01,710,fastforward,CANCELLED - SECTION 8,Dead/Cancelled,False,,False
266,NEAR_1_SUBSTITUTION,1,75325614,,FAST FORWARD,1997-07-17,606,fastforward,ABANDONED - NO STATEMENT OF USE FILED,Dead/Abandoned,False,,False
266,NEAR_1_SUBSTITUTION,1,75250516,2197217,FASTFORWARD,1997-03-03,710,fastforward,CANCELLED - SECTION 8,Dead/Cancelled,False,,False
266,NEAR_1_SUBSTITUTION,1,75203813,2161496,FAST FORWARD,1996-11-25,713,fastforward,CANCELLED - SECTION 18,Dead/Cancelled,False,,False
266,NEAR_1_SUBSTITUTION,1,75193377,,FASTFORWARD,1996-11-05,602,fastforward,ABANDONED-FAILURE TO RESPOND OR LATE RESPONSE,Dead/Abandoned,False,,False
266,NEAR_1_SUBSTITUTION,1,75165819,2508289,FAST FORWARD,1996-09-13,710,fastforward,CANCELLED - SECTION 8,Dead/Cancelled,False,,False
266,NEAR_1_SUBSTITUTION,1,75128902,,FAST FORWARD,1996-07-02,606,fastforward,ABANDONED - NO STATEMENT OF USE FILED,Dead/Abandoned,False,,False
266,NEAR_1_SUBSTITUTION,1,74725359,,FAST FORWARD,1995-09-05,602,fastforward,ABANDONED-FAILURE TO RESPOND OR LATE RESPONSE,Dead/Abandoned,False,,False
266,NEAR_1_SUBSTITUTION,1,74703268,,FAST FORWARD,1995-07-19,606,fastforward,ABANDONED - NO STATEMENT OF USE FILED,Dead/Abandoned,False,,False
266,NEAR_1_SUBSTITUTION,1,74687697,2108122,FASTFORWARD,1995-06-12,710,fastforward,CANCELLED - SECTION 8,Dead/Cancelled,False,,False
266,NEAR_1_SUBSTITUTION,1,74601525,,FASTFORWARD,1994-11-21,602,fastforward,ABANDONED-FAILURE TO RESPOND OR LATE RESPONSE,Dead/Abandoned,False,,False
266,NEAR_1_SUBSTITUTION,1,74430696,1843225,FAST FORWARD,1993-08-31,710,fastforward,CANCELLED - SECTION 8,Dead/Cancelled,False,,False
266,NEAR_1_SUBSTITUTION,1,74420131,1863309,FAST FORWARD,1993-08-03,710,fastforward,CANCELLED - SECTION 8,Dead/Cancelled,False,,False
266,NEAR_1_SUBSTITUTION,1,74415185,,FAST FORWARD,1993-07-20,606,fastforward,ABANDONED - NO STATEMENT OF USE FILED,Dead/Abandoned,False,,False
266,NEAR_1_SUBSTITUTION,1,74351045,,FAST FORWARD,1993-01-22,602,fastforward,ABANDONED-FAILURE TO RESPOND OR LATE RESPONSE,Dead/Abandoned,False,,False
266,NEAR_1_SUBSTITUTION,1,74257617,,FAST FORWARD,1992-03-20,602,fastforward,ABANDONED-FAILURE TO RESPOND OR LATE RESPONSE,Dead/Abandoned,False,,False
266,NEAR_1_SUBSTITUTION,1,74247188,1803296,FAST FORWARD,1992-02-19,713,fastforward,CANCELLED - SECTION 18,Dead/Cancelled,False,,False
266,NEAR_1_SUBSTITUTION,1,74095321,1761746,FAST FORWARD,1990-09-10,710,fastforward,CANCELLED - SECTION 8,Dead/Cancelled,False,,False
266,NEAR_1_SUBSTITUTION,1,73808684,,FAST FORWARD,1989-06-23,601,fastforward,ABANDONED - EXPRESS,Dead/Abandoned,False,,False
266,NEAR_1_SUBSTITUTION,1,73807775,1606979,FAST FORWARD,1989-05-19,710,fastforward,CANCELLED - SECTION 8,Dead/Cancelled,False,,False
266,NEAR_1_SUBSTITUTION,1,73797720,1571529,FAST FORWARD,1989-05-04,710,fastforward,CANCELLED - SECTION 8,Dead/Cancelled,False,,False
266,NEAR_1_SUBSTITUTION,1,73774569,1580734,FACE FORWARD,1989-01-13,710,faceforward,CANCELLED - SECTION 8,Dead/Cancelled,False,,False
266,NEAR_1_SUBSTITUTION,1,73748487,1569149,FAST FORWARD,1988-08-26,710,fastforward,CANCELLED - SECTION 8,Dead/Cancelled,False,,False
266,NEAR_1_SUBSTITUTION,1,73649912,1487426,FASTFORWARD,1987-03-17,710,fastforward,CANCELLED - SECTION 8,Dead/Cancelled,False,,False
266,NEAR_1_SUBSTITUTION,1,73622358,1468246,FAST FORWARD,1986-09-26,710,fastforward,CANCELLED - SECTION 8,Dead/Cancelled,False,,False
266,NEAR_1_SUBSTITUTION,1,73534372,1385956,FAST FORWARD,1985-04-26,710,fastforward,CANCELLED - SECTION 8,Dead/Cancelled,False,,False
266,NEAR_1_SUBSTITUTION,1,73457741,1314764,FAST FORWARD,1983-12-19,710,fastforward,CANCELLED - SECTION 8,Dead/Cancelled,False,,False
266,NEAR_1_SUBSTITUTION,1,73457012,1371793,FAST FORWARD,1983-12-14,710,fastforward,CANCELLED - SECTION 8,Dead/Cancelled,False,,False
266,NEAR_1_SUBSTITUTION,1,73397723,1262696,FAST FORWARD,1982-09-30,713,fastforward,CANCELLED - SECTION 18,Dead/Cancelled,False,,False
266,NEAR_1_SUBSTITUTION,1,73369752,1260199,FAST FORWARD,1982-06-14,710,fastforward,CANCELLED - SECTION 8,Dead/Cancelled,False,,False
266,NEAR_1_SUBSTITUTION,1,73337966,1209702,FAST FORWARD,1981-11-19,710,fastforward,CANCELLED - SECTION 8,Dead/Cancelled,False,,False
267,NEAR_1_INSERTION,1,77284635,3435232,CLAIMSCLEAR,2007-09-20,800,claimsclear,REGISTERED AND RENEWED,Live/Registered,True,036,False
268,EXACT,0,99844067,,CLAIMWISE,2026-05-25,630,claimwise,NEW APPLICATION - RECORD INITIALIZED NOT ASSIGNED TO EXAMINER,Live/Pending,True,"009,042",False
268,EXACT,0,90845420,7166710,CLAIMWISE,2021-07-23,700,claimwise,REGISTERED,Live/Registered,True,"035,036",True
268,NEAR_1_SUBSTITUTION,1,87645049,,CLAIMWIRE,2017-10-13,602,claimwire,ABANDONED-FAILURE TO RESPOND OR LATE RESPONSE,Dead/Abandoned,False,042,False
269,NEAR_1_DELETION,1,87785740,5560713,ROOFWISE,2018-02-06,702,roofwise,SECTION 8 & 15-ACCEPTED AND ACKNOWLEDGED,Live/Registered,True,037,False
269,NEAR_1_DELETION,1,75566992,2413490,ROOF WISE,1998-10-08,710,roofwise,CANCELLED - SECTION 8,Dead/Cancelled,False,,False
270,NEAR_1_DELETION,1,90149368,6815769,PLANWISE,2020-08-31,700,planwise,REGISTERED,Live/Registered,True,"009,041,042",False
270,NEAR_1_DELETION,1,99025974,,PLANWISE,2025-02-01,602,planwise,ABANDONED-FAILURE TO RESPOND OR LATE RESPONSE,Dead/Abandoned,False,036,False
270,NEAR_1_DELETION,1,97126433,,PLANWISE,2021-11-16,604,planwise,ABANDONED - AFTER INTER-PARTES DECISION,Dead/Abandoned,False,,False
270,NEAR_1_DELETION,1,85459224,4289914,PLANWISE,2011-10-28,710,planwise,CANCELLED - SECTION 8,Dead/Cancelled,False,,False
270,NEAR_1_DELETION,1,78472553,3199465,PLANWISE,2004-08-24,710,planwise,CANCELLED - SECTION 8,Dead/Cancelled,False,,False
270,NEAR_1_DELETION,1,78294763,2866919,PLANWISE,2003-09-02,710,planwise,CANCELLED - SECTION 8,Dead/Cancelled,False,,False
270,NEAR_1_DELETION,1,75295205,2186887,PLANWISE,1997-05-20,710,planwise,CANCELLED - SECTION 8,Dead/Cancelled,False,,False
271,NEAR_1_DELETION,1,99442333,8331701,KNOW GOOD.,2025-10-14,700,knowgood,REGISTERED,Live/Registered,True,"009,041",False
271,NEAR_1_DELETION,1,90594608,7778792,KNOW GOOD,2021-03-22,700,knowgood,REGISTERED,Live/Registered,True,030,False
271,NEAR_1_DELETION,1,98340712,,KNOW GOOD,2024-01-03,606,knowgood,ABANDONED - NO STATEMENT OF USE FILED,Dead/Abandoned,False,025,False
271,NEAR_1_DELETION,1,90501304,,KNOWGOOD,2021-02-01,602,knowgood,ABANDONED-FAILURE TO RESPOND OR LATE RESPONSE,Dead/Abandoned,False,003,True
271,NEAR_1_DELETION,1,88620401,,KNOWGOOD,2019-09-17,602,knowgood,ABANDONED-FAILURE TO RESPOND OR LATE RESPONSE,Dead/Abandoned,False,003,True
271,NEAR_1_DELETION,1,87123517,5188508,KNOW GOOD,2016-08-01,710,knowgood,CANCELLED - SECTION 8,Dead/Cancelled,False,,False
273,NEAR_1_SUBSTITUTION,1,97734375,7351080,OPENTEAMS,2022-12-28,700,openteams,REGISTERED,Live/Registered,True,"035,041,042",True
273,NEAR_1_DELETION,1,76082516,,OPENTERM,2000-07-05,606,openterm,ABANDONED - NO STATEMENT OF USE FILED,Dead/Abandoned,False,"009,035,036,038",True
274,EXACT,0,77284635,3435232,CLAIMSCLEAR,2007-09-20,800,claimsclear,REGISTERED AND RENEWED,Live/Registered,True,036,False
275,NEAR_1_SUBSTITUTION,1,74004248,1684875,PROOFMATE,1989-11-20,710,proofmate,CANCELLED - SECTION 8,Dead/Cancelled,False,,False
276,EXACT,0,99746331,,SAIDWELL,2026-04-06,641,saidwell,NON-FINAL ACTION - MAILED,Live/Pending,True,"009,016,041,045",False
276,EXACT,0,90579162,6733274,SAIDWELL,2021-03-15,700,saidwell,REGISTERED,Live/Registered,True,042,False
276,EXACT,0,75361167,2391892,SAIDWELL,1997-09-22,710,saidwell,CANCELLED - SECTION 8,Dead/Cancelled,False,,False
276,NEAR_1_SUBSTITUTION,1,99777462,,SAILWELL,2026-04-21,630,sailwell,NEW APPLICATION - RECORD INITIALIZED NOT ASSIGNED TO EXAMINER,Live/Pending,True,032,False
276,NEAR_1_DELETION,1,99133751,,AIDWELL,2025-04-11,688,aidwell,NOTICE OF ALLOWANCE - ISSUED,Live/Pending,True,011,False
276,NEAR_1_SUBSTITUTION,1,97860401,7907417,SANDWELL,2023-03-28,700,sandwell,REGISTERED,Live/Registered,True,043,False
276,NEAR_1_SUBSTITUTION,1,97615956,7212581,SAIPWELL,2022-10-01,700,saipwell,REGISTERED,Live/Registered,True,007,False
276,NEAR_1_SUBSTITUTION,1,97615957,7212582,SAIPWELL,2022-10-01,700,saipwell,REGISTERED,Live/Registered,True,008,False
276,NEAR_1_SUBSTITUTION,1,88477531,5938015,SAIPWELL,2019-06-18,701,saipwell,SECTION 8-ACCEPTED,Live/Registered,True,011,False
276,NEAR_1_SUBSTITUTION,1,88447357,5936863,SAIPWELL,2019-05-27,701,saipwell,SECTION 8-ACCEPTED,Live/Registered,True,009,False
276,NEAR_1_SUBSTITUTION,1,90659966,,SAIPWELL,2021-04-21,602,saipwell,ABANDONED-FAILURE TO RESPOND OR LATE RESPONSE,Dead/Abandoned,False,007,False
276,NEAR_1_SUBSTITUTION,1,90660001,,SAIPWELL,2021-04-21,602,saipwell,ABANDONED-FAILURE TO RESPOND OR LATE RESPONSE,Dead/Abandoned,False,008,False
276,NEAR_1_SUBSTITUTION,1,77275829,3426581,SAILWELL,2007-09-10,710,sailwell,CANCELLED - SECTION 8,Dead/Cancelled,False,,False
276,NEAR_1_SUBSTITUTION,1,78869474,,SAILWELL,2006-04-25,602,sailwell,ABANDONED-FAILURE TO RESPOND OR LATE RESPONSE,Dead/Abandoned,False,012,False
276,NEAR_1_DELETION,1,78689517,,SAIWELL,2005-08-10,602,saiwell,ABANDONED-FAILURE TO RESPOND OR LATE RESPONSE,Dead/Abandoned,False,012,False
276,NEAR_1_DELETION,1,78561109,3214771,SIDWELL,2005-02-04,710,sidwell,CANCELLED - SECTION 8,Dead/Cancelled,False,,False
276,NEAR_1_SUBSTITUTION,1,75454084,2236791,MAIDWELL,1998-03-20,710,maidwell,CANCELLED - SECTION 8,Dead/Cancelled,False,,False
277,EXACT,0,75509843,,OPENWORD,1998-06-29,601,openword,ABANDONED - EXPRESS,Dead/Abandoned,False,009,False
277,EXACT,0,74234036,,OPENWORD,1991-12-30,606,openword,ABANDONED - NO STATEMENT OF USE FILED,Dead/Abandoned,False,,False
277,NEAR_1_INSERTION,1,99838194,,OPENWORLD,2026-05-21,630,openworld,NEW APPLICATION - RECORD INITIALIZED NOT ASSIGNED TO EXAMINER,Live/Pending,True,"009,035,036,038,039,042",True
277,NEAR_1_INSERTION,1,99838198,,OPENWORLD,2026-05-21,630,openworld,NEW APPLICATION - RECORD INITIALIZED NOT ASSIGNED TO EXAMINER,Live/Pending,True,"009,035,036,038,039,042",True
277,NEAR_1_SUBSTITUTION,1,99829608,,OPENWORK,2026-05-18,630,openwork,NEW APPLICATION - RECORD INITIALIZED NOT ASSIGNED TO EXAMINER,Live/Pending,True,"009,035,041",True
277,NEAR_1_SUBSTITUTION,1,99598578,,OPENWORK,2026-01-16,641,openwork,NON-FINAL ACTION - MAILED,Live/Pending,True,009,False
277,NEAR_1_SUBSTITUTION,1,99598582,,OPENWORK,2026-01-16,641,openwork,NON-FINAL ACTION - MAILED,Live/Pending,True,009,False
277,NEAR_1_INSERTION,1,99374513,8310891,OPEN WORLD,2025-09-04,700,openworld,REGISTERED,Live/Registered,True,"035,036",True
277,NEAR_1_INSERTION,1,99076456,,OPEN WORLD,2025-03-10,730,openworld,FIRST EXTENSION - GRANTED,Live/Pending,True,033,False
277,NEAR_1_INSERTION,1,98317151,8264398,OPENWORLD,2023-12-15,700,openworld,REGISTERED,Live/Registered,True,009,False
277,NEAR_1_INSERTION,1,98290146,7735252,OPEN WORLD,2023-11-29,700,openworld,REGISTERED,Live/Registered,True,041,False
277,NEAR_1_SUBSTITUTION,1,97533524,,OPENWORK,2022-08-03,748,openwork,STATEMENT OF USE - TO EXAMINER,Live/Pending,True,009,False
277,NEAR_1_INSERTION,1,97452995,,OPEN WORLD,2022-06-10,732,openworld,THIRD EXTENSION - GRANTED,Live/Pending,True,"035,039,042,043",True
277,NEAR_1_SUBSTITUTION,1,79297282,6383071,OPENWORK,2020-09-28,700,openwork,REGISTERED,Live/Registered,True,"003,008",True
277,NEAR_1_INSERTION,1,77328179,4029056,OPENWORLD,2007-11-13,800,openworld,REGISTERED AND RENEWED,Live/Registered,True,"016,036",False
277,NEAR_1_SUBSTITUTION,1,98357653,,OPENCORD,2024-01-15,602,opencord,ABANDONED-FAILURE TO RESPOND OR LATE RESPONSE,Dead/Abandoned,False,038,False
277,NEAR_1_SUBSTITUTION,1,98357661,,OPENCORD,2024-01-15,602,opencord,ABANDONED-FAILURE TO RESPOND OR LATE RESPONSE,Dead/Abandoned,False,041,False
277,NEAR_1_SUBSTITUTION,1,90793507,,OPENWORK,2021-06-24,602,openwork,ABANDONED-FAILURE TO RESPOND OR LATE RESPONSE,Dead/Abandoned,False,035,True
277,NEAR_1_SUBSTITUTION,1,87164562,,OPENCORD,2016-09-08,606,opencord,ABANDONED - NO STATEMENT OF USE FILED,Dead/Abandoned,False,009,False
277,NEAR_1_INSERTION,1,86348510,4956570,OPENWORDS,2014-07-25,710,openwords,CANCELLED - SECTION 8,Dead/Cancelled,False,,False
277,NEAR_1_INSERTION,1,78019271,,OPENWORLD,2000-08-01,602,openworld,ABANDONED-FAILURE TO RESPOND OR LATE RESPONSE,Dead/Abandoned,False,042,False
277,NEAR_1_INSERTION,1,76040401,2501703,OPENWORLD,2000-05-04,710,openworld,CANCELLED - SECTION 8,Dead/Cancelled,False,,False
277,NEAR_1_SUBSTITUTION,1,75867969,2756560,OPENWORX,1999-12-09,710,openworx,CANCELLED - SECTION 8,Dead/Cancelled,False,,False
277,NEAR_1_INSERTION,1,75135650,2114823,OPEN WORLD,1996-07-17,710,openworld,CANCELLED - SECTION 8,Dead/Cancelled,False,,False
277,NEAR_1_INSERTION,1,74308836,,OPEN WORLD,1992-08-28,606,openworld,ABANDONED - NO STATEMENT OF USE FILED,Dead/Abandoned,False,,False
277,NEAR_1_INSERTION,1,73538858,1426325,OPEN WORLD,1985-05-21,710,openworld,CANCELLED - SECTION 8,Dead/Cancelled,False,,False
278,EXACT,0,97560970,,CLEARWORD,2022-08-23,602,clearword,ABANDONED-FAILURE TO RESPOND OR LATE RESPONSE,Dead/Abandoned,False,009,False
278,NEAR_1_SUBSTITUTION,1,99674289,,CLEARWORK,2026-02-27,638,clearwork,NEW APPLICATION - ASSIGNED TO EXAMINER,Live/Pending,True,042,False
278,NEAR_1_SUBSTITUTION,1,99579690,,CLEARWORK,2026-01-06,686,clearwork,PUBLISHED FOR OPPOSITION,Live/Pending,True,041,False
278,NEAR_1_INSERTION,1,98592853,7721477,CLEARWORLD,2024-06-10,700,clearworld,REGISTERED,Live/Registered,True,037,False
278,NEAR_1_INSERTION,1,88096532,5749540,CLEARWORLD,2018-08-29,701,clearworld,SECTION 8-ACCEPTED,Live/Registered,True,018,False
278,NEAR_1_SUBSTITUTION,1,79147889,4647265,CLEARWOOD,2014-02-18,706,clearwood,SECTION 71 ACCEPTED,Live/Registered,True,"001,003",True
278,NEAR_1_INSERTION,1,86608952,4880192,CLEARWORLD,2015-04-24,710,clearworld,CANCELLED - SECTION 8,Dead/Cancelled,False,,False
278,NEAR_1_INSERTION,1,85894045,,CLEARWORLD,2013-04-03,602,clearworld,ABANDONED-FAILURE TO RESPOND OR LATE RESPONSE,Dead/Abandoned,False,009,False
278,NEAR_1_INSERTION,1,77267361,3986022,CLEAR WORLD,2007-08-29,710,clearworld,CANCELLED - SECTION 8,Dead/Cancelled,False,,False
278,NEAR_1_SUBSTITUTION,1,77212565,,CLEARWORX,2007-06-21,606,clearworx,ABANDONED - NO STATEMENT OF USE FILED,Dead/Abandoned,False,035,True
278,NEAR_1_SUBSTITUTION,1,73573580,1407713,CLEARWOOD,1985-12-16,710,clearwood,CANCELLED - SECTION 8,Dead/Cancelled,False,,False
278,NEAR_1_INSERTION,1,72357784,0917819,CLEAR WORLD,1970-04-24,900,clearworld,EXPIRED,Dead/Expired,False,,False
278,NEAR_1_SUBSTITUTION,1,72140314,0748965,CLEARWOOD,1962-03-16,900,clearwood,EXPIRED,Dead/Expired,False,,False
279,EXACT,0,98479002,,TRUE WORD,2024-04-02,604,trueword,ABANDONED - AFTER INTER-PARTES DECISION,Dead/Abandoned,False,,False
279,NEAR_1_SUBSTITUTION,1,99391814,8229167,TRUE WOOD,2025-09-14,700,truewood,REGISTERED,Live/Registered,True,021,True
279,NEAR_1_SUBSTITUTION,1,88654034,7391904,TRUEWORK,2019-10-14,700,truework,REGISTERED,Live/Registered,True,042,False
279,NEAR_1_INSERTION,1,97686186,,TRUE WORLD,2022-11-21,602,trueworld,ABANDONED-FAILURE TO RESPOND OR LATE RESPONSE,Dead/Abandoned,False,035,True
279,NEAR_1_SUBSTITUTION,1,88666996,,TRUEWORK,2019-10-24,602,truework,ABANDONED-FAILURE TO RESPOND OR LATE RESPONSE,Dead/Abandoned,False,036,False
279,NEAR_1_INSERTION,1,87546876,,TRUEWORLD,2017-07-28,602,trueworld,ABANDONED-FAILURE TO RESPOND OR LATE RESPONSE,Dead/Abandoned,False,041,False
279,NEAR_1_SUBSTITUTION,1,86238432,5232892,TRUE WOOD,2014-04-01,710,truewood,CANCELLED - SECTION 8,Dead/Cancelled,False,,False
279,NEAR_1_INSERTION,1,85752171,,TRUE WORLD,2012-10-11,602,trueworld,ABANDONED-FAILURE TO RESPOND OR LATE RESPONSE,Dead/Abandoned,False,016,False
279,NEAR_1_INSERTION,1,85714201,,TRUE WORLD,2012-08-27,601,trueworld,ABANDONED - EXPRESS,Dead/Abandoned,False,016,False
279,NEAR_1_SUBSTITUTION,1,85621435,,TRUEWOOD,2012-05-10,602,truewood,ABANDONED-FAILURE TO RESPOND OR LATE RESPONSE,Dead/Abandoned,False,019,False
279,NEAR_1_SUBSTITUTION,1,75834215,,TRUEWORM,1999-10-28,602,trueworm,ABANDONED-FAILURE TO RESPOND OR LATE RESPONSE,Dead/Abandoned,False,009,False
279,NEAR_1_INSERTION,1,74497069,,TRUE WORDS,1994-03-04,606,truewords,ABANDONED - NO STATEMENT OF USE FILED,Dead/Abandoned,False,,False
279,NEAR_1_INSERTION,1,74466933,1903816,TRUEWORLD,1993-12-03,710,trueworld,CANCELLED - SECTION 8,Dead/Cancelled,False,,False
281,EXACT,0,73606156,1430677,OPEN ACCOUNT,1986-06-24,710,openaccount,CANCELLED - SECTION 8,Dead/Cancelled,False,,False
281,NEAR_1_DELETION,1,76269130,2581854,PEN ACCOUNT,2001-06-08,710,penaccount,CANCELLED - SECTION 8,Dead/Cancelled,False,,False
281,NEAR_1_INSERTION,1,74731548,,OPENACCOUNTS,1995-09-20,602,openaccounts,ABANDONED-FAILURE TO RESPOND OR LATE RESPONSE,Dead/Abandoned,False,,False
282,EXACT,0,88948314,6654478,READOUT,2020-06-04,700,readout,REGISTERED,Live/Registered,True,005,True
282,EXACT,0,74470027,1967639,READOUT,1993-12-10,710,readout,CANCELLED - SECTION 8,Dead/Cancelled,False,,False
282,EXACT,0,74076909,1873112,READOUT,1990-07-09,710,readout,CANCELLED - SECTION 8,Dead/Cancelled,False,,False
282,EXACT,0,73444941,1296953,READOUT,1983-09-22,710,readout,CANCELLED - SECTION 8,Dead/Cancelled,False,,False
282,EXACT,0,73308858,1219089,READ-OUT,1981-04-23,710,readout,CANCELLED - SECTION 8,Dead/Cancelled,False,,False
282,NEAR_1_SUBSTITUTION,1,97491189,7161456,HEADOUT,2022-07-06,700,headout,REGISTERED,Live/Registered,True,"009,039,041,042",False
282,NEAR_1_SUBSTITUTION,1,90767710,6875460,LEAD OUT!,2021-06-10,700,leadout,REGISTERED,Live/Registered,True,018,False
282,NEAR_1_SUBSTITUTION,1,90154085,6768923,REK-D OUT,2020-09-02,700,rekdout,REGISTERED,Live/Registered,True,022,False
282,NEAR_1_SUBSTITUTION,1,88795255,6202231,LEAD OUT!,2020-02-12,700,leadout,REGISTERED,Live/Registered,True,028,False
282,NEAR_1_SUBSTITUTION,1,87095043,5722688,HEADOUT,2016-07-06,702,headout,SECTION 8 & 15-ACCEPTED AND ACKNOWLEDGED,Live/Registered,True,"009,041,042",False
282,NEAR_1_SUBSTITUTION,1,87055332,5703654,HEADOUT,2016-05-31,702,headout,SECTION 8 & 15-ACCEPTED AND ACKNOWLEDGED,Live/Registered,True,"039,041,042,043",False
282,NEAR_1_INSERTION,1,86755415,5311958,READOUTS,2015-09-14,702,readouts,SECTION 8 & 15-ACCEPTED AND ACKNOWLEDGED,Live/Registered,True,"009,038,041,042",False
282,NEAR_1_SUBSTITUTION,1,86547049,4840337,HEADOUT,2015-02-26,800,headout,REGISTERED AND RENEWED,Live/Registered,True,009,False
282,NEAR_1_DELETION,1,86452030,4792081,RED-OUT,2014-11-12,800,redout,REGISTERED AND RENEWED,Live/Registered,True,003,True
282,NEAR_1_SUBSTITUTION,1,78788461,3353843,LEAD OUT,2006-01-10,800,leadout,REGISTERED AND RENEWED,Live/Registered,True,003,True
282,NEAR_1_SUBSTITUTION,1,73762915,1584154,LEADOUT,1988-11-10,800,leadout,REGISTERED AND RENEWED,Live/Registered,True,011,False
282,NEAR_1_DELETION,1,73380219,1251997,RED.OUT,1982-08-16,800,redout,REGISTERED AND RENEWED,Live/Registered,True,001,False
282,NEAR_1_DELETION,1,72177234,0778931,REDOUT,1963-09-18,800,redout,REGISTERED AND RENEWED,Live/Registered,True,"001,030",False
282,NEAR_1_INSERTION,1,86746033,,READOUTS,2015-09-02,601,readouts,ABANDONED - EXPRESS,Dead/Abandoned,False,"009,038,041",False
282,NEAR_1_SUBSTITUTION,1,86122625,,HEAD OUT,2013-11-19,606,headout,ABANDONED - NO STATEMENT OF USE FILED,Dead/Abandoned,False,025,False
282,NEAR_1_SUBSTITUTION,1,77857040,,HEAD OUT,2009-10-26,606,headout,ABANDONED - NO STATEMENT OF USE FILED,Dead/Abandoned,False,005,True
282,NEAR_1_DELETION,1,77317750,,RED OUT,2007-10-31,606,redout,ABANDONED - NO STATEMENT OF USE FILED,Dead/Abandoned,False,003,True
282,NEAR_1_INSERTION,1,76591976,,READ@BOUT,2004-05-13,606,readbout,ABANDONED - NO STATEMENT OF USE FILED,Dead/Abandoned,False,009,False
282,NEAR_1_INSERTION,1,76591977,,READ@BOUT,2004-05-13,606,readbout,ABANDONED - NO STATEMENT OF USE FILED,Dead/Abandoned,False,016,False
282,NEAR_1_INSERTION,1,76591978,,READ@BOUT,2004-05-13,606,readbout,ABANDONED - NO STATEMENT OF USE FILED,Dead/Abandoned,False,041,False
282,NEAR_1_INSERTION,1,76570396,,READ@BOUT,2004-01-12,606,readbout,ABANDONED - NO STATEMENT OF USE FILED,Dead/Abandoned,False,009,False
282,NEAR_1_DELETION,1,76081388,,REDOUT,2000-06-29,606,redout,ABANDONED - NO STATEMENT OF USE FILED,Dead/Abandoned,False,041,False
282,NEAR_1_DELETION,1,75040537,2080857,RED-OUT,1996-01-04,710,redout,CANCELLED - SECTION 8,Dead/Cancelled,False,,False
282,NEAR_1_DELETION,1,73737925,1544114,RED OUT,1988-07-05,710,redout,CANCELLED - SECTION 8,Dead/Cancelled,False,,False
282,NEAR_1_DELETION,1,73380220,1251998,RED-OUT,1982-08-16,710,redout,CANCELLED - SECTION 8,Dead/Cancelled,False,,False
282,NEAR_1_SUBSTITUTION,1,73313645,1221901,HEAD OUT!,1981-06-08,710,headout,CANCELLED - SECTION 8,Dead/Cancelled,False,,False
282,NEAR_1_DELETION,1,72201001,0792043,REDOUT,1964-09-01,900,redout,EXPIRED,Dead/Expired,False,,False
284,EXACT,0,74448345,1930227,OPENNOTE,1993-10-18,710,opennote,CANCELLED - SECTION 8,Dead/Cancelled,False,,False
284,NEAR_1_SUBSTITUTION,1,98034155,,OPENVOTE,2023-06-08,733,openvote,FOURTH EXTENSION - GRANTED,Live/Pending,True,009,False
284,NEAR_1_INSERTION,1,86687142,5001497,OPEN NOTES,2015-07-08,800,opennotes,REGISTERED AND RENEWED,Live/Registered,True,044,True
284,NEAR_1_INSERTION,1,77809190,3789744,OPENNOTES,2009-08-20,800,opennotes,REGISTERED AND RENEWED,Live/Registered,True,044,True
284,NEAR_1_SUBSTITUTION,1,97399846,,OPENNODE,2022-05-07,602,opennode,ABANDONED-FAILURE TO RESPOND OR LATE RESPONSE,Dead/Abandoned,False,036,False
284,NEAR_1_INSERTION,1,87050744,,OPEN NOTES,2016-05-26,606,opennotes,ABANDONED - NO STATEMENT OF USE FILED,Dead/Abandoned,False,033,False
284,NEAR_1_SUBSTITUTION,1,77267321,3539459,OPENVOTE,2007-08-29,710,openvote,CANCELLED - SECTION 8,Dead/Cancelled,False,,False
284,NEAR_1_SUBSTITUTION,1,71158517,0157642,OPENKOTE,1922-01-27,710,openkote,CANCELLED - SECTION 8,Dead/Cancelled,False,,False
285,EXACT,0,85084972,,TRUENOTE,2010-07-14,606,truenote,ABANDONED - NO STATEMENT OF USE FILED,Dead/Abandoned,False,009,False
285,NEAR_1_SUBSTITUTION,1,99158008,8051673,TREENOTE,2025-04-28,700,treenote,REGISTERED,Live/Registered,True,025,False
285,NEAR_1_SUBSTITUTION,1,98092458,7449082,TRUENOSE,2023-07-19,700,truenose,REGISTERED,Live/Registered,True,044,True
285,NEAR_1_SUBSTITUTION,1,90746894,6764860,TRUEVOTE,2021-06-01,700,truevote,REGISTERED,Live/Registered,True,009,False
285,NEAR_1_SUBSTITUTION,1,90646716,6690650,TRUETOTE,2021-04-15,700,truetote,REGISTERED,Live/Registered,True,018,False
285,NEAR_1_DELETION,1,86489317,4933657,TRUNOTE,2014-12-23,702,trunote,SECTION 8 & 15-ACCEPTED AND ACKNOWLEDGED,Live/Registered,True,009,False
285,NEAR_1_SUBSTITUTION,1,99193079,,TREENOTE,2025-05-20,602,treenote,ABANDONED-FAILURE TO RESPOND OR LATE RESPONSE,Dead/Abandoned,False,"016,041",False
285,NEAR_1_DELETION,1,90376244,,TRUNOTE,2020-12-11,606,trunote,ABANDONED - NO STATEMENT OF USE FILED,Dead/Abandoned,False,"009,016,035,042",True
285,NEAR_1_DELETION,1,86951662,,TRUNOTE,2016-03-24,606,trunote,ABANDONED - NO STATEMENT OF USE FILED,Dead/Abandoned,False,"009,016,035,042",True
285,NEAR_1_DELETION,1,86075686,4777895,TRUNOTE,2013-09-26,710,trunote,CANCELLED - SECTION 8,Dead/Cancelled,False,,False
286,EXACT,0,99827261,,FIRST HAND,2026-05-15,630,firsthand,NEW APPLICATION - RECORD INITIALIZED NOT ASSIGNED TO EXAMINER,Live/Pending,True,"014,041",False
286,EXACT,0,98140270,7591482,FIRSTHAND,2023-08-18,700,firsthand,REGISTERED,Live/Registered,True,035,True
286,EXACT,0,97125728,7076792,FIRSTHAND,2021-11-15,700,firsthand,REGISTERED,Live/Registered,True,044,True
286,EXACT,0,88630076,6192843,FIRST HAND,2019-09-25,700,firsthand,REGISTERED,Live/Registered,True,036,False
286,EXACT,0,88528407,5977103,FIRSTHAND,2019-07-22,700,firsthand,REGISTERED,Live/Registered,True,003,True
286,EXACT,0,77516920,3575800,FIRSTHAND,2008-07-08,800,firsthand,REGISTERED AND RENEWED,Live/Registered,True,042,False
286,EXACT,0,75407959,2386057,FIRSTHAND,1997-12-19,800,firsthand,REGISTERED AND RENEWED,Live/Registered,True,036,False
286,EXACT,0,79287681,,FIRSTHAND,2020-05-16,602,firsthand,ABANDONED-FAILURE TO RESPOND OR LATE RESPONSE,Dead/Abandoned,False,005,True
286,EXACT,0,87685680,,FIRSTHAND,2017-11-15,602,firsthand,ABANDONED-FAILURE TO RESPOND OR LATE RESPONSE,Dead/Abandoned,False,"035,036",True
286,EXACT,0,87193689,,FIRST HAND,2016-10-05,606,firsthand,ABANDONED - NO STATEMENT OF USE FILED,Dead/Abandoned,False,030,False
286,EXACT,0,86886498,,FIRSTHAND,2016-01-26,602,firsthand,ABANDONED-FAILURE TO RESPOND OR LATE RESPONSE,Dead/Abandoned,False,009,False
286,EXACT,0,86770887,5281807,FIRSTHAND,2015-09-28,710,firsthand,CANCELLED - SECTION 8,Dead/Cancelled,False,,False
286,EXACT,0,86657768,5014216,FIRSTHAND,2015-06-10,710,firsthand,CANCELLED - SECTION 8,Dead/Cancelled,False,,False
286,EXACT,0,86612814,,FIRSTHAND,2015-04-28,606,firsthand,ABANDONED - NO STATEMENT OF USE FILED,Dead/Abandoned,False,041,False
286,EXACT,0,85968181,4591325,FIRSTHAND,2013-06-24,710,firsthand,CANCELLED - SECTION 8,Dead/Cancelled,False,,False
286,EXACT,0,85764960,4472183,FIRSTHAND,2012-10-26,710,firsthand,CANCELLED - SECTION 8,Dead/Cancelled,False,,False
286,EXACT,0,85745433,4338767,FIRSTHAND,2012-10-04,710,firsthand,CANCELLED - SECTION 8,Dead/Cancelled,False,,False
286,EXACT,0,85745439,4390998,FIRSTHAND,2012-10-04,710,firsthand,CANCELLED - SECTION 8,Dead/Cancelled,False,,False
286,EXACT,0,78843779,3201847,FIRSTHAND,2006-03-22,710,firsthand,CANCELLED - SECTION 8,Dead/Cancelled,False,,False
286,EXACT,0,78448648,,FIRSTHAND,2004-07-09,602,firsthand,ABANDONED-FAILURE TO RESPOND OR LATE RESPONSE,Dead/Abandoned,False,041,False
286,EXACT,0,78206349,2867950,FIRST HAND,2003-01-23,710,firsthand,CANCELLED - SECTION 8,Dead/Cancelled,False,,False
286,EXACT,0,78185798,,FIRST HAND,2002-11-15,606,firsthand,ABANDONED - NO STATEMENT OF USE FILED,Dead/Abandoned,False,041,False
286,EXACT,0,76181982,,FIRSTHAND,2000-12-14,602,firsthand,ABANDONED-FAILURE TO RESPOND OR LATE RESPONSE,Dead/Abandoned,False,042,False
286,EXACT,0,75451933,2219036,FIRST HAND,1998-03-17,710,firsthand,CANCELLED - SECTION 8,Dead/Cancelled,False,,False
286,EXACT,0,74656189,2084456,FIRSTHAND,1995-04-05,710,firsthand,CANCELLED - SECTION 8,Dead/Cancelled,False,,False
286,EXACT,0,74630538,2082777,FIRST HAND,1995-02-06,710,firsthand,CANCELLED - SECTION 8,Dead/Cancelled,False,,False
286,EXACT,0,73577680,1407290,FIRST HAND,1986-01-13,710,firsthand,CANCELLED - SECTION 8,Dead/Cancelled,False,,False
286,EXACT,0,73483590,1323335,'FIRST HAND',1984-06-04,710,firsthand,CANCELLED - SECTION 8,Dead/Cancelled,False,,False
286,EXACT,0,73392107,1261123,FIRSTHAND,1982-09-29,710,firsthand,CANCELLED - SECTION 8,Dead/Cancelled,False,,False
286,EXACT,0,73312751,1223847,FIRST + HAND,1981-06-01,710,firsthand,CANCELLED - SECTION 8,Dead/Cancelled,False,,False
286,EXACT,0,73280130,1196212,FIRST HAND,1980-10-01,710,firsthand,CANCELLED - SECTION 8,Dead/Cancelled,False,,False
286,NEAR_1_SUBSTITUTION,1,78867670,3339572,FIRSTRAND,2006-04-24,800,firstrand,REGISTERED AND RENEWED,Live/Registered,True,036,False
286,NEAR_1_SUBSTITUTION,1,78865767,3339564,FIRSTRAND,2006-04-20,800,firstrand,REGISTERED AND RENEWED,Live/Registered,True,036,False
286,NEAR_1_DELETION,1,88725905,,FRSTHAND,2019-12-13,606,frsthand,ABANDONED - NO STATEMENT OF USE FILED,Dead/Abandoned,False,042,False
286,NEAR_1_DELETION,1,87153274,5299384,FIRSTAND,2016-08-29,710,firstand,CANCELLED - SECTION 8,Dead/Cancelled,False,,False
286,NEAR_1_SUBSTITUTION,1,78260684,2853783,FIRSTLAND,2003-06-10,710,firstland,CANCELLED - SECTION 8,Dead/Cancelled,False,,False
286,NEAR_1_SUBSTITUTION,1,76164197,,FIRSTLAND,2000-11-13,602,firstland,ABANDONED-FAILURE TO RESPOND OR LATE RESPONSE,Dead/Abandoned,False,033,False
286,NEAR_1_SUBSTITUTION,1,75355424,2556294,FIRSTLAND,1997-09-11,710,firstland,CANCELLED - SECTION 8,Dead/Cancelled,False,,False
286,NEAR_1_SUBSTITUTION,1,74012620,,FIRSTLAND,1989-12-18,606,firstland,ABANDONED - NO STATEMENT OF USE FILED,Dead/Abandoned,False,,False
286,NEAR_1_SUBSTITUTION,1,74012621,,FIRSTLAND,1989-12-18,601,firstland,ABANDONED - EXPRESS,Dead/Abandoned,False,,False
286,NEAR_1_SUBSTITUTION,1,74012622,,FIRSTLAND,1989-12-18,601,firstland,ABANDONED - EXPRESS,Dead/Abandoned,False,,False
287,EXACT,0,98423691,8152939,INFULL,2024-02-27,700,infull,REGISTERED,Live/Registered,True,021,True
287,NEAR_1_SUBSTITUTION,1,99615998,,IKFULL,2026-01-26,686,ikfull,PUBLISHED FOR OPPOSITION,Live/Pending,True,010,True
287,NEAR_1_INSERTION,1,99336737,,GINFULL,2025-08-14,774,ginfull,OPPOSITION PENDING,Live/Pending,True,028,False
287,NEAR_1_SUBSTITUTION,1,98314699,7552197,INFILL,2023-12-14,700,infill,REGISTERED,Live/Registered,True,005,True
287,NEAR_1_INSERTION,1,97101211,,XINFULL,2021-10-31,630,xinfull,NEW APPLICATION - RECORD INITIALIZED NOT ASSIGNED TO EXAMINER,Live/Pending,True,020,False
287,NEAR_1_DELETION,1,90132929,,INFUL,2020-08-24,654,inful,REPORT COMPLETED SUSPENSION CHECK - CASE STILL SUSPENDED,Live/Pending,True,012,False
287,NEAR_1_INSERTION,1,88869288,6179907,XINFULL,2020-04-13,700,xinfull,REGISTERED,Live/Registered,True,016,False
287,NEAR_1_DELETION,1,88553564,6231183,IFULL,2019-07-31,700,ifull,REGISTERED,Live/Registered,True,009,False
287,NEAR_1_DELETION,1,88529811,6224979,IFULL,2019-07-23,700,ifull,REGISTERED,Live/Registered,True,025,False
287,NEAR_1_SUBSTITUTION,1,76177345,2590952,IN-PULL,2000-12-07,800,inpull,REGISTERED AND RENEWED,Live/Registered,True,006,False
287,NEAR_1_INSERTION,1,99148976,,SINFULL,2025-04-22,602,sinfull,ABANDONED-FAILURE TO RESPOND OR LATE RESPONSE,Dead/Abandoned,False,043,False
287,NEAR_1_INSERTION,1,87023884,,WIN FULL,2016-05-03,602,winfull,ABANDONED-FAILURE TO RESPOND OR LATE RESPONSE,Dead/Abandoned,False,007,False
287,NEAR_1_SUBSTITUTION,1,85206821,4176482,INFILL,2010-12-28,710,infill,CANCELLED - SECTION 8,Dead/Cancelled,False,,False
287,NEAR_1_SUBSTITUTION,1,78834010,,INFILL,2006-03-10,606,infill,ABANDONED - NO STATEMENT OF USE FILED,Dead/Abandoned,False,"009,012,035,037",True
287,NEAR_1_DELETION,1,78393194,2989231,N FULL,2004-03-30,710,nfull,CANCELLED - SECTION 8,Dead/Cancelled,False,,False
289,EXACT,0,90813862,6794678,TRUETOFORM,2021-07-06,700,truetoform,REGISTERED,Live/Registered,True,"009,042",False
289,EXACT,0,86936936,5063767,TRUE TO FORM,2016-03-11,702,truetoform,SECTION 8 & 15-ACCEPTED AND ACKNOWLEDGED,Live/Registered,True,014,False
289,EXACT,0,85007379,,TRUE TO FORM,2010-04-06,606,truetoform,ABANDONED - NO STATEMENT OF USE FILED,Dead/Abandoned,False,021,True
289,EXACT,0,76513628,2842627,TRUE TO FORM,2003-05-13,710,truetoform,CANCELLED - SECTION 8,Dead/Cancelled,False,,False
289,NEAR_1_SUBSTITUTION,1,90440700,,TRUE TO FARM,2020-12-31,602,truetofarm,ABANDONED-FAILURE TO RESPOND OR LATE RESPONSE,Dead/Abandoned,False,005,True
297,EXACT,0,90462035,,EASY TO SEE,2021-01-12,602,easytosee,ABANDONED-FAILURE TO RESPOND OR LATE RESPONSE,Dead/Abandoned,False,040,False
297,EXACT,0,86474137,4990550,EASY-TO-SEE,2014-12-08,710,easytosee,CANCELLED - SECTION 8,Dead/Cancelled,False,,False
297,EXACT,0,75640386,,EASY TO SEE,1999-02-12,606,easytosee,ABANDONED - NO STATEMENT OF USE FILED,Dead/Abandoned,False,009,False
297,EXACT,0,73487921,,EASY TO SEE,1984-07-02,602,easytosee,ABANDONED-FAILURE TO RESPOND OR LATE RESPONSE,Dead/Abandoned,False,,False
300,EXACT,0,98943885,8277275,OPEN VIEW,2025-01-08,700,openview,REGISTERED,Live/Registered,True,025,False
300,EXACT,0,97806834,7444669,OPEN VIEW,2023-02-22,700,openview,REGISTERED,Live/Registered,True,043,False
300,EXACT,0,97526560,7803937,OPENVIEW,2022-07-29,700,openview,REGISTERED,Live/Registered,True,009,False
300,EXACT,0,90460642,6959807,OPENVIEW,2021-01-12,700,openview,REGISTERED,Live/Registered,True,"006,019",False
300,EXACT,0,88218146,5759666,OPEN VIEW,2018-12-05,701,openview,SECTION 8-ACCEPTED,Live/Registered,True,037,False
300,EXACT,0,85139909,3966149,OPENVIEW,2010-09-28,800,openview,REGISTERED AND RENEWED,Live/Registered,True,"035,036",True
300,EXACT,0,78882159,3341930,OPENVIEW,2006-05-12,800,openview,REGISTERED AND RENEWED,Live/Registered,True,012,False
300,EXACT,0,86387917,,OPENVIEW,2014-09-08,606,openview,ABANDONED - NO STATEMENT OF USE FILED,Dead/Abandoned,False,"009,042",False
300,EXACT,0,85242916,4188835,OPENVIEW,2011-02-15,710,openview,CANCELLED - SECTION 8,Dead/Cancelled,False,,False
300,EXACT,0,79045016,3512758,OPENVIEW,2007-09-11,404,openview,IR CANCELLED; US REGISTRATION CANCELLED,Dead/Cancelled,False,,False
300,EXACT,0,77103158,,OPEN VIEW,2007-02-08,602,openview,ABANDONED-FAILURE TO RESPOND OR LATE RESPONSE,Dead/Abandoned,False,"035,043",True
300,EXACT,0,78836960,3309566,OPENVIEW,2006-03-14,710,openview,CANCELLED - SECTION 8,Dead/Cancelled,False,,False
300,EXACT,0,79004254,3120842,OPENVIEW,2004-06-03,404,openview,IR CANCELLED; US REGISTRATION CANCELLED,Dead/Cancelled,False,,False
300,EXACT,0,75905065,,OPENVIEW,2000-01-21,601,openview,ABANDONED - EXPRESS,Dead/Abandoned,False,042,False
300,EXACT,0,75621810,,OPENVIEW,1999-01-21,602,openview,ABANDONED-FAILURE TO RESPOND OR LATE RESPONSE,Dead/Abandoned,False,042,False
300,EXACT,0,74178924,1732609,OPENVIEW,1991-06-21,710,openview,CANCELLED - SECTION 8,Dead/Cancelled,False,,False
300,EXACT,0,74166103,,OPEN VIEW.,1991-05-13,602,openview,ABANDONED-FAILURE TO RESPOND OR LATE RESPONSE,Dead/Abandoned,False,,False
300,EXACT,0,74087231,,OPENVIEW,1990-08-13,604,openview,ABANDONED - AFTER INTER-PARTES DECISION,Dead/Abandoned,False,,False
300,NEAR_1_DELETION,1,79439981,8200501,PENVIEW,2025-10-15,700,penview,REGISTERED,Live/Registered,True,"005,010",True
300,NEAR_1_DELETION,1,79281307,6495467,OPEN VIE,2019-05-16,700,openvie,REGISTERED,Live/Registered,True,"035,038,041,042,044,045",True
300,NEAR_1_INSERTION,1,79033230,3344528,OPEN2VIEW,2006-07-14,707,open2view,PARTIAL SECTION 71 ACCEPTED,Live/Registered,True,"035,041",True
300,NEAR_1_INSERTION,1,78629915,3343804,OPEN2VIEW,2005-05-13,800,open2view,REGISTERED AND RENEWED,Live/Registered,True,035,True
300,NEAR_1_SUBSTITUTION,1,86807314,5157186,OPESVIEW,2015-11-02,710,opesview,CANCELLED - SECTION 8,Dead/Cancelled,False,,False
300,NEAR_1_SUBSTITUTION,1,79178441,5084206,OVENVIEW,2015-09-16,404,ovenview,IR CANCELLED; US REGISTRATION CANCELLED,Dead/Cancelled,False,,False
300,NEAR_1_INSERTION,1,85688456,,OPENQVIEW,2012-07-27,602,openqview,ABANDONED-FAILURE TO RESPOND OR LATE RESPONSE,Dead/Abandoned,False,009,False
300,NEAR_1_DELETION,1,78174448,,PENVIEW,2002-10-15,606,penview,ABANDONED - NO STATEMENT OF USE FILED,Dead/Abandoned,False,009,False
300,NEAR_1_DELETION,1,74277108,,PEN VIEW,1992-05-20,602,penview,ABANDONED-FAILURE TO RESPOND OR LATE RESPONSE,Dead/Abandoned,False,,False
300,NEAR_1_DELETION,1,74277109,1792140,PEN*VIEW,1992-05-20,710,penview,CANCELLED - SECTION 8,Dead/Cancelled,False,,False
300,NEAR_1_SUBSTITUTION,1,72210369,0806650,OVEN VIEW,1965-01-21,900,ovenview,EXPIRED,Dead/Expired,False,,False
300,NEAR_1_SUBSTITUTION,1,81012589,1012589,OVEN VIEW,,710,ovenview,CANCELLED - SECTION 8,Dead/Cancelled,False,,False
301,EXACT,0,99681947,,TRUEVIEW,2026-03-04,680,trueview,APPROVED FOR PUBLICATION,Live/Pending,True,009,False
301,EXACT,0,99041101,,TRUE VIEW,2025-02-13,730,trueview,FIRST EXTENSION - GRANTED,Live/Pending,True,017,False
301,EXACT,0,98391029,7886290,TRUEVIEW,2024-02-05,700,trueview,REGISTERED,Live/Registered,True,019,False
301,EXACT,0,98391031,7911161,TRUEVIEW,2024-02-05,700,trueview,REGISTERED,Live/Registered,True,027,False
301,EXACT,0,98157093,,TRUEVIEW,2023-08-30,686,trueview,PUBLISHED FOR OPPOSITION,Live/Pending,True,"009,042",False
301,EXACT,0,79357799,7451927,TRUEVIEW,2022-11-01,700,trueview,REGISTERED,Live/Registered,True,"009,036,042",False
301,EXACT,0,97463436,7184707,TRUEVIEW,2022-06-17,700,trueview,REGISTERED,Live/Registered,True,"009,042",False
301,EXACT,0,97326359,6951615,TRUEVIEW,2022-03-23,700,trueview,REGISTERED,Live/Registered,True,001,False
301,EXACT,0,88817289,6193459,TRUEVIEW,2020-03-02,700,trueview,REGISTERED,Live/Registered,True,035,True
301,EXACT,0,88714335,6456595,TRUEVIEW,2019-12-04,700,trueview,REGISTERED,Live/Registered,True,009,False
301,EXACT,0,88466444,5937970,TRUEVIEW,2019-06-10,702,trueview,SECTION 8 & 15-ACCEPTED AND ACKNOWLEDGED,Live/Registered,True,009,False
301,EXACT,0,88393156,5946286,TRUE VIEW,2019-04-19,702,trueview,SECTION 8 & 15-ACCEPTED AND ACKNOWLEDGED,Live/Registered,True,009,False
301,EXACT,0,88122242,6125224,TRUEVIEW,2018-09-18,700,trueview,REGISTERED,Live/Registered,True,035,True
301,EXACT,0,87901691,5627703,TRUE-VIEW,2018-05-01,702,trueview,SECTION 8 & 15-ACCEPTED AND ACKNOWLEDGED,Live/Registered,True,009,False
301,EXACT,0,87626107,5692801,TRUEVIEW,2017-09-28,702,trueview,SECTION 8 & 15-ACCEPTED AND ACKNOWLEDGED,Live/Registered,True,001,False
301,EXACT,0,87005590,5230660,TRUEVIEW,2016-04-19,702,trueview,SECTION 8 & 15-ACCEPTED AND ACKNOWLEDGED,Live/Registered,True,011,False
301,EXACT,0,86584825,4966079,TRUEVIEW,2015-04-01,702,trueview,SECTION 8 & 15-ACCEPTED AND ACKNOWLEDGED,Live/Registered,True,"035,042",True
301,EXACT,0,85757637,4673682,TRUEVIEW,2012-10-18,800,trueview,REGISTERED AND RENEWED,Live/Registered,True,009,False
301,EXACT,0,85330710,4083334,TRUEVIEW,2011-05-26,800,trueview,REGISTERED AND RENEWED,Live/Registered,True,009,False
301,EXACT,0,78296475,3067381,TRUEVIEW,2003-09-05,800,trueview,REGISTERED AND RENEWED,Live/Registered,True,010,True
301,EXACT,0,98084112,,TRUEVIEW,2023-07-13,605,trueview,ABANDONED EXPRESS AFTER PUB,Dead/Abandoned,False,,False
301,EXACT,0,90651595,,TRUEVIEW,2021-04-16,602,trueview,ABANDONED-FAILURE TO RESPOND OR LATE RESPONSE,Dead/Abandoned,False,009,False
301,EXACT,0,88141723,,TRUEVIEW,2018-10-03,606,trueview,ABANDONED - NO STATEMENT OF USE FILED,Dead/Abandoned,False,009,False
301,EXACT,0,87584937,,TRUEVIEW,2017-08-26,606,trueview,ABANDONED - NO STATEMENT OF USE FILED,Dead/Abandoned,False,045,False
301,EXACT,0,87320737,,TRUE-VIEW,2017-02-01,602,trueview,ABANDONED-FAILURE TO RESPOND OR LATE RESPONSE,Dead/Abandoned,False,010,True
301,EXACT,0,87151320,,TRUEVIEW,2016-08-25,606,trueview,ABANDONED - NO STATEMENT OF USE FILED,Dead/Abandoned,False,009,False
301,EXACT,0,86827732,5242239,TRUEVIEW,2015-11-20,710,trueview,CANCELLED - SECTION 8,Dead/Cancelled,False,,False
301,EXACT,0,85670011,,TRUEVIEW,2012-07-06,602,trueview,ABANDONED-FAILURE TO RESPOND OR LATE RESPONSE,Dead/Abandoned,False,009,False
301,EXACT,0,85385121,4440665,TRUEVIEW,2011-07-29,710,trueview,CANCELLED - SECTION 8,Dead/Cancelled,False,,False
301,EXACT,0,85385128,,TRUEVIEW,2011-07-29,602,trueview,ABANDONED-FAILURE TO RESPOND OR LATE RESPONSE,Dead/Abandoned,False,035,True
301,EXACT,0,85305527,,TRUEVIEW,2011-04-27,605,trueview,ABANDONED EXPRESS AFTER PUB,Dead/Abandoned,False,,False
301,EXACT,0,85107835,3961107,TRUEVIEW,2010-08-15,710,trueview,CANCELLED - SECTION 8,Dead/Cancelled,False,,False
301,EXACT,0,85020980,,TRUE VIEW,2010-04-22,602,trueview,ABANDONED-FAILURE TO RESPOND OR LATE RESPONSE,Dead/Abandoned,False,"019,021",True
301,EXACT,0,77910803,4150581,TRUE VIEW,2010-01-13,710,trueview,CANCELLED - SECTION 8,Dead/Cancelled,False,,False
301,EXACT,0,77878292,3814334,TRUE VIEW,2009-11-22,710,trueview,CANCELLED - SECTION 8,Dead/Cancelled,False,,False
301,EXACT,0,77189198,3372593,TRUEVIEW,2007-05-24,710,trueview,CANCELLED - SECTION 8,Dead/Cancelled,False,,False
301,EXACT,0,77114445,3338699,TRUEVIEW,2007-02-23,710,trueview,CANCELLED - SECTION 8,Dead/Cancelled,False,,False
301,EXACT,0,77031911,3279126,TRUEVIEW,2006-10-30,710,trueview,CANCELLED - SECTION 8,Dead/Cancelled,False,,False
301,EXACT,0,78673012,,TRUEVIEW,2005-07-18,602,trueview,ABANDONED-FAILURE TO RESPOND OR LATE RESPONSE,Dead/Abandoned,False,041,False
301,EXACT,0,78623878,,TRUE VIEW,2005-05-05,606,trueview,ABANDONED - NO STATEMENT OF USE FILED,Dead/Abandoned,False,009,False
301,EXACT,0,78585467,,TRUEVIEW,2005-03-11,602,trueview,ABANDONED-FAILURE TO RESPOND OR LATE RESPONSE,Dead/Abandoned,False,036,False
301,EXACT,0,78576780,3218725,TRUEVIEW,2005-02-28,710,trueview,CANCELLED - SECTION 8,Dead/Cancelled,False,,False
301,EXACT,0,78403046,,TRUEVIEW,2004-04-16,606,trueview,ABANDONED - NO STATEMENT OF USE FILED,Dead/Abandoned,False,"035,041,042",True
301,EXACT,0,76552432,,TRUE VIEW,2003-09-29,602,trueview,ABANDONED-FAILURE TO RESPOND OR LATE RESPONSE,Dead/Abandoned,False,009,False
301,EXACT,0,78179295,,TRUEVIEW,2002-10-28,602,trueview,ABANDONED-FAILURE TO RESPOND OR LATE RESPONSE,Dead/Abandoned,False,"005,010",True
301,EXACT,0,76460665,,TRUEVIEW,2002-10-15,606,trueview,ABANDONED - NO STATEMENT OF USE FILED,Dead/Abandoned,False,005,True
301,EXACT,0,78121282,,TRUE-VIEW,2002-04-12,602,trueview,ABANDONED-FAILURE TO RESPOND OR LATE RESPONSE,Dead/Abandoned,False,010,True
301,EXACT,0,75606572,2643247,TRUEVIEW,1998-12-16,710,trueview,CANCELLED - SECTION 8,Dead/Cancelled,False,,False
301,EXACT,0,75486281,,TRUEVIEW,1998-05-15,606,trueview,ABANDONED - NO STATEMENT OF USE FILED,Dead/Abandoned,False,010,True
301,EXACT,0,75463836,2375814,TRUEVIEW,1998-04-07,710,trueview,CANCELLED - SECTION 8,Dead/Cancelled,False,,False
301,EXACT,0,75210147,2156359,TRUEVIEW,1996-12-09,710,trueview,CANCELLED - SECTION 8,Dead/Cancelled,False,,False
301,EXACT,0,75153568,,TRUEVIEW,1996-08-21,602,trueview,ABANDONED-FAILURE TO RESPOND OR LATE RESPONSE,Dead/Abandoned,False,009,False
301,EXACT,0,75105522,,TRUE VIEW,1996-05-17,606,trueview,ABANDONED - NO STATEMENT OF USE FILED,Dead/Abandoned,False,,False
301,EXACT,0,75076363,2100279,TRUEVIEW,1996-03-14,710,trueview,CANCELLED - SECTION 8,Dead/Cancelled,False,,False
301,EXACT,0,74599335,,TRUE VIEW,1994-11-14,604,trueview,ABANDONED - AFTER INTER-PARTES DECISION,Dead/Abandoned,False,,False
301,EXACT,0,74387807,1879556,TRUE VIEW,1993-05-07,710,trueview,CANCELLED - SECTION 8,Dead/Cancelled,False,,False
301,EXACT,0,74304863,,TRUE VIEW,1992-08-12,606,trueview,ABANDONED - NO STATEMENT OF USE FILED,Dead/Abandoned,False,,False
301,EXACT,0,74277064,2196110,TRUEVIEW,1992-05-19,710,trueview,CANCELLED - SECTION 8,Dead/Cancelled,False,,False
301,EXACT,0,73724554,1514260,TRUE VIEW,1988-04-25,710,trueview,CANCELLED - SECTION 8,Dead/Cancelled,False,,False
301,EXACT,0,73567086,1399252,TRUE VIEW,1985-11-06,710,trueview,CANCELLED - SECTION 8,Dead/Cancelled,False,,False
301,NEAR_1_INSERTION,1,99757270,,TRUREVIEW,2026-04-10,630,trureview,NEW APPLICATION - RECORD INITIALIZED NOT ASSIGNED TO EXAMINER,Live/Pending,True,"035,042",True
301,NEAR_1_DELETION,1,98831175,,TRUVIEW,2024-10-31,688,truview,NOTICE OF ALLOWANCE - ISSUED,Live/Pending,True,"009,042",False
301,NEAR_1_DELETION,1,98710011,,TRUVIEW,2024-08-21,654,truview,REPORT COMPLETED SUSPENSION CHECK - CASE STILL SUSPENDED,Live/Pending,True,042,False
301,NEAR_1_TRANSPOSITION,1,98520097,7805252,TUREVIEW,2024-04-25,700,tureview,REGISTERED,Live/Registered,True,025,False
301,NEAR_1_DELETION,1,97886189,7566739,TRUVIEW,2023-04-13,700,truview,REGISTERED,Live/Registered,True,010,True
301,NEAR_1_DELETION,1,97587479,7560029,TRUVIEW,2022-09-12,700,truview,REGISTERED,Live/Registered,True,010,True
301,NEAR_1_DELETION,1,97518710,,TRUVIEW,2022-07-25,734,truview,FIFTH EXTENSION - GRANTED,Live/Pending,True,035,True
301,NEAR_1_DELETION,1,97348161,7709374,TRUVIEW,2022-04-05,700,truview,REGISTERED,Live/Registered,True,042,False
301,NEAR_1_DELETION,1,97021098,,TRUE VIE,2021-09-10,733,truevie,FOURTH EXTENSION - GRANTED,Live/Pending,True,"009,010",True
301,NEAR_1_DELETION,1,97021103,,TRUE VIE,2021-09-10,733,truevie,FOURTH EXTENSION - GRANTED,Live/Pending,True,"009,010",True
301,NEAR_1_DELETION,1,90529358,7530835,TRUVIEW,2021-02-15,700,truview,REGISTERED,Live/Registered,True,"035,042",True
301,NEAR_1_DELETION,1,88957973,6238632,TRUVIEW,2020-06-10,701,truview,SECTION 8-ACCEPTED,Live/Registered,True,010,True
301,NEAR_1_DELETION,1,88869401,6243193,TRUVIEW,2020-04-13,700,truview,REGISTERED,Live/Registered,True,006,False
301,NEAR_1_DELETION,1,88384223,7697658,TRUVIEW,2019-04-12,700,truview,REGISTERED,Live/Registered,True,009,False
301,NEAR_1_DELETION,1,88335908,6086639,TRUVIEW,2019-03-12,702,truview,SECTION 8 & 15-ACCEPTED AND ACKNOWLEDGED,Live/Registered,True,010,True
301,NEAR_1_DELETION,1,87513659,5422181,TRUVIEW,2017-07-01,702,truview,SECTION 8 & 15-ACCEPTED AND ACKNOWLEDGED,Live/Registered,True,042,False
301,NEAR_1_DELETION,1,86570900,5042087,TRUVIEW,2015-03-20,702,truview,SECTION 8 & 15-ACCEPTED AND ACKNOWLEDGED,Live/Registered,True,009,False
301,NEAR_1_DELETION,1,86298742,4753223,TRUVIEW,2014-06-03,800,truview,REGISTERED AND RENEWED,Live/Registered,True,042,False
301,NEAR_1_DELETION,1,85097561,3940485,TRUVIEW,2010-07-31,800,truview,REGISTERED AND RENEWED,Live/Registered,True,009,False
301,NEAR_1_DELETION,1,78483080,3040719,TRUVIEW,2004-09-14,800,truview,REGISTERED AND RENEWED,Live/Registered,True,035,True
301,NEAR_1_DELETION,1,78190079,3382667,TRUVIEW,2002-12-02,800,truview,REGISTERED AND RENEWED,Live/Registered,True,011,False
301,NEAR_1_DELETION,1,78156730,2833195,TRUVIEW,2002-08-22,800,truview,REGISTERED AND RENEWED,Live/Registered,True,011,False
301,NEAR_1_DELETION,1,78024029,2641041,TRUVIEW,2000-09-01,800,truview,REGISTERED AND RENEWED,Live/Registered,True,"036,042",False
301,NEAR_1_DELETION,1,99023667,,TRU-VIEW,2025-01-30,602,truview,ABANDONED-FAILURE TO RESPOND OR LATE RESPONSE,Dead/Abandoned,False,"020,021",True
301,NEAR_1_DELETION,1,99023668,,TRUVIEW,2025-01-30,602,truview,ABANDONED-FAILURE TO RESPOND OR LATE RESPONSE,Dead/Abandoned,False,"020,021",True
301,NEAR_1_DELETION,1,98863064,,TRUVIEW,2024-11-20,602,truview,ABANDONED-FAILURE TO RESPOND OR LATE RESPONSE,Dead/Abandoned,False,009,False
301,NEAR_1_DELETION,1,98270312,,TRUVIEW,2023-11-14,602,truview,ABANDONED-FAILURE TO RESPOND OR LATE RESPONSE,Dead/Abandoned,False,035,True
301,NEAR_1_DELETION,1,97218686,,TRUVIEW,2022-01-13,606,truview,ABANDONED - NO STATEMENT OF USE FILED,Dead/Abandoned,False,010,True
301,NEAR_1_DELETION,1,97148849,,TRU-VIEW,2021-11-30,606,truview,ABANDONED - NO STATEMENT OF USE FILED,Dead/Abandoned,False,009,False
301,NEAR_1_DELETION,1,90495071,,TRUVIEW,2021-01-28,602,truview,ABANDONED-FAILURE TO RESPOND OR LATE RESPONSE,Dead/Abandoned,False,"009,042,044",True
301,NEAR_1_DELETION,1,90079060,,TRU-VIEW,2020-07-28,602,truview,ABANDONED-FAILURE TO RESPOND OR LATE RESPONSE,Dead/Abandoned,False,009,False
301,NEAR_1_INSERTION,1,88499612,,TRUREVIEW,2019-07-03,606,trureview,ABANDONED - NO STATEMENT OF USE FILED,Dead/Abandoned,False,009,False
301,NEAR_1_DELETION,1,88450516,,TRUVIEW,2019-05-29,602,truview,ABANDONED-FAILURE TO RESPOND OR LATE RESPONSE,Dead/Abandoned,False,"009,040",False
301,NEAR_1_DELETION,1,88153250,5846994,TRUVIEW,2018-10-12,710,truview,CANCELLED - SECTION 8,Dead/Cancelled,False,,False
301,NEAR_1_DELETION,1,88042990,,TRUVIEW,2018-07-18,602,truview,ABANDONED-FAILURE TO RESPOND OR LATE RESPONSE,Dead/Abandoned,False,011,False
301,NEAR_1_DELETION,1,87429437,,TRU VIEW,2017-04-28,602,truview,ABANDONED-FAILURE TO RESPOND OR LATE RESPONSE,Dead/Abandoned,False,020,False
301,NEAR_1_DELETION,1,87141691,,TRUVIEW,2016-08-17,601,truview,ABANDONED - EXPRESS,Dead/Abandoned,False,"009,035",True
301,NEAR_1_DELETION,1,87050894,,TRU-VIEW,2016-05-26,604,truview,ABANDONED - AFTER INTER-PARTES DECISION,Dead/Abandoned,False,,False
301,NEAR_1_DELETION,1,86964519,5178038,TRUVIEW,2016-04-05,710,truview,CANCELLED - SECTION 8,Dead/Cancelled,False,,False
301,NEAR_1_INSERTION,1,86719975,4931876,V TRUE VIEW,2015-08-10,710,vtrueview,CANCELLED - SECTION 8,Dead/Cancelled,False,,False
301,NEAR_1_SUBSTITUTION,1,86430574,4947123,TREEVIEW,2014-10-21,710,treeview,CANCELLED - SECTION 8,Dead/Cancelled,False,,False
301,NEAR_1_INSERTION,1,86343894,,TRUREVIEW,2014-07-22,606,trureview,ABANDONED - NO STATEMENT OF USE FILED,Dead/Abandoned,False,036,False
301,NEAR_1_DELETION,1,85947273,,TRUVIEW,2013-05-31,602,truview,ABANDONED-FAILURE TO RESPOND OR LATE RESPONSE,Dead/Abandoned,False,016,False
301,NEAR_1_INSERTION,1,85803300,,TRU REVIEW,2012-12-14,602,trureview,ABANDONED-FAILURE TO RESPOND OR LATE RESPONSE,Dead/Abandoned,False,035,True
301,NEAR_1_DELETION,1,85293233,,TRUVIEW,2011-04-12,602,truview,ABANDONED-FAILURE TO RESPOND OR LATE RESPONSE,Dead/Abandoned,False,"039,042",False
301,NEAR_1_DELETION,1,85154682,,TRUVIEW,2010-10-18,606,truview,ABANDONED - NO STATEMENT OF USE FILED,Dead/Abandoned,False,005,True
301,NEAR_1_DELETION,1,85012748,,TRU:VIEW,2010-04-13,604,truview,ABANDONED - AFTER INTER-PARTES DECISION,Dead/Abandoned,False,,False
301,NEAR_1_DELETION,1,77813230,3771285,TRU-VIEW,2009-08-26,710,truview,CANCELLED - SECTION 8,Dead/Cancelled,False,,False
301,NEAR_1_DELETION,1,77528033,3822481,TRUVIEW,2008-07-22,710,truview,CANCELLED - SECTION 8,Dead/Cancelled,False,,False
301,NEAR_1_DELETION,1,78377099,3248912,TRUVIEW,2004-03-02,710,truview,CANCELLED - SECTION 8,Dead/Cancelled,False,,False
301,NEAR_1_DELETION,1,78200596,2870560,TRU VIEW,2003-01-07,710,truview,CANCELLED - SECTION 8,Dead/Cancelled,False,,False
301,NEAR_1_INSERTION,1,78154499,2898076,TRUEVIEWS,2002-08-15,710,trueviews,CANCELLED - SECTION 8,Dead/Cancelled,False,,False
301,NEAR_1_DELETION,1,76417872,2723818,TRU VIEW,2002-06-07,710,truview,CANCELLED - SECTION 8,Dead/Cancelled,False,,False
301,NEAR_1_DELETION,1,78113280,2893819,TRUVIEW,2002-03-07,710,truview,CANCELLED - SECTION 8,Dead/Cancelled,False,,False
301,NEAR_1_DELETION,1,78010839,,TRUVIEW,2000-06-01,602,truview,ABANDONED-FAILURE TO RESPOND OR LATE RESPONSE,Dead/Abandoned,False,009,False
301,NEAR_1_SUBSTITUTION,1,75686229,,TREEVIEW,1999-04-19,606,treeview,ABANDONED - NO STATEMENT OF USE FILED,Dead/Abandoned,False,009,False
301,NEAR_1_DELETION,1,75548413,2406947,TRUVIEW,1998-09-04,710,truview,CANCELLED - SECTION 8,Dead/Cancelled,False,,False
301,NEAR_1_DELETION,1,74538834,2085170,TRUVIEW,1994-06-17,710,truview,CANCELLED - SECTION 8,Dead/Cancelled,False,,False
301,NEAR_1_DELETION,1,74142298,1666584,TRUVIEW,1991-02-25,710,truview,CANCELLED - SECTION 8,Dead/Cancelled,False,,False
301,NEAR_1_DELETION,1,74125094,,TRU-VIEW,1990-12-20,606,truview,ABANDONED - NO STATEMENT OF USE FILED,Dead/Abandoned,False,,False
301,NEAR_1_DELETION,1,73771886,1614671,TRUVIEW,1988-12-27,710,truview,CANCELLED - SECTION 8,Dead/Cancelled,False,,False
301,NEAR_1_DELETION,1,73743094,,TREVIEW,1988-07-29,605,treview,ABANDONED EXPRESS AFTER PUB,Dead/Abandoned,False,,False
301,NEAR_1_DELETION,1,73139995,1103359,TRU-VIEW,1977-09-06,710,truview,CANCELLED - SECTION 8,Dead/Cancelled,False,,False
302,EXACT,0,97669492,7517221,FULLSIGHT,2022-11-09,700,fullsight,REGISTERED,Live/Registered,True,035,True
302,EXACT,0,90317695,,FULLSIGHT,2020-11-13,606,fullsight,ABANDONED - NO STATEMENT OF USE FILED,Dead/Abandoned,False,042,False
302,EXACT,0,87447924,,FULLSIGHT,2017-05-12,606,fullsight,ABANDONED - NO STATEMENT OF USE FILED,Dead/Abandoned,False,042,False
302,EXACT,0,86101865,,FULLSIGHT,2013-10-25,606,fullsight,ABANDONED - NO STATEMENT OF USE FILED,Dead/Abandoned,False,009,False
302,EXACT,0,73151043,1100998,FULL-SIGHT,1977-12-05,710,fullsight,CANCELLED - SECTION 8,Dead/Cancelled,False,,False
302,EXACT,0,73151045,1100093,FULL-SIGHT,1977-12-05,710,fullsight,CANCELLED - SECTION 8,Dead/Cancelled,False,,False
302,EXACT,0,73093307,1067398,FULL-SIGHT,1976-07-13,710,fullsight,CANCELLED - SECTION 8,Dead/Cancelled,False,,False
302,NEAR_1_SUBSTITUTION,1,90499068,6702950,FULL EIGHT,2021-01-30,700,fulleight,REGISTERED,Live/Registered,True,003,True
302,NEAR_1_SUBSTITUTION,1,90462334,6554786,FULL EIGHT,2021-01-12,700,fulleight,REGISTERED,Live/Registered,True,005,True
302,NEAR_1_SUBSTITUTION,1,98617500,,FULL EIGHT,2024-06-25,606,fulleight,ABANDONED - NO STATEMENT OF USE FILED,Dead/Abandoned,False,"005,009,025",True
302,NEAR_1_DELETION,1,77025974,3390676,FULLIGHT,2006-10-20,710,fullight,CANCELLED - SECTION 8,Dead/Cancelled,False,,False
302,NEAR_1_SUBSTITUTION,1,76061845,2786857,FULLLIGHT,2000-06-02,710,fulllight,CANCELLED - SECTION 8,Dead/Cancelled,False,,False
305,NEAR_1_DELETION,1,87353762,5286173,SHOWTRUE,2017-03-01,710,showtrue,CANCELLED - SECTION 8,Dead/Cancelled,False,,False
313,NEAR_1_SUBSTITUTION,1,87512333,5556769,SANDRIGHT,2017-06-30,702,sandright,SECTION 8 & 15-ACCEPTED AND ACKNOWLEDGED,Live/Registered,True,007,False
313,NEAR_1_SUBSTITUTION,1,85849632,4489528,MAID RIGHT,2013-02-14,800,maidright,REGISTERED AND RENEWED,Live/Registered,True,037,False
313,NEAR_1_SUBSTITUTION,1,87088535,5312691,PAIDRIGHT,2016-06-29,710,paidright,CANCELLED - SECTION 8,Dead/Cancelled,False,,False
313,NEAR_1_SUBSTITUTION,1,85469441,,PAIDRIGHT,2011-11-10,602,paidright,ABANDONED-FAILURE TO RESPOND OR LATE RESPONSE,Dead/Abandoned,False,009,False
314,EXACT,0,99192995,8165167,SAYITRIGHT,2025-05-20,700,sayitright,REGISTERED,Live/Registered,True,035,True
314,EXACT,0,77651961,,SAY IT RIGHT,2009-01-19,606,sayitright,ABANDONED - NO STATEMENT OF USE FILED,Dead/Abandoned,False,016,False
314,EXACT,0,78391756,,SAY IT RIGHT,2004-03-26,606,sayitright,ABANDONED - NO STATEMENT OF USE FILED,Dead/Abandoned,False,016,False
314,EXACT,0,78208773,,SAY IT RIGHT,2003-01-30,606,sayitright,ABANDONED - NO STATEMENT OF USE FILED,Dead/Abandoned,False,016,False
314,EXACT,0,74546781,,SAY IT RIGHT,1994-07-07,602,sayitright,ABANDONED-FAILURE TO RESPOND OR LATE RESPONSE,Dead/Abandoned,False,,False
314,NEAR_1_INSERTION,1,85357603,,ISAYITRIGHT,2011-06-27,606,isayitright,ABANDONED - NO STATEMENT OF USE FILED,Dead/Abandoned,False,009,False
317,EXACT,0,86569954,4890558,MAKE IT KNOWN.,2015-03-19,710,makeitknown,CANCELLED - SECTION 8,Dead/Cancelled,False,,False
318,EXACT,0,90599246,,LET IT BE KNOWN,2021-03-24,602,letitbeknown,ABANDONED-FAILURE TO RESPOND OR LATE RESPONSE,Dead/Abandoned,False,032,False
318,EXACT,0,75715662,,LET IT BE KNOWN,1999-05-28,606,letitbeknown,ABANDONED - NO STATEMENT OF USE FILED,Dead/Abandoned,False,025,False
325,NEAR_1_SUBSTITUTION,1,99780081,,WRITTEN LIGHT,2026-04-22,630,writtenlight,NEW APPLICATION - RECORD INITIALIZED NOT ASSIGNED TO EXAMINER,Live/Pending,True,041,False
326,EXACT,0,74657886,2039728,CLEAR COPY,1995-04-10,710,clearcopy,CANCELLED - SECTION 8,Dead/Cancelled,False,,False
326,EXACT,0,74535408,,CLEARCOPY,1994-06-09,602,clearcopy,ABANDONED-FAILURE TO RESPOND OR LATE RESPONSE,Dead/Abandoned,False,,False
326,EXACT,0,74401660,,CLEARCOPY,1993-06-14,601,clearcopy,ABANDONED - EXPRESS,Dead/Abandoned,False,,False
326,EXACT,0,71691756,0632270,CLEARCOPY,1955-07-22,900,clearcopy,EXPIRED,Dead/Expired,False,,False
326,NEAR_1_SUBSTITUTION,1,78397575,3325654,CLEAN COPY,2004-04-07,710,cleancopy,CANCELLED - SECTION 8,Dead/Cancelled,False,,False
326,NEAR_1_SUBSTITUTION,1,76397406,2717277,CLEAN COPY,2002-04-17,710,cleancopy,CANCELLED - SECTION 8,Dead/Cancelled,False,,False
326,NEAR_1_SUBSTITUTION,1,75709198,,CLEAN COPY,1999-05-19,602,cleancopy,ABANDONED-FAILURE TO RESPOND OR LATE RESPONSE,Dead/Abandoned,False,042,False
328,EXACT,0,73654803,,FULL TEXT,1987-04-13,602,fulltext,ABANDONED-FAILURE TO RESPOND OR LATE RESPONSE,Dead/Abandoned,False,,False
328,NEAR_1_DELETION,1,90786692,6780323,FULLTEX,2021-06-21,700,fulltex,REGISTERED,Live/Registered,True,024,False
329,EXACT,0,75248794,2685043,OPEN TEXT,1997-02-27,800,opentext,REGISTERED AND RENEWED,Live/Registered,True,009,False
329,EXACT,0,74215326,1773909,OPENTEXT,1991-10-25,800,opentext,REGISTERED AND RENEWED,Live/Registered,True,009,False
329,EXACT,0,75864954,2474457,OPEN TEXT,1999-12-06,713,opentext,CANCELLED - SECTION 18,Dead/Cancelled,False,,False
329,NEAR_1_DELETION,1,79242647,5893686,OPENTEX,2018-07-23,739,opentex,Section 71 & 15 ACCEPTED AND ACKNOWLEDGED,Live/Registered,True,010,True
329,NEAR_1_SUBSTITUTION,1,86749992,4950838,OPENTENT,2015-09-08,800,opentent,REGISTERED AND RENEWED,Live/Registered,True,035,True
329,NEAR_1_DELETION,1,76286085,2932230,OPEN TEX,2001-07-17,800,opentex,REGISTERED AND RENEWED,Live/Registered,True,016,False
329,NEAR_1_SUBSTITUTION,1,90590905,,OPENTENT,2021-03-19,604,opentent,ABANDONED - AFTER INTER-PARTES DECISION,Dead/Abandoned,False,,False
329,NEAR_1_SUBSTITUTION,1,78325064,,OPENTEST,2003-11-07,602,opentest,ABANDONED-FAILURE TO RESPOND OR LATE RESPONSE,Dead/Abandoned,False,009,False
329,NEAR_1_SUBSTITUTION,1,75386654,,OPENTEST,1997-11-07,601,opentest,ABANDONED - EXPRESS,Dead/Abandoned,False,"009,016,037,042",False
329,NEAR_1_DELETION,1,74025593,1618776,PENTEXT,1990-02-05,710,pentext,CANCELLED - SECTION 8,Dead/Cancelled,False,,False
330,EXACT,0,76161920,2636728,READALL,2000-11-08,710,readall,CANCELLED - SECTION 8,Dead/Cancelled,False,,False
330,EXACT,0,75559961,,READ-ALL,1998-09-28,602,readall,ABANDONED-FAILURE TO RESPOND OR LATE RESPONSE,Dead/Abandoned,False,009,False
330,EXACT,0,73416284,1274216,READALL,1983-03-07,710,readall,CANCELLED - SECTION 8,Dead/Cancelled,False,,False
330,NEAR_1_DELETION,1,77584049,3615878,REDALL,2008-10-02,800,redall,REGISTERED AND RENEWED,Live/Registered,True,040,False
330,NEAR_1_SUBSTITUTION,1,88885575,,REACALL,2020-04-24,602,reacall,ABANDONED-FAILURE TO RESPOND OR LATE RESPONSE,Dead/Abandoned,False,003,True
330,NEAR_1_SUBSTITUTION,1,79275819,,LEADALL,2019-11-25,602,leadall,ABANDONED-FAILURE TO RESPOND OR LATE RESPONSE,Dead/Abandoned,False,007,False
330,NEAR_1_SUBSTITUTION,1,85371475,,READAEL,2011-07-14,606,readael,ABANDONED - NO STATEMENT OF USE FILED,Dead/Abandoned,False,009,False
330,NEAR_1_SUBSTITUTION,1,74024628,1619676,BEADALL,1990-02-01,900,beadall,EXPIRED,Dead/Expired,False,,False
330,NEAR_1_INSERTION,1,72069010,0685649,BREAD-ALL,1959-03-05,710,breadall,CANCELLED - SECTION 8,Dead/Cancelled,False,,False
333,EXACT,0,75645664,2319317,NO-CATCH,1999-02-22,800,nocatch,REGISTERED AND RENEWED,Live/Registered,True,007,False
333,EXACT,0,86402218,,NO CATCH!,2014-09-22,606,nocatch,ABANDONED - NO STATEMENT OF USE FILED,Dead/Abandoned,False,037,False
333,EXACT,0,77148092,,NO CATCH,2007-04-04,606,nocatch,ABANDONED - NO STATEMENT OF USE FILED,Dead/Abandoned,False,"016,029,031",False
333,NEAR_1_SUBSTITUTION,1,99615625,,NOWATCH,2026-01-26,686,nowatch,PUBLISHED FOR OPPOSITION,Live/Pending,True,"009,042",False
333,NEAR_1_SUBSTITUTION,1,99515374,8304121,NOMATCH,2025-11-25,700,nomatch,REGISTERED,Live/Registered,True,025,False
333,NEAR_1_SUBSTITUTION,1,97908780,7387421,GOCATCH,2023-04-26,700,gocatch,REGISTERED,Live/Registered,True,016,False
333,NEAR_1_SUBSTITUTION,1,73165228,1132521,NO MATCH,1978-04-06,800,nomatch,REGISTERED AND RENEWED,Live/Registered,True,002,False
333,NEAR_1_SUBSTITUTION,1,98806706,,NOMATCH,2024-10-17,602,nomatch,ABANDONED-FAILURE TO RESPOND OR LATE RESPONSE,Dead/Abandoned,False,025,False
333,NEAR_1_SUBSTITUTION,1,86055251,,NO MATCH,2013-09-04,602,nomatch,ABANDONED-FAILURE TO RESPOND OR LATE RESPONSE,Dead/Abandoned,False,034,False
333,NEAR_1_SUBSTITUTION,1,85256058,,NOMATCH,2011-03-02,606,nomatch,ABANDONED - NO STATEMENT OF USE FILED,Dead/Abandoned,False,011,False
333,NEAR_1_INSERTION,1,76255271,,NOC.WATCH,2001-05-11,606,nocwatch,ABANDONED - NO STATEMENT OF USE FILED,Dead/Abandoned,False,010,True
333,NEAR_1_SUBSTITUTION,1,74384711,1810325,NO-PATCH,1993-04-30,710,nopatch,CANCELLED - SECTION 8,Dead/Cancelled,False,,False
335,NEAR_1_SUBSTITUTION,1,98258882,7675510,SO GLOSS,2023-11-07,700,sogloss,REGISTERED,Live/Registered,True,003,True
335,NEAR_1_INSERTION,1,98008741,7418744,NEOGLOSS,2023-05-23,700,neogloss,REGISTERED,Live/Registered,True,001,False
335,NEAR_1_DELETION,1,77236668,3547664,O-GLOSS,2007-07-23,800,ogloss,REGISTERED AND RENEWED,Live/Registered,True,003,True
335,NEAR_1_DELETION,1,85391227,,O GLOSS,2011-08-05,605,ogloss,ABANDONED EXPRESS AFTER PUB,Dead/Abandoned,False,,False
335,NEAR_1_SUBSTITUTION,1,85015592,,NO GLASS,2010-04-16,602,noglass,ABANDONED-FAILURE TO RESPOND OR LATE RESPONSE,Dead/Abandoned,False,033,False
335,NEAR_1_SUBSTITUTION,1,78771994,,NU-GLOSS,2005-12-13,602,nugloss,ABANDONED-FAILURE TO RESPOND OR LATE RESPONSE,Dead/Abandoned,False,002,False
335,NEAR_1_INSERTION,1,78735903,3288892,NEOGLOSS,2005-10-19,710,neogloss,CANCELLED - SECTION 8,Dead/Cancelled,False,,False
335,NEAR_1_DELETION,1,75315891,,NOLOSS,1997-06-27,606,noloss,ABANDONED - NO STATEMENT OF USE FILED,Dead/Abandoned,False,009,False
335,NEAR_1_DELETION,1,73750202,1608985,NO-LOSS,1988-09-02,710,noloss,CANCELLED - SECTION 8,Dead/Cancelled,False,,False
335,NEAR_1_DELETION,1,73118470,1078805,NO-LOSS,1977-03-09,710,noloss,CANCELLED - SECTION 8,Dead/Cancelled,False,,False
335,NEAR_1_SUBSTITUTION,1,72355781,0910064,NU-GLOSS,1970-04-02,900,nugloss,EXPIRED,Dead/Expired,False,,False
335,NEAR_1_SUBSTITUTION,1,71532076,0511191,NU-GLOSS,1947-08-21,900,nugloss,EXPIRED,Dead/Expired,False,,False
336,NEAR_1_DELETION,1,79448388,,NODIT,2025-11-14,641,nodit,NON-FINAL ACTION - MAILED,Live/Pending,True,"009,035,036,041,042",True
336,NEAR_1_SUBSTITUTION,1,99488046,,NEEDIT,2025-11-10,688,needit,NOTICE OF ALLOWANCE - ISSUED,Live/Pending,True,005,True
336,NEAR_1_TRANSPOSITION,1,98258682,7529203,NEODIT,2023-11-07,700,neodit,REGISTERED,Live/Registered,True,007,False
336,NEAR_1_SUBSTITUTION,1,97735058,7278053,NOEIIT,2022-12-29,700,noeiit,REGISTERED,Live/Registered,True,009,False
336,NEAR_1_SUBSTITUTION,1,98336997,,NEEDIT,2023-12-30,602,needit,ABANDONED-FAILURE TO RESPOND OR LATE RESPONSE,Dead/Abandoned,False,020,False
336,NEAR_1_SUBSTITUTION,1,97210073,,POEDIT,2022-01-10,602,poedit,ABANDONED-FAILURE TO RESPOND OR LATE RESPONSE,Dead/Abandoned,False,009,False
336,NEAR_1_SUBSTITUTION,1,97204499,,NO EXIT,2022-01-05,602,noexit,ABANDONED-FAILURE TO RESPOND OR LATE RESPONSE,Dead/Abandoned,False,009,False
336,NEAR_1_TRANSPOSITION,1,90317328,,NEODIT,2020-11-13,610,neodit,TERMINATED AFTER SANCTIONS,Dead,False,,False
336,NEAR_1_SUBSTITUTION,1,87025142,,NEEDIT,2016-05-04,606,needit,ABANDONED - NO STATEMENT OF USE FILED,Dead/Abandoned,False,"009,035",True
336,NEAR_1_SUBSTITUTION,1,86122104,,NO EXIT,2013-11-18,606,noexit,ABANDONED - NO STATEMENT OF USE FILED,Dead/Abandoned,False,009,False
336,NEAR_1_SUBSTITUTION,1,77302987,3738572,GO! EDIT,2007-10-12,710,goedit,CANCELLED - SECTION 8,Dead/Cancelled,False,,False
336,NEAR_1_INSERTION,1,76667142,,NO EDITS,2006-10-10,606,noedits,ABANDONED - NO STATEMENT OF USE FILED,Dead/Abandoned,False,035,True
336,NEAR_1_SUBSTITUTION,1,75780105,2791650,NEEDIT,1999-09-13,710,needit,CANCELLED - SECTION 8,Dead/Cancelled,False,,False
336,NEAR_1_SUBSTITUTION,1,75796001,2381305,NO EXIT,1999-09-10,710,noexit,CANCELLED - SECTION 8,Dead/Cancelled,False,,False
336,NEAR_1_SUBSTITUTION,1,74021136,1626833,COEDIT,1990-01-22,710,coedit,CANCELLED - SECTION 8,Dead/Cancelled,False,,False
336,NEAR_1_SUBSTITUTION,1,74002468,,I/O*EDIT,1989-11-16,602,ioedit,ABANDONED-FAILURE TO RESPOND OR LATE RESPONSE,Dead/Abandoned,False,,False
336,NEAR_1_SUBSTITUTION,1,73834466,1597603,NO EXIT,1989-10-27,710,noexit,CANCELLED - SECTION 8,Dead/Cancelled,False,,False
336,NEAR_1_SUBSTITUTION,1,73628414,1447650,NO EXIT !,1986-10-30,710,noexit,CANCELLED - SECTION 8,Dead/Cancelled,False,,False
336,NEAR_1_SUBSTITUTION,1,73533535,1364269,NCEDIT,1985-04-22,710,ncedit,CANCELLED - SECTION 8,Dead/Cancelled,False,,False
338,NEAR_1_DELETION,1,98932751,7936480,ASSHO,2025-01-01,700,assho,REGISTERED,Live/Registered,True,028,False
338,NEAR_1_SUBSTITUTION,1,97724362,7276441,ARSHOT,2022-12-20,700,arshot,REGISTERED,Live/Registered,True,009,False
338,NEAR_1_SUBSTITUTION,1,97047420,6878447,AMSHOT,2021-09-27,700,amshot,REGISTERED,Live/Registered,True,042,False
338,NEAR_1_SUBSTITUTION,1,87709795,6541815,ASSHAT,2017-12-06,700,asshat,REGISTERED,Live/Registered,True,012,False
338,NEAR_1_SUBSTITUTION,1,86922445,,ASSHAT,2016-02-28,606,asshat,ABANDONED - NO STATEMENT OF USE FILED,Dead/Abandoned,False,025,False
339,EXACT,0,99313090,,IN FOCUS,2025-07-31,802,infocus,REQUEST FOR EXTENSION OF TIME TO FILE OPPOSITION,Live/Pending,True,009,False
339,EXACT,0,99301367,,INFOCUS,2025-07-24,760,infocus,EX PARTE APPEAL PENDING,Live/Pending,True,035,True
339,EXACT,0,99068222,8148490,INFOCUS,2025-03-05,700,infocus,REGISTERED,Live/Registered,True,041,False
339,EXACT,0,97289794,7503051,INFOCUS,2022-03-01,700,infocus,REGISTERED,Live/Registered,True,"041,044",True
339,EXACT,0,90318867,6642467,INFOCUS,2020-11-13,700,infocus,REGISTERED,Live/Registered,True,"005,031,044",True
339,EXACT,0,90115767,6374705,IN FOCUS,2020-08-14,700,infocus,REGISTERED,Live/Registered,True,041,False
339,EXACT,0,88675797,7213500,INFOCUS,2019-10-31,700,infocus,REGISTERED,Live/Registered,True,010,True
339,EXACT,0,87387719,5410713,INFOCUS,2017-03-27,701,infocus,SECTION 8-ACCEPTED,Live/Registered,True,009,False
339,EXACT,0,86693012,4898681,IN-FOCUS,2015-07-14,702,infocus,SECTION 8 & 15-ACCEPTED AND ACKNOWLEDGED,Live/Registered,True,005,True
339,EXACT,0,86686801,5001494,IN.FOCUS,2015-07-08,701,infocus,SECTION 8-ACCEPTED,Live/Registered,True,012,False
339,EXACT,0,86634966,4962774,INFOCUS,2015-05-19,702,infocus,SECTION 8 & 15-ACCEPTED AND ACKNOWLEDGED,Live/Registered,True,045,False
339,EXACT,0,78441030,3545040,INFOCUS,2004-06-24,800,infocus,REGISTERED AND RENEWED,Live/Registered,True,"009,016,036,042",False
339,EXACT,0,78410613,3330567,INFOCUS,2004-04-29,800,infocus,REGISTERED AND RENEWED,Live/Registered,True,009,False
339,EXACT,0,76142147,2487514,IN FOCUS,2000-10-06,800,infocus,REGISTERED AND RENEWED,Live/Registered,True,016,False
339,EXACT,0,75396449,2227932,IN FOCUS,1997-11-26,800,infocus,REGISTERED AND RENEWED,Live/Registered,True,009,False
339,EXACT,0,75010303,2011904,IN FOCUS,1995-10-25,800,infocus,REGISTERED AND RENEWED,Live/Registered,True,009,False
339,EXACT,0,97333624,,INFOCUS,2022-03-28,602,infocus,ABANDONED-FAILURE TO RESPOND OR LATE RESPONSE,Dead/Abandoned,False,009,False
339,EXACT,0,88620252,,INFOCUS,2019-09-17,604,infocus,ABANDONED - AFTER INTER-PARTES DECISION,Dead/Abandoned,False,,False
339,EXACT,0,87651884,,IN:FOCUS,2017-10-19,602,infocus,ABANDONED-FAILURE TO RESPOND OR LATE RESPONSE,Dead/Abandoned,False,005,True
339,EXACT,0,87640990,,INFOCUS,2017-10-11,604,infocus,ABANDONED - AFTER INTER-PARTES DECISION,Dead/Abandoned,False,,False
339,EXACT,0,87337539,,INFOCUS,2017-02-15,603,infocus,ABANDONED - AFTER EX PARTE APPEAL,Dead/Abandoned,False,038,False
339,EXACT,0,87241950,,INFOCUS,2016-11-18,606,infocus,ABANDONED - NO STATEMENT OF USE FILED,Dead/Abandoned,False,044,True
339,EXACT,0,86854448,,INFOCUS,2015-12-18,602,infocus,ABANDONED-FAILURE TO RESPOND OR LATE RESPONSE,Dead/Abandoned,False,038,False
339,EXACT,0,86395989,,INFOCUS,2014-09-16,602,infocus,ABANDONED-FAILURE TO RESPOND OR LATE RESPONSE,Dead/Abandoned,False,"016,041",False
339,EXACT,0,86119454,4514800,INFOCUS,2013-11-14,710,infocus,CANCELLED - SECTION 8,Dead/Cancelled,False,,False
339,EXACT,0,86055739,,INFOCUS,2013-09-04,604,infocus,ABANDONED - AFTER INTER-PARTES DECISION,Dead/Abandoned,False,,False
339,EXACT,0,85824350,4428089,INFOCUS,2013-01-16,710,infocus,CANCELLED - SECTION 8,Dead/Cancelled,False,,False
339,EXACT,0,85392017,4118392,IN FOCUS,2011-08-08,710,infocus,CANCELLED - SECTION 8,Dead/Cancelled,False,,False
339,EXACT,0,85304108,,INFOCUS,2011-04-25,606,infocus,ABANDONED - NO STATEMENT OF USE FILED,Dead/Abandoned,False,039,False
339,EXACT,0,85260829,,INFOCUS,2011-03-08,602,infocus,ABANDONED-FAILURE TO RESPOND OR LATE RESPONSE,Dead/Abandoned,False,041,False
339,EXACT,0,77940992,3955721,INFOCUS,2010-02-22,710,infocus,CANCELLED - SECTION 8,Dead/Cancelled,False,,False
339,EXACT,0,76700670,3850333,INFOCUS,2009-12-04,710,infocus,CANCELLED - SECTION 8,Dead/Cancelled,False,,False
339,EXACT,0,77791437,3780479,INFOCUS,2009-07-28,710,infocus,CANCELLED - SECTION 8,Dead/Cancelled,False,,False
339,EXACT,0,77737512,3722147,IN[FOCUS],2009-05-14,710,infocus,CANCELLED - SECTION 8,Dead/Cancelled,False,,False
339,EXACT,0,77584348,3630442,IN-FOCUS,2008-10-02,710,infocus,CANCELLED - SECTION 8,Dead/Cancelled,False,,False
339,EXACT,0,77367755,3510274,INFOCUS,2008-01-09,710,infocus,CANCELLED - SECTION 8,Dead/Cancelled,False,,False
339,EXACT,0,76668331,,INFOCUS,2006-10-31,604,infocus,ABANDONED - AFTER INTER-PARTES DECISION,Dead/Abandoned,False,,False
339,EXACT,0,78574553,3173187,IN FOCUS,2005-02-24,710,infocus,CANCELLED - SECTION 8,Dead/Cancelled,False,,False
339,EXACT,0,78413945,3020041,INFOCUS,2004-05-06,710,infocus,CANCELLED - SECTION 8,Dead/Cancelled,False,,False
339,EXACT,0,76545047,,INFOCUS,2003-09-02,606,infocus,ABANDONED - NO STATEMENT OF USE FILED,Dead/Abandoned,False,005,True
339,EXACT,0,78192379,2823236,INFOCUS,2002-12-09,710,infocus,CANCELLED - SECTION 8,Dead/Cancelled,False,,False
339,EXACT,0,76258397,,INFOCUS,2001-05-16,604,infocus,ABANDONED - AFTER INTER-PARTES DECISION,Dead/Abandoned,False,,False
339,EXACT,0,76231390,,IN FOCUS,2001-03-26,602,infocus,ABANDONED-FAILURE TO RESPOND OR LATE RESPONSE,Dead/Abandoned,False,016,False
339,EXACT,0,76195610,,IN FOCUS,2001-01-16,601,infocus,ABANDONED - EXPRESS,Dead/Abandoned,False,009,False
339,EXACT,0,76161723,,INFOCUS,2000-11-08,606,infocus,ABANDONED - NO STATEMENT OF USE FILED,Dead/Abandoned,False,010,True
339,EXACT,0,78034407,,INFOCUS,2000-11-08,602,infocus,ABANDONED-FAILURE TO RESPOND OR LATE RESPONSE,Dead/Abandoned,False,038,False
339,EXACT,0,76136682,2536013,IN FOCUS,2000-09-27,710,infocus,CANCELLED - SECTION 8,Dead/Cancelled,False,,False
339,EXACT,0,75920749,,INFOCUS,2000-02-16,602,infocus,ABANDONED-FAILURE TO RESPOND OR LATE RESPONSE,Dead/Abandoned,False,"016,035",True
339,EXACT,0,75826148,,INFOCUS,1999-10-19,606,infocus,ABANDONED - NO STATEMENT OF USE FILED,Dead/Abandoned,False,025,False
339,EXACT,0,75758136,,IN.FOCUS,1999-07-22,602,infocus,ABANDONED-FAILURE TO RESPOND OR LATE RESPONSE,Dead/Abandoned,False,018,False
339,EXACT,0,75709786,2543767,IN FOCUS,1999-05-20,710,infocus,CANCELLED - SECTION 8,Dead/Cancelled,False,,False
339,EXACT,0,75606294,,INFOCUS,1998-12-15,604,infocus,ABANDONED - AFTER INTER-PARTES DECISION,Dead/Abandoned,False,009,False
339,EXACT,0,75605064,,INFOCUS,1998-12-14,606,infocus,ABANDONED - NO STATEMENT OF USE FILED,Dead/Abandoned,False,005,True
339,EXACT,0,75495774,2263009,INFOCUS,1998-06-04,710,infocus,CANCELLED - SECTION 8,Dead/Cancelled,False,,False
339,EXACT,0,75454641,,INFOCUS,1998-03-23,605,infocus,ABANDONED EXPRESS AFTER PUB,Dead/Abandoned,False,009,False
339,EXACT,0,75358013,2245123,IN FOCUS,1997-09-16,710,infocus,CANCELLED - SECTION 8,Dead/Cancelled,False,,False
339,EXACT,0,75291833,2322744,INFOCUS,1997-05-14,710,infocus,CANCELLED - SECTION 8,Dead/Cancelled,False,,False
339,EXACT,0,75285497,2238112,INFOCUS,1997-05-02,710,infocus,CANCELLED - SECTION 8,Dead/Cancelled,False,,False
339,EXACT,0,75271365,,IN FOCUS,1997-04-08,606,infocus,ABANDONED - NO STATEMENT OF USE FILED,Dead/Abandoned,False,,False
339,EXACT,0,75211385,,IN FOCUS,1996-12-11,602,infocus,ABANDONED-FAILURE TO RESPOND OR LATE RESPONSE,Dead/Abandoned,False,,False
339,EXACT,0,75099632,,INFOCUS,1996-05-06,602,infocus,ABANDONED-FAILURE TO RESPOND OR LATE RESPONSE,Dead/Abandoned,False,,False
339,EXACT,0,74560802,,IN FOCUS,1994-08-15,602,infocus,ABANDONED-FAILURE TO RESPOND OR LATE RESPONSE,Dead/Abandoned,False,,False
339,EXACT,0,74428679,1897150,IN FOCUS,1993-08-19,710,infocus,CANCELLED - SECTION 8,Dead/Cancelled,False,,False
339,EXACT,0,74384702,1850940,INFOCUS,1993-04-30,710,infocus,CANCELLED - SECTION 8,Dead/Cancelled,False,,False
339,EXACT,0,74121849,,INFOCUS,1990-12-10,608,infocus,ABANDONED - AFTER PETITION DECISION,Dead/Abandoned,False,,False
339,EXACT,0,74054371,1637586,IN FOCUS,1990-04-30,710,infocus,CANCELLED - SECTION 8,Dead/Cancelled,False,,False
339,EXACT,0,73784179,1577460,INFOCUS,1989-03-02,710,infocus,CANCELLED - SECTION 8,Dead/Cancelled,False,,False
339,EXACT,0,73721387,1585035,INFOCUS,1988-04-08,710,infocus,CANCELLED - SECTION 8,Dead/Cancelled,False,,False
339,EXACT,0,73711859,1507110,INFOCUS,1988-02-18,710,infocus,CANCELLED - SECTION 8,Dead/Cancelled,False,,False
339,EXACT,0,73590673,1436847,IN FOCUS,1986-03-31,713,infocus,CANCELLED - SECTION 18,Dead/Cancelled,False,,False
339,EXACT,0,73587054,1410488,IN FOCUS,1986-03-10,710,infocus,CANCELLED - SECTION 8,Dead/Cancelled,False,,False
339,EXACT,0,73431861,1327516,IN-FOCUS,1983-06-24,710,infocus,CANCELLED - SECTION 8,Dead/Cancelled,False,,False
339,EXACT,0,73233831,1158076,IN FOCUS,1979-10-03,710,infocus,CANCELLED - SECTION 8,Dead/Cancelled,False,,False
339,NEAR_1_SUBSTITUTION,1,79444498,,ONFOCUS,2025-11-21,641,onfocus,NON-FINAL ACTION - MAILED,Live/Pending,True,010,True
339,NEAR_1_SUBSTITUTION,1,99313412,,IQ-FOCUS,2025-07-31,654,iqfocus,REPORT COMPLETED SUSPENSION CHECK - CASE STILL SUSPENDED,Live/Pending,True,010,True
339,NEAR_1_SUBSTITUTION,1,99064217,,IQFOCUS,2025-03-03,730,iqfocus,FIRST EXTENSION - GRANTED,Live/Pending,True,"035,038,042",True
339,NEAR_1_INSERTION,1,88818088,6413269,IONFOCUS,2020-03-02,700,ionfocus,REGISTERED,Live/Registered,True,009,False
339,NEAR_1_SUBSTITUTION,1,88729077,7183189,ENFOCUS,2019-12-16,700,enfocus,REGISTERED,Live/Registered,True,"009,011",False
339,NEAR_1_DELETION,1,87767336,5545859,IFOCUS,2018-01-23,701,ifocus,SECTION 8-ACCEPTED,Live/Registered,True,016,False
339,NEAR_1_DELETION,1,87545631,6337521,NFOCUS,2017-07-27,700,nfocus,REGISTERED,Live/Registered,True,"009,042",False
339,NEAR_1_DELETION,1,87094366,5944437,I-FOCUS,2016-07-06,700,ifocus,REGISTERED,Live/Registered,True,009,False
339,NEAR_1_SUBSTITUTION,1,86478159,4947258,ENFOCUS,2014-12-11,800,enfocus,REGISTERED AND RENEWED,Live/Registered,True,010,True
339,NEAR_1_SUBSTITUTION,1,86282390,5607306,ENFOCUS,2014-05-15,702,enfocus,SECTION 8 & 15-ACCEPTED AND ACKNOWLEDGED,Live/Registered,True,"035,045",True
339,NEAR_1_INSERTION,1,78537037,3308346,INNFOCUS,2004-12-22,800,innfocus,REGISTERED AND RENEWED,Live/Registered,True,010,True
339,NEAR_1_DELETION,1,98144250,,I FOCUS,2023-08-22,606,ifocus,ABANDONED - NO STATEMENT OF USE FILED,Dead/Abandoned,False,021,True
339,NEAR_1_DELETION,1,98144273,,I FOCUS,2023-08-22,606,ifocus,ABANDONED - NO STATEMENT OF USE FILED,Dead/Abandoned,False,021,True
339,NEAR_1_SUBSTITUTION,1,88962045,,IB FOCUS,2020-06-12,606,ibfocus,ABANDONED - NO STATEMENT OF USE FILED,Dead/Abandoned,False,009,False
339,NEAR_1_SUBSTITUTION,1,88826913,,ENFOCUS,2020-03-09,606,enfocus,ABANDONED - NO STATEMENT OF USE FILED,Dead/Abandoned,False,"009,011",False
339,NEAR_1_SUBSTITUTION,1,88783938,,ENFOCUS,2020-02-04,602,enfocus,ABANDONED-FAILURE TO RESPOND OR LATE RESPONSE,Dead/Abandoned,False,036,False
339,NEAR_1_DELETION,1,88523907,,I-FOCUS,2019-07-19,606,ifocus,ABANDONED - NO STATEMENT OF USE FILED,Dead/Abandoned,False,005,True
339,NEAR_1_SUBSTITUTION,1,87581211,5903754,IMFOCUS,2017-08-23,710,imfocus,CANCELLED - SECTION 8,Dead/Cancelled,False,,False
339,NEAR_1_DELETION,1,86882511,5031461,IFOCUS,2016-01-21,710,ifocus,CANCELLED - SECTION 8,Dead/Cancelled,False,,False
339,NEAR_1_INSERTION,1,86581523,4845747,I INFOCUS,2015-03-30,710,iinfocus,CANCELLED - SECTION 8,Dead/Cancelled,False,,False
339,NEAR_1_DELETION,1,85449666,,IFOCUS,2011-10-18,602,ifocus,ABANDONED-FAILURE TO RESPOND OR LATE RESPONSE,Dead/Abandoned,False,"009,016,041,042",False
339,NEAR_1_DELETION,1,85298138,,I-FOCUS,2011-04-18,604,ifocus,ABANDONED - AFTER INTER-PARTES DECISION,Dead/Abandoned,False,,False
339,NEAR_1_DELETION,1,79101607,4078796,IFOCUS,2011-03-03,404,ifocus,IR CANCELLED; US REGISTRATION CANCELLED,Dead/Cancelled,False,,False
339,NEAR_1_DELETION,1,85196065,4788036,IFOCUS,2010-12-12,710,ifocus,CANCELLED - SECTION 8,Dead/Cancelled,False,,False
339,NEAR_1_DELETION,1,85143131,,IFOCUS,2010-10-01,606,ifocus,ABANDONED - NO STATEMENT OF USE FILED,Dead/Abandoned,False,"009,016,041",False
339,NEAR_1_INSERTION,1,85085193,,INSFOCUS,2010-07-15,605,insfocus,ABANDONED EXPRESS AFTER PUB,Dead/Abandoned,False,,False
339,NEAR_1_DELETION,1,85058454,,IFOCUS,2010-06-09,604,ifocus,ABANDONED - AFTER INTER-PARTES DECISION,Dead/Abandoned,False,,False
339,NEAR_1_SUBSTITUTION,1,77874201,3888829,ENFOCUS,2009-11-17,710,enfocus,CANCELLED - SECTION 8,Dead/Cancelled,False,,False
339,NEAR_1_DELETION,1,76694544,,I FOCUS,2008-11-28,602,ifocus,ABANDONED-FAILURE TO RESPOND OR LATE RESPONSE,Dead/Abandoned,False,010,True
339,NEAR_1_DELETION,1,77210837,3709178,IFOCUS,2007-06-20,710,ifocus,CANCELLED - SECTION 8,Dead/Cancelled,False,,False
339,NEAR_1_DELETION,1,77133222,,I-FOCUS,2007-03-16,602,ifocus,ABANDONED-FAILURE TO RESPOND OR LATE RESPONSE,Dead/Abandoned,False,009,False
339,NEAR_1_DELETION,1,76663606,,IFOCUS,2006-07-25,606,ifocus,ABANDONED - NO STATEMENT OF USE FILED,Dead/Abandoned,False,035,True
339,NEAR_1_SUBSTITUTION,1,78688225,,IMFOCUS,2005-08-09,601,imfocus,ABANDONED - EXPRESS,Dead/Abandoned,False,005,True
339,NEAR_1_DELETION,1,78583175,,IFOCUS,2005-03-08,606,ifocus,ABANDONED - NO STATEMENT OF USE FILED,Dead/Abandoned,False,009,False
339,NEAR_1_SUBSTITUTION,1,78570341,,INFOBUS,2005-02-18,606,infobus,ABANDONED - NO STATEMENT OF USE FILED,Dead/Abandoned,False,009,False
339,NEAR_1_DELETION,1,78487750,,IFOCUS,2004-09-22,604,ifocus,ABANDONED - AFTER INTER-PARTES DECISION,Dead/Abandoned,False,,False
339,NEAR_1_SUBSTITUTION,1,78148910,2803711,EN-FOCUS,2002-07-30,710,enfocus,CANCELLED - SECTION 8,Dead/Cancelled,False,,False
339,NEAR_1_DELETION,1,78133124,,NFOCUS,2002-06-04,606,nfocus,ABANDONED - NO STATEMENT OF USE FILED,Dead/Abandoned,False,007,False
339,NEAR_1_SUBSTITUTION,1,78107660,,INTOCUS,2002-02-08,602,intocus,ABANDONED-FAILURE TO RESPOND OR LATE RESPONSE,Dead/Abandoned,False,009,False
339,NEAR_1_SUBSTITUTION,1,76320043,,INFORUS,2001-10-01,602,inforus,ABANDONED-FAILURE TO RESPOND OR LATE RESPONSE,Dead/Abandoned,False,"009,042",False
339,NEAR_1_DELETION,1,76209564,,N FOCUS,2001-02-08,606,nfocus,ABANDONED - NO STATEMENT OF USE FILED,Dead/Abandoned,False,025,False
339,NEAR_1_DELETION,1,78028241,2609870,INFOCU$,2000-09-29,710,infocu,CANCELLED - SECTION 8,Dead/Cancelled,False,,False
339,NEAR_1_DELETION,1,76024896,,IFOCUS,2000-04-13,602,ifocus,ABANDONED-FAILURE TO RESPOND OR LATE RESPONSE,Dead/Abandoned,False,009,False
339,NEAR_1_DELETION,1,76024897,,IFOCUS,2000-04-13,602,ifocus,ABANDONED-FAILURE TO RESPOND OR LATE RESPONSE,Dead/Abandoned,False,035,True
339,NEAR_1_DELETION,1,76024898,,IFOCUS,2000-04-13,602,ifocus,ABANDONED-FAILURE TO RESPOND OR LATE RESPONSE,Dead/Abandoned,False,038,False
339,NEAR_1_DELETION,1,75906628,,NFOCUS,2000-02-01,601,nfocus,ABANDONED - EXPRESS,Dead/Abandoned,False,009,False
339,NEAR_1_SUBSTITUTION,1,75861533,,INFOKUS,1999-12-01,602,infokus,ABANDONED-FAILURE TO RESPOND OR LATE RESPONSE,Dead/Abandoned,False,009,False
339,NEAR_1_SUBSTITUTION,1,75857145,,ENFOCUS,1999-11-23,602,enfocus,ABANDONED-FAILURE TO RESPOND OR LATE RESPONSE,Dead/Abandoned,False,009,False
339,NEAR_1_SUBSTITUTION,1,75287279,,INFOBUS,1997-05-05,606,infobus,ABANDONED - NO STATEMENT OF USE FILED,Dead/Abandoned,False,009,False
339,NEAR_1_SUBSTITUTION,1,75228964,,NNFOCUS,1997-01-21,606,nnfocus,ABANDONED - NO STATEMENT OF USE FILED,Dead/Abandoned,False,,False
339,NEAR_1_SUBSTITUTION,1,75195208,,INFOBUS,1996-11-08,606,infobus,ABANDONED - NO STATEMENT OF USE FILED,Dead/Abandoned,False,,False
339,NEAR_1_SUBSTITUTION,1,74637696,,INFOBUS,1995-02-22,602,infobus,ABANDONED-FAILURE TO RESPOND OR LATE RESPONSE,Dead/Abandoned,False,,False
339,NEAR_1_SUBSTITUTION,1,74616276,1992554,INFOBUS,1994-12-29,710,infobus,CANCELLED - SECTION 8,Dead/Cancelled,False,,False
339,NEAR_1_DELETION,1,74515403,,NFOCUS,1994-04-22,602,nfocus,ABANDONED-FAILURE TO RESPOND OR LATE RESPONSE,Dead/Abandoned,False,,False
339,NEAR_1_INSERTION,1,74387604,,WINFOCUS,1993-05-05,604,winfocus,ABANDONED - AFTER INTER-PARTES DECISION,Dead/Abandoned,False,,False
339,NEAR_1_INSERTION,1,74181258,,INN-FOCUS,1991-07-01,602,innfocus,ABANDONED-FAILURE TO RESPOND OR LATE RESPONSE,Dead/Abandoned,False,,False
339,NEAR_1_SUBSTITUTION,1,74043276,,INFOBUS,1990-03-27,602,infobus,ABANDONED-FAILURE TO RESPOND OR LATE RESPONSE,Dead/Abandoned,False,,False
339,NEAR_1_INSERTION,1,73716544,1530625,INNFOCUS,1988-03-14,710,innfocus,CANCELLED - SECTION 8,Dead/Cancelled,False,,False
339,NEAR_1_SUBSTITUTION,1,73380329,1237184,INFOBUS,1982-08-17,710,infobus,CANCELLED - SECTION 8,Dead/Cancelled,False,,False
339,NEAR_1_SUBSTITUTION,1,73380230,1237282,INFOBUS,1982-08-16,710,infobus,CANCELLED - SECTION 8,Dead/Cancelled,False,,False
340,EXACT,0,97285403,7532763,FULL FOCUS,2022-02-25,700,fullfocus,REGISTERED,Live/Registered,True,041,False
340,EXACT,0,90042885,6270797,FULL FOCUS,2020-07-08,702,fullfocus,SECTION 8 & 15-ACCEPTED AND ACKNOWLEDGED,Live/Registered,True,005,True
340,EXACT,0,90975357,6465387,FULLFOCUS,2020-07-08,700,fullfocus,REGISTERED,Live/Registered,True,"042,044",True
340,EXACT,0,90042267,,FULLFOCUS,2020-07-08,606,fullfocus,ABANDONED - NO STATEMENT OF USE FILED,Dead/Abandoned,False,,False
340,EXACT,0,78403074,2940212,FULL FOCUS,2004-04-16,710,fullfocus,CANCELLED - SECTION 8,Dead/Cancelled,False,,False
340,EXACT,0,78278429,,FULL FOCUS,2003-07-24,602,fullfocus,ABANDONED-FAILURE TO RESPOND OR LATE RESPONSE,Dead/Abandoned,False,010,True
340,NEAR_1_SUBSTITUTION,1,88190769,6019885,FUEL FOCUS,2018-11-12,702,fuelfocus,SECTION 8 & 15-ACCEPTED AND ACKNOWLEDGED,Live/Registered,True,005,True
340,NEAR_1_SUBSTITUTION,1,90783726,,FUEL & FOCUS,2021-06-19,602,fuelfocus,ABANDONED-FAILURE TO RESPOND OR LATE RESPONSE,Dead/Abandoned,False,005,True
340,NEAR_1_INSERTION,1,88060259,5702243,FULLY FOCUS,2018-07-31,710,fullyfocus,CANCELLED - SECTION 8,Dead/Cancelled,False,,False
340,NEAR_1_SUBSTITUTION,1,76576402,2984661,FUELFOCUS,2004-02-17,710,fuelfocus,CANCELLED - SECTION 8,Dead/Cancelled,False,,False
340,NEAR_1_SUBSTITUTION,1,76318097,,FUELFOCUS,2001-09-27,604,fuelfocus,ABANDONED - AFTER INTER-PARTES DECISION,Dead/Abandoned,False,,False
340,NEAR_1_SUBSTITUTION,1,75847962,,FALL FOCUS,1999-11-13,606,fallfocus,ABANDONED - NO STATEMENT OF USE FILED,Dead/Abandoned,False,035,True
340,NEAR_1_DELETION,1,74083413,1670097,FULFOCUS,1990-07-31,710,fulfocus,CANCELLED - SECTION 8,Dead/Cancelled,False,,False
340,NEAR_1_DELETION,1,73109138,,FULFOCUS,1976-12-09,618,fulfocus,ABANDONED FILE - BACKFILE,Dead/Abandoned,False,,False
342,NEAR_1_SUBSTITUTION,1,88699560,,SHOPWORK,2019-11-20,606,shopwork,ABANDONED - NO STATEMENT OF USE FILED,Dead/Abandoned,False,035,True
342,NEAR_1_INSERTION,1,74489171,,SHOWWORKS,1994-02-14,606,showworks,ABANDONED - NO STATEMENT OF USE FILED,Dead/Abandoned,False,,False
344,EXACT,0,87070186,5154646,SHOWHOW,2016-06-14,701,showhow,SECTION 8-ACCEPTED,Live/Registered,True,025,False
344,EXACT,0,78445652,,SHOWHOW,2004-07-02,602,showhow,ABANDONED-FAILURE TO RESPOND OR LATE RESPONSE,Dead/Abandoned,False,041,False
344,EXACT,0,72451550,0992019,SHOW HOW,1973-03-15,900,showhow,EXPIRED,Dead/Expired,False,,False
344,NEAR_1_SUBSTITUTION,1,98857665,7880231,SHOWHOL,2024-11-17,700,showhol,REGISTERED,Live/Registered,True,025,False
344,NEAR_1_DELETION,1,90705715,6724190,SHOHOW,2021-05-12,700,shohow,REGISTERED,Live/Registered,True,021,True
344,NEAR_1_SUBSTITUTION,1,90287403,,SHOWNOW,2020-10-29,606,shownow,ABANDONED - NO STATEMENT OF USE FILED,Dead/Abandoned,False,009,False
344,NEAR_1_INSERTION,1,87120163,5198607,SHOW CHOW,2016-07-28,710,showchow,CANCELLED - SECTION 8,Dead/Cancelled,False,,False
344,NEAR_1_SUBSTITUTION,1,85214644,4024046,SNOW HOW,2011-01-11,711,snowhow,CANCELLED - SECTION 7,Dead/Cancelled,False,,False
344,NEAR_1_INSERTION,1,77479572,3563787,SHOWUHOW,2008-05-20,710,showuhow,CANCELLED - SECTION 8,Dead/Cancelled,False,,False
344,NEAR_1_SUBSTITUTION,1,79059567,3715399,SNOW-HOW,2008-03-26,404,snowhow,IR CANCELLED; US REGISTRATION CANCELLED,Dead/Cancelled,False,,False
344,NEAR_1_SUBSTITUTION,1,75203909,2241036,SNOW HOW...,1996-11-25,710,snowhow,CANCELLED - SECTION 8,Dead/Cancelled,False,,False
344,NEAR_1_SUBSTITUTION,1,75203910,2116163,SNOW HOW...,1996-11-25,710,snowhow,CANCELLED - SECTION 8,Dead/Cancelled,False,,False
344,NEAR_1_SUBSTITUTION,1,74553513,,SNOW HOW,1994-07-25,602,snowhow,ABANDONED-FAILURE TO RESPOND OR LATE RESPONSE,Dead/Abandoned,False,,False
344,NEAR_1_INSERTION,1,74489460,1943191,SHOW CHOW,1994-02-14,710,showchow,CANCELLED - SECTION 8,Dead/Cancelled,False,,False
344,NEAR_1_SUBSTITUTION,1,72453424,0997410,SNOW HOW,1973-04-04,900,snowhow,EXPIRED,Dead/Expired,False,,False
345,EXACT,0,98025853,7969594,HERE'S HOW,2023-06-02,700,hereshow,REGISTERED,Live/Registered,True,032,False
345,EXACT,0,76977386,2949393,HERE'S HOW,2003-08-05,800,hereshow,REGISTERED AND RENEWED,Live/Registered,True,016,False
345,EXACT,0,90480301,,HERES-HOW,2021-01-21,601,hereshow,ABANDONED - EXPRESS,Dead/Abandoned,False,"035,036,041",True
345,EXACT,0,88769843,,HERE'S HOW,2020-01-22,602,hereshow,ABANDONED-FAILURE TO RESPOND OR LATE RESPONSE,Dead/Abandoned,False,"035,036,037,042,045",True
345,EXACT,0,76534915,,HERE'S HOW,2003-08-05,606,hereshow,ABANDONED - NO STATEMENT OF USE FILED,Dead/Abandoned,False,009,False
345,EXACT,0,73072001,1051515,HERE'S HOW,1975-12-16,900,hereshow,EXPIRED,Dead/Expired,False,,False
345,NEAR_1_DELETION,1,88852420,6174474,HERSHOW,2020-03-30,700,hershow,REGISTERED,Live/Registered,True,026,False
345,NEAR_1_SUBSTITUTION,1,88430533,5920139,HEROSHOW,2019-05-14,701,heroshow,SECTION 8-ACCEPTED,Live/Registered,True,025,False
345,NEAR_1_INSERTION,1,73606178,1487649,HERE'S HOWE,1986-06-24,800,hereshowe,REGISTERED AND RENEWED,Live/Registered,True,"029,030,031",False
345,NEAR_1_INSERTION,1,87041189,,HERE IS HOW,2016-05-18,602,hereishow,ABANDONED-FAILURE TO RESPOND OR LATE RESPONSE,Dead/Abandoned,False,041,False
345,NEAR_1_INSERTION,1,77826689,3780914,HERE'S HOWE,2009-09-15,710,hereshowe,CANCELLED - SECTION 8,Dead/Cancelled,False,,False
345,NEAR_1_INSERTION,1,74422240,1892975,HERE'S HOWE,1993-08-09,710,hereshowe,CANCELLED - SECTION 8,Dead/Cancelled,False,,False
346,EXACT,0,85284687,,HOW IT WORKS,2011-04-03,606,howitworks,ABANDONED - NO STATEMENT OF USE FILED,Dead/Abandoned,False,045,False
346,EXACT,0,76139342,2482473,HOW IT WORKS,2000-10-03,710,howitworks,CANCELLED - SECTION 8,Dead/Cancelled,False,,False
346,EXACT,0,73512173,,HOW IT WORKS,1984-12-03,602,howitworks,ABANDONED-FAILURE TO RESPOND OR LATE RESPONSE,Dead/Abandoned,False,,False
346,NEAR_1_SUBSTITUTION,1,78758122,3583437,NOWITWORKS,2005-11-21,710,nowitworks,CANCELLED - SECTION 8,Dead/Cancelled,False,,False
348,NEAR_1_SUBSTITUTION,1,77538278,3662861,SHOWSEASON,2008-08-04,800,showseason,REGISTERED AND RENEWED,Live/Registered,True,"003,005",True
348,NEAR_1_SUBSTITUTION,1,76108921,2485078,SHOW SEASON,2000-08-14,710,showseason,CANCELLED - SECTION 8,Dead/Cancelled,False,,False
350,EXACT,0,77919095,4033156,WHAT WORKS,2010-01-25,800,whatworks,REGISTERED AND RENEWED,Live/Registered,True,041,False
350,EXACT,0,78846317,3203858,WHAT WORKS,2006-03-26,800,whatworks,REGISTERED AND RENEWED,Live/Registered,True,041,False
350,EXACT,0,77430014,3644569,WHAT WORKS,2008-03-24,710,whatworks,CANCELLED - SECTION 8,Dead/Cancelled,False,,False
350,EXACT,0,77430060,3611252,WHAT WORKS,2008-03-24,710,whatworks,CANCELLED - SECTION 8,Dead/Cancelled,False,,False
350,EXACT,0,78436160,3092285,WHAT WORKS,2004-06-16,710,whatworks,CANCELLED - SECTION 8,Dead/Cancelled,False,,False
350,EXACT,0,78265583,2908392,WHAT WORKS,2003-06-22,710,whatworks,CANCELLED - SECTION 8,Dead/Cancelled,False,,False
350,EXACT,0,75348708,,WHAT WORKS,1997-08-28,602,whatworks,ABANDONED-FAILURE TO RESPOND OR LATE RESPONSE,Dead/Abandoned,False,016,False
351,EXACT,0,76298922,,IT ADDS UP,2001-08-14,602,itaddsup,ABANDONED-FAILURE TO RESPOND OR LATE RESPONSE,Dead/Abandoned,False,036,False
352,NEAR_1_DELETION,1,85601450,,ALL-ADS-UP,2012-04-18,606,alladsup,ABANDONED - NO STATEMENT OF USE FILED,Dead/Abandoned,False,035,True
354,NEAR_1_SUBSTITUTION,1,87760508,5664986,GEARS OUT,2018-01-18,701,gearsout,SECTION 8-ACCEPTED,Live/Registered,True,035,True
354,NEAR_1_SUBSTITUTION,1,98408874,,BEAR SOUL,2024-02-16,602,bearsoul,ABANDONED-FAILURE TO RESPOND OR LATE RESPONSE,Dead/Abandoned,False,025,False
354,NEAR_1_INSERTION,1,90729953,,BEAR SCOUT,2021-05-24,601,bearscout,ABANDONED - EXPRESS,Dead/Abandoned,False,020,False
354,NEAR_1_SUBSTITUTION,1,87541355,,GEARS OUT,2017-07-25,601,gearsout,ABANDONED - EXPRESS,Dead/Abandoned,False,042,False
355,NEAR_1_DELETION,1,90718572,6951054,CHECKOUT,2021-05-18,700,checkout,REGISTERED,Live/Registered,True,009,False
355,NEAR_1_DELETION,1,88671137,6078795,CHECKOUT,2019-10-28,702,checkout,SECTION 8 & 15-ACCEPTED AND ACKNOWLEDGED,Live/Registered,True,035,True
355,NEAR_1_DELETION,1,88667872,,CHECK-OUT,2019-10-24,654,checkout,REPORT COMPLETED SUSPENSION CHECK - CASE STILL SUSPENDED,Live/Pending,True,"035,041,042",True
355,NEAR_1_SUBSTITUTION,1,88611595,6223037,CHEEKS OUT,2019-09-10,700,cheeksout,REGISTERED,Live/Registered,True,003,True
355,NEAR_1_DELETION,1,87220881,5333141,CHECKOUT,2016-10-31,702,checkout,SECTION 8 & 15-ACCEPTED AND ACKNOWLEDGED,Live/Registered,True,035,True
355,NEAR_1_DELETION,1,86073204,4533169,CHECKOUT,2013-09-24,800,checkout,REGISTERED AND RENEWED,Live/Registered,True,035,True
355,NEAR_1_DELETION,1,77871401,3971357,CHECKOUT,2009-11-12,800,checkout,REGISTERED AND RENEWED,Live/Registered,True,035,True
355,NEAR_1_SUBSTITUTION,1,77565433,3691399,CHECKSOFT,2008-09-09,800,checksoft,REGISTERED AND RENEWED,Live/Registered,True,009,False
355,NEAR_1_INSERTION,1,74595726,1967959,CHECK US OUT!!,1994-11-07,800,checkusout,REGISTERED AND RENEWED,Live/Registered,True,036,False
355,NEAR_1_DELETION,1,73540329,1476057,CHECKOUT,1985-05-29,800,checkout,REGISTERED AND RENEWED,Live/Registered,True,028,False
355,NEAR_1_DELETION,1,97436398,,CHECK OUT,2022-05-31,606,checkout,ABANDONED - NO STATEMENT OF USE FILED,Dead/Abandoned,False,033,False
355,NEAR_1_SUBSTITUTION,1,97395339,,CHECK U OUT,2022-05-04,606,checkuout,ABANDONED - NO STATEMENT OF USE FILED,Dead/Abandoned,False,"003,004",True
355,NEAR_1_DELETION,1,97061583,,CHECKOUT,2021-10-06,602,checkout,ABANDONED-FAILURE TO RESPOND OR LATE RESPONSE,Dead/Abandoned,False,025,False
355,NEAR_1_DELETION,1,90425967,,CHECK OUT,2020-12-29,602,checkout,ABANDONED-FAILURE TO RESPOND OR LATE RESPONSE,Dead/Abandoned,False,006,False
355,NEAR_1_DELETION,1,87866513,,CHECKOUT,2018-04-06,606,checkout,ABANDONED - NO STATEMENT OF USE FILED,Dead/Abandoned,False,036,False
355,NEAR_1_DELETION,1,79194786,5243447,CHECKOUT+,2016-04-22,709,checkout,CANCELLED SECTION 71,Dead/Cancelled,False,,False
355,NEAR_1_INSERTION,1,86730685,,CHECKSCOUT,2015-08-20,602,checkscout,ABANDONED-FAILURE TO RESPOND OR LATE RESPONSE,Dead/Abandoned,False,042,False
355,NEAR_1_INSERTION,1,86545636,,CHECK US OUT,2015-02-25,606,checkusout,ABANDONED - NO STATEMENT OF USE FILED,Dead/Abandoned,False,035,True
355,NEAR_1_DELETION,1,86354202,5248370,CHECKOUT,2014-07-31,710,checkout,CANCELLED - SECTION 8,Dead/Cancelled,False,,False
355,NEAR_1_DELETION,1,77857044,,CHECK OUT,2009-10-26,606,checkout,ABANDONED - NO STATEMENT OF USE FILED,Dead/Abandoned,False,005,True
355,NEAR_1_DELETION,1,78784900,,CHECKOUT,2006-01-04,605,checkout,ABANDONED EXPRESS AFTER PUB,Dead/Abandoned,False,,False
355,NEAR_1_DELETION,1,78320093,3093888,CHECK OUT,2003-10-29,710,checkout,CANCELLED - SECTION 8,Dead/Cancelled,False,,False
355,NEAR_1_SUBSTITUTION,1,78163874,,CHECKSOFT,2002-09-13,602,checksoft,ABANDONED-FAILURE TO RESPOND OR LATE RESPONSE,Dead/Abandoned,False,009,False
355,NEAR_1_SUBSTITUTION,1,78113924,,CHECK'D OUT,2002-03-11,602,checkdout,ABANDONED-FAILURE TO RESPOND OR LATE RESPONSE,Dead/Abandoned,False,035,True
355,NEAR_1_DELETION,1,76199865,2681723,CHECK-OUT,2001-01-29,710,checkout,CANCELLED - SECTION 8,Dead/Cancelled,False,,False
355,NEAR_1_INSERTION,1,74607077,1968016,CHECK US OUT!!,1994-12-05,710,checkusout,CANCELLED - SECTION 8,Dead/Cancelled,False,,False
355,NEAR_1_DELETION,1,74343735,1788253,CHECK OUT,1992-12-28,710,checkout,CANCELLED - SECTION 8,Dead/Cancelled,False,,False
355,NEAR_1_DELETION,1,74304711,1941388,CHECKOUT,1992-08-17,710,checkout,CANCELLED - SECTION 8,Dead/Cancelled,False,,False
355,NEAR_1_INSERTION,1,74269351,1740204,CHECK-US-OUT,1992-04-27,710,checkusout,CANCELLED - SECTION 8,Dead/Cancelled,False,,False
355,NEAR_1_DELETION,1,73719104,,CHECKOUT,1988-03-28,602,checkout,ABANDONED-FAILURE TO RESPOND OR LATE RESPONSE,Dead/Abandoned,False,,False
355,NEAR_1_DELETION,1,73689752,1601802,CHECKOUT,1987-10-15,710,checkout,CANCELLED - SECTION 8,Dead/Cancelled,False,,False
355,NEAR_1_DELETION,1,73676545,,!CHECKOUT,1987-08-04,602,checkout,ABANDONED-FAILURE TO RESPOND OR LATE RESPONSE,Dead/Abandoned,False,,False
355,NEAR_1_DELETION,1,73595518,1468674,CHECK OUT,1986-04-28,710,checkout,CANCELLED - SECTION 8,Dead/Cancelled,False,,False
355,NEAR_1_INSERTION,1,73577417,1406276,CHECK US OUT!,1986-01-13,710,checkusout,CANCELLED - SECTION 8,Dead/Cancelled,False,,False
355,NEAR_1_DELETION,1,73470939,,CHECK OUT,1984-03-19,602,checkout,ABANDONED-FAILURE TO RESPOND OR LATE RESPONSE,Dead/Abandoned,False,,False
355,NEAR_1_DELETION,1,73306313,1208891,CHECK OUT,1981-04-17,710,checkout,CANCELLED - SECTION 8,Dead/Cancelled,False,,False
355,NEAR_1_DELETION,1,73306317,1208892,CHECK OUT,1981-04-17,710,checkout,CANCELLED - SECTION 8,Dead/Cancelled,False,,False
355,NEAR_1_DELETION,1,73121295,1077068,CHECK OUT,1977-04-01,710,checkout,CANCELLED - SECTION 8,Dead/Cancelled,False,,False
355,NEAR_1_DELETION,1,73113109,1104457,CHECK-OUT,1977-01-19,900,checkout,EXPIRED,Dead/Expired,False,,False
355,NEAR_1_DELETION,1,73019076,1010998,"""CHECKOUT""",1974-04-18,900,checkout,EXPIRED,Dead/Expired,False,,False
355,NEAR_1_DELETION,1,81106627,1106627,CHECK OUT,,711,checkout,CANCELLED - SECTION 7,Dead/Cancelled,False,,False
359,EXACT,0,87824599,5639715,CLAIMCHECK,2018-03-07,702,claimcheck,SECTION 8 & 15-ACCEPTED AND ACKNOWLEDGED,Live/Registered,True,036,False
359,EXACT,0,85692596,4312511,CLAIMCHECK,2012-08-01,800,claimcheck,REGISTERED AND RENEWED,Live/Registered,True,009,False
359,EXACT,0,73776449,1583416,CLAIMCHECK,1989-01-12,800,claimcheck,REGISTERED AND RENEWED,Live/Registered,True,009,False
359,EXACT,0,76104917,,CLAIM CHECK,2000-08-09,602,claimcheck,ABANDONED-FAILURE TO RESPOND OR LATE RESPONSE,Dead/Abandoned,False,042,False
359,EXACT,0,74730803,,CLAIM CHECK,1995-09-18,602,claimcheck,ABANDONED-FAILURE TO RESPOND OR LATE RESPONSE,Dead/Abandoned,False,,False
359,EXACT,0,73126853,1096962,CLAIMCHECK,1977-05-16,710,claimcheck,CANCELLED - SECTION 8,Dead/Cancelled,False,,False
360,EXACT,0,74334921,,RINGS TRUE,1992-11-27,606,ringstrue,ABANDONED - NO STATEMENT OF USE FILED,Dead/Abandoned,False,,False
360,NEAR_1_DELETION,1,86688514,5087661,RINGTRUE,2015-07-09,800,ringtrue,REGISTERED AND RENEWED,Live/Registered,True,035,True
360,NEAR_1_DELETION,1,87456499,5536832,RING TRUE,2017-05-19,710,ringtrue,CANCELLED - SECTION 8,Dead/Cancelled,False,,False
360,NEAR_1_DELETION,1,78386530,,RING TRUE,2004-03-18,606,ringtrue,ABANDONED - NO STATEMENT OF USE FILED,Dead/Abandoned,False,038,False
360,NEAR_1_DELETION,1,72146048,0746913,RING TRUE,1962-06-04,710,ringtrue,CANCELLED - SECTION 8,Dead/Cancelled,False,,False
361,EXACT,0,78665291,,HOLDS TRUE,2005-07-07,602,holdstrue,ABANDONED-FAILURE TO RESPOND OR LATE RESPONSE,Dead/Abandoned,False,"006,009,016,020,021,028",True
361,NEAR_1_DELETION,1,98909918,7920411,HOLDTRUE,2024-12-18,700,holdtrue,REGISTERED,Live/Registered,True,014,False
361,NEAR_1_DELETION,1,87105017,5675693,HOLD TRUE,2016-07-15,710,holdtrue,CANCELLED - SECTION 8,Dead/Cancelled,False,,False
361,NEAR_1_DELETION,1,85007378,,HOLD TRUE,2010-04-06,606,holdtrue,ABANDONED - NO STATEMENT OF USE FILED,Dead/Abandoned,False,021,True
361,NEAR_1_DELETION,1,78283147,2926348,HOLD TRUE,2003-08-05,710,holdtrue,CANCELLED - SECTION 8,Dead/Cancelled,False,,False
362,NEAR_1_DELETION,1,97886668,,STAND TRUE,2023-04-13,732,standtrue,THIRD EXTENSION - GRANTED,Live/Pending,True,033,False
362,NEAR_1_DELETION,1,87254236,5236596,STAND TRUE,2016-12-01,702,standtrue,SECTION 8 & 15-ACCEPTED AND ACKNOWLEDGED,Live/Registered,True,025,False
363,NEAR_1_SUBSTITUTION,1,99521549,,RACKED UP,2025-11-29,641,rackedup,NON-FINAL ACTION - MAILED,Live/Pending,True,025,False
363,NEAR_1_SUBSTITUTION,1,98909837,8246508,JACKED UP,2024-12-18,700,jackedup,REGISTERED,Live/Registered,True,009,False
363,NEAR_1_SUBSTITUTION,1,98746951,8163307,PACKED UP,2024-09-12,700,packedup,REGISTERED,Live/Registered,True,028,False
363,NEAR_1_SUBSTITUTION,1,90839902,7045839,BUCKED UP,2021-07-21,700,buckedup,REGISTERED,Live/Registered,True,033,False
363,NEAR_1_SUBSTITUTION,1,90769616,7056351,JACKED UP,2021-06-11,700,jackedup,REGISTERED,Live/Registered,True,"005,030",True
363,NEAR_1_DELETION,1,90185010,6497179,BAKED UP,2020-09-16,700,bakedup,REGISTERED,Live/Registered,True,025,False
363,NEAR_1_SUBSTITUTION,1,88773810,6149834,PACKED UP,2020-01-27,700,packedup,REGISTERED,Live/Registered,True,039,False
363,NEAR_1_SUBSTITUTION,1,88658451,6747241,BUCKED UP,2019-10-17,700,buckedup,REGISTERED,Live/Registered,True,041,False
363,NEAR_1_SUBSTITUTION,1,87406965,5667089,BUCKED UP,2017-04-11,702,buckedup,SECTION 8 & 15-ACCEPTED AND ACKNOWLEDGED,Live/Registered,True,032,False
363,NEAR_1_SUBSTITUTION,1,86792503,5142781,BUCKED UP,2015-10-19,800,buckedup,REGISTERED AND RENEWED,Live/Registered,True,005,True
363,NEAR_1_SUBSTITUTION,1,85261951,4038320,BUCKEDUP,2011-03-09,800,buckedup,REGISTERED AND RENEWED,Live/Registered,True,025,False
363,NEAR_1_SUBSTITUTION,1,77894761,3831160,JACKEDUP,2009-12-16,800,jackedup,REGISTERED AND RENEWED,Live/Registered,True,038,False
363,NEAR_1_SUBSTITUTION,1,78578709,3538618,BUCKEDUP,2005-03-02,800,buckedup,REGISTERED AND RENEWED,Live/Registered,True,025,False
363,NEAR_1_SUBSTITUTION,1,98205545,,JACKED UP,2023-10-01,602,jackedup,ABANDONED-FAILURE TO RESPOND OR LATE RESPONSE,Dead/Abandoned,False,008,False
363,NEAR_1_SUBSTITUTION,1,97010377,,JACKED UP,2021-09-03,602,jackedup,ABANDONED-FAILURE TO RESPOND OR LATE RESPONSE,Dead/Abandoned,False,029,False
363,NEAR_1_SUBSTITUTION,1,88002073,,PACKED UP,2018-06-15,602,packedup,ABANDONED-FAILURE TO RESPOND OR LATE RESPONSE,Dead/Abandoned,False,042,False
363,NEAR_1_SUBSTITUTION,1,87639704,,#BUCKEDUP,2017-10-10,606,buckedup,ABANDONED - NO STATEMENT OF USE FILED,Dead/Abandoned,False,025,False
363,NEAR_1_SUBSTITUTION,1,87406884,,BUCKED UP,2017-04-11,603,buckedup,ABANDONED - AFTER EX PARTE APPEAL,Dead/Abandoned,False,018,False
363,NEAR_1_SUBSTITUTION,1,87233364,,RACKED UP,2016-11-10,602,rackedup,ABANDONED-FAILURE TO RESPOND OR LATE RESPONSE,Dead/Abandoned,False,025,False
363,NEAR_1_SUBSTITUTION,1,86563001,5139066,JACKED UP,2015-03-13,710,jackedup,CANCELLED - SECTION 8,Dead/Cancelled,False,,False
363,NEAR_1_SUBSTITUTION,1,86426573,,PACKED UP,2014-10-17,606,packedup,ABANDONED - NO STATEMENT OF USE FILED,Dead/Abandoned,False,009,False
363,NEAR_1_SUBSTITUTION,1,86251364,,JACKED UP,2014-04-14,606,jackedup,ABANDONED - NO STATEMENT OF USE FILED,Dead/Abandoned,False,003,True
363,NEAR_1_SUBSTITUTION,1,86046699,4837272,JACKED UP,2013-08-23,710,jackedup,CANCELLED - SECTION 8,Dead/Cancelled,False,,False
363,NEAR_1_SUBSTITUTION,1,85964978,4565421,JACK'ED UP,2013-06-20,710,jackedup,CANCELLED - SECTION 8,Dead/Cancelled,False,,False
363,NEAR_1_SUBSTITUTION,1,85497716,4184417,JACKED UP!,2011-12-16,710,jackedup,CANCELLED - SECTION 8,Dead/Cancelled,False,,False
363,NEAR_1_SUBSTITUTION,1,85025710,,JACKEDUP,2010-04-28,606,jackedup,ABANDONED - NO STATEMENT OF USE FILED,Dead/Abandoned,False,035,True
363,NEAR_1_SUBSTITUTION,1,77950780,4822270,JACKED UP,2010-03-04,710,jackedup,CANCELLED - SECTION 8,Dead/Cancelled,False,,False
363,NEAR_1_SUBSTITUTION,1,77944088,,JACKED UP,2010-02-24,602,jackedup,ABANDONED-FAILURE TO RESPOND OR LATE RESPONSE,Dead/Abandoned,False,030,False
363,NEAR_1_SUBSTITUTION,1,77490119,3699898,JACKED UP,2008-06-03,710,jackedup,CANCELLED - SECTION 8,Dead/Cancelled,False,,False
363,NEAR_1_SUBSTITUTION,1,76511760,2856628,JACKED UP!,2003-05-06,710,jackedup,CANCELLED - SECTION 8,Dead/Cancelled,False,,False
364,NEAR_1_DELETION,1,99771591,,EARN IT,2026-04-17,630,earnit,NEW APPLICATION - RECORD INITIALIZED NOT ASSIGNED TO EXAMINER,Live/Pending,True,025,False
364,NEAR_1_DELETION,1,88760551,6284484,EARNIT,2020-01-15,700,earnit,REGISTERED,Live/Registered,True,009,False
364,NEAR_1_DELETION,1,88760556,6284485,EARN IT,2020-01-15,700,earnit,REGISTERED,Live/Registered,True,009,False
364,NEAR_1_DELETION,1,87807833,5599498,EARN IT.,2018-02-22,702,earnit,SECTION 8 & 15-ACCEPTED AND ACKNOWLEDGED,Live/Registered,True,008,False
364,NEAR_1_DELETION,1,87632052,6029643,EARNIT!,2017-10-03,700,earnit,REGISTERED,Live/Registered,True,009,False
364,NEAR_1_DELETION,1,98493931,,EARN IT,2024-04-10,602,earnit,ABANDONED-FAILURE TO RESPOND OR LATE RESPONSE,Dead/Abandoned,False,025,False
364,NEAR_1_DELETION,1,90529489,,EARN IT!,2021-02-15,601,earnit,ABANDONED - EXPRESS,Dead/Abandoned,False,042,False
364,NEAR_1_DELETION,1,90255671,,EARN IT,2020-10-14,602,earnit,ABANDONED-FAILURE TO RESPOND OR LATE RESPONSE,Dead/Abandoned,False,005,True
364,NEAR_1_DELETION,1,86922739,,EARN IT,2016-02-29,602,earnit,ABANDONED-FAILURE TO RESPOND OR LATE RESPONSE,Dead/Abandoned,False,025,False
364,NEAR_1_DELETION,1,86600990,,EARN IT,2015-04-17,606,earnit,ABANDONED - NO STATEMENT OF USE FILED,Dead/Abandoned,False,"009,042",False
364,NEAR_1_DELETION,1,85263876,,EARN IT,2011-03-10,606,earnit,ABANDONED - NO STATEMENT OF USE FILED,Dead/Abandoned,False,025,False
364,NEAR_1_DELETION,1,77336894,,EARN IT,2007-11-26,602,earnit,ABANDONED-FAILURE TO RESPOND OR LATE RESPONSE,Dead/Abandoned,False,025,False
364,NEAR_1_DELETION,1,78487506,,EARN IT,2004-09-22,606,earnit,ABANDONED - NO STATEMENT OF USE FILED,Dead/Abandoned,False,033,False
364,NEAR_1_DELETION,1,73762184,1554655,EARN-IT,1988-11-07,710,earnit,CANCELLED - SECTION 8,Dead/Cancelled,False,,False
364,NEAR_1_DELETION,1,73501173,,EARN IT,1984-09-26,602,earnit,ABANDONED-FAILURE TO RESPOND OR LATE RESPONSE,Dead/Abandoned,False,,False
365,EXACT,0,97096354,,EARNED IT.,2021-10-27,602,earnedit,ABANDONED-FAILURE TO RESPOND OR LATE RESPONSE,Dead/Abandoned,False,"024,025",False
365,EXACT,0,87524729,,EARNED IT,2017-07-12,603,earnedit,ABANDONED - AFTER EX PARTE APPEAL,Dead/Abandoned,False,036,False
365,EXACT,0,86361072,4707995,EARNED IT,2014-08-08,710,earnedit,CANCELLED - SECTION 8,Dead/Cancelled,False,,False
365,NEAR_1_INSERTION,1,99774338,,U EARNED IT,2026-04-20,630,uearnedit,NEW APPLICATION - RECORD INITIALIZED NOT ASSIGNED TO EXAMINER,Live/Pending,True,035,True
365,NEAR_1_DELETION,1,99203321,,EAR EDIT,2025-05-27,688,earedit,NOTICE OF ALLOWANCE - ISSUED,Live/Pending,True,"014,044",True
365,NEAR_1_INSERTION,1,97068555,,I EARNED IT!,2021-10-11,606,iearnedit,ABANDONED - NO STATEMENT OF USE FILED,Dead/Abandoned,False,009,False
365,NEAR_1_INSERTION,1,90693528,,ZEARNED IT!,2021-05-06,606,zearnedit,ABANDONED - NO STATEMENT OF USE FILED,Dead/Abandoned,False,041,False
368,EXACT,0,86033728,4501349,EVERY CHOICE,2013-08-09,710,everychoice,CANCELLED - SECTION 8,Dead/Cancelled,False,,False
369,EXACT,0,99326115,,CHOSENWELL,2025-08-07,688,chosenwell,NOTICE OF ALLOWANCE - ISSUED,Live/Pending,True,"041,044",True
370,EXACT,0,77053738,,WELL CHOSEN,2006-11-30,606,wellchosen,ABANDONED - NO STATEMENT OF USE FILED,Dead/Abandoned,False,035,True
374,NEAR_1_SUBSTITUTION,1,79377868,7674042,NO TRACKS,2023-08-07,700,notracks,REGISTERED,Live/Registered,True,025,False
374,NEAR_1_SUBSTITUTION,1,88012380,6059373,NO BRICKS,2018-06-23,700,nobricks,REGISTERED,Live/Registered,True,025,False
374,NEAR_1_SUBSTITUTION,1,99143278,,NETRICKS,2025-04-17,602,netricks,ABANDONED-FAILURE TO RESPOND OR LATE RESPONSE,Dead/Abandoned,False,042,False
374,NEAR_1_DELETION,1,97749422,,NOTRICK,2023-01-11,602,notrick,ABANDONED-FAILURE TO RESPOND OR LATE RESPONSE,Dead/Abandoned,False,041,False
374,NEAR_1_DELETION,1,97319353,,NOTRICK,2022-03-18,602,notrick,ABANDONED-FAILURE TO RESPOND OR LATE RESPONSE,Dead/Abandoned,False,041,False
374,NEAR_1_SUBSTITUTION,1,88172511,,NO BRICKS,2018-10-29,602,nobricks,ABANDONED-FAILURE TO RESPOND OR LATE RESPONSE,Dead/Abandoned,False,025,False
375,NEAR_1_DELETION,1,75036402,2092047,NO-FOOLIN',1995-12-08,710,nofoolin,CANCELLED - SECTION 8,Dead/Cancelled,False,,False
375,NEAR_1_DELETION,1,73229252,1180288,NO FOOLIN',1979-08-27,710,nofoolin,CANCELLED - SECTION 8,Dead/Cancelled,False,,False
376,NEAR_1_SUBSTITUTION,1,97567780,7283618,NO SKIDDING,2022-08-27,700,noskidding,REGISTERED,Live/Registered,True,027,False
376,NEAR_1_SUBSTITUTION,1,85663965,4333943,NO SKIDDING,2012-06-28,800,noskidding,REGISTERED AND RENEWED,Live/Registered,True,001,False
376,NEAR_1_SUBSTITUTION,1,77262763,3475178,NO SKIDDING,2007-08-23,800,noskidding,REGISTERED AND RENEWED,Live/Registered,True,017,False
376,NEAR_1_SUBSTITUTION,1,75635905,2439945,NO SKIDDING,1999-02-08,800,noskidding,REGISTERED AND RENEWED,Live/Registered,True,"002,003",True
376,NEAR_1_DELETION,1,85179804,,NO KIDDING,2010-11-18,602,nokidding,ABANDONED-FAILURE TO RESPOND OR LATE RESPONSE,Dead/Abandoned,False,041,False
376,NEAR_1_DELETION,1,75786190,,NO KIDDING,1999-08-26,606,nokidding,ABANDONED - NO STATEMENT OF USE FILED,Dead/Abandoned,False,003,True
376,NEAR_1_DELETION,1,75698341,,NO KIDDING,1999-05-05,601,nokidding,ABANDONED - EXPRESS,Dead/Abandoned,False,003,True
376,NEAR_1_DELETION,1,74622787,2220659,NO KIDDING,1995-01-18,710,nokidding,CANCELLED - SECTION 8,Dead/Cancelled,False,,False
376,NEAR_1_DELETION,1,74420522,1899474,NO KIDDING,1993-08-03,710,nokidding,CANCELLED - SECTION 8,Dead/Cancelled,False,,False
376,NEAR_1_DELETION,1,74410699,,NO KIDDING,1993-07-09,606,nokidding,ABANDONED - NO STATEMENT OF USE FILED,Dead/Abandoned,False,,False
376,NEAR_1_DELETION,1,74391635,,NO KIDDING,1993-05-17,606,nokidding,ABANDONED - NO STATEMENT OF USE FILED,Dead/Abandoned,False,,False
376,NEAR_1_DELETION,1,73278931,1185252,NO KIDDING!,1980-09-22,710,nokidding,CANCELLED - SECTION 8,Dead/Cancelled,False,,False
377,EXACT,0,97518336,,NO JOKE,2022-07-25,654,nojoke,REPORT COMPLETED SUSPENSION CHECK - CASE STILL SUSPENDED,Live/Pending,True,025,False
377,EXACT,0,90431844,6529329,NOJOKE,2020-12-30,700,nojoke,REGISTERED,Live/Registered,True,009,False
377,EXACT,0,88275162,5849651,NO JOKE,2019-01-24,702,nojoke,SECTION 8 & 15-ACCEPTED AND ACKNOWLEDGED,Live/Registered,True,016,False
377,EXACT,0,90367375,,NO JOKE,2020-12-08,606,nojoke,ABANDONED - NO STATEMENT OF USE FILED,Dead/Abandoned,False,025,False
377,EXACT,0,88608744,,NOJOKE,2019-09-08,606,nojoke,ABANDONED - NO STATEMENT OF USE FILED,Dead/Abandoned,False,034,False
377,EXACT,0,88366310,,NO JOKE,2019-04-01,602,nojoke,ABANDONED-FAILURE TO RESPOND OR LATE RESPONSE,Dead/Abandoned,False,009,False
377,EXACT,0,88366312,,NO JOKE,2019-04-01,602,nojoke,ABANDONED-FAILURE TO RESPOND OR LATE RESPONSE,Dead/Abandoned,False,035,True
377,EXACT,0,88366316,,NO JOKE,2019-04-01,602,nojoke,ABANDONED-FAILURE TO RESPOND OR LATE RESPONSE,Dead/Abandoned,False,041,False
377,EXACT,0,88366317,,NO JOKE,2019-04-01,602,nojoke,ABANDONED-FAILURE TO RESPOND OR LATE RESPONSE,Dead/Abandoned,False,045,False
377,EXACT,0,75349646,,NO JOKE,1997-09-02,602,nojoke,ABANDONED-FAILURE TO RESPOND OR LATE RESPONSE,Dead/Abandoned,False,,False
377,EXACT,0,74505455,1916678,NO JOKE,1994-03-28,710,nojoke,CANCELLED - SECTION 8,Dead/Cancelled,False,,False
377,EXACT,0,74036103,1682415,NO JOKE,1990-03-08,710,nojoke,CANCELLED - SECTION 8,Dead/Cancelled,False,,False
377,NEAR_1_SUBSTITUTION,1,97828929,,NO-POKE,2023-03-08,733,nopoke,FOURTH EXTENSION - GRANTED,Live/Pending,True,010,True
377,NEAR_1_SUBSTITUTION,1,97825222,7338851,NOTOKE,2023-03-06,700,notoke,REGISTERED,Live/Registered,True,028,False
377,NEAR_1_DELETION,1,90325458,6448361,NOOKE,2020-11-17,700,nooke,REGISTERED,Live/Registered,True,024,False
377,NEAR_1_SUBSTITUTION,1,77571624,3690464,NOYOKE,2008-09-16,800,noyoke,REGISTERED AND RENEWED,Live/Registered,True,020,False
377,NEAR_1_SUBSTITUTION,1,88131706,,NOYOKE,2018-09-25,602,noyoke,ABANDONED-FAILURE TO RESPOND OR LATE RESPONSE,Dead/Abandoned,False,009,False
377,NEAR_1_SUBSTITUTION,1,88098509,5649417,NOYOKE,2018-08-30,710,noyoke,CANCELLED - SECTION 8,Dead/Cancelled,False,,False
377,NEAR_1_DELETION,1,87546010,,NOOK E,2017-07-27,606,nooke,ABANDONED - NO STATEMENT OF USE FILED,Dead/Abandoned,False,043,False
377,NEAR_1_SUBSTITUTION,1,79215248,,NOYOKE,2017-06-13,602,noyoke,ABANDONED-FAILURE TO RESPOND OR LATE RESPONSE,Dead/Abandoned,False,024,False
377,NEAR_1_INSERTION,1,78396308,3110161,NO JOKER,2004-04-05,710,nojoker,CANCELLED - SECTION 8,Dead/Cancelled,False,,False
377,NEAR_1_SUBSTITUTION,1,73114567,1104769,NO-POKE,1977-02-03,710,nopoke,CANCELLED - SECTION 8,Dead/Cancelled,False,,False
378,EXACT,0,99504383,,FOR KEEPS,2025-11-19,653,forkeeps,SUSPENSION LETTER - MAILED,Live/Pending,True,016,False
378,EXACT,0,99414697,,FOR KEEPS,2025-09-26,774,forkeeps,OPPOSITION PENDING,Live/Pending,True,035,True
378,EXACT,0,98440994,,FORKEEPS,2024-03-08,731,forkeeps,SECOND EXTENSION - GRANTED,Live/Pending,True,"028,035",True
378,EXACT,0,98976339,8171330,FORKEEPS,2024-03-08,700,forkeeps,REGISTERED,Live/Registered,True,041,False
378,EXACT,0,90724787,,FOR KEEPS,2021-05-20,654,forkeeps,REPORT COMPLETED SUSPENSION CHECK - CASE STILL SUSPENDED,Live/Pending,True,014,False
378,EXACT,0,90387569,,FOR KEEPS,2020-12-16,654,forkeeps,REPORT COMPLETED SUSPENSION CHECK - CASE STILL SUSPENDED,Live/Pending,True,025,False
378,EXACT,0,73767053,1551104,FOR-KEEPS!,1988-12-05,800,forkeeps,REGISTERED AND RENEWED,Live/Registered,True,028,False
378,EXACT,0,86638593,,FOR KEEPS,2015-05-21,606,forkeeps,ABANDONED - NO STATEMENT OF USE FILED,Dead/Abandoned,False,016,False
378,EXACT,0,77748102,3779415,FOR KEEPS,2009-05-29,710,forkeeps,CANCELLED - SECTION 8,Dead/Cancelled,False,,False
378,EXACT,0,78492414,3015680,FOR KEEPS,2004-09-30,710,forkeeps,CANCELLED - SECTION 8,Dead/Cancelled,False,,False
378,EXACT,0,75514094,,FOR KEEPS,1998-07-07,602,forkeeps,ABANDONED-FAILURE TO RESPOND OR LATE RESPONSE,Dead/Abandoned,False,021,True
378,EXACT,0,75352105,2152645,FOR KEEPS,1997-09-05,710,forkeeps,CANCELLED - SECTION 8,Dead/Cancelled,False,,False
378,EXACT,0,74284992,1801568,FOR KEEPS,1992-06-15,710,forkeeps,CANCELLED - SECTION 8,Dead/Cancelled,False,,False
378,EXACT,0,74138937,,FOR KEEPS!,1991-02-13,606,forkeeps,ABANDONED - NO STATEMENT OF USE FILED,Dead/Abandoned,False,,False
378,EXACT,0,73699813,1503964,FORKEEPS,1987-12-08,710,forkeeps,CANCELLED - SECTION 8,Dead/Cancelled,False,,False
378,EXACT,0,73072220,1048825,FOR KEEPS,1975-12-18,710,forkeeps,CANCELLED - SECTION 8,Dead/Cancelled,False,,False
378,EXACT,0,72381838,0920853,FOR KEEPS,1971-01-25,900,forkeeps,EXPIRED,Dead/Expired,False,,False
378,EXACT,0,71312949,0291345,FOR-KEEPS,1931-04-04,900,forkeeps,EXPIRED,Dead/Expired,False,,False
378,NEAR_1_SUBSTITUTION,1,99389818,,FUR KEEPS,2025-09-12,688,furkeeps,NOTICE OF ALLOWANCE - ISSUED,Live/Pending,True,028,False
378,NEAR_1_INSERTION,1,90759179,6855767,FLOR KEEPS,2021-06-07,700,florkeeps,REGISTERED,Live/Registered,True,035,True
378,NEAR_1_INSERTION,1,98582075,,FOUR KEEPS,2024-06-03,606,fourkeeps,ABANDONED - NO STATEMENT OF USE FILED,Dead/Abandoned,False,020,False
378,NEAR_1_INSERTION,1,86250861,4640867,FOURKEEPS,2014-04-14,710,fourkeeps,CANCELLED - SECTION 8,Dead/Cancelled,False,,False
378,NEAR_1_INSERTION,1,85830107,4672285,FOREKEEPS,2013-01-23,710,forekeeps,CANCELLED - SECTION 8,Dead/Cancelled,False,,False
378,NEAR_1_SUBSTITUTION,1,73614855,1434080,FUR KEEPS,1986-08-15,710,furkeeps,CANCELLED - SECTION 8,Dead/Cancelled,False,,False
379,EXACT,0,97846761,7352997,AS PROMISED,2023-03-20,700,aspromised,REGISTERED,Live/Registered,True,"016,041",False
379,EXACT,0,88130368,6010849,AS PROMISED,2018-09-25,700,aspromised,REGISTERED,Live/Registered,True,"016,041",False
379,EXACT,0,97269609,,ASPROMISED,2022-02-16,606,aspromised,ABANDONED - NO STATEMENT OF USE FILED,Dead/Abandoned,False,"025,035,041",True
379,NEAR_1_SUBSTITUTION,1,77249814,3475140,AZ PROMISED,2007-08-08,710,azpromised,CANCELLED - SECTION 8,Dead/Cancelled,False,,False
380,EXACT,0,90678212,,PROMISE KEPT,2021-04-28,606,promisekept,ABANDONED - NO STATEMENT OF USE FILED,Dead/Abandoned,False,003,True
380,NEAR_1_INSERTION,1,99496267,,A PROMISE KEPT,2025-11-14,641,apromisekept,NON-FINAL ACTION - MAILED,Live/Pending,True,041,False
380,NEAR_1_INSERTION,1,99274064,,PROMISES KEPT.,2025-07-09,653,promiseskept,SUSPENSION LETTER - MAILED,Live/Pending,True,036,False
380,NEAR_1_INSERTION,1,97325102,7177775,PROMISES KEPT,2022-03-22,700,promiseskept,REGISTERED,Live/Registered,True,033,False
380,NEAR_1_INSERTION,1,97014430,,A PROMISE KEPT,2021-09-07,600,apromisekept,ABANDONED - INCOMPLETE RESPONSE,Dead/Abandoned,False,041,False
380,NEAR_1_INSERTION,1,86837356,,PROMISES KEPT,2015-12-02,602,promiseskept,ABANDONED-FAILURE TO RESPOND OR LATE RESPONSE,Dead/Abandoned,False,036,False
380,NEAR_1_INSERTION,1,86441214,,PROMISES KEPT,2014-10-31,602,promiseskept,ABANDONED-FAILURE TO RESPOND OR LATE RESPONSE,Dead/Abandoned,False,040,False
380,NEAR_1_INSERTION,1,85189357,4115919,PROMISES KEPT,2010-12-02,710,promiseskept,CANCELLED - SECTION 8,Dead/Cancelled,False,,False
380,NEAR_1_INSERTION,1,76631801,3084255,PROMISES KEPT,2005-02-22,710,promiseskept,CANCELLED - SECTION 8,Dead/Cancelled,False,,False
380,NEAR_1_INSERTION,1,76491049,2819240,PROMISES KEPT.,2003-02-20,710,promiseskept,CANCELLED - SECTION 8,Dead/Cancelled,False,,False
380,NEAR_1_INSERTION,1,76223438,2626424,PROMISES KEPT,2001-03-12,710,promiseskept,CANCELLED - SECTION 8,Dead/Cancelled,False,,False
380,NEAR_1_INSERTION,1,75868955,,PROMISES KEPT,1999-12-13,601,promiseskept,ABANDONED - EXPRESS,Dead/Abandoned,False,042,False
380,NEAR_1_INSERTION,1,75413925,2306510,PROMISES KEPT,1998-01-05,710,promiseskept,CANCELLED - SECTION 8,Dead/Cancelled,False,,False
380,NEAR_1_INSERTION,1,75173438,,PROMISES KEPT,1996-09-27,602,promiseskept,ABANDONED-FAILURE TO RESPOND OR LATE RESPONSE,Dead/Abandoned,False,,False
380,NEAR_1_INSERTION,1,75119275,,"A ""PROMISE KEPT""",1996-06-14,602,apromisekept,ABANDONED-FAILURE TO RESPOND OR LATE RESPONSE,Dead/Abandoned,False,,False
380,NEAR_1_INSERTION,1,74129048,1708075,PROMISES KEPT.,1991-01-09,710,promiseskept,CANCELLED - SECTION 8,Dead/Cancelled,False,,False
380,NEAR_1_INSERTION,1,73640098,1456989,PROMISES KEPT,1987-01-16,710,promiseskept,CANCELLED - SECTION 8,Dead/Cancelled,False,,False
381,EXACT,0,74609552,1990777,LESSTALK,1994-12-12,710,lesstalk,CANCELLED - SECTION 8,Dead/Cancelled,False,,False
381,NEAR_1_SUBSTITUTION,1,99451517,,LET'S TALK,2025-10-20,688,letstalk,NOTICE OF ALLOWANCE - ISSUED,Live/Pending,True,042,False
381,NEAR_1_SUBSTITUTION,1,99161398,,LET'S TALK,2025-04-29,774,letstalk,OPPOSITION PENDING,Live/Pending,True,042,False
381,NEAR_1_SUBSTITUTION,1,99008733,,LET'S TALK,2025-01-17,641,letstalk,NON-FINAL ACTION - MAILED,Live/Pending,True,041,False
381,NEAR_1_SUBSTITUTION,1,97405249,7324981,LET'S TALK!,2022-05-11,700,letstalk,REGISTERED,Live/Registered,True,"009,042",False
381,NEAR_1_SUBSTITUTION,1,90034982,7243047,TESS TALK,2020-07-03,700,tesstalk,REGISTERED,Live/Registered,True,041,False
381,NEAR_1_SUBSTITUTION,1,88265927,5945964,LET'S TALK,2019-01-17,700,letstalk,REGISTERED,Live/Registered,True,"035,042",True
381,NEAR_1_SUBSTITUTION,1,85014124,4060844,LET'S TALK,2010-04-14,800,letstalk,REGISTERED AND RENEWED,Live/Registered,True,036,False
381,NEAR_1_SUBSTITUTION,1,77384121,3495553,LET'S TALK,2008-01-30,800,letstalk,REGISTERED AND RENEWED,Live/Registered,True,016,False
381,NEAR_1_SUBSTITUTION,1,78453316,3176015,JESSTALK,2004-07-20,800,jesstalk,REGISTERED AND RENEWED,Live/Registered,True,041,False
381,NEAR_1_SUBSTITUTION,1,76100617,2475782,LET'S TALK!,2000-07-31,800,letstalk,REGISTERED AND RENEWED,Live/Registered,True,016,False
381,NEAR_1_SUBSTITUTION,1,97665897,,LET'S TALK,2022-11-07,602,letstalk,ABANDONED-FAILURE TO RESPOND OR LATE RESPONSE,Dead/Abandoned,False,009,False
381,NEAR_1_SUBSTITUTION,1,97446638,,LET'S TALK,2022-06-07,602,letstalk,ABANDONED-FAILURE TO RESPOND OR LATE RESPONSE,Dead/Abandoned,False,009,False
381,NEAR_1_SUBSTITUTION,1,97059942,,LET'S TALK,2021-10-05,602,letstalk,ABANDONED-FAILURE TO RESPOND OR LATE RESPONSE,Dead/Abandoned,False,016,False
381,NEAR_1_SUBSTITUTION,1,88924146,,LET'S TALK,2020-05-19,606,letstalk,ABANDONED - NO STATEMENT OF USE FILED,Dead/Abandoned,False,041,False
381,NEAR_1_SUBSTITUTION,1,88924167,,LET'S TALK,2020-05-19,606,letstalk,ABANDONED - NO STATEMENT OF USE FILED,Dead/Abandoned,False,041,False
381,NEAR_1_SUBSTITUTION,1,79186588,5084447,LET'S TALK,2016-02-24,709,letstalk,CANCELLED SECTION 71,Dead/Cancelled,False,,False
381,NEAR_1_SUBSTITUTION,1,86517902,,LETS TALK,2015-01-29,602,letstalk,ABANDONED-FAILURE TO RESPOND OR LATE RESPONSE,Dead/Abandoned,False,041,False
381,NEAR_1_SUBSTITUTION,1,86260150,4736587,LET'S TALK!,2014-04-23,710,letstalk,CANCELLED - SECTION 8,Dead/Cancelled,False,,False
381,NEAR_1_SUBSTITUTION,1,77919217,3837767,LET'S TALK!,2010-01-25,710,letstalk,CANCELLED - SECTION 8,Dead/Cancelled,False,,False
381,NEAR_1_SUBSTITUTION,1,77307659,3551344,LET'S TALK,2007-10-18,710,letstalk,CANCELLED - SECTION 8,Dead/Cancelled,False,,False
381,NEAR_1_SUBSTITUTION,1,77062421,,LET'S TALK,2006-12-12,602,letstalk,ABANDONED-FAILURE TO RESPOND OR LATE RESPONSE,Dead/Abandoned,False,035,True
381,NEAR_1_SUBSTITUTION,1,76669189,,LET'S TALK,2006-11-17,602,letstalk,ABANDONED-FAILURE TO RESPOND OR LATE RESPONSE,Dead/Abandoned,False,037,False
381,NEAR_1_SUBSTITUTION,1,77045607,,LET'S TALK,2006-11-16,602,letstalk,ABANDONED-FAILURE TO RESPOND OR LATE RESPONSE,Dead/Abandoned,False,016,False
381,NEAR_1_SUBSTITUTION,1,78918422,3486456,LESS TALL,2006-06-28,710,lesstall,CANCELLED - SECTION 8,Dead/Cancelled,False,,False
381,NEAR_1_SUBSTITUTION,1,76647174,,LET'S TALK!,2005-09-21,602,letstalk,ABANDONED-FAILURE TO RESPOND OR LATE RESPONSE,Dead/Abandoned,False,016,False
381,NEAR_1_SUBSTITUTION,1,78354718,2917529,LET'S TALK,2004-01-21,710,letstalk,CANCELLED - SECTION 8,Dead/Cancelled,False,,False
381,NEAR_1_SUBSTITUTION,1,76025640,,LET'S TALK,2000-04-14,602,letstalk,ABANDONED-FAILURE TO RESPOND OR LATE RESPONSE,Dead/Abandoned,False,009,False
381,NEAR_1_SUBSTITUTION,1,76025641,,LET'S TALK,2000-04-14,602,letstalk,ABANDONED-FAILURE TO RESPOND OR LATE RESPONSE,Dead/Abandoned,False,038,False
381,NEAR_1_SUBSTITUTION,1,75801082,2485986,LET'S TALK,1999-09-15,710,letstalk,CANCELLED - SECTION 8,Dead/Cancelled,False,,False
381,NEAR_1_SUBSTITUTION,1,75708208,2397320,LET'S TALK,1999-05-17,710,letstalk,CANCELLED - SECTION 8,Dead/Cancelled,False,,False
381,NEAR_1_SUBSTITUTION,1,75259210,,LET'S TALK,1997-03-18,606,letstalk,ABANDONED - NO STATEMENT OF USE FILED,Dead/Abandoned,False,,False
381,NEAR_1_SUBSTITUTION,1,75070664,,LET'S TALK,1996-03-11,602,letstalk,ABANDONED-FAILURE TO RESPOND OR LATE RESPONSE,Dead/Abandoned,False,,False
381,NEAR_1_SUBSTITUTION,1,75012370,2096486,LET'S TALK,1995-10-26,710,letstalk,CANCELLED - SECTION 8,Dead/Cancelled,False,,False
381,NEAR_1_SUBSTITUTION,1,75005587,2080714,LET'S TALK,1995-10-13,710,letstalk,CANCELLED - SECTION 8,Dead/Cancelled,False,,False
381,NEAR_1_SUBSTITUTION,1,74714620,,LET'S TALK,1995-08-14,602,letstalk,ABANDONED-FAILURE TO RESPOND OR LATE RESPONSE,Dead/Abandoned,False,,False
381,NEAR_1_SUBSTITUTION,1,74683885,2143033,LET'S TALK,1995-06-02,710,letstalk,CANCELLED - SECTION 8,Dead/Cancelled,False,,False
381,NEAR_1_SUBSTITUTION,1,74571012,1920119,LET'S TALK,1994-09-08,710,letstalk,CANCELLED - SECTION 8,Dead/Cancelled,False,,False
381,NEAR_1_SUBSTITUTION,1,74484704,,LET'S TALK,1994-01-31,602,letstalk,ABANDONED-FAILURE TO RESPOND OR LATE RESPONSE,Dead/Abandoned,False,,False
381,NEAR_1_SUBSTITUTION,1,74465439,,LET'S TALK,1993-12-06,602,letstalk,ABANDONED-FAILURE TO RESPOND OR LATE RESPONSE,Dead/Abandoned,False,,False
381,NEAR_1_SUBSTITUTION,1,74325916,,LEGS TALK,1992-10-27,604,legstalk,ABANDONED - AFTER INTER-PARTES DECISION,Dead/Abandoned,False,,False
381,NEAR_1_SUBSTITUTION,1,74205183,,LET'S TALK,1991-09-20,606,letstalk,ABANDONED - NO STATEMENT OF USE FILED,Dead/Abandoned,False,,False
381,NEAR_1_SUBSTITUTION,1,74141247,,LET'S TALK,1991-02-22,602,letstalk,ABANDONED-FAILURE TO RESPOND OR LATE RESPONSE,Dead/Abandoned,False,,False
381,NEAR_1_SUBSTITUTION,1,73592020,1442836,LET'S TALK:,1986-04-07,710,letstalk,CANCELLED - SECTION 8,Dead/Cancelled,False,,False
381,NEAR_1_SUBSTITUTION,1,73556633,,LET'S TALK,1985-09-03,602,letstalk,ABANDONED-FAILURE TO RESPOND OR LATE RESPONSE,Dead/Abandoned,False,,False
381,NEAR_1_SUBSTITUTION,1,73508421,1338330,LET'S TALK!,1984-11-13,710,letstalk,CANCELLED - SECTION 8,Dead/Cancelled,False,,False
381,NEAR_1_SUBSTITUTION,1,73455911,1337187,LET'S TALK,1983-12-07,710,letstalk,CANCELLED - SECTION 8,Dead/Cancelled,False,,False
381,NEAR_1_SUBSTITUTION,1,73260959,1194771,LET'S TALK,1980-05-05,710,letstalk,CANCELLED - SECTION 8,Dead/Cancelled,False,,False
381,NEAR_1_SUBSTITUTION,1,72417945,0954640,LET'S TALK,1972-03-10,900,letstalk,EXPIRED,Dead/Expired,False,,False
382,NEAR_1_SUBSTITUTION,1,98499364,7702861,FORE SHOW,2024-04-14,700,foreshow,REGISTERED,Live/Registered,True,028,False
382,NEAR_1_SUBSTITUTION,1,97204903,6968769,MORESNOW,2022-01-05,700,moresnow,REGISTERED,Live/Registered,True,011,False
384,EXACT,0,90114995,6308052,PROOF NOT PROMISE,2020-08-14,700,proofnotpromise,REGISTERED,Live/Registered,True,025,False
384,NEAR_1_INSERTION,1,98006283,7707631,PROOF. NOT PROMISES.,2023-05-21,700,proofnotpromises,REGISTERED,Live/Registered,True,011,False
384,NEAR_1_INSERTION,1,75483439,2228995,PROOF NOT PROMISES,1998-05-12,800,proofnotpromises,REGISTERED AND RENEWED,Live/Registered,True,042,False
384,NEAR_1_INSERTION,1,86177407,,PROOF NOT PROMISES,2014-01-28,606,proofnotpromises,ABANDONED - NO STATEMENT OF USE FILED,Dead/Abandoned,False,031,False
384,NEAR_1_INSERTION,1,78704177,3280690,PROOF...NOT PROMISES,2005-08-31,710,proofnotpromises,CANCELLED - SECTION 8,Dead/Cancelled,False,,False
384,NEAR_1_INSERTION,1,75202795,,PROOF NOT PROMISES,1996-11-21,606,proofnotpromises,ABANDONED - NO STATEMENT OF USE FILED,Dead/Abandoned,False,,False
384,NEAR_1_INSERTION,1,74160059,,PROOF. NOT PROMISES.,1991-04-23,602,proofnotpromises,ABANDONED-FAILURE TO RESPOND OR LATE RESPONSE,Dead/Abandoned,False,,False
385,EXACT,0,88685082,6646967,NOT JUST TALK,2019-11-08,700,notjusttalk,REGISTERED,Live/Registered,True,"009,041",False
385,EXACT,0,76125975,,NOT JUST TALK.,2000-09-08,601,notjusttalk,ABANDONED - EXPRESS,Dead/Abandoned,False,025,False
385,EXACT,0,76125978,,NOT JUST TALK,2000-09-08,606,notjusttalk,ABANDONED - NO STATEMENT OF USE FILED,Dead/Abandoned,False,009,False
385,EXACT,0,75501522,,NOT JUST TALK,1998-06-12,602,notjusttalk,ABANDONED-FAILURE TO RESPOND OR LATE RESPONSE,Dead/Abandoned,False,038,False
387,EXACT,0,98628891,7752175,STRAIGHT FORWARD,2024-07-02,700,straightforward,REGISTERED,Live/Registered,True,009,False
387,EXACT,0,86556113,4897498,STRAIGHTFORWARD,2015-03-06,710,straightforward,CANCELLED - SECTION 8,Dead/Cancelled,False,,False
387,EXACT,0,76400206,2692920,STRAIGHTFORWARD,2002-04-25,710,straightforward,CANCELLED - SECTION 8,Dead/Cancelled,False,,False
387,EXACT,0,76315017,,STRAIGHTFORWARD,2001-09-20,606,straightforward,ABANDONED - NO STATEMENT OF USE FILED,Dead/Abandoned,False,010,True
387,EXACT,0,76270782,2727877,STRAIGHT FORWARD,2001-06-13,710,straightforward,CANCELLED - SECTION 8,Dead/Cancelled,False,,False
387,EXACT,0,76019473,,STRAIGHTFORWARD,2000-04-06,602,straightforward,ABANDONED-FAILURE TO RESPOND OR LATE RESPONSE,Dead/Abandoned,False,"009,042",False
387,EXACT,0,75902934,,STRAIGHTFORWARD,2000-01-13,606,straightforward,ABANDONED - NO STATEMENT OF USE FILED,Dead/Abandoned,False,"009,042",False
387,EXACT,0,75704966,2753391,STRAIGHT FORWARD,1999-05-13,710,straightforward,CANCELLED - SECTION 8,Dead/Cancelled,False,,False
388,EXACT,0,99442224,,LEVELSET,2025-10-14,645,levelset,FINAL REFUSAL - MAILED,Live/Pending,True,012,False
388,EXACT,0,99036724,8328289,LEVEL-SET,2025-02-11,700,levelset,REGISTERED,Live/Registered,True,036,False
388,EXACT,0,98463363,,LEVELSET,2024-03-22,732,levelset,THIRD EXTENSION - GRANTED,Live/Pending,True,"005,031",True
388,EXACT,0,88738420,6262869,LEVEL SET,2019-12-24,702,levelset,SECTION 8 & 15-ACCEPTED AND ACKNOWLEDGED,Live/Registered,True,042,False
388,EXACT,0,88236892,5838420,LEVELSET,2018-12-20,700,levelset,REGISTERED,Live/Registered,True,042,False
388,EXACT,0,87447277,5350414,LEVEL SET,2017-05-12,702,levelset,SECTION 8 & 15-ACCEPTED AND ACKNOWLEDGED,Live/Registered,True,019,False
388,EXACT,0,76655687,3243337,LEVEL SET,2006-02-27,800,levelset,REGISTERED AND RENEWED,Live/Registered,True,019,False
388,EXACT,0,78682376,,LEVELSET,2005-08-01,602,levelset,ABANDONED-FAILURE TO RESPOND OR LATE RESPONSE,Dead/Abandoned,False,041,False
388,EXACT,0,78338663,,LEVEL SET,2003-12-10,602,levelset,ABANDONED-FAILURE TO RESPOND OR LATE RESPONSE,Dead/Abandoned,False,019,False
388,EXACT,0,72063367,0699240,LEVEL-SET,1958-11-28,710,levelset,CANCELLED - SECTION 8,Dead/Cancelled,False,,False
388,NEAR_1_SUBSTITUTION,1,87092110,,LEVELNET,2016-07-03,602,levelnet,ABANDONED-FAILURE TO RESPOND OR LATE RESPONSE,Dead/Abandoned,False,009,False
388,NEAR_1_SUBSTITUTION,1,85405395,4208888,LEVER-SET,2011-08-23,710,leverset,CANCELLED - SECTION 8,Dead/Cancelled,False,,False
388,NEAR_1_SUBSTITUTION,1,77677547,3956418,LEVER-SET,2009-02-24,710,leverset,CANCELLED - SECTION 8,Dead/Cancelled,False,,False
388,NEAR_1_SUBSTITUTION,1,78724639,,LEVERSET,2005-09-30,602,leverset,ABANDONED-FAILURE TO RESPOND OR LATE RESPONSE,Dead/Abandoned,False,014,False
388,NEAR_1_SUBSTITUTION,1,76587576,3233899,LEVELNET,2004-04-20,710,levelnet,CANCELLED - SECTION 8,Dead/Cancelled,False,,False
388,NEAR_1_SUBSTITUTION,1,74648281,1949213,LE VELVET,1995-03-17,710,levelvet,CANCELLED - SECTION 8,Dead/Cancelled,False,,False
389,EXACT,0,77666272,3717844,SET-RIGHT,2009-02-09,800,setright,REGISTERED AND RENEWED,Live/Registered,True,012,False
389,EXACT,0,78573941,3505270,SETRIGHT,2005-02-24,800,setright,REGISTERED AND RENEWED,Live/Registered,True,028,False
389,EXACT,0,75208798,2176190,SETRIGHT,1996-12-05,710,setright,CANCELLED - SECTION 8,Dead/Cancelled,False,,False
389,NEAR_1_DELETION,1,98805224,8046182,STRIGHT,2024-10-16,700,stright,REGISTERED,Live/Registered,True,"041,042,045",False
389,NEAR_1_SUBSTITUTION,1,97708572,7267533,SEW RIGHT,2022-12-08,700,sewright,REGISTERED,Live/Registered,True,026,False
389,NEAR_1_DELETION,1,97665092,7247038,STRIGHT,2022-11-07,700,stright,REGISTERED,Live/Registered,True,011,False
389,NEAR_1_SUBSTITUTION,1,79350258,7318190,PET RIGHT,2022-07-21,700,petright,REGISTERED,Live/Registered,True,"003,005",True
389,NEAR_1_SUBSTITUTION,1,90847784,6898613,GET RIGHT,2021-07-26,700,getright,REGISTERED,Live/Registered,True,003,True
389,NEAR_1_SUBSTITUTION,1,87630821,5517501,JETRIGHT,2017-10-02,702,jetright,SECTION 8 & 15-ACCEPTED AND ACKNOWLEDGED,Live/Registered,True,"035,037,039",True
389,NEAR_1_SUBSTITUTION,1,87630887,5517503,JETRIGHT,2017-10-02,702,jetright,SECTION 8 & 15-ACCEPTED AND ACKNOWLEDGED,Live/Registered,True,"035,037,039",True
389,NEAR_1_SUBSTITUTION,1,76685770,3482895,SETSIGHT,2008-01-15,800,setsight,REGISTERED AND RENEWED,Live/Registered,True,009,False
389,NEAR_1_SUBSTITUTION,1,79013804,3162857,LET RIGHT,2004-12-28,706,letright,SECTION 71 ACCEPTED,Live/Registered,True,"011,018,020,021,022,028",True
389,NEAR_1_SUBSTITUTION,1,88582944,,GETRIGHT,2019-08-17,606,getright,ABANDONED - NO STATEMENT OF USE FILED,Dead/Abandoned,False,"005,025",True
389,NEAR_1_SUBSTITUTION,1,87908091,,PETRIGHT,2018-05-04,602,petright,ABANDONED-FAILURE TO RESPOND OR LATE RESPONSE,Dead/Abandoned,False,005,True
389,NEAR_1_SUBSTITUTION,1,87744024,,PETRIGHT,2018-01-04,602,petright,ABANDONED-FAILURE TO RESPOND OR LATE RESPONSE,Dead/Abandoned,False,021,True
389,NEAR_1_DELETION,1,87124626,,SERIGHT,2016-08-02,602,seright,ABANDONED-FAILURE TO RESPOND OR LATE RESPONSE,Dead/Abandoned,False,003,True
389,NEAR_1_SUBSTITUTION,1,86290491,4663687,SET SIGHT,2014-05-23,710,setsight,CANCELLED - SECTION 8,Dead/Cancelled,False,,False
389,NEAR_1_SUBSTITUTION,1,85235714,4218665,SITRIGHT,2011-02-07,710,sitright,CANCELLED - SECTION 8,Dead/Cancelled,False,,False
389,NEAR_1_SUBSTITUTION,1,85187902,,SIT RIGHT,2010-12-01,606,sitright,ABANDONED - NO STATEMENT OF USE FILED,Dead/Abandoned,False,020,False
389,NEAR_1_INSERTION,1,78741085,3220798,SEAT-RIGHT,2005-10-26,710,seatright,CANCELLED - SECTION 8,Dead/Cancelled,False,,False
389,NEAR_1_SUBSTITUTION,1,78216072,,GET RIGHT,2003-02-18,606,getright,ABANDONED - NO STATEMENT OF USE FILED,Dead/Abandoned,False,005,True
389,NEAR_1_SUBSTITUTION,1,75658794,2409427,SEW-RIGHT,1999-03-11,710,sewright,CANCELLED - SECTION 8,Dead/Cancelled,False,,False
389,NEAR_1_SUBSTITUTION,1,75636157,,BET RIGHT,1999-02-08,605,betright,ABANDONED EXPRESS AFTER PUB,Dead/Abandoned,False,"041,042",False
389,NEAR_1_SUBSTITUTION,1,75532226,2294310,GETRIGHT,1998-08-06,900,getright,EXPIRED,Dead/Expired,False,,False
389,NEAR_1_SUBSTITUTION,1,75192347,,SITRIGHT,1996-11-04,606,sitright,ABANDONED - NO STATEMENT OF USE FILED,Dead/Abandoned,False,010,True
389,NEAR_1_SUBSTITUTION,1,75165962,2168333,SEA RIGHT,1996-09-13,710,searight,CANCELLED - SECTION 8,Dead/Cancelled,False,,False
389,NEAR_1_SUBSTITUTION,1,75079261,2145210,GET RIGHT,1996-03-27,710,getright,CANCELLED - SECTION 8,Dead/Cancelled,False,,False
389,NEAR_1_INSERTION,1,74511368,,SEATRIGHT,1994-04-11,606,seatright,ABANDONED - NO STATEMENT OF USE FILED,Dead/Abandoned,False,,False
389,NEAR_1_SUBSTITUTION,1,72009301,0651143,SELRIGHT,1956-05-29,900,selright,EXPIRED,Dead/Expired,False,,False
390,NEAR_1_SUBSTITUTION,1,99778140,,CUTRIGHT,2026-04-21,630,cutright,NEW APPLICATION - RECORD INITIALIZED NOT ASSIGNED TO EXAMINER,Live/Pending,True,035,True
390,NEAR_1_SUBSTITUTION,1,99130968,8092952,OUTRIGHT,2025-04-10,700,outright,REGISTERED,Live/Registered,True,001,False
390,NEAR_1_SUBSTITUTION,1,79350258,7318190,PET RIGHT,2022-07-21,700,petright,REGISTERED,Live/Registered,True,"003,005",True
390,NEAR_1_SUBSTITUTION,1,87703904,5539300,GUT RIGHT,2017-11-30,705,gutright,PARTIAL SECTION 8 & 15 ACCEPTED AND ACKNOWLEDGED,Live/Registered,True,005,True
390,NEAR_1_SUBSTITUTION,1,87664583,5623922,OUTRIGHT,2017-10-30,702,outright,SECTION 8 & 15-ACCEPTED AND ACKNOWLEDGED,Live/Registered,True,008,False
390,NEAR_1_SUBSTITUTION,1,87375936,5476697,OUTRIGHT,2017-03-17,702,outright,SECTION 8 & 15-ACCEPTED AND ACKNOWLEDGED,Live/Registered,True,009,False
390,NEAR_1_SUBSTITUTION,1,85821240,4881901,OUTRIGHT,2013-01-11,800,outright,REGISTERED AND RENEWED,Live/Registered,True,006,False
390,NEAR_1_SUBSTITUTION,1,90535957,,OUTRIGHT,2021-02-19,606,outright,ABANDONED - NO STATEMENT OF USE FILED,Dead/Abandoned,False,003,True
390,NEAR_1_SUBSTITUTION,1,88058531,,OUTRIGHT,2018-07-30,602,outright,ABANDONED-FAILURE TO RESPOND OR LATE RESPONSE,Dead/Abandoned,False,035,True
390,NEAR_1_SUBSTITUTION,1,87908091,,PETRIGHT,2018-05-04,602,petright,ABANDONED-FAILURE TO RESPOND OR LATE RESPONSE,Dead/Abandoned,False,005,True
390,NEAR_1_SUBSTITUTION,1,87744024,,PETRIGHT,2018-01-04,602,petright,ABANDONED-FAILURE TO RESPOND OR LATE RESPONSE,Dead/Abandoned,False,021,True
390,NEAR_1_SUBSTITUTION,1,86879231,,OUTRIGHT,2016-01-19,602,outright,ABANDONED-FAILURE TO RESPOND OR LATE RESPONSE,Dead/Abandoned,False,039,False
390,NEAR_1_DELETION,1,86421403,4869349,PURIGHT,2014-10-12,710,puright,CANCELLED - SECTION 8,Dead/Cancelled,False,,False
390,NEAR_1_SUBSTITUTION,1,85682631,4341402,OUTRIGHT.,2012-07-20,710,outright,CANCELLED - SECTION 8,Dead/Cancelled,False,,False
390,NEAR_1_SUBSTITUTION,1,85682644,,OUTRIGHT.,2012-07-20,606,outright,ABANDONED - NO STATEMENT OF USE FILED,Dead/Abandoned,False,009,False
390,NEAR_1_SUBSTITUTION,1,77940119,4039190,OUTRIGHT,2010-02-19,710,outright,CANCELLED - SECTION 8,Dead/Cancelled,False,,False
390,NEAR_1_SUBSTITUTION,1,77654729,4183583,OUTRIGHT,2009-01-22,710,outright,CANCELLED - SECTION 8,Dead/Cancelled,False,,False
390,NEAR_1_SUBSTITUTION,1,77981923,3986736,OUTRIGHT,2009-01-22,710,outright,CANCELLED - SECTION 8,Dead/Cancelled,False,,False
390,NEAR_1_INSERTION,1,77029706,3281661,PUTTRIGHT,2006-10-26,710,puttright,CANCELLED - SECTION 8,Dead/Cancelled,False,,False
390,NEAR_1_SUBSTITUTION,1,76222009,2510342,OUTRIGHT,2001-03-09,710,outright,CANCELLED - SECTION 8,Dead/Cancelled,False,,False
390,NEAR_1_SUBSTITUTION,1,76222802,2512606,OUTRIGHT,2001-03-09,710,outright,CANCELLED - SECTION 8,Dead/Cancelled,False,,False
390,NEAR_1_SUBSTITUTION,1,76130518,2653332,OUTRIGHT,2000-09-18,710,outright,CANCELLED - SECTION 8,Dead/Cancelled,False,,False
390,NEAR_1_SUBSTITUTION,1,73664109,1637323,OUTRIGHT,1987-06-01,710,outright,CANCELLED - SECTION 8,Dead/Cancelled,False,,False
390,NEAR_1_SUBSTITUTION,1,73664110,1649907,OUTRIGHT,1987-06-01,710,outright,CANCELLED - SECTION 8,Dead/Cancelled,False,,False
390,NEAR_1_SUBSTITUTION,1,73664111,1647149,OUTRIGHT,1987-06-01,710,outright,CANCELLED - SECTION 8,Dead/Cancelled,False,,False
390,NEAR_1_SUBSTITUTION,1,73664112,1636631,OUTRIGHT,1987-06-01,710,outright,CANCELLED - SECTION 8,Dead/Cancelled,False,,False
390,NEAR_1_SUBSTITUTION,1,73606255,1460530,OUTRIGHT,1986-06-25,711,outright,CANCELLED - SECTION 7,Dead/Cancelled,False,,False
391,EXACT,0,97439561,7106225,RIGHT BY YOU,2022-06-02,700,rightbyyou,REGISTERED,Live/Registered,True,045,False
391,EXACT,0,87373886,5456587,RIGHT BY YOU,2017-03-16,702,rightbyyou,SECTION 8 & 15-ACCEPTED AND ACKNOWLEDGED,Live/Registered,True,036,False
391,EXACT,0,85460895,4167309,RIGHT BY YOU,2011-10-31,800,rightbyyou,REGISTERED AND RENEWED,Live/Registered,True,"038,042",False
391,EXACT,0,78313693,2958529,RIGHT BY YOU,2003-10-15,800,rightbyyou,REGISTERED AND RENEWED,Live/Registered,True,036,False
391,EXACT,0,85510265,,RIGHT BY YOU,2012-01-06,606,rightbyyou,ABANDONED - NO STATEMENT OF USE FILED,Dead/Abandoned,False,044,True
391,EXACT,0,78103526,,RIGHT BY YOU,2002-01-18,606,rightbyyou,ABANDONED - NO STATEMENT OF USE FILED,Dead/Abandoned,False,036,False
391,NEAR_1_SUBSTITUTION,1,87165763,,RIGHT BAYOU,2016-09-09,606,rightbayou,ABANDONED - NO STATEMENT OF USE FILED,Dead/Abandoned,False,"041,043",False
392,EXACT,0,98764744,7817739,HONEST WORK,2024-09-23,700,honestwork,REGISTERED,Live/Registered,True,030,False
392,EXACT,0,98425981,,HONEST WORK,2024-02-28,606,honestwork,ABANDONED - NO STATEMENT OF USE FILED,Dead/Abandoned,False,025,False
392,EXACT,0,86490237,,HONEST WORK,2014-12-24,606,honestwork,ABANDONED - NO STATEMENT OF USE FILED,Dead/Abandoned,False,009,False
392,EXACT,0,86490240,,HONEST WORK,2014-12-24,606,honestwork,ABANDONED - NO STATEMENT OF USE FILED,Dead/Abandoned,False,042,False
393,EXACT,0,99829608,,OPENWORK,2026-05-18,630,openwork,NEW APPLICATION - RECORD INITIALIZED NOT ASSIGNED TO EXAMINER,Live/Pending,True,"009,035,041",True
393,EXACT,0,99598578,,OPENWORK,2026-01-16,641,openwork,NON-FINAL ACTION - MAILED,Live/Pending,True,009,False
393,EXACT,0,99598582,,OPENWORK,2026-01-16,641,openwork,NON-FINAL ACTION - MAILED,Live/Pending,True,009,False
393,EXACT,0,97533524,,OPENWORK,2022-08-03,748,openwork,STATEMENT OF USE - TO EXAMINER,Live/Pending,True,009,False
393,EXACT,0,79297282,6383071,OPENWORK,2020-09-28,700,openwork,REGISTERED,Live/Registered,True,"003,008",True
393,EXACT,0,90793507,,OPENWORK,2021-06-24,602,openwork,ABANDONED-FAILURE TO RESPOND OR LATE RESPONSE,Dead/Abandoned,False,035,True
393,NEAR_1_INSERTION,1,98909708,7920370,OPEN WORKS,2024-12-18,700,openworks,REGISTERED,Live/Registered,True,041,False
393,NEAR_1_INSERTION,1,75869986,2393723,OPENWORKS,1999-12-13,800,openworks,REGISTERED AND RENEWED,Live/Registered,True,037,False
393,NEAR_1_INSERTION,1,73777249,1555630,OPENWORKS,1989-01-30,800,openworks,REGISTERED AND RENEWED,Live/Registered,True,009,False
393,NEAR_1_INSERTION,1,97849272,,OPEN WORKS,2023-03-21,602,openworks,ABANDONED-FAILURE TO RESPOND OR LATE RESPONSE,Dead/Abandoned,False,041,False
393,NEAR_1_INSERTION,1,78843424,3446786,OPENWORKS,2006-03-22,710,openworks,CANCELLED - SECTION 8,Dead/Cancelled,False,,False
393,NEAR_1_INSERTION,1,76054488,2467713,OPENWORKS,2000-05-22,710,openworks,CANCELLED - SECTION 8,Dead/Cancelled,False,,False
393,NEAR_1_SUBSTITUTION,1,75867969,2756560,OPENWORX,1999-12-09,710,openworx,CANCELLED - SECTION 8,Dead/Cancelled,False,,False
393,NEAR_1_SUBSTITUTION,1,75509843,,OPENWORD,1998-06-29,601,openword,ABANDONED - EXPRESS,Dead/Abandoned,False,009,False
393,NEAR_1_INSERTION,1,75169743,,OPENWORKS,1996-09-20,602,openworks,ABANDONED-FAILURE TO RESPOND OR LATE RESPONSE,Dead/Abandoned,False,,False
393,NEAR_1_DELETION,1,74337932,1914260,PENWORK,1992-12-04,710,penwork,CANCELLED - SECTION 8,Dead/Cancelled,False,,False
393,NEAR_1_INSERTION,1,74236656,,OPENWORKS,1992-01-10,602,openworks,ABANDONED-FAILURE TO RESPOND OR LATE RESPONSE,Dead/Abandoned,False,,False
393,NEAR_1_SUBSTITUTION,1,74234036,,OPENWORD,1991-12-30,606,openword,ABANDONED - NO STATEMENT OF USE FILED,Dead/Abandoned,False,,False
394,NEAR_1_SUBSTITUTION,1,99860500,,FAIRWORD,2026-06-02,630,fairword,NEW APPLICATION - RECORD INITIALIZED NOT ASSIGNED TO EXAMINER,Live/Pending,True,042,False
394,NEAR_1_DELETION,1,76624360,,AIRWORK,2004-12-09,602,airwork,ABANDONED-FAILURE TO RESPOND OR LATE RESPONSE,Dead/Abandoned,False,011,False
394,NEAR_1_SUBSTITUTION,1,76157671,2519798,A AIRWORK,2000-11-01,710,aairwork,CANCELLED - SECTION 8,Dead/Cancelled,False,,False
394,NEAR_1_SUBSTITUTION,1,75939211,,HAIR@WORK,2000-03-09,606,hairwork,ABANDONED - NO STATEMENT OF USE FILED,Dead/Abandoned,False,"003,041,042",True
394,NEAR_1_SUBSTITUTION,1,73458773,1316129,A AIRWORK,1983-12-27,710,aairwork,CANCELLED - SECTION 8,Dead/Cancelled,False,,False
395,NEAR_1_SUBSTITUTION,1,99159275,,PLAIDWORK,2025-04-28,688,plaidwork,NOTICE OF ALLOWANCE - ISSUED,Live/Pending,True,037,False
395,NEAR_1_SUBSTITUTION,1,75093643,2253932,(PLAIN·WORD),1996-04-24,710,plainword,CANCELLED - SECTION 8,Dead/Cancelled,False,,False
396,EXACT,0,97573182,7683576,GOODWORK,2022-08-31,700,goodwork,REGISTERED,Live/Registered,True,"036,042",False
396,EXACT,0,86025435,4497538,GOODWORK,2013-07-31,800,goodwork,REGISTERED AND RENEWED,Live/Registered,True,036,False
396,EXACT,0,98833575,,GOOD WORK,2024-11-01,606,goodwork,ABANDONED - NO STATEMENT OF USE FILED,Dead/Abandoned,False,009,False
396,EXACT,0,90718791,,GOOD WORK,2021-05-18,606,goodwork,ABANDONED - NO STATEMENT OF USE FILED,Dead/Abandoned,False,025,False
396,EXACT,0,87953090,6066573,GOODWORK,2018-06-07,711,goodwork,CANCELLED - SECTION 7,Dead/Cancelled,False,,False
396,EXACT,0,87953131,6066574,GOODWORK.,2018-06-07,711,goodwork,CANCELLED - SECTION 7,Dead/Cancelled,False,,False
396,EXACT,0,87953189,6066575,GOODWORK.,2018-06-07,711,goodwork,CANCELLED - SECTION 7,Dead/Cancelled,False,,False
396,EXACT,0,86395491,4856627,GOOD WORK,2014-09-15,710,goodwork,CANCELLED - SECTION 8,Dead/Cancelled,False,,False
396,EXACT,0,76230932,2622188,GOODWORK,2001-03-28,710,goodwork,CANCELLED - SECTION 8,Dead/Cancelled,False,,False
396,NEAR_1_SUBSTITUTION,1,99672837,,WOODWORK,2026-02-26,681,woodwork,PUBLICATION/ISSUE REVIEW COMPLETE,Live/Pending,True,016,False
396,NEAR_1_SUBSTITUTION,1,99386248,8187606,WOODWORK,2025-09-10,700,woodwork,REGISTERED,Live/Registered,True,005,True
396,NEAR_1_INSERTION,1,99213356,,GOOD WORKS,2025-06-02,653,goodworks,SUSPENSION LETTER - MAILED,Live/Pending,True,"035,038,041",True
396,NEAR_1_SUBSTITUTION,1,99163299,,GOODWORD,2025-04-30,730,goodword,FIRST EXTENSION - GRANTED,Live/Pending,True,"009,035,042,045",True
396,NEAR_1_SUBSTITUTION,1,98942190,,WOODWORK,2025-01-07,748,woodwork,STATEMENT OF USE - TO EXAMINER,Live/Pending,True,044,True
396,NEAR_1_SUBSTITUTION,1,98602397,7714758,GOOD WORD,2024-06-14,700,goodword,REGISTERED,Live/Registered,True,030,False
396,NEAR_1_DELETION,1,98356782,,GOODWRK,2024-01-14,654,goodwrk,REPORT COMPLETED SUSPENSION CHECK - CASE STILL SUSPENDED,Live/Pending,True,025,False
396,NEAR_1_DELETION,1,97048379,6878602,GOODORK,2021-09-27,700,goodork,REGISTERED,Live/Registered,True,009,False
396,NEAR_1_DELETION,1,90869627,6856232,GOODWRK,2021-08-06,700,goodwrk,REGISTERED,Live/Registered,True,041,False
396,NEAR_1_INSERTION,1,90708136,6848199,GOOD WORKS,2021-05-13,700,goodworks,REGISTERED,Live/Registered,True,010,True
396,NEAR_1_SUBSTITUTION,1,87498070,5753514,WOOD WORK,2017-06-20,701,woodwork,SECTION 8-ACCEPTED,Live/Registered,True,041,False
396,NEAR_1_INSERTION,1,98751745,,GOODWORKS,2024-09-15,602,goodworks,ABANDONED-FAILURE TO RESPOND OR LATE RESPONSE,Dead/Abandoned,False,036,False
396,NEAR_1_SUBSTITUTION,1,97706092,,GOOD WORD,2022-12-06,602,goodword,ABANDONED-FAILURE TO RESPOND OR LATE RESPONSE,Dead/Abandoned,False,030,False
396,NEAR_1_INSERTION,1,90708138,,GOOD WORKS,2021-05-13,602,goodworks,ABANDONED-FAILURE TO RESPOND OR LATE RESPONSE,Dead/Abandoned,False,042,False
396,NEAR_1_INSERTION,1,90193844,,GOOD WORKS,2020-09-19,606,goodworks,ABANDONED - NO STATEMENT OF USE FILED,Dead/Abandoned,False,003,True
396,NEAR_1_INSERTION,1,88490445,,GOODWORKS,2019-06-26,602,goodworks,ABANDONED-FAILURE TO RESPOND OR LATE RESPONSE,Dead/Abandoned,False,044,True
396,NEAR_1_INSERTION,1,88393158,5890916,GOOD WORKS,2019-04-19,710,goodworks,CANCELLED - SECTION 8,Dead/Cancelled,False,,False
396,NEAR_1_DELETION,1,86768875,5120587,#GOODWRK,2015-09-25,710,goodwrk,CANCELLED - SECTION 8,Dead/Cancelled,False,,False
396,NEAR_1_SUBSTITUTION,1,86097353,4633971,WOODWORK,2013-10-21,710,woodwork,CANCELLED - SECTION 8,Dead/Cancelled,False,,False
396,NEAR_1_SUBSTITUTION,1,85647868,4234240,WOODWORK,2012-06-09,710,woodwork,CANCELLED - SECTION 8,Dead/Cancelled,False,,False
396,NEAR_1_INSERTION,1,85633163,,GOOD... WORKS,2012-05-23,602,goodworks,ABANDONED-FAILURE TO RESPOND OR LATE RESPONSE,Dead/Abandoned,False,045,False
396,NEAR_1_SUBSTITUTION,1,85041733,3903628,WOODWORK,2010-05-18,710,woodwork,CANCELLED - SECTION 8,Dead/Cancelled,False,,False
396,NEAR_1_INSERTION,1,77363186,3783191,GOOD WORKS,2008-01-03,710,goodworks,CANCELLED - SECTION 8,Dead/Cancelled,False,,False
396,NEAR_1_INSERTION,1,77045094,3951058,GOOD WORKS,2006-11-15,710,goodworks,CANCELLED - SECTION 8,Dead/Cancelled,False,,False
396,NEAR_1_INSERTION,1,78721664,,GOODWORKS,2005-09-27,602,goodworks,ABANDONED-FAILURE TO RESPOND OR LATE RESPONSE,Dead/Abandoned,False,036,False
396,NEAR_1_INSERTION,1,78720154,,GOODWORKS,2005-09-26,606,goodworks,ABANDONED - NO STATEMENT OF USE FILED,Dead/Abandoned,False,036,False
396,NEAR_1_INSERTION,1,78354845,,GOODWORKS,2004-01-21,602,goodworks,ABANDONED-FAILURE TO RESPOND OR LATE RESPONSE,Dead/Abandoned,False,035,True
396,NEAR_1_DELETION,1,76357572,2852445,GOD@WORK,2002-01-09,710,godwork,CANCELLED - SECTION 8,Dead/Cancelled,False,,False
396,NEAR_1_SUBSTITUTION,1,75774347,,FOOD@WORK,1999-08-12,602,foodwork,ABANDONED-FAILURE TO RESPOND OR LATE RESPONSE,Dead/Abandoned,False,035,True
396,NEAR_1_INSERTION,1,75416403,,GOOD WORKS,1998-01-12,601,goodworks,ABANDONED - EXPRESS,Dead/Abandoned,False,,False
396,NEAR_1_INSERTION,1,75358486,2203904,GOODWORKS,1997-09-17,710,goodworks,CANCELLED - SECTION 8,Dead/Cancelled,False,,False
396,NEAR_1_INSERTION,1,75132227,2126746,GOOD WORKS,1996-07-08,710,goodworks,CANCELLED - SECTION 8,Dead/Cancelled,False,,False
396,NEAR_1_INSERTION,1,74547085,,GOOD WORKS,1994-07-08,606,goodworks,ABANDONED - NO STATEMENT OF USE FILED,Dead/Abandoned,False,,False
396,NEAR_1_INSERTION,1,73385130,1268000,GOOD WORKS,1982-09-13,710,goodworks,CANCELLED - SECTION 8,Dead/Cancelled,False,,False
396,NEAR_1_DELETION,1,73271333,1242240,GOOD WOK,1980-07-23,710,goodwok,CANCELLED - SECTION 8,Dead/Cancelled,False,,False
396,NEAR_1_SUBSTITUTION,1,73189231,1136871,WOODWORK,1978-10-13,710,woodwork,CANCELLED - SECTION 8,Dead/Cancelled,False,,False
398,EXACT,0,88818527,,SOUNDWORK,2020-03-03,606,soundwork,ABANDONED - NO STATEMENT OF USE FILED,Dead/Abandoned,False,009,False
398,NEAR_1_INSERTION,1,99105498,,SOUNDWORKS,2025-03-26,654,soundworks,REPORT COMPLETED SUSPENSION CHECK - CASE STILL SUSPENDED,Live/Pending,True,041,False
398,NEAR_1_SUBSTITUTION,1,87341701,5602088,FOUNDWORK,2017-02-19,701,foundwork,SECTION 8-ACCEPTED,Live/Registered,True,"035,041",True
398,NEAR_1_INSERTION,1,86921512,5054403,SOUNDWORKS,2016-02-26,702,soundworks,SECTION 8 & 15-ACCEPTED AND ACKNOWLEDGED,Live/Registered,True,009,False
398,NEAR_1_INSERTION,1,74547864,1980160,SOUNDWORKS,1994-07-11,800,soundworks,REGISTERED AND RENEWED,Live/Registered,True,009,False
398,NEAR_1_INSERTION,1,74626556,,SOUNDWORKS,1995-01-27,602,soundworks,ABANDONED-FAILURE TO RESPOND OR LATE RESPONSE,Dead/Abandoned,False,,False
398,NEAR_1_INSERTION,1,74280025,1749960,SOUNDWORKS,1992-06-01,710,soundworks,CANCELLED - SECTION 8,Dead/Cancelled,False,,False
399,EXACT,0,98089509,7892853,PROOFED,2023-07-18,700,proofed,REGISTERED,Live/Registered,True,003,True
399,EXACT,0,90538530,6783849,PROOFED,2021-02-22,700,proofed,REGISTERED,Live/Registered,True,041,False
399,EXACT,0,88715406,,PROOFED,2019-12-04,606,proofed,ABANDONED - NO STATEMENT OF USE FILED,Dead/Abandoned,False,003,True
399,EXACT,0,87208132,,PROOFED,2016-10-19,602,proofed,ABANDONED-FAILURE TO RESPOND OR LATE RESPONSE,Dead/Abandoned,False,"009,025",False
399,EXACT,0,86399980,,PROOFED,2014-09-19,606,proofed,ABANDONED - NO STATEMENT OF USE FILED,Dead/Abandoned,False,"020,035",True
399,NEAR_1_SUBSTITUTION,1,79452566,,PROOTED,2026-05-04,630,prooted,NEW APPLICATION - RECORD INITIALIZED NOT ASSIGNED TO EXAMINER,Live/Pending,True,003,True
399,NEAR_1_SUBSTITUTION,1,98596863,8207204,PROOMED,2024-06-12,700,proomed,REGISTERED,Live/Registered,True,021,True
399,NEAR_1_DELETION,1,77261257,3616788,PROFED,2007-08-22,800,profed,REGISTERED AND RENEWED,Live/Registered,True,036,False
399,NEAR_1_SUBSTITUTION,1,73530594,1360369,PROOF-ER,1985-04-04,800,proofer,REGISTERED AND RENEWED,Live/Registered,True,009,False
399,NEAR_1_INSERTION,1,85971992,4478008,APROOFED,2013-06-27,710,aproofed,CANCELLED - SECTION 8,Dead/Cancelled,False,,False
399,NEAR_1_INSERTION,1,85972064,4484534,APROOFED,2013-06-27,710,aproofed,CANCELLED - SECTION 8,Dead/Cancelled,False,,False
399,NEAR_1_DELETION,1,77553049,3704233,PRO FED,2008-08-21,710,profed,CANCELLED - SECTION 8,Dead/Cancelled,False,,False
399,NEAR_1_DELETION,1,77199286,3483225,PRO FED,2007-06-06,710,profed,CANCELLED - SECTION 8,Dead/Cancelled,False,,False
399,NEAR_1_SUBSTITUTION,1,75320831,,PROOFER,1997-07-08,603,proofer,ABANDONED - AFTER EX PARTE APPEAL,Dead/Abandoned,False,009,False
400,NEAR_1_DELETION,1,99919209,,PROOF,2026-07-02,630,proof,NEW APPLICATION - RECORD INITIALIZED NOT ASSIGNED TO EXAMINER,Live/Pending,True,003,True
400,NEAR_1_DELETION,1,99813163,,PROOF,2026-05-09,630,proof,NEW APPLICATION - RECORD INITIALIZED NOT ASSIGNED TO EXAMINER,Live/Pending,True,035,True
400,NEAR_1_DELETION,1,99777760,,PROOF,2026-04-21,630,proof,NEW APPLICATION - RECORD INITIALIZED NOT ASSIGNED TO EXAMINER,Live/Pending,True,"035,042",True
400,NEAR_1_DELETION,1,99774862,,PROOF.,2026-04-20,630,proof,NEW APPLICATION - RECORD INITIALIZED NOT ASSIGNED TO EXAMINER,Live/Pending,True,025,False
400,NEAR_1_DELETION,1,99690617,,PROOF.,2026-03-09,630,proof,NEW APPLICATION - RECORD INITIALIZED NOT ASSIGNED TO EXAMINER,Live/Pending,True,"009,044",True
400,NEAR_1_DELETION,1,99571527,,PROOF,2025-12-30,641,proof,NON-FINAL ACTION - MAILED,Live/Pending,True,"035,042",True
400,NEAR_1_SUBSTITUTION,1,99475649,,PROOF 8,2025-11-03,688,proof8,NOTICE OF ALLOWANCE - ISSUED,Live/Pending,True,042,False
400,NEAR_1_SUBSTITUTION,1,98908363,,PROOF 8,2024-12-17,645,proof8,FINAL REFUSAL - MAILED,Live/Pending,True,042,False
400,NEAR_1_DELETION,1,98742589,,PROOF,2024-09-10,748,proof,STATEMENT OF USE - TO EXAMINER,Live/Pending,True,"037,042",False
400,NEAR_1_DELETION,1,98688169,,PROOF,2024-08-08,654,proof,REPORT COMPLETED SUSPENSION CHECK - CASE STILL SUSPENDED,Live/Pending,True,025,False
400,NEAR_1_SUBSTITUTION,1,98535006,7774305,PROOF3,2024-05-06,700,proof3,REGISTERED,Live/Registered,True,041,False
400,NEAR_1_SUBSTITUTION,1,98427282,,PROOFS,2024-02-29,645,proofs,FINAL REFUSAL - MAILED,Live/Pending,True,"009,042",False
400,NEAR_1_DELETION,1,98393206,,PROOF,2024-02-06,686,proof,PUBLISHED FOR OPPOSITION,Live/Pending,True,035,True
400,NEAR_1_DELETION,1,98353744,,PROOF,2024-01-11,686,proof,PUBLISHED FOR OPPOSITION,Live/Pending,True,035,True
400,NEAR_1_SUBSTITUTION,1,98341821,7572149,PROOFY,2024-01-04,700,proofy,REGISTERED,Live/Registered,True,016,False
400,NEAR_1_DELETION,1,98206273,8196845,PROOF,2023-10-02,700,proof,REGISTERED,Live/Registered,True,042,False
400,NEAR_1_DELETION,1,98187414,,PROOF,2023-09-19,688,proof,NOTICE OF ALLOWANCE - ISSUED,Live/Pending,True,035,True
400,NEAR_1_DELETION,1,98143318,7479444,PROOF,2023-08-21,700,proof,REGISTERED,Live/Registered,True,009,False
400,NEAR_1_INSERTION,1,98089509,7892853,PROOFED,2023-07-18,700,proofed,REGISTERED,Live/Registered,True,003,True
400,NEAR_1_DELETION,1,98053797,,PROOF,2023-06-21,688,proof,NOTICE OF ALLOWANCE - ISSUED,Live/Pending,True,"035,041",True
400,NEAR_1_DELETION,1,97907602,7566772,PROOF,2023-04-26,700,proof,REGISTERED,Live/Registered,True,008,False
400,NEAR_1_DELETION,1,97882287,,PROOF,2023-04-11,688,proof,NOTICE OF ALLOWANCE - ISSUED,Live/Pending,True,"035,041",True
400,NEAR_1_DELETION,1,97687672,7683623,PROOF,2022-11-22,700,proof,REGISTERED,Live/Registered,True,009,False
400,NEAR_1_DELETION,1,97665344,7734830,PROOF,2022-11-07,700,proof,REGISTERED,Live/Registered,True,030,False
400,NEAR_1_DELETION,1,97551291,7180564,PROOF,2022-08-16,700,proof,REGISTERED,Live/Registered,True,009,False
400,NEAR_1_DELETION,1,97259371,7128524,PROOF,2022-02-09,700,proof,REGISTERED,Live/Registered,True,042,False
400,NEAR_1_SUBSTITUTION,1,97145592,6940749,PROOSD,2021-11-29,700,proosd,REGISTERED,Live/Registered,True,009,False
400,NEAR_1_DELETION,1,97007018,7051780,PROOF,2021-09-01,700,proof,REGISTERED,Live/Registered,True,036,False
400,NEAR_1_DELETION,1,90562061,6867395,PROOF,2021-03-05,700,proof,REGISTERED,Live/Registered,True,042,False
400,NEAR_1_INSERTION,1,90538530,6783849,PROOFED,2021-02-22,700,proofed,REGISTERED,Live/Registered,True,041,False
400,NEAR_1_DELETION,1,88933438,6660441,PROOF,2020-05-26,700,proof,REGISTERED,Live/Registered,True,045,False
400,NEAR_1_DELETION,1,79302846,6661824,PROOF,2020-05-25,700,proof,REGISTERED,Live/Registered,True,"035,042",True
400,NEAR_1_DELETION,1,88436210,5953687,PROOF,2019-05-17,700,proof,REGISTERED,Live/Registered,True,035,True
400,NEAR_1_DELETION,1,88318342,6009361,PROOF.,2019-02-27,702,proof,SECTION 8 & 15-ACCEPTED AND ACKNOWLEDGED,Live/Registered,True,005,True
400,NEAR_1_DELETION,1,88980908,6343512,PROOF,2018-12-14,700,proof,REGISTERED,Live/Registered,True,042,False
400,NEAR_1_DELETION,1,87980627,5783345,PROOF,2018-03-22,702,proof,SECTION 8 & 15-ACCEPTED AND ACKNOWLEDGED,Live/Registered,True,"035,042",True
400,NEAR_1_DELETION,1,87697782,5734793,PROOF!,2017-11-27,702,proof,SECTION 8 & 15-ACCEPTED AND ACKNOWLEDGED,Live/Registered,True,028,False
400,NEAR_1_DELETION,1,87698517,5776495,PROOF,2017-11-27,702,proof,SECTION 8 & 15-ACCEPTED AND ACKNOWLEDGED,Live/Registered,True,045,False
400,NEAR_1_DELETION,1,87637579,5809907,PROOF,2017-10-08,702,proof,SECTION 8 & 15-ACCEPTED AND ACKNOWLEDGED,Live/Registered,True,041,False
400,NEAR_1_DELETION,1,87454661,5359442,PROOF,2017-05-18,701,proof,SECTION 8-ACCEPTED,Live/Registered,True,042,False
400,NEAR_1_DELETION,1,87254566,5318612,PROOF,2016-12-02,701,proof,SECTION 8-ACCEPTED,Live/Registered,True,021,True
400,NEAR_1_DELETION,1,86981479,5392404,PROOF,2016-03-29,790,proof,CANCELLATION PENDING,Live/Registered,True,"005,009,042,044",True
400,NEAR_1_SUBSTITUTION,1,86810006,4992695,PROOFN,2015-11-05,800,proofn,REGISTERED AND RENEWED,Live/Registered,True,038,False
400,NEAR_1_DELETION,1,86694931,4901741,PROOF,2015-07-16,800,proof,REGISTERED AND RENEWED,Live/Registered,True,036,False
400,NEAR_1_DELETION,1,86565903,4953902,PROOF,2015-03-16,702,proof,SECTION 8 & 15-ACCEPTED AND ACKNOWLEDGED,Live/Registered,True,042,False
400,NEAR_1_DELETION,1,86261758,4899093,PROOF,2014-04-24,800,proof,REGISTERED AND RENEWED,Live/Registered,True,041,False
400,NEAR_1_DELETION,1,86065783,4542641,PROOF,2013-09-16,800,proof,REGISTERED AND RENEWED,Live/Registered,True,013,False
400,NEAR_1_DELETION,1,86047585,4540670,PROOF,2013-08-26,800,proof,REGISTERED AND RENEWED,Live/Registered,True,005,True
400,NEAR_1_DELETION,1,85973443,4542250,PROOF,2013-06-28,800,proof,REGISTERED AND RENEWED,Live/Registered,True,013,False
400,NEAR_1_DELETION,1,85970955,4633402,PROOF,2013-06-26,800,proof,REGISTERED AND RENEWED,Live/Registered,True,"041,044",True
400,NEAR_1_DELETION,1,85889746,4535899,PROOF,2013-03-28,800,proof,REGISTERED AND RENEWED,Live/Registered,True,033,False
400,NEAR_1_DELETION,1,77058110,3289974,PROOF,2006-12-06,800,proof,REGISTERED AND RENEWED,Live/Registered,True,043,False
400,NEAR_1_DELETION,1,75689850,2594759,PROOF,1999-04-23,800,proof,REGISTERED AND RENEWED,Live/Registered,True,016,False
400,NEAR_1_DELETION,1,74057596,1708206,PROOF,1990-05-10,800,proof,REGISTERED AND RENEWED,Live/Registered,True,019,False
400,NEAR_1_DELETION,1,99258833,,PROOF,2025-06-29,602,proof,ABANDONED-FAILURE TO RESPOND OR LATE RESPONSE,Dead/Abandoned,False,"003,010",True
400,NEAR_1_DELETION,1,99251467,,PROOF,2025-06-25,602,proof,ABANDONED-FAILURE TO RESPOND OR LATE RESPONSE,Dead/Abandoned,False,,False
400,NEAR_1_DELETION,1,98644242,,{PR}OOF,2024-07-11,606,proof,ABANDONED - NO STATEMENT OF USE FILED,Dead/Abandoned,False,042,False
400,NEAR_1_DELETION,1,98420752,,PROOF,2024-02-26,602,proof,ABANDONED-FAILURE TO RESPOND OR LATE RESPONSE,Dead/Abandoned,False,018,False
400,NEAR_1_DELETION,1,98420842,,PROOF,2024-02-26,602,proof,ABANDONED-FAILURE TO RESPOND OR LATE RESPONSE,Dead/Abandoned,False,018,False
400,NEAR_1_DELETION,1,98393226,,PROOF,2024-02-06,606,proof,ABANDONED - NO STATEMENT OF USE FILED,Dead/Abandoned,False,041,False
400,NEAR_1_DELETION,1,98393231,,PROOF,2024-02-06,602,proof,ABANDONED-FAILURE TO RESPOND OR LATE RESPONSE,Dead/Abandoned,False,042,False
400,NEAR_1_DELETION,1,98353751,,PROOF,2024-01-11,606,proof,ABANDONED - NO STATEMENT OF USE FILED,Dead/Abandoned,False,041,False
400,NEAR_1_DELETION,1,98353758,,PROOF,2024-01-11,602,proof,ABANDONED-FAILURE TO RESPOND OR LATE RESPONSE,Dead/Abandoned,False,042,False
400,NEAR_1_DELETION,1,98272491,,PROOF,2023-11-15,602,proof,ABANDONED-FAILURE TO RESPOND OR LATE RESPONSE,Dead/Abandoned,False,036,False
400,NEAR_1_DELETION,1,97725109,,PROOF,2022-12-20,606,proof,ABANDONED - NO STATEMENT OF USE FILED,Dead/Abandoned,False,"009,035,038,042",True
400,NEAR_1_DELETION,1,97690667,,PROOF,2022-11-23,602,proof,ABANDONED-FAILURE TO RESPOND OR LATE RESPONSE,Dead/Abandoned,False,044,True
400,NEAR_1_DELETION,1,97573542,,PROOF,2022-08-31,602,proof,ABANDONED-FAILURE TO RESPOND OR LATE RESPONSE,Dead/Abandoned,False,009,False
400,NEAR_1_DELETION,1,97535913,,PROOF,2022-08-04,606,proof,ABANDONED - NO STATEMENT OF USE FILED,Dead/Abandoned,False,"035,041,045",True
400,NEAR_1_DELETION,1,97508323,,PROOF,2022-07-18,606,proof,ABANDONED - NO STATEMENT OF USE FILED,Dead/Abandoned,False,035,True
400,NEAR_1_DELETION,1,97256398,,PROOF,2022-02-07,604,proof,ABANDONED - AFTER INTER-PARTES DECISION,Dead/Abandoned,False,,False
400,NEAR_1_SUBSTITUTION,1,97014498,,PROOF°1,2021-09-07,602,proof1,ABANDONED-FAILURE TO RESPOND OR LATE RESPONSE,Dead/Abandoned,False,025,False
400,NEAR_1_DELETION,1,97004889,,PROOF,2021-08-31,606,proof,ABANDONED - NO STATEMENT OF USE FILED,Dead/Abandoned,False,"041,042",False
400,NEAR_1_DELETION,1,90587960,,PROOF,2021-03-18,606,proof,ABANDONED - NO STATEMENT OF USE FILED,Dead/Abandoned,False,"005,010",True
400,NEAR_1_DELETION,1,88962314,,PROOF,2020-06-12,603,proof,ABANDONED - AFTER EX PARTE APPEAL,Dead/Abandoned,False,043,False
400,NEAR_1_DELETION,1,88962401,,PROOF,2020-06-12,603,proof,ABANDONED - AFTER EX PARTE APPEAL,Dead/Abandoned,False,043,False
400,NEAR_1_DELETION,1,88962481,,PROOF,2020-06-12,603,proof,ABANDONED - AFTER EX PARTE APPEAL,Dead/Abandoned,False,043,False
400,NEAR_1_DELETION,1,88956329,,PROOF,2020-06-09,602,proof,ABANDONED-FAILURE TO RESPOND OR LATE RESPONSE,Dead/Abandoned,False,030,False
400,NEAR_1_DELETION,1,88933422,,PROOF,2020-05-26,606,proof,ABANDONED - NO STATEMENT OF USE FILED,Dead/Abandoned,False,045,False
400,NEAR_1_DELETION,1,88784910,,PROOF,2020-02-04,602,proof,ABANDONED-FAILURE TO RESPOND OR LATE RESPONSE,Dead/Abandoned,False,042,False
400,NEAR_1_INSERTION,1,88715406,,PROOFED,2019-12-04,606,proofed,ABANDONED - NO STATEMENT OF USE FILED,Dead/Abandoned,False,003,True
400,NEAR_1_DELETION,1,88696790,,PROOF,2019-11-18,606,proof,ABANDONED - NO STATEMENT OF USE FILED,Dead/Abandoned,False,034,False
400,NEAR_1_DELETION,1,88696810,,PROOF,2019-11-18,602,proof,ABANDONED-FAILURE TO RESPOND OR LATE RESPONSE,Dead/Abandoned,False,005,True
400,NEAR_1_DELETION,1,88693060,,PROOF,2019-11-14,603,proof,ABANDONED - AFTER EX PARTE APPEAL,Dead/Abandoned,False,"035,041,044",True
400,NEAR_1_DELETION,1,88683131,,PROOF,2019-11-07,602,proof,ABANDONED-FAILURE TO RESPOND OR LATE RESPONSE,Dead/Abandoned,False,"003,005,009,014,016,018,021,022,025,026,028,030,041",True
400,NEAR_1_DELETION,1,88229566,,PROOF,2018-12-14,606,proof,ABANDONED - NO STATEMENT OF USE FILED,Dead/Abandoned,False,009,False
400,NEAR_1_DELETION,1,87905856,,PROOF,2018-05-03,602,proof,ABANDONED-FAILURE TO RESPOND OR LATE RESPONSE,Dead/Abandoned,False,030,False
400,NEAR_1_DELETION,1,87872741,,PROOF,2018-04-11,602,proof,ABANDONED-FAILURE TO RESPOND OR LATE RESPONSE,Dead/Abandoned,False,033,False
400,NEAR_1_DELETION,1,87867453,,PROOF,2018-04-08,602,proof,ABANDONED-FAILURE TO RESPOND OR LATE RESPONSE,Dead/Abandoned,False,014,False
400,NEAR_1_DELETION,1,87846342,,PROOF,2018-03-22,606,proof,ABANDONED - NO STATEMENT OF USE FILED,Dead/Abandoned,False,035,True
400,NEAR_1_DELETION,1,87979833,5717945,PROOF,2018-03-22,711,proof,CANCELLED - SECTION 7,Dead/Cancelled,False,,False
400,NEAR_1_DELETION,1,87792982,,PROOF,2018-02-10,606,proof,ABANDONED - NO STATEMENT OF USE FILED,Dead/Abandoned,False,018,False
400,NEAR_1_DELETION,1,87698539,5776496,PROOF,2017-11-27,710,proof,CANCELLED - SECTION 8,Dead/Cancelled,False,,False
400,NEAR_1_DELETION,1,87531038,5870783,PROOF,2017-07-17,710,proof,CANCELLED - SECTION 8,Dead/Cancelled,False,,False
400,NEAR_1_DELETION,1,87506134,,PROOF,2017-06-26,602,proof,ABANDONED-FAILURE TO RESPOND OR LATE RESPONSE,Dead/Abandoned,False,041,False
400,NEAR_1_DELETION,1,87323429,,PROOF,2017-02-03,602,proof,ABANDONED-FAILURE TO RESPOND OR LATE RESPONSE,Dead/Abandoned,False,025,False
400,NEAR_1_DELETION,1,87282921,5618065,PROOF,2016-12-28,710,proof,CANCELLED - SECTION 8,Dead/Cancelled,False,,False
400,NEAR_1_DELETION,1,87282938,5602005,PROOF,2016-12-28,710,proof,CANCELLED - SECTION 8,Dead/Cancelled,False,,False
400,NEAR_1_DELETION,1,87265788,,PROOF,2016-12-12,606,proof,ABANDONED - NO STATEMENT OF USE FILED,Dead/Abandoned,False,"009,010,044",True
400,NEAR_1_INSERTION,1,87208132,,PROOFED,2016-10-19,602,proofed,ABANDONED-FAILURE TO RESPOND OR LATE RESPONSE,Dead/Abandoned,False,"009,025",False
400,NEAR_1_DELETION,1,87012799,,PROOF,2016-04-25,602,proof,ABANDONED-FAILURE TO RESPOND OR LATE RESPONSE,Dead/Abandoned,False,030,False
400,NEAR_1_DELETION,1,86956174,,PROOF,2016-03-29,602,proof,ABANDONED-FAILURE TO RESPOND OR LATE RESPONSE,Dead/Abandoned,False,025,False
400,NEAR_1_DELETION,1,76718889,,PROOF,2016-01-20,602,proof,ABANDONED-FAILURE TO RESPOND OR LATE RESPONSE,Dead/Abandoned,False,035,True
400,NEAR_1_DELETION,1,86825278,,PROOF,2015-11-18,603,proof,ABANDONED - AFTER EX PARTE APPEAL,Dead/Abandoned,False,041,False
400,NEAR_1_DELETION,1,86724116,4994825,PROOF,2015-08-13,710,proof,CANCELLED - SECTION 8,Dead/Cancelled,False,,False
400,NEAR_1_SUBSTITUTION,1,79162392,4887284,PROOF3,2015-01-27,404,proof3,IR CANCELLED; US REGISTRATION CANCELLED,Dead/Cancelled,False,,False
400,NEAR_1_DELETION,1,86437618,,PROOF,2014-10-28,602,proof,ABANDONED-FAILURE TO RESPOND OR LATE RESPONSE,Dead/Abandoned,False,043,False
400,NEAR_1_INSERTION,1,86399980,,PROOFED,2014-09-19,606,proofed,ABANDONED - NO STATEMENT OF USE FILED,Dead/Abandoned,False,"020,035",True
400,NEAR_1_DELETION,1,86006614,4599851,PROOF.,2013-07-10,710,proof,CANCELLED - SECTION 8,Dead/Cancelled,False,,False
400,NEAR_1_DELETION,1,86000084,4484641,PROOF!,2013-07-01,710,proof,CANCELLED - SECTION 8,Dead/Cancelled,False,,False
400,NEAR_1_DELETION,1,85973472,4478110,PROOF,2013-06-28,710,proof,CANCELLED - SECTION 8,Dead/Cancelled,False,,False
400,NEAR_1_DELETION,1,85862939,,PROOF,2013-02-28,602,proof,ABANDONED-FAILURE TO RESPOND OR LATE RESPONSE,Dead/Abandoned,False,025,False
400,NEAR_1_DELETION,1,85835207,4861693,PROOF,2013-01-29,710,proof,CANCELLED - SECTION 8,Dead/Cancelled,False,,False
400,NEAR_1_DELETION,1,85804767,4376000,PROOF,2012-12-17,710,proof,CANCELLED - SECTION 8,Dead/Cancelled,False,,False
400,NEAR_1_DELETION,1,85758568,,PROOF,2012-10-19,602,proof,ABANDONED-FAILURE TO RESPOND OR LATE RESPONSE,Dead/Abandoned,False,019,False
400,NEAR_1_SUBSTITUTION,1,79123943,4513048,PROOFF,2012-08-23,404,prooff,IR CANCELLED; US REGISTRATION CANCELLED,Dead/Cancelled,False,,False
400,NEAR_1_DELETION,1,85513818,,PROOF,2012-01-11,602,proof,ABANDONED-FAILURE TO RESPOND OR LATE RESPONSE,Dead/Abandoned,False,032,False
400,NEAR_1_DELETION,1,85381965,,PROOF,2011-07-27,606,proof,ABANDONED - NO STATEMENT OF USE FILED,Dead/Abandoned,False,028,False
400,NEAR_1_DELETION,1,77540411,,PROOF!,2008-08-06,606,proof,ABANDONED - NO STATEMENT OF USE FILED,Dead/Abandoned,False,039,False
400,NEAR_1_DELETION,1,77405877,,PROOF,2008-02-26,606,proof,ABANDONED - NO STATEMENT OF USE FILED,Dead/Abandoned,False,041,False
400,NEAR_1_DELETION,1,77238958,3414281,PROOF,2007-07-25,710,proof,CANCELLED - SECTION 8,Dead/Cancelled,False,,False
400,NEAR_1_DELETION,1,76679839,,PROOF,2007-07-23,606,proof,ABANDONED - NO STATEMENT OF USE FILED,Dead/Abandoned,False,009,False
400,NEAR_1_DELETION,1,77131241,3355304,PROOF,2007-03-14,710,proof,CANCELLED - SECTION 8,Dead/Cancelled,False,,False
400,NEAR_1_DELETION,1,78932360,3337380,PROOF,2006-07-18,710,proof,CANCELLED - SECTION 8,Dead/Cancelled,False,,False
400,NEAR_1_DELETION,1,78565214,,PROOF,2005-02-10,606,proof,ABANDONED - NO STATEMENT OF USE FILED,Dead/Abandoned,False,"033,043",False
400,NEAR_1_DELETION,1,76272876,2536455,PROOF,2001-06-18,710,proof,CANCELLED - SECTION 8,Dead/Cancelled,False,,False
400,NEAR_1_DELETION,1,76024921,,PROOF,2000-04-13,602,proof,ABANDONED-FAILURE TO RESPOND OR LATE RESPONSE,Dead/Abandoned,False,037,False
400,NEAR_1_DELETION,1,76018686,,PROOF!,2000-04-05,602,proof,ABANDONED-FAILURE TO RESPOND OR LATE RESPONSE,Dead/Abandoned,False,042,False
400,NEAR_1_SUBSTITUTION,1,75868225,,PROOF 9,1999-12-08,602,proof9,ABANDONED-FAILURE TO RESPOND OR LATE RESPONSE,Dead/Abandoned,False,"009,036",False
400,NEAR_1_DELETION,1,75838594,2619375,PROOF,1999-11-04,710,proof,CANCELLED - SECTION 8,Dead/Cancelled,False,,False
400,NEAR_1_DELETION,1,75617561,,PRO-FD,1999-01-08,606,profd,ABANDONED - NO STATEMENT OF USE FILED,Dead/Abandoned,False,009,False
400,NEAR_1_SUBSTITUTION,1,75613227,,PROOF P,1998-12-29,602,proofp,ABANDONED-FAILURE TO RESPOND OR LATE RESPONSE,Dead/Abandoned,False,"009,041",False
400,NEAR_1_DELETION,1,75159426,2282395,PROOF,1996-09-03,710,proof,CANCELLED - SECTION 8,Dead/Cancelled,False,,False
400,NEAR_1_DELETION,1,75055640,,PROOF,1996-02-09,606,proof,ABANDONED - NO STATEMENT OF USE FILED,Dead/Abandoned,False,,False
400,NEAR_1_DELETION,1,73626042,1442362,PROOF,1986-10-20,710,proof,CANCELLED - SECTION 8,Dead/Cancelled,False,,False
400,NEAR_1_DELETION,1,73624096,1443497,PROOF,1986-10-03,710,proof,CANCELLED - SECTION 8,Dead/Cancelled,False,,False
400,NEAR_1_DELETION,1,73315128,1253447,PROOF,1981-06-17,710,proof,CANCELLED - SECTION 8,Dead/Cancelled,False,,False
400,NEAR_1_DELETION,1,73179403,1133292,PROOF,1978-07-24,710,proof,CANCELLED - SECTION 8,Dead/Cancelled,False,,False
400,NEAR_1_DELETION,1,73125255,1080739,PROOF,1977-05-04,710,proof,CANCELLED - SECTION 8,Dead/Cancelled,False,,False
400,NEAR_1_DELETION,1,73062168,1045110,PROOF,1975-09-05,900,proof,EXPIRED,Dead/Expired,False,,False
400,NEAR_1_SUBSTITUTION,1,72363187,0907588,PROOFS,1970-06-19,710,proofs,CANCELLED - SECTION 8,Dead/Cancelled,False,,False
400,NEAR_1_DELETION,1,72262672,0846144,PROOF,1967-01-17,900,proof,EXPIRED,Dead/Expired,False,,False
400,NEAR_1_DELETION,1,72137852,0763345,PROOF,1962-02-13,900,proof,EXPIRED,Dead/Expired,False,,False
401,NEAR_1_SUBSTITUTION,1,97911753,7397639,PANLY,2023-04-28,700,panly,REGISTERED,Live/Registered,True,014,False
401,NEAR_1_SUBSTITUTION,1,97911758,7397642,PANLY,2023-04-28,700,panly,REGISTERED,Live/Registered,True,018,False
401,NEAR_1_SUBSTITUTION,1,97911772,7397646,PANLY,2023-04-28,700,panly,REGISTERED,Live/Registered,True,025,False
401,NEAR_1_SUBSTITUTION,1,97191095,6967617,PENLY,2021-12-27,700,penly,REGISTERED,Live/Registered,True,009,False
401,NEAR_1_SUBSTITUTION,1,90114194,6313320,PLFLY,2020-08-14,700,plfly,REGISTERED,Live/Registered,True,011,False
401,NEAR_1_DELETION,1,90064836,6324444,LNLY,2020-07-21,700,lnly,REGISTERED,Live/Registered,True,025,False
401,NEAR_1_SUBSTITUTION,1,98967638,,PINLY,2025-01-16,606,pinly,ABANDONED - NO STATEMENT OF USE FILED,Dead/Abandoned,False,"009,042",False
401,NEAR_1_SUBSTITUTION,1,90546196,,CLNLY,2021-02-25,602,clnly,ABANDONED-FAILURE TO RESPOND OR LATE RESPONSE,Dead/Abandoned,False,005,True
401,NEAR_1_SUBSTITUTION,1,78285384,2903324,PINLY,2003-08-09,710,pinly,CANCELLED - SECTION 8,Dead/Cancelled,False,,False
402,EXACT,0,99852902,,MEANT,2026-05-29,630,meant,NEW APPLICATION - RECORD INITIALIZED NOT ASSIGNED TO EXAMINER,Live/Pending,True,044,True
402,EXACT,0,99852917,,MEANT,2026-05-29,630,meant,NEW APPLICATION - RECORD INITIALIZED NOT ASSIGNED TO EXAMINER,Live/Pending,True,005,True
402,EXACT,0,99589490,,MEANT,2026-01-12,680,meant,APPROVED FOR PUBLICATION,Live/Pending,True,"009,045",False
402,EXACT,0,88050714,5709187,MEANT,2018-07-24,702,meant,SECTION 8 & 15-ACCEPTED AND ACKNOWLEDGED,Live/Registered,True,035,True
402,EXACT,0,86790695,5938246,MEANT,2015-10-16,710,meant,CANCELLED - SECTION 8,Dead/Cancelled,False,,False
402,EXACT,0,86982406,5229273,MEANT,2015-10-16,710,meant,CANCELLED - SECTION 8,Dead/Cancelled,False,,False
402,NEAR_1_SUBSTITUTION,1,99391079,,TEANT,2025-09-13,688,teant,NOTICE OF ALLOWANCE - ISSUED,Live/Pending,True,009,False
402,NEAR_1_SUBSTITUTION,1,99292763,,TEANT,2025-07-20,688,teant,NOTICE OF ALLOWANCE - ISSUED,Live/Pending,True,011,False
402,NEAR_1_DELETION,1,79431119,,MáNT,2025-07-10,641,mant,NON-FINAL ACTION - MAILED,Live/Pending,True,"003,014,016,018,025,030,032",True
402,NEAR_1_SUBSTITUTION,1,79444420,,MA ANT,2025-04-01,686,maant,PUBLISHED FOR OPPOSITION,Live/Pending,True,"007,008,009",False
402,NEAR_1_SUBSTITUTION,1,98856991,7917073,TEANT,2024-11-15,700,teant,REGISTERED,Live/Registered,True,007,False
402,NEAR_1_SUBSTITUTION,1,98709036,7793707,TEANT,2024-08-21,700,teant,REGISTERED,Live/Registered,True,"010,020",True
402,NEAR_1_DELETION,1,98678881,7762156,MEAT,2024-08-01,700,meat,REGISTERED,Live/Registered,True,028,False
402,NEAR_1_SUBSTITUTION,1,98622318,7863836,TEANT,2024-06-27,700,teant,REGISTERED,Live/Registered,True,007,False
402,NEAR_1_DELETION,1,79399166,7781274,MENT,2024-03-15,700,ment,REGISTERED,Live/Registered,True,"009,035,042,045",True
402,NEAR_1_DELETION,1,98144042,,M.E.A.T.,2023-08-22,973,meat,SUSPENDED PENDING ADMINISTRATIVE REVIEW,Live/Pending,True,025,False
402,NEAR_1_DELETION,1,98113843,7461516,MEAN$,2023-08-02,700,mean,REGISTERED,Live/Registered,True,028,False
402,NEAR_1_SUBSTITUTION,1,97909354,7322709,TEANT,2023-04-26,700,teant,REGISTERED,Live/Registered,True,028,False
402,NEAR_1_DELETION,1,79353920,7312411,_MENT,2022-08-09,700,ment,REGISTERED,Live/Registered,True,"009,035,042,045",True
402,NEAR_1_SUBSTITUTION,1,97197135,6963673,MESNT,2021-12-30,700,mesnt,REGISTERED,Live/Registered,True,014,False
402,NEAR_1_DELETION,1,97169307,6942990,MEAT,2021-12-13,700,meat,REGISTERED,Live/Registered,True,035,True
402,NEAR_1_DELETION,1,97143033,6935796,E-ANT,2021-11-25,700,eant,REGISTERED,Live/Registered,True,009,False
402,NEAR_1_SUBSTITUTION,1,97032840,6871706,MEANS,2021-09-17,700,means,REGISTERED,Live/Registered,True,041,False
402,NEAR_1_SUBSTITUTION,1,79318481,6874597,MA ANT,2021-07-19,700,maant,REGISTERED,Live/Registered,True,008,False
402,NEAR_1_DELETION,1,90711183,6736078,E-ANT,2021-05-14,700,eant,REGISTERED,Live/Registered,True,009,False
402,NEAR_1_DELETION,1,90711217,6736082,E-ANT,2021-05-14,700,eant,REGISTERED,Live/Registered,True,016,False
402,NEAR_1_DELETION,1,90633287,6867611,MEAT,2021-04-08,700,meat,REGISTERED,Live/Registered,True,018,False
402,NEAR_1_SUBSTITUTION,1,90599061,6651983,MR.ANT,2021-03-24,700,mrant,REGISTERED,Live/Registered,True,025,False
402,NEAR_1_SUBSTITUTION,1,90436716,6470959,MAANT,2020-12-31,700,maant,REGISTERED,Live/Registered,True,006,False
402,NEAR_1_DELETION,1,90306393,6635905,MENT,2020-11-09,700,ment,REGISTERED,Live/Registered,True,044,True
402,NEAR_1_DELETION,1,88666772,6058660,MEAN,2019-10-24,700,mean,REGISTERED,Live/Registered,True,013,False
402,NEAR_1_SUBSTITUTION,1,88556215,6006418,NEANT,2019-07-31,700,neant,REGISTERED,Live/Registered,True,009,False
402,NEAR_1_DELETION,1,88427079,5919867,MEAT,2019-05-13,701,meat,SECTION 8-ACCEPTED,Live/Registered,True,041,False
402,NEAR_1_DELETION,1,88314609,5963182,MEAT,2019-02-25,701,meat,SECTION 8-ACCEPTED,Live/Registered,True,025,False
402,NEAR_1_DELETION,1,88118667,6936938,MEATØ,2018-09-15,700,meat,REGISTERED,Live/Registered,True,029,False
402,NEAR_1_SUBSTITUTION,1,87947545,6635292,MYANT,2018-06-04,700,myant,REGISTERED,Live/Registered,True,"009,010,024,025,038,042",True
402,NEAR_1_DELETION,1,87910655,5910683,MEAT,2018-05-08,701,meat,SECTION 8-ACCEPTED,Live/Registered,True,035,True
402,NEAR_1_DELETION,1,87811058,6059237,MENT,2018-02-26,700,ment,REGISTERED,Live/Registered,True,"025,035,042",True
402,NEAR_1_SUBSTITUTION,1,87801370,5570116,MEANS,2018-02-16,702,means,SECTION 8 & 15-ACCEPTED AND ACKNOWLEDGED,Live/Registered,True,012,False
402,NEAR_1_DELETION,1,87483597,5439736,MEAT,2017-06-11,701,meat,SECTION 8-ACCEPTED,Live/Registered,True,025,False
402,NEAR_1_INSERTION,1,87230862,5315064,MEWANT,2016-11-09,704,mewant,PARTIAL SECTION 8 ACCEPTED,Live/Registered,True,012,False
402,NEAR_1_SUBSTITUTION,1,86814862,4992820,MEANS,2015-11-10,800,means,REGISTERED AND RENEWED,Live/Registered,True,012,False
402,NEAR_1_DELETION,1,86782110,4964498,MEAN,2015-10-08,701,mean,SECTION 8-ACCEPTED,Live/Registered,True,013,False
402,NEAR_1_SUBSTITUTION,1,79148264,4792421,GÉANT,2014-04-07,706,geant,SECTION 71 ACCEPTED,Live/Registered,True,"016,038,042",False
402,NEAR_1_SUBSTITUTION,1,79418835,,GÉANT,2025-01-28,602,geant,ABANDONED-FAILURE TO RESPOND OR LATE RESPONSE,Dead/Abandoned,False,038,False
402,NEAR_1_DELETION,1,98547490,,MENT.,2024-05-13,602,ment,ABANDONED-FAILURE TO RESPOND OR LATE RESPONSE,Dead/Abandoned,False,005,True
402,NEAR_1_DELETION,1,98310491,,MEAN,2023-12-12,602,mean,ABANDONED-FAILURE TO RESPOND OR LATE RESPONSE,Dead/Abandoned,False,005,True
402,NEAR_1_DELETION,1,98310501,,MEAN,2023-12-12,602,mean,ABANDONED-FAILURE TO RESPOND OR LATE RESPONSE,Dead/Abandoned,False,005,True
402,NEAR_1_DELETION,1,97838048,,MENT,2023-03-14,606,ment,ABANDONED - NO STATEMENT OF USE FILED,Dead/Abandoned,False,041,False
402,NEAR_1_SUBSTITUTION,1,97225926,,M E ART,2022-01-18,602,meart,ABANDONED-FAILURE TO RESPOND OR LATE RESPONSE,Dead/Abandoned,False,042,False
402,NEAR_1_INSERTION,1,90723894,,... MEAN IT.,2021-05-20,606,meanit,ABANDONED - NO STATEMENT OF USE FILED,Dead/Abandoned,False,025,False
402,NEAR_1_SUBSTITUTION,1,90714543,,MIANT,2021-05-17,602,miant,ABANDONED-FAILURE TO RESPOND OR LATE RESPONSE,Dead/Abandoned,False,025,False
402,NEAR_1_DELETION,1,90671654,,MENT,2021-04-26,602,ment,ABANDONED-FAILURE TO RESPOND OR LATE RESPONSE,Dead/Abandoned,False,035,True
402,NEAR_1_SUBSTITUTION,1,90606617,,MEANS,2021-03-26,606,means,ABANDONED - NO STATEMENT OF USE FILED,Dead/Abandoned,False,035,True
402,NEAR_1_DELETION,1,90042360,,MEAT,2020-07-08,602,meat,ABANDONED-FAILURE TO RESPOND OR LATE RESPONSE,Dead/Abandoned,False,029,False
402,NEAR_1_SUBSTITUTION,1,88333065,5901320,YEANT,2019-03-10,710,yeant,CANCELLED - SECTION 8,Dead/Cancelled,False,,False
402,NEAR_1_INSERTION,1,87305069,5270429,MEANET,2017-01-18,710,meanet,CANCELLED - SECTION 8,Dead/Cancelled,False,,False
402,NEAR_1_DELETION,1,87078746,5128876,MENT,2016-06-21,710,ment,CANCELLED - SECTION 8,Dead/Cancelled,False,,False
402,NEAR_1_SUBSTITUTION,1,86814852,,MEANS,2015-11-10,601,means,ABANDONED - EXPRESS,Dead/Abandoned,False,012,False
402,NEAR_1_DELETION,1,86484907,,MEAN,2014-12-18,606,mean,ABANDONED - NO STATEMENT OF USE FILED,Dead/Abandoned,False,033,False
402,NEAR_1_SUBSTITUTION,1,86179244,,TEA N T,2014-01-30,605,teant,ABANDONED EXPRESS AFTER PUB,Dead/Abandoned,False,,False
402,NEAR_1_SUBSTITUTION,1,86001677,4570996,DEANT,2013-07-03,710,deant,CANCELLED - SECTION 8,Dead/Cancelled,False,,False
402,NEAR_1_SUBSTITUTION,1,79116783,,GÉANT,2012-06-06,602,geant,ABANDONED-FAILURE TO RESPOND OR LATE RESPONSE,Dead/Abandoned,False,"009,016,038,042",False
402,NEAR_1_INSERTION,1,85611607,,MEAN IT,2012-04-30,606,meanit,ABANDONED - NO STATEMENT OF USE FILED,Dead/Abandoned,False,025,False
402,NEAR_1_SUBSTITUTION,1,79112249,4445520,GÉANT,2012-01-30,404,geant,IR CANCELLED; US REGISTRATION CANCELLED,Dead/Cancelled,False,,False
402,NEAR_1_DELETION,1,85453051,4273181,MEAN,2011-10-21,710,mean,CANCELLED - SECTION 8,Dead/Cancelled,False,,False
402,NEAR_1_INSERTION,1,85359652,,UMEANT,2011-06-29,606,umeant,ABANDONED - NO STATEMENT OF USE FILED,Dead/Abandoned,False,045,False
402,NEAR_1_SUBSTITUTION,1,77589741,3666046,MEAN 1,2008-10-09,710,mean1,CANCELLED - SECTION 8,Dead/Cancelled,False,,False
402,NEAR_1_INSERTION,1,79041081,3572742,MEGANT,2007-03-23,404,megant,IR CANCELLED; US REGISTRATION CANCELLED,Dead/Cancelled,False,,False
402,NEAR_1_SUBSTITUTION,1,77010145,3367609,ME ART,2006-09-29,710,meart,CANCELLED - SECTION 8,Dead/Cancelled,False,,False
402,NEAR_1_SUBSTITUTION,1,78588997,,MET NT,2005-03-17,604,metnt,ABANDONED - AFTER INTER-PARTES DECISION,Dead/Abandoned,False,,False
402,NEAR_1_SUBSTITUTION,1,79013756,,GEANT,2004-11-19,402,geant,IR CANCELLED; US APPLICATION ABANDONED,Dead/Abandoned,False,,False
402,NEAR_1_DELETION,1,76600479,,MEAT,2004-07-02,602,meat,ABANDONED-FAILURE TO RESPOND OR LATE RESPONSE,Dead/Abandoned,False,043,False
402,NEAR_1_SUBSTITUTION,1,78295441,,MEANS,2003-09-03,606,means,ABANDONED - NO STATEMENT OF USE FILED,Dead/Abandoned,False,020,False
402,NEAR_1_DELETION,1,78242709,,MENT,2003-04-28,606,ment,ABANDONED - NO STATEMENT OF USE FILED,Dead/Abandoned,False,035,True
402,NEAR_1_DELETION,1,78164638,,MEAN,2002-09-16,602,mean,ABANDONED-FAILURE TO RESPOND OR LATE RESPONSE,Dead/Abandoned,False,025,False
402,NEAR_1_DELETION,1,76426797,,MEAT,2002-07-01,606,meat,ABANDONED - NO STATEMENT OF USE FILED,Dead/Abandoned,False,009,False
402,NEAR_1_DELETION,1,76408823,2952321,M.E.AN,2002-05-17,710,mean,CANCELLED - SECTION 8,Dead/Cancelled,False,,False
402,NEAR_1_DELETION,1,75908208,,MEAT,2000-01-28,602,meat,ABANDONED-FAILURE TO RESPOND OR LATE RESPONSE,Dead/Abandoned,False,042,False
402,NEAR_1_DELETION,1,75839125,2426627,MEAT,1999-11-02,710,meat,CANCELLED - SECTION 8,Dead/Cancelled,False,,False
402,NEAR_1_DELETION,1,75680279,,MEAT,1999-05-03,602,meat,ABANDONED-FAILURE TO RESPOND OR LATE RESPONSE,Dead/Abandoned,False,025,False
402,NEAR_1_INSERTION,1,75577064,2476207,MERANT,1998-10-26,710,merant,CANCELLED - SECTION 8,Dead/Cancelled,False,,False
402,NEAR_1_INSERTION,1,75577065,2478372,MERANT,1998-10-26,710,merant,CANCELLED - SECTION 8,Dead/Cancelled,False,,False
402,NEAR_1_DELETION,1,75437238,2594550,MENT,1998-02-19,710,ment,CANCELLED - SECTION 8,Dead/Cancelled,False,,False
402,NEAR_1_DELETION,1,75082143,,MEAT,1996-04-01,606,meat,ABANDONED - NO STATEMENT OF USE FILED,Dead/Abandoned,False,,False
402,NEAR_1_SUBSTITUTION,1,74056311,1717969,MEANS,1990-05-07,710,means,CANCELLED - SECTION 8,Dead/Cancelled,False,,False
402,NEAR_1_SUBSTITUTION,1,73391303,1315487,MEANS,1982-09-28,710,means,CANCELLED - SECTION 8,Dead/Cancelled,False,,False
402,NEAR_1_SUBSTITUTION,1,73061624,1062210,MEANS,1975-08-28,710,means,CANCELLED - SECTION 8,Dead/Cancelled,False,,False
402,NEAR_1_SUBSTITUTION,1,72447735,0982715,NEANT,1974-01-31,900,neant,EXPIRED,Dead/Expired,False,,False
402,NEAR_1_SUBSTITUTION,1,72419883,0974023,MEANS,1972-03-29,900,means,EXPIRED,Dead/Expired,False,,False
402,NEAR_1_SUBSTITUTION,1,72335362,0927538,MEANS,1969-08-14,900,means,EXPIRED,Dead/Expired,False,,False
402,NEAR_1_SUBSTITUTION,1,72192529,0794240,NEANT,1964-05-01,900,neant,EXPIRED,Dead/Expired,False,"003,005",True
402,NEAR_1_DELETION,1,72141745,0749946,MEAT,1962-04-06,900,meat,EXPIRED,Dead/Expired,False,,False
403,NEAR_1_DELETION,1,99607043,,SHOW,2026-01-21,686,show,PUBLISHED FOR OPPOSITION,Live/Pending,True,044,True
403,NEAR_1_DELETION,1,99378914,,SOWN,2025-09-07,688,sown,NOTICE OF ALLOWANCE - ISSUED,Live/Pending,True,025,False
403,NEAR_1_INSERTION,1,99020344,7975547,SHOWIN,2025-01-28,700,showin,REGISTERED,Live/Registered,True,021,True
403,NEAR_1_SUBSTITUTION,1,98956579,7947846,SHOE'N,2025-01-13,700,shoen,REGISTERED,Live/Registered,True,042,False
403,NEAR_1_DELETION,1,98978481,8338132,SOWN,2024-11-19,700,sown,REGISTERED,Live/Registered,True,003,True
403,NEAR_1_SUBSTITUTION,1,98450619,,SHAWN,2024-03-14,731,shawn,SECOND EXTENSION - GRANTED,Live/Pending,True,"018,025,028",False
403,NEAR_1_SUBSTITUTION,1,98341285,7595752,SHOWY,2024-01-04,700,showy,REGISTERED,Live/Registered,True,042,False
403,NEAR_1_DELETION,1,97442354,7300677,SHOW+,2022-06-03,700,show,REGISTERED,Live/Registered,True,035,True
403,NEAR_1_DELETION,1,97144017,6935997,SHON,2021-11-26,700,shon,REGISTERED,Live/Registered,True,009,False
403,NEAR_1_INSERTION,1,97098730,6768157,SHEOWN,2021-10-29,700,sheown,REGISTERED,Live/Registered,True,021,True
403,NEAR_1_INSERTION,1,97098733,6768158,SHEOWN,2021-10-29,700,sheown,REGISTERED,Live/Registered,True,028,False
403,NEAR_1_INSERTION,1,97098735,6774916,SHEOWN,2021-10-29,700,sheown,REGISTERED,Live/Registered,True,014,False
403,NEAR_1_DELETION,1,90750112,6848277,SOWN,2021-06-02,700,sown,REGISTERED,Live/Registered,True,"009,041",False
403,NEAR_1_INSERTION,1,90726335,6744002,SHEOWN,2021-05-21,700,sheown,REGISTERED,Live/Registered,True,027,False
403,NEAR_1_DELETION,1,90192400,8032880,SOWN,2020-09-18,700,sown,REGISTERED,Live/Registered,True,029,False
403,NEAR_1_INSERTION,1,90172924,6586067,SHOWIN,2020-09-10,700,showin,REGISTERED,Live/Registered,True,016,False
403,NEAR_1_SUBSTITUTION,1,90014657,7151268,SHOWX,2020-06-22,700,showx,REGISTERED,Live/Registered,True,042,False
403,NEAR_1_DELETION,1,88980684,6324266,SOWN,2020-02-06,700,sown,REGISTERED,Live/Registered,True,029,False
403,NEAR_1_DELETION,1,88713185,6053485,SHOW+,2019-12-03,700,show,REGISTERED,Live/Registered,True,036,False
403,NEAR_1_DELETION,1,88569151,6073154,SHWN,2019-08-07,700,shwn,REGISTERED,Live/Registered,True,018,False
403,NEAR_1_DELETION,1,88274869,6020078,HOWN,2019-01-24,700,hown,REGISTERED,Live/Registered,True,"035,036",True
403,NEAR_1_SUBSTITUTION,1,79234127,5694099,SHOWA,2018-01-29,739,showa,Section 71 & 15 ACCEPTED AND ACKNOWLEDGED,Live/Registered,True,"012,016",False
403,NEAR_1_DELETION,1,87655858,5490956,SHOW,2017-10-23,790,show,CANCELLATION PENDING,Live/Registered,True,028,False
403,NEAR_1_SUBSTITUTION,1,87399979,5323149,S · TOWN,2017-04-05,702,stown,SECTION 8 & 15-ACCEPTED AND ACKNOWLEDGED,Live/Registered,True,041,False
403,NEAR_1_SUBSTITUTION,1,87390922,5323056,S-TOWN,2017-03-29,702,stown,SECTION 8 & 15-ACCEPTED AND ACKNOWLEDGED,Live/Registered,True,041,False
403,NEAR_1_SUBSTITUTION,1,87064572,5724521,SHOWA,2016-06-08,702,showa,SECTION 8 & 15-ACCEPTED AND ACKNOWLEDGED,Live/Registered,True,"029,030",False
403,NEAR_1_SUBSTITUTION,1,86675782,4895243,SHOWA,2015-06-26,800,showa,REGISTERED AND RENEWED,Live/Registered,True,"007,012",False
403,NEAR_1_SUBSTITUTION,1,86567090,5065088,SHOWA,2015-03-17,702,showa,SECTION 8 & 15-ACCEPTED AND ACKNOWLEDGED,Live/Registered,True,"007,009,013,021",True
403,NEAR_1_SUBSTITUTION,1,86347828,4816067,SHOWA,2014-07-25,800,showa,REGISTERED AND RENEWED,Live/Registered,True,"009,010,017,021,025",True
403,NEAR_1_SUBSTITUTION,1,85935359,5137795,SHOWT,2013-05-17,701,showt,SECTION 8-ACCEPTED,Live/Registered,True,035,True
403,NEAR_1_DELETION,1,85654509,4282683,SHOW,2012-06-18,800,show,REGISTERED AND RENEWED,Live/Registered,True,036,False
403,NEAR_1_DELETION,1,85134245,4051807,SHOW,2010-09-21,800,show,REGISTERED AND RENEWED,Live/Registered,True,009,False
403,NEAR_1_DELETION,1,77728728,3875419,SHOW,2009-05-04,800,show,REGISTERED AND RENEWED,Live/Registered,True,041,False
403,NEAR_1_SUBSTITUTION,1,78453348,3125720,SHOWA,2004-07-20,800,showa,REGISTERED AND RENEWED,Live/Registered,True,"009,021",True
403,NEAR_1_DELETION,1,78344038,2917367,SHOW,2003-12-22,800,show,REGISTERED AND RENEWED,Live/Registered,True,034,False
403,NEAR_1_SUBSTITUTION,1,76045042,2524435,SHOWA,2000-05-11,800,showa,REGISTERED AND RENEWED,Live/Registered,True,"009,021,025",True
403,NEAR_1_SUBSTITUTION,1,75724517,2430857,SHOWA,1999-06-09,800,showa,REGISTERED AND RENEWED,Live/Registered,True,"007,012",False
403,NEAR_1_DELETION,1,74429930,1920755,SHOW,1993-08-25,800,show,REGISTERED AND RENEWED,Live/Registered,True,009,False
403,NEAR_1_SUBSTITUTION,1,72381642,0929876,SHOWA,1971-01-21,800,showa,REGISTERED AND RENEWED,Live/Registered,True,"007,011",False
403,NEAR_1_DELETION,1,98862093,,SOWN,2024-11-19,606,sown,ABANDONED - NO STATEMENT OF USE FILED,Dead/Abandoned,False,003,True
403,NEAR_1_DELETION,1,79391364,,SHOW,2024-01-29,602,show,ABANDONED-FAILURE TO RESPOND OR LATE RESPONSE,Dead/Abandoned,False,002,False
403,NEAR_1_SUBSTITUTION,1,98308608,,SHOWW,2023-12-11,606,showw,ABANDONED - NO STATEMENT OF USE FILED,Dead/Abandoned,False,"005,035",True
403,NEAR_1_DELETION,1,98258242,,SHON,2023-11-07,602,shon,ABANDONED-FAILURE TO RESPOND OR LATE RESPONSE,Dead/Abandoned,False,"009,014,018,025",False
403,NEAR_1_DELETION,1,97854003,,SOWN,2023-03-23,604,sown,ABANDONED - AFTER INTER-PARTES DECISION,Dead/Abandoned,False,,False
403,NEAR_1_SUBSTITUTION,1,97636127,,SLOWN,2022-10-18,602,slown,ABANDONED-FAILURE TO RESPOND OR LATE RESPONSE,Dead/Abandoned,False,020,False
403,NEAR_1_SUBSTITUTION,1,90905528,,SHOWR,2021-08-26,602,showr,ABANDONED-FAILURE TO RESPOND OR LATE RESPONSE,Dead/Abandoned,False,011,False
403,NEAR_1_SUBSTITUTION,1,90865196,,SHOWW,2021-08-04,602,showw,ABANDONED-FAILURE TO RESPOND OR LATE RESPONSE,Dead/Abandoned,False,"026,035",True
403,NEAR_1_DELETION,1,90449334,,SOWN,2021-01-05,606,sown,ABANDONED - NO STATEMENT OF USE FILED,Dead/Abandoned,False,"029,030,032",False
403,NEAR_1_DELETION,1,90449339,,SOWN,2021-01-05,606,sown,ABANDONED - NO STATEMENT OF USE FILED,Dead/Abandoned,False,"029,030,032",False
403,NEAR_1_DELETION,1,90390920,,SHOW,2020-12-17,602,show,ABANDONED-FAILURE TO RESPOND OR LATE RESPONSE,Dead/Abandoned,False,,False
403,NEAR_1_DELETION,1,90318686,,SOWN,2020-11-13,606,sown,ABANDONED - NO STATEMENT OF USE FILED,Dead/Abandoned,False,"029,030,032",False
403,NEAR_1_DELETION,1,90318698,,SOWN,2020-11-13,606,sown,ABANDONED - NO STATEMENT OF USE FILED,Dead/Abandoned,False,"029,030,032",False
403,NEAR_1_SUBSTITUTION,1,90202189,,SLOWN,2020-09-23,606,slown,ABANDONED - NO STATEMENT OF USE FILED,Dead/Abandoned,False,025,False
403,NEAR_1_DELETION,1,90183770,,SOWN,2020-09-16,602,sown,ABANDONED-FAILURE TO RESPOND OR LATE RESPONSE,Dead/Abandoned,False,"025,035",True
403,NEAR_1_INSERTION,1,88952681,,SHAOWN,2020-06-08,606,shaown,ABANDONED - NO STATEMENT OF USE FILED,Dead/Abandoned,False,"035,042",True
403,NEAR_1_SUBSTITUTION,1,88818885,,SHOWY,2020-03-03,602,showy,ABANDONED-FAILURE TO RESPOND OR LATE RESPONSE,Dead/Abandoned,False,009,False
403,NEAR_1_DELETION,1,88788092,,SOWN,2020-02-06,606,sown,ABANDONED - NO STATEMENT OF USE FILED,Dead/Abandoned,False,029,False
403,NEAR_1_SUBSTITUTION,1,88713213,,SHAWN,2019-12-03,606,shawn,ABANDONED - NO STATEMENT OF USE FILED,Dead/Abandoned,False,"009,014,018,025",False
403,NEAR_1_DELETION,1,88671502,,.SHOW,2019-10-28,602,show,ABANDONED-FAILURE TO RESPOND OR LATE RESPONSE,Dead/Abandoned,False,009,False
403,NEAR_1_SUBSTITUTION,1,88653870,,SHOWZ,2019-10-14,602,showz,ABANDONED-FAILURE TO RESPOND OR LATE RESPONSE,Dead/Abandoned,False,"009,038",False
403,NEAR_1_DELETION,1,88324978,,SHO_W.,2019-03-04,605,show,ABANDONED EXPRESS AFTER PUB,Dead/Abandoned,False,,False
403,NEAR_1_DELETION,1,88293211,5866560,SHOW,2019-02-07,710,show,CANCELLED - SECTION 8,Dead/Cancelled,False,,False
403,NEAR_1_DELETION,1,79242123,,SOWN,2018-01-08,602,sown,ABANDONED-FAILURE TO RESPOND OR LATE RESPONSE,Dead/Abandoned,False,022,False
403,NEAR_1_DELETION,1,87698663,6493567,SOWN,2017-11-27,713,sown,CANCELLED - SECTION 18,Dead/Cancelled,False,,False
403,NEAR_1_INSERTION,1,87350357,5548311,SHOWIN,2017-02-27,710,showin,CANCELLED - SECTION 8,Dead/Cancelled,False,,False
403,NEAR_1_DELETION,1,87317798,5290179,SHOW,2017-01-30,710,show,CANCELLED - SECTION 8,Dead/Cancelled,False,,False
403,NEAR_1_SUBSTITUTION,1,87064571,,SHOWA,2016-06-08,602,showa,ABANDONED-FAILURE TO RESPOND OR LATE RESPONSE,Dead/Abandoned,False,"029,030",False
403,NEAR_1_DELETION,1,86601920,4944460,SHOW,2015-04-17,710,show,CANCELLED - SECTION 8,Dead/Cancelled,False,,False
403,NEAR_1_DELETION,1,85967029,,S HOW,2013-06-21,606,show,ABANDONED - NO STATEMENT OF USE FILED,Dead/Abandoned,False,"009,042,045",False
403,NEAR_1_DELETION,1,85959830,4549115,SHOW,2013-06-14,710,show,CANCELLED - SECTION 8,Dead/Cancelled,False,,False
403,NEAR_1_DELETION,1,85888423,4548897,SHOW,2013-03-27,710,show,CANCELLED - SECTION 8,Dead/Cancelled,False,,False
403,NEAR_1_DELETION,1,85888432,4548898,S.H.O.W.,2013-03-27,710,show,CANCELLED - SECTION 8,Dead/Cancelled,False,,False
403,NEAR_1_SUBSTITUTION,1,79127080,4513065,SHOWA,2013-01-21,404,showa,IR CANCELLED; US REGISTRATION CANCELLED,Dead/Cancelled,False,,False
403,NEAR_1_SUBSTITUTION,1,85596455,,SHOWA,2012-04-12,606,showa,ABANDONED - NO STATEMENT OF USE FILED,Dead/Abandoned,False,033,False
403,NEAR_1_DELETION,1,85570127,,SHOW,2012-03-15,605,show,ABANDONED EXPRESS AFTER PUB,Dead/Abandoned,False,,False
403,NEAR_1_SUBSTITUTION,1,85570895,,SHOWY,2012-03-15,606,showy,ABANDONED - NO STATEMENT OF USE FILED,Dead/Abandoned,False,009,False
403,NEAR_1_DELETION,1,85297703,4059816,SHOW,2011-04-18,710,show,CANCELLED - SECTION 8,Dead/Cancelled,False,,False
403,NEAR_1_DELETION,1,85258649,4078169,$#*!SHOW,2011-03-04,710,show,CANCELLED - SECTION 8,Dead/Cancelled,False,,False
403,NEAR_1_INSERTION,1,85095379,3961054,SHOW NO,2010-07-28,710,showno,CANCELLED - SECTION 8,Dead/Cancelled,False,,False
403,NEAR_1_DELETION,1,77780485,3751879,SOWN,2009-07-14,710,sown,CANCELLED - SECTION 8,Dead/Cancelled,False,,False
403,NEAR_1_DELETION,1,77705015,3994371,SHOW,2009-04-02,710,show,CANCELLED - SECTION 8,Dead/Cancelled,False,,False
403,NEAR_1_DELETION,1,77659180,,SHOW,2009-01-29,606,show,ABANDONED - NO STATEMENT OF USE FILED,Dead/Abandoned,False,"002,009,016",False
403,NEAR_1_SUBSTITUTION,1,76693379,3674876,SHORN,2008-10-06,710,shorn,CANCELLED - SECTION 8,Dead/Cancelled,False,,False
403,NEAR_1_DELETION,1,79041703,3499307,SHOW,2007-06-29,404,show,IR CANCELLED; US REGISTRATION CANCELLED,Dead/Cancelled,False,,False
403,NEAR_1_SUBSTITUTION,1,77161597,3460366,SHORN,2007-04-20,710,shorn,CANCELLED - SECTION 8,Dead/Cancelled,False,,False
403,NEAR_1_DELETION,1,77118618,,SHOW,2007-02-28,602,show,ABANDONED-FAILURE TO RESPOND OR LATE RESPONSE,Dead/Abandoned,False,"014,016,025,041",False
403,NEAR_1_DELETION,1,78903724,3442841,SHOW,2006-06-08,710,show,CANCELLED - SECTION 8,Dead/Cancelled,False,,False
403,NEAR_1_DELETION,1,78849865,,SHOW,2006-03-30,605,show,ABANDONED EXPRESS AFTER PUB,Dead/Abandoned,False,,False
403,NEAR_1_SUBSTITUTION,1,76640761,,SHOW X,2005-06-15,606,showx,ABANDONED - NO STATEMENT OF USE FILED,Dead/Abandoned,False,037,False
403,NEAR_1_DELETION,1,78537050,,SHOW,2004-12-22,606,show,ABANDONED - NO STATEMENT OF USE FILED,Dead/Abandoned,False,034,False
403,NEAR_1_DELETION,1,76503718,3161258,SHOW,2003-03-28,710,show,CANCELLED - SECTION 8,Dead/Cancelled,False,,False
403,NEAR_1_SUBSTITUTION,1,76500781,2871051,SOOWN,2003-03-26,710,soown,CANCELLED - SECTION 8,Dead/Cancelled,False,,False
403,NEAR_1_SUBSTITUTION,1,78077787,,SHOWZ,2001-08-06,606,showz,ABANDONED - NO STATEMENT OF USE FILED,Dead/Abandoned,False,025,False
403,NEAR_1_SUBSTITUTION,1,78066551,,CHOWN,2001-05-31,602,chown,ABANDONED-FAILURE TO RESPOND OR LATE RESPONSE,Dead/Abandoned,False,006,False
403,NEAR_1_DELETION,1,76191679,2644090,SHOW,2001-01-02,710,show,CANCELLED - SECTION 8,Dead/Cancelled,False,,False
403,NEAR_1_DELETION,1,76191680,2644091,SHOW,2001-01-02,710,show,CANCELLED - SECTION 8,Dead/Cancelled,False,,False
403,NEAR_1_DELETION,1,78034573,2593034,SHO W,2000-11-09,710,show,CANCELLED - SECTION 8,Dead/Cancelled,False,,False
403,NEAR_1_DELETION,1,78034582,2593035,SHO W,2000-11-09,710,show,CANCELLED - SECTION 8,Dead/Cancelled,False,,False
403,NEAR_1_SUBSTITUTION,1,76000643,,SHORN,2000-03-15,602,shorn,ABANDONED-FAILURE TO RESPOND OR LATE RESPONSE,Dead/Abandoned,False,042,False
403,NEAR_1_SUBSTITUTION,1,75758935,2430949,SHOW!Z,1999-07-23,710,showz,CANCELLED - SECTION 8,Dead/Cancelled,False,,False
403,NEAR_1_SUBSTITUTION,1,75722128,2387484,SHOW!Z,1999-06-04,710,showz,CANCELLED - SECTION 8,Dead/Cancelled,False,,False
403,NEAR_1_DELETION,1,75648559,2407194,SHOW,1999-02-25,710,show,CANCELLED - SECTION 8,Dead/Cancelled,False,,False
403,NEAR_1_SUBSTITUTION,1,75453861,2717649,SHOWA,1998-03-20,710,showa,CANCELLED - SECTION 8,Dead/Cancelled,False,,False
403,NEAR_1_SUBSTITUTION,1,75979966,2430502,SHOWA,1998-03-20,710,showa,CANCELLED - SECTION 8,Dead/Cancelled,False,,False
403,NEAR_1_DELETION,1,75048343,2182666,____SHOW,1996-01-25,713,show,CANCELLED - SECTION 18,Dead/Cancelled,False,,False
403,NEAR_1_SUBSTITUTION,1,74579221,,SHAWN,1994-09-16,606,shawn,ABANDONED - NO STATEMENT OF USE FILED,Dead/Abandoned,False,,False
403,NEAR_1_SUBSTITUTION,1,74445293,2018051,SHOWA,1993-10-08,710,showa,CANCELLED - SECTION 8,Dead/Cancelled,False,,False
403,NEAR_1_DELETION,1,74442200,1846727,SHOW,1993-09-30,710,show,CANCELLED - SECTION 8,Dead/Cancelled,False,,False
403,NEAR_1_SUBSTITUTION,1,74200628,,SHOWA,1991-09-04,606,showa,ABANDONED - NO STATEMENT OF USE FILED,Dead/Abandoned,False,,False
403,NEAR_1_SUBSTITUTION,1,73687979,1522856,SHOWA,1987-10-09,710,showa,CANCELLED - SECTION 8,Dead/Cancelled,False,,False
403,NEAR_1_DELETION,1,73589825,,SHOW,1986-03-24,602,show,ABANDONED-FAILURE TO RESPOND OR LATE RESPONSE,Dead/Abandoned,False,,False
403,NEAR_1_DELETION,1,73565756,,S.H.O.W.,1985-10-29,602,show,ABANDONED-FAILURE TO RESPOND OR LATE RESPONSE,Dead/Abandoned,False,,False
403,NEAR_1_DELETION,1,73505794,,SOWN,1984-10-26,602,sown,ABANDONED-FAILURE TO RESPOND OR LATE RESPONSE,Dead/Abandoned,False,,False
403,NEAR_1_SUBSTITUTION,1,73438537,1387226,SHOWA,1983-08-09,710,showa,CANCELLED - SECTION 8,Dead/Cancelled,False,,False
403,NEAR_1_DELETION,1,73359776,1247678,SHOW,1982-04-14,710,show,CANCELLED - SECTION 8,Dead/Cancelled,False,,False
403,NEAR_1_SUBSTITUTION,1,73322222,1223051,SHO-BN,1981-07-31,710,shobn,CANCELLED - SECTION 8,Dead/Cancelled,False,,False
403,NEAR_1_SUBSTITUTION,1,73290008,1200376,SHOWA,1980-12-16,710,showa,CANCELLED - SECTION 8,Dead/Cancelled,False,,False
403,NEAR_1_SUBSTITUTION,1,73290010,1200377,SHOWA,1980-12-16,710,showa,CANCELLED - SECTION 8,Dead/Cancelled,False,,False
403,NEAR_1_DELETION,1,73087974,1121319,SHOW,1976-05-21,710,show,CANCELLED - SECTION 8,Dead/Cancelled,False,,False
403,NEAR_1_SUBSTITUTION,1,73015263,1002076,SHAWN,1974-03-07,900,shawn,EXPIRED,Dead/Expired,False,,False
403,NEAR_1_DELETION,1,72293471,0867353,SHOW,1968-03-18,900,show,EXPIRED,Dead/Expired,False,,False
403,NEAR_1_DELETION,1,72144096,0752597,SHOW,1962-05-08,900,show,EXPIRED,Dead/Expired,False,,False
403,NEAR_1_DELETION,1,81022565,1022565,SHOW,,710,show,CANCELLED - SECTION 8,Dead/Cancelled,False,,False
404,EXACT,0,99578011,,KNOWN,2026-01-05,641,known,NON-FINAL ACTION - MAILED,Live/Pending,True,"009,041,042,043,045",False
404,EXACT,0,99225716,,KNOWN,2025-06-09,688,known,NOTICE OF ALLOWANCE - ISSUED,Live/Pending,True,"009,042,045",False
404,EXACT,0,98153353,7548367,KNOWN,2023-08-28,700,known,REGISTERED,Live/Registered,True,041,False
404,EXACT,0,98153358,7548368,KNOWN,2023-08-28,700,known,REGISTERED,Live/Registered,True,041,False
404,EXACT,0,98126712,,KNOWN,2023-08-10,732,known,THIRD EXTENSION - GRANTED,Live/Pending,True,042,False
404,EXACT,0,98114814,7548150,KNOWN,2023-08-03,700,known,REGISTERED,Live/Registered,True,"035,036,041",True
404,EXACT,0,97550154,7484460,KNOWN,2022-08-16,700,known,REGISTERED,Live/Registered,True,"035,042",True
404,EXACT,0,97550170,7484461,KNOWN,2022-08-16,700,known,REGISTERED,Live/Registered,True,"035,042",True
404,EXACT,0,97138589,6935188,KNOWN,2021-11-23,700,known,REGISTERED,Live/Registered,True,025,False
404,EXACT,0,97031995,,KNOWN,2021-09-16,732,known,THIRD EXTENSION - GRANTED,Live/Pending,True,042,False
404,EXACT,0,97981230,8206339,KNOWN,2021-09-16,700,known,REGISTERED,Live/Registered,True,"035,036",True
404,EXACT,0,87921479,5753035,KNOWN,2018-05-15,702,known,SECTION 8 & 15-ACCEPTED AND ACKNOWLEDGED,Live/Registered,True,042,False
404,EXACT,0,87861384,5752847,KNOWN,2018-04-03,702,known,SECTION 8 & 15-ACCEPTED AND ACKNOWLEDGED,Live/Registered,True,042,False
404,EXACT,0,85006506,3876712,KNOWN,2010-04-05,800,known,REGISTERED AND RENEWED,Live/Registered,True,042,False
404,EXACT,0,97365622,,KNOWN,2022-04-15,602,known,ABANDONED-FAILURE TO RESPOND OR LATE RESPONSE,Dead/Abandoned,False,042,False
404,EXACT,0,97328521,,KNOWN,2022-03-24,606,known,ABANDONED - NO STATEMENT OF USE FILED,Dead/Abandoned,False,009,False
404,EXACT,0,97195511,,KNOWN,2021-12-29,602,known,ABANDONED-FAILURE TO RESPOND OR LATE RESPONSE,Dead/Abandoned,False,"035,042",True
404,EXACT,0,88714381,,KNOWN,2019-12-04,602,known,ABANDONED-FAILURE TO RESPOND OR LATE RESPONSE,Dead/Abandoned,False,044,True
404,EXACT,0,86320773,,KNOWN,2014-06-25,602,known,ABANDONED-FAILURE TO RESPOND OR LATE RESPONSE,Dead/Abandoned,False,025,False
404,EXACT,0,76715364,4535153,KNOWN,2013-11-15,710,known,CANCELLED - SECTION 8,Dead/Cancelled,False,,False
404,EXACT,0,86008002,4484950,KNOWN,2013-07-11,710,known,CANCELLED - SECTION 8,Dead/Cancelled,False,,False
404,EXACT,0,86008045,4484954,KNOWN,2013-07-11,713,known,CANCELLED - SECTION 18,Dead/Cancelled,False,,False
404,EXACT,0,76678197,3550593,KNOWN,2007-06-14,710,known,CANCELLED - SECTION 8,Dead/Cancelled,False,,False
404,EXACT,0,78953718,,KNOWN,2006-08-16,606,known,ABANDONED - NO STATEMENT OF USE FILED,Dead/Abandoned,False,025,False
404,EXACT,0,75736374,,KNOWN,1999-06-24,604,known,ABANDONED - AFTER INTER-PARTES DECISION,Dead/Abandoned,False,,False
404,NEAR_1_INSERTION,1,99869927,,XKNOWN,2026-06-07,630,xknown,NEW APPLICATION - RECORD INITIALIZED NOT ASSIGNED TO EXAMINER,Live/Pending,True,025,False
404,NEAR_1_SUBSTITUTION,1,99836276,,KNOWE,2026-05-20,630,knowe,NEW APPLICATION - RECORD INITIALIZED NOT ASSIGNED TO EXAMINER,Live/Pending,True,"035,042,045",True
404,NEAR_1_SUBSTITUTION,1,99539446,,KROWN,2025-12-10,641,krown,NON-FINAL ACTION - MAILED,Live/Pending,True,010,True
404,NEAR_1_DELETION,1,99535863,,KNOW,2025-12-08,686,know,PUBLISHED FOR OPPOSITION,Live/Pending,True,"009,016,041",False
404,NEAR_1_SUBSTITUTION,1,99419623,8251181,KNOWL,2025-09-30,700,knowl,REGISTERED,Live/Registered,True,012,False
404,NEAR_1_INSERTION,1,99416138,,KNOWNO,2025-09-27,688,knowno,NOTICE OF ALLOWANCE - ISSUED,Live/Pending,True,028,False
404,NEAR_1_DELETION,1,99287311,,KNWN,2025-07-16,688,knwn,NOTICE OF ALLOWANCE - ISSUED,Live/Pending,True,003,True
404,NEAR_1_SUBSTITUTION,1,99216139,,KNOWI,2025-06-03,681,knowi,PUBLICATION/ISSUE REVIEW COMPLETE,Live/Pending,True,042,False
404,NEAR_1_DELETION,1,99203677,8094104,KNWN,2025-05-27,700,knwn,REGISTERED,Live/Registered,True,041,False
404,NEAR_1_DELETION,1,99018082,7975315,K/NOW,2025-01-24,700,know,REGISTERED,Live/Registered,True,"035,041",True
404,NEAR_1_SUBSTITUTION,1,98935783,,K TOWN,2025-01-03,654,ktown,REPORT COMPLETED SUSPENSION CHECK - CASE STILL SUSPENDED,Live/Pending,True,043,False
404,NEAR_1_INSERTION,1,98823288,,KNOWNO,2024-10-28,688,knowno,NOTICE OF ALLOWANCE - ISSUED,Live/Pending,True,"016,028",False
404,NEAR_1_INSERTION,1,98823298,,KNOWNO,2024-10-28,688,knowno,NOTICE OF ALLOWANCE - ISSUED,Live/Pending,True,028,False
404,NEAR_1_DELETION,1,98549888,8015422,K-OWN,2024-05-14,700,kown,REGISTERED,Live/Registered,True,003,True
404,NEAR_1_SUBSTITUTION,1,98511851,7592197,KTOWN,2024-04-22,700,ktown,REGISTERED,Live/Registered,True,033,False
404,NEAR_1_DELETION,1,98183652,,K+NOW,2023-09-17,731,know,SECOND EXTENSION - GRANTED,Live/Pending,True,"009,010,035,041,042,044",True
404,NEAR_1_SUBSTITUTION,1,98028232,7961451,KNOW Y,2023-06-05,700,knowy,REGISTERED,Live/Registered,True,041,False
404,NEAR_1_SUBSTITUTION,1,79366374,7341902,KNOWA,2023-02-07,700,knowa,REGISTERED,Live/Registered,True,"009,035,042,045",True
404,NEAR_1_SUBSTITUTION,1,97474502,7272435,K TOWN,2022-06-24,700,ktown,REGISTERED,Live/Registered,True,033,False
404,NEAR_1_DELETION,1,97369918,7204905,NOWN,2022-04-19,700,nown,REGISTERED,Live/Registered,True,"006,011,017,019,027",False
404,NEAR_1_DELETION,1,97057154,6888592,KNOW,2021-10-02,700,know,REGISTERED,Live/Registered,True,041,False
404,NEAR_1_DELETION,1,90479102,7537823,KNOW,2021-01-21,700,know,REGISTERED,Live/Registered,True,042,False
404,NEAR_1_INSERTION,1,90293312,6433794,UKNOWN,2020-11-02,700,uknown,REGISTERED,Live/Registered,True,020,False
404,NEAR_1_DELETION,1,88493821,5955502,KNOW,2019-06-28,700,know,REGISTERED,Live/Registered,True,021,True
404,NEAR_1_SUBSTITUTION,1,88133882,5739697,KNOWU,2018-09-27,700,knowu,REGISTERED,Live/Registered,True,010,True
404,NEAR_1_SUBSTITUTION,1,88123769,6549860,KROWN,2018-09-19,700,krown,REGISTERED,Live/Registered,True,"029,031",False
404,NEAR_1_DELETION,1,88016931,6511770,KNWN,2018-06-27,700,knwn,REGISTERED,Live/Registered,True,042,False
404,NEAR_1_DELETION,1,87815049,5700959,NOWN,2018-02-28,702,nown,SECTION 8 & 15-ACCEPTED AND ACKNOWLEDGED,Live/Registered,True,009,False
404,NEAR_1_DELETION,1,87799214,6059221,KNOW,2018-02-15,700,know,REGISTERED,Live/Registered,True,009,False
404,NEAR_1_INSERTION,1,87064025,5179741,OKNOWN,2016-06-08,701,oknown,SECTION 8-ACCEPTED,Live/Registered,True,025,False
404,NEAR_1_SUBSTITUTION,1,86271148,4656071,KNOW1,2014-05-05,800,know1,REGISTERED AND RENEWED,Live/Registered,True,025,False
404,NEAR_1_SUBSTITUTION,1,86087461,4777927,K TOWN,2013-10-09,800,ktown,REGISTERED AND RENEWED,Live/Registered,True,030,False
404,NEAR_1_SUBSTITUTION,1,85936308,4718801,KNOWM,2013-05-19,800,knowm,REGISTERED AND RENEWED,Live/Registered,True,042,False
404,NEAR_1_SUBSTITUTION,1,85359139,4178092,KROWN,2011-06-29,800,krown,REGISTERED AND RENEWED,Live/Registered,True,028,False
404,NEAR_1_DELETION,1,77770798,3739972,KNOW,2009-06-30,800,know,REGISTERED AND RENEWED,Live/Registered,True,044,True
404,NEAR_1_DELETION,1,77094627,3966553,KNOW,2007-01-30,800,know,REGISTERED AND RENEWED,Live/Registered,True,016,False
404,NEAR_1_DELETION,1,78270153,2851022,KNOW,2003-07-03,800,know,REGISTERED AND RENEWED,Live/Registered,True,041,False
404,NEAR_1_SUBSTITUTION,1,76522607,3038914,KROWN,2003-06-13,800,krown,REGISTERED AND RENEWED,Live/Registered,True,010,True
404,NEAR_1_DELETION,1,74230924,1718808,KNOW,1991-12-16,800,know,REGISTERED AND RENEWED,Live/Registered,True,038,False
404,NEAR_1_SUBSTITUTION,1,99344266,,KLOWN,2025-08-18,601,klown,ABANDONED - EXPRESS,Dead/Abandoned,False,041,False
404,NEAR_1_SUBSTITUTION,1,99337608,,KROWN,2025-08-14,602,krown,ABANDONED-FAILURE TO RESPOND OR LATE RESPONSE,Dead/Abandoned,False,007,False
404,NEAR_1_DELETION,1,98479855,,KNOW.,2024-04-02,602,know,ABANDONED-FAILURE TO RESPOND OR LATE RESPONSE,Dead/Abandoned,False,005,True
404,NEAR_1_SUBSTITUTION,1,98305372,,KNOWP,2023-12-08,606,knowp,ABANDONED - NO STATEMENT OF USE FILED,Dead/Abandoned,False,"009,036",False
404,NEAR_1_INSERTION,1,98062493,,BKNOWN,2023-06-28,602,bknown,ABANDONED-FAILURE TO RESPOND OR LATE RESPONSE,Dead/Abandoned,False,035,True
404,NEAR_1_SUBSTITUTION,1,97685250,,KNOWA,2022-11-20,602,knowa,ABANDONED-FAILURE TO RESPOND OR LATE RESPONSE,Dead/Abandoned,False,009,False
404,NEAR_1_SUBSTITUTION,1,97079281,,KNOWS,2021-10-18,606,knows,ABANDONED - NO STATEMENT OF USE FILED,Dead/Abandoned,False,"009,035,042",True
404,NEAR_1_SUBSTITUTION,1,97055092,,KNOWU,2021-09-30,606,knowu,ABANDONED - NO STATEMENT OF USE FILED,Dead/Abandoned,False,"009,010,042",True
404,NEAR_1_DELETION,1,90474516,,KNOW,2021-01-19,602,know,ABANDONED-FAILURE TO RESPOND OR LATE RESPONSE,Dead/Abandoned,False,"009,038,042",False
404,NEAR_1_DELETION,1,90366243,,K(NOW),2020-12-08,606,know,ABANDONED - NO STATEMENT OF USE FILED,Dead/Abandoned,False,"005,009,010,042,044",True
404,NEAR_1_INSERTION,1,90120191,,BKNOWN,2020-08-18,602,bknown,ABANDONED-FAILURE TO RESPOND OR LATE RESPONSE,Dead/Abandoned,False,009,False
404,NEAR_1_DELETION,1,90072876,,NOWN,2020-07-24,602,nown,ABANDONED-FAILURE TO RESPOND OR LATE RESPONSE,Dead/Abandoned,False,038,False
404,NEAR_1_SUBSTITUTION,1,88854785,,KNOWT,2020-03-31,602,knowt,ABANDONED-FAILURE TO RESPOND OR LATE RESPONSE,Dead/Abandoned,False,"009,016,025,041,042",False
404,NEAR_1_INSERTION,1,88705646,,KNOWNO,2019-11-25,606,knowno,ABANDONED - NO STATEMENT OF USE FILED,Dead/Abandoned,False,028,False
404,NEAR_1_INSERTION,1,88685573,,KNOWNO,2019-11-08,602,knowno,ABANDONED-FAILURE TO RESPOND OR LATE RESPONSE,Dead/Abandoned,False,016,False
404,NEAR_1_DELETION,1,88228405,,KNOW,2018-12-13,606,know,ABANDONED - NO STATEMENT OF USE FILED,Dead/Abandoned,False,009,False
404,NEAR_1_DELETION,1,88215750,,K/NOW,2018-12-04,602,know,ABANDONED-FAILURE TO RESPOND OR LATE RESPONSE,Dead/Abandoned,False,"035,041",True
404,NEAR_1_DELETION,1,88177839,,NOWN,2018-11-01,602,nown,ABANDONED-FAILURE TO RESPOND OR LATE RESPONSE,Dead/Abandoned,False,035,True
404,NEAR_1_DELETION,1,88143493,,KNWN,2018-10-04,602,knwn,ABANDONED-FAILURE TO RESPOND OR LATE RESPONSE,Dead/Abandoned,False,025,False
404,NEAR_1_DELETION,1,79245754,5754107,KNOW!,2018-08-27,709,know,CANCELLED SECTION 71,Dead/Cancelled,False,,False
404,NEAR_1_INSERTION,1,88003278,,KNOW NO!,2018-06-16,602,knowno,ABANDONED-FAILURE TO RESPOND OR LATE RESPONSE,Dead/Abandoned,False,025,False
404,NEAR_1_SUBSTITUTION,1,87648902,,KTOWN,2017-10-17,602,ktown,ABANDONED-FAILURE TO RESPOND OR LATE RESPONSE,Dead/Abandoned,False,025,False
404,NEAR_1_DELETION,1,87638550,,KNOW!,2017-10-09,602,know,ABANDONED-FAILURE TO RESPOND OR LATE RESPONSE,Dead/Abandoned,False,042,False
404,NEAR_1_DELETION,1,87547480,5602491,KOWN,2017-07-28,710,kown,CANCELLED - SECTION 8,Dead/Cancelled,False,,False
404,NEAR_1_SUBSTITUTION,1,87435306,,KNOWI,2017-05-03,602,knowi,ABANDONED-FAILURE TO RESPOND OR LATE RESPONSE,Dead/Abandoned,False,035,True
404,NEAR_1_SUBSTITUTION,1,87258643,5891639,KNOWE,2016-12-06,710,knowe,CANCELLED - SECTION 8,Dead/Cancelled,False,,False
404,NEAR_1_SUBSTITUTION,1,87977404,5629574,KNOWE,2016-12-06,710,knowe,CANCELLED - SECTION 8,Dead/Cancelled,False,,False
404,NEAR_1_DELETION,1,86784473,,KOWN,2015-10-12,602,kown,ABANDONED-FAILURE TO RESPOND OR LATE RESPONSE,Dead/Abandoned,False,"035,036,041",True
404,NEAR_1_DELETION,1,86564682,4836254,KNOW,2015-03-16,710,know,CANCELLED - SECTION 8,Dead/Cancelled,False,,False
404,NEAR_1_DELETION,1,86517806,4869625,KNOW,2015-01-29,710,know,CANCELLED - SECTION 8,Dead/Cancelled,False,,False
404,NEAR_1_DELETION,1,86449610,,KNWN,2014-11-10,606,knwn,ABANDONED - NO STATEMENT OF USE FILED,Dead/Abandoned,False,025,False
404,NEAR_1_INSERTION,1,86321179,4754607,KNOW NO?,2014-06-26,710,knowno,CANCELLED - SECTION 8,Dead/Cancelled,False,,False
404,NEAR_1_SUBSTITUTION,1,85459505,4223222,KNOWD,2011-10-28,710,knowd,CANCELLED - SECTION 8,Dead/Cancelled,False,,False
404,NEAR_1_DELETION,1,85444709,5590485,KNOW ! !,2011-10-11,710,know,CANCELLED - SECTION 8,Dead/Cancelled,False,,False
404,NEAR_1_SUBSTITUTION,1,85429446,,KROWN,2011-09-22,602,krown,ABANDONED-FAILURE TO RESPOND OR LATE RESPONSE,Dead/Abandoned,False,025,False
404,NEAR_1_INSERTION,1,85429828,,B.KNOWN,2011-09-22,606,bknown,ABANDONED - NO STATEMENT OF USE FILED,Dead/Abandoned,False,009,False
404,NEAR_1_SUBSTITUTION,1,85420999,4223116,KNOW U,2011-09-13,710,knowu,CANCELLED - SECTION 8,Dead/Cancelled,False,,False
404,NEAR_1_DELETION,1,85351602,4743843,KNOW,2011-06-21,710,know,CANCELLED - SECTION 8,Dead/Cancelled,False,,False
404,NEAR_1_DELETION,1,85256430,,KNOW.,2011-03-03,602,know,ABANDONED-FAILURE TO RESPOND OR LATE RESPONSE,Dead/Abandoned,False,005,True
404,NEAR_1_INSERTION,1,85123627,4122526,D'KNOWN,2010-09-06,710,dknown,CANCELLED - SECTION 8,Dead/Cancelled,False,,False
404,NEAR_1_DELETION,1,85077738,4398392,KNOW ! !,2010-07-03,710,know,CANCELLED - SECTION 8,Dead/Cancelled,False,,False
404,NEAR_1_DELETION,1,85047916,3903942,KNOW!,2010-05-26,710,know,CANCELLED - SECTION 8,Dead/Cancelled,False,,False
404,NEAR_1_DELETION,1,79068698,3918924,KNOW,2009-04-27,709,know,CANCELLED SECTION 71,Dead/Cancelled,False,,False
404,NEAR_1_DELETION,1,77689145,,KNOW,2009-03-12,602,know,ABANDONED-FAILURE TO RESPOND OR LATE RESPONSE,Dead/Abandoned,False,035,True
404,NEAR_1_INSERTION,1,77675732,3779696,1KNOWN,2009-02-23,710,1known,CANCELLED - SECTION 8,Dead/Cancelled,False,,False
404,NEAR_1_DELETION,1,77487923,,KNOW!,2008-05-31,602,know,ABANDONED-FAILURE TO RESPOND OR LATE RESPONSE,Dead/Abandoned,False,003,True
404,NEAR_1_SUBSTITUTION,1,77474611,,KROWN,2008-05-15,602,krown,ABANDONED-FAILURE TO RESPOND OR LATE RESPONSE,Dead/Abandoned,False,025,False
404,NEAR_1_DELETION,1,77416945,3605172,KNOW.,2008-03-08,710,know,CANCELLED - SECTION 8,Dead/Cancelled,False,,False
404,NEAR_1_DELETION,1,77237558,,KNOW,2007-07-24,606,know,ABANDONED - NO STATEMENT OF USE FILED,Dead/Abandoned,False,042,False
404,NEAR_1_SUBSTITUTION,1,77198296,,KNOWD,2007-06-05,606,knowd,ABANDONED - NO STATEMENT OF USE FILED,Dead/Abandoned,False,042,False
404,NEAR_1_INSERTION,1,77060184,,KNOW NO,2006-12-08,602,knowno,ABANDONED-FAILURE TO RESPOND OR LATE RESPONSE,Dead/Abandoned,False,044,True
404,NEAR_1_DELETION,1,78886460,,KNOW,2006-05-18,602,know,ABANDONED-FAILURE TO RESPOND OR LATE RESPONSE,Dead/Abandoned,False,044,True
404,NEAR_1_DELETION,1,78856324,3531056,KNOW.,2006-04-07,710,know,CANCELLED - SECTION 8,Dead/Cancelled,False,,False
404,NEAR_1_SUBSTITUTION,1,78669276,,KNOWS,2005-07-13,602,knows,ABANDONED-FAILURE TO RESPOND OR LATE RESPONSE,Dead/Abandoned,False,009,False
404,NEAR_1_DELETION,1,78623192,3106423,KNOW,2005-05-04,710,know,CANCELLED - SECTION 8,Dead/Cancelled,False,,False
404,NEAR_1_INSERTION,1,78623239,3408993,BKNOWN,2005-05-04,710,bknown,CANCELLED - SECTION 8,Dead/Cancelled,False,,False
404,NEAR_1_SUBSTITUTION,1,76608227,,KROWN,2004-08-23,606,krown,ABANDONED - NO STATEMENT OF USE FILED,Dead/Abandoned,False,025,False
404,NEAR_1_DELETION,1,78416906,,KNOW,2004-05-11,602,know,ABANDONED-FAILURE TO RESPOND OR LATE RESPONSE,Dead/Abandoned,False,016,False
404,NEAR_1_SUBSTITUTION,1,76567584,,KNOWM,2003-12-18,606,knowm,ABANDONED - NO STATEMENT OF USE FILED,Dead/Abandoned,False,009,False
404,NEAR_1_DELETION,1,76541751,,KNOW,2003-08-26,606,know,ABANDONED - NO STATEMENT OF USE FILED,Dead/Abandoned,False,033,False
404,NEAR_1_SUBSTITUTION,1,76529282,2912241,KROWN,2003-07-07,710,krown,CANCELLED - SECTION 8,Dead/Cancelled,False,,False
404,NEAR_1_DELETION,1,78228933,,KNOW,2003-03-24,606,know,ABANDONED - NO STATEMENT OF USE FILED,Dead/Abandoned,False,035,True
404,NEAR_1_INSERTION,1,78127421,,KNOWNO,2002-05-09,606,knowno,ABANDONED - NO STATEMENT OF USE FILED,Dead/Abandoned,False,028,False
404,NEAR_1_DELETION,1,76360466,2708814,KNOW,2002-01-18,710,know,CANCELLED - SECTION 8,Dead/Cancelled,False,,False
404,NEAR_1_DELETION,1,76322133,2676998,KNOW,2001-10-05,711,know,CANCELLED - SECTION 7,Dead/Cancelled,False,,False
404,NEAR_1_DELETION,1,78038424,2728105,KNOW,2000-12-08,710,know,CANCELLED - SECTION 8,Dead/Cancelled,False,,False
404,NEAR_1_DELETION,1,76155550,2514907,KNOW!,2000-10-30,710,know,CANCELLED - SECTION 8,Dead/Cancelled,False,,False
404,NEAR_1_SUBSTITUTION,1,75839773,2942294,KROWN,1999-11-05,710,krown,CANCELLED - SECTION 8,Dead/Cancelled,False,,False
404,NEAR_1_DELETION,1,75775004,2646258,KNOW,1999-09-03,710,know,CANCELLED - SECTION 8,Dead/Cancelled,False,,False
404,NEAR_1_DELETION,1,75468753,,KNOW.,1998-04-16,606,know,ABANDONED - NO STATEMENT OF USE FILED,Dead/Abandoned,False,041,False
404,NEAR_1_SUBSTITUTION,1,75196975,2224656,KNOWX,1996-11-12,710,knowx,CANCELLED - SECTION 8,Dead/Cancelled,False,,False
404,NEAR_1_DELETION,1,75185944,,KNOW,1996-10-23,602,know,ABANDONED-FAILURE TO RESPOND OR LATE RESPONSE,Dead/Abandoned,False,"038,041",False
404,NEAR_1_DELETION,1,75154981,2081598,KNOW,1996-08-23,710,know,CANCELLED - SECTION 8,Dead/Cancelled,False,,False
404,NEAR_1_DELETION,1,74566320,1965084,KNOW,1994-08-26,710,know,CANCELLED - SECTION 8,Dead/Cancelled,False,,False
404,NEAR_1_DELETION,1,74511252,,KNOW,1994-04-11,602,know,ABANDONED-FAILURE TO RESPOND OR LATE RESPONSE,Dead/Abandoned,False,,False
404,NEAR_1_SUBSTITUTION,1,74055447,1634190,BNOWN,1990-05-03,710,bnown,CANCELLED - SECTION 8,Dead/Cancelled,False,,False
404,NEAR_1_DELETION,1,73667030,1473141,KNOW,1987-06-17,710,know,CANCELLED - SECTION 8,Dead/Cancelled,False,,False
404,NEAR_1_SUBSTITUTION,1,73612008,1432797,KROWN,1986-07-29,710,krown,CANCELLED - SECTION 8,Dead/Cancelled,False,,False
404,NEAR_1_SUBSTITUTION,1,73457711,1295882,KNOWC,1983-12-19,710,knowc,CANCELLED - SECTION 8,Dead/Cancelled,False,,False
404,NEAR_1_INSERTION,1,73326252,1232174,KNO-WHN,1981-08-31,710,knowhn,CANCELLED - SECTION 8,Dead/Cancelled,False,,False
404,NEAR_1_SUBSTITUTION,1,72377358,0928299,K-TOWN,1970-11-30,900,ktown,EXPIRED,Dead/Expired,False,,False
404,NEAR_1_DELETION,1,72191149,0781026,KNOW,1964-04-15,710,know,CANCELLED - SECTION 8,Dead/Cancelled,False,,False
410,EXACT,0,99429870,,SHOW ME,2025-10-07,686,showme,PUBLISHED FOR OPPOSITION,Live/Pending,True,008,False
410,EXACT,0,79436958,,SHOWME,2025-05-30,661,showme,RESPONSE AFTER NON-FINAL ACTION - ENTERED,Live/Pending,True,"009,037,042",False
410,EXACT,0,98519377,,SHOW ME,2024-04-25,641,showme,NON-FINAL ACTION - MAILED,Live/Pending,True,"035,041,042",True
410,EXACT,0,97743532,7286054,SHOW-ME,2023-01-05,700,showme,REGISTERED,Live/Registered,True,036,False
410,EXACT,0,97649158,7230463,SHOWME,2022-10-26,700,showme,REGISTERED,Live/Registered,True,"018,022,028",False
410,EXACT,0,97159116,6947339,SHOWME,2021-12-07,700,showme,REGISTERED,Live/Registered,True,026,False
410,EXACT,0,79302317,6886431,SHOW-ME,2021-01-14,700,showme,REGISTERED,Live/Registered,True,"003,016,035",True
410,EXACT,0,87422945,5345634,SHOW ME,2017-04-24,702,showme,SECTION 8 & 15-ACCEPTED AND ACKNOWLEDGED,Live/Registered,True,009,False
410,EXACT,0,77181429,3372203,SHOW ME!,2007-05-15,800,showme,REGISTERED AND RENEWED,Live/Registered,True,009,False
410,EXACT,0,75272213,2303183,SHOWME,1997-04-10,800,showme,REGISTERED AND RENEWED,Live/Registered,True,009,False
410,EXACT,0,73044126,1020657,SHOW-ME,1975-02-13,800,showme,REGISTERED AND RENEWED,Live/Registered,True,030,False
410,EXACT,0,99416987,,SHOW ME,2025-09-28,602,showme,ABANDONED-FAILURE TO RESPOND OR LATE RESPONSE,Dead/Abandoned,False,00B,False
410,EXACT,0,97828190,,SHOW ME,2023-03-08,606,showme,ABANDONED - NO STATEMENT OF USE FILED,Dead/Abandoned,False,034,False
410,EXACT,0,90039702,,SHOW.ME,2020-07-07,605,showme,ABANDONED EXPRESS AFTER PUB,Dead/Abandoned,False,,False
410,EXACT,0,88607427,,SHOW ME,2019-09-06,606,showme,ABANDONED - NO STATEMENT OF USE FILED,Dead/Abandoned,False,"025,035",True
410,EXACT,0,88169360,5768906,SHOW ME,2018-10-25,710,showme,CANCELLED - SECTION 8,Dead/Cancelled,False,,False
410,EXACT,0,87152717,,SHOW ME!,2016-08-26,606,showme,ABANDONED - NO STATEMENT OF USE FILED,Dead/Abandoned,False,009,False
410,EXACT,0,85808570,4608002,SHOW-ME,2012-12-21,710,showme,CANCELLED - SECTION 8,Dead/Cancelled,False,,False
410,EXACT,0,85505083,,SHOWME,2011-12-28,602,showme,ABANDONED-FAILURE TO RESPOND OR LATE RESPONSE,Dead/Abandoned,False,"009,042",False
410,EXACT,0,85363617,4215130,SHOW ME,2011-07-05,710,showme,CANCELLED - SECTION 8,Dead/Cancelled,False,,False
410,EXACT,0,77799040,4056773,SHOWME,2009-08-06,710,showme,CANCELLED - SECTION 8,Dead/Cancelled,False,,False
410,EXACT,0,77492246,,SHOW.ME,2008-06-05,602,showme,ABANDONED-FAILURE TO RESPOND OR LATE RESPONSE,Dead/Abandoned,False,042,False
410,EXACT,0,78820142,,SHOW ME!,2006-02-21,602,showme,ABANDONED-FAILURE TO RESPOND OR LATE RESPONSE,Dead/Abandoned,False,009,False
410,EXACT,0,78722041,,SHOW ME,2005-09-28,606,showme,ABANDONED - NO STATEMENT OF USE FILED,Dead/Abandoned,False,"038,041",False
410,EXACT,0,76627170,3243107,SHOW ME,2004-12-29,710,showme,CANCELLED - SECTION 8,Dead/Cancelled,False,,False
410,EXACT,0,78239706,2862724,SHOWME,2003-04-18,710,showme,CANCELLED - SECTION 8,Dead/Cancelled,False,,False
410,EXACT,0,76111801,2496090,SHOW ME,2000-08-17,710,showme,CANCELLED - SECTION 8,Dead/Cancelled,False,,False
410,EXACT,0,75536658,2279363,SHOW-ME,1998-08-14,710,showme,CANCELLED - SECTION 8,Dead/Cancelled,False,,False
410,EXACT,0,75083931,,SHOW ME,1996-04-04,606,showme,ABANDONED - NO STATEMENT OF USE FILED,Dead/Abandoned,False,,False
410,EXACT,0,75081781,2108365,SHOWME,1996-04-01,710,showme,CANCELLED - SECTION 8,Dead/Cancelled,False,,False
410,EXACT,0,75062670,,SHOW ME,1996-02-26,605,showme,ABANDONED EXPRESS AFTER PUB,Dead/Abandoned,False,,False
410,EXACT,0,74733416,,SHOW ME,1995-09-25,606,showme,ABANDONED - NO STATEMENT OF USE FILED,Dead/Abandoned,False,003,True
410,EXACT,0,74538674,2041568,SHOWME,1994-06-16,710,showme,CANCELLED - SECTION 8,Dead/Cancelled,False,,False
410,EXACT,0,74489170,,SHOWME,1994-02-14,604,showme,ABANDONED - AFTER INTER-PARTES DECISION,Dead/Abandoned,False,,False
410,EXACT,0,74298253,,SHOWME,1992-07-24,601,showme,ABANDONED - EXPRESS,Dead/Abandoned,False,,False
410,EXACT,0,73757985,1547612,SHOWME,1988-10-17,710,showme,CANCELLED - SECTION 8,Dead/Cancelled,False,,False
410,EXACT,0,73736529,1526948,SHOW-ME,1988-06-27,710,showme,CANCELLED - SECTION 8,Dead/Cancelled,False,,False
410,EXACT,0,73732578,1521183,SHOW ME,1988-06-06,710,showme,CANCELLED - SECTION 8,Dead/Cancelled,False,,False
410,EXACT,0,73672936,1484125,SHOW ME!,1987-07-20,710,showme,CANCELLED - SECTION 8,Dead/Cancelled,False,,False
410,EXACT,0,73612408,1432538,SHOWME,1986-07-31,710,showme,CANCELLED - SECTION 8,Dead/Cancelled,False,,False
410,EXACT,0,73144991,1105620,SHOW-ME!,1977-10-17,710,showme,CANCELLED - SECTION 8,Dead/Cancelled,False,,False
410,EXACT,0,72245405,0826942,SHOW ME,1966-05-11,900,showme,EXPIRED,Dead/Expired,False,,False
410,NEAR_1_TRANSPOSITION,1,99923071,,SHOW'EM,2026-07-06,630,showem,NEW APPLICATION - RECORD INITIALIZED NOT ASSIGNED TO EXAMINER,Live/Pending,True,016,False
410,NEAR_1_TRANSPOSITION,1,99924837,,SHOW 'EM,2026-07-06,630,showem,NEW APPLICATION - RECORD INITIALIZED NOT ASSIGNED TO EXAMINER,Live/Pending,True,035,True
410,NEAR_1_TRANSPOSITION,1,99658666,,SHOW 'EM,2026-02-18,641,showem,NON-FINAL ACTION - MAILED,Live/Pending,True,"025,028,036,041",False
410,NEAR_1_SUBSTITUTION,1,98715787,7815317,SHOWMD,2024-08-25,700,showmd,REGISTERED,Live/Registered,True,044,True
410,NEAR_1_SUBSTITUTION,1,98262521,7529706,SHOE ME,2023-11-09,700,shoeme,REGISTERED,Live/Registered,True,025,False
410,NEAR_1_DELETION,1,98068686,7440906,SHOME,2023-07-03,700,shome,REGISTERED,Live/Registered,True,021,True
410,NEAR_1_SUBSTITUTION,1,97778457,7320433,SHOWMD,2023-02-02,700,showmd,REGISTERED,Live/Registered,True,044,True
410,NEAR_1_SUBSTITUTION,1,90486284,6587593,SHOWMI,2021-01-25,700,showmi,REGISTERED,Live/Registered,True,028,False
410,NEAR_1_INSERTION,1,79272559,6160797,SHOW4ME,2019-07-17,700,show4me,REGISTERED,Live/Registered,True,"035,038,041,045",True
410,NEAR_1_INSERTION,1,87298546,5472684,SHOWMEE,2017-01-12,704,showmee,PARTIAL SECTION 8 ACCEPTED,Live/Registered,True,035,True
410,NEAR_1_SUBSTITUTION,1,87190401,5800754,SHOWMO,2016-10-01,701,showmo,SECTION 8-ACCEPTED,Live/Registered,True,009,False
410,NEAR_1_DELETION,1,86867510,5092799,SHOME,2016-01-06,702,shome,SECTION 8 & 15-ACCEPTED AND ACKNOWLEDGED,Live/Registered,True,037,False
410,NEAR_1_INSERTION,1,74691742,1975015,SHOW-ME'S,1995-06-21,800,showmes,REGISTERED AND RENEWED,Live/Registered,True,042,False
410,NEAR_1_DELETION,1,73098169,1139198,SHO-ME,1976-08-30,800,shome,REGISTERED AND RENEWED,Live/Registered,True,011,False
410,NEAR_1_SUBSTITUTION,1,98823073,,SHOEME,2024-10-27,602,shoeme,ABANDONED-FAILURE TO RESPOND OR LATE RESPONSE,Dead/Abandoned,False,025,False
410,NEAR_1_SUBSTITUTION,1,79409009,,SHOEME,2024-09-12,602,shoeme,ABANDONED-FAILURE TO RESPOND OR LATE RESPONSE,Dead/Abandoned,False,"014,025",False
410,NEAR_1_DELETION,1,98276850,,SHOME,2023-11-18,602,shome,ABANDONED-FAILURE TO RESPOND OR LATE RESPONSE,Dead/Abandoned,False,024,False
410,NEAR_1_SUBSTITUTION,1,98038945,,SHOW MY,2023-06-12,602,showmy,ABANDONED-FAILURE TO RESPOND OR LATE RESPONSE,Dead/Abandoned,False,037,False
410,NEAR_1_SUBSTITUTION,1,98035816,,SHOW MY,2023-06-09,602,showmy,ABANDONED-FAILURE TO RESPOND OR LATE RESPONSE,Dead/Abandoned,False,009,False
410,NEAR_1_DELETION,1,90039498,,SHOME,2020-07-07,602,shome,ABANDONED-FAILURE TO RESPOND OR LATE RESPONSE,Dead/Abandoned,False,021,True
410,NEAR_1_SUBSTITUTION,1,88899601,,SHOEME,2020-05-04,602,shoeme,ABANDONED-FAILURE TO RESPOND OR LATE RESPONSE,Dead/Abandoned,False,035,True
410,NEAR_1_SUBSTITUTION,1,88038475,5690279,SHOWEE,2018-07-16,710,showee,CANCELLED - SECTION 8,Dead/Cancelled,False,,False
410,NEAR_1_INSERTION,1,87832958,,SHOW ME R!,2018-03-14,602,showmer,ABANDONED-FAILURE TO RESPOND OR LATE RESPONSE,Dead/Abandoned,False,044,True
410,NEAR_1_DELETION,1,87759709,,SHOME,2018-01-18,604,shome,ABANDONED - AFTER INTER-PARTES DECISION,Dead/Abandoned,False,,False
410,NEAR_1_TRANSPOSITION,1,87750215,5659331,#SHOWEM,2018-01-10,710,showem,CANCELLED - SECTION 8,Dead/Cancelled,False,,False
410,NEAR_1_TRANSPOSITION,1,87078915,,#SHOWEM,2016-06-21,602,showem,ABANDONED-FAILURE TO RESPOND OR LATE RESPONSE,Dead/Abandoned,False,035,True
410,NEAR_1_SUBSTITUTION,1,86956532,5077348,SHOWMB,2016-03-29,710,showmb,CANCELLED - SECTION 8,Dead/Cancelled,False,,False
410,NEAR_1_SUBSTITUTION,1,86801515,,SLOW.ME,2015-10-28,606,slowme,ABANDONED - NO STATEMENT OF USE FILED,Dead/Abandoned,False,035,True
410,NEAR_1_INSERTION,1,79172146,5430345,SHOW4ME,2015-06-18,404,show4me,IR CANCELLED; US REGISTRATION CANCELLED,Dead/Cancelled,False,,False
410,NEAR_1_SUBSTITUTION,1,85232818,4117140,SHOE ME,2011-02-02,710,shoeme,CANCELLED - SECTION 8,Dead/Cancelled,False,,False
410,NEAR_1_DELETION,1,77905122,,SHOME,2010-01-05,606,shome,ABANDONED - NO STATEMENT OF USE FILED,Dead/Abandoned,False,037,False
410,NEAR_1_SUBSTITUTION,1,77279430,3785215,S'HOMME,2007-09-14,710,shomme,CANCELLED - SECTION 8,Dead/Cancelled,False,,False
410,NEAR_1_SUBSTITUTION,1,76279934,,SHOWFE',2001-07-02,606,showfe,ABANDONED - NO STATEMENT OF USE FILED,Dead/Abandoned,False,"038,042",False
410,NEAR_1_DELETION,1,78052737,,SHO ME,2001-03-13,602,shome,ABANDONED-FAILURE TO RESPOND OR LATE RESPONSE,Dead/Abandoned,False,025,False
410,NEAR_1_SUBSTITUTION,1,76165949,,SHOWFE',2000-11-13,602,showfe,ABANDONED-FAILURE TO RESPOND OR LATE RESPONSE,Dead/Abandoned,False,035,True
410,NEAR_1_SUBSTITUTION,1,76071169,,SHOWFE',2000-06-16,606,showfe,ABANDONED - NO STATEMENT OF USE FILED,Dead/Abandoned,False,042,False
410,NEAR_1_SUBSTITUTION,1,75877585,2528327,SHOPME,1999-12-21,710,shopme,CANCELLED - SECTION 8,Dead/Cancelled,False,,False
410,NEAR_1_DELETION,1,75672521,2329337,SHO-ME,1999-04-01,710,shome,CANCELLED - SECTION 8,Dead/Cancelled,False,,False
410,NEAR_1_DELETION,1,75458377,2528796,SHO-ME,1998-03-27,710,shome,CANCELLED - SECTION 8,Dead/Cancelled,False,,False
410,NEAR_1_INSERTION,1,74607790,1945454,SHOW ME 5,1994-12-07,710,showme5,CANCELLED - SECTION 8,Dead/Cancelled,False,,False
410,NEAR_1_INSERTION,1,74153443,,SHOW-ME'S,1991-04-02,602,showmes,ABANDONED-FAILURE TO RESPOND OR LATE RESPONSE,Dead/Abandoned,False,,False
410,NEAR_1_DELETION,1,73028077,1016933,SHO-ME,1974-07-29,900,shome,EXPIRED,Dead/Expired,False,,False
410,NEAR_1_SUBSTITUTION,1,88534447,,SHOEME,,622,shoeme,MISASSIGNED SERIAL NUMBER,Indifferent,False,024,False
411,NEAR_1_INSERTION,1,76536480,2864671,SEEK THE PROOF,2003-07-31,710,seektheproof,CANCELLED - SECTION 8,Dead/Cancelled,False,,False
412,NEAR_1_INSERTION,1,99806650,,I SEE WHY,2026-05-06,630,iseewhy,NEW APPLICATION - RECORD INITIALIZED NOT ASSIGNED TO EXAMINER,Live/Pending,True,010,True
412,NEAR_1_INSERTION,1,99547481,,ISEEWHY,2025-12-15,686,iseewhy,PUBLISHED FOR OPPOSITION,Live/Pending,True,009,False
412,NEAR_1_INSERTION,1,99547508,,ISEEWHY,2025-12-15,686,iseewhy,PUBLISHED FOR OPPOSITION,Live/Pending,True,025,False
412,NEAR_1_SUBSTITUTION,1,98915224,8018264,SEEWEY,2024-12-20,700,seewey,REGISTERED,Live/Registered,True,021,True
412,NEAR_1_SUBSTITUTION,1,97867054,,SEEWEY,2023-03-31,602,seewey,ABANDONED-FAILURE TO RESPOND OR LATE RESPONSE,Dead/Abandoned,False,020,False
412,NEAR_1_SUBSTITUTION,1,97088780,,SEEWEY,2021-10-22,602,seewey,ABANDONED-FAILURE TO RESPOND OR LATE RESPONSE,Dead/Abandoned,False,021,True
412,NEAR_1_SUBSTITUTION,1,90439654,,SEEPHY,2020-12-31,602,seephy,ABANDONED-FAILURE TO RESPOND OR LATE RESPONSE,Dead/Abandoned,False,011,False
412,NEAR_1_SUBSTITUTION,1,87164126,5181414,SEEWAY,2016-09-08,713,seeway,CANCELLED - SECTION 18,Dead/Cancelled,False,,False
412,NEAR_1_SUBSTITUTION,1,87019128,5272256,SEEWAY,2016-04-29,710,seeway,CANCELLED - SECTION 8,Dead/Cancelled,False,,False
412,NEAR_1_SUBSTITUTION,1,85063404,,SEEWHO,2010-06-15,606,seewho,ABANDONED - NO STATEMENT OF USE FILED,Dead/Abandoned,False,038,False
412,NEAR_1_SUBSTITUTION,1,77201705,,DEE WHY,2007-06-08,606,deewhy,ABANDONED - NO STATEMENT OF USE FILED,Dead/Abandoned,False,003,True
412,NEAR_1_SUBSTITUTION,1,72255582,0837441,SEE-WHO,1966-10-03,900,seewho,EXPIRED,Dead/Expired,False,,False
413,NEAR_1_SUBSTITUTION,1,99899783,,SEEYOW,2026-06-23,630,seeyow,NEW APPLICATION - RECORD INITIALIZED NOT ASSIGNED TO EXAMINER,Live/Pending,True,021,True
413,NEAR_1_SUBSTITUTION,1,98260229,,NEEHOW,2023-11-08,654,neehow,REPORT COMPLETED SUSPENSION CHECK - CASE STILL SUSPENDED,Live/Pending,True,011,False
413,NEAR_1_SUBSTITUTION,1,98257248,7549236,SEEHOM,2023-11-06,700,seehom,REGISTERED,Live/Registered,True,021,True
413,NEAR_1_SUBSTITUTION,1,97133277,6934539,SEEHOT,2021-11-19,700,seehot,REGISTERED,Live/Registered,True,009,False
413,NEAR_1_SUBSTITUTION,1,90737917,6745845,SEEHOT,2021-05-27,700,seehot,REGISTERED,Live/Registered,True,011,False
413,NEAR_1_SUBSTITUTION,1,90503672,,SEEHOM,2021-02-02,654,seehom,REPORT COMPLETED SUSPENSION CHECK - CASE STILL SUSPENDED,Live/Pending,True,021,True
413,NEAR_1_SUBSTITUTION,1,88544219,5989579,SEEWOW,2019-07-29,700,seewow,REGISTERED,Live/Registered,True,025,False
413,NEAR_1_SUBSTITUTION,1,98066058,,BEEHOW,2023-06-30,602,beehow,ABANDONED-FAILURE TO RESPOND OR LATE RESPONSE,Dead/Abandoned,False,025,False
413,NEAR_1_SUBSTITUTION,1,97149340,,SEEHOV,2021-11-30,606,seehov,ABANDONED - NO STATEMENT OF USE FILED,Dead/Abandoned,False,"009,035,036,038,039,042,045",True
413,NEAR_1_SUBSTITUTION,1,90380939,6675442,SEEHOL,2020-12-14,783,seehol,CANCELLED RECONSIDERED,Dead/Cancelled,False,,False
413,NEAR_1_SUBSTITUTION,1,90208845,6385335,SEEWOW,2020-09-25,783,seewow,CANCELLED RECONSIDERED,Dead/Cancelled,False,,False
413,NEAR_1_SUBSTITUTION,1,90208858,6385338,SEEWOW,2020-09-25,783,seewow,CANCELLED RECONSIDERED,Dead/Cancelled,False,,False
413,NEAR_1_SUBSTITUTION,1,90208884,6393929,SEEWOW,2020-09-25,783,seewow,CANCELLED RECONSIDERED,Dead/Cancelled,False,,False
413,NEAR_1_SUBSTITUTION,1,90208832,6385330,SEEWOW,2020-09-24,783,seewow,CANCELLED RECONSIDERED,Dead/Cancelled,False,,False
413,NEAR_1_SUBSTITUTION,1,79260357,5905989,SEE NOW,2018-12-04,709,seenow,CANCELLED SECTION 71,Dead/Cancelled,False,,False
413,NEAR_1_SUBSTITUTION,1,87834710,5589792,SESHOW,2018-03-15,710,seshow,CANCELLED - SECTION 8,Dead/Cancelled,False,,False
413,NEAR_1_INSERTION,1,85625247,,SEESHOW,2012-05-15,606,seeshow,ABANDONED - NO STATEMENT OF USE FILED,Dead/Abandoned,False,042,False
413,NEAR_1_SUBSTITUTION,1,75895798,,SEE NOW !,2000-01-11,602,seenow,ABANDONED-FAILURE TO RESPOND OR LATE RESPONSE,Dead/Abandoned,False,041,False
416,EXACT,0,85569901,4236975,BETTER JUDGMENT,2012-03-14,710,betterjudgment,CANCELLED - SECTION 8,Dead/Cancelled,False,,False
416,EXACT,0,85322970,,BETTER JUDGMENT.,2011-05-17,602,betterjudgment,ABANDONED-FAILURE TO RESPOND OR LATE RESPONSE,Dead/Abandoned,False,035,True
417,EXACT,0,86699141,4904895,GOOD JUDGMENT,2015-07-21,702,goodjudgment,SECTION 8 & 15-ACCEPTED AND ACKNOWLEDGED,Live/Registered,True,"035,041",True
420,NEAR_1_TRANSPOSITION,1,90451069,,NO EVIDENCE,2021-01-06,606,noevidence,ABANDONED - NO STATEMENT OF USE FILED,Dead/Abandoned,False,025,False
421,NEAR_1_SUBSTITUTION,1,86761095,,EYEVIDENCE,2015-09-18,606,eyevidence,ABANDONED - NO STATEMENT OF USE FILED,Dead/Abandoned,False,045,False
422,EXACT,0,87782543,5707535,BASEDON,2018-02-02,701,basedon,SECTION 8-ACCEPTED,Live/Registered,True,035,True
422,EXACT,0,87251313,5822194,BASED ON,2016-11-29,710,basedon,CANCELLED - SECTION 8,Dead/Cancelled,False,,False
422,NEAR_1_SUBSTITUTION,1,90174062,6353926,BASIDON,2020-09-11,700,basidon,REGISTERED,Live/Registered,True,009,False
422,NEAR_1_SUBSTITUTION,1,86531347,,BASEDIN,2015-02-11,602,basedin,ABANDONED-FAILURE TO RESPOND OR LATE RESPONSE,Dead/Abandoned,False,035,True
423,NEAR_1_DELETION,1,88127836,5735828,WELL BAKED,2018-09-21,710,wellbaked,CANCELLED - SECTION 8,Dead/Cancelled,False,,False
424,NEAR_1_INSERTION,1,98786409,,ICANPROVEIT,2024-10-04,602,icanproveit,ABANDONED-FAILURE TO RESPOND OR LATE RESPONSE,Dead/Abandoned,False,"009,042",False
425,NEAR_1_SUBSTITUTION,1,99910017,,CHECKOS,2026-06-28,630,checkos,NEW APPLICATION - RECORD INITIALIZED NOT ASSIGNED TO EXAMINER,Live/Pending,True,042,False
425,NEAR_1_INSERTION,1,99510625,,CHECKUPS,2025-11-21,661,checkups,RESPONSE AFTER NON-FINAL ACTION - ENTERED,Live/Pending,True,009,False
425,NEAR_1_SUBSTITUTION,1,99124916,,CHECKUP,2025-04-07,686,checkup,PUBLISHED FOR OPPOSITION,Live/Pending,True,031,False
425,NEAR_1_SUBSTITUTION,1,98674525,,CHECKUP,2024-07-30,760,checkup,EX PARTE APPEAL PENDING,Live/Pending,True,042,False
425,NEAR_1_SUBSTITUTION,1,98444013,8103786,CHECKUP,2024-03-11,700,checkup,REGISTERED,Live/Registered,True,005,True
425,NEAR_1_DELETION,1,79361877,7369707,CHECK´S,2022-11-10,700,checks,REGISTERED,Live/Registered,True,"005,030",True
425,NEAR_1_DELETION,1,97294198,8145717,CHECKS,2022-03-03,700,checks,REGISTERED,Live/Registered,True,042,False
425,NEAR_1_SUBSTITUTION,1,90069390,6423474,CHECKUP,2020-07-23,700,checkup,REGISTERED,Live/Registered,True,"005,010",True
425,NEAR_1_SUBSTITUTION,1,88500910,7185383,CHECKUP,2019-07-04,700,checkup,REGISTERED,Live/Registered,True,010,True
425,NEAR_1_SUBSTITUTION,1,76650249,3214552,CHECK UP,2005-11-14,800,checkup,REGISTERED AND RENEWED,Live/Registered,True,042,False
425,NEAR_1_INSERTION,1,78522748,3248244,CHECKUPS,2004-11-24,800,checkups,REGISTERED AND RENEWED,Live/Registered,True,031,False
425,NEAR_1_SUBSTITUTION,1,98366877,,CHECKUP,2024-01-19,606,checkup,ABANDONED - NO STATEMENT OF USE FILED,Dead/Abandoned,False,009,False
425,NEAR_1_SUBSTITUTION,1,88066580,,CHECKUP,2018-08-06,606,checkup,ABANDONED - NO STATEMENT OF USE FILED,Dead/Abandoned,False,"005,010",True
425,NEAR_1_SUBSTITUTION,1,88066851,,CHECKUP,2018-08-06,606,checkup,ABANDONED - NO STATEMENT OF USE FILED,Dead/Abandoned,False,"005,010",True
425,NEAR_1_SUBSTITUTION,1,88021007,,CHECKUP,2018-06-29,602,checkup,ABANDONED-FAILURE TO RESPOND OR LATE RESPONSE,Dead/Abandoned,False,009,False
425,NEAR_1_SUBSTITUTION,1,87105217,,CHECKUP,2016-07-15,602,checkup,ABANDONED-FAILURE TO RESPOND OR LATE RESPONSE,Dead/Abandoned,False,009,False
425,NEAR_1_INSERTION,1,87010466,5230686,CHECKUPS,2016-04-22,710,checkups,CANCELLED - SECTION 8,Dead/Cancelled,False,,False
425,NEAR_1_SUBSTITUTION,1,86341543,,CHECKUP,2014-07-18,602,checkup,ABANDONED-FAILURE TO RESPOND OR LATE RESPONSE,Dead/Abandoned,False,044,True
425,NEAR_1_SUBSTITUTION,1,85315639,4104665,CHECKUP,2011-05-09,710,checkup,CANCELLED - SECTION 8,Dead/Cancelled,False,,False
425,NEAR_1_INSERTION,1,78883565,,CHECKUPS,2006-05-15,602,checkups,ABANDONED-FAILURE TO RESPOND OR LATE RESPONSE,Dead/Abandoned,False,044,True
425,NEAR_1_SUBSTITUTION,1,78867877,,CHECK UP,2006-04-24,602,checkup,ABANDONED-FAILURE TO RESPOND OR LATE RESPONSE,Dead/Abandoned,False,044,True
425,NEAR_1_SUBSTITUTION,1,78378079,,CHECK-UP,2004-03-03,606,checkup,ABANDONED - NO STATEMENT OF USE FILED,Dead/Abandoned,False,016,False
425,NEAR_1_SUBSTITUTION,1,78318998,,CHECK-UP,2003-10-27,602,checkup,ABANDONED-FAILURE TO RESPOND OR LATE RESPONSE,Dead/Abandoned,False,044,True
425,NEAR_1_SUBSTITUTION,1,76489711,2876319,CHECK UP,2003-02-11,710,checkup,CANCELLED - SECTION 8,Dead/Cancelled,False,,False
425,NEAR_1_DELETION,1,78173218,2756296,CHECKS,2002-10-10,710,checks,CANCELLED - SECTION 8,Dead/Cancelled,False,,False
425,NEAR_1_SUBSTITUTION,1,76312066,,CHECKUP,2001-09-17,602,checkup,ABANDONED-FAILURE TO RESPOND OR LATE RESPONSE,Dead/Abandoned,False,035,True
425,NEAR_1_DELETION,1,75113783,,CHECKS,1996-06-04,602,checks,ABANDONED-FAILURE TO RESPOND OR LATE RESPONSE,Dead/Abandoned,False,,False
425,NEAR_1_SUBSTITUTION,1,74434718,,CHECKUP,1993-09-13,606,checkup,ABANDONED - NO STATEMENT OF USE FILED,Dead/Abandoned,False,,False
425,NEAR_1_SUBSTITUTION,1,74434926,1932049,CHECK UP,1993-09-13,710,checkup,CANCELLED - SECTION 8,Dead/Cancelled,False,,False
425,NEAR_1_SUBSTITUTION,1,74360376,1876236,CHECKUP,1993-02-19,710,checkup,CANCELLED - SECTION 8,Dead/Cancelled,False,,False
425,NEAR_1_SUBSTITUTION,1,74155819,1711046,CHECK UP,1991-04-10,710,checkup,CANCELLED - SECTION 8,Dead/Cancelled,False,,False
425,NEAR_1_INSERTION,1,74086810,,CHECK-UPS,1990-08-10,602,checkups,ABANDONED-FAILURE TO RESPOND OR LATE RESPONSE,Dead/Abandoned,False,,False
425,NEAR_1_INSERTION,1,74048213,1633061,CHECKUPS,1990-04-11,710,checkups,CANCELLED - SECTION 8,Dead/Cancelled,False,,False
425,NEAR_1_SUBSTITUTION,1,73681766,,CHECKUP,1987-08-31,602,checkup,ABANDONED-FAILURE TO RESPOND OR LATE RESPONSE,Dead/Abandoned,False,,False
425,NEAR_1_SUBSTITUTION,1,73572312,1402820,CHECK-UP,1985-12-09,710,checkup,CANCELLED - SECTION 8,Dead/Cancelled,False,,False
425,NEAR_1_SUBSTITUTION,1,73459365,,CHECK-UP,1984-01-03,604,checkup,ABANDONED - AFTER INTER-PARTES DECISION,Dead/Abandoned,False,,False
425,NEAR_1_SUBSTITUTION,1,73403035,1266788,CHECK.UP,1982-11-18,710,checkup,CANCELLED - SECTION 8,Dead/Cancelled,False,,False
425,NEAR_1_SUBSTITUTION,1,73234996,1243975,CHECK-UP,1979-10-12,710,checkup,CANCELLED - SECTION 8,Dead/Cancelled,False,,False
425,NEAR_1_SUBSTITUTION,1,73192304,1156631,CHECKUP,1978-11-06,710,checkup,CANCELLED - SECTION 8,Dead/Cancelled,False,,False
425,NEAR_1_SUBSTITUTION,1,73154097,1112711,CHECK-UP,1978-01-03,710,checkup,CANCELLED - SECTION 8,Dead/Cancelled,False,,False
425,NEAR_1_SUBSTITUTION,1,73154095,1123241,CHECK-UP,1977-01-03,710,checkup,CANCELLED - SECTION 8,Dead/Cancelled,False,,False
425,NEAR_1_DELETION,1,71624441,0566181,CHECKS,1952-02-02,900,checks,EXPIRED,Dead/Expired,False,,False
426,NEAR_1_SUBSTITUTION,1,99465780,,NO FLUFF,2025-10-28,641,nofluff,NON-FINAL ACTION - MAILED,Live/Pending,True,"035,042",True
426,NEAR_1_SUBSTITUTION,1,99204854,,NO FLUFF,2025-05-27,688,nofluff,NOTICE OF ALLOWANCE - ISSUED,Live/Pending,True,005,True
426,NEAR_1_SUBSTITUTION,1,98540273,7694582,NO FLUFF,2024-05-08,700,nofluff,REGISTERED,Live/Registered,True,041,False
426,NEAR_1_SUBSTITUTION,1,97079900,6997999,NO FLUFF,2021-10-18,700,nofluff,REGISTERED,Live/Registered,True,030,False
426,NEAR_1_SUBSTITUTION,1,98402997,,NO FLUFF,2024-02-13,601,nofluff,ABANDONED - EXPRESS,Dead/Abandoned,False,016,False
426,NEAR_1_SUBSTITUTION,1,87544056,,NO FLUFF,2017-07-26,602,nofluff,ABANDONED-FAILURE TO RESPOND OR LATE RESPONSE,Dead/Abandoned,False,041,False
426,NEAR_1_DELETION,1,71580244,0560373,NO-BUFF,1949-06-10,900,nobuff,EXPIRED,Dead/Expired,False,,False
429,EXACT,0,88586605,7347063,BROAD DAYLIGHT,2019-08-21,700,broaddaylight,REGISTERED,Live/Registered,True,035,True
429,EXACT,0,88234356,5979394,BROAD DAYLIGHT,2018-12-18,700,broaddaylight,REGISTERED,Live/Registered,True,"035,041",True
429,EXACT,0,90858138,,BROAD DAYLIGHT,2021-07-30,606,broaddaylight,ABANDONED - NO STATEMENT OF USE FILED,Dead/Abandoned,False,025,False
429,EXACT,0,90795102,,BROAD DAYLIGHT,2021-06-25,606,broaddaylight,ABANDONED - NO STATEMENT OF USE FILED,Dead/Abandoned,False,003,True
429,EXACT,0,90795114,,BROAD DAYLIGHT,2021-06-25,606,broaddaylight,ABANDONED - NO STATEMENT OF USE FILED,Dead/Abandoned,False,005,True
429,EXACT,0,78657350,,BROADDAYLIGHT,2005-06-23,602,broaddaylight,ABANDONED-FAILURE TO RESPOND OR LATE RESPONSE,Dead/Abandoned,False,009,False
429,EXACT,0,76024789,2449130,BROAD DAYLIGHT,2000-04-14,710,broaddaylight,CANCELLED - SECTION 8,Dead/Cancelled,False,,False
429,NEAR_1_SUBSTITUTION,1,75413933,,BROADWAY LIGHT,1998-01-05,602,broadwaylight,ABANDONED-FAILURE TO RESPOND OR LATE RESPONSE,Dead/Abandoned,False,,False
430,EXACT,0,98199815,7756126,OUT IN FRONT,2023-09-27,700,outinfront,REGISTERED,Live/Registered,True,"035,039",True
430,EXACT,0,77064754,3395488,OUT IN FRONT,2006-12-14,800,outinfront,REGISTERED AND RENEWED,Live/Registered,True,035,True
430,EXACT,0,74309949,2029058,OUT IN FRONT,1992-09-02,800,outinfront,REGISTERED AND RENEWED,Live/Registered,True,036,False
430,EXACT,0,77505905,3567552,OUT IN FRONT,2008-06-23,710,outinfront,CANCELLED - SECTION 8,Dead/Cancelled,False,,False
430,EXACT,0,74309950,2029059,OUT IN FRONT,1992-09-02,710,outinfront,CANCELLED - SECTION 8,Dead/Cancelled,False,,False
431,EXACT,0,88824493,,IN THE OPEN,2020-03-06,606,intheopen,ABANDONED - NO STATEMENT OF USE FILED,Dead/Abandoned,False,"041,043",False
431,EXACT,0,71510277,0515243,IN THE OPEN,1946-10-04,710,intheopen,CANCELLED - SECTION 8,Dead/Cancelled,False,,False
432,EXACT,0,97049540,6899001,OUT IN THE OPEN,2021-09-28,700,outintheopen,REGISTERED,Live/Registered,True,"036,041",False
432,EXACT,0,86347794,,OUT IN THE OPEN,2014-07-25,606,outintheopen,ABANDONED - NO STATEMENT OF USE FILED,Dead/Abandoned,False,025,False
433,EXACT,0,75832271,2397765,OPEN WIDE,1999-10-26,800,openwide,REGISTERED AND RENEWED,Live/Registered,True,010,True
433,EXACT,0,99236784,,OPEN WIDE,2025-06-16,602,openwide,ABANDONED-FAILURE TO RESPOND OR LATE RESPONSE,Dead/Abandoned,False,"009,016,041",False
433,EXACT,0,76707192,,OPEN WIDE,2011-04-11,601,openwide,ABANDONED - EXPRESS,Dead/Abandoned,False,044,True
433,EXACT,0,77717671,,OPEN WIDE,2009-04-20,606,openwide,ABANDONED - NO STATEMENT OF USE FILED,Dead/Abandoned,False,041,False
433,EXACT,0,78600378,,OPEN-WIDE!,2005-04-01,606,openwide,ABANDONED - NO STATEMENT OF USE FILED,Dead/Abandoned,False,016,False
433,EXACT,0,76576108,,OPEN WIDE,2004-02-11,606,openwide,ABANDONED - NO STATEMENT OF USE FILED,Dead/Abandoned,False,021,True
433,EXACT,0,76044723,2473396,OPEN WIDE,2000-05-09,710,openwide,CANCELLED - SECTION 8,Dead/Cancelled,False,,False
433,EXACT,0,75689291,2329504,OPEN WIDE,1999-04-22,710,openwide,CANCELLED - SECTION 8,Dead/Cancelled,False,,False
433,EXACT,0,75019526,2017487,OPEN WIDE,1995-11-14,710,openwide,CANCELLED - SECTION 8,Dead/Cancelled,False,,False
433,EXACT,0,74598464,1959445,OPEN WIDE,1994-11-14,710,openwide,CANCELLED - SECTION 8,Dead/Cancelled,False,,False
433,EXACT,0,74388758,,OPEN WIDE,1993-05-06,606,openwide,ABANDONED - NO STATEMENT OF USE FILED,Dead/Abandoned,False,,False
433,EXACT,0,74280409,1874744,OPEN WIDE,1992-06-01,710,openwide,CANCELLED - SECTION 8,Dead/Cancelled,False,,False
433,EXACT,0,74225790,1709883,OPEN WIDE,1991-11-25,710,openwide,CANCELLED - SECTION 8,Dead/Cancelled,False,,False
433,EXACT,0,74071248,1642921,OPEN WIDE,1990-06-21,710,openwide,CANCELLED - SECTION 8,Dead/Cancelled,False,,False
433,EXACT,0,73285108,,OPEN WIDE,1980-11-07,618,openwide,ABANDONED FILE - BACKFILE,Dead/Abandoned,False,,False
433,NEAR_1_SUBSTITUTION,1,99676360,,OPEN TIDE,2026-03-01,641,opentide,NON-FINAL ACTION - MAILED,Live/Pending,True,025,False
433,NEAR_1_SUBSTITUTION,1,78164492,2837344,OPENWIRE,2002-09-16,800,openwire,REGISTERED AND RENEWED,Live/Registered,True,009,False
433,NEAR_1_SUBSTITUTION,1,79362618,,OPEN RIDE,2023-01-19,602,openride,ABANDONED-FAILURE TO RESPOND OR LATE RESPONSE,Dead/Abandoned,False,"009,016,024,025,028,035,038,041,043,044,045",True
433,NEAR_1_SUBSTITUTION,1,90855033,,OPEN WINE,2021-07-29,602,openwine,ABANDONED-FAILURE TO RESPOND OR LATE RESPONSE,Dead/Abandoned,False,009,False
433,NEAR_1_SUBSTITUTION,1,79264366,,OPEN WINE,2019-05-22,602,openwine,ABANDONED-FAILURE TO RESPOND OR LATE RESPONSE,Dead/Abandoned,False,"009,038,042",False
433,NEAR_1_SUBSTITUTION,1,87028811,,OPENRIDE,2016-05-07,606,openride,ABANDONED - NO STATEMENT OF USE FILED,Dead/Abandoned,False,009,False
433,NEAR_1_SUBSTITUTION,1,87028812,5235009,OPENRIDE,2016-05-07,710,openride,CANCELLED - SECTION 8,Dead/Cancelled,False,,False
433,NEAR_1_SUBSTITUTION,1,85167905,,OPEN WIRE,2010-11-03,606,openwire,ABANDONED - NO STATEMENT OF USE FILED,Dead/Abandoned,False,"041,042",False
433,NEAR_1_SUBSTITUTION,1,78733633,3259461,OPENRIDE,2005-10-14,710,openride,CANCELLED - SECTION 8,Dead/Cancelled,False,,False
433,NEAR_1_SUBSTITUTION,1,78733637,3184982,OPENRIDE,2005-10-14,710,openride,CANCELLED - SECTION 8,Dead/Cancelled,False,,False
433,NEAR_1_SUBSTITUTION,1,78733641,3277494,OPENRIDE,2005-10-14,710,openride,CANCELLED - SECTION 8,Dead/Cancelled,False,,False
433,NEAR_1_SUBSTITUTION,1,76094191,3161232,OPENTIDE,2000-07-24,710,opentide,CANCELLED - SECTION 8,Dead/Cancelled,False,,False
433,NEAR_1_SUBSTITUTION,1,74142465,,OPEN SIDE,1991-02-26,606,openside,ABANDONED - NO STATEMENT OF USE FILED,Dead/Abandoned,False,,False
435,EXACT,0,78134061,2693554,ON THE PAGE,2002-06-07,800,onthepage,REGISTERED AND RENEWED,Live/Registered,True,041,False
436,EXACT,0,86936518,5056530,PAGEPROOF,2016-03-10,701,pageproof,SECTION 8-ACCEPTED,Live/Registered,True,042,False
436,EXACT,0,79168839,,PAGEPROOF,2015-05-20,402,pageproof,IR CANCELLED; US APPLICATION ABANDONED,Dead/Abandoned,False,,False
436,NEAR_1_DELETION,1,90335367,,AGE PROOF,2020-11-22,602,ageproof,ABANDONED-FAILURE TO RESPOND OR LATE RESPONSE,Dead/Abandoned,False,005,True
436,NEAR_1_DELETION,1,87356097,5449750,AGEPROOF,2017-03-02,710,ageproof,CANCELLED - SECTION 8,Dead/Cancelled,False,,False
436,NEAR_1_DELETION,1,87356122,5465796,AGEPROOF,2017-03-02,710,ageproof,CANCELLED - SECTION 8,Dead/Cancelled,False,,False
436,NEAR_1_DELETION,1,87356133,5449752,AGEPROOF,2017-03-02,710,ageproof,CANCELLED - SECTION 8,Dead/Cancelled,False,,False
436,NEAR_1_DELETION,1,71444964,0408237,AGEPROOF,1941-06-30,710,ageproof,CANCELLED - SECTION 8,Dead/Cancelled,False,,False
437,NEAR_1_DELETION,1,88949303,6451566,FULLLIT,2020-06-05,700,fulllit,REGISTERED,Live/Registered,True,008,False
437,NEAR_1_SUBSTITUTION,1,88573022,6122684,PULL LIST,2019-08-09,700,pulllist,REGISTERED,Live/Registered,True,009,False
437,NEAR_1_SUBSTITUTION,1,88573045,6122685,PULL LIST,2019-08-09,700,pulllist,REGISTERED,Live/Registered,True,041,False
437,NEAR_1_SUBSTITUTION,1,77889543,3905568,FULL-LIFT,2009-12-09,710,fulllift,CANCELLED - SECTION 8,Dead/Cancelled,False,,False
437,NEAR_1_SUBSTITUTION,1,73729313,1519529,FULL LIFT,1988-05-19,710,fulllift,CANCELLED - SECTION 8,Dead/Cancelled,False,,False
438,EXACT,0,78560817,3288689,OPENLIST,2005-02-04,710,openlist,CANCELLED - SECTION 8,Dead/Cancelled,False,,False
438,NEAR_1_SUBSTITUTION,1,98606736,8189265,OPERLIST,2024-06-18,700,operlist,REGISTERED,Live/Registered,True,035,True
438,NEAR_1_DELETION,1,99212564,,OPENLIT,2025-06-01,602,openlit,ABANDONED-FAILURE TO RESPOND OR LATE RESPONSE,Dead/Abandoned,False,042,False
438,NEAR_1_SUBSTITUTION,1,75657357,2422716,OPENDIST,1999-03-10,710,opendist,CANCELLED - SECTION 8,Dead/Cancelled,False,,False
438,NEAR_1_SUBSTITUTION,1,75278729,,OPENLINT,1997-04-14,602,openlint,ABANDONED-FAILURE TO RESPOND OR LATE RESPONSE,Dead/Abandoned,False,"009,016",False
439,EXACT,0,88819874,6152755,LIST IT,2020-03-04,700,listit,REGISTERED,Live/Registered,True,041,False
439,EXACT,0,90837863,,LIST IT,2021-07-20,606,listit,ABANDONED - NO STATEMENT OF USE FILED,Dead/Abandoned,False,036,False
439,EXACT,0,90798055,,LIST IT,2021-06-28,601,listit,ABANDONED - EXPRESS,Dead/Abandoned,False,036,False
439,EXACT,0,90158661,,LIST IT,2020-09-04,606,listit,ABANDONED - NO STATEMENT OF USE FILED,Dead/Abandoned,False,041,False
439,EXACT,0,86423999,,LIST IT,2014-10-14,606,listit,ABANDONED - NO STATEMENT OF USE FILED,Dead/Abandoned,False,028,False
439,EXACT,0,77122588,,LIST-IT!,2007-03-05,602,listit,ABANDONED-FAILURE TO RESPOND OR LATE RESPONSE,Dead/Abandoned,False,009,False
439,EXACT,0,78700582,3203620,LISTIT,2005-08-25,710,listit,CANCELLED - SECTION 8,Dead/Cancelled,False,,False
439,EXACT,0,75597739,2325858,LIST- IT,1998-12-01,710,listit,CANCELLED - SECTION 8,Dead/Cancelled,False,,False
439,EXACT,0,73075673,1075491,LIST.IT,1976-01-29,710,listit,CANCELLED - SECTION 8,Dead/Cancelled,False,,False
439,NEAR_1_SUBSTITUTION,1,99811839,,LIFT-IT,2026-05-08,630,liftit,NEW APPLICATION - RECORD INITIALIZED NOT ASSIGNED TO EXAMINER,Live/Pending,True,006,False
439,NEAR_1_SUBSTITUTION,1,99049019,,LIFT IT,2025-02-20,730,liftit,FIRST EXTENSION - GRANTED,Live/Pending,True,028,False
439,NEAR_1_SUBSTITUTION,1,99009504,7967775,LISWIT,2025-01-17,700,liswit,REGISTERED,Live/Registered,True,016,False
439,NEAR_1_SUBSTITUTION,1,98907969,,LISTIQ,2024-12-17,819,listiq,SU - REGISTRATION REVIEW COMPLETE,Live/Pending,True,042,False
439,NEAR_1_SUBSTITUTION,1,97884766,7603936,LIFT IT.,2023-04-12,700,liftit,REGISTERED,Live/Registered,True,020,False
439,NEAR_1_SUBSTITUTION,1,97744809,7509232,LOSTIT,2023-01-06,700,lostit,REGISTERED,Live/Registered,True,009,False
439,NEAR_1_SUBSTITUTION,1,97697112,,LIFT-IT!,2022-11-30,733,liftit,FOURTH EXTENSION - GRANTED,Live/Pending,True,020,False
439,NEAR_1_SUBSTITUTION,1,97592311,7206026,LISWIT,2022-09-15,700,liswit,REGISTERED,Live/Registered,True,021,True
439,NEAR_1_INSERTION,1,97577574,7239832,LISTKIT,2022-09-02,700,listkit,REGISTERED,Live/Registered,True,035,True
439,NEAR_1_SUBSTITUTION,1,97561813,7496495,LIFTIT,2022-08-24,700,liftit,REGISTERED,Live/Registered,True,009,False
439,NEAR_1_SUBSTITUTION,1,90861669,6825979,LIBTIT,2021-08-02,700,libtit,REGISTERED,Live/Registered,True,011,False
439,NEAR_1_INSERTION,1,90557848,6663546,LISTFIT,2021-03-03,700,listfit,REGISTERED,Live/Registered,True,035,True
439,NEAR_1_SUBSTITUTION,1,90238667,6506073,LISTIJ,2020-10-06,700,listij,REGISTERED,Live/Registered,True,009,False
439,NEAR_1_SUBSTITUTION,1,86323907,4837745,LISTID,2014-06-30,800,listid,REGISTERED AND RENEWED,Live/Registered,True,035,True
439,NEAR_1_SUBSTITUTION,1,85439824,4265513,LIFT IT,2011-10-05,800,liftit,REGISTERED AND RENEWED,Live/Registered,True,003,True
439,NEAR_1_SUBSTITUTION,1,77962648,3867125,LISTIA,2010-03-18,800,listia,REGISTERED AND RENEWED,Live/Registered,True,035,True
439,NEAR_1_SUBSTITUTION,1,75301944,2182156,LIFT-IT,1997-06-02,800,liftit,REGISTERED AND RENEWED,Live/Registered,True,022,False
439,NEAR_1_SUBSTITUTION,1,98605336,,LISTIO,2024-06-17,602,listio,ABANDONED-FAILURE TO RESPOND OR LATE RESPONSE,Dead/Abandoned,False,042,False
439,NEAR_1_INSERTION,1,97730645,,ULISTIT,2022-12-23,606,ulistit,ABANDONED - NO STATEMENT OF USE FILED,Dead/Abandoned,False,036,False
439,NEAR_1_DELETION,1,97252065,,LIT.IT,2022-02-03,602,litit,ABANDONED-FAILURE TO RESPOND OR LATE RESPONSE,Dead/Abandoned,False,"009,035,036",True
439,NEAR_1_INSERTION,1,90077606,,LISTFIT,2020-07-28,602,listfit,ABANDONED-FAILURE TO RESPOND OR LATE RESPONSE,Dead/Abandoned,False,042,False
439,NEAR_1_SUBSTITUTION,1,88326677,,LIFT-IT,2019-03-05,602,liftit,ABANDONED-FAILURE TO RESPOND OR LATE RESPONSE,Dead/Abandoned,False,021,True
439,NEAR_1_SUBSTITUTION,1,88318452,,LOST IT!,2019-02-27,602,lostit,ABANDONED-FAILURE TO RESPOND OR LATE RESPONSE,Dead/Abandoned,False,036,False
439,NEAR_1_SUBSTITUTION,1,88183375,,LOST IT!,2018-11-06,602,lostit,ABANDONED-FAILURE TO RESPOND OR LATE RESPONSE,Dead/Abandoned,False,042,False
439,NEAR_1_SUBSTITUTION,1,88041676,,LISTID,2018-07-17,606,listid,ABANDONED - NO STATEMENT OF USE FILED,Dead/Abandoned,False,042,False
439,NEAR_1_SUBSTITUTION,1,87322075,,#LIFTIT,2017-02-02,606,liftit,ABANDONED - NO STATEMENT OF USE FILED,Dead/Abandoned,False,025,False
439,NEAR_1_SUBSTITUTION,1,85662133,,LIFTIT,2012-06-26,606,liftit,ABANDONED - NO STATEMENT OF USE FILED,Dead/Abandoned,False,007,False
439,NEAR_1_SUBSTITUTION,1,85289294,,LIFT IT,2011-04-07,606,liftit,ABANDONED - NO STATEMENT OF USE FILED,Dead/Abandoned,False,029,False
439,NEAR_1_SUBSTITUTION,1,77969678,,LIFT-IT,2010-03-26,606,liftit,ABANDONED - NO STATEMENT OF USE FILED,Dead/Abandoned,False,009,False
439,NEAR_1_SUBSTITUTION,1,76510165,3268722,LISTIQ,2003-04-28,710,listiq,CANCELLED - SECTION 8,Dead/Cancelled,False,,False
439,NEAR_1_SUBSTITUTION,1,76155569,2600456,GISTIT,2000-10-27,710,gistit,CANCELLED - SECTION 8,Dead/Cancelled,False,,False
439,NEAR_1_INSERTION,1,75835444,,ELISTIT,1999-11-17,602,elistit,ABANDONED-FAILURE TO RESPOND OR LATE RESPONSE,Dead/Abandoned,False,036,False
439,NEAR_1_SUBSTITUTION,1,75552641,,NIST IT,1998-09-14,602,nistit,ABANDONED-FAILURE TO RESPOND OR LATE RESPONSE,Dead/Abandoned,False,042,False
439,NEAR_1_SUBSTITUTION,1,75224558,2121730,LIFT IT,1997-01-13,710,liftit,CANCELLED - SECTION 8,Dead/Cancelled,False,,False
439,NEAR_1_SUBSTITUTION,1,74329115,,LIFTIT,1992-11-04,602,liftit,ABANDONED-FAILURE TO RESPOND OR LATE RESPONSE,Dead/Abandoned,False,,False
439,NEAR_1_SUBSTITUTION,1,74298094,1891680,LIFT IT,1992-07-27,710,liftit,CANCELLED - SECTION 8,Dead/Cancelled,False,,False
439,NEAR_1_SUBSTITUTION,1,74239990,1721423,LIFT-IT,1992-01-24,710,liftit,CANCELLED - SECTION 8,Dead/Cancelled,False,,False
439,NEAR_1_SUBSTITUTION,1,73293598,,LIFT IT,1981-02-26,618,liftit,ABANDONED FILE - BACKFILE,Dead/Abandoned,False,,False
439,NEAR_1_SUBSTITUTION,1,73096578,1068982,LIFTIT,1976-08-13,710,liftit,CANCELLED - SECTION 8,Dead/Cancelled,False,,False
