RawOrder,WorldRank,World,ExerciseNumber,Exercise,Form,Origin,Source,Name,Normalized
1,1,Time and Skin Longevity,1,Make the intangible tangible,"Authentic object, tool, gesture, or process",systematic generation,world objects and instruments,Backlist,backlist
2,1,Time and Skin Longevity,1,Make the intangible tangible,"Authentic object, tool, gesture, or process",systematic generation,world objects and instruments,Running Edition,runningedition
3,1,Time and Skin Longevity,1,Make the intangible tangible,"Authentic object, tool, gesture, or process",systematic generation,world objects and instruments,Serial Number,serialnumber
4,1,Time and Skin Longevity,1,Make the intangible tangible,"Authentic object, tool, gesture, or process",systematic generation,world objects and instruments,Volume Mark,volumemark
5,1,Time and Skin Longevity,1,Make the intangible tangible,"Authentic object, tool, gesture, or process",systematic generation,world objects and instruments,Sustain Pedal,sustainpedal
6,1,Time and Skin Longevity,1,Make the intangible tangible,"Authentic object, tool, gesture, or process",systematic generation,world objects and instruments,Long Play,longplay
7,1,Time and Skin Longevity,1,Make the intangible tangible,"Authentic object, tool, gesture, or process",systematic generation,world objects and instruments,Service Interval,serviceinterval
8,1,Time and Skin Longevity,1,Make the intangible tangible,"Authentic object, tool, gesture, or process",systematic generation,world objects and instruments,Maintenance Log,maintenancelog
9,1,Time and Skin Longevity,1,Make the intangible tangible,"Authentic object, tool, gesture, or process",systematic generation,world objects and instruments,Flight Hour,flighthour
10,1,Time and Skin Longevity,1,Make the intangible tangible,"Authentic object, tool, gesture, or process",systematic generation,world objects and instruments,Odometer,odometer
11,1,Time and Skin Longevity,1,Make the intangible tangible,"Authentic object, tool, gesture, or process",systematic generation,world objects and instruments,Generation Line,generationline
12,1,Time and Skin Longevity,1,Make the intangible tangible,"Authentic object, tool, gesture, or process",systematic generation,world objects and instruments,Relay Baton,relaybaton
13,1,Time and Skin Longevity,1,Make the intangible tangible,"Authentic object, tool, gesture, or process",systematic generation,world objects and instruments,Edition Notice,editionnotice
14,1,Time and Skin Longevity,1,Make the intangible tangible,"Authentic object, tool, gesture, or process",systematic generation,world objects and instruments,Continuity Sheet,continuitysheet
15,1,Time and Skin Longevity,1,Make the intangible tangible,"Authentic object, tool, gesture, or process",systematic generation,world objects and instruments,Running Order,runningorder
16,1,Time and Skin Longevity,1,Make the intangible tangible,"Authentic object, tool, gesture, or process",systematic generation,world objects and instruments,Endurance Gauge,endurancegauge
17,1,Time and Skin Longevity,1,Make the intangible tangible,"Authentic object, tool, gesture, or process",systematic generation,world objects and instruments,Life Table,lifetable
18,1,Time and Skin Longevity,1,Make the intangible tangible,"Authentic object, tool, gesture, or process",systematic generation,world objects and instruments,Sequence Card,sequencecard
19,1,Time and Skin Longevity,1,Make the intangible tangible,"Authentic object, tool, gesture, or process",systematic generation,world objects and instruments,Reissue Stamp,reissuestamp
20,1,Time and Skin Longevity,1,Make the intangible tangible,"Authentic object, tool, gesture, or process",systematic generation,world objects and instruments,Return Date,returndate
21,1,Time and Skin Longevity,1,Make the intangible tangible,"Authentic object, tool, gesture, or process",systematic generation,tangible object matrix,Full Backlist,fullbacklist
22,1,Time and Skin Longevity,1,Make the intangible tangible,"Authentic object, tool, gesture, or process",systematic generation,tangible object matrix,Full Running Edition,fullrunningedition
23,1,Time and Skin Longevity,1,Make the intangible tangible,"Authentic object, tool, gesture, or process",systematic generation,tangible object matrix,Full Edition Notice,fulleditionnotice
24,1,Time and Skin Longevity,1,Make the intangible tangible,"Authentic object, tool, gesture, or process",systematic generation,tangible object matrix,Full Life Table,fulllifetable
25,1,Time and Skin Longevity,1,Make the intangible tangible,"Authentic object, tool, gesture, or process",systematic generation,tangible object matrix,Full Reissue Stamp,fullreissuestamp
26,1,Time and Skin Longevity,1,Make the intangible tangible,"Authentic object, tool, gesture, or process",systematic generation,tangible object matrix,Open Running Edition,openrunningedition
27,1,Time and Skin Longevity,1,Make the intangible tangible,"Authentic object, tool, gesture, or process",systematic generation,tangible object matrix,Open Volume Mark,openvolumemark
28,1,Time and Skin Longevity,1,Make the intangible tangible,"Authentic object, tool, gesture, or process",systematic generation,tangible object matrix,Open Long Play,openlongplay
29,1,Time and Skin Longevity,1,Make the intangible tangible,"Authentic object, tool, gesture, or process",systematic generation,tangible object matrix,Open Flight Hour,openflighthour
30,1,Time and Skin Longevity,1,Make the intangible tangible,"Authentic object, tool, gesture, or process",systematic generation,tangible object matrix,Open Edition Notice,openeditionnotice
31,1,Time and Skin Longevity,1,Make the intangible tangible,"Authentic object, tool, gesture, or process",systematic generation,tangible object matrix,Open Continuity Sheet,opencontinuitysheet
32,1,Time and Skin Longevity,1,Make the intangible tangible,"Authentic object, tool, gesture, or process",systematic generation,tangible object matrix,Open Life Table,openlifetable
33,1,Time and Skin Longevity,1,Make the intangible tangible,"Authentic object, tool, gesture, or process",systematic generation,tangible object matrix,Open Reissue Stamp,openreissuestamp
34,1,Time and Skin Longevity,1,Make the intangible tangible,"Authentic object, tool, gesture, or process",systematic generation,tangible object matrix,True Volume Mark,truevolumemark
35,1,Time and Skin Longevity,1,Make the intangible tangible,"Authentic object, tool, gesture, or process",systematic generation,tangible object matrix,True Sustain Pedal,truesustainpedal
36,1,Time and Skin Longevity,1,Make the intangible tangible,"Authentic object, tool, gesture, or process",systematic generation,tangible object matrix,True Long Play,truelongplay
37,1,Time and Skin Longevity,1,Make the intangible tangible,"Authentic object, tool, gesture, or process",systematic generation,tangible object matrix,True Service Interval,trueserviceinterval
38,1,Time and Skin Longevity,1,Make the intangible tangible,"Authentic object, tool, gesture, or process",systematic generation,tangible object matrix,True Maintenance Log,truemaintenancelog
39,1,Time and Skin Longevity,1,Make the intangible tangible,"Authentic object, tool, gesture, or process",systematic generation,tangible object matrix,True Flight Hour,trueflighthour
40,1,Time and Skin Longevity,1,Make the intangible tangible,"Authentic object, tool, gesture, or process",systematic generation,tangible object matrix,True Odometer,trueodometer
41,1,Time and Skin Longevity,1,Make the intangible tangible,"Authentic object, tool, gesture, or process",systematic generation,tangible object matrix,True Relay Baton,truerelaybaton
42,1,Time and Skin Longevity,1,Make the intangible tangible,"Authentic object, tool, gesture, or process",systematic generation,tangible object matrix,True Continuity Sheet,truecontinuitysheet
43,1,Time and Skin Longevity,2,Benefit ladder / ultimate feeling,Explicit benefit or proposition,hand-authored,round-two curated depth seed,Longer Still,longerstill
44,1,Time and Skin Longevity,2,Benefit ladder / ultimate feeling,Explicit benefit or proposition,hand-authored,round-two curated depth seed,Still Running,stillrunning
45,1,Time and Skin Longevity,2,Benefit ladder / ultimate feeling,Explicit benefit or proposition,systematic generation,benefit ladder,Longer Still,longerstill
46,1,Time and Skin Longevity,2,Benefit ladder / ultimate feeling,Explicit benefit or proposition,systematic generation,benefit ladder,More to Come,moretocome
47,1,Time and Skin Longevity,2,Benefit ladder / ultimate feeling,Explicit benefit or proposition,systematic generation,benefit ladder,Stays Current,stayscurrent
48,1,Time and Skin Longevity,2,Benefit ladder / ultimate feeling,Explicit benefit or proposition,systematic generation,benefit ladder,Keeps Its Place,keepsitsplace
49,1,Time and Skin Longevity,2,Benefit ladder / ultimate feeling,Explicit benefit or proposition,systematic generation,benefit ladder,Built for The Long Middle,builtforthelongmiddle
50,1,Time and Skin Longevity,2,Benefit ladder / ultimate feeling,Explicit benefit or proposition,systematic generation,benefit ladder,Good Over Time,goodovertime
51,1,Time and Skin Longevity,2,Benefit ladder / ultimate feeling,Explicit benefit or proposition,systematic generation,benefit ladder,Use After Use,useafteruse
52,1,Time and Skin Longevity,2,Benefit ladder / ultimate feeling,Explicit benefit or proposition,systematic generation,benefit ladder,Carries On Well,carriesonwell
53,1,Time and Skin Longevity,2,Benefit ladder / ultimate feeling,Explicit benefit or proposition,systematic generation,benefit ladder,More Life in It,morelifeinit
54,1,Time and Skin Longevity,2,Benefit ladder / ultimate feeling,Explicit benefit or proposition,systematic generation,benefit ladder,Ready for Another Year,readyforanotheryear
55,1,Time and Skin Longevity,2,Benefit ladder / ultimate feeling,Explicit benefit or proposition,systematic generation,benefit ladder,Worth Continuing,worthcontinuing
56,1,Time and Skin Longevity,2,Benefit ladder / ultimate feeling,Explicit benefit or proposition,systematic generation,benefit ladder,Holds Up Longer,holdsuplonger
57,1,Time and Skin Longevity,2,Benefit ladder / ultimate feeling,Explicit benefit or proposition,systematic generation,benefit ladder,A Better Long Run,abetterlongrun
58,1,Time and Skin Longevity,2,Benefit ladder / ultimate feeling,Explicit benefit or proposition,systematic generation,benefit ladder,Still in Progress,stillinprogress
59,1,Time and Skin Longevity,2,Benefit ladder / ultimate feeling,Explicit benefit or proposition,systematic generation,benefit ladder,Keeps Becoming,keepsbecoming
60,1,Time and Skin Longevity,2,Benefit ladder / ultimate feeling,Explicit benefit or proposition,systematic generation,benefit ladder,Made for The Ongoing,madefortheongoing
61,1,Time and Skin Longevity,2,Benefit ladder / ultimate feeling,Explicit benefit or proposition,systematic generation,benefit compression,More Current,morecurrent
62,1,Time and Skin Longevity,2,Benefit ladder / ultimate feeling,Explicit benefit or proposition,systematic generation,benefit compression,More Extend,moreextend
63,1,Time and Skin Longevity,2,Benefit ladder / ultimate feeling,Explicit benefit or proposition,systematic generation,benefit compression,More Duration,moreduration
64,1,Time and Skin Longevity,2,Benefit ladder / ultimate feeling,Explicit benefit or proposition,systematic generation,benefit compression,More Longrun,morelongrun
65,1,Time and Skin Longevity,2,Benefit ladder / ultimate feeling,Explicit benefit or proposition,systematic generation,benefit compression,Better Sustain,bettersustain
66,1,Time and Skin Longevity,2,Benefit ladder / ultimate feeling,Explicit benefit or proposition,systematic generation,benefit compression,Better Serial,betterserial
67,1,Time and Skin Longevity,2,Benefit ladder / ultimate feeling,Explicit benefit or proposition,systematic generation,benefit compression,Better Edition,betteredition
68,1,Time and Skin Longevity,2,Benefit ladder / ultimate feeling,Explicit benefit or proposition,systematic generation,benefit compression,Better Volume,bettervolume
69,1,Time and Skin Longevity,2,Benefit ladder / ultimate feeling,Explicit benefit or proposition,systematic generation,benefit compression,Better Ongoing,betterongoing
70,1,Time and Skin Longevity,2,Benefit ladder / ultimate feeling,Explicit benefit or proposition,systematic generation,benefit compression,Better Carry,bettercarry
71,1,Time and Skin Longevity,2,Benefit ladder / ultimate feeling,Explicit benefit or proposition,systematic generation,benefit compression,Better Remain,betterremain
72,1,Time and Skin Longevity,2,Benefit ladder / ultimate feeling,Explicit benefit or proposition,systematic generation,benefit compression,Better Continue,bettercontinue
73,1,Time and Skin Longevity,2,Benefit ladder / ultimate feeling,Explicit benefit or proposition,systematic generation,benefit compression,Better Succession,bettersuccession
74,1,Time and Skin Longevity,2,Benefit ladder / ultimate feeling,Explicit benefit or proposition,systematic generation,benefit compression,Better Afterward,betterafterward
75,1,Time and Skin Longevity,2,Benefit ladder / ultimate feeling,Explicit benefit or proposition,systematic generation,benefit compression,Better Nextward,betternextward
76,1,Time and Skin Longevity,2,Benefit ladder / ultimate feeling,Explicit benefit or proposition,systematic generation,benefit compression,Better Persist,betterpersist
77,1,Time and Skin Longevity,2,Benefit ladder / ultimate feeling,Explicit benefit or proposition,systematic generation,benefit compression,Full Sustain,fullsustain
78,1,Time and Skin Longevity,2,Benefit ladder / ultimate feeling,Explicit benefit or proposition,systematic generation,benefit compression,Full Serial,fullserial
79,1,Time and Skin Longevity,2,Benefit ladder / ultimate feeling,Explicit benefit or proposition,systematic generation,benefit compression,Full Edition,fulledition
80,1,Time and Skin Longevity,2,Benefit ladder / ultimate feeling,Explicit benefit or proposition,systematic generation,benefit compression,Full Volume,fullvolume
81,1,Time and Skin Longevity,2,Benefit ladder / ultimate feeling,Explicit benefit or proposition,systematic generation,benefit compression,Full Ongoing,fullongoing
82,1,Time and Skin Longevity,2,Benefit ladder / ultimate feeling,Explicit benefit or proposition,systematic generation,benefit compression,Full Carry,fullcarry
83,1,Time and Skin Longevity,2,Benefit ladder / ultimate feeling,Explicit benefit or proposition,systematic generation,benefit compression,Full Remain,fullremain
84,1,Time and Skin Longevity,2,Benefit ladder / ultimate feeling,Explicit benefit or proposition,systematic generation,benefit compression,Full Continue,fullcontinue
85,1,Time and Skin Longevity,2,Benefit ladder / ultimate feeling,Explicit benefit or proposition,systematic generation,benefit compression,Full Succession,fullsuccession
86,1,Time and Skin Longevity,2,Benefit ladder / ultimate feeling,Explicit benefit or proposition,systematic generation,benefit compression,Full Afterward,fullafterward
87,1,Time and Skin Longevity,3,Reframe the question / name the future,Direct conceptual reframe,hand-authored,round-two curated depth seed,Future Continuous,futurecontinuous
88,1,Time and Skin Longevity,3,Reframe the question / name the future,Direct conceptual reframe,hand-authored,round-two curated depth seed,Durable Present,durablepresent
89,1,Time and Skin Longevity,3,Reframe the question / name the future,Direct conceptual reframe,systematic generation,future reframe,Future Continuous,futurecontinuous
90,1,Time and Skin Longevity,3,Reframe the question / name the future,Direct conceptual reframe,systematic generation,future reframe,The Next Edition,thenextedition
91,1,Time and Skin Longevity,3,Reframe the question / name the future,Direct conceptual reframe,systematic generation,future reframe,The Ongoing Face,theongoingface
92,1,Time and Skin Longevity,3,Reframe the question / name the future,Direct conceptual reframe,systematic generation,future reframe,A Longer Middle,alongermiddle
93,1,Time and Skin Longevity,3,Reframe the question / name the future,Direct conceptual reframe,systematic generation,future reframe,Skin in Continuation,skinincontinuation
94,1,Time and Skin Longevity,3,Reframe the question / name the future,Direct conceptual reframe,systematic generation,future reframe,The New Staying Power,thenewstayingpower
95,1,Time and Skin Longevity,3,Reframe the question / name the future,Direct conceptual reframe,systematic generation,future reframe,What Lasts Learns,whatlastslearns
96,1,Time and Skin Longevity,3,Reframe the question / name the future,Direct conceptual reframe,systematic generation,future reframe,Continuation Becomes Care,continuationbecomescare
97,1,Time and Skin Longevity,3,Reframe the question / name the future,Direct conceptual reframe,systematic generation,future reframe,The Running Edition,therunningedition
98,1,Time and Skin Longevity,3,Reframe the question / name the future,Direct conceptual reframe,systematic generation,future reframe,Tomorrow Has A Sequel,tomorrowhasasequel
99,1,Time and Skin Longevity,3,Reframe the question / name the future,Direct conceptual reframe,systematic generation,future reframe,The Durable Present,thedurablepresent
100,1,Time and Skin Longevity,3,Reframe the question / name the future,Direct conceptual reframe,systematic generation,future reframe,The Future Keeps Going,thefuturekeepsgoing
101,1,Time and Skin Longevity,3,Reframe the question / name the future,Direct conceptual reframe,systematic generation,future reframe,Aging as Continuation,agingascontinuation
102,1,Time and Skin Longevity,3,Reframe the question / name the future,Direct conceptual reframe,systematic generation,future reframe,The Next Volume,thenextvolume
103,1,Time and Skin Longevity,3,Reframe the question / name the future,Direct conceptual reframe,systematic generation,future reframe,Time in Active Use,timeinactiveuse
104,1,Time and Skin Longevity,3,Reframe the question / name the future,Direct conceptual reframe,systematic generation,future reframe,The Long Run Begins,thelongrunbegins
105,1,Time and Skin Longevity,3,Reframe the question / name the future,Direct conceptual reframe,systematic generation,name the future matrix,Next Backlist,nextbacklist
106,1,Time and Skin Longevity,3,Reframe the question / name the future,Direct conceptual reframe,systematic generation,name the future matrix,Next Running Edition,nextrunningedition
107,1,Time and Skin Longevity,3,Reframe the question / name the future,Direct conceptual reframe,systematic generation,name the future matrix,Next Edition Notice,nexteditionnotice
108,1,Time and Skin Longevity,3,Reframe the question / name the future,Direct conceptual reframe,systematic generation,name the future matrix,Next Life Table,nextlifetable
109,1,Time and Skin Longevity,3,Reframe the question / name the future,Direct conceptual reframe,systematic generation,name the future matrix,New Serial Number,newserialnumber
110,1,Time and Skin Longevity,3,Reframe the question / name the future,Direct conceptual reframe,systematic generation,name the future matrix,New Sustain Pedal,newsustainpedal
111,1,Time and Skin Longevity,3,Reframe the question / name the future,Direct conceptual reframe,systematic generation,name the future matrix,New Service Interval,newserviceinterval
112,1,Time and Skin Longevity,3,Reframe the question / name the future,Direct conceptual reframe,systematic generation,name the future matrix,New Maintenance Log,newmaintenancelog
113,1,Time and Skin Longevity,3,Reframe the question / name the future,Direct conceptual reframe,systematic generation,name the future matrix,New Odometer,newodometer
114,1,Time and Skin Longevity,3,Reframe the question / name the future,Direct conceptual reframe,systematic generation,name the future matrix,New Generation Line,newgenerationline
115,1,Time and Skin Longevity,3,Reframe the question / name the future,Direct conceptual reframe,systematic generation,name the future matrix,New Relay Baton,newrelaybaton
116,1,Time and Skin Longevity,3,Reframe the question / name the future,Direct conceptual reframe,systematic generation,name the future matrix,New Running Order,newrunningorder
117,1,Time and Skin Longevity,3,Reframe the question / name the future,Direct conceptual reframe,systematic generation,name the future matrix,New Endurance Gauge,newendurancegauge
118,1,Time and Skin Longevity,3,Reframe the question / name the future,Direct conceptual reframe,systematic generation,name the future matrix,New Sequence Card,newsequencecard
119,1,Time and Skin Longevity,3,Reframe the question / name the future,Direct conceptual reframe,systematic generation,name the future matrix,Future Serial Number,futureserialnumber
120,1,Time and Skin Longevity,3,Reframe the question / name the future,Direct conceptual reframe,systematic generation,name the future matrix,Future Sustain Pedal,futuresustainpedal
121,1,Time and Skin Longevity,3,Reframe the question / name the future,Direct conceptual reframe,systematic generation,name the future matrix,Future Service Interval,futureserviceinterval
122,1,Time and Skin Longevity,3,Reframe the question / name the future,Direct conceptual reframe,systematic generation,name the future matrix,Future Maintenance Log,futuremaintenancelog
123,1,Time and Skin Longevity,3,Reframe the question / name the future,Direct conceptual reframe,systematic generation,name the future matrix,Future Odometer,futureodometer
124,1,Time and Skin Longevity,3,Reframe the question / name the future,Direct conceptual reframe,systematic generation,name the future matrix,Future Generation Line,futuregenerationline
125,1,Time and Skin Longevity,3,Reframe the question / name the future,Direct conceptual reframe,systematic generation,name the future matrix,Future Relay Baton,futurerelaybaton
126,1,Time and Skin Longevity,3,Reframe the question / name the future,Direct conceptual reframe,systematic generation,name the future matrix,Future Running Order,futurerunningorder
127,1,Time and Skin Longevity,3,Reframe the question / name the future,Direct conceptual reframe,systematic generation,name the future matrix,Future Endurance Gauge,futureendurancegauge
128,1,Time and Skin Longevity,3,Reframe the question / name the future,Direct conceptual reframe,systematic generation,name the future matrix,Future Sequence Card,futuresequencecard
129,1,Time and Skin Longevity,3,Reframe the question / name the future,Direct conceptual reframe,systematic generation,name the future matrix,Beyond Backlist,beyondbacklist
130,1,Time and Skin Longevity,3,Reframe the question / name the future,Direct conceptual reframe,systematic generation,name the future matrix,Beyond Serial Number,beyondserialnumber
131,1,Time and Skin Longevity,4,Anti-descriptor,Bold contradiction or anti-descriptor,systematic generation,anti-descriptor,No Final Edition,nofinaledition
132,1,Time and Skin Longevity,4,Anti-descriptor,Bold contradiction or anti-descriptor,systematic generation,anti-descriptor,Never Out of Print,neveroutofprint
133,1,Time and Skin Longevity,4,Anti-descriptor,Bold contradiction or anti-descriptor,systematic generation,anti-descriptor,Not Past Tense,notpasttense
134,1,Time and Skin Longevity,4,Anti-descriptor,Bold contradiction or anti-descriptor,systematic generation,anti-descriptor,Older Still Going,olderstillgoing
135,1,Time and Skin Longevity,4,Anti-descriptor,Bold contradiction or anti-descriptor,systematic generation,anti-descriptor,The End Keeps Moving,theendkeepsmoving
136,1,Time and Skin Longevity,4,Anti-descriptor,Bold contradiction or anti-descriptor,systematic generation,anti-descriptor,No Last Chapter,nolastchapter
137,1,Time and Skin Longevity,4,Anti-descriptor,Bold contradiction or anti-descriptor,systematic generation,anti-descriptor,Against Obsolescence,againstobsolescence
138,1,Time and Skin Longevity,4,Anti-descriptor,Bold contradiction or anti-descriptor,systematic generation,anti-descriptor,Not A Limited Run,notalimitedrun
139,1,Time and Skin Longevity,4,Anti-descriptor,Bold contradiction or anti-descriptor,systematic generation,anti-descriptor,Continuous Not Eternal,continuousnoteternal
140,1,Time and Skin Longevity,4,Anti-descriptor,Bold contradiction or anti-descriptor,systematic generation,anti-descriptor,Long Without Forever,longwithoutforever
141,1,Time and Skin Longevity,4,Anti-descriptor,Bold contradiction or anti-descriptor,systematic generation,anti-descriptor,No Expiry Story,noexpirystory
142,1,Time and Skin Longevity,4,Anti-descriptor,Bold contradiction or anti-descriptor,systematic generation,anti-descriptor,Present Without Pause,presentwithoutpause
143,1,Time and Skin Longevity,4,Anti-descriptor,Bold contradiction or anti-descriptor,systematic generation,anti-descriptor,Later Without Loss,laterwithoutloss
144,1,Time and Skin Longevity,4,Anti-descriptor,Bold contradiction or anti-descriptor,systematic generation,anti-descriptor,Not Done Yet,notdoneyet
145,1,Time and Skin Longevity,4,Anti-descriptor,Bold contradiction or anti-descriptor,systematic generation,anti-descriptor,A Sequel to Now,asequeltonow
146,1,Time and Skin Longevity,4,Anti-descriptor,Bold contradiction or anti-descriptor,systematic generation,anti-descriptor,Duration Not Drama,durationnotdrama
147,1,Time and Skin Longevity,4,Anti-descriptor,Bold contradiction or anti-descriptor,systematic generation,anti-category matrix,No Backlist,nobacklist
148,1,Time and Skin Longevity,4,Anti-descriptor,Bold contradiction or anti-descriptor,systematic generation,anti-category matrix,No Serial Number,noserialnumber
149,1,Time and Skin Longevity,4,Anti-descriptor,Bold contradiction or anti-descriptor,systematic generation,anti-category matrix,No Generation Line,nogenerationline
150,1,Time and Skin Longevity,4,Anti-descriptor,Bold contradiction or anti-descriptor,systematic generation,anti-category matrix,No Endurance Gauge,noendurancegauge
151,1,Time and Skin Longevity,4,Anti-descriptor,Bold contradiction or anti-descriptor,systematic generation,anti-category matrix,No Sequence Card,nosequencecard
152,1,Time and Skin Longevity,4,Anti-descriptor,Bold contradiction or anti-descriptor,systematic generation,anti-category matrix,Not Serial Number,notserialnumber
153,1,Time and Skin Longevity,4,Anti-descriptor,Bold contradiction or anti-descriptor,systematic generation,anti-category matrix,Not Sustain Pedal,notsustainpedal
154,1,Time and Skin Longevity,4,Anti-descriptor,Bold contradiction or anti-descriptor,systematic generation,anti-category matrix,Not Service Interval,notserviceinterval
155,1,Time and Skin Longevity,4,Anti-descriptor,Bold contradiction or anti-descriptor,systematic generation,anti-category matrix,Not Maintenance Log,notmaintenancelog
156,1,Time and Skin Longevity,4,Anti-descriptor,Bold contradiction or anti-descriptor,systematic generation,anti-category matrix,Not Odometer,notodometer
157,1,Time and Skin Longevity,4,Anti-descriptor,Bold contradiction or anti-descriptor,systematic generation,anti-category matrix,Not Generation Line,notgenerationline
158,1,Time and Skin Longevity,4,Anti-descriptor,Bold contradiction or anti-descriptor,systematic generation,anti-category matrix,Not Relay Baton,notrelaybaton
159,1,Time and Skin Longevity,4,Anti-descriptor,Bold contradiction or anti-descriptor,systematic generation,anti-category matrix,Not Running Order,notrunningorder
160,1,Time and Skin Longevity,4,Anti-descriptor,Bold contradiction or anti-descriptor,systematic generation,anti-category matrix,Not Endurance Gauge,notendurancegauge
161,1,Time and Skin Longevity,4,Anti-descriptor,Bold contradiction or anti-descriptor,systematic generation,anti-category matrix,Not Sequence Card,notsequencecard
162,1,Time and Skin Longevity,4,Anti-descriptor,Bold contradiction or anti-descriptor,systematic generation,anti-category matrix,Without Running Edition,withoutrunningedition
163,1,Time and Skin Longevity,4,Anti-descriptor,Bold contradiction or anti-descriptor,systematic generation,anti-category matrix,Without Volume Mark,withoutvolumemark
164,1,Time and Skin Longevity,4,Anti-descriptor,Bold contradiction or anti-descriptor,systematic generation,anti-category matrix,Without Long Play,withoutlongplay
165,1,Time and Skin Longevity,4,Anti-descriptor,Bold contradiction or anti-descriptor,systematic generation,anti-category matrix,Without Flight Hour,withoutflighthour
166,1,Time and Skin Longevity,4,Anti-descriptor,Bold contradiction or anti-descriptor,systematic generation,anti-category matrix,Without Edition Notice,withouteditionnotice
167,1,Time and Skin Longevity,4,Anti-descriptor,Bold contradiction or anti-descriptor,systematic generation,anti-category matrix,Without Continuity Sheet,withoutcontinuitysheet
168,1,Time and Skin Longevity,4,Anti-descriptor,Bold contradiction or anti-descriptor,systematic generation,anti-category matrix,Without Life Table,withoutlifetable
169,1,Time and Skin Longevity,4,Anti-descriptor,Bold contradiction or anti-descriptor,systematic generation,anti-category matrix,Beyond Backlist,beyondbacklist
170,1,Time and Skin Longevity,4,Anti-descriptor,Bold contradiction or anti-descriptor,systematic generation,anti-category matrix,Beyond Serial Number,beyondserialnumber
171,1,Time and Skin Longevity,4,Anti-descriptor,Bold contradiction or anti-descriptor,systematic generation,anti-category matrix,Beyond Generation Line,beyondgenerationline
172,1,Time and Skin Longevity,4,Anti-descriptor,Bold contradiction or anti-descriptor,systematic generation,anti-category matrix,Beyond Endurance Gauge,beyondendurancegauge
173,1,Time and Skin Longevity,5,Win by contrast,Unexpected imported term,hand-authored,round-two curated depth seed,Second Printing,secondprinting
174,1,Time and Skin Longevity,5,Win by contrast,Unexpected imported term,systematic generation,far-field source contrast,Sustain Pedal,sustainpedal
175,1,Time and Skin Longevity,5,Win by contrast,Unexpected imported term,systematic generation,far-field source contrast,Long Play,longplay
176,1,Time and Skin Longevity,5,Win by contrast,Unexpected imported term,systematic generation,far-field source contrast,Running Order,runningorder
177,1,Time and Skin Longevity,5,Win by contrast,Unexpected imported term,systematic generation,far-field source contrast,Second Printing,secondprinting
178,1,Time and Skin Longevity,5,Win by contrast,Unexpected imported term,systematic generation,far-field source contrast,New Edition,newedition
179,1,Time and Skin Longevity,5,Win by contrast,Unexpected imported term,systematic generation,far-field source contrast,Backlist Title,backlisttitle
180,1,Time and Skin Longevity,5,Win by contrast,Unexpected imported term,systematic generation,far-field source contrast,Serial Publication,serialpublication
181,1,Time and Skin Longevity,5,Win by contrast,Unexpected imported term,systematic generation,far-field source contrast,Continuity Sheet,continuitysheet
182,1,Time and Skin Longevity,5,Win by contrast,Unexpected imported term,systematic generation,far-field source contrast,Service Interval,serviceinterval
183,1,Time and Skin Longevity,5,Win by contrast,Unexpected imported term,systematic generation,far-field source contrast,Flight Hours,flighthours
184,1,Time and Skin Longevity,5,Win by contrast,Unexpected imported term,systematic generation,far-field source contrast,Endurance Limit,endurancelimit
185,1,Time and Skin Longevity,5,Win by contrast,Unexpected imported term,systematic generation,far-field source contrast,Fatigue Life,fatiguelife
186,1,Time and Skin Longevity,5,Win by contrast,Unexpected imported term,systematic generation,far-field source contrast,Life Table,lifetable
187,1,Time and Skin Longevity,5,Win by contrast,Unexpected imported term,systematic generation,far-field source contrast,Survival Curve,survivalcurve
188,1,Time and Skin Longevity,5,Win by contrast,Unexpected imported term,systematic generation,far-field source contrast,Renewal Process,renewalprocess
189,1,Time and Skin Longevity,5,Win by contrast,Unexpected imported term,systematic generation,far-field source contrast,Long Range Order,longrangeorder
190,1,Time and Skin Longevity,5,Win by contrast,Unexpected imported term,systematic generation,far-field source contrast,Holding Time,holdingtime
191,1,Time and Skin Longevity,5,Win by contrast,Unexpected imported term,systematic generation,far-field source contrast,Residence Time,residencetime
192,1,Time and Skin Longevity,5,Win by contrast,Unexpected imported term,systematic generation,far-field source contrast,Return Date,returndate
193,1,Time and Skin Longevity,5,Win by contrast,Unexpected imported term,systematic generation,far-field source contrast,Current Issue,currentissue
194,1,Time and Skin Longevity,5,Win by contrast,Unexpected imported term,systematic generation,contrast mononyms,Backlist,backlist
195,1,Time and Skin Longevity,5,Win by contrast,Unexpected imported term,systematic generation,contrast mononyms,Sequel,sequel
196,1,Time and Skin Longevity,5,Win by contrast,Unexpected imported term,systematic generation,contrast mononyms,Sustain,sustain
197,1,Time and Skin Longevity,5,Win by contrast,Unexpected imported term,systematic generation,contrast mononyms,Carry,carry
198,1,Time and Skin Longevity,5,Win by contrast,Unexpected imported term,systematic generation,contrast mononyms,Continuation,continuation
199,1,Time and Skin Longevity,5,Win by contrast,Unexpected imported term,systematic generation,contrast mononyms,Reissue,reissue
200,1,Time and Skin Longevity,5,Win by contrast,Unexpected imported term,systematic generation,contrast mononyms,Serial,serial
201,1,Time and Skin Longevity,5,Win by contrast,Unexpected imported term,systematic generation,contrast mononyms,Relay,relay
202,1,Time and Skin Longevity,5,Win by contrast,Unexpected imported term,systematic generation,contrast mononyms,Runway,runway
203,1,Time and Skin Longevity,5,Win by contrast,Unexpected imported term,systematic generation,contrast mononyms,Odometer,odometer
204,1,Time and Skin Longevity,5,Win by contrast,Unexpected imported term,systematic generation,contrast mononyms,Current,current
205,1,Time and Skin Longevity,5,Win by contrast,Unexpected imported term,systematic generation,contrast mononyms,Edition,edition
206,1,Time and Skin Longevity,5,Win by contrast,Unexpected imported term,systematic generation,contrast mononyms,Volume,volume
207,1,Time and Skin Longevity,5,Win by contrast,Unexpected imported term,systematic generation,contrast mononyms,Afterword,afterword
208,1,Time and Skin Longevity,5,Win by contrast,Unexpected imported term,systematic generation,contrast mononyms,Mainline,mainline
209,1,Time and Skin Longevity,5,Win by contrast,Unexpected imported term,systematic generation,contrast mononyms,Long Run,longrun
210,1,Time and Skin Longevity,5,Win by contrast,Unexpected imported term,systematic generation,contrast mononyms,Stayer,stayer
211,1,Time and Skin Longevity,5,Win by contrast,Unexpected imported term,systematic generation,cell fallback matrix,Full Backlist,fullbacklist
212,1,Time and Skin Longevity,5,Win by contrast,Unexpected imported term,systematic generation,cell fallback matrix,Full Running Edition,fullrunningedition
213,1,Time and Skin Longevity,5,Win by contrast,Unexpected imported term,systematic generation,cell fallback matrix,Full Edition Notice,fulleditionnotice
214,1,Time and Skin Longevity,5,Win by contrast,Unexpected imported term,systematic generation,cell fallback matrix,Full Life Table,fulllifetable
215,1,Time and Skin Longevity,5,Win by contrast,Unexpected imported term,systematic generation,cell fallback matrix,Full Reissue Stamp,fullreissuestamp
216,1,Time and Skin Longevity,6,Name the audacity / worldview,Short stance phrase,hand-authored,round-two curated depth seed,Stay Current,staycurrent
217,1,Time and Skin Longevity,6,Name the audacity / worldview,Short stance phrase,systematic generation,worldview statements,Stay Current,staycurrent
218,1,Time and Skin Longevity,6,Name the audacity / worldview,Short stance phrase,systematic generation,worldview statements,Continue This,continuethis
219,1,Time and Skin Longevity,6,Name the audacity / worldview,Short stance phrase,systematic generation,worldview statements,Keep The Run Going,keeptherungoing
220,1,Time and Skin Longevity,6,Name the audacity / worldview,Short stance phrase,systematic generation,worldview statements,Make Another Edition,makeanotheredition
221,1,Time and Skin Longevity,6,Name the audacity / worldview,Short stance phrase,systematic generation,worldview statements,Use It Longer,useitlonger
222,1,Time and Skin Longevity,6,Name the audacity / worldview,Short stance phrase,systematic generation,worldview statements,Add Another Chapter,addanotherchapter
223,1,Time and Skin Longevity,6,Name the audacity / worldview,Short stance phrase,systematic generation,worldview statements,Keep Becoming,keepbecoming
224,1,Time and Skin Longevity,6,Name the audacity / worldview,Short stance phrase,systematic generation,worldview statements,Run Long,runlong
225,1,Time and Skin Longevity,6,Name the audacity / worldview,Short stance phrase,systematic generation,worldview statements,Sustain The Result,sustaintheresult
226,1,Time and Skin Longevity,6,Name the audacity / worldview,Short stance phrase,systematic generation,worldview statements,Remain in Use,remaininuse
227,1,Time and Skin Longevity,6,Name the audacity / worldview,Short stance phrase,systematic generation,worldview statements,Take The Long Middle,takethelongmiddle
228,1,Time and Skin Longevity,6,Name the audacity / worldview,Short stance phrase,systematic generation,worldview statements,Return Again,returnagain
229,1,Time and Skin Longevity,6,Name the audacity / worldview,Short stance phrase,systematic generation,worldview statements,Keep The Sequence,keepthesequence
230,1,Time and Skin Longevity,6,Name the audacity / worldview,Short stance phrase,systematic generation,worldview statements,Extend What Works,extendwhatworks
231,1,Time and Skin Longevity,6,Name the audacity / worldview,Short stance phrase,systematic generation,worldview statements,Leave Room for Later,leaveroomforlater
232,1,Time and Skin Longevity,6,Name the audacity / worldview,Short stance phrase,systematic generation,audacity commands,Choose Running Edition,chooserunningedition
233,1,Time and Skin Longevity,6,Name the audacity / worldview,Short stance phrase,systematic generation,audacity commands,Choose Volume Mark,choosevolumemark
234,1,Time and Skin Longevity,6,Name the audacity / worldview,Short stance phrase,systematic generation,audacity commands,Choose Long Play,chooselongplay
235,1,Time and Skin Longevity,6,Name the audacity / worldview,Short stance phrase,systematic generation,audacity commands,Choose Flight Hour,chooseflighthour
236,1,Time and Skin Longevity,6,Name the audacity / worldview,Short stance phrase,systematic generation,audacity commands,Choose Edition Notice,chooseeditionnotice
237,1,Time and Skin Longevity,6,Name the audacity / worldview,Short stance phrase,systematic generation,audacity commands,Choose Continuity Sheet,choosecontinuitysheet
238,1,Time and Skin Longevity,6,Name the audacity / worldview,Short stance phrase,systematic generation,audacity commands,Choose Life Table,chooselifetable
239,1,Time and Skin Longevity,6,Name the audacity / worldview,Short stance phrase,systematic generation,audacity commands,Keep Running Edition,keeprunningedition
240,1,Time and Skin Longevity,6,Name the audacity / worldview,Short stance phrase,systematic generation,audacity commands,Keep Volume Mark,keepvolumemark
241,1,Time and Skin Longevity,6,Name the audacity / worldview,Short stance phrase,systematic generation,audacity commands,Keep Long Play,keeplongplay
242,1,Time and Skin Longevity,6,Name the audacity / worldview,Short stance phrase,systematic generation,audacity commands,Keep Flight Hour,keepflighthour
243,1,Time and Skin Longevity,6,Name the audacity / worldview,Short stance phrase,systematic generation,audacity commands,Keep Edition Notice,keepeditionnotice
244,1,Time and Skin Longevity,6,Name the audacity / worldview,Short stance phrase,systematic generation,audacity commands,Keep Continuity Sheet,keepcontinuitysheet
245,1,Time and Skin Longevity,6,Name the audacity / worldview,Short stance phrase,systematic generation,audacity commands,Keep Life Table,keeplifetable
246,1,Time and Skin Longevity,6,Name the audacity / worldview,Short stance phrase,systematic generation,audacity commands,Make Volume Mark,makevolumemark
247,1,Time and Skin Longevity,6,Name the audacity / worldview,Short stance phrase,systematic generation,audacity commands,Make Sustain Pedal,makesustainpedal
248,1,Time and Skin Longevity,6,Name the audacity / worldview,Short stance phrase,systematic generation,audacity commands,Make Long Play,makelongplay
249,1,Time and Skin Longevity,6,Name the audacity / worldview,Short stance phrase,systematic generation,audacity commands,Make Service Interval,makeserviceinterval
250,1,Time and Skin Longevity,6,Name the audacity / worldview,Short stance phrase,systematic generation,audacity commands,Make Maintenance Log,makemaintenancelog
251,1,Time and Skin Longevity,6,Name the audacity / worldview,Short stance phrase,systematic generation,audacity commands,Make Flight Hour,makeflighthour
252,1,Time and Skin Longevity,6,Name the audacity / worldview,Short stance phrase,systematic generation,audacity commands,Make Odometer,makeodometer
253,1,Time and Skin Longevity,6,Name the audacity / worldview,Short stance phrase,systematic generation,audacity commands,Make Relay Baton,makerelaybaton
254,1,Time and Skin Longevity,6,Name the audacity / worldview,Short stance phrase,systematic generation,audacity commands,Make Continuity Sheet,makecontinuitysheet
255,1,Time and Skin Longevity,6,Name the audacity / worldview,Short stance phrase,systematic generation,audacity commands,Make Running Order,makerunningorder
256,1,Time and Skin Longevity,6,Name the audacity / worldview,Short stance phrase,systematic generation,audacity commands,Use Backlist,usebacklist
257,1,Time and Skin Longevity,6,Name the audacity / worldview,Short stance phrase,systematic generation,audacity commands,Use Running Edition,userunningedition
258,1,Time and Skin Longevity,6,Name the audacity / worldview,Short stance phrase,systematic generation,audacity commands,Use Edition Notice,useeditionnotice
259,1,Time and Skin Longevity,7,Deconstruct / reconstruct,Transparent spelling modification,hand-authored,round-two curated depth seed,Nextward,nextward
260,1,Time and Skin Longevity,7,Deconstruct / reconstruct,Transparent spelling modification,systematic generation,single-vowel deletion,Sustin,sustin
261,1,Time and Skin Longevity,7,Deconstruct / reconstruct,Transparent spelling modification,systematic generation,single-vowel deletion,Seral,seral
262,1,Time and Skin Longevity,7,Deconstruct / reconstruct,Transparent spelling modification,systematic generation,single-vowel deletion,Edtion,edtion
263,1,Time and Skin Longevity,7,Deconstruct / reconstruct,Transparent spelling modification,systematic generation,single-vowel deletion,Volme,volme
264,1,Time and Skin Longevity,7,Deconstruct / reconstruct,Transparent spelling modification,systematic generation,single-vowel deletion,Seqel,seqel
265,1,Time and Skin Longevity,7,Deconstruct / reconstruct,Transparent spelling modification,systematic generation,single-vowel deletion,Onging,onging
266,1,Time and Skin Longevity,7,Deconstruct / reconstruct,Transparent spelling modification,systematic generation,single-vowel deletion,Currnt,currnt
267,1,Time and Skin Longevity,7,Deconstruct / reconstruct,Transparent spelling modification,systematic generation,single-vowel deletion,Carry,carry
268,1,Time and Skin Longevity,7,Deconstruct / reconstruct,Transparent spelling modification,systematic generation,single-vowel deletion,Remin,remin
269,1,Time and Skin Longevity,7,Deconstruct / reconstruct,Transparent spelling modification,systematic generation,single-vowel deletion,Endre,endre
270,1,Time and Skin Longevity,7,Deconstruct / reconstruct,Transparent spelling modification,systematic generation,single-vowel deletion,Extnd,extnd
271,1,Time and Skin Longevity,7,Deconstruct / reconstruct,Transparent spelling modification,systematic generation,single-vowel deletion,Contnue,contnue
272,1,Time and Skin Longevity,7,Deconstruct / reconstruct,Transparent spelling modification,systematic generation,single-vowel deletion,Succssion,succssion
273,1,Time and Skin Longevity,7,Deconstruct / reconstruct,Transparent spelling modification,systematic generation,single-vowel deletion,Durtion,durtion
274,1,Time and Skin Longevity,7,Deconstruct / reconstruct,Transparent spelling modification,systematic generation,single-vowel deletion,Longrn,longrn
275,1,Time and Skin Longevity,7,Deconstruct / reconstruct,Transparent spelling modification,systematic generation,single-vowel deletion,Aftrward,aftrward
276,1,Time and Skin Longevity,7,Deconstruct / reconstruct,Transparent spelling modification,systematic generation,single-vowel deletion,Persst,persst
277,1,Time and Skin Longevity,7,Deconstruct / reconstruct,Transparent spelling modification,systematic generation,single-vowel deletion,Retrn,retrn
278,1,Time and Skin Longevity,7,Deconstruct / reconstruct,Transparent spelling modification,systematic generation,single-vowel deletion,Lastng,lastng
279,1,Time and Skin Longevity,7,Deconstruct / reconstruct,Transparent spelling modification,systematic generation,single-vowel deletion,Recrrent,recrrent
280,1,Time and Skin Longevity,7,Deconstruct / reconstruct,Transparent spelling modification,systematic generation,single-vowel deletion,Contnuation,contnuation
281,1,Time and Skin Longevity,7,Deconstruct / reconstruct,Transparent spelling modification,systematic generation,single-vowel deletion,Reisse,reisse
282,1,Time and Skin Longevity,7,Deconstruct / reconstruct,Transparent spelling modification,systematic generation,single-vowel deletion,Rely,rely
283,1,Time and Skin Longevity,7,Deconstruct / reconstruct,Transparent spelling modification,systematic generation,single-vowel deletion,Runwy,runwy
284,1,Time and Skin Longevity,7,Deconstruct / reconstruct,Transparent spelling modification,systematic generation,single-vowel deletion,Odmeter,odmeter
285,1,Time and Skin Longevity,7,Deconstruct / reconstruct,Transparent spelling modification,systematic generation,single-vowel deletion,Retrndate,retrndate
286,1,Time and Skin Longevity,7,Deconstruct / reconstruct,Transparent spelling modification,systematic generation,single-vowel deletion,Aftrword,aftrword
287,1,Time and Skin Longevity,7,Deconstruct / reconstruct,Transparent spelling modification,systematic generation,single-vowel deletion,Mainlne,mainlne
288,1,Time and Skin Longevity,7,Deconstruct / reconstruct,Transparent spelling modification,systematic generation,single-vowel deletion,Styer,styer
289,1,Time and Skin Longevity,7,Deconstruct / reconstruct,Transparent spelling modification,systematic generation,joined reconstruction,Sustainremain,sustainremain
290,1,Time and Skin Longevity,7,Deconstruct / reconstruct,Transparent spelling modification,systematic generation,joined reconstruction,Sustainextend,sustainextend
291,1,Time and Skin Longevity,7,Deconstruct / reconstruct,Transparent spelling modification,systematic generation,joined reconstruction,Sustaincontinue,sustaincontinue
292,1,Time and Skin Longevity,7,Deconstruct / reconstruct,Transparent spelling modification,systematic generation,joined reconstruction,Sustainduration,sustainduration
293,1,Time and Skin Longevity,7,Deconstruct / reconstruct,Transparent spelling modification,systematic generation,joined reconstruction,Sustainlongrun,sustainlongrun
294,1,Time and Skin Longevity,7,Deconstruct / reconstruct,Transparent spelling modification,systematic generation,joined reconstruction,Sustainafterward,sustainafterward
295,1,Time and Skin Longevity,7,Deconstruct / reconstruct,Transparent spelling modification,systematic generation,joined reconstruction,Sustainnextward,sustainnextward
296,1,Time and Skin Longevity,7,Deconstruct / reconstruct,Transparent spelling modification,systematic generation,joined reconstruction,Sustainpersist,sustainpersist
297,1,Time and Skin Longevity,7,Deconstruct / reconstruct,Transparent spelling modification,systematic generation,joined reconstruction,Sustainreturn,sustainreturn
298,1,Time and Skin Longevity,7,Deconstruct / reconstruct,Transparent spelling modification,systematic generation,joined reconstruction,Sustainlasting,sustainlasting
299,1,Time and Skin Longevity,7,Deconstruct / reconstruct,Transparent spelling modification,systematic generation,joined reconstruction,Serialcurrent,serialcurrent
300,1,Time and Skin Longevity,7,Deconstruct / reconstruct,Transparent spelling modification,systematic generation,joined reconstruction,Serialendure,serialendure
301,1,Time and Skin Longevity,7,Deconstruct / reconstruct,Transparent spelling modification,systematic generation,joined reconstruction,Editioncarry,editioncarry
302,1,Time and Skin Longevity,8,Portmanteau,Clean portmanteau,systematic generation,legible two-source blend,Sustaing,sustaing
303,1,Time and Skin Longevity,8,Portmanteau,Clean portmanteau,systematic generation,legible two-source blend,Sustare,sustare
304,1,Time and Skin Longevity,8,Portmanteau,Clean portmanteau,systematic generation,legible two-source blend,Sustaion,sustaion
305,1,Time and Skin Longevity,8,Portmanteau,Clean portmanteau,systematic generation,legible two-source blend,Sustaist,sustaist
306,1,Time and Skin Longevity,8,Portmanteau,Clean portmanteau,systematic generation,legible two-source blend,Sustary,sustary
307,1,Time and Skin Longevity,8,Portmanteau,Clean portmanteau,systematic generation,legible two-source blend,Serient,serient
308,1,Time and Skin Longevity,8,Portmanteau,Clean portmanteau,systematic generation,legible two-source blend,Serind,serind
309,1,Time and Skin Longevity,8,Portmanteau,Clean portmanteau,systematic generation,legible two-source blend,Serialongrun,serialongrun
310,1,Time and Skin Longevity,8,Portmanteau,Clean portmanteau,systematic generation,legible two-source blend,Serirn,serirn
311,1,Time and Skin Longevity,8,Portmanteau,Clean portmanteau,systematic generation,legible two-source blend,Seriel,seriel
312,1,Time and Skin Longevity,8,Portmanteau,Clean portmanteau,systematic generation,legible two-source blend,Editiry,editiry
313,1,Time and Skin Longevity,8,Portmanteau,Clean portmanteau,systematic generation,legible two-source blend,Editinue,editinue
314,1,Time and Skin Longevity,8,Portmanteau,Clean portmanteau,systematic generation,legible two-source blend,Editiward,editiward
315,1,Time and Skin Longevity,8,Portmanteau,Clean portmanteau,systematic generation,legible two-source blend,Editiing,editiing
316,1,Time and Skin Longevity,8,Portmanteau,Clean portmanteau,systematic generation,legible two-source blend,Editilay,editilay
317,1,Time and Skin Longevity,8,Portmanteau,Clean portmanteau,systematic generation,legible two-source blend,Voluin,voluin
318,1,Time and Skin Longevity,8,Portmanteau,Clean portmanteau,systematic generation,legible two-source blend,Volusion,volusion
319,1,Time and Skin Longevity,8,Portmanteau,Clean portmanteau,systematic generation,legible two-source blend,Voluard,voluard
320,1,Time and Skin Longevity,8,Portmanteau,Clean portmanteau,systematic generation,legible two-source blend,Volurent,volurent
321,1,Time and Skin Longevity,8,Portmanteau,Clean portmanteau,systematic generation,legible two-source blend,Voluain,voluain
322,1,Time and Skin Longevity,8,Portmanteau,Clean portmanteau,systematic generation,legible two-source blend,Sequing,sequing
323,1,Time and Skin Longevity,8,Portmanteau,Clean portmanteau,systematic generation,legible two-source blend,Sequre,sequre
324,1,Time and Skin Longevity,8,Portmanteau,Clean portmanteau,systematic generation,legible two-source blend,Sequion,sequion
325,1,Time and Skin Longevity,8,Portmanteau,Clean portmanteau,systematic generation,legible two-source blend,Sequist,sequist
326,1,Time and Skin Longevity,8,Portmanteau,Clean portmanteau,systematic generation,legible two-source blend,Sequry,sequry
327,1,Time and Skin Longevity,8,Portmanteau,Clean portmanteau,systematic generation,legible two-source blend,Ongoient,ongoient
328,1,Time and Skin Longevity,8,Portmanteau,Clean portmanteau,systematic generation,legible two-source blend,Ongoind,ongoind
329,1,Time and Skin Longevity,8,Portmanteau,Clean portmanteau,systematic generation,legible two-source blend,Ongoirun,ongoirun
330,1,Time and Skin Longevity,8,Portmanteau,Clean portmanteau,systematic generation,legible two-source blend,Ongoirn,ongoirn
331,1,Time and Skin Longevity,8,Portmanteau,Clean portmanteau,systematic generation,legible two-source blend,Ongoiel,ongoiel
332,1,Time and Skin Longevity,8,Portmanteau,Clean portmanteau,systematic generation,legible two-source blend,Currery,currery
333,1,Time and Skin Longevity,8,Portmanteau,Clean portmanteau,systematic generation,legible two-source blend,Currenue,currenue
334,1,Time and Skin Longevity,8,Portmanteau,Clean portmanteau,systematic generation,legible two-source blend,Curreward,curreward
335,1,Time and Skin Longevity,8,Portmanteau,Clean portmanteau,systematic generation,legible two-source blend,Curreing,curreing
336,1,Time and Skin Longevity,8,Portmanteau,Clean portmanteau,systematic generation,legible two-source blend,Currelay,currelay
337,1,Time and Skin Longevity,8,Portmanteau,Clean portmanteau,systematic generation,legible two-source blend,Carin,carin
338,1,Time and Skin Longevity,8,Portmanteau,Clean portmanteau,systematic generation,legible two-source blend,Carsion,carsion
339,1,Time and Skin Longevity,8,Portmanteau,Clean portmanteau,systematic generation,legible two-source blend,Carard,carard
340,1,Time and Skin Longevity,8,Portmanteau,Clean portmanteau,systematic generation,legible two-source blend,Carrent,carrent
341,1,Time and Skin Longevity,8,Portmanteau,Clean portmanteau,systematic generation,legible two-source blend,Carain,carain
342,1,Time and Skin Longevity,8,Portmanteau,Clean portmanteau,systematic generation,legible two-source blend,Remaing,remaing
343,1,Time and Skin Longevity,8,Portmanteau,Clean portmanteau,systematic generation,legible two-source blend,Remare,remare
344,1,Time and Skin Longevity,9,Morpheme engine,English-native compound or compression,systematic generation,English-native morpheme engine,Sustainwork,sustainwork
345,1,Time and Skin Longevity,9,Morpheme engine,English-native compound or compression,systematic generation,English-native morpheme engine,Sustainwise,sustainwise
346,1,Time and Skin Longevity,9,Morpheme engine,English-native compound or compression,systematic generation,English-native morpheme engine,Sustainline,sustainline
347,1,Time and Skin Longevity,9,Morpheme engine,English-native compound or compression,systematic generation,English-native morpheme engine,Sustainkind,sustainkind
348,1,Time and Skin Longevity,9,Morpheme engine,English-native compound or compression,systematic generation,English-native morpheme engine,Sustaincraft,sustaincraft
349,1,Time and Skin Longevity,9,Morpheme engine,English-native compound or compression,systematic generation,English-native morpheme engine,Sustainhouse,sustainhouse
350,1,Time and Skin Longevity,9,Morpheme engine,English-native compound or compression,systematic generation,English-native morpheme engine,Sustainpractice,sustainpractice
351,1,Time and Skin Longevity,9,Morpheme engine,English-native compound or compression,systematic generation,English-native morpheme engine,Sustaincompany,sustaincompany
352,1,Time and Skin Longevity,9,Morpheme engine,English-native compound or compression,systematic generation,English-native morpheme engine,Sustainway,sustainway
353,1,Time and Skin Longevity,9,Morpheme engine,English-native compound or compression,systematic generation,English-native morpheme engine,Serialwise,serialwise
354,1,Time and Skin Longevity,9,Morpheme engine,English-native compound or compression,systematic generation,English-native morpheme engine,Serialward,serialward
355,1,Time and Skin Longevity,9,Morpheme engine,English-native compound or compression,systematic generation,English-native morpheme engine,Serialkind,serialkind
356,1,Time and Skin Longevity,9,Morpheme engine,English-native compound or compression,systematic generation,English-native morpheme engine,Serialmade,serialmade
357,1,Time and Skin Longevity,9,Morpheme engine,English-native compound or compression,systematic generation,English-native morpheme engine,Serialhouse,serialhouse
358,1,Time and Skin Longevity,9,Morpheme engine,English-native compound or compression,systematic generation,English-native morpheme engine,Serialstandard,serialstandard
359,1,Time and Skin Longevity,9,Morpheme engine,English-native compound or compression,systematic generation,English-native morpheme engine,Serialcompany,serialcompany
360,1,Time and Skin Longevity,9,Morpheme engine,English-native compound or compression,systematic generation,English-native morpheme engine,Serialclub,serialclub
361,1,Time and Skin Longevity,9,Morpheme engine,English-native compound or compression,systematic generation,English-native morpheme engine,Editionward,editionward
362,1,Time and Skin Longevity,9,Morpheme engine,English-native compound or compression,systematic generation,English-native morpheme engine,Editionmark,editionmark
363,1,Time and Skin Longevity,9,Morpheme engine,English-native compound or compression,systematic generation,English-native morpheme engine,Editionmade,editionmade
364,1,Time and Skin Longevity,9,Morpheme engine,English-native compound or compression,systematic generation,English-native morpheme engine,Editionform,editionform
365,1,Time and Skin Longevity,9,Morpheme engine,English-native compound or compression,systematic generation,English-native morpheme engine,Editionstandard,editionstandard
366,1,Time and Skin Longevity,9,Morpheme engine,English-native compound or compression,systematic generation,English-native morpheme engine,Editionmethod,editionmethod
367,1,Time and Skin Longevity,9,Morpheme engine,English-native compound or compression,systematic generation,English-native morpheme engine,Editionclub,editionclub
368,1,Time and Skin Longevity,9,Morpheme engine,English-native compound or compression,systematic generation,English-native morpheme engine,Editionstate,editionstate
369,1,Time and Skin Longevity,9,Morpheme engine,English-native compound or compression,systematic generation,English-native morpheme engine,Volumework,volumework
370,1,Time and Skin Longevity,9,Morpheme engine,English-native compound or compression,systematic generation,English-native morpheme engine,Volumemark,volumemark
371,1,Time and Skin Longevity,9,Morpheme engine,English-native compound or compression,systematic generation,English-native morpheme engine,Volumeline,volumeline
372,1,Time and Skin Longevity,9,Morpheme engine,English-native compound or compression,systematic generation,English-native morpheme engine,Volumeform,volumeform
373,1,Time and Skin Longevity,9,Morpheme engine,English-native compound or compression,systematic generation,English-native morpheme engine,Volumecraft,volumecraft
374,1,Time and Skin Longevity,9,Morpheme engine,English-native compound or compression,systematic generation,English-native morpheme engine,Volumemethod,volumemethod
375,1,Time and Skin Longevity,9,Morpheme engine,English-native compound or compression,systematic generation,English-native morpheme engine,Volumepractice,volumepractice
376,1,Time and Skin Longevity,9,Morpheme engine,English-native compound or compression,systematic generation,English-native morpheme engine,Volumestate,volumestate
377,1,Time and Skin Longevity,9,Morpheme engine,English-native compound or compression,systematic generation,English-native morpheme engine,Volumeway,volumeway
378,1,Time and Skin Longevity,9,Morpheme engine,English-native compound or compression,systematic generation,English-native morpheme engine,Sequelwork,sequelwork
379,1,Time and Skin Longevity,9,Morpheme engine,English-native compound or compression,systematic generation,English-native morpheme engine,Sequelwise,sequelwise
380,1,Time and Skin Longevity,9,Morpheme engine,English-native compound or compression,systematic generation,English-native morpheme engine,Sequelline,sequelline
381,1,Time and Skin Longevity,9,Morpheme engine,English-native compound or compression,systematic generation,English-native morpheme engine,Sequelkind,sequelkind
382,1,Time and Skin Longevity,9,Morpheme engine,English-native compound or compression,systematic generation,English-native morpheme engine,Sequelcraft,sequelcraft
383,1,Time and Skin Longevity,9,Morpheme engine,English-native compound or compression,systematic generation,English-native morpheme engine,Sequelhouse,sequelhouse
384,1,Time and Skin Longevity,9,Morpheme engine,English-native compound or compression,systematic generation,English-native morpheme engine,Sequelpractice,sequelpractice
385,1,Time and Skin Longevity,9,Morpheme engine,English-native compound or compression,systematic generation,English-native morpheme engine,Sequelcompany,sequelcompany
386,1,Time and Skin Longevity,10,Scientific borrowing,Authentic scientific terminology,hand-authored,round-two curated depth seed,Present Continuous,presentcontinuous
387,1,Time and Skin Longevity,10,Scientific borrowing,Authentic scientific terminology,systematic generation,authentic scientific terminology,Fatigue Limit,fatiguelimit
388,1,Time and Skin Longevity,10,Scientific borrowing,Authentic scientific terminology,systematic generation,authentic scientific terminology,Endurance Limit,endurancelimit
389,1,Time and Skin Longevity,10,Scientific borrowing,Authentic scientific terminology,systematic generation,authentic scientific terminology,Mean Survival,meansurvival
390,1,Time and Skin Longevity,10,Scientific borrowing,Authentic scientific terminology,systematic generation,authentic scientific terminology,Life Table,lifetable
391,1,Time and Skin Longevity,10,Scientific borrowing,Authentic scientific terminology,systematic generation,authentic scientific terminology,Hazard Rate,hazardrate
392,1,Time and Skin Longevity,10,Scientific borrowing,Authentic scientific terminology,systematic generation,authentic scientific terminology,Renewal Process,renewalprocess
393,1,Time and Skin Longevity,10,Scientific borrowing,Authentic scientific terminology,systematic generation,authentic scientific terminology,Serial Passage,serialpassage
394,1,Time and Skin Longevity,10,Scientific borrowing,Authentic scientific terminology,systematic generation,authentic scientific terminology,Replicative Lifespan,replicativelifespan
395,1,Time and Skin Longevity,10,Scientific borrowing,Authentic scientific terminology,systematic generation,authentic scientific terminology,Chronological Age,chronologicalage
396,1,Time and Skin Longevity,10,Scientific borrowing,Authentic scientific terminology,systematic generation,authentic scientific terminology,Long Term Potentiation,longtermpotentiation
397,1,Time and Skin Longevity,10,Scientific borrowing,Authentic scientific terminology,systematic generation,authentic scientific terminology,Sustained Release,sustainedrelease
398,1,Time and Skin Longevity,10,Scientific borrowing,Authentic scientific terminology,systematic generation,authentic scientific terminology,Decay Constant,decayconstant
399,1,Time and Skin Longevity,10,Scientific borrowing,Authentic scientific terminology,systematic generation,authentic scientific terminology,Maintenance Interval,maintenanceinterval
400,1,Time and Skin Longevity,10,Scientific borrowing,Authentic scientific terminology,systematic generation,authentic scientific terminology,Cumulative Exposure,cumulativeexposure
401,1,Time and Skin Longevity,10,Scientific borrowing,Authentic scientific terminology,systematic generation,authentic scientific terminology,Exposure Time,exposuretime
402,1,Time and Skin Longevity,10,Scientific borrowing,Authentic scientific terminology,systematic generation,authentic scientific terminology,Residence Time,residencetime
403,1,Time and Skin Longevity,10,Scientific borrowing,Authentic scientific terminology,systematic generation,authentic scientific terminology,Long Range Order,longrangeorder
404,1,Time and Skin Longevity,10,Scientific borrowing,Authentic scientific terminology,systematic generation,authentic scientific terminology,Persistence Length,persistencelength
405,1,Time and Skin Longevity,10,Scientific borrowing,Authentic scientific terminology,systematic generation,authentic scientific terminology,Run Time,runtime
406,1,Time and Skin Longevity,10,Scientific borrowing,Authentic scientific terminology,systematic generation,authentic scientific terminology,Survival Curve,survivalcurve
407,1,Time and Skin Longevity,10,Scientific borrowing,Authentic scientific terminology,systematic generation,technical compounds,Adaptive Volume Mark,adaptivevolumemark
408,1,Time and Skin Longevity,10,Scientific borrowing,Authentic scientific terminology,systematic generation,technical compounds,Adaptive Sustain Pedal,adaptivesustainpedal
409,1,Time and Skin Longevity,10,Scientific borrowing,Authentic scientific terminology,systematic generation,technical compounds,Adaptive Long Play,adaptivelongplay
410,1,Time and Skin Longevity,10,Scientific borrowing,Authentic scientific terminology,systematic generation,technical compounds,Adaptive Service Interval,adaptiveserviceinterval
411,1,Time and Skin Longevity,10,Scientific borrowing,Authentic scientific terminology,systematic generation,technical compounds,Adaptive Maintenance Log,adaptivemaintenancelog
412,1,Time and Skin Longevity,10,Scientific borrowing,Authentic scientific terminology,systematic generation,technical compounds,Adaptive Flight Hour,adaptiveflighthour
413,1,Time and Skin Longevity,10,Scientific borrowing,Authentic scientific terminology,systematic generation,technical compounds,Adaptive Odometer,adaptiveodometer
414,1,Time and Skin Longevity,10,Scientific borrowing,Authentic scientific terminology,systematic generation,technical compounds,Adaptive Relay Baton,adaptiverelaybaton
415,1,Time and Skin Longevity,10,Scientific borrowing,Authentic scientific terminology,systematic generation,technical compounds,Adaptive Continuity Sheet,adaptivecontinuitysheet
416,1,Time and Skin Longevity,10,Scientific borrowing,Authentic scientific terminology,systematic generation,technical compounds,Adaptive Running Order,adaptiverunningorder
417,1,Time and Skin Longevity,10,Scientific borrowing,Authentic scientific terminology,systematic generation,technical compounds,Dynamic Backlist,dynamicbacklist
418,1,Time and Skin Longevity,10,Scientific borrowing,Authentic scientific terminology,systematic generation,technical compounds,Dynamic Running Edition,dynamicrunningedition
419,1,Time and Skin Longevity,10,Scientific borrowing,Authentic scientific terminology,systematic generation,technical compounds,Dynamic Edition Notice,dynamiceditionnotice
420,1,Time and Skin Longevity,10,Scientific borrowing,Authentic scientific terminology,systematic generation,technical compounds,Dynamic Life Table,dynamiclifetable
421,1,Time and Skin Longevity,10,Scientific borrowing,Authentic scientific terminology,systematic generation,technical compounds,Reference Volume Mark,referencevolumemark
422,1,Time and Skin Longevity,10,Scientific borrowing,Authentic scientific terminology,systematic generation,technical compounds,Reference Sustain Pedal,referencesustainpedal
423,1,Time and Skin Longevity,10,Scientific borrowing,Authentic scientific terminology,systematic generation,technical compounds,Reference Long Play,referencelongplay
424,1,Time and Skin Longevity,10,Scientific borrowing,Authentic scientific terminology,systematic generation,technical compounds,Reference Service Interval,referenceserviceinterval
425,1,Time and Skin Longevity,10,Scientific borrowing,Authentic scientific terminology,systematic generation,technical compounds,Reference Maintenance Log,referencemaintenancelog
426,1,Time and Skin Longevity,10,Scientific borrowing,Authentic scientific terminology,systematic generation,technical compounds,Reference Flight Hour,referenceflighthour
427,1,Time and Skin Longevity,10,Scientific borrowing,Authentic scientific terminology,systematic generation,technical compounds,Reference Odometer,referenceodometer
428,1,Time and Skin Longevity,10,Scientific borrowing,Authentic scientific terminology,systematic generation,technical compounds,Reference Relay Baton,referencerelaybaton
429,1,Time and Skin Longevity,11,Sound-first coinage,Crisp sound-led coinage,systematic generation,phonosemantic sound matrix,Sustain,sustain
430,1,Time and Skin Longevity,11,Sound-first coinage,Crisp sound-led coinage,systematic generation,phonosemantic sound matrix,Susline,susline
431,1,Time and Skin Longevity,11,Sound-first coinage,Crisp sound-led coinage,systematic generation,phonosemantic sound matrix,Susward,susward
432,1,Time and Skin Longevity,11,Sound-first coinage,Crisp sound-led coinage,systematic generation,phonosemantic sound matrix,Susset,susset
433,1,Time and Skin Longevity,11,Sound-first coinage,Crisp sound-led coinage,systematic generation,phonosemantic sound matrix,Saital,saital
434,1,Time and Skin Longevity,11,Sound-first coinage,Crisp sound-led coinage,systematic generation,phonosemantic sound matrix,Saimark,saimark
435,1,Time and Skin Longevity,11,Sound-first coinage,Crisp sound-led coinage,systematic generation,phonosemantic sound matrix,Saiform,saiform
436,1,Time and Skin Longevity,11,Sound-first coinage,Crisp sound-led coinage,systematic generation,phonosemantic sound matrix,Saimore,saimore
437,1,Time and Skin Longevity,11,Sound-first coinage,Crisp sound-led coinage,systematic generation,phonosemantic sound matrix,Serden,serden
438,1,Time and Skin Longevity,11,Sound-first coinage,Crisp sound-led coinage,systematic generation,phonosemantic sound matrix,Serwell,serwell
439,1,Time and Skin Longevity,11,Sound-first coinage,Crisp sound-led coinage,systematic generation,phonosemantic sound matrix,Serrun,serrun
440,1,Time and Skin Longevity,11,Sound-first coinage,Crisp sound-led coinage,systematic generation,phonosemantic sound matrix,Sernow,sernow
441,1,Time and Skin Longevity,11,Sound-first coinage,Crisp sound-led coinage,systematic generation,phonosemantic sound matrix,Editain,editain
442,1,Time and Skin Longevity,11,Sound-first coinage,Crisp sound-led coinage,systematic generation,phonosemantic sound matrix,Ediline,ediline
443,1,Time and Skin Longevity,11,Sound-first coinage,Crisp sound-led coinage,systematic generation,phonosemantic sound matrix,Ediward,ediward
444,1,Time and Skin Longevity,11,Sound-first coinage,Crisp sound-led coinage,systematic generation,phonosemantic sound matrix,Ediset,ediset
445,1,Time and Skin Longevity,11,Sound-first coinage,Crisp sound-led coinage,systematic generation,phonosemantic sound matrix,Voltal,voltal
446,1,Time and Skin Longevity,11,Sound-first coinage,Crisp sound-led coinage,systematic generation,phonosemantic sound matrix,Volmark,volmark
447,1,Time and Skin Longevity,11,Sound-first coinage,Crisp sound-led coinage,systematic generation,phonosemantic sound matrix,Volform,volform
448,1,Time and Skin Longevity,11,Sound-first coinage,Crisp sound-led coinage,systematic generation,phonosemantic sound matrix,Volmore,volmore
449,1,Time and Skin Longevity,11,Sound-first coinage,Crisp sound-led coinage,systematic generation,phonosemantic sound matrix,Seqden,seqden
450,1,Time and Skin Longevity,11,Sound-first coinage,Crisp sound-led coinage,systematic generation,phonosemantic sound matrix,Seqwell,seqwell
451,1,Time and Skin Longevity,11,Sound-first coinage,Crisp sound-led coinage,systematic generation,phonosemantic sound matrix,Seqrun,seqrun
452,1,Time and Skin Longevity,11,Sound-first coinage,Crisp sound-led coinage,systematic generation,phonosemantic sound matrix,Seqnow,seqnow
453,1,Time and Skin Longevity,11,Sound-first coinage,Crisp sound-led coinage,systematic generation,phonosemantic sound matrix,Ongtain,ongtain
454,1,Time and Skin Longevity,11,Sound-first coinage,Crisp sound-led coinage,systematic generation,phonosemantic sound matrix,Ongline,ongline
455,1,Time and Skin Longevity,11,Sound-first coinage,Crisp sound-led coinage,systematic generation,phonosemantic sound matrix,Ongward,ongward
456,1,Time and Skin Longevity,11,Sound-first coinage,Crisp sound-led coinage,systematic generation,phonosemantic sound matrix,Ongset,ongset
457,1,Time and Skin Longevity,11,Sound-first coinage,Crisp sound-led coinage,systematic generation,phonosemantic sound matrix,Curtal,curtal
458,1,Time and Skin Longevity,11,Sound-first coinage,Crisp sound-led coinage,systematic generation,phonosemantic sound matrix,Curmark,curmark
459,1,Time and Skin Longevity,11,Sound-first coinage,Crisp sound-led coinage,systematic generation,phonosemantic sound matrix,Curform,curform
460,1,Time and Skin Longevity,11,Sound-first coinage,Crisp sound-led coinage,systematic generation,phonosemantic sound matrix,Curmore,curmore
461,1,Time and Skin Longevity,11,Sound-first coinage,Crisp sound-led coinage,systematic generation,phonosemantic sound matrix,Carden,carden
462,1,Time and Skin Longevity,11,Sound-first coinage,Crisp sound-led coinage,systematic generation,phonosemantic sound matrix,Carwell,carwell
463,1,Time and Skin Longevity,11,Sound-first coinage,Crisp sound-led coinage,systematic generation,phonosemantic sound matrix,Carrun,carrun
464,1,Time and Skin Longevity,11,Sound-first coinage,Crisp sound-led coinage,systematic generation,phonosemantic sound matrix,Carnow,carnow
465,1,Time and Skin Longevity,11,Sound-first coinage,Crisp sound-led coinage,systematic generation,phonosemantic sound matrix,Remtain,remtain
466,1,Time and Skin Longevity,11,Sound-first coinage,Crisp sound-led coinage,systematic generation,phonosemantic sound matrix,Remline,remline
467,1,Time and Skin Longevity,11,Sound-first coinage,Crisp sound-led coinage,systematic generation,phonosemantic sound matrix,Remward,remward
468,1,Time and Skin Longevity,11,Sound-first coinage,Crisp sound-led coinage,systematic generation,phonosemantic sound matrix,Remset,remset
469,1,Time and Skin Longevity,11,Sound-first coinage,Crisp sound-led coinage,systematic generation,phonosemantic sound matrix,Endtal,endtal
470,1,Time and Skin Longevity,11,Sound-first coinage,Crisp sound-led coinage,systematic generation,phonosemantic sound matrix,Endmark,endmark
471,1,Time and Skin Longevity,12,Structural / orthographic device,Meaningful notation or orthographic device,systematic generation,orthographic deletion,Sustin,sustin
472,1,Time and Skin Longevity,12,Structural / orthographic device,Meaningful notation or orthographic device,systematic generation,orthographic deletion,Seral,seral
473,1,Time and Skin Longevity,12,Structural / orthographic device,Meaningful notation or orthographic device,systematic generation,orthographic deletion,Edtion,edtion
474,1,Time and Skin Longevity,12,Structural / orthographic device,Meaningful notation or orthographic device,systematic generation,orthographic deletion,Volme,volme
475,1,Time and Skin Longevity,12,Structural / orthographic device,Meaningful notation or orthographic device,systematic generation,orthographic deletion,Seqel,seqel
476,1,Time and Skin Longevity,12,Structural / orthographic device,Meaningful notation or orthographic device,systematic generation,orthographic deletion,Onging,onging
477,1,Time and Skin Longevity,12,Structural / orthographic device,Meaningful notation or orthographic device,systematic generation,orthographic deletion,Currnt,currnt
478,1,Time and Skin Longevity,12,Structural / orthographic device,Meaningful notation or orthographic device,systematic generation,orthographic deletion,Carry,carry
479,1,Time and Skin Longevity,12,Structural / orthographic device,Meaningful notation or orthographic device,systematic generation,orthographic deletion,Remin,remin
480,1,Time and Skin Longevity,12,Structural / orthographic device,Meaningful notation or orthographic device,systematic generation,orthographic deletion,Endre,endre
481,1,Time and Skin Longevity,12,Structural / orthographic device,Meaningful notation or orthographic device,systematic generation,orthographic deletion,Extnd,extnd
482,1,Time and Skin Longevity,12,Structural / orthographic device,Meaningful notation or orthographic device,systematic generation,orthographic deletion,Contnue,contnue
483,1,Time and Skin Longevity,12,Structural / orthographic device,Meaningful notation or orthographic device,systematic generation,orthographic deletion,Succssion,succssion
484,1,Time and Skin Longevity,12,Structural / orthographic device,Meaningful notation or orthographic device,systematic generation,orthographic deletion,Durtion,durtion
485,1,Time and Skin Longevity,12,Structural / orthographic device,Meaningful notation or orthographic device,systematic generation,orthographic deletion,Longrn,longrn
486,1,Time and Skin Longevity,12,Structural / orthographic device,Meaningful notation or orthographic device,systematic generation,orthographic deletion,Aftrward,aftrward
487,1,Time and Skin Longevity,12,Structural / orthographic device,Meaningful notation or orthographic device,systematic generation,orthographic deletion,Persst,persst
488,1,Time and Skin Longevity,12,Structural / orthographic device,Meaningful notation or orthographic device,systematic generation,orthographic deletion,Retrn,retrn
489,1,Time and Skin Longevity,12,Structural / orthographic device,Meaningful notation or orthographic device,systematic generation,orthographic deletion,Lastng,lastng
490,1,Time and Skin Longevity,12,Structural / orthographic device,Meaningful notation or orthographic device,systematic generation,orthographic deletion,Recrrent,recrrent
491,1,Time and Skin Longevity,12,Structural / orthographic device,Meaningful notation or orthographic device,systematic generation,meaningful numbering,Sustain One,sustainone
492,1,Time and Skin Longevity,12,Structural / orthographic device,Meaningful notation or orthographic device,systematic generation,meaningful numbering,Serial One,serialone
493,1,Time and Skin Longevity,12,Structural / orthographic device,Meaningful notation or orthographic device,systematic generation,meaningful numbering,Edition One,editionone
494,1,Time and Skin Longevity,12,Structural / orthographic device,Meaningful notation or orthographic device,systematic generation,meaningful numbering,Volume One,volumeone
495,1,Time and Skin Longevity,12,Structural / orthographic device,Meaningful notation or orthographic device,systematic generation,meaningful numbering,Sequel One,sequelone
496,1,Time and Skin Longevity,12,Structural / orthographic device,Meaningful notation or orthographic device,systematic generation,meaningful numbering,Ongoing One,ongoingone
497,1,Time and Skin Longevity,12,Structural / orthographic device,Meaningful notation or orthographic device,systematic generation,meaningful numbering,Current One,currentone
498,1,Time and Skin Longevity,12,Structural / orthographic device,Meaningful notation or orthographic device,systematic generation,meaningful numbering,Carry One,carryone
499,1,Time and Skin Longevity,12,Structural / orthographic device,Meaningful notation or orthographic device,systematic generation,meaningful numbering,Remain One,remainone
500,1,Time and Skin Longevity,12,Structural / orthographic device,Meaningful notation or orthographic device,systematic generation,meaningful numbering,Endure One,endureone
501,1,Time and Skin Longevity,12,Structural / orthographic device,Meaningful notation or orthographic device,systematic generation,meaningful numbering,Extend One,extendone
502,1,Time and Skin Longevity,12,Structural / orthographic device,Meaningful notation or orthographic device,systematic generation,meaningful numbering,Continue One,continueone
503,1,Time and Skin Longevity,12,Structural / orthographic device,Meaningful notation or orthographic device,systematic generation,plus notation,Sequel Plus,sequelplus
504,1,Time and Skin Longevity,12,Structural / orthographic device,Meaningful notation or orthographic device,systematic generation,plus notation,Ongoing Plus,ongoingplus
505,1,Time and Skin Longevity,12,Structural / orthographic device,Meaningful notation or orthographic device,systematic generation,plus notation,Current Plus,currentplus
506,1,Time and Skin Longevity,12,Structural / orthographic device,Meaningful notation or orthographic device,systematic generation,plus notation,Remain Plus,remainplus
507,1,Time and Skin Longevity,12,Structural / orthographic device,Meaningful notation or orthographic device,systematic generation,plus notation,Endure Plus,endureplus
508,1,Time and Skin Longevity,12,Structural / orthographic device,Meaningful notation or orthographic device,systematic generation,plus notation,Extend Plus,extendplus
509,1,Time and Skin Longevity,12,Structural / orthographic device,Meaningful notation or orthographic device,systematic generation,plus notation,Continue Plus,continueplus
510,1,Time and Skin Longevity,12,Structural / orthographic device,Meaningful notation or orthographic device,systematic generation,plus notation,Succession Plus,successionplus
511,1,Time and Skin Longevity,12,Structural / orthographic device,Meaningful notation or orthographic device,systematic generation,plus notation,Duration Plus,durationplus
512,1,Time and Skin Longevity,12,Structural / orthographic device,Meaningful notation or orthographic device,systematic generation,plus notation,Longrun Plus,longrunplus
513,1,Time and Skin Longevity,13,Compound: one plus one equals three,Category-relevant compound,hand-authored,round-two curated depth seed,Continuous Form,continuousform
514,1,Time and Skin Longevity,13,Compound: one plus one equals three,Category-relevant compound,systematic generation,one plus one equals three,Full Backlist,fullbacklist
515,1,Time and Skin Longevity,13,Compound: one plus one equals three,Category-relevant compound,systematic generation,one plus one equals three,Full Running Edition,fullrunningedition
516,1,Time and Skin Longevity,13,Compound: one plus one equals three,Category-relevant compound,systematic generation,one plus one equals three,Full Edition Notice,fulleditionnotice
517,1,Time and Skin Longevity,13,Compound: one plus one equals three,Category-relevant compound,systematic generation,one plus one equals three,Full Life Table,fulllifetable
518,1,Time and Skin Longevity,13,Compound: one plus one equals three,Category-relevant compound,systematic generation,one plus one equals three,Full Reissue Stamp,fullreissuestamp
519,1,Time and Skin Longevity,13,Compound: one plus one equals three,Category-relevant compound,systematic generation,one plus one equals three,Open Running Edition,openrunningedition
520,1,Time and Skin Longevity,13,Compound: one plus one equals three,Category-relevant compound,systematic generation,one plus one equals three,Open Volume Mark,openvolumemark
521,1,Time and Skin Longevity,13,Compound: one plus one equals three,Category-relevant compound,systematic generation,one plus one equals three,Open Long Play,openlongplay
522,1,Time and Skin Longevity,13,Compound: one plus one equals three,Category-relevant compound,systematic generation,one plus one equals three,Open Flight Hour,openflighthour
523,1,Time and Skin Longevity,13,Compound: one plus one equals three,Category-relevant compound,systematic generation,one plus one equals three,Open Edition Notice,openeditionnotice
524,1,Time and Skin Longevity,13,Compound: one plus one equals three,Category-relevant compound,systematic generation,one plus one equals three,Open Continuity Sheet,opencontinuitysheet
525,1,Time and Skin Longevity,13,Compound: one plus one equals three,Category-relevant compound,systematic generation,one plus one equals three,Open Life Table,openlifetable
526,1,Time and Skin Longevity,13,Compound: one plus one equals three,Category-relevant compound,systematic generation,one plus one equals three,Open Reissue Stamp,openreissuestamp
527,1,Time and Skin Longevity,13,Compound: one plus one equals three,Category-relevant compound,systematic generation,one plus one equals three,Open Carry,opencarry
528,1,Time and Skin Longevity,13,Compound: one plus one equals three,Category-relevant compound,systematic generation,one plus one equals three,True Volume Mark,truevolumemark
529,1,Time and Skin Longevity,13,Compound: one plus one equals three,Category-relevant compound,systematic generation,one plus one equals three,True Sustain Pedal,truesustainpedal
530,1,Time and Skin Longevity,13,Compound: one plus one equals three,Category-relevant compound,systematic generation,one plus one equals three,True Long Play,truelongplay
531,1,Time and Skin Longevity,13,Compound: one plus one equals three,Category-relevant compound,systematic generation,one plus one equals three,True Service Interval,trueserviceinterval
532,1,Time and Skin Longevity,13,Compound: one plus one equals three,Category-relevant compound,systematic generation,one plus one equals three,True Maintenance Log,truemaintenancelog
533,1,Time and Skin Longevity,13,Compound: one plus one equals three,Category-relevant compound,systematic generation,one plus one equals three,True Flight Hour,trueflighthour
534,1,Time and Skin Longevity,13,Compound: one plus one equals three,Category-relevant compound,systematic generation,one plus one equals three,True Odometer,trueodometer
535,1,Time and Skin Longevity,13,Compound: one plus one equals three,Category-relevant compound,systematic generation,one plus one equals three,True Relay Baton,truerelaybaton
536,1,Time and Skin Longevity,13,Compound: one plus one equals three,Category-relevant compound,systematic generation,one plus one equals three,True Continuity Sheet,truecontinuitysheet
537,1,Time and Skin Longevity,13,Compound: one plus one equals three,Category-relevant compound,systematic generation,one plus one equals three,True Running Order,truerunningorder
538,1,Time and Skin Longevity,13,Compound: one plus one equals three,Category-relevant compound,systematic generation,one plus one equals three,True Sequel,truesequel
539,1,Time and Skin Longevity,13,Compound: one plus one equals three,Category-relevant compound,systematic generation,one plus one equals three,True Carry,truecarry
540,1,Time and Skin Longevity,13,Compound: one plus one equals three,Category-relevant compound,systematic generation,one plus one equals three,True Continuation,truecontinuation
541,1,Time and Skin Longevity,13,Compound: one plus one equals three,Category-relevant compound,systematic generation,one plus one equals three,Next Serial Number,nextserialnumber
542,1,Time and Skin Longevity,13,Compound: one plus one equals three,Category-relevant compound,systematic generation,one plus one equals three,Next Sustain Pedal,nextsustainpedal
543,1,Time and Skin Longevity,13,Compound: one plus one equals three,Category-relevant compound,systematic generation,one plus one equals three,Next Service Interval,nextserviceinterval
544,1,Time and Skin Longevity,13,Compound: one plus one equals three,Category-relevant compound,systematic generation,one plus one equals three,Next Maintenance Log,nextmaintenancelog
545,1,Time and Skin Longevity,13,Compound: one plus one equals three,Category-relevant compound,systematic generation,one plus one equals three,Next Odometer,nextodometer
546,1,Time and Skin Longevity,13,Compound: one plus one equals three,Category-relevant compound,systematic generation,one plus one equals three,Next Generation Line,nextgenerationline
547,1,Time and Skin Longevity,13,Compound: one plus one equals three,Category-relevant compound,systematic generation,one plus one equals three,Next Relay Baton,nextrelaybaton
548,1,Time and Skin Longevity,13,Compound: one plus one equals three,Category-relevant compound,systematic generation,one plus one equals three,Next Running Order,nextrunningorder
549,1,Time and Skin Longevity,13,Compound: one plus one equals three,Category-relevant compound,systematic generation,one plus one equals three,Next Endurance Gauge,nextendurancegauge
550,1,Time and Skin Longevity,13,Compound: one plus one equals three,Category-relevant compound,systematic generation,one plus one equals three,Next Sequence Card,nextsequencecard
551,1,Time and Skin Longevity,13,Compound: one plus one equals three,Category-relevant compound,systematic generation,one plus one equals three,Next Return Date,nextreturndate
552,1,Time and Skin Longevity,13,Compound: one plus one equals three,Category-relevant compound,systematic generation,one plus one equals three,Next Sequel,nextsequel
553,1,Time and Skin Longevity,13,Compound: one plus one equals three,Category-relevant compound,systematic generation,one plus one equals three,Next Longplay,nextlongplay
554,1,Time and Skin Longevity,13,Compound: one plus one equals three,Category-relevant compound,systematic generation,one plus one equals three,Next Sustain,nextsustain
555,1,Time and Skin Longevity,13,Compound: one plus one equals three,Category-relevant compound,systematic generation,one plus one equals three,Next Continuation,nextcontinuation
556,1,Time and Skin Longevity,14,Real-word metaphor or eponym,Unexpected real word or metaphor,hand-authored,round-two curated depth seed,Longplay,longplay
557,1,Time and Skin Longevity,14,Real-word metaphor or eponym,Unexpected real word or metaphor,systematic generation,real-word metaphor,Backlist,backlist
558,1,Time and Skin Longevity,14,Real-word metaphor or eponym,Unexpected real word or metaphor,systematic generation,real-word metaphor,Sequel,sequel
559,1,Time and Skin Longevity,14,Real-word metaphor or eponym,Unexpected real word or metaphor,systematic generation,real-word metaphor,Longplay,longplay
560,1,Time and Skin Longevity,14,Real-word metaphor or eponym,Unexpected real word or metaphor,systematic generation,real-word metaphor,Sustain,sustain
561,1,Time and Skin Longevity,14,Real-word metaphor or eponym,Unexpected real word or metaphor,systematic generation,real-word metaphor,Carry,carry
562,1,Time and Skin Longevity,14,Real-word metaphor or eponym,Unexpected real word or metaphor,systematic generation,real-word metaphor,Continuation,continuation
563,1,Time and Skin Longevity,14,Real-word metaphor or eponym,Unexpected real word or metaphor,systematic generation,real-word metaphor,Reissue,reissue
564,1,Time and Skin Longevity,14,Real-word metaphor or eponym,Unexpected real word or metaphor,systematic generation,real-word metaphor,Serial,serial
565,1,Time and Skin Longevity,14,Real-word metaphor or eponym,Unexpected real word or metaphor,systematic generation,real-word metaphor,Relay,relay
566,1,Time and Skin Longevity,14,Real-word metaphor or eponym,Unexpected real word or metaphor,systematic generation,real-word metaphor,Runway,runway
567,1,Time and Skin Longevity,14,Real-word metaphor or eponym,Unexpected real word or metaphor,systematic generation,real-word metaphor,Odometer,odometer
568,1,Time and Skin Longevity,14,Real-word metaphor or eponym,Unexpected real word or metaphor,systematic generation,real-word metaphor,Second Printing,secondprinting
569,1,Time and Skin Longevity,14,Real-word metaphor or eponym,Unexpected real word or metaphor,systematic generation,real-word metaphor,Return Date,returndate
570,1,Time and Skin Longevity,14,Real-word metaphor or eponym,Unexpected real word or metaphor,systematic generation,real-word metaphor,Current,current
571,1,Time and Skin Longevity,14,Real-word metaphor or eponym,Unexpected real word or metaphor,systematic generation,real-word metaphor,Edition,edition
572,1,Time and Skin Longevity,14,Real-word metaphor or eponym,Unexpected real word or metaphor,systematic generation,real-word metaphor,Volume,volume
573,1,Time and Skin Longevity,14,Real-word metaphor or eponym,Unexpected real word or metaphor,systematic generation,real-word metaphor,Afterword,afterword
574,1,Time and Skin Longevity,14,Real-word metaphor or eponym,Unexpected real word or metaphor,systematic generation,real-word metaphor,Mainline,mainline
575,1,Time and Skin Longevity,14,Real-word metaphor or eponym,Unexpected real word or metaphor,systematic generation,real-word metaphor,Long Run,longrun
576,1,Time and Skin Longevity,14,Real-word metaphor or eponym,Unexpected real word or metaphor,systematic generation,real-word metaphor,Stayer,stayer
577,1,Time and Skin Longevity,14,Real-word metaphor or eponym,Unexpected real word or metaphor,systematic generation,real object as brand,Running Edition,runningedition
578,1,Time and Skin Longevity,14,Real-word metaphor or eponym,Unexpected real word or metaphor,systematic generation,real object as brand,Serial Number,serialnumber
579,1,Time and Skin Longevity,14,Real-word metaphor or eponym,Unexpected real word or metaphor,systematic generation,real object as brand,Volume Mark,volumemark
580,1,Time and Skin Longevity,14,Real-word metaphor or eponym,Unexpected real word or metaphor,systematic generation,real object as brand,Sustain Pedal,sustainpedal
581,1,Time and Skin Longevity,14,Real-word metaphor or eponym,Unexpected real word or metaphor,systematic generation,real object as brand,Service Interval,serviceinterval
582,1,Time and Skin Longevity,14,Real-word metaphor or eponym,Unexpected real word or metaphor,systematic generation,real object as brand,Maintenance Log,maintenancelog
583,1,Time and Skin Longevity,14,Real-word metaphor or eponym,Unexpected real word or metaphor,systematic generation,real object as brand,Flight Hour,flighthour
584,1,Time and Skin Longevity,14,Real-word metaphor or eponym,Unexpected real word or metaphor,systematic generation,real object as brand,Generation Line,generationline
585,1,Time and Skin Longevity,14,Real-word metaphor or eponym,Unexpected real word or metaphor,systematic generation,real object as brand,Relay Baton,relaybaton
586,1,Time and Skin Longevity,14,Real-word metaphor or eponym,Unexpected real word or metaphor,systematic generation,real object as brand,Edition Notice,editionnotice
587,1,Time and Skin Longevity,14,Real-word metaphor or eponym,Unexpected real word or metaphor,systematic generation,real object as brand,Continuity Sheet,continuitysheet
588,1,Time and Skin Longevity,14,Real-word metaphor or eponym,Unexpected real word or metaphor,systematic generation,real object as brand,Running Order,runningorder
589,1,Time and Skin Longevity,14,Real-word metaphor or eponym,Unexpected real word or metaphor,systematic generation,real object as brand,Endurance Gauge,endurancegauge
590,1,Time and Skin Longevity,14,Real-word metaphor or eponym,Unexpected real word or metaphor,systematic generation,real object as brand,Life Table,lifetable
591,1,Time and Skin Longevity,14,Real-word metaphor or eponym,Unexpected real word or metaphor,systematic generation,real object as brand,Sequence Card,sequencecard
592,1,Time and Skin Longevity,14,Real-word metaphor or eponym,Unexpected real word or metaphor,systematic generation,real object as brand,Reissue Stamp,reissuestamp
593,1,Time and Skin Longevity,14,Real-word metaphor or eponym,Unexpected real word or metaphor,systematic generation,cell fallback matrix,Full Backlist,fullbacklist
594,1,Time and Skin Longevity,14,Real-word metaphor or eponym,Unexpected real word or metaphor,systematic generation,cell fallback matrix,Full Running Edition,fullrunningedition
595,1,Time and Skin Longevity,14,Real-word metaphor or eponym,Unexpected real word or metaphor,systematic generation,cell fallback matrix,Full Edition Notice,fulleditionnotice
596,1,Time and Skin Longevity,14,Real-word metaphor or eponym,Unexpected real word or metaphor,systematic generation,cell fallback matrix,Full Life Table,fulllifetable
597,1,Time and Skin Longevity,14,Real-word metaphor or eponym,Unexpected real word or metaphor,systematic generation,cell fallback matrix,Full Reissue Stamp,fullreissuestamp
598,1,Time and Skin Longevity,14,Real-word metaphor or eponym,Unexpected real word or metaphor,systematic generation,cell fallback matrix,Full Reissue,fullreissue
599,1,Time and Skin Longevity,15,World-language hunt,World-language borrowing,systematic generation,world-language source hunt,Sostenuto,sostenuto
600,1,Time and Skin Longevity,15,World-language hunt,World-language borrowing,systematic generation,world-language source hunt,Sempre,sempre
601,1,Time and Skin Longevity,15,World-language hunt,World-language borrowing,systematic generation,world-language source hunt,Weiter,weiter
602,1,Time and Skin Longevity,15,World-language hunt,World-language borrowing,systematic generation,world-language source hunt,Encore,encore
603,1,Time and Skin Longevity,15,World-language hunt,World-language borrowing,systematic generation,world-language source hunt,Ancora,ancora
604,1,Time and Skin Longevity,15,World-language hunt,World-language borrowing,systematic generation,world-language source hunt,Avanti,avanti
605,1,Time and Skin Longevity,15,World-language hunt,World-language borrowing,systematic generation,world-language source hunt,Continuare,continuare
606,1,Time and Skin Longevity,15,World-language hunt,World-language borrowing,systematic generation,world-language source hunt,Dauer,dauer
607,1,Time and Skin Longevity,15,World-language hunt,World-language borrowing,systematic generation,world-language source hunt,Proximo,proximo
608,1,Time and Skin Longevity,15,World-language hunt,World-language borrowing,systematic generation,world-language source hunt,Longe,longe
609,1,Time and Skin Longevity,15,World-language hunt,World-language borrowing,systematic generation,world-language source hunt,Suite,suite
610,1,Time and Skin Longevity,15,World-language hunt,World-language borrowing,systematic generation,world-language source hunt,Demain,demain
611,1,Time and Skin Longevity,15,World-language hunt,World-language borrowing,systematic generation,transparent world-language compound,Casa Weiter,casaweiter
612,1,Time and Skin Longevity,15,World-language hunt,World-language borrowing,systematic generation,transparent world-language compound,Casa Avanti,casaavanti
613,1,Time and Skin Longevity,15,World-language hunt,World-language borrowing,systematic generation,transparent world-language compound,Casa Continuare,casacontinuare
614,1,Time and Skin Longevity,15,World-language hunt,World-language borrowing,systematic generation,transparent world-language compound,Studio Sostenuto,studiosostenuto
615,1,Time and Skin Longevity,15,World-language hunt,World-language borrowing,systematic generation,transparent world-language compound,Studio Sempre,studiosempre
616,1,Time and Skin Longevity,15,World-language hunt,World-language borrowing,systematic generation,transparent world-language compound,Studio Encore,studioencore
617,1,Time and Skin Longevity,15,World-language hunt,World-language borrowing,systematic generation,transparent world-language compound,Studio Dauer,studiodauer
618,1,Time and Skin Longevity,15,World-language hunt,World-language borrowing,systematic generation,transparent world-language compound,Studio Longe,studiolonge
619,1,Time and Skin Longevity,15,World-language hunt,World-language borrowing,systematic generation,transparent world-language compound,Studio Demain,studiodemain
620,1,Time and Skin Longevity,15,World-language hunt,World-language borrowing,systematic generation,transparent world-language compound,Metodo Sempre,metodosempre
621,1,Time and Skin Longevity,15,World-language hunt,World-language borrowing,systematic generation,transparent world-language compound,Metodo Ancora,metodoancora
622,1,Time and Skin Longevity,15,World-language hunt,World-language borrowing,systematic generation,transparent world-language compound,Metodo Dauer,metododauer
623,1,Time and Skin Longevity,15,World-language hunt,World-language borrowing,systematic generation,transparent world-language compound,Metodo Proximo,metodoproximo
624,1,Time and Skin Longevity,15,World-language hunt,World-language borrowing,systematic generation,transparent world-language compound,Metodo Suite,metodosuite
625,1,Time and Skin Longevity,15,World-language hunt,World-language borrowing,systematic generation,transparent world-language compound,Metodo Demain,metododemain
626,1,Time and Skin Longevity,15,World-language hunt,World-language borrowing,systematic generation,transparent world-language compound,Forma Sostenuto,formasostenuto
627,1,Time and Skin Longevity,15,World-language hunt,World-language borrowing,systematic generation,transparent world-language compound,Forma Encore,formaencore
628,1,Time and Skin Longevity,15,World-language hunt,World-language borrowing,systematic generation,transparent world-language compound,Forma Avanti,formaavanti
629,1,Time and Skin Longevity,15,World-language hunt,World-language borrowing,systematic generation,transparent world-language compound,Forma Continuare,formacontinuare
630,1,Time and Skin Longevity,15,World-language hunt,World-language borrowing,systematic generation,transparent world-language compound,Forma Longe,formalonge
631,1,Time and Skin Longevity,15,World-language hunt,World-language borrowing,systematic generation,cell fallback matrix,Full Backlist,fullbacklist
632,1,Time and Skin Longevity,15,World-language hunt,World-language borrowing,systematic generation,cell fallback matrix,Full Running Edition,fullrunningedition
633,1,Time and Skin Longevity,15,World-language hunt,World-language borrowing,systematic generation,cell fallback matrix,Full Edition Notice,fulleditionnotice
634,1,Time and Skin Longevity,15,World-language hunt,World-language borrowing,systematic generation,cell fallback matrix,Full Life Table,fulllifetable
635,1,Time and Skin Longevity,15,World-language hunt,World-language borrowing,systematic generation,cell fallback matrix,Full Reissue Stamp,fullreissuestamp
636,1,Time and Skin Longevity,15,World-language hunt,World-language borrowing,systematic generation,cell fallback matrix,Full Reissue,fullreissue
637,1,Time and Skin Longevity,15,World-language hunt,World-language borrowing,systematic generation,cell fallback matrix,Full Serial,fullserial
638,1,Time and Skin Longevity,15,World-language hunt,World-language borrowing,systematic generation,cell fallback matrix,Full Relay,fullrelay
639,1,Time and Skin Longevity,15,World-language hunt,World-language borrowing,systematic generation,cell fallback matrix,Full Odometer,fullodometer
640,1,Time and Skin Longevity,15,World-language hunt,World-language borrowing,systematic generation,cell fallback matrix,Full Second Printing,fullsecondprinting
641,1,Time and Skin Longevity,16,Synchronicity / source-library raid,Authentic insider terminology,hand-authored,round-two curated depth seed,Current Issue,currentissue
642,1,Time and Skin Longevity,16,Synchronicity / source-library raid,Authentic insider terminology,systematic generation,specialist source-library raid,Sustain Pedal,sustainpedal
643,1,Time and Skin Longevity,16,Synchronicity / source-library raid,Authentic insider terminology,systematic generation,specialist source-library raid,Long Play,longplay
644,1,Time and Skin Longevity,16,Synchronicity / source-library raid,Authentic insider terminology,systematic generation,specialist source-library raid,Running Order,runningorder
645,1,Time and Skin Longevity,16,Synchronicity / source-library raid,Authentic insider terminology,systematic generation,specialist source-library raid,Second Printing,secondprinting
646,1,Time and Skin Longevity,16,Synchronicity / source-library raid,Authentic insider terminology,systematic generation,specialist source-library raid,New Edition,newedition
647,1,Time and Skin Longevity,16,Synchronicity / source-library raid,Authentic insider terminology,systematic generation,specialist source-library raid,Backlist Title,backlisttitle
648,1,Time and Skin Longevity,16,Synchronicity / source-library raid,Authentic insider terminology,systematic generation,specialist source-library raid,Serial Publication,serialpublication
649,1,Time and Skin Longevity,16,Synchronicity / source-library raid,Authentic insider terminology,systematic generation,specialist source-library raid,Continuity Sheet,continuitysheet
650,1,Time and Skin Longevity,16,Synchronicity / source-library raid,Authentic insider terminology,systematic generation,specialist source-library raid,Service Interval,serviceinterval
651,1,Time and Skin Longevity,16,Synchronicity / source-library raid,Authentic insider terminology,systematic generation,specialist source-library raid,Flight Hours,flighthours
652,1,Time and Skin Longevity,16,Synchronicity / source-library raid,Authentic insider terminology,systematic generation,specialist source-library raid,Endurance Limit,endurancelimit
653,1,Time and Skin Longevity,16,Synchronicity / source-library raid,Authentic insider terminology,systematic generation,specialist source-library raid,Fatigue Life,fatiguelife
654,1,Time and Skin Longevity,16,Synchronicity / source-library raid,Authentic insider terminology,systematic generation,specialist source-library raid,Life Table,lifetable
655,1,Time and Skin Longevity,16,Synchronicity / source-library raid,Authentic insider terminology,systematic generation,specialist source-library raid,Survival Curve,survivalcurve
656,1,Time and Skin Longevity,16,Synchronicity / source-library raid,Authentic insider terminology,systematic generation,specialist source-library raid,Renewal Process,renewalprocess
657,1,Time and Skin Longevity,16,Synchronicity / source-library raid,Authentic insider terminology,systematic generation,specialist source-library raid,Long Range Order,longrangeorder
658,1,Time and Skin Longevity,16,Synchronicity / source-library raid,Authentic insider terminology,systematic generation,specialist source-library raid,Holding Time,holdingtime
659,1,Time and Skin Longevity,16,Synchronicity / source-library raid,Authentic insider terminology,systematic generation,specialist source-library raid,Residence Time,residencetime
660,1,Time and Skin Longevity,16,Synchronicity / source-library raid,Authentic insider terminology,systematic generation,specialist source-library raid,Return Date,returndate
661,1,Time and Skin Longevity,16,Synchronicity / source-library raid,Authentic insider terminology,systematic generation,specialist source-library raid,Current Issue,currentissue
662,1,Time and Skin Longevity,16,Synchronicity / source-library raid,Authentic insider terminology,systematic generation,source term reconstruction,Open Backlist,openbacklist
663,1,Time and Skin Longevity,16,Synchronicity / source-library raid,Authentic insider terminology,systematic generation,source term reconstruction,Open Running Edition,openrunningedition
664,1,Time and Skin Longevity,16,Synchronicity / source-library raid,Authentic insider terminology,systematic generation,source term reconstruction,Open Edition Notice,openeditionnotice
665,1,Time and Skin Longevity,16,Synchronicity / source-library raid,Authentic insider terminology,systematic generation,source term reconstruction,Open Life Table,openlifetable
666,1,Time and Skin Longevity,16,Synchronicity / source-library raid,Authentic insider terminology,systematic generation,source term reconstruction,Open Reissue Stamp,openreissuestamp
667,1,Time and Skin Longevity,16,Synchronicity / source-library raid,Authentic insider terminology,systematic generation,source term reconstruction,True Running Edition,truerunningedition
668,1,Time and Skin Longevity,16,Synchronicity / source-library raid,Authentic insider terminology,systematic generation,source term reconstruction,True Volume Mark,truevolumemark
669,1,Time and Skin Longevity,16,Synchronicity / source-library raid,Authentic insider terminology,systematic generation,source term reconstruction,True Long Play,truelongplay
670,1,Time and Skin Longevity,16,Synchronicity / source-library raid,Authentic insider terminology,systematic generation,source term reconstruction,True Flight Hour,trueflighthour
671,1,Time and Skin Longevity,16,Synchronicity / source-library raid,Authentic insider terminology,systematic generation,source term reconstruction,True Edition Notice,trueeditionnotice
672,1,Time and Skin Longevity,16,Synchronicity / source-library raid,Authentic insider terminology,systematic generation,source term reconstruction,True Continuity Sheet,truecontinuitysheet
673,1,Time and Skin Longevity,16,Synchronicity / source-library raid,Authentic insider terminology,systematic generation,source term reconstruction,True Life Table,truelifetable
674,1,Time and Skin Longevity,16,Synchronicity / source-library raid,Authentic insider terminology,systematic generation,source term reconstruction,True Reissue Stamp,truereissuestamp
675,1,Time and Skin Longevity,16,Synchronicity / source-library raid,Authentic insider terminology,systematic generation,source term reconstruction,Working Running Edition,workingrunningedition
676,1,Time and Skin Longevity,16,Synchronicity / source-library raid,Authentic insider terminology,systematic generation,source term reconstruction,Working Volume Mark,workingvolumemark
677,1,Time and Skin Longevity,16,Synchronicity / source-library raid,Authentic insider terminology,systematic generation,source term reconstruction,Working Long Play,workinglongplay
678,1,Time and Skin Longevity,16,Synchronicity / source-library raid,Authentic insider terminology,systematic generation,source term reconstruction,Working Flight Hour,workingflighthour
679,1,Time and Skin Longevity,16,Synchronicity / source-library raid,Authentic insider terminology,systematic generation,source term reconstruction,Working Edition Notice,workingeditionnotice
680,1,Time and Skin Longevity,16,Synchronicity / source-library raid,Authentic insider terminology,systematic generation,source term reconstruction,Working Continuity Sheet,workingcontinuitysheet
681,1,Time and Skin Longevity,16,Synchronicity / source-library raid,Authentic insider terminology,systematic generation,source term reconstruction,Working Life Table,workinglifetable
682,1,Time and Skin Longevity,16,Synchronicity / source-library raid,Authentic insider terminology,systematic generation,source term reconstruction,Working Reissue Stamp,workingreissuestamp
683,1,Time and Skin Longevity,16,Synchronicity / source-library raid,Authentic insider terminology,systematic generation,source term reconstruction,Primary Volume Mark,primaryvolumemark
684,1,Time and Skin Longevity,17,Three-team decoy,Decoy-world import,hand-authored,round-two curated depth seed,Next Edition,nextedition
685,1,Time and Skin Longevity,17,Three-team decoy,Decoy-world import,hand-authored,round-two curated depth seed,The Ongoing,theongoing
686,1,Time and Skin Longevity,17,Three-team decoy,Decoy-world import,hand-authored,round-two curated depth seed,Run of Years,runofyears
687,1,Time and Skin Longevity,17,Three-team decoy,Decoy-world import,hand-authored,round-two curated depth seed,Sustain Works,sustainworks
688,1,Time and Skin Longevity,17,Three-team decoy,Decoy-world import,hand-authored,round-two curated depth seed,Another Volume,anothervolume
689,1,Time and Skin Longevity,17,Three-team decoy,Decoy-world import,systematic generation,three-team decoy briefs,Next Edition Press,nexteditionpress
690,1,Time and Skin Longevity,17,Three-team decoy,Decoy-world import,systematic generation,three-team decoy briefs,Future Continuous,futurecontinuous
691,1,Time and Skin Longevity,17,Three-team decoy,Decoy-world import,systematic generation,three-team decoy briefs,The Backlist Company,thebacklistcompany
692,1,Time and Skin Longevity,17,Three-team decoy,Decoy-world import,systematic generation,three-team decoy briefs,Longplay House,longplayhouse
693,1,Time and Skin Longevity,17,Three-team decoy,Decoy-world import,systematic generation,three-team decoy briefs,Still Running Club,stillrunningclub
694,1,Time and Skin Longevity,17,Three-team decoy,Decoy-world import,systematic generation,three-team decoy briefs,Sustain Works,sustainworks
695,1,Time and Skin Longevity,17,Three-team decoy,Decoy-world import,systematic generation,three-team decoy briefs,Second Printing,secondprinting
696,1,Time and Skin Longevity,17,Three-team decoy,Decoy-world import,systematic generation,three-team decoy briefs,Current Issue,currentissue
697,1,Time and Skin Longevity,17,Three-team decoy,Decoy-world import,systematic generation,three-team decoy briefs,The Ongoing,theongoing
698,1,Time and Skin Longevity,17,Three-team decoy,Decoy-world import,systematic generation,three-team decoy briefs,Carry Forward Editions,carryforwardeditions
699,1,Time and Skin Longevity,17,Three-team decoy,Decoy-world import,systematic generation,three-team decoy briefs,Another Volume,anothervolume
700,1,Time and Skin Longevity,17,Three-team decoy,Decoy-world import,systematic generation,three-team decoy briefs,Longer Still,longerstill
701,1,Time and Skin Longevity,17,Three-team decoy,Decoy-world import,systematic generation,three-team decoy briefs,Return Date Company,returndatecompany
702,1,Time and Skin Longevity,17,Three-team decoy,Decoy-world import,systematic generation,three-team decoy briefs,Continuous Form,continuousform
703,1,Time and Skin Longevity,17,Three-team decoy,Decoy-world import,systematic generation,three-team decoy briefs,The Durable Present,thedurablepresent
704,1,Time and Skin Longevity,17,Three-team decoy,Decoy-world import,systematic generation,three-team decoy briefs,Run of Years,runofyears
705,1,Time and Skin Longevity,17,Three-team decoy,Decoy-world import,systematic generation,decoy company and institution,House of Volume Mark,houseofvolumemark
706,1,Time and Skin Longevity,17,Three-team decoy,Decoy-world import,systematic generation,decoy company and institution,House of Sustain Pedal,houseofsustainpedal
707,1,Time and Skin Longevity,17,Three-team decoy,Decoy-world import,systematic generation,decoy company and institution,House of Long Play,houseoflongplay
708,1,Time and Skin Longevity,17,Three-team decoy,Decoy-world import,systematic generation,decoy company and institution,House of Service Interval,houseofserviceinterval
709,1,Time and Skin Longevity,17,Three-team decoy,Decoy-world import,systematic generation,decoy company and institution,House of Maintenance Log,houseofmaintenancelog
710,1,Time and Skin Longevity,17,Three-team decoy,Decoy-world import,systematic generation,decoy company and institution,House of Flight Hour,houseofflighthour
711,1,Time and Skin Longevity,17,Three-team decoy,Decoy-world import,systematic generation,decoy company and institution,House of Odometer,houseofodometer
712,1,Time and Skin Longevity,17,Three-team decoy,Decoy-world import,systematic generation,decoy company and institution,House of Relay Baton,houseofrelaybaton
713,1,Time and Skin Longevity,17,Three-team decoy,Decoy-world import,systematic generation,decoy company and institution,House of Continuity Sheet,houseofcontinuitysheet
714,1,Time and Skin Longevity,17,Three-team decoy,Decoy-world import,systematic generation,decoy company and institution,House of Running Order,houseofrunningorder
715,1,Time and Skin Longevity,17,Three-team decoy,Decoy-world import,systematic generation,decoy company and institution,The Serial Number,theserialnumber
716,1,Time and Skin Longevity,17,Three-team decoy,Decoy-world import,systematic generation,decoy company and institution,The Sustain Pedal,thesustainpedal
717,1,Time and Skin Longevity,17,Three-team decoy,Decoy-world import,systematic generation,decoy company and institution,The Service Interval,theserviceinterval
718,1,Time and Skin Longevity,17,Three-team decoy,Decoy-world import,systematic generation,decoy company and institution,The Maintenance Log,themaintenancelog
719,1,Time and Skin Longevity,17,Three-team decoy,Decoy-world import,systematic generation,decoy company and institution,The Odometer,theodometer
720,1,Time and Skin Longevity,17,Three-team decoy,Decoy-world import,systematic generation,decoy company and institution,The Generation Line,thegenerationline
721,1,Time and Skin Longevity,17,Three-team decoy,Decoy-world import,systematic generation,decoy company and institution,The Relay Baton,therelaybaton
722,1,Time and Skin Longevity,17,Three-team decoy,Decoy-world import,systematic generation,decoy company and institution,The Running Order,therunningorder
723,1,Time and Skin Longevity,17,Three-team decoy,Decoy-world import,systematic generation,decoy company and institution,The Endurance Gauge,theendurancegauge
724,1,Time and Skin Longevity,17,Three-team decoy,Decoy-world import,systematic generation,decoy company and institution,The Sequence Card,thesequencecard
725,1,Time and Skin Longevity,17,Three-team decoy,Decoy-world import,systematic generation,decoy company and institution,The Return Date,thereturndate
726,1,Time and Skin Longevity,17,Three-team decoy,Decoy-world import,systematic generation,decoy company and institution,Common Serial Number,commonserialnumber
727,1,Time and Skin Longevity,17,Three-team decoy,Decoy-world import,systematic generation,decoy company and institution,Common Sustain Pedal,commonsustainpedal
728,1,Time and Skin Longevity,17,Three-team decoy,Decoy-world import,systematic generation,decoy company and institution,Common Service Interval,commonserviceinterval
729,1,Time and Skin Longevity,17,Three-team decoy,Decoy-world import,systematic generation,decoy company and institution,Common Maintenance Log,commonmaintenancelog
730,1,Time and Skin Longevity,17,Three-team decoy,Decoy-world import,systematic generation,decoy company and institution,Common Odometer,commonodometer
731,2,Nothing Hidden and Transparency,1,Make the intangible tangible,"Authentic object, tool, gesture, or process",systematic generation,world objects and instruments,Microscope Slide,microscopeslide
732,2,Nothing Hidden and Transparency,1,Make the intangible tangible,"Authentic object, tool, gesture, or process",systematic generation,world objects and instruments,Radiograph,radiograph
733,2,Nothing Hidden and Transparency,1,Make the intangible tangible,"Authentic object, tool, gesture, or process",systematic generation,world objects and instruments,Inspection Lamp,inspectionlamp
734,2,Nothing Hidden and Transparency,1,Make the intangible tangible,"Authentic object, tool, gesture, or process",systematic generation,world objects and instruments,Section Plane,sectionplane
735,2,Nothing Hidden and Transparency,1,Make the intangible tangible,"Authentic object, tool, gesture, or process",systematic generation,world objects and instruments,Source Map,sourcemap
736,2,Nothing Hidden and Transparency,1,Make the intangible tangible,"Authentic object, tool, gesture, or process",systematic generation,world objects and instruments,Trace Window,tracewindow
737,2,Nothing Hidden and Transparency,1,Make the intangible tangible,"Authentic object, tool, gesture, or process",systematic generation,world objects and instruments,Scrim,scrim
738,2,Nothing Hidden and Transparency,1,Make the intangible tangible,"Authentic object, tool, gesture, or process",systematic generation,world objects and instruments,Light Curtain,lightcurtain
739,2,Nothing Hidden and Transparency,1,Make the intangible tangible,"Authentic object, tool, gesture, or process",systematic generation,world objects and instruments,Glass Wall,glasswall
740,2,Nothing Hidden and Transparency,1,Make the intangible tangible,"Authentic object, tool, gesture, or process",systematic generation,world objects and instruments,Inspection Hatch,inspectionhatch
741,2,Nothing Hidden and Transparency,1,Make the intangible tangible,"Authentic object, tool, gesture, or process",systematic generation,world objects and instruments,Access Panel,accesspanel
742,2,Nothing Hidden and Transparency,1,Make the intangible tangible,"Authentic object, tool, gesture, or process",systematic generation,world objects and instruments,Open Chassis,openchassis
743,2,Nothing Hidden and Transparency,1,Make the intangible tangible,"Authentic object, tool, gesture, or process",systematic generation,world objects and instruments,Wireframe,wireframe
744,2,Nothing Hidden and Transparency,1,Make the intangible tangible,"Authentic object, tool, gesture, or process",systematic generation,world objects and instruments,Transparent Model,transparentmodel
745,2,Nothing Hidden and Transparency,1,Make the intangible tangible,"Authentic object, tool, gesture, or process",systematic generation,world objects and instruments,Sample Window,samplewindow
746,2,Nothing Hidden and Transparency,1,Make the intangible tangible,"Authentic object, tool, gesture, or process",systematic generation,world objects and instruments,Contact Print,contactprint
747,2,Nothing Hidden and Transparency,1,Make the intangible tangible,"Authentic object, tool, gesture, or process",systematic generation,world objects and instruments,Transmission Grid,transmissiongrid
748,2,Nothing Hidden and Transparency,1,Make the intangible tangible,"Authentic object, tool, gesture, or process",systematic generation,world objects and instruments,Inspection Mirror,inspectionmirror
749,2,Nothing Hidden and Transparency,1,Make the intangible tangible,"Authentic object, tool, gesture, or process",systematic generation,world objects and instruments,Source Tree,sourcetree
750,2,Nothing Hidden and Transparency,1,Make the intangible tangible,"Authentic object, tool, gesture, or process",systematic generation,tangible object matrix,Full Microscope Slide,fullmicroscopeslide
751,2,Nothing Hidden and Transparency,1,Make the intangible tangible,"Authentic object, tool, gesture, or process",systematic generation,tangible object matrix,Full Radiograph,fullradiograph
752,2,Nothing Hidden and Transparency,1,Make the intangible tangible,"Authentic object, tool, gesture, or process",systematic generation,tangible object matrix,Full Section Plane,fullsectionplane
753,2,Nothing Hidden and Transparency,1,Make the intangible tangible,"Authentic object, tool, gesture, or process",systematic generation,tangible object matrix,Full Glass Wall,fullglasswall
754,2,Nothing Hidden and Transparency,1,Make the intangible tangible,"Authentic object, tool, gesture, or process",systematic generation,tangible object matrix,Full Open Chassis,fullopenchassis
755,2,Nothing Hidden and Transparency,1,Make the intangible tangible,"Authentic object, tool, gesture, or process",systematic generation,tangible object matrix,Full Wireframe,fullwireframe
756,2,Nothing Hidden and Transparency,1,Make the intangible tangible,"Authentic object, tool, gesture, or process",systematic generation,tangible object matrix,Open Microscope Slide,openmicroscopeslide
757,2,Nothing Hidden and Transparency,1,Make the intangible tangible,"Authentic object, tool, gesture, or process",systematic generation,tangible object matrix,Open Radiograph,openradiograph
758,2,Nothing Hidden and Transparency,1,Make the intangible tangible,"Authentic object, tool, gesture, or process",systematic generation,tangible object matrix,Open Section Plane,opensectionplane
759,2,Nothing Hidden and Transparency,1,Make the intangible tangible,"Authentic object, tool, gesture, or process",systematic generation,tangible object matrix,Open Source Map,opensourcemap
760,2,Nothing Hidden and Transparency,1,Make the intangible tangible,"Authentic object, tool, gesture, or process",systematic generation,tangible object matrix,Open Scrim,openscrim
761,2,Nothing Hidden and Transparency,1,Make the intangible tangible,"Authentic object, tool, gesture, or process",systematic generation,tangible object matrix,Open Wireframe,openwireframe
762,2,Nothing Hidden and Transparency,1,Make the intangible tangible,"Authentic object, tool, gesture, or process",systematic generation,tangible object matrix,Open Contact Print,opencontactprint
763,2,Nothing Hidden and Transparency,1,Make the intangible tangible,"Authentic object, tool, gesture, or process",systematic generation,tangible object matrix,Open Transmission Grid,opentransmissiongrid
764,2,Nothing Hidden and Transparency,1,Make the intangible tangible,"Authentic object, tool, gesture, or process",systematic generation,tangible object matrix,True Inspection Lamp,trueinspectionlamp
765,2,Nothing Hidden and Transparency,1,Make the intangible tangible,"Authentic object, tool, gesture, or process",systematic generation,tangible object matrix,True Source Map,truesourcemap
766,2,Nothing Hidden and Transparency,1,Make the intangible tangible,"Authentic object, tool, gesture, or process",systematic generation,tangible object matrix,True Trace Window,truetracewindow
767,2,Nothing Hidden and Transparency,1,Make the intangible tangible,"Authentic object, tool, gesture, or process",systematic generation,tangible object matrix,True Access Panel,trueaccesspanel
768,2,Nothing Hidden and Transparency,1,Make the intangible tangible,"Authentic object, tool, gesture, or process",systematic generation,tangible object matrix,True Sample Window,truesamplewindow
769,2,Nothing Hidden and Transparency,1,Make the intangible tangible,"Authentic object, tool, gesture, or process",systematic generation,tangible object matrix,True Contact Print,truecontactprint
770,2,Nothing Hidden and Transparency,1,Make the intangible tangible,"Authentic object, tool, gesture, or process",systematic generation,tangible object matrix,True Transmission Grid,truetransmissiongrid
771,2,Nothing Hidden and Transparency,1,Make the intangible tangible,"Authentic object, tool, gesture, or process",systematic generation,tangible object matrix,Next Inspection Lamp,nextinspectionlamp
772,2,Nothing Hidden and Transparency,1,Make the intangible tangible,"Authentic object, tool, gesture, or process",systematic generation,tangible object matrix,Next Trace Window,nexttracewindow
773,2,Nothing Hidden and Transparency,2,Benefit ladder / ultimate feeling,Explicit benefit or proposition,hand-authored,round-two curated depth seed,All Sides,allsides
774,2,Nothing Hidden and Transparency,2,Benefit ladder / ultimate feeling,Explicit benefit or proposition,hand-authored,round-two curated depth seed,Clear as Made,clearasmade
775,2,Nothing Hidden and Transparency,2,Benefit ladder / ultimate feeling,Explicit benefit or proposition,hand-authored,round-two curated depth seed,Every Side,everyside
776,2,Nothing Hidden and Transparency,2,Benefit ladder / ultimate feeling,Explicit benefit or proposition,systematic generation,benefit ladder,Every Side Visible,everysidevisible
777,2,Nothing Hidden and Transparency,2,Benefit ladder / ultimate feeling,Explicit benefit or proposition,systematic generation,benefit ladder,Open to Inspection,opentoinspection
778,2,Nothing Hidden and Transparency,2,Benefit ladder / ultimate feeling,Explicit benefit or proposition,systematic generation,benefit ladder,See The Assembly,seetheassembly
779,2,Nothing Hidden and Transparency,2,Benefit ladder / ultimate feeling,Explicit benefit or proposition,systematic generation,benefit ladder,Nothing Behind It,nothingbehindit
780,2,Nothing Hidden and Transparency,2,Benefit ladder / ultimate feeling,Explicit benefit or proposition,systematic generation,benefit ladder,Trace It Back,traceitback
781,2,Nothing Hidden and Transparency,2,Benefit ladder / ultimate feeling,Explicit benefit or proposition,systematic generation,benefit ladder,View The Whole Build,viewthewholebuild
782,2,Nothing Hidden and Transparency,2,Benefit ladder / ultimate feeling,Explicit benefit or proposition,systematic generation,benefit ladder,Easy to Inspect,easytoinspect
783,2,Nothing Hidden and Transparency,2,Benefit ladder / ultimate feeling,Explicit benefit or proposition,systematic generation,benefit ladder,Clear All The Way Through,clearallthewaythrough
784,2,Nothing Hidden and Transparency,2,Benefit ladder / ultimate feeling,Explicit benefit or proposition,systematic generation,benefit ladder,Every Layer Accounted for,everylayeraccountedfor
785,2,Nothing Hidden and Transparency,2,Benefit ladder / ultimate feeling,Explicit benefit or proposition,systematic generation,benefit ladder,Open From Source,openfromsource
786,2,Nothing Hidden and Transparency,2,Benefit ladder / ultimate feeling,Explicit benefit or proposition,systematic generation,benefit ladder,Visible at The Join,visibleatthejoin
787,2,Nothing Hidden and Transparency,2,Benefit ladder / ultimate feeling,Explicit benefit or proposition,systematic generation,benefit ladder,The Whole Construction,thewholeconstruction
788,2,Nothing Hidden and Transparency,2,Benefit ladder / ultimate feeling,Explicit benefit or proposition,systematic generation,benefit ladder,No Hidden Assembly,nohiddenassembly
789,2,Nothing Hidden and Transparency,2,Benefit ladder / ultimate feeling,Explicit benefit or proposition,systematic generation,benefit ladder,Inspect What You Use,inspectwhatyouuse
790,2,Nothing Hidden and Transparency,2,Benefit ladder / ultimate feeling,Explicit benefit or proposition,systematic generation,benefit ladder,Everything Has A Window,everythinghasawindow
791,2,Nothing Hidden and Transparency,2,Benefit ladder / ultimate feeling,Explicit benefit or proposition,systematic generation,benefit compression,More Trace,moretrace
792,2,Nothing Hidden and Transparency,2,Benefit ladder / ultimate feeling,Explicit benefit or proposition,systematic generation,benefit compression,More Scan,morescan
793,2,Nothing Hidden and Transparency,2,Benefit ladder / ultimate feeling,Explicit benefit or proposition,systematic generation,benefit compression,More Layer,morelayer
794,2,Nothing Hidden and Transparency,2,Benefit ladder / ultimate feeling,Explicit benefit or proposition,systematic generation,benefit compression,More Expose,moreexpose
795,2,Nothing Hidden and Transparency,2,Benefit ladder / ultimate feeling,Explicit benefit or proposition,systematic generation,benefit compression,More Transmit,moretransmit
796,2,Nothing Hidden and Transparency,2,Benefit ladder / ultimate feeling,Explicit benefit or proposition,systematic generation,benefit compression,More Illuminate,moreilluminate
797,2,Nothing Hidden and Transparency,2,Benefit ladder / ultimate feeling,Explicit benefit or proposition,systematic generation,benefit compression,More Inspectable,moreinspectable
798,2,Nothing Hidden and Transparency,2,Benefit ladder / ultimate feeling,Explicit benefit or proposition,systematic generation,benefit compression,More Viewable,moreviewable
799,2,Nothing Hidden and Transparency,2,Benefit ladder / ultimate feeling,Explicit benefit or proposition,systematic generation,benefit compression,More Revealable,morerevealable
800,2,Nothing Hidden and Transparency,2,Benefit ladder / ultimate feeling,Explicit benefit or proposition,systematic generation,benefit compression,Better Inspect,betterinspect
801,2,Nothing Hidden and Transparency,2,Benefit ladder / ultimate feeling,Explicit benefit or proposition,systematic generation,benefit compression,Better Source,bettersource
802,2,Nothing Hidden and Transparency,2,Benefit ladder / ultimate feeling,Explicit benefit or proposition,systematic generation,benefit compression,Better Section,bettersection
803,2,Nothing Hidden and Transparency,2,Benefit ladder / ultimate feeling,Explicit benefit or proposition,systematic generation,benefit compression,Better Radiograph,betterradiograph
804,2,Nothing Hidden and Transparency,2,Benefit ladder / ultimate feeling,Explicit benefit or proposition,systematic generation,benefit compression,Better Openwork,betteropenwork
805,2,Nothing Hidden and Transparency,2,Benefit ladder / ultimate feeling,Explicit benefit or proposition,systematic generation,benefit compression,Better Allside,betterallside
806,2,Nothing Hidden and Transparency,2,Benefit ladder / ultimate feeling,Explicit benefit or proposition,systematic generation,benefit compression,Full Inspect,fullinspect
807,2,Nothing Hidden and Transparency,2,Benefit ladder / ultimate feeling,Explicit benefit or proposition,systematic generation,benefit compression,Full Source,fullsource
808,2,Nothing Hidden and Transparency,2,Benefit ladder / ultimate feeling,Explicit benefit or proposition,systematic generation,benefit compression,Full Section,fullsection
809,2,Nothing Hidden and Transparency,2,Benefit ladder / ultimate feeling,Explicit benefit or proposition,systematic generation,benefit compression,Full Radiograph,fullradiograph
810,2,Nothing Hidden and Transparency,2,Benefit ladder / ultimate feeling,Explicit benefit or proposition,systematic generation,benefit compression,Full Openwork,fullopenwork
811,2,Nothing Hidden and Transparency,2,Benefit ladder / ultimate feeling,Explicit benefit or proposition,systematic generation,benefit compression,Full Allside,fullallside
812,2,Nothing Hidden and Transparency,2,Benefit ladder / ultimate feeling,Explicit benefit or proposition,systematic generation,benefit compression,Good Inspect,goodinspect
813,2,Nothing Hidden and Transparency,2,Benefit ladder / ultimate feeling,Explicit benefit or proposition,systematic generation,benefit compression,Good Window,goodwindow
814,2,Nothing Hidden and Transparency,2,Benefit ladder / ultimate feeling,Explicit benefit or proposition,systematic generation,benefit compression,Good Section,goodsection
815,2,Nothing Hidden and Transparency,2,Benefit ladder / ultimate feeling,Explicit benefit or proposition,systematic generation,benefit compression,Good Micrograph,goodmicrograph
816,2,Nothing Hidden and Transparency,2,Benefit ladder / ultimate feeling,Explicit benefit or proposition,systematic generation,benefit compression,Good Openwork,goodopenwork
817,2,Nothing Hidden and Transparency,2,Benefit ladder / ultimate feeling,Explicit benefit or proposition,systematic generation,benefit compression,Good Seethrough,goodseethrough
818,2,Nothing Hidden and Transparency,3,Reframe the question / name the future,Direct conceptual reframe,systematic generation,future reframe,The Inspectable Brand,theinspectablebrand
819,2,Nothing Hidden and Transparency,3,Reframe the question / name the future,Direct conceptual reframe,systematic generation,future reframe,Skincare in Cross Section,skincareincrosssection
820,2,Nothing Hidden and Transparency,3,Reframe the question / name the future,Direct conceptual reframe,systematic generation,future reframe,Every Formula Viewable,everyformulaviewable
821,2,Nothing Hidden and Transparency,3,Reframe the question / name the future,Direct conceptual reframe,systematic generation,future reframe,The Open Assembly,theopenassembly
822,2,Nothing Hidden and Transparency,3,Reframe the question / name the future,Direct conceptual reframe,systematic generation,future reframe,A Window Into Every Choice,awindowintoeverychoice
823,2,Nothing Hidden and Transparency,3,Reframe the question / name the future,Direct conceptual reframe,systematic generation,future reframe,Beauty in Source View,beautyinsourceview
824,2,Nothing Hidden and Transparency,3,Reframe the question / name the future,Direct conceptual reframe,systematic generation,future reframe,The End of Black Boxes,theendofblackboxes
825,2,Nothing Hidden and Transparency,3,Reframe the question / name the future,Direct conceptual reframe,systematic generation,future reframe,The Transparent Build,thetransparentbuild
826,2,Nothing Hidden and Transparency,3,Reframe the question / name the future,Direct conceptual reframe,systematic generation,future reframe,From Surface to Source,fromsurfacetosource
827,2,Nothing Hidden and Transparency,3,Reframe the question / name the future,Direct conceptual reframe,systematic generation,future reframe,The New Inspection Standard,thenewinspectionstandard
828,2,Nothing Hidden and Transparency,3,Reframe the question / name the future,Direct conceptual reframe,systematic generation,future reframe,Skincare Under Glass,skincareunderglass
829,2,Nothing Hidden and Transparency,3,Reframe the question / name the future,Direct conceptual reframe,systematic generation,future reframe,All Sides Open,allsidesopen
830,2,Nothing Hidden and Transparency,3,Reframe the question / name the future,Direct conceptual reframe,systematic generation,future reframe,The Viewable Formula,theviewableformula
831,2,Nothing Hidden and Transparency,3,Reframe the question / name the future,Direct conceptual reframe,systematic generation,future reframe,Open Architecture for Skin,openarchitectureforskin
832,2,Nothing Hidden and Transparency,3,Reframe the question / name the future,Direct conceptual reframe,systematic generation,future reframe,Nothing Behind The Screen,nothingbehindthescreen
833,2,Nothing Hidden and Transparency,3,Reframe the question / name the future,Direct conceptual reframe,systematic generation,future reframe,A Fully Visible System,afullyvisiblesystem
834,2,Nothing Hidden and Transparency,3,Reframe the question / name the future,Direct conceptual reframe,systematic generation,name the future matrix,Next Microscope Slide,nextmicroscopeslide
835,2,Nothing Hidden and Transparency,3,Reframe the question / name the future,Direct conceptual reframe,systematic generation,name the future matrix,Next Radiograph,nextradiograph
836,2,Nothing Hidden and Transparency,3,Reframe the question / name the future,Direct conceptual reframe,systematic generation,name the future matrix,Next Section Plane,nextsectionplane
837,2,Nothing Hidden and Transparency,3,Reframe the question / name the future,Direct conceptual reframe,systematic generation,name the future matrix,Next Glass Wall,nextglasswall
838,2,Nothing Hidden and Transparency,3,Reframe the question / name the future,Direct conceptual reframe,systematic generation,name the future matrix,Next Open Chassis,nextopenchassis
839,2,Nothing Hidden and Transparency,3,Reframe the question / name the future,Direct conceptual reframe,systematic generation,name the future matrix,Next Wireframe,nextwireframe
840,2,Nothing Hidden and Transparency,3,Reframe the question / name the future,Direct conceptual reframe,systematic generation,name the future matrix,New Inspection Lamp,newinspectionlamp
841,2,Nothing Hidden and Transparency,3,Reframe the question / name the future,Direct conceptual reframe,systematic generation,name the future matrix,New Trace Window,newtracewindow
842,2,Nothing Hidden and Transparency,3,Reframe the question / name the future,Direct conceptual reframe,systematic generation,name the future matrix,New Light Curtain,newlightcurtain
843,2,Nothing Hidden and Transparency,3,Reframe the question / name the future,Direct conceptual reframe,systematic generation,name the future matrix,New Inspection Hatch,newinspectionhatch
844,2,Nothing Hidden and Transparency,3,Reframe the question / name the future,Direct conceptual reframe,systematic generation,name the future matrix,New Access Panel,newaccesspanel
845,2,Nothing Hidden and Transparency,3,Reframe the question / name the future,Direct conceptual reframe,systematic generation,name the future matrix,New Transparent Model,newtransparentmodel
846,2,Nothing Hidden and Transparency,3,Reframe the question / name the future,Direct conceptual reframe,systematic generation,name the future matrix,New Sample Window,newsamplewindow
847,2,Nothing Hidden and Transparency,3,Reframe the question / name the future,Direct conceptual reframe,systematic generation,name the future matrix,Future Inspection Lamp,futureinspectionlamp
848,2,Nothing Hidden and Transparency,3,Reframe the question / name the future,Direct conceptual reframe,systematic generation,name the future matrix,Future Trace Window,futuretracewindow
849,2,Nothing Hidden and Transparency,3,Reframe the question / name the future,Direct conceptual reframe,systematic generation,name the future matrix,Future Light Curtain,futurelightcurtain
850,2,Nothing Hidden and Transparency,3,Reframe the question / name the future,Direct conceptual reframe,systematic generation,name the future matrix,Future Inspection Hatch,futureinspectionhatch
851,2,Nothing Hidden and Transparency,3,Reframe the question / name the future,Direct conceptual reframe,systematic generation,name the future matrix,Future Access Panel,futureaccesspanel
852,2,Nothing Hidden and Transparency,3,Reframe the question / name the future,Direct conceptual reframe,systematic generation,name the future matrix,Future Transparent Model,futuretransparentmodel
853,2,Nothing Hidden and Transparency,3,Reframe the question / name the future,Direct conceptual reframe,systematic generation,name the future matrix,Future Sample Window,futuresamplewindow
854,2,Nothing Hidden and Transparency,3,Reframe the question / name the future,Direct conceptual reframe,systematic generation,name the future matrix,Beyond Light Curtain,beyondlightcurtain
855,2,Nothing Hidden and Transparency,3,Reframe the question / name the future,Direct conceptual reframe,systematic generation,name the future matrix,Beyond Glass Wall,beyondglasswall
856,2,Nothing Hidden and Transparency,3,Reframe the question / name the future,Direct conceptual reframe,systematic generation,name the future matrix,Beyond Inspection Hatch,beyondinspectionhatch
857,2,Nothing Hidden and Transparency,3,Reframe the question / name the future,Direct conceptual reframe,systematic generation,name the future matrix,Beyond Open Chassis,beyondopenchassis
858,2,Nothing Hidden and Transparency,3,Reframe the question / name the future,Direct conceptual reframe,systematic generation,name the future matrix,Beyond Transparent Model,beyondtransparentmodel
859,2,Nothing Hidden and Transparency,3,Reframe the question / name the future,Direct conceptual reframe,systematic generation,cell fallback matrix,Full Microscope Slide,fullmicroscopeslide
860,2,Nothing Hidden and Transparency,4,Anti-descriptor,Bold contradiction or anti-descriptor,hand-authored,round-two curated depth seed,No Back Room,nobackroom
861,2,Nothing Hidden and Transparency,4,Anti-descriptor,Bold contradiction or anti-descriptor,hand-authored,round-two curated depth seed,Uncurtained,uncurtained
862,2,Nothing Hidden and Transparency,4,Anti-descriptor,Bold contradiction or anti-descriptor,systematic generation,anti-descriptor,Clear as Mud Not,clearasmudnot
863,2,Nothing Hidden and Transparency,4,Anti-descriptor,Bold contradiction or anti-descriptor,systematic generation,anti-descriptor,Private Made Public,privatemadepublic
864,2,Nothing Hidden and Transparency,4,Anti-descriptor,Bold contradiction or anti-descriptor,systematic generation,anti-descriptor,Opaque On Purpose No More,opaqueonpurposenomore
865,2,Nothing Hidden and Transparency,4,Anti-descriptor,Bold contradiction or anti-descriptor,systematic generation,anti-descriptor,Open Machinery,openmachinery
866,2,Nothing Hidden and Transparency,4,Anti-descriptor,Bold contradiction or anti-descriptor,systematic generation,anti-descriptor,Visible Interior,visibleinterior
867,2,Nothing Hidden and Transparency,4,Anti-descriptor,Bold contradiction or anti-descriptor,systematic generation,anti-descriptor,No Back Room,nobackroom
868,2,Nothing Hidden and Transparency,4,Anti-descriptor,Bold contradiction or anti-descriptor,systematic generation,anti-descriptor,Uncurtained,uncurtained
869,2,Nothing Hidden and Transparency,4,Anti-descriptor,Bold contradiction or anti-descriptor,systematic generation,anti-descriptor,Without A Blind Side,withoutablindside
870,2,Nothing Hidden and Transparency,4,Anti-descriptor,Bold contradiction or anti-descriptor,systematic generation,anti-descriptor,No Hidden Layer,nohiddenlayer
871,2,Nothing Hidden and Transparency,4,Anti-descriptor,Bold contradiction or anti-descriptor,systematic generation,anti-descriptor,Closed Source Never,closedsourcenever
872,2,Nothing Hidden and Transparency,4,Anti-descriptor,Bold contradiction or anti-descriptor,systematic generation,anti-descriptor,All Surface No Secret,allsurfacenosecret
873,2,Nothing Hidden and Transparency,4,Anti-descriptor,Bold contradiction or anti-descriptor,systematic generation,anti-descriptor,Open Underneath,openunderneath
874,2,Nothing Hidden and Transparency,4,Anti-descriptor,Bold contradiction or anti-descriptor,systematic generation,anti-descriptor,No False Front,nofalsefront
875,2,Nothing Hidden and Transparency,4,Anti-descriptor,Bold contradiction or anti-descriptor,systematic generation,anti-descriptor,Inside On The Outside,insideontheoutside
876,2,Nothing Hidden and Transparency,4,Anti-descriptor,Bold contradiction or anti-descriptor,systematic generation,anti-descriptor,No Concealed Join,noconcealedjoin
877,2,Nothing Hidden and Transparency,4,Anti-descriptor,Bold contradiction or anti-descriptor,systematic generation,anti-category matrix,No Light Curtain,nolightcurtain
878,2,Nothing Hidden and Transparency,4,Anti-descriptor,Bold contradiction or anti-descriptor,systematic generation,anti-category matrix,No Glass Wall,noglasswall
879,2,Nothing Hidden and Transparency,4,Anti-descriptor,Bold contradiction or anti-descriptor,systematic generation,anti-category matrix,No Inspection Hatch,noinspectionhatch
880,2,Nothing Hidden and Transparency,4,Anti-descriptor,Bold contradiction or anti-descriptor,systematic generation,anti-category matrix,No Open Chassis,noopenchassis
881,2,Nothing Hidden and Transparency,4,Anti-descriptor,Bold contradiction or anti-descriptor,systematic generation,anti-category matrix,No Transparent Model,notransparentmodel
882,2,Nothing Hidden and Transparency,4,Anti-descriptor,Bold contradiction or anti-descriptor,systematic generation,anti-category matrix,Not Inspection Lamp,notinspectionlamp
883,2,Nothing Hidden and Transparency,4,Anti-descriptor,Bold contradiction or anti-descriptor,systematic generation,anti-category matrix,Not Trace Window,nottracewindow
884,2,Nothing Hidden and Transparency,4,Anti-descriptor,Bold contradiction or anti-descriptor,systematic generation,anti-category matrix,Not Light Curtain,notlightcurtain
885,2,Nothing Hidden and Transparency,4,Anti-descriptor,Bold contradiction or anti-descriptor,systematic generation,anti-category matrix,Not Inspection Hatch,notinspectionhatch
886,2,Nothing Hidden and Transparency,4,Anti-descriptor,Bold contradiction or anti-descriptor,systematic generation,anti-category matrix,Not Access Panel,notaccesspanel
887,2,Nothing Hidden and Transparency,4,Anti-descriptor,Bold contradiction or anti-descriptor,systematic generation,anti-category matrix,Not Transparent Model,nottransparentmodel
888,2,Nothing Hidden and Transparency,4,Anti-descriptor,Bold contradiction or anti-descriptor,systematic generation,anti-category matrix,Not Sample Window,notsamplewindow
889,2,Nothing Hidden and Transparency,4,Anti-descriptor,Bold contradiction or anti-descriptor,systematic generation,anti-category matrix,Without Microscope Slide,withoutmicroscopeslide
890,2,Nothing Hidden and Transparency,4,Anti-descriptor,Bold contradiction or anti-descriptor,systematic generation,anti-category matrix,Without Radiograph,withoutradiograph
891,2,Nothing Hidden and Transparency,4,Anti-descriptor,Bold contradiction or anti-descriptor,systematic generation,anti-category matrix,Without Section Plane,withoutsectionplane
892,2,Nothing Hidden and Transparency,4,Anti-descriptor,Bold contradiction or anti-descriptor,systematic generation,anti-category matrix,Without Source Map,withoutsourcemap
893,2,Nothing Hidden and Transparency,4,Anti-descriptor,Bold contradiction or anti-descriptor,systematic generation,anti-category matrix,Without Scrim,withoutscrim
894,2,Nothing Hidden and Transparency,4,Anti-descriptor,Bold contradiction or anti-descriptor,systematic generation,anti-category matrix,Without Wireframe,withoutwireframe
895,2,Nothing Hidden and Transparency,4,Anti-descriptor,Bold contradiction or anti-descriptor,systematic generation,anti-category matrix,Without Contact Print,withoutcontactprint
896,2,Nothing Hidden and Transparency,4,Anti-descriptor,Bold contradiction or anti-descriptor,systematic generation,anti-category matrix,Without Transmission Grid,withouttransmissiongrid
897,2,Nothing Hidden and Transparency,4,Anti-descriptor,Bold contradiction or anti-descriptor,systematic generation,anti-category matrix,Beyond Light Curtain,beyondlightcurtain
898,2,Nothing Hidden and Transparency,4,Anti-descriptor,Bold contradiction or anti-descriptor,systematic generation,anti-category matrix,Beyond Glass Wall,beyondglasswall
899,2,Nothing Hidden and Transparency,4,Anti-descriptor,Bold contradiction or anti-descriptor,systematic generation,anti-category matrix,Beyond Inspection Hatch,beyondinspectionhatch
900,2,Nothing Hidden and Transparency,4,Anti-descriptor,Bold contradiction or anti-descriptor,systematic generation,anti-category matrix,Beyond Open Chassis,beyondopenchassis
901,2,Nothing Hidden and Transparency,4,Anti-descriptor,Bold contradiction or anti-descriptor,systematic generation,anti-category matrix,Beyond Transparent Model,beyondtransparentmodel
902,2,Nothing Hidden and Transparency,4,Anti-descriptor,Bold contradiction or anti-descriptor,systematic generation,cell fallback matrix,Full Microscope Slide,fullmicroscopeslide
903,2,Nothing Hidden and Transparency,4,Anti-descriptor,Bold contradiction or anti-descriptor,systematic generation,cell fallback matrix,Full Radiograph,fullradiograph
904,2,Nothing Hidden and Transparency,5,Win by contrast,Unexpected imported term,systematic generation,far-field source contrast,Confocal Image,confocalimage
905,2,Nothing Hidden and Transparency,5,Win by contrast,Unexpected imported term,systematic generation,far-field source contrast,Cross Section,crosssection
906,2,Nothing Hidden and Transparency,5,Win by contrast,Unexpected imported term,systematic generation,far-field source contrast,Depth Map,depthmap
907,2,Nothing Hidden and Transparency,5,Win by contrast,Unexpected imported term,systematic generation,far-field source contrast,Source Tree,sourcetree
908,2,Nothing Hidden and Transparency,5,Win by contrast,Unexpected imported term,systematic generation,far-field source contrast,Wireframe Model,wireframemodel
909,2,Nothing Hidden and Transparency,5,Win by contrast,Unexpected imported term,systematic generation,far-field source contrast,Open Chassis,openchassis
910,2,Nothing Hidden and Transparency,5,Win by contrast,Unexpected imported term,systematic generation,far-field source contrast,Access Panel,accesspanel
911,2,Nothing Hidden and Transparency,5,Win by contrast,Unexpected imported term,systematic generation,far-field source contrast,Inspection Hatch,inspectionhatch
912,2,Nothing Hidden and Transparency,5,Win by contrast,Unexpected imported term,systematic generation,far-field source contrast,Transmission Window,transmissionwindow
913,2,Nothing Hidden and Transparency,5,Win by contrast,Unexpected imported term,systematic generation,far-field source contrast,Light Curtain,lightcurtain
914,2,Nothing Hidden and Transparency,5,Win by contrast,Unexpected imported term,systematic generation,far-field source contrast,Glass Wall,glasswall
915,2,Nothing Hidden and Transparency,5,Win by contrast,Unexpected imported term,systematic generation,far-field source contrast,Exploded Assembly,explodedassembly
916,2,Nothing Hidden and Transparency,5,Win by contrast,Unexpected imported term,systematic generation,far-field source contrast,Contact Print,contactprint
917,2,Nothing Hidden and Transparency,5,Win by contrast,Unexpected imported term,systematic generation,far-field source contrast,Trace Signal,tracesignal
918,2,Nothing Hidden and Transparency,5,Win by contrast,Unexpected imported term,systematic generation,far-field source contrast,Source Map,sourcemap
919,2,Nothing Hidden and Transparency,5,Win by contrast,Unexpected imported term,systematic generation,far-field source contrast,Section Plane,sectionplane
920,2,Nothing Hidden and Transparency,5,Win by contrast,Unexpected imported term,systematic generation,far-field source contrast,Inspection Mirror,inspectionmirror
921,2,Nothing Hidden and Transparency,5,Win by contrast,Unexpected imported term,systematic generation,far-field source contrast,Sample Window,samplewindow
922,2,Nothing Hidden and Transparency,5,Win by contrast,Unexpected imported term,systematic generation,far-field source contrast,Surface Profile,surfaceprofile
923,2,Nothing Hidden and Transparency,5,Win by contrast,Unexpected imported term,systematic generation,far-field source contrast,Visible Transmittance,visibletransmittance
924,2,Nothing Hidden and Transparency,5,Win by contrast,Unexpected imported term,systematic generation,contrast mononyms,Scrim,scrim
925,2,Nothing Hidden and Transparency,5,Win by contrast,Unexpected imported term,systematic generation,contrast mononyms,Wireframe,wireframe
926,2,Nothing Hidden and Transparency,5,Win by contrast,Unexpected imported term,systematic generation,contrast mononyms,Radiograph,radiograph
927,2,Nothing Hidden and Transparency,5,Win by contrast,Unexpected imported term,systematic generation,contrast mononyms,Micrograph,micrograph
928,2,Nothing Hidden and Transparency,5,Win by contrast,Unexpected imported term,systematic generation,contrast mononyms,Sourceview,sourceview
929,2,Nothing Hidden and Transparency,5,Win by contrast,Unexpected imported term,systematic generation,contrast mononyms,Windowwall,windowwall
930,2,Nothing Hidden and Transparency,5,Win by contrast,Unexpected imported term,systematic generation,contrast mononyms,Openwork,openwork
931,2,Nothing Hidden and Transparency,5,Win by contrast,Unexpected imported term,systematic generation,contrast mononyms,Inspection,inspection
932,2,Nothing Hidden and Transparency,5,Win by contrast,Unexpected imported term,systematic generation,contrast mononyms,Trace,trace
933,2,Nothing Hidden and Transparency,5,Win by contrast,Unexpected imported term,systematic generation,contrast mononyms,Section,section
934,2,Nothing Hidden and Transparency,5,Win by contrast,Unexpected imported term,systematic generation,contrast mononyms,Cutline,cutline
935,2,Nothing Hidden and Transparency,5,Win by contrast,Unexpected imported term,systematic generation,contrast mononyms,View Screen,viewscreen
936,2,Nothing Hidden and Transparency,5,Win by contrast,Unexpected imported term,systematic generation,cell fallback matrix,Full Microscope Slide,fullmicroscopeslide
937,2,Nothing Hidden and Transparency,5,Win by contrast,Unexpected imported term,systematic generation,cell fallback matrix,Full Radiograph,fullradiograph
938,2,Nothing Hidden and Transparency,5,Win by contrast,Unexpected imported term,systematic generation,cell fallback matrix,Full Section Plane,fullsectionplane
939,2,Nothing Hidden and Transparency,5,Win by contrast,Unexpected imported term,systematic generation,cell fallback matrix,Full Glass Wall,fullglasswall
940,2,Nothing Hidden and Transparency,5,Win by contrast,Unexpected imported term,systematic generation,cell fallback matrix,Full Open Chassis,fullopenchassis
941,2,Nothing Hidden and Transparency,5,Win by contrast,Unexpected imported term,systematic generation,cell fallback matrix,Full Wireframe,fullwireframe
942,2,Nothing Hidden and Transparency,5,Win by contrast,Unexpected imported term,systematic generation,cell fallback matrix,Full Micrograph,fullmicrograph
943,2,Nothing Hidden and Transparency,5,Win by contrast,Unexpected imported term,systematic generation,cell fallback matrix,Full Windowwall,fullwindowwall
944,2,Nothing Hidden and Transparency,5,Win by contrast,Unexpected imported term,systematic generation,cell fallback matrix,Full Light Curtain,fulllightcurtain
945,2,Nothing Hidden and Transparency,5,Win by contrast,Unexpected imported term,systematic generation,cell fallback matrix,Full Trace,fulltrace
946,2,Nothing Hidden and Transparency,6,Name the audacity / worldview,Short stance phrase,systematic generation,worldview statements,Inspect The Formula,inspecttheformula
947,2,Nothing Hidden and Transparency,6,Name the audacity / worldview,Short stance phrase,systematic generation,worldview statements,Trace Every Choice,traceeverychoice
948,2,Nothing Hidden and Transparency,6,Name the audacity / worldview,Short stance phrase,systematic generation,worldview statements,Open The Assembly,opentheassembly
949,2,Nothing Hidden and Transparency,6,Name the audacity / worldview,Short stance phrase,systematic generation,worldview statements,Show The Interior,showtheinterior
950,2,Nothing Hidden and Transparency,6,Name the audacity / worldview,Short stance phrase,systematic generation,worldview statements,See Through It,seethroughit
951,2,Nothing Hidden and Transparency,6,Name the audacity / worldview,Short stance phrase,systematic generation,worldview statements,Follow The Source,followthesource
952,2,Nothing Hidden and Transparency,6,Name the audacity / worldview,Short stance phrase,systematic generation,worldview statements,Turn The Model Around,turnthemodelaround
953,2,Nothing Hidden and Transparency,6,Name the audacity / worldview,Short stance phrase,systematic generation,worldview statements,Look at Every Side,lookateveryside
954,2,Nothing Hidden and Transparency,6,Name the audacity / worldview,Short stance phrase,systematic generation,worldview statements,Keep The Window Open,keepthewindowopen
955,2,Nothing Hidden and Transparency,6,Name the audacity / worldview,Short stance phrase,systematic generation,worldview statements,Expose The Join,exposethejoin
956,2,Nothing Hidden and Transparency,6,Name the audacity / worldview,Short stance phrase,systematic generation,worldview statements,Make It Inspectable,makeitinspectable
957,2,Nothing Hidden and Transparency,6,Name the audacity / worldview,Short stance phrase,systematic generation,worldview statements,Put It Under Glass,putitunderglass
958,2,Nothing Hidden and Transparency,6,Name the audacity / worldview,Short stance phrase,systematic generation,worldview statements,Show The Section,showthesection
959,2,Nothing Hidden and Transparency,6,Name the audacity / worldview,Short stance phrase,systematic generation,worldview statements,Open The Source,openthesource
960,2,Nothing Hidden and Transparency,6,Name the audacity / worldview,Short stance phrase,systematic generation,worldview statements,Leave The Curtain Off,leavethecurtainoff
961,2,Nothing Hidden and Transparency,6,Name the audacity / worldview,Short stance phrase,systematic generation,worldview statements,Trace It Home,traceithome
962,2,Nothing Hidden and Transparency,6,Name the audacity / worldview,Short stance phrase,systematic generation,audacity commands,Choose Microscope Slide,choosemicroscopeslide
963,2,Nothing Hidden and Transparency,6,Name the audacity / worldview,Short stance phrase,systematic generation,audacity commands,Choose Radiograph,chooseradiograph
964,2,Nothing Hidden and Transparency,6,Name the audacity / worldview,Short stance phrase,systematic generation,audacity commands,Choose Section Plane,choosesectionplane
965,2,Nothing Hidden and Transparency,6,Name the audacity / worldview,Short stance phrase,systematic generation,audacity commands,Choose Source Map,choosesourcemap
966,2,Nothing Hidden and Transparency,6,Name the audacity / worldview,Short stance phrase,systematic generation,audacity commands,Choose Scrim,choosescrim
967,2,Nothing Hidden and Transparency,6,Name the audacity / worldview,Short stance phrase,systematic generation,audacity commands,Choose Wireframe,choosewireframe
968,2,Nothing Hidden and Transparency,6,Name the audacity / worldview,Short stance phrase,systematic generation,audacity commands,Choose Contact Print,choosecontactprint
969,2,Nothing Hidden and Transparency,6,Name the audacity / worldview,Short stance phrase,systematic generation,audacity commands,Choose Transmission Grid,choosetransmissiongrid
970,2,Nothing Hidden and Transparency,6,Name the audacity / worldview,Short stance phrase,systematic generation,audacity commands,Keep Microscope Slide,keepmicroscopeslide
971,2,Nothing Hidden and Transparency,6,Name the audacity / worldview,Short stance phrase,systematic generation,audacity commands,Keep Radiograph,keepradiograph
972,2,Nothing Hidden and Transparency,6,Name the audacity / worldview,Short stance phrase,systematic generation,audacity commands,Keep Section Plane,keepsectionplane
973,2,Nothing Hidden and Transparency,6,Name the audacity / worldview,Short stance phrase,systematic generation,audacity commands,Keep Source Map,keepsourcemap
974,2,Nothing Hidden and Transparency,6,Name the audacity / worldview,Short stance phrase,systematic generation,audacity commands,Keep Scrim,keepscrim
975,2,Nothing Hidden and Transparency,6,Name the audacity / worldview,Short stance phrase,systematic generation,audacity commands,Keep Wireframe,keepwireframe
976,2,Nothing Hidden and Transparency,6,Name the audacity / worldview,Short stance phrase,systematic generation,audacity commands,Keep Contact Print,keepcontactprint
977,2,Nothing Hidden and Transparency,6,Name the audacity / worldview,Short stance phrase,systematic generation,audacity commands,Keep Transmission Grid,keeptransmissiongrid
978,2,Nothing Hidden and Transparency,6,Name the audacity / worldview,Short stance phrase,systematic generation,audacity commands,Make Inspection Lamp,makeinspectionlamp
979,2,Nothing Hidden and Transparency,6,Name the audacity / worldview,Short stance phrase,systematic generation,audacity commands,Make Source Map,makesourcemap
980,2,Nothing Hidden and Transparency,6,Name the audacity / worldview,Short stance phrase,systematic generation,audacity commands,Make Trace Window,maketracewindow
981,2,Nothing Hidden and Transparency,6,Name the audacity / worldview,Short stance phrase,systematic generation,audacity commands,Make Access Panel,makeaccesspanel
982,2,Nothing Hidden and Transparency,6,Name the audacity / worldview,Short stance phrase,systematic generation,audacity commands,Make Sample Window,makesamplewindow
983,2,Nothing Hidden and Transparency,6,Name the audacity / worldview,Short stance phrase,systematic generation,audacity commands,Make Contact Print,makecontactprint
984,2,Nothing Hidden and Transparency,6,Name the audacity / worldview,Short stance phrase,systematic generation,audacity commands,Make Transmission Grid,maketransmissiongrid
985,2,Nothing Hidden and Transparency,6,Name the audacity / worldview,Short stance phrase,systematic generation,audacity commands,Use Microscope Slide,usemicroscopeslide
986,2,Nothing Hidden and Transparency,6,Name the audacity / worldview,Short stance phrase,systematic generation,audacity commands,Use Radiograph,useradiograph
987,2,Nothing Hidden and Transparency,6,Name the audacity / worldview,Short stance phrase,systematic generation,audacity commands,Use Section Plane,usesectionplane
988,2,Nothing Hidden and Transparency,7,Deconstruct / reconstruct,Transparent spelling modification,hand-authored,round-two curated depth seed,Daylighted,daylighted
989,2,Nothing Hidden and Transparency,7,Deconstruct / reconstruct,Transparent spelling modification,hand-authored,round-two curated depth seed,Windowed,windowed
990,2,Nothing Hidden and Transparency,7,Deconstruct / reconstruct,Transparent spelling modification,hand-authored,round-two curated depth seed,Inspectably,inspectably
991,2,Nothing Hidden and Transparency,7,Deconstruct / reconstruct,Transparent spelling modification,systematic generation,single-vowel deletion,Trce,trce
992,2,Nothing Hidden and Transparency,7,Deconstruct / reconstruct,Transparent spelling modification,systematic generation,single-vowel deletion,Scn,scn
993,2,Nothing Hidden and Transparency,7,Deconstruct / reconstruct,Transparent spelling modification,systematic generation,single-vowel deletion,Source,source
994,2,Nothing Hidden and Transparency,7,Deconstruct / reconstruct,Transparent spelling modification,systematic generation,single-vowel deletion,Windw,windw
995,2,Nothing Hidden and Transparency,7,Deconstruct / reconstruct,Transparent spelling modification,systematic generation,single-vowel deletion,Secton,secton
996,2,Nothing Hidden and Transparency,7,Deconstruct / reconstruct,Transparent spelling modification,systematic generation,single-vowel deletion,Layr,layr
997,2,Nothing Hidden and Transparency,7,Deconstruct / reconstruct,Transparent spelling modification,systematic generation,single-vowel deletion,Expse,expse
998,2,Nothing Hidden and Transparency,7,Deconstruct / reconstruct,Transparent spelling modification,systematic generation,single-vowel deletion,Radograph,radograph
999,2,Nothing Hidden and Transparency,7,Deconstruct / reconstruct,Transparent spelling modification,systematic generation,single-vowel deletion,Micrgraph,micrgraph
1000,2,Nothing Hidden and Transparency,7,Deconstruct / reconstruct,Transparent spelling modification,systematic generation,single-vowel deletion,Illminate,illminate
1001,2,Nothing Hidden and Transparency,7,Deconstruct / reconstruct,Transparent spelling modification,systematic generation,single-vowel deletion,Viewble,viewble
1002,2,Nothing Hidden and Transparency,7,Deconstruct / reconstruct,Transparent spelling modification,systematic generation,single-vowel deletion,Opnwork,opnwork
1003,2,Nothing Hidden and Transparency,7,Deconstruct / reconstruct,Transparent spelling modification,systematic generation,single-vowel deletion,Seethrugh,seethrugh
1004,2,Nothing Hidden and Transparency,7,Deconstruct / reconstruct,Transparent spelling modification,systematic generation,single-vowel deletion,Revalable,revalable
1005,2,Nothing Hidden and Transparency,7,Deconstruct / reconstruct,Transparent spelling modification,systematic generation,single-vowel deletion,Allsde,allsde
1006,2,Nothing Hidden and Transparency,7,Deconstruct / reconstruct,Transparent spelling modification,systematic generation,single-vowel deletion,Legble,legble
1007,2,Nothing Hidden and Transparency,7,Deconstruct / reconstruct,Transparent spelling modification,systematic generation,single-vowel deletion,Scrm,scrm
1008,2,Nothing Hidden and Transparency,7,Deconstruct / reconstruct,Transparent spelling modification,systematic generation,single-vowel deletion,Wirframe,wirframe
1009,2,Nothing Hidden and Transparency,7,Deconstruct / reconstruct,Transparent spelling modification,systematic generation,single-vowel deletion,Sourcview,sourcview
1010,2,Nothing Hidden and Transparency,7,Deconstruct / reconstruct,Transparent spelling modification,systematic generation,single-vowel deletion,Windwwall,windwwall
1011,2,Nothing Hidden and Transparency,7,Deconstruct / reconstruct,Transparent spelling modification,systematic generation,single-vowel deletion,Cutlne,cutlne
1012,2,Nothing Hidden and Transparency,7,Deconstruct / reconstruct,Transparent spelling modification,systematic generation,single-vowel deletion,Sourctree,sourctree
1013,2,Nothing Hidden and Transparency,7,Deconstruct / reconstruct,Transparent spelling modification,systematic generation,single-vowel deletion,Viewscren,viewscren
1014,2,Nothing Hidden and Transparency,7,Deconstruct / reconstruct,Transparent spelling modification,systematic generation,single-vowel deletion,Samplwindow,samplwindow
1015,2,Nothing Hidden and Transparency,7,Deconstruct / reconstruct,Transparent spelling modification,systematic generation,joined reconstruction,Inspectlayer,inspectlayer
1016,2,Nothing Hidden and Transparency,7,Deconstruct / reconstruct,Transparent spelling modification,systematic generation,joined reconstruction,Inspecttransmit,inspecttransmit
1017,2,Nothing Hidden and Transparency,7,Deconstruct / reconstruct,Transparent spelling modification,systematic generation,joined reconstruction,Inspectradiograph,inspectradiograph
1018,2,Nothing Hidden and Transparency,7,Deconstruct / reconstruct,Transparent spelling modification,systematic generation,joined reconstruction,Inspectilluminate,inspectilluminate
1019,2,Nothing Hidden and Transparency,7,Deconstruct / reconstruct,Transparent spelling modification,systematic generation,joined reconstruction,Inspectviewable,inspectviewable
1020,2,Nothing Hidden and Transparency,7,Deconstruct / reconstruct,Transparent spelling modification,systematic generation,joined reconstruction,Inspectrevealable,inspectrevealable
1021,2,Nothing Hidden and Transparency,7,Deconstruct / reconstruct,Transparent spelling modification,systematic generation,joined reconstruction,Inspectallside,inspectallside
1022,2,Nothing Hidden and Transparency,7,Deconstruct / reconstruct,Transparent spelling modification,systematic generation,joined reconstruction,Tracelayer,tracelayer
1023,2,Nothing Hidden and Transparency,7,Deconstruct / reconstruct,Transparent spelling modification,systematic generation,joined reconstruction,Tracetransmit,tracetransmit
1024,2,Nothing Hidden and Transparency,7,Deconstruct / reconstruct,Transparent spelling modification,systematic generation,joined reconstruction,Traceradiograph,traceradiograph
1025,2,Nothing Hidden and Transparency,7,Deconstruct / reconstruct,Transparent spelling modification,systematic generation,joined reconstruction,Traceilluminate,traceilluminate
1026,2,Nothing Hidden and Transparency,7,Deconstruct / reconstruct,Transparent spelling modification,systematic generation,joined reconstruction,Traceviewable,traceviewable
1027,2,Nothing Hidden and Transparency,7,Deconstruct / reconstruct,Transparent spelling modification,systematic generation,joined reconstruction,Tracerevealable,tracerevealable
1028,2,Nothing Hidden and Transparency,7,Deconstruct / reconstruct,Transparent spelling modification,systematic generation,joined reconstruction,Traceallside,traceallside
1029,2,Nothing Hidden and Transparency,7,Deconstruct / reconstruct,Transparent spelling modification,systematic generation,joined reconstruction,Scanexpose,scanexpose
1030,2,Nothing Hidden and Transparency,7,Deconstruct / reconstruct,Transparent spelling modification,systematic generation,joined reconstruction,Scanmicrograph,scanmicrograph
1031,2,Nothing Hidden and Transparency,7,Deconstruct / reconstruct,Transparent spelling modification,systematic generation,joined reconstruction,Scaninspectable,scaninspectable
1032,2,Nothing Hidden and Transparency,7,Deconstruct / reconstruct,Transparent spelling modification,systematic generation,joined reconstruction,Scanseethrough,scanseethrough
1033,2,Nothing Hidden and Transparency,8,Portmanteau,Clean portmanteau,systematic generation,legible two-source blend,Inspeion,inspeion
1034,2,Nothing Hidden and Transparency,8,Portmanteau,Clean portmanteau,systematic generation,legible two-source blend,Insperaph,insperaph
1035,2,Nothing Hidden and Transparency,8,Portmanteau,Clean portmanteau,systematic generation,legible two-source blend,Inspeble,inspeble
1036,2,Nothing Hidden and Transparency,8,Portmanteau,Clean portmanteau,systematic generation,legible two-source blend,Inspeide,inspeide
1037,2,Nothing Hidden and Transparency,8,Portmanteau,Clean portmanteau,systematic generation,legible two-source blend,Insperame,insperame
1038,2,Nothing Hidden and Transparency,8,Portmanteau,Clean portmanteau,systematic generation,legible two-source blend,Inspection,inspection
1039,2,Nothing Hidden and Transparency,8,Portmanteau,Clean portmanteau,systematic generation,legible two-source blend,Traer,traer
1040,2,Nothing Hidden and Transparency,8,Portmanteau,Clean portmanteau,systematic generation,legible two-source blend,Traraph,traraph
1041,2,Nothing Hidden and Transparency,8,Portmanteau,Clean portmanteau,systematic generation,legible two-source blend,Traork,traork
1042,2,Nothing Hidden and Transparency,8,Portmanteau,Clean portmanteau,systematic generation,legible two-source blend,Trable,trable
1043,2,Nothing Hidden and Transparency,8,Portmanteau,Clean portmanteau,systematic generation,legible two-source blend,Scase,scase
1044,2,Nothing Hidden and Transparency,8,Portmanteau,Clean portmanteau,systematic generation,legible two-source blend,Scanate,scanate
1045,2,Nothing Hidden and Transparency,8,Portmanteau,Clean portmanteau,systematic generation,legible two-source blend,Scaough,scaough
1046,2,Nothing Hidden and Transparency,8,Portmanteau,Clean portmanteau,systematic generation,legible two-source blend,Scarent,scarent
1047,2,Nothing Hidden and Transparency,8,Portmanteau,Clean portmanteau,systematic generation,legible two-source blend,Scaraph,scaraph
1048,2,Nothing Hidden and Transparency,8,Portmanteau,Clean portmanteau,systematic generation,legible two-source blend,Sourmit,sourmit
1049,2,Nothing Hidden and Transparency,8,Portmanteau,Clean portmanteau,systematic generation,legible two-source blend,Sourable,sourable
1050,2,Nothing Hidden and Transparency,8,Portmanteau,Clean portmanteau,systematic generation,legible two-source blend,Sourim,sourim
1051,2,Nothing Hidden and Transparency,8,Portmanteau,Clean portmanteau,systematic generation,legible two-source blend,Sourview,sourview
1052,2,Nothing Hidden and Transparency,8,Portmanteau,Clean portmanteau,systematic generation,legible two-source blend,Windion,windion
1053,2,Nothing Hidden and Transparency,8,Portmanteau,Clean portmanteau,systematic generation,legible two-source blend,Windraph,windraph
1054,2,Nothing Hidden and Transparency,8,Portmanteau,Clean portmanteau,systematic generation,legible two-source blend,Windble,windble
1055,2,Nothing Hidden and Transparency,8,Portmanteau,Clean portmanteau,systematic generation,legible two-source blend,Windide,windide
1056,2,Nothing Hidden and Transparency,8,Portmanteau,Clean portmanteau,systematic generation,legible two-source blend,Windowireframe,windowireframe
1057,2,Nothing Hidden and Transparency,8,Portmanteau,Clean portmanteau,systematic generation,legible two-source blend,Windction,windction
1058,2,Nothing Hidden and Transparency,8,Portmanteau,Clean portmanteau,systematic generation,legible two-source blend,Sectier,sectier
1059,2,Nothing Hidden and Transparency,8,Portmanteau,Clean portmanteau,systematic generation,legible two-source blend,Sectiraph,sectiraph
1060,2,Nothing Hidden and Transparency,8,Portmanteau,Clean portmanteau,systematic generation,legible two-source blend,Sectiork,sectiork
1061,2,Nothing Hidden and Transparency,8,Portmanteau,Clean portmanteau,systematic generation,legible two-source blend,Sectible,sectible
1062,2,Nothing Hidden and Transparency,8,Portmanteau,Clean portmanteau,systematic generation,legible two-source blend,Layse,layse
1063,2,Nothing Hidden and Transparency,8,Portmanteau,Clean portmanteau,systematic generation,legible two-source blend,Laynate,laynate
1064,2,Nothing Hidden and Transparency,8,Portmanteau,Clean portmanteau,systematic generation,legible two-source blend,Layough,layough
1065,2,Nothing Hidden and Transparency,8,Portmanteau,Clean portmanteau,systematic generation,legible two-source blend,Layrent,layrent
1066,2,Nothing Hidden and Transparency,8,Portmanteau,Clean portmanteau,systematic generation,legible two-source blend,Layraph,layraph
1067,2,Nothing Hidden and Transparency,8,Portmanteau,Clean portmanteau,systematic generation,legible two-source blend,Expomit,expomit
1068,2,Nothing Hidden and Transparency,8,Portmanteau,Clean portmanteau,systematic generation,legible two-source blend,Expoable,expoable
1069,2,Nothing Hidden and Transparency,8,Portmanteau,Clean portmanteau,systematic generation,legible two-source blend,Expoim,expoim
1070,2,Nothing Hidden and Transparency,8,Portmanteau,Clean portmanteau,systematic generation,legible two-source blend,Expoview,expoview
1071,2,Nothing Hidden and Transparency,8,Portmanteau,Clean portmanteau,systematic generation,legible two-source blend,Transion,transion
1072,2,Nothing Hidden and Transparency,8,Portmanteau,Clean portmanteau,systematic generation,legible two-source blend,Transraph,transraph
1073,2,Nothing Hidden and Transparency,8,Portmanteau,Clean portmanteau,systematic generation,legible two-source blend,Transble,transble
1074,2,Nothing Hidden and Transparency,8,Portmanteau,Clean portmanteau,systematic generation,legible two-source blend,Transide,transide
1075,2,Nothing Hidden and Transparency,9,Morpheme engine,English-native compound or compression,hand-authored,round-two curated depth seed,Sourceview,sourceview
1076,2,Nothing Hidden and Transparency,9,Morpheme engine,English-native compound or compression,systematic generation,English-native morpheme engine,Inspectwork,inspectwork
1077,2,Nothing Hidden and Transparency,9,Morpheme engine,English-native compound or compression,systematic generation,English-native morpheme engine,Inspectwise,inspectwise
1078,2,Nothing Hidden and Transparency,9,Morpheme engine,English-native compound or compression,systematic generation,English-native morpheme engine,Inspectline,inspectline
1079,2,Nothing Hidden and Transparency,9,Morpheme engine,English-native compound or compression,systematic generation,English-native morpheme engine,Inspectkind,inspectkind
1080,2,Nothing Hidden and Transparency,9,Morpheme engine,English-native compound or compression,systematic generation,English-native morpheme engine,Inspectcraft,inspectcraft
1081,2,Nothing Hidden and Transparency,9,Morpheme engine,English-native compound or compression,systematic generation,English-native morpheme engine,Inspecthouse,inspecthouse
1082,2,Nothing Hidden and Transparency,9,Morpheme engine,English-native compound or compression,systematic generation,English-native morpheme engine,Inspectpractice,inspectpractice
1083,2,Nothing Hidden and Transparency,9,Morpheme engine,English-native compound or compression,systematic generation,English-native morpheme engine,Inspectcompany,inspectcompany
1084,2,Nothing Hidden and Transparency,9,Morpheme engine,English-native compound or compression,systematic generation,English-native morpheme engine,Inspectway,inspectway
1085,2,Nothing Hidden and Transparency,9,Morpheme engine,English-native compound or compression,systematic generation,English-native morpheme engine,Tracewise,tracewise
1086,2,Nothing Hidden and Transparency,9,Morpheme engine,English-native compound or compression,systematic generation,English-native morpheme engine,Traceward,traceward
1087,2,Nothing Hidden and Transparency,9,Morpheme engine,English-native compound or compression,systematic generation,English-native morpheme engine,Tracekind,tracekind
1088,2,Nothing Hidden and Transparency,9,Morpheme engine,English-native compound or compression,systematic generation,English-native morpheme engine,Tracemade,tracemade
1089,2,Nothing Hidden and Transparency,9,Morpheme engine,English-native compound or compression,systematic generation,English-native morpheme engine,Tracehouse,tracehouse
1090,2,Nothing Hidden and Transparency,9,Morpheme engine,English-native compound or compression,systematic generation,English-native morpheme engine,Tracestandard,tracestandard
1091,2,Nothing Hidden and Transparency,9,Morpheme engine,English-native compound or compression,systematic generation,English-native morpheme engine,Tracecompany,tracecompany
1092,2,Nothing Hidden and Transparency,9,Morpheme engine,English-native compound or compression,systematic generation,English-native morpheme engine,Traceclub,traceclub
1093,2,Nothing Hidden and Transparency,9,Morpheme engine,English-native compound or compression,systematic generation,English-native morpheme engine,Scanward,scanward
1094,2,Nothing Hidden and Transparency,9,Morpheme engine,English-native compound or compression,systematic generation,English-native morpheme engine,Scanmark,scanmark
1095,2,Nothing Hidden and Transparency,9,Morpheme engine,English-native compound or compression,systematic generation,English-native morpheme engine,Scanmade,scanmade
1096,2,Nothing Hidden and Transparency,9,Morpheme engine,English-native compound or compression,systematic generation,English-native morpheme engine,Scanform,scanform
1097,2,Nothing Hidden and Transparency,9,Morpheme engine,English-native compound or compression,systematic generation,English-native morpheme engine,Scanstandard,scanstandard
1098,2,Nothing Hidden and Transparency,9,Morpheme engine,English-native compound or compression,systematic generation,English-native morpheme engine,Scanmethod,scanmethod
1099,2,Nothing Hidden and Transparency,9,Morpheme engine,English-native compound or compression,systematic generation,English-native morpheme engine,Scanclub,scanclub
1100,2,Nothing Hidden and Transparency,9,Morpheme engine,English-native compound or compression,systematic generation,English-native morpheme engine,Scanstate,scanstate
1101,2,Nothing Hidden and Transparency,9,Morpheme engine,English-native compound or compression,systematic generation,English-native morpheme engine,Sourcework,sourcework
1102,2,Nothing Hidden and Transparency,9,Morpheme engine,English-native compound or compression,systematic generation,English-native morpheme engine,Sourcemark,sourcemark
1103,2,Nothing Hidden and Transparency,9,Morpheme engine,English-native compound or compression,systematic generation,English-native morpheme engine,Sourceline,sourceline
1104,2,Nothing Hidden and Transparency,9,Morpheme engine,English-native compound or compression,systematic generation,English-native morpheme engine,Sourceform,sourceform
1105,2,Nothing Hidden and Transparency,9,Morpheme engine,English-native compound or compression,systematic generation,English-native morpheme engine,Sourcecraft,sourcecraft
1106,2,Nothing Hidden and Transparency,9,Morpheme engine,English-native compound or compression,systematic generation,English-native morpheme engine,Sourcemethod,sourcemethod
1107,2,Nothing Hidden and Transparency,9,Morpheme engine,English-native compound or compression,systematic generation,English-native morpheme engine,Sourcepractice,sourcepractice
1108,2,Nothing Hidden and Transparency,9,Morpheme engine,English-native compound or compression,systematic generation,English-native morpheme engine,Sourcestate,sourcestate
1109,2,Nothing Hidden and Transparency,9,Morpheme engine,English-native compound or compression,systematic generation,English-native morpheme engine,Sourceway,sourceway
1110,2,Nothing Hidden and Transparency,9,Morpheme engine,English-native compound or compression,systematic generation,English-native morpheme engine,Windowwork,windowwork
1111,2,Nothing Hidden and Transparency,9,Morpheme engine,English-native compound or compression,systematic generation,English-native morpheme engine,Windowwise,windowwise
1112,2,Nothing Hidden and Transparency,9,Morpheme engine,English-native compound or compression,systematic generation,English-native morpheme engine,Windowline,windowline
1113,2,Nothing Hidden and Transparency,9,Morpheme engine,English-native compound or compression,systematic generation,English-native morpheme engine,Windowkind,windowkind
1114,2,Nothing Hidden and Transparency,9,Morpheme engine,English-native compound or compression,systematic generation,English-native morpheme engine,Windowcraft,windowcraft
1115,2,Nothing Hidden and Transparency,9,Morpheme engine,English-native compound or compression,systematic generation,English-native morpheme engine,Windowhouse,windowhouse
1116,2,Nothing Hidden and Transparency,9,Morpheme engine,English-native compound or compression,systematic generation,English-native morpheme engine,Windowpractice,windowpractice
1117,2,Nothing Hidden and Transparency,9,Morpheme engine,English-native compound or compression,systematic generation,English-native morpheme engine,Windowcompany,windowcompany
1118,2,Nothing Hidden and Transparency,10,Scientific borrowing,Authentic scientific terminology,systematic generation,authentic scientific terminology,Optical Density,opticaldensity
1119,2,Nothing Hidden and Transparency,10,Scientific borrowing,Authentic scientific terminology,systematic generation,authentic scientific terminology,Transmission Window,transmissionwindow
1120,2,Nothing Hidden and Transparency,10,Scientific borrowing,Authentic scientific terminology,systematic generation,authentic scientific terminology,Radiopacity,radiopacity
1121,2,Nothing Hidden and Transparency,10,Scientific borrowing,Authentic scientific terminology,systematic generation,authentic scientific terminology,Radiolucency,radiolucency
1122,2,Nothing Hidden and Transparency,10,Scientific borrowing,Authentic scientific terminology,systematic generation,authentic scientific terminology,Microscopy,microscopy
1123,2,Nothing Hidden and Transparency,10,Scientific borrowing,Authentic scientific terminology,systematic generation,authentic scientific terminology,Tomography,tomography
1124,2,Nothing Hidden and Transparency,10,Scientific borrowing,Authentic scientific terminology,systematic generation,authentic scientific terminology,Cross Section,crosssection
1125,2,Nothing Hidden and Transparency,10,Scientific borrowing,Authentic scientific terminology,systematic generation,authentic scientific terminology,Section Plane,sectionplane
1126,2,Nothing Hidden and Transparency,10,Scientific borrowing,Authentic scientific terminology,systematic generation,authentic scientific terminology,Source Map,sourcemap
1127,2,Nothing Hidden and Transparency,10,Scientific borrowing,Authentic scientific terminology,systematic generation,authentic scientific terminology,Trace Signal,tracesignal
1128,2,Nothing Hidden and Transparency,10,Scientific borrowing,Authentic scientific terminology,systematic generation,authentic scientific terminology,Transparency Index,transparencyindex
1129,2,Nothing Hidden and Transparency,10,Scientific borrowing,Authentic scientific terminology,systematic generation,authentic scientific terminology,Visible Transmittance,visibletransmittance
1130,2,Nothing Hidden and Transparency,10,Scientific borrowing,Authentic scientific terminology,systematic generation,authentic scientific terminology,Inspection Plane,inspectionplane
1131,2,Nothing Hidden and Transparency,10,Scientific borrowing,Authentic scientific terminology,systematic generation,authentic scientific terminology,Surface Profilometry,surfaceprofilometry
1132,2,Nothing Hidden and Transparency,10,Scientific borrowing,Authentic scientific terminology,systematic generation,authentic scientific terminology,Confocal Image,confocalimage
1133,2,Nothing Hidden and Transparency,10,Scientific borrowing,Authentic scientific terminology,systematic generation,authentic scientific terminology,Depth Map,depthmap
1134,2,Nothing Hidden and Transparency,10,Scientific borrowing,Authentic scientific terminology,systematic generation,authentic scientific terminology,Open Architecture,openarchitecture
1135,2,Nothing Hidden and Transparency,10,Scientific borrowing,Authentic scientific terminology,systematic generation,authentic scientific terminology,Wireframe Model,wireframemodel
1136,2,Nothing Hidden and Transparency,10,Scientific borrowing,Authentic scientific terminology,systematic generation,authentic scientific terminology,Exploded Assembly,explodedassembly
1137,2,Nothing Hidden and Transparency,10,Scientific borrowing,Authentic scientific terminology,systematic generation,technical compounds,Adaptive Inspection Lamp,adaptiveinspectionlamp
1138,2,Nothing Hidden and Transparency,10,Scientific borrowing,Authentic scientific terminology,systematic generation,technical compounds,Adaptive Source Map,adaptivesourcemap
1139,2,Nothing Hidden and Transparency,10,Scientific borrowing,Authentic scientific terminology,systematic generation,technical compounds,Adaptive Trace Window,adaptivetracewindow
1140,2,Nothing Hidden and Transparency,10,Scientific borrowing,Authentic scientific terminology,systematic generation,technical compounds,Adaptive Access Panel,adaptiveaccesspanel
1141,2,Nothing Hidden and Transparency,10,Scientific borrowing,Authentic scientific terminology,systematic generation,technical compounds,Adaptive Sample Window,adaptivesamplewindow
1142,2,Nothing Hidden and Transparency,10,Scientific borrowing,Authentic scientific terminology,systematic generation,technical compounds,Adaptive Contact Print,adaptivecontactprint
1143,2,Nothing Hidden and Transparency,10,Scientific borrowing,Authentic scientific terminology,systematic generation,technical compounds,Adaptive Transmission Grid,adaptivetransmissiongrid
1144,2,Nothing Hidden and Transparency,10,Scientific borrowing,Authentic scientific terminology,systematic generation,technical compounds,Dynamic Microscope Slide,dynamicmicroscopeslide
1145,2,Nothing Hidden and Transparency,10,Scientific borrowing,Authentic scientific terminology,systematic generation,technical compounds,Dynamic Radiograph,dynamicradiograph
1146,2,Nothing Hidden and Transparency,10,Scientific borrowing,Authentic scientific terminology,systematic generation,technical compounds,Dynamic Section Plane,dynamicsectionplane
1147,2,Nothing Hidden and Transparency,10,Scientific borrowing,Authentic scientific terminology,systematic generation,technical compounds,Dynamic Scrim,dynamicscrim
1148,2,Nothing Hidden and Transparency,10,Scientific borrowing,Authentic scientific terminology,systematic generation,technical compounds,Dynamic Glass Wall,dynamicglasswall
1149,2,Nothing Hidden and Transparency,10,Scientific borrowing,Authentic scientific terminology,systematic generation,technical compounds,Dynamic Open Chassis,dynamicopenchassis
1150,2,Nothing Hidden and Transparency,10,Scientific borrowing,Authentic scientific terminology,systematic generation,technical compounds,Dynamic Wireframe,dynamicwireframe
1151,2,Nothing Hidden and Transparency,10,Scientific borrowing,Authentic scientific terminology,systematic generation,technical compounds,Reference Inspection Lamp,referenceinspectionlamp
1152,2,Nothing Hidden and Transparency,10,Scientific borrowing,Authentic scientific terminology,systematic generation,technical compounds,Reference Source Map,referencesourcemap
1153,2,Nothing Hidden and Transparency,10,Scientific borrowing,Authentic scientific terminology,systematic generation,technical compounds,Reference Trace Window,referencetracewindow
1154,2,Nothing Hidden and Transparency,10,Scientific borrowing,Authentic scientific terminology,systematic generation,technical compounds,Reference Access Panel,referenceaccesspanel
1155,2,Nothing Hidden and Transparency,10,Scientific borrowing,Authentic scientific terminology,systematic generation,technical compounds,Reference Sample Window,referencesamplewindow
1156,2,Nothing Hidden and Transparency,10,Scientific borrowing,Authentic scientific terminology,systematic generation,technical compounds,Reference Contact Print,referencecontactprint
1157,2,Nothing Hidden and Transparency,10,Scientific borrowing,Authentic scientific terminology,systematic generation,technical compounds,Reference Transmission Grid,referencetransmissiongrid
1158,2,Nothing Hidden and Transparency,10,Scientific borrowing,Authentic scientific terminology,systematic generation,technical compounds,Working Inspection Lamp,workinginspectionlamp
1159,2,Nothing Hidden and Transparency,10,Scientific borrowing,Authentic scientific terminology,systematic generation,technical compounds,Working Source Map,workingsourcemap
1160,2,Nothing Hidden and Transparency,11,Sound-first coinage,Crisp sound-led coinage,systematic generation,phonosemantic sound matrix,Inspect,inspect
1161,2,Nothing Hidden and Transparency,11,Sound-first coinage,Crisp sound-led coinage,systematic generation,phonosemantic sound matrix,Insline,insline
1162,2,Nothing Hidden and Transparency,11,Sound-first coinage,Crisp sound-led coinage,systematic generation,phonosemantic sound matrix,Insview,insview
1163,2,Nothing Hidden and Transparency,11,Sound-first coinage,Crisp sound-led coinage,systematic generation,phonosemantic sound matrix,Insopen,insopen
1164,2,Nothing Hidden and Transparency,11,Sound-first coinage,Crisp sound-led coinage,systematic generation,phonosemantic sound matrix,Tratal,tratal
1165,2,Nothing Hidden and Transparency,11,Sound-first coinage,Crisp sound-led coinage,systematic generation,phonosemantic sound matrix,Tramark,tramark
1166,2,Nothing Hidden and Transparency,11,Sound-first coinage,Crisp sound-led coinage,systematic generation,phonosemantic sound matrix,Trasource,trasource
1167,2,Nothing Hidden and Transparency,11,Sound-first coinage,Crisp sound-led coinage,systematic generation,phonosemantic sound matrix,Tratrace,tratrace
1168,2,Nothing Hidden and Transparency,11,Sound-first coinage,Crisp sound-led coinage,systematic generation,phonosemantic sound matrix,Scaden,scaden
1169,2,Nothing Hidden and Transparency,11,Sound-first coinage,Crisp sound-led coinage,systematic generation,phonosemantic sound matrix,Scaglass,scaglass
1170,2,Nothing Hidden and Transparency,11,Sound-first coinage,Crisp sound-led coinage,systematic generation,phonosemantic sound matrix,Scaset,scaset
1171,2,Nothing Hidden and Transparency,11,Sound-first coinage,Crisp sound-led coinage,systematic generation,phonosemantic sound matrix,Scalight,scalight
1172,2,Nothing Hidden and Transparency,11,Sound-first coinage,Crisp sound-led coinage,systematic generation,phonosemantic sound matrix,Soupect,soupect
1173,2,Nothing Hidden and Transparency,11,Sound-first coinage,Crisp sound-led coinage,systematic generation,phonosemantic sound matrix,Souline,souline
1174,2,Nothing Hidden and Transparency,11,Sound-first coinage,Crisp sound-led coinage,systematic generation,phonosemantic sound matrix,Souview,souview
1175,2,Nothing Hidden and Transparency,11,Sound-first coinage,Crisp sound-led coinage,systematic generation,phonosemantic sound matrix,Souopen,souopen
1176,2,Nothing Hidden and Transparency,11,Sound-first coinage,Crisp sound-led coinage,systematic generation,phonosemantic sound matrix,Wintal,wintal
1177,2,Nothing Hidden and Transparency,11,Sound-first coinage,Crisp sound-led coinage,systematic generation,phonosemantic sound matrix,Winmark,winmark
1178,2,Nothing Hidden and Transparency,11,Sound-first coinage,Crisp sound-led coinage,systematic generation,phonosemantic sound matrix,Winsource,winsource
1179,2,Nothing Hidden and Transparency,11,Sound-first coinage,Crisp sound-led coinage,systematic generation,phonosemantic sound matrix,Wintrace,wintrace
1180,2,Nothing Hidden and Transparency,11,Sound-first coinage,Crisp sound-led coinage,systematic generation,phonosemantic sound matrix,Secden,secden
1181,2,Nothing Hidden and Transparency,11,Sound-first coinage,Crisp sound-led coinage,systematic generation,phonosemantic sound matrix,Secglass,secglass
1182,2,Nothing Hidden and Transparency,11,Sound-first coinage,Crisp sound-led coinage,systematic generation,phonosemantic sound matrix,Secset,secset
1183,2,Nothing Hidden and Transparency,11,Sound-first coinage,Crisp sound-led coinage,systematic generation,phonosemantic sound matrix,Seclight,seclight
1184,2,Nothing Hidden and Transparency,11,Sound-first coinage,Crisp sound-led coinage,systematic generation,phonosemantic sound matrix,Laypect,laypect
1185,2,Nothing Hidden and Transparency,11,Sound-first coinage,Crisp sound-led coinage,systematic generation,phonosemantic sound matrix,Layline,layline
1186,2,Nothing Hidden and Transparency,11,Sound-first coinage,Crisp sound-led coinage,systematic generation,phonosemantic sound matrix,Layview,layview
1187,2,Nothing Hidden and Transparency,11,Sound-first coinage,Crisp sound-led coinage,systematic generation,phonosemantic sound matrix,Layopen,layopen
1188,2,Nothing Hidden and Transparency,11,Sound-first coinage,Crisp sound-led coinage,systematic generation,phonosemantic sound matrix,Exptal,exptal
1189,2,Nothing Hidden and Transparency,11,Sound-first coinage,Crisp sound-led coinage,systematic generation,phonosemantic sound matrix,Expmark,expmark
1190,2,Nothing Hidden and Transparency,11,Sound-first coinage,Crisp sound-led coinage,systematic generation,phonosemantic sound matrix,Expsource,expsource
1191,2,Nothing Hidden and Transparency,11,Sound-first coinage,Crisp sound-led coinage,systematic generation,phonosemantic sound matrix,Exptrace,exptrace
1192,2,Nothing Hidden and Transparency,11,Sound-first coinage,Crisp sound-led coinage,systematic generation,phonosemantic sound matrix,Transden,transden
1193,2,Nothing Hidden and Transparency,11,Sound-first coinage,Crisp sound-led coinage,systematic generation,phonosemantic sound matrix,Transglass,transglass
1194,2,Nothing Hidden and Transparency,11,Sound-first coinage,Crisp sound-led coinage,systematic generation,phonosemantic sound matrix,Transset,transset
1195,2,Nothing Hidden and Transparency,11,Sound-first coinage,Crisp sound-led coinage,systematic generation,phonosemantic sound matrix,Translight,translight
1196,2,Nothing Hidden and Transparency,11,Sound-first coinage,Crisp sound-led coinage,systematic generation,phonosemantic sound matrix,Radpect,radpect
1197,2,Nothing Hidden and Transparency,11,Sound-first coinage,Crisp sound-led coinage,systematic generation,phonosemantic sound matrix,Radline,radline
1198,2,Nothing Hidden and Transparency,11,Sound-first coinage,Crisp sound-led coinage,systematic generation,phonosemantic sound matrix,Radview,radview
1199,2,Nothing Hidden and Transparency,11,Sound-first coinage,Crisp sound-led coinage,systematic generation,phonosemantic sound matrix,Radopen,radopen
1200,2,Nothing Hidden and Transparency,11,Sound-first coinage,Crisp sound-led coinage,systematic generation,phonosemantic sound matrix,Mictal,mictal
1201,2,Nothing Hidden and Transparency,11,Sound-first coinage,Crisp sound-led coinage,systematic generation,phonosemantic sound matrix,Micmark,micmark
1202,2,Nothing Hidden and Transparency,12,Structural / orthographic device,Meaningful notation or orthographic device,systematic generation,orthographic deletion,Trce,trce
1203,2,Nothing Hidden and Transparency,12,Structural / orthographic device,Meaningful notation or orthographic device,systematic generation,orthographic deletion,Scn,scn
1204,2,Nothing Hidden and Transparency,12,Structural / orthographic device,Meaningful notation or orthographic device,systematic generation,orthographic deletion,Source,source
1205,2,Nothing Hidden and Transparency,12,Structural / orthographic device,Meaningful notation or orthographic device,systematic generation,orthographic deletion,Windw,windw
1206,2,Nothing Hidden and Transparency,12,Structural / orthographic device,Meaningful notation or orthographic device,systematic generation,orthographic deletion,Secton,secton
1207,2,Nothing Hidden and Transparency,12,Structural / orthographic device,Meaningful notation or orthographic device,systematic generation,orthographic deletion,Layr,layr
1208,2,Nothing Hidden and Transparency,12,Structural / orthographic device,Meaningful notation or orthographic device,systematic generation,orthographic deletion,Expse,expse
1209,2,Nothing Hidden and Transparency,12,Structural / orthographic device,Meaningful notation or orthographic device,systematic generation,orthographic deletion,Radograph,radograph
1210,2,Nothing Hidden and Transparency,12,Structural / orthographic device,Meaningful notation or orthographic device,systematic generation,orthographic deletion,Micrgraph,micrgraph
1211,2,Nothing Hidden and Transparency,12,Structural / orthographic device,Meaningful notation or orthographic device,systematic generation,orthographic deletion,Illminate,illminate
1212,2,Nothing Hidden and Transparency,12,Structural / orthographic device,Meaningful notation or orthographic device,systematic generation,orthographic deletion,Viewble,viewble
1213,2,Nothing Hidden and Transparency,12,Structural / orthographic device,Meaningful notation or orthographic device,systematic generation,orthographic deletion,Opnwork,opnwork
1214,2,Nothing Hidden and Transparency,12,Structural / orthographic device,Meaningful notation or orthographic device,systematic generation,orthographic deletion,Seethrugh,seethrugh
1215,2,Nothing Hidden and Transparency,12,Structural / orthographic device,Meaningful notation or orthographic device,systematic generation,orthographic deletion,Revalable,revalable
1216,2,Nothing Hidden and Transparency,12,Structural / orthographic device,Meaningful notation or orthographic device,systematic generation,orthographic deletion,Allsde,allsde
1217,2,Nothing Hidden and Transparency,12,Structural / orthographic device,Meaningful notation or orthographic device,systematic generation,orthographic deletion,Legble,legble
1218,2,Nothing Hidden and Transparency,12,Structural / orthographic device,Meaningful notation or orthographic device,systematic generation,meaningful numbering,Inspect One,inspectone
1219,2,Nothing Hidden and Transparency,12,Structural / orthographic device,Meaningful notation or orthographic device,systematic generation,meaningful numbering,Trace One,traceone
1220,2,Nothing Hidden and Transparency,12,Structural / orthographic device,Meaningful notation or orthographic device,systematic generation,meaningful numbering,Scan One,scanone
1221,2,Nothing Hidden and Transparency,12,Structural / orthographic device,Meaningful notation or orthographic device,systematic generation,meaningful numbering,Source One,sourceone
1222,2,Nothing Hidden and Transparency,12,Structural / orthographic device,Meaningful notation or orthographic device,systematic generation,meaningful numbering,Window One,windowone
1223,2,Nothing Hidden and Transparency,12,Structural / orthographic device,Meaningful notation or orthographic device,systematic generation,meaningful numbering,Section One,sectionone
1224,2,Nothing Hidden and Transparency,12,Structural / orthographic device,Meaningful notation or orthographic device,systematic generation,meaningful numbering,Layer One,layerone
1225,2,Nothing Hidden and Transparency,12,Structural / orthographic device,Meaningful notation or orthographic device,systematic generation,meaningful numbering,Expose One,exposeone
1226,2,Nothing Hidden and Transparency,12,Structural / orthographic device,Meaningful notation or orthographic device,systematic generation,meaningful numbering,Transmit One,transmitone
1227,2,Nothing Hidden and Transparency,12,Structural / orthographic device,Meaningful notation or orthographic device,systematic generation,meaningful numbering,Radiograph One,radiographone
1228,2,Nothing Hidden and Transparency,12,Structural / orthographic device,Meaningful notation or orthographic device,systematic generation,meaningful numbering,Micrograph One,micrographone
1229,2,Nothing Hidden and Transparency,12,Structural / orthographic device,Meaningful notation or orthographic device,systematic generation,meaningful numbering,Illuminate One,illuminateone
1230,2,Nothing Hidden and Transparency,12,Structural / orthographic device,Meaningful notation or orthographic device,systematic generation,plus notation,Window Plus,windowplus
1231,2,Nothing Hidden and Transparency,12,Structural / orthographic device,Meaningful notation or orthographic device,systematic generation,plus notation,Section Plus,sectionplus
1232,2,Nothing Hidden and Transparency,12,Structural / orthographic device,Meaningful notation or orthographic device,systematic generation,plus notation,Layer Plus,layerplus
1233,2,Nothing Hidden and Transparency,12,Structural / orthographic device,Meaningful notation or orthographic device,systematic generation,plus notation,Expose Plus,exposeplus
1234,2,Nothing Hidden and Transparency,12,Structural / orthographic device,Meaningful notation or orthographic device,systematic generation,plus notation,Transmit Plus,transmitplus
1235,2,Nothing Hidden and Transparency,12,Structural / orthographic device,Meaningful notation or orthographic device,systematic generation,plus notation,Radiograph Plus,radiographplus
1236,2,Nothing Hidden and Transparency,12,Structural / orthographic device,Meaningful notation or orthographic device,systematic generation,plus notation,Micrograph Plus,micrographplus
1237,2,Nothing Hidden and Transparency,12,Structural / orthographic device,Meaningful notation or orthographic device,systematic generation,plus notation,Illuminate Plus,illuminateplus
1238,2,Nothing Hidden and Transparency,12,Structural / orthographic device,Meaningful notation or orthographic device,systematic generation,plus notation,Inspectable Plus,inspectableplus
1239,2,Nothing Hidden and Transparency,12,Structural / orthographic device,Meaningful notation or orthographic device,systematic generation,plus notation,Viewable Plus,viewableplus
1240,2,Nothing Hidden and Transparency,12,Structural / orthographic device,Meaningful notation or orthographic device,systematic generation,plus notation,Openwork Plus,openworkplus
1241,2,Nothing Hidden and Transparency,12,Structural / orthographic device,Meaningful notation or orthographic device,systematic generation,plus notation,Seethrough Plus,seethroughplus
1242,2,Nothing Hidden and Transparency,12,Structural / orthographic device,Meaningful notation or orthographic device,systematic generation,joined word device,Inspectlayer,inspectlayer
1243,2,Nothing Hidden and Transparency,12,Structural / orthographic device,Meaningful notation or orthographic device,systematic generation,joined word device,Inspecttransmit,inspecttransmit
1244,2,Nothing Hidden and Transparency,13,Compound: one plus one equals three,Category-relevant compound,hand-authored,round-two curated depth seed,Visible Join,visiblejoin
1245,2,Nothing Hidden and Transparency,13,Compound: one plus one equals three,Category-relevant compound,hand-authored,round-two curated depth seed,Source Open,sourceopen
1246,2,Nothing Hidden and Transparency,13,Compound: one plus one equals three,Category-relevant compound,hand-authored,round-two curated depth seed,Open Section,opensection
1247,2,Nothing Hidden and Transparency,13,Compound: one plus one equals three,Category-relevant compound,systematic generation,one plus one equals three,Full Microscope Slide,fullmicroscopeslide
1248,2,Nothing Hidden and Transparency,13,Compound: one plus one equals three,Category-relevant compound,systematic generation,one plus one equals three,Full Radiograph,fullradiograph
1249,2,Nothing Hidden and Transparency,13,Compound: one plus one equals three,Category-relevant compound,systematic generation,one plus one equals three,Full Section Plane,fullsectionplane
1250,2,Nothing Hidden and Transparency,13,Compound: one plus one equals three,Category-relevant compound,systematic generation,one plus one equals three,Full Glass Wall,fullglasswall
1251,2,Nothing Hidden and Transparency,13,Compound: one plus one equals three,Category-relevant compound,systematic generation,one plus one equals three,Full Open Chassis,fullopenchassis
1252,2,Nothing Hidden and Transparency,13,Compound: one plus one equals three,Category-relevant compound,systematic generation,one plus one equals three,Full Wireframe,fullwireframe
1253,2,Nothing Hidden and Transparency,13,Compound: one plus one equals three,Category-relevant compound,systematic generation,one plus one equals three,Full Micrograph,fullmicrograph
1254,2,Nothing Hidden and Transparency,13,Compound: one plus one equals three,Category-relevant compound,systematic generation,one plus one equals three,Open Microscope Slide,openmicroscopeslide
1255,2,Nothing Hidden and Transparency,13,Compound: one plus one equals three,Category-relevant compound,systematic generation,one plus one equals three,Open Radiograph,openradiograph
1256,2,Nothing Hidden and Transparency,13,Compound: one plus one equals three,Category-relevant compound,systematic generation,one plus one equals three,Open Section Plane,opensectionplane
1257,2,Nothing Hidden and Transparency,13,Compound: one plus one equals three,Category-relevant compound,systematic generation,one plus one equals three,Open Source Map,opensourcemap
1258,2,Nothing Hidden and Transparency,13,Compound: one plus one equals three,Category-relevant compound,systematic generation,one plus one equals three,Open Scrim,openscrim
1259,2,Nothing Hidden and Transparency,13,Compound: one plus one equals three,Category-relevant compound,systematic generation,one plus one equals three,Open Wireframe,openwireframe
1260,2,Nothing Hidden and Transparency,13,Compound: one plus one equals three,Category-relevant compound,systematic generation,one plus one equals three,Open Contact Print,opencontactprint
1261,2,Nothing Hidden and Transparency,13,Compound: one plus one equals three,Category-relevant compound,systematic generation,one plus one equals three,Open Transmission Grid,opentransmissiongrid
1262,2,Nothing Hidden and Transparency,13,Compound: one plus one equals three,Category-relevant compound,systematic generation,one plus one equals three,Open Sourceview,opensourceview
1263,2,Nothing Hidden and Transparency,13,Compound: one plus one equals three,Category-relevant compound,systematic generation,one plus one equals three,True Inspection Lamp,trueinspectionlamp
1264,2,Nothing Hidden and Transparency,13,Compound: one plus one equals three,Category-relevant compound,systematic generation,one plus one equals three,True Source Map,truesourcemap
1265,2,Nothing Hidden and Transparency,13,Compound: one plus one equals three,Category-relevant compound,systematic generation,one plus one equals three,True Trace Window,truetracewindow
1266,2,Nothing Hidden and Transparency,13,Compound: one plus one equals three,Category-relevant compound,systematic generation,one plus one equals three,True Access Panel,trueaccesspanel
1267,2,Nothing Hidden and Transparency,13,Compound: one plus one equals three,Category-relevant compound,systematic generation,one plus one equals three,True Sample Window,truesamplewindow
1268,2,Nothing Hidden and Transparency,13,Compound: one plus one equals three,Category-relevant compound,systematic generation,one plus one equals three,True Contact Print,truecontactprint
1269,2,Nothing Hidden and Transparency,13,Compound: one plus one equals three,Category-relevant compound,systematic generation,one plus one equals three,True Transmission Grid,truetransmissiongrid
1270,2,Nothing Hidden and Transparency,13,Compound: one plus one equals three,Category-relevant compound,systematic generation,one plus one equals three,True Radiograph,trueradiograph
1271,2,Nothing Hidden and Transparency,13,Compound: one plus one equals three,Category-relevant compound,systematic generation,one plus one equals three,True Sourceview,truesourceview
1272,2,Nothing Hidden and Transparency,13,Compound: one plus one equals three,Category-relevant compound,systematic generation,one plus one equals three,True Crosssection,truecrosssection
1273,2,Nothing Hidden and Transparency,13,Compound: one plus one equals three,Category-relevant compound,systematic generation,one plus one equals three,Next Inspection Lamp,nextinspectionlamp
1274,2,Nothing Hidden and Transparency,13,Compound: one plus one equals three,Category-relevant compound,systematic generation,one plus one equals three,Next Trace Window,nexttracewindow
1275,2,Nothing Hidden and Transparency,13,Compound: one plus one equals three,Category-relevant compound,systematic generation,one plus one equals three,Next Light Curtain,nextlightcurtain
1276,2,Nothing Hidden and Transparency,13,Compound: one plus one equals three,Category-relevant compound,systematic generation,one plus one equals three,Next Inspection Hatch,nextinspectionhatch
1277,2,Nothing Hidden and Transparency,13,Compound: one plus one equals three,Category-relevant compound,systematic generation,one plus one equals three,Next Access Panel,nextaccesspanel
1278,2,Nothing Hidden and Transparency,13,Compound: one plus one equals three,Category-relevant compound,systematic generation,one plus one equals three,Next Transparent Model,nexttransparentmodel
1279,2,Nothing Hidden and Transparency,13,Compound: one plus one equals three,Category-relevant compound,systematic generation,one plus one equals three,Next Sample Window,nextsamplewindow
1280,2,Nothing Hidden and Transparency,13,Compound: one plus one equals three,Category-relevant compound,systematic generation,one plus one equals three,Next Inspection Mirror,nextinspectionmirror
1281,2,Nothing Hidden and Transparency,13,Compound: one plus one equals three,Category-relevant compound,systematic generation,one plus one equals three,Next Source Tree,nextsourcetree
1282,2,Nothing Hidden and Transparency,13,Compound: one plus one equals three,Category-relevant compound,systematic generation,one plus one equals three,Next Wireframe,nextwireframe
1283,2,Nothing Hidden and Transparency,13,Compound: one plus one equals three,Category-relevant compound,systematic generation,one plus one equals three,Next Radiograph,nextradiograph
1284,2,Nothing Hidden and Transparency,13,Compound: one plus one equals three,Category-relevant compound,systematic generation,one plus one equals three,Next Crosssection,nextcrosssection
1285,2,Nothing Hidden and Transparency,13,Compound: one plus one equals three,Category-relevant compound,systematic generation,one plus one equals three,Long Light Curtain,longlightcurtain
1286,2,Nothing Hidden and Transparency,13,Compound: one plus one equals three,Category-relevant compound,systematic generation,one plus one equals three,Long Glass Wall,longglasswall
1287,2,Nothing Hidden and Transparency,13,Compound: one plus one equals three,Category-relevant compound,systematic generation,one plus one equals three,Long Inspection Hatch,longinspectionhatch
1288,2,Nothing Hidden and Transparency,13,Compound: one plus one equals three,Category-relevant compound,systematic generation,one plus one equals three,Long Open Chassis,longopenchassis
1289,2,Nothing Hidden and Transparency,14,Real-word metaphor or eponym,Unexpected real word or metaphor,hand-authored,round-two curated depth seed,Under Glass,underglass
1290,2,Nothing Hidden and Transparency,14,Real-word metaphor or eponym,Unexpected real word or metaphor,hand-authored,round-two curated depth seed,Seen Through,seenthrough
1291,2,Nothing Hidden and Transparency,14,Real-word metaphor or eponym,Unexpected real word or metaphor,hand-authored,round-two curated depth seed,Viewable,viewable
1292,2,Nothing Hidden and Transparency,14,Real-word metaphor or eponym,Unexpected real word or metaphor,systematic generation,real-word metaphor,Scrim,scrim
1293,2,Nothing Hidden and Transparency,14,Real-word metaphor or eponym,Unexpected real word or metaphor,systematic generation,real-word metaphor,Wireframe,wireframe
1294,2,Nothing Hidden and Transparency,14,Real-word metaphor or eponym,Unexpected real word or metaphor,systematic generation,real-word metaphor,Radiograph,radiograph
1295,2,Nothing Hidden and Transparency,14,Real-word metaphor or eponym,Unexpected real word or metaphor,systematic generation,real-word metaphor,Micrograph,micrograph
1296,2,Nothing Hidden and Transparency,14,Real-word metaphor or eponym,Unexpected real word or metaphor,systematic generation,real-word metaphor,Sourceview,sourceview
1297,2,Nothing Hidden and Transparency,14,Real-word metaphor or eponym,Unexpected real word or metaphor,systematic generation,real-word metaphor,Crosssection,crosssection
1298,2,Nothing Hidden and Transparency,14,Real-word metaphor or eponym,Unexpected real word or metaphor,systematic generation,real-word metaphor,Windowwall,windowwall
1299,2,Nothing Hidden and Transparency,14,Real-word metaphor or eponym,Unexpected real word or metaphor,systematic generation,real-word metaphor,Openwork,openwork
1300,2,Nothing Hidden and Transparency,14,Real-word metaphor or eponym,Unexpected real word or metaphor,systematic generation,real-word metaphor,Light Curtain,lightcurtain
1301,2,Nothing Hidden and Transparency,14,Real-word metaphor or eponym,Unexpected real word or metaphor,systematic generation,real-word metaphor,Glasswall,glasswall
1302,2,Nothing Hidden and Transparency,14,Real-word metaphor or eponym,Unexpected real word or metaphor,systematic generation,real-word metaphor,Inspection,inspection
1303,2,Nothing Hidden and Transparency,14,Real-word metaphor or eponym,Unexpected real word or metaphor,systematic generation,real-word metaphor,Trace,trace
1304,2,Nothing Hidden and Transparency,14,Real-word metaphor or eponym,Unexpected real word or metaphor,systematic generation,real-word metaphor,Section,section
1305,2,Nothing Hidden and Transparency,14,Real-word metaphor or eponym,Unexpected real word or metaphor,systematic generation,real-word metaphor,Cutline,cutline
1306,2,Nothing Hidden and Transparency,14,Real-word metaphor or eponym,Unexpected real word or metaphor,systematic generation,real-word metaphor,Source Tree,sourcetree
1307,2,Nothing Hidden and Transparency,14,Real-word metaphor or eponym,Unexpected real word or metaphor,systematic generation,real-word metaphor,Depth Map,depthmap
1308,2,Nothing Hidden and Transparency,14,Real-word metaphor or eponym,Unexpected real word or metaphor,systematic generation,real-word metaphor,Contact Print,contactprint
1309,2,Nothing Hidden and Transparency,14,Real-word metaphor or eponym,Unexpected real word or metaphor,systematic generation,real-word metaphor,View Screen,viewscreen
1310,2,Nothing Hidden and Transparency,14,Real-word metaphor or eponym,Unexpected real word or metaphor,systematic generation,real-word metaphor,Access Panel,accesspanel
1311,2,Nothing Hidden and Transparency,14,Real-word metaphor or eponym,Unexpected real word or metaphor,systematic generation,real-word metaphor,Sample Window,samplewindow
1312,2,Nothing Hidden and Transparency,14,Real-word metaphor or eponym,Unexpected real word or metaphor,systematic generation,real object as brand,Microscope Slide,microscopeslide
1313,2,Nothing Hidden and Transparency,14,Real-word metaphor or eponym,Unexpected real word or metaphor,systematic generation,real object as brand,Inspection Lamp,inspectionlamp
1314,2,Nothing Hidden and Transparency,14,Real-word metaphor or eponym,Unexpected real word or metaphor,systematic generation,real object as brand,Section Plane,sectionplane
1315,2,Nothing Hidden and Transparency,14,Real-word metaphor or eponym,Unexpected real word or metaphor,systematic generation,real object as brand,Source Map,sourcemap
1316,2,Nothing Hidden and Transparency,14,Real-word metaphor or eponym,Unexpected real word or metaphor,systematic generation,real object as brand,Trace Window,tracewindow
1317,2,Nothing Hidden and Transparency,14,Real-word metaphor or eponym,Unexpected real word or metaphor,systematic generation,real object as brand,Inspection Hatch,inspectionhatch
1318,2,Nothing Hidden and Transparency,14,Real-word metaphor or eponym,Unexpected real word or metaphor,systematic generation,real object as brand,Open Chassis,openchassis
1319,2,Nothing Hidden and Transparency,14,Real-word metaphor or eponym,Unexpected real word or metaphor,systematic generation,real object as brand,Transparent Model,transparentmodel
1320,2,Nothing Hidden and Transparency,14,Real-word metaphor or eponym,Unexpected real word or metaphor,systematic generation,real object as brand,Transmission Grid,transmissiongrid
1321,2,Nothing Hidden and Transparency,14,Real-word metaphor or eponym,Unexpected real word or metaphor,systematic generation,real object as brand,Inspection Mirror,inspectionmirror
1322,2,Nothing Hidden and Transparency,14,Real-word metaphor or eponym,Unexpected real word or metaphor,systematic generation,cell fallback matrix,Full Microscope Slide,fullmicroscopeslide
1323,2,Nothing Hidden and Transparency,14,Real-word metaphor or eponym,Unexpected real word or metaphor,systematic generation,cell fallback matrix,Full Radiograph,fullradiograph
1324,2,Nothing Hidden and Transparency,14,Real-word metaphor or eponym,Unexpected real word or metaphor,systematic generation,cell fallback matrix,Full Section Plane,fullsectionplane
1325,2,Nothing Hidden and Transparency,14,Real-word metaphor or eponym,Unexpected real word or metaphor,systematic generation,cell fallback matrix,Full Glass Wall,fullglasswall
1326,2,Nothing Hidden and Transparency,14,Real-word metaphor or eponym,Unexpected real word or metaphor,systematic generation,cell fallback matrix,Full Open Chassis,fullopenchassis
1327,2,Nothing Hidden and Transparency,14,Real-word metaphor or eponym,Unexpected real word or metaphor,systematic generation,cell fallback matrix,Full Wireframe,fullwireframe
1328,2,Nothing Hidden and Transparency,14,Real-word metaphor or eponym,Unexpected real word or metaphor,systematic generation,cell fallback matrix,Full Micrograph,fullmicrograph
1329,2,Nothing Hidden and Transparency,14,Real-word metaphor or eponym,Unexpected real word or metaphor,systematic generation,cell fallback matrix,Full Windowwall,fullwindowwall
1330,2,Nothing Hidden and Transparency,14,Real-word metaphor or eponym,Unexpected real word or metaphor,systematic generation,cell fallback matrix,Full Light Curtain,fulllightcurtain
1331,2,Nothing Hidden and Transparency,14,Real-word metaphor or eponym,Unexpected real word or metaphor,systematic generation,cell fallback matrix,Full Trace,fulltrace
1332,2,Nothing Hidden and Transparency,14,Real-word metaphor or eponym,Unexpected real word or metaphor,systematic generation,cell fallback matrix,Full View Screen,fullviewscreen
1333,2,Nothing Hidden and Transparency,14,Real-word metaphor or eponym,Unexpected real word or metaphor,systematic generation,cell fallback matrix,Full Scan,fullscan
1334,2,Nothing Hidden and Transparency,15,World-language hunt,World-language borrowing,systematic generation,world-language source hunt,Apercu,apercu
1335,2,Nothing Hidden and Transparency,15,World-language hunt,World-language borrowing,systematic generation,world-language source hunt,Clarte,clarte
1336,2,Nothing Hidden and Transparency,15,World-language hunt,World-language borrowing,systematic generation,world-language source hunt,Abierto,abierto
1337,2,Nothing Hidden and Transparency,15,World-language hunt,World-language borrowing,systematic generation,world-language source hunt,Offen,offen
1338,2,Nothing Hidden and Transparency,15,World-language hunt,World-language borrowing,systematic generation,world-language source hunt,Chiaro,chiaro
1339,2,Nothing Hidden and Transparency,15,World-language hunt,World-language borrowing,systematic generation,world-language source hunt,Palese,palese
1340,2,Nothing Hidden and Transparency,15,World-language hunt,World-language borrowing,systematic generation,world-language source hunt,Aperto,aperto
1341,2,Nothing Hidden and Transparency,15,World-language hunt,World-language borrowing,systematic generation,world-language source hunt,Klar,klar
1342,2,Nothing Hidden and Transparency,15,World-language hunt,World-language borrowing,systematic generation,world-language source hunt,Lucido,lucido
1343,2,Nothing Hidden and Transparency,15,World-language hunt,World-language borrowing,systematic generation,world-language source hunt,Vista,vista
1344,2,Nothing Hidden and Transparency,15,World-language hunt,World-language borrowing,systematic generation,world-language source hunt,Transparente,transparente
1345,2,Nothing Hidden and Transparency,15,World-language hunt,World-language borrowing,systematic generation,world-language source hunt,Ouverture,ouverture
1346,2,Nothing Hidden and Transparency,15,World-language hunt,World-language borrowing,systematic generation,transparent world-language compound,Casa Apercu,casaapercu
1347,2,Nothing Hidden and Transparency,15,World-language hunt,World-language borrowing,systematic generation,transparent world-language compound,Casa Offen,casaoffen
1348,2,Nothing Hidden and Transparency,15,World-language hunt,World-language borrowing,systematic generation,transparent world-language compound,Casa Palese,casapalese
1349,2,Nothing Hidden and Transparency,15,World-language hunt,World-language borrowing,systematic generation,transparent world-language compound,Casa Klar,casaklar
1350,2,Nothing Hidden and Transparency,15,World-language hunt,World-language borrowing,systematic generation,transparent world-language compound,Studio Clarte,studioclarte
1351,2,Nothing Hidden and Transparency,15,World-language hunt,World-language borrowing,systematic generation,transparent world-language compound,Studio Abierto,studioabierto
1352,2,Nothing Hidden and Transparency,15,World-language hunt,World-language borrowing,systematic generation,transparent world-language compound,Studio Aperto,studioaperto
1353,2,Nothing Hidden and Transparency,15,World-language hunt,World-language borrowing,systematic generation,transparent world-language compound,Studio Lucido,studiolucido
1354,2,Nothing Hidden and Transparency,15,World-language hunt,World-language borrowing,systematic generation,transparent world-language compound,Studio Vista,studiovista
1355,2,Nothing Hidden and Transparency,15,World-language hunt,World-language borrowing,systematic generation,transparent world-language compound,Studio Transparente,studiotransparente
1356,2,Nothing Hidden and Transparency,15,World-language hunt,World-language borrowing,systematic generation,transparent world-language compound,Metodo Clarte,metodoclarte
1357,2,Nothing Hidden and Transparency,15,World-language hunt,World-language borrowing,systematic generation,transparent world-language compound,Metodo Chiaro,metodochiaro
1358,2,Nothing Hidden and Transparency,15,World-language hunt,World-language borrowing,systematic generation,transparent world-language compound,Metodo Aperto,metodoaperto
1359,2,Nothing Hidden and Transparency,15,World-language hunt,World-language borrowing,systematic generation,transparent world-language compound,Metodo Transparente,metodotransparente
1360,2,Nothing Hidden and Transparency,15,World-language hunt,World-language borrowing,systematic generation,transparent world-language compound,Metodo Ouverture,metodoouverture
1361,2,Nothing Hidden and Transparency,15,World-language hunt,World-language borrowing,systematic generation,transparent world-language compound,Forma Apercu,formaapercu
1362,2,Nothing Hidden and Transparency,15,World-language hunt,World-language borrowing,systematic generation,transparent world-language compound,Forma Abierto,formaabierto
1363,2,Nothing Hidden and Transparency,15,World-language hunt,World-language borrowing,systematic generation,transparent world-language compound,Forma Palese,formapalese
1364,2,Nothing Hidden and Transparency,15,World-language hunt,World-language borrowing,systematic generation,transparent world-language compound,Forma Klar,formaklar
1365,2,Nothing Hidden and Transparency,15,World-language hunt,World-language borrowing,systematic generation,transparent world-language compound,Forma Lucido,formalucido
1366,2,Nothing Hidden and Transparency,15,World-language hunt,World-language borrowing,systematic generation,transparent world-language compound,Forma Vista,formavista
1367,2,Nothing Hidden and Transparency,15,World-language hunt,World-language borrowing,systematic generation,cell fallback matrix,Full Microscope Slide,fullmicroscopeslide
1368,2,Nothing Hidden and Transparency,15,World-language hunt,World-language borrowing,systematic generation,cell fallback matrix,Full Radiograph,fullradiograph
1369,2,Nothing Hidden and Transparency,15,World-language hunt,World-language borrowing,systematic generation,cell fallback matrix,Full Section Plane,fullsectionplane
1370,2,Nothing Hidden and Transparency,15,World-language hunt,World-language borrowing,systematic generation,cell fallback matrix,Full Glass Wall,fullglasswall
1371,2,Nothing Hidden and Transparency,15,World-language hunt,World-language borrowing,systematic generation,cell fallback matrix,Full Open Chassis,fullopenchassis
1372,2,Nothing Hidden and Transparency,15,World-language hunt,World-language borrowing,systematic generation,cell fallback matrix,Full Wireframe,fullwireframe
1373,2,Nothing Hidden and Transparency,15,World-language hunt,World-language borrowing,systematic generation,cell fallback matrix,Full Micrograph,fullmicrograph
1374,2,Nothing Hidden and Transparency,15,World-language hunt,World-language borrowing,systematic generation,cell fallback matrix,Full Windowwall,fullwindowwall
1375,2,Nothing Hidden and Transparency,15,World-language hunt,World-language borrowing,systematic generation,cell fallback matrix,Full Light Curtain,fulllightcurtain
1376,2,Nothing Hidden and Transparency,16,Synchronicity / source-library raid,Authentic insider terminology,systematic generation,specialist source-library raid,Confocal Image,confocalimage
1377,2,Nothing Hidden and Transparency,16,Synchronicity / source-library raid,Authentic insider terminology,systematic generation,specialist source-library raid,Cross Section,crosssection
1378,2,Nothing Hidden and Transparency,16,Synchronicity / source-library raid,Authentic insider terminology,systematic generation,specialist source-library raid,Depth Map,depthmap
1379,2,Nothing Hidden and Transparency,16,Synchronicity / source-library raid,Authentic insider terminology,systematic generation,specialist source-library raid,Source Tree,sourcetree
1380,2,Nothing Hidden and Transparency,16,Synchronicity / source-library raid,Authentic insider terminology,systematic generation,specialist source-library raid,Wireframe Model,wireframemodel
1381,2,Nothing Hidden and Transparency,16,Synchronicity / source-library raid,Authentic insider terminology,systematic generation,specialist source-library raid,Open Chassis,openchassis
1382,2,Nothing Hidden and Transparency,16,Synchronicity / source-library raid,Authentic insider terminology,systematic generation,specialist source-library raid,Access Panel,accesspanel
1383,2,Nothing Hidden and Transparency,16,Synchronicity / source-library raid,Authentic insider terminology,systematic generation,specialist source-library raid,Inspection Hatch,inspectionhatch
1384,2,Nothing Hidden and Transparency,16,Synchronicity / source-library raid,Authentic insider terminology,systematic generation,specialist source-library raid,Transmission Window,transmissionwindow
1385,2,Nothing Hidden and Transparency,16,Synchronicity / source-library raid,Authentic insider terminology,systematic generation,specialist source-library raid,Light Curtain,lightcurtain
1386,2,Nothing Hidden and Transparency,16,Synchronicity / source-library raid,Authentic insider terminology,systematic generation,specialist source-library raid,Glass Wall,glasswall
1387,2,Nothing Hidden and Transparency,16,Synchronicity / source-library raid,Authentic insider terminology,systematic generation,specialist source-library raid,Exploded Assembly,explodedassembly
1388,2,Nothing Hidden and Transparency,16,Synchronicity / source-library raid,Authentic insider terminology,systematic generation,specialist source-library raid,Contact Print,contactprint
1389,2,Nothing Hidden and Transparency,16,Synchronicity / source-library raid,Authentic insider terminology,systematic generation,specialist source-library raid,Trace Signal,tracesignal
1390,2,Nothing Hidden and Transparency,16,Synchronicity / source-library raid,Authentic insider terminology,systematic generation,specialist source-library raid,Source Map,sourcemap
1391,2,Nothing Hidden and Transparency,16,Synchronicity / source-library raid,Authentic insider terminology,systematic generation,specialist source-library raid,Section Plane,sectionplane
1392,2,Nothing Hidden and Transparency,16,Synchronicity / source-library raid,Authentic insider terminology,systematic generation,specialist source-library raid,Inspection Mirror,inspectionmirror
1393,2,Nothing Hidden and Transparency,16,Synchronicity / source-library raid,Authentic insider terminology,systematic generation,specialist source-library raid,Sample Window,samplewindow
1394,2,Nothing Hidden and Transparency,16,Synchronicity / source-library raid,Authentic insider terminology,systematic generation,specialist source-library raid,Surface Profile,surfaceprofile
1395,2,Nothing Hidden and Transparency,16,Synchronicity / source-library raid,Authentic insider terminology,systematic generation,specialist source-library raid,Visible Transmittance,visibletransmittance
1396,2,Nothing Hidden and Transparency,16,Synchronicity / source-library raid,Authentic insider terminology,systematic generation,source term reconstruction,Open Microscope Slide,openmicroscopeslide
1397,2,Nothing Hidden and Transparency,16,Synchronicity / source-library raid,Authentic insider terminology,systematic generation,source term reconstruction,Open Radiograph,openradiograph
1398,2,Nothing Hidden and Transparency,16,Synchronicity / source-library raid,Authentic insider terminology,systematic generation,source term reconstruction,Open Section Plane,opensectionplane
1399,2,Nothing Hidden and Transparency,16,Synchronicity / source-library raid,Authentic insider terminology,systematic generation,source term reconstruction,Open Scrim,openscrim
1400,2,Nothing Hidden and Transparency,16,Synchronicity / source-library raid,Authentic insider terminology,systematic generation,source term reconstruction,Open Glass Wall,openglasswall
1401,2,Nothing Hidden and Transparency,16,Synchronicity / source-library raid,Authentic insider terminology,systematic generation,source term reconstruction,Open Open Chassis,openopenchassis
1402,2,Nothing Hidden and Transparency,16,Synchronicity / source-library raid,Authentic insider terminology,systematic generation,source term reconstruction,Open Wireframe,openwireframe
1403,2,Nothing Hidden and Transparency,16,Synchronicity / source-library raid,Authentic insider terminology,systematic generation,source term reconstruction,True Microscope Slide,truemicroscopeslide
1404,2,Nothing Hidden and Transparency,16,Synchronicity / source-library raid,Authentic insider terminology,systematic generation,source term reconstruction,True Radiograph,trueradiograph
1405,2,Nothing Hidden and Transparency,16,Synchronicity / source-library raid,Authentic insider terminology,systematic generation,source term reconstruction,True Section Plane,truesectionplane
1406,2,Nothing Hidden and Transparency,16,Synchronicity / source-library raid,Authentic insider terminology,systematic generation,source term reconstruction,True Source Map,truesourcemap
1407,2,Nothing Hidden and Transparency,16,Synchronicity / source-library raid,Authentic insider terminology,systematic generation,source term reconstruction,True Scrim,truescrim
1408,2,Nothing Hidden and Transparency,16,Synchronicity / source-library raid,Authentic insider terminology,systematic generation,source term reconstruction,True Wireframe,truewireframe
1409,2,Nothing Hidden and Transparency,16,Synchronicity / source-library raid,Authentic insider terminology,systematic generation,source term reconstruction,True Contact Print,truecontactprint
1410,2,Nothing Hidden and Transparency,16,Synchronicity / source-library raid,Authentic insider terminology,systematic generation,source term reconstruction,True Transmission Grid,truetransmissiongrid
1411,2,Nothing Hidden and Transparency,16,Synchronicity / source-library raid,Authentic insider terminology,systematic generation,source term reconstruction,Working Microscope Slide,workingmicroscopeslide
1412,2,Nothing Hidden and Transparency,16,Synchronicity / source-library raid,Authentic insider terminology,systematic generation,source term reconstruction,Working Radiograph,workingradiograph
1413,2,Nothing Hidden and Transparency,16,Synchronicity / source-library raid,Authentic insider terminology,systematic generation,source term reconstruction,Working Section Plane,workingsectionplane
1414,2,Nothing Hidden and Transparency,16,Synchronicity / source-library raid,Authentic insider terminology,systematic generation,source term reconstruction,Working Source Map,workingsourcemap
1415,2,Nothing Hidden and Transparency,16,Synchronicity / source-library raid,Authentic insider terminology,systematic generation,source term reconstruction,Working Wireframe,workingwireframe
1416,2,Nothing Hidden and Transparency,16,Synchronicity / source-library raid,Authentic insider terminology,systematic generation,source term reconstruction,Working Contact Print,workingcontactprint
1417,2,Nothing Hidden and Transparency,16,Synchronicity / source-library raid,Authentic insider terminology,systematic generation,source term reconstruction,Working Transmission Grid,workingtransmissiongrid
1418,2,Nothing Hidden and Transparency,17,Three-team decoy,Decoy-world import,hand-authored,round-two curated depth seed,Open Assembly,openassembly
1419,2,Nothing Hidden and Transparency,17,Three-team decoy,Decoy-world import,systematic generation,three-team decoy briefs,All Sides Architecture,allsidesarchitecture
1420,2,Nothing Hidden and Transparency,17,Three-team decoy,Decoy-world import,systematic generation,three-team decoy briefs,Windowwall House,windowwallhouse
1421,2,Nothing Hidden and Transparency,17,Three-team decoy,Decoy-world import,systematic generation,three-team decoy briefs,Inspectable Works,inspectableworks
1422,2,Nothing Hidden and Transparency,17,Three-team decoy,Decoy-world import,systematic generation,three-team decoy briefs,The Trace Company,thetracecompany
1423,2,Nothing Hidden and Transparency,17,Three-team decoy,Decoy-world import,systematic generation,three-team decoy briefs,Under Glass,underglass
1424,2,Nothing Hidden and Transparency,17,Three-team decoy,Decoy-world import,systematic generation,three-team decoy briefs,Clear as Made,clearasmade
1425,2,Nothing Hidden and Transparency,17,Three-team decoy,Decoy-world import,systematic generation,three-team decoy briefs,Open Section,opensection
1426,2,Nothing Hidden and Transparency,17,Three-team decoy,Decoy-world import,systematic generation,three-team decoy briefs,Seen Through,seenthrough
1427,2,Nothing Hidden and Transparency,17,Three-team decoy,Decoy-world import,systematic generation,three-team decoy briefs,No Back Room,nobackroom
1428,2,Nothing Hidden and Transparency,17,Three-team decoy,Decoy-world import,systematic generation,three-team decoy briefs,Every Side,everyside
1429,2,Nothing Hidden and Transparency,17,Three-team decoy,Decoy-world import,systematic generation,three-team decoy briefs,Source Open,sourceopen
1430,2,Nothing Hidden and Transparency,17,Three-team decoy,Decoy-world import,systematic generation,three-team decoy briefs,Visible Join,visiblejoin
1431,2,Nothing Hidden and Transparency,17,Three-team decoy,Decoy-world import,systematic generation,three-team decoy briefs,Daylighted,daylighted
1432,2,Nothing Hidden and Transparency,17,Three-team decoy,Decoy-world import,systematic generation,three-team decoy briefs,Uncurtained,uncurtained
1433,2,Nothing Hidden and Transparency,17,Three-team decoy,Decoy-world import,systematic generation,decoy company and institution,House of Inspection Lamp,houseofinspectionlamp
1434,2,Nothing Hidden and Transparency,17,Three-team decoy,Decoy-world import,systematic generation,decoy company and institution,House of Source Map,houseofsourcemap
1435,2,Nothing Hidden and Transparency,17,Three-team decoy,Decoy-world import,systematic generation,decoy company and institution,House of Trace Window,houseoftracewindow
1436,2,Nothing Hidden and Transparency,17,Three-team decoy,Decoy-world import,systematic generation,decoy company and institution,House of Access Panel,houseofaccesspanel
1437,2,Nothing Hidden and Transparency,17,Three-team decoy,Decoy-world import,systematic generation,decoy company and institution,House of Sample Window,houseofsamplewindow
1438,2,Nothing Hidden and Transparency,17,Three-team decoy,Decoy-world import,systematic generation,decoy company and institution,House of Contact Print,houseofcontactprint
1439,2,Nothing Hidden and Transparency,17,Three-team decoy,Decoy-world import,systematic generation,decoy company and institution,House of Transmission Grid,houseoftransmissiongrid
1440,2,Nothing Hidden and Transparency,17,Three-team decoy,Decoy-world import,systematic generation,decoy company and institution,The Inspection Lamp,theinspectionlamp
1441,2,Nothing Hidden and Transparency,17,Three-team decoy,Decoy-world import,systematic generation,decoy company and institution,The Trace Window,thetracewindow
1442,2,Nothing Hidden and Transparency,17,Three-team decoy,Decoy-world import,systematic generation,decoy company and institution,The Light Curtain,thelightcurtain
1443,2,Nothing Hidden and Transparency,17,Three-team decoy,Decoy-world import,systematic generation,decoy company and institution,The Inspection Hatch,theinspectionhatch
1444,2,Nothing Hidden and Transparency,17,Three-team decoy,Decoy-world import,systematic generation,decoy company and institution,The Access Panel,theaccesspanel
1445,2,Nothing Hidden and Transparency,17,Three-team decoy,Decoy-world import,systematic generation,decoy company and institution,The Transparent Model,thetransparentmodel
1446,2,Nothing Hidden and Transparency,17,Three-team decoy,Decoy-world import,systematic generation,decoy company and institution,The Sample Window,thesamplewindow
1447,2,Nothing Hidden and Transparency,17,Three-team decoy,Decoy-world import,systematic generation,decoy company and institution,The Inspection Mirror,theinspectionmirror
1448,2,Nothing Hidden and Transparency,17,Three-team decoy,Decoy-world import,systematic generation,decoy company and institution,The Source Tree,thesourcetree
1449,2,Nothing Hidden and Transparency,17,Three-team decoy,Decoy-world import,systematic generation,decoy company and institution,Common Inspection Lamp,commoninspectionlamp
1450,2,Nothing Hidden and Transparency,17,Three-team decoy,Decoy-world import,systematic generation,decoy company and institution,Common Trace Window,commontracewindow
1451,2,Nothing Hidden and Transparency,17,Three-team decoy,Decoy-world import,systematic generation,decoy company and institution,Common Light Curtain,commonlightcurtain
1452,2,Nothing Hidden and Transparency,17,Three-team decoy,Decoy-world import,systematic generation,decoy company and institution,Common Inspection Hatch,commoninspectionhatch
1453,2,Nothing Hidden and Transparency,17,Three-team decoy,Decoy-world import,systematic generation,decoy company and institution,Common Access Panel,commonaccesspanel
1454,2,Nothing Hidden and Transparency,17,Three-team decoy,Decoy-world import,systematic generation,decoy company and institution,Common Transparent Model,commontransparentmodel
1455,2,Nothing Hidden and Transparency,17,Three-team decoy,Decoy-world import,systematic generation,decoy company and institution,Common Sample Window,commonsamplewindow
1456,2,Nothing Hidden and Transparency,17,Three-team decoy,Decoy-world import,systematic generation,decoy company and institution,Common Inspection Mirror,commoninspectionmirror
1457,2,Nothing Hidden and Transparency,17,Three-team decoy,Decoy-world import,systematic generation,decoy company and institution,Common Source Tree,commonsourcetree
1458,2,Nothing Hidden and Transparency,17,Three-team decoy,Decoy-world import,systematic generation,decoy company and institution,First Microscope Slide,firstmicroscopeslide
1459,2,Nothing Hidden and Transparency,17,Three-team decoy,Decoy-world import,systematic generation,decoy company and institution,First Radiograph,firstradiograph
1460,2,Nothing Hidden and Transparency,17,Three-team decoy,Decoy-world import,systematic generation,decoy company and institution,First Section Plane,firstsectionplane
1461,3,Bare Face and Recognizable Self,1,Make the intangible tangible,"Authentic object, tool, gesture, or process",systematic generation,world objects and instruments,Casting Card,castingcard
1462,3,Bare Face and Recognizable Self,1,Make the intangible tangible,"Authentic object, tool, gesture, or process",systematic generation,world objects and instruments,Portrait Sitting,portraitsitting
1463,3,Bare Face and Recognizable Self,1,Make the intangible tangible,"Authentic object, tool, gesture, or process",systematic generation,world objects and instruments,Contact Sheet,contactsheet
1464,3,Bare Face and Recognizable Self,1,Make the intangible tangible,"Authentic object, tool, gesture, or process",systematic generation,world objects and instruments,Proof Portrait,proofportrait
1465,3,Bare Face and Recognizable Self,1,Make the intangible tangible,"Authentic object, tool, gesture, or process",systematic generation,world objects and instruments,Autograph,autograph
1466,3,Bare Face and Recognizable Self,1,Make the intangible tangible,"Authentic object, tool, gesture, or process",systematic generation,world objects and instruments,Handwriting Sample,handwritingsample
1467,3,Bare Face and Recognizable Self,1,Make the intangible tangible,"Authentic object, tool, gesture, or process",systematic generation,world objects and instruments,Documentary Frame,documentaryframe
1468,3,Bare Face and Recognizable Self,1,Make the intangible tangible,"Authentic object, tool, gesture, or process",systematic generation,world objects and instruments,Identity Card,identitycard
1469,3,Bare Face and Recognizable Self,1,Make the intangible tangible,"Authentic object, tool, gesture, or process",systematic generation,world objects and instruments,Family Photograph,familyphotograph
1470,3,Bare Face and Recognizable Self,1,Make the intangible tangible,"Authentic object, tool, gesture, or process",systematic generation,world objects and instruments,Screen Test,screentest
1471,3,Bare Face and Recognizable Self,1,Make the intangible tangible,"Authentic object, tool, gesture, or process",systematic generation,world objects and instruments,Camera Test,cameratest
1472,3,Bare Face and Recognizable Self,1,Make the intangible tangible,"Authentic object, tool, gesture, or process",systematic generation,world objects and instruments,Sitter Chair,sitterchair
1473,3,Bare Face and Recognizable Self,1,Make the intangible tangible,"Authentic object, tool, gesture, or process",systematic generation,world objects and instruments,Character Sheet,charactersheet
1474,3,Bare Face and Recognizable Self,1,Make the intangible tangible,"Authentic object, tool, gesture, or process",systematic generation,world objects and instruments,Continuity Photo,continuityphoto
1475,3,Bare Face and Recognizable Self,1,Make the intangible tangible,"Authentic object, tool, gesture, or process",systematic generation,world objects and instruments,Signature Line,signatureline
1476,3,Bare Face and Recognizable Self,1,Make the intangible tangible,"Authentic object, tool, gesture, or process",systematic generation,world objects and instruments,Image Match,imagematch
1477,3,Bare Face and Recognizable Self,1,Make the intangible tangible,"Authentic object, tool, gesture, or process",systematic generation,world objects and instruments,Face Chart,facechart
1478,3,Bare Face and Recognizable Self,1,Make the intangible tangible,"Authentic object, tool, gesture, or process",systematic generation,world objects and instruments,Feature Map,featuremap
1479,3,Bare Face and Recognizable Self,1,Make the intangible tangible,"Authentic object, tool, gesture, or process",systematic generation,world objects and instruments,Portrait Plate,portraitplate
1480,3,Bare Face and Recognizable Self,1,Make the intangible tangible,"Authentic object, tool, gesture, or process",systematic generation,world objects and instruments,Name Card,namecard
1481,3,Bare Face and Recognizable Self,1,Make the intangible tangible,"Authentic object, tool, gesture, or process",systematic generation,tangible object matrix,Full Autograph,fullautograph
1482,3,Bare Face and Recognizable Self,1,Make the intangible tangible,"Authentic object, tool, gesture, or process",systematic generation,tangible object matrix,Full Handwriting Sample,fullhandwritingsample
1483,3,Bare Face and Recognizable Self,1,Make the intangible tangible,"Authentic object, tool, gesture, or process",systematic generation,tangible object matrix,Full Documentary Frame,fulldocumentaryframe
1484,3,Bare Face and Recognizable Self,1,Make the intangible tangible,"Authentic object, tool, gesture, or process",systematic generation,tangible object matrix,Full Camera Test,fullcameratest
1485,3,Bare Face and Recognizable Self,1,Make the intangible tangible,"Authentic object, tool, gesture, or process",systematic generation,tangible object matrix,Full Sitter Chair,fullsitterchair
1486,3,Bare Face and Recognizable Self,1,Make the intangible tangible,"Authentic object, tool, gesture, or process",systematic generation,tangible object matrix,Full Signature Line,fullsignatureline
1487,3,Bare Face and Recognizable Self,1,Make the intangible tangible,"Authentic object, tool, gesture, or process",systematic generation,tangible object matrix,Full Image Match,fullimagematch
1488,3,Bare Face and Recognizable Self,1,Make the intangible tangible,"Authentic object, tool, gesture, or process",systematic generation,tangible object matrix,Full Face Chart,fullfacechart
1489,3,Bare Face and Recognizable Self,1,Make the intangible tangible,"Authentic object, tool, gesture, or process",systematic generation,tangible object matrix,Full Feature Map,fullfeaturemap
1490,3,Bare Face and Recognizable Self,1,Make the intangible tangible,"Authentic object, tool, gesture, or process",systematic generation,tangible object matrix,Full Name Card,fullnamecard
1491,3,Bare Face and Recognizable Self,1,Make the intangible tangible,"Authentic object, tool, gesture, or process",systematic generation,tangible object matrix,Open Camera Test,opencameratest
1492,3,Bare Face and Recognizable Self,1,Make the intangible tangible,"Authentic object, tool, gesture, or process",systematic generation,tangible object matrix,Open Continuity Photo,opencontinuityphoto
1493,3,Bare Face and Recognizable Self,1,Make the intangible tangible,"Authentic object, tool, gesture, or process",systematic generation,tangible object matrix,Open Image Match,openimagematch
1494,3,Bare Face and Recognizable Self,1,Make the intangible tangible,"Authentic object, tool, gesture, or process",systematic generation,tangible object matrix,Open Face Chart,openfacechart
1495,3,Bare Face and Recognizable Self,1,Make the intangible tangible,"Authentic object, tool, gesture, or process",systematic generation,tangible object matrix,True Casting Card,truecastingcard
1496,3,Bare Face and Recognizable Self,1,Make the intangible tangible,"Authentic object, tool, gesture, or process",systematic generation,tangible object matrix,True Portrait Sitting,trueportraitsitting
1497,3,Bare Face and Recognizable Self,1,Make the intangible tangible,"Authentic object, tool, gesture, or process",systematic generation,tangible object matrix,True Proof Portrait,trueproofportrait
1498,3,Bare Face and Recognizable Self,1,Make the intangible tangible,"Authentic object, tool, gesture, or process",systematic generation,tangible object matrix,True Character Sheet,truecharactersheet
1499,3,Bare Face and Recognizable Self,1,Make the intangible tangible,"Authentic object, tool, gesture, or process",systematic generation,tangible object matrix,True Continuity Photo,truecontinuityphoto
1500,3,Bare Face and Recognizable Self,1,Make the intangible tangible,"Authentic object, tool, gesture, or process",systematic generation,tangible object matrix,True Portrait Plate,trueportraitplate
1501,3,Bare Face and Recognizable Self,1,Make the intangible tangible,"Authentic object, tool, gesture, or process",systematic generation,tangible object matrix,Next Casting Card,nextcastingcard
1502,3,Bare Face and Recognizable Self,1,Make the intangible tangible,"Authentic object, tool, gesture, or process",systematic generation,tangible object matrix,Next Portrait Sitting,nextportraitsitting
1503,3,Bare Face and Recognizable Self,2,Benefit ladder / ultimate feeling,Explicit benefit or proposition,hand-authored,round-two curated depth seed,Still You,stillyou
1504,3,Bare Face and Recognizable Self,2,Benefit ladder / ultimate feeling,Explicit benefit or proposition,hand-authored,round-two curated depth seed,Known at A Glance,knownataglance
1505,3,Bare Face and Recognizable Self,2,Benefit ladder / ultimate feeling,Explicit benefit or proposition,systematic generation,benefit ladder,Still Looks Like You,stilllookslikeyou
1506,3,Bare Face and Recognizable Self,2,Benefit ladder / ultimate feeling,Explicit benefit or proposition,systematic generation,benefit ladder,Known at A Glance,knownataglance
1507,3,Bare Face and Recognizable Self,2,Benefit ladder / ultimate feeling,Explicit benefit or proposition,systematic generation,benefit ladder,The Same Character,thesamecharacter
1508,3,Bare Face and Recognizable Self,2,Benefit ladder / ultimate feeling,Explicit benefit or proposition,systematic generation,benefit ladder,Your Image Continues,yourimagecontinues
1509,3,Bare Face and Recognizable Self,2,Benefit ladder / ultimate feeling,Explicit benefit or proposition,systematic generation,benefit ladder,Keeps The Resemblance,keepstheresemblance
1510,3,Bare Face and Recognizable Self,2,Benefit ladder / ultimate feeling,Explicit benefit or proposition,systematic generation,benefit ladder,True to The Subject,truetothesubject
1511,3,Bare Face and Recognizable Self,2,Benefit ladder / ultimate feeling,Explicit benefit or proposition,systematic generation,benefit ladder,Looks Like Home,lookslikehome
1512,3,Bare Face and Recognizable Self,2,Benefit ladder / ultimate feeling,Explicit benefit or proposition,systematic generation,benefit ladder,The Face Remains Familiar,thefaceremainsfamiliar
1513,3,Bare Face and Recognizable Self,2,Benefit ladder / ultimate feeling,Explicit benefit or proposition,systematic generation,benefit ladder,More You Not New You,moreyounotnewyou
1514,3,Bare Face and Recognizable Self,2,Benefit ladder / ultimate feeling,Explicit benefit or proposition,systematic generation,benefit ladder,Your Features Continue,yourfeaturescontinue
1515,3,Bare Face and Recognizable Self,2,Benefit ladder / ultimate feeling,Explicit benefit or proposition,systematic generation,benefit ladder,Recognized Instantly,recognizedinstantly
1516,3,Bare Face and Recognizable Self,2,Benefit ladder / ultimate feeling,Explicit benefit or proposition,systematic generation,benefit ladder,A Better Known Face,abetterknownface
1517,3,Bare Face and Recognizable Self,2,Benefit ladder / ultimate feeling,Explicit benefit or proposition,systematic generation,benefit ladder,Your Own Image Holds,yourownimageholds
1518,3,Bare Face and Recognizable Self,2,Benefit ladder / ultimate feeling,Explicit benefit or proposition,systematic generation,benefit ladder,Character Still Visible,characterstillvisible
1519,3,Bare Face and Recognizable Self,2,Benefit ladder / ultimate feeling,Explicit benefit or proposition,systematic generation,benefit ladder,The Subject Stays You,thesubjectstaysyou
1520,3,Bare Face and Recognizable Self,2,Benefit ladder / ultimate feeling,Explicit benefit or proposition,systematic generation,benefit compression,More Known,moreknown
1521,3,Bare Face and Recognizable Self,2,Benefit ladder / ultimate feeling,Explicit benefit or proposition,systematic generation,benefit compression,More Continuity,morecontinuity
1522,3,Bare Face and Recognizable Self,2,Benefit ladder / ultimate feeling,Explicit benefit or proposition,systematic generation,benefit compression,More Documentary,moredocumentary
1523,3,Bare Face and Recognizable Self,2,Benefit ladder / ultimate feeling,Explicit benefit or proposition,systematic generation,benefit compression,More Unretouched,moreunretouched
1524,3,Bare Face and Recognizable Self,2,Benefit ladder / ultimate feeling,Explicit benefit or proposition,systematic generation,benefit compression,More Countenance,morecountenance
1525,3,Bare Face and Recognizable Self,2,Benefit ladder / ultimate feeling,Explicit benefit or proposition,systematic generation,benefit compression,More Expression,moreexpression
1526,3,Bare Face and Recognizable Self,2,Benefit ladder / ultimate feeling,Explicit benefit or proposition,systematic generation,benefit compression,Better Subject,bettersubject
1527,3,Bare Face and Recognizable Self,2,Benefit ladder / ultimate feeling,Explicit benefit or proposition,systematic generation,benefit compression,Better Image,betterimage
1528,3,Bare Face and Recognizable Self,2,Benefit ladder / ultimate feeling,Explicit benefit or proposition,systematic generation,benefit compression,Better Resemblance,betterresemblance
1529,3,Bare Face and Recognizable Self,2,Benefit ladder / ultimate feeling,Explicit benefit or proposition,systematic generation,benefit compression,Better Autograph,betterautograph
1530,3,Bare Face and Recognizable Self,2,Benefit ladder / ultimate feeling,Explicit benefit or proposition,systematic generation,benefit compression,Better Features,betterfeatures
1531,3,Bare Face and Recognizable Self,2,Benefit ladder / ultimate feeling,Explicit benefit or proposition,systematic generation,benefit compression,Better Identity,betteridentity
1532,3,Bare Face and Recognizable Self,2,Benefit ladder / ultimate feeling,Explicit benefit or proposition,systematic generation,benefit compression,Better Character,bettercharacter
1533,3,Bare Face and Recognizable Self,2,Benefit ladder / ultimate feeling,Explicit benefit or proposition,systematic generation,benefit compression,Better Familiar,betterfamiliar
1534,3,Bare Face and Recognizable Self,2,Benefit ladder / ultimate feeling,Explicit benefit or proposition,systematic generation,benefit compression,Better Selfportrait,betterselfportrait
1535,3,Bare Face and Recognizable Self,2,Benefit ladder / ultimate feeling,Explicit benefit or proposition,systematic generation,benefit compression,Full Subject,fullsubject
1536,3,Bare Face and Recognizable Self,2,Benefit ladder / ultimate feeling,Explicit benefit or proposition,systematic generation,benefit compression,Full Image,fullimage
1537,3,Bare Face and Recognizable Self,2,Benefit ladder / ultimate feeling,Explicit benefit or proposition,systematic generation,benefit compression,Full Resemblance,fullresemblance
1538,3,Bare Face and Recognizable Self,2,Benefit ladder / ultimate feeling,Explicit benefit or proposition,systematic generation,benefit compression,Full Autograph,fullautograph
1539,3,Bare Face and Recognizable Self,2,Benefit ladder / ultimate feeling,Explicit benefit or proposition,systematic generation,benefit compression,Full Features,fullfeatures
1540,3,Bare Face and Recognizable Self,2,Benefit ladder / ultimate feeling,Explicit benefit or proposition,systematic generation,benefit compression,Full Identity,fullidentity
1541,3,Bare Face and Recognizable Self,2,Benefit ladder / ultimate feeling,Explicit benefit or proposition,systematic generation,benefit compression,Full Character,fullcharacter
1542,3,Bare Face and Recognizable Self,2,Benefit ladder / ultimate feeling,Explicit benefit or proposition,systematic generation,benefit compression,Full Familiar,fullfamiliar
1543,3,Bare Face and Recognizable Self,2,Benefit ladder / ultimate feeling,Explicit benefit or proposition,systematic generation,benefit compression,Full Selfportrait,fullselfportrait
1544,3,Bare Face and Recognizable Self,2,Benefit ladder / ultimate feeling,Explicit benefit or proposition,systematic generation,benefit compression,Good Subject,goodsubject
1545,3,Bare Face and Recognizable Self,2,Benefit ladder / ultimate feeling,Explicit benefit or proposition,systematic generation,benefit compression,Good Image,goodimage
1546,3,Bare Face and Recognizable Self,2,Benefit ladder / ultimate feeling,Explicit benefit or proposition,systematic generation,benefit compression,Good Handwriting,goodhandwriting
1547,3,Bare Face and Recognizable Self,3,Reframe the question / name the future,Direct conceptual reframe,hand-authored,round-two curated depth seed,Character Continues,charactercontinues
1548,3,Bare Face and Recognizable Self,3,Reframe the question / name the future,Direct conceptual reframe,systematic generation,future reframe,The Future Looks Familiar,thefuturelooksfamiliar
1549,3,Bare Face and Recognizable Self,3,Reframe the question / name the future,Direct conceptual reframe,systematic generation,future reframe,A Face with Continuity,afacewithcontinuity
1550,3,Bare Face and Recognizable Self,3,Reframe the question / name the future,Direct conceptual reframe,systematic generation,future reframe,The Subject Remains You,thesubjectremainsyou
1551,3,Bare Face and Recognizable Self,3,Reframe the question / name the future,Direct conceptual reframe,systematic generation,future reframe,Identity Over Reinvention,identityoverreinvention
1552,3,Bare Face and Recognizable Self,3,Reframe the question / name the future,Direct conceptual reframe,systematic generation,future reframe,More Character with Time,morecharacterwithtime
1553,3,Bare Face and Recognizable Self,3,Reframe the question / name the future,Direct conceptual reframe,systematic generation,future reframe,Aging in Character,agingincharacter
1554,3,Bare Face and Recognizable Self,3,Reframe the question / name the future,Direct conceptual reframe,systematic generation,future reframe,The Unretouched Future,theunretouchedfuture
1555,3,Bare Face and Recognizable Self,3,Reframe the question / name the future,Direct conceptual reframe,systematic generation,future reframe,The New Natural Subject,thenewnaturalsubject
1556,3,Bare Face and Recognizable Self,3,Reframe the question / name the future,Direct conceptual reframe,systematic generation,future reframe,Your Image in Continuation,yourimageincontinuation
1557,3,Bare Face and Recognizable Self,3,Reframe the question / name the future,Direct conceptual reframe,systematic generation,future reframe,The End of Face Replacement,theendoffacereplacement
1558,3,Bare Face and Recognizable Self,3,Reframe the question / name the future,Direct conceptual reframe,systematic generation,future reframe,The Familiar Face Ahead,thefamiliarfaceahead
1559,3,Bare Face and Recognizable Self,3,Reframe the question / name the future,Direct conceptual reframe,systematic generation,future reframe,Character Is The Standard,characteristhestandard
1560,3,Bare Face and Recognizable Self,3,Reframe the question / name the future,Direct conceptual reframe,systematic generation,future reframe,Real Faces Remain,realfacesremain
1561,3,Bare Face and Recognizable Self,3,Reframe the question / name the future,Direct conceptual reframe,systematic generation,name the future matrix,Next Autograph,nextautograph
1562,3,Bare Face and Recognizable Self,3,Reframe the question / name the future,Direct conceptual reframe,systematic generation,name the future matrix,Next Handwriting Sample,nexthandwritingsample
1563,3,Bare Face and Recognizable Self,3,Reframe the question / name the future,Direct conceptual reframe,systematic generation,name the future matrix,Next Documentary Frame,nextdocumentaryframe
1564,3,Bare Face and Recognizable Self,3,Reframe the question / name the future,Direct conceptual reframe,systematic generation,name the future matrix,Next Camera Test,nextcameratest
1565,3,Bare Face and Recognizable Self,3,Reframe the question / name the future,Direct conceptual reframe,systematic generation,name the future matrix,Next Sitter Chair,nextsitterchair
1566,3,Bare Face and Recognizable Self,3,Reframe the question / name the future,Direct conceptual reframe,systematic generation,name the future matrix,Next Signature Line,nextsignatureline
1567,3,Bare Face and Recognizable Self,3,Reframe the question / name the future,Direct conceptual reframe,systematic generation,name the future matrix,Next Image Match,nextimagematch
1568,3,Bare Face and Recognizable Self,3,Reframe the question / name the future,Direct conceptual reframe,systematic generation,name the future matrix,Next Face Chart,nextfacechart
1569,3,Bare Face and Recognizable Self,3,Reframe the question / name the future,Direct conceptual reframe,systematic generation,name the future matrix,Next Feature Map,nextfeaturemap
1570,3,Bare Face and Recognizable Self,3,Reframe the question / name the future,Direct conceptual reframe,systematic generation,name the future matrix,New Casting Card,newcastingcard
1571,3,Bare Face and Recognizable Self,3,Reframe the question / name the future,Direct conceptual reframe,systematic generation,name the future matrix,New Portrait Sitting,newportraitsitting
1572,3,Bare Face and Recognizable Self,3,Reframe the question / name the future,Direct conceptual reframe,systematic generation,name the future matrix,New Contact Sheet,newcontactsheet
1573,3,Bare Face and Recognizable Self,3,Reframe the question / name the future,Direct conceptual reframe,systematic generation,name the future matrix,New Proof Portrait,newproofportrait
1574,3,Bare Face and Recognizable Self,3,Reframe the question / name the future,Direct conceptual reframe,systematic generation,name the future matrix,New Identity Card,newidentitycard
1575,3,Bare Face and Recognizable Self,3,Reframe the question / name the future,Direct conceptual reframe,systematic generation,name the future matrix,New Family Photograph,newfamilyphotograph
1576,3,Bare Face and Recognizable Self,3,Reframe the question / name the future,Direct conceptual reframe,systematic generation,name the future matrix,New Screen Test,newscreentest
1577,3,Bare Face and Recognizable Self,3,Reframe the question / name the future,Direct conceptual reframe,systematic generation,name the future matrix,New Character Sheet,newcharactersheet
1578,3,Bare Face and Recognizable Self,3,Reframe the question / name the future,Direct conceptual reframe,systematic generation,name the future matrix,Future Casting Card,futurecastingcard
1579,3,Bare Face and Recognizable Self,3,Reframe the question / name the future,Direct conceptual reframe,systematic generation,name the future matrix,Future Portrait Sitting,futureportraitsitting
1580,3,Bare Face and Recognizable Self,3,Reframe the question / name the future,Direct conceptual reframe,systematic generation,name the future matrix,Future Contact Sheet,futurecontactsheet
1581,3,Bare Face and Recognizable Self,3,Reframe the question / name the future,Direct conceptual reframe,systematic generation,name the future matrix,Future Proof Portrait,futureproofportrait
1582,3,Bare Face and Recognizable Self,3,Reframe the question / name the future,Direct conceptual reframe,systematic generation,name the future matrix,Future Identity Card,futureidentitycard
1583,3,Bare Face and Recognizable Self,3,Reframe the question / name the future,Direct conceptual reframe,systematic generation,name the future matrix,Future Family Photograph,futurefamilyphotograph
1584,3,Bare Face and Recognizable Self,3,Reframe the question / name the future,Direct conceptual reframe,systematic generation,name the future matrix,Future Screen Test,futurescreentest
1585,3,Bare Face and Recognizable Self,3,Reframe the question / name the future,Direct conceptual reframe,systematic generation,name the future matrix,Future Character Sheet,futurecharactersheet
1586,3,Bare Face and Recognizable Self,3,Reframe the question / name the future,Direct conceptual reframe,systematic generation,name the future matrix,Beyond Contact Sheet,beyondcontactsheet
1587,3,Bare Face and Recognizable Self,3,Reframe the question / name the future,Direct conceptual reframe,systematic generation,name the future matrix,Beyond Autograph,beyondautograph
1588,3,Bare Face and Recognizable Self,3,Reframe the question / name the future,Direct conceptual reframe,systematic generation,name the future matrix,Beyond Handwriting Sample,beyondhandwritingsample
1589,3,Bare Face and Recognizable Self,3,Reframe the question / name the future,Direct conceptual reframe,systematic generation,name the future matrix,Beyond Documentary Frame,beyonddocumentaryframe
1590,3,Bare Face and Recognizable Self,4,Anti-descriptor,Bold contradiction or anti-descriptor,hand-authored,round-two curated depth seed,Self Evident,selfevident
1591,3,Bare Face and Recognizable Self,4,Anti-descriptor,Bold contradiction or anti-descriptor,hand-authored,round-two curated depth seed,Unretouched Standard,unretouchedstandard
1592,3,Bare Face and Recognizable Self,4,Anti-descriptor,Bold contradiction or anti-descriptor,systematic generation,anti-descriptor,Self Evident,selfevident
1593,3,Bare Face and Recognizable Self,4,Anti-descriptor,Bold contradiction or anti-descriptor,systematic generation,anti-descriptor,Same But Different,samebutdifferent
1594,3,Bare Face and Recognizable Self,4,Anti-descriptor,Bold contradiction or anti-descriptor,systematic generation,anti-descriptor,Unretouched Standard,unretouchedstandard
1595,3,Bare Face and Recognizable Self,4,Anti-descriptor,Bold contradiction or anti-descriptor,systematic generation,anti-descriptor,No Replacement Face,noreplacementface
1596,3,Bare Face and Recognizable Self,4,Anti-descriptor,Bold contradiction or anti-descriptor,systematic generation,anti-descriptor,A Stranger Never,astrangernever
1597,3,Bare Face and Recognizable Self,4,Anti-descriptor,Bold contradiction or anti-descriptor,systematic generation,anti-descriptor,Original Without Nostalgia,originalwithoutnostalgia
1598,3,Bare Face and Recognizable Self,4,Anti-descriptor,Bold contradiction or anti-descriptor,systematic generation,anti-descriptor,Familiar Not Fixed,familiarnotfixed
1599,3,Bare Face and Recognizable Self,4,Anti-descriptor,Bold contradiction or anti-descriptor,systematic generation,anti-descriptor,Character Not Correction,characternotcorrection
1600,3,Bare Face and Recognizable Self,4,Anti-descriptor,Bold contradiction or anti-descriptor,systematic generation,anti-descriptor,Unmade Up,unmadeup
1601,3,Bare Face and Recognizable Self,4,Anti-descriptor,Bold contradiction or anti-descriptor,systematic generation,anti-descriptor,True Without Perfect,truewithoutperfect
1602,3,Bare Face and Recognizable Self,4,Anti-descriptor,Bold contradiction or anti-descriptor,systematic generation,anti-descriptor,The Same New You,thesamenewyou
1603,3,Bare Face and Recognizable Self,4,Anti-descriptor,Bold contradiction or anti-descriptor,systematic generation,anti-descriptor,No Casting Change,nocastingchange
1604,3,Bare Face and Recognizable Self,4,Anti-descriptor,Bold contradiction or anti-descriptor,systematic generation,anti-descriptor,Real Subject No Filter,realsubjectnofilter
1605,3,Bare Face and Recognizable Self,4,Anti-descriptor,Bold contradiction or anti-descriptor,systematic generation,anti-descriptor,Unpolished Identity,unpolishedidentity
1606,3,Bare Face and Recognizable Self,4,Anti-descriptor,Bold contradiction or anti-descriptor,systematic generation,anti-descriptor,Known Not Idealized,knownnotidealized
1607,3,Bare Face and Recognizable Self,4,Anti-descriptor,Bold contradiction or anti-descriptor,systematic generation,anti-descriptor,Natural Without Disappearing,naturalwithoutdisappearing
1608,3,Bare Face and Recognizable Self,4,Anti-descriptor,Bold contradiction or anti-descriptor,systematic generation,anti-category matrix,No Contact Sheet,nocontactsheet
1609,3,Bare Face and Recognizable Self,4,Anti-descriptor,Bold contradiction or anti-descriptor,systematic generation,anti-category matrix,No Autograph,noautograph
1610,3,Bare Face and Recognizable Self,4,Anti-descriptor,Bold contradiction or anti-descriptor,systematic generation,anti-category matrix,No Handwriting Sample,nohandwritingsample
1611,3,Bare Face and Recognizable Self,4,Anti-descriptor,Bold contradiction or anti-descriptor,systematic generation,anti-category matrix,No Documentary Frame,nodocumentaryframe
1612,3,Bare Face and Recognizable Self,4,Anti-descriptor,Bold contradiction or anti-descriptor,systematic generation,anti-category matrix,No Identity Card,noidentitycard
1613,3,Bare Face and Recognizable Self,4,Anti-descriptor,Bold contradiction or anti-descriptor,systematic generation,anti-category matrix,No Family Photograph,nofamilyphotograph
1614,3,Bare Face and Recognizable Self,4,Anti-descriptor,Bold contradiction or anti-descriptor,systematic generation,anti-category matrix,No Screen Test,noscreentest
1615,3,Bare Face and Recognizable Self,4,Anti-descriptor,Bold contradiction or anti-descriptor,systematic generation,anti-category matrix,No Sitter Chair,nositterchair
1616,3,Bare Face and Recognizable Self,4,Anti-descriptor,Bold contradiction or anti-descriptor,systematic generation,anti-category matrix,No Signature Line,nosignatureline
1617,3,Bare Face and Recognizable Self,4,Anti-descriptor,Bold contradiction or anti-descriptor,systematic generation,anti-category matrix,No Feature Map,nofeaturemap
1618,3,Bare Face and Recognizable Self,4,Anti-descriptor,Bold contradiction or anti-descriptor,systematic generation,anti-category matrix,Not Casting Card,notcastingcard
1619,3,Bare Face and Recognizable Self,4,Anti-descriptor,Bold contradiction or anti-descriptor,systematic generation,anti-category matrix,Not Portrait Sitting,notportraitsitting
1620,3,Bare Face and Recognizable Self,4,Anti-descriptor,Bold contradiction or anti-descriptor,systematic generation,anti-category matrix,Not Contact Sheet,notcontactsheet
1621,3,Bare Face and Recognizable Self,4,Anti-descriptor,Bold contradiction or anti-descriptor,systematic generation,anti-category matrix,Not Proof Portrait,notproofportrait
1622,3,Bare Face and Recognizable Self,4,Anti-descriptor,Bold contradiction or anti-descriptor,systematic generation,anti-category matrix,Not Identity Card,notidentitycard
1623,3,Bare Face and Recognizable Self,4,Anti-descriptor,Bold contradiction or anti-descriptor,systematic generation,anti-category matrix,Not Family Photograph,notfamilyphotograph
1624,3,Bare Face and Recognizable Self,4,Anti-descriptor,Bold contradiction or anti-descriptor,systematic generation,anti-category matrix,Not Screen Test,notscreentest
1625,3,Bare Face and Recognizable Self,4,Anti-descriptor,Bold contradiction or anti-descriptor,systematic generation,anti-category matrix,Not Character Sheet,notcharactersheet
1626,3,Bare Face and Recognizable Self,4,Anti-descriptor,Bold contradiction or anti-descriptor,systematic generation,anti-category matrix,Without Camera Test,withoutcameratest
1627,3,Bare Face and Recognizable Self,4,Anti-descriptor,Bold contradiction or anti-descriptor,systematic generation,anti-category matrix,Without Continuity Photo,withoutcontinuityphoto
1628,3,Bare Face and Recognizable Self,4,Anti-descriptor,Bold contradiction or anti-descriptor,systematic generation,anti-category matrix,Without Image Match,withoutimagematch
1629,3,Bare Face and Recognizable Self,4,Anti-descriptor,Bold contradiction or anti-descriptor,systematic generation,anti-category matrix,Without Face Chart,withoutfacechart
1630,3,Bare Face and Recognizable Self,4,Anti-descriptor,Bold contradiction or anti-descriptor,systematic generation,anti-category matrix,Beyond Contact Sheet,beyondcontactsheet
1631,3,Bare Face and Recognizable Self,4,Anti-descriptor,Bold contradiction or anti-descriptor,systematic generation,anti-category matrix,Beyond Autograph,beyondautograph
1632,3,Bare Face and Recognizable Self,4,Anti-descriptor,Bold contradiction or anti-descriptor,systematic generation,anti-category matrix,Beyond Handwriting Sample,beyondhandwritingsample
1633,3,Bare Face and Recognizable Self,4,Anti-descriptor,Bold contradiction or anti-descriptor,systematic generation,anti-category matrix,Beyond Documentary Frame,beyonddocumentaryframe
1634,3,Bare Face and Recognizable Self,5,Win by contrast,Unexpected imported term,systematic generation,far-field source contrast,Portrait Sitting,portraitsitting
1635,3,Bare Face and Recognizable Self,5,Win by contrast,Unexpected imported term,systematic generation,far-field source contrast,Contact Sheet,contactsheet
1636,3,Bare Face and Recognizable Self,5,Win by contrast,Unexpected imported term,systematic generation,far-field source contrast,Proof Portrait,proofportrait
1637,3,Bare Face and Recognizable Self,5,Win by contrast,Unexpected imported term,systematic generation,far-field source contrast,Casting Card,castingcard
1638,3,Bare Face and Recognizable Self,5,Win by contrast,Unexpected imported term,systematic generation,far-field source contrast,Screen Test,screentest
1639,3,Bare Face and Recognizable Self,5,Win by contrast,Unexpected imported term,systematic generation,far-field source contrast,Camera Test,cameratest
1640,3,Bare Face and Recognizable Self,5,Win by contrast,Unexpected imported term,systematic generation,far-field source contrast,Character Study,characterstudy
1641,3,Bare Face and Recognizable Self,5,Win by contrast,Unexpected imported term,systematic generation,far-field source contrast,Continuity Photo,continuityphoto
1642,3,Bare Face and Recognizable Self,5,Win by contrast,Unexpected imported term,systematic generation,far-field source contrast,Identity Match,identitymatch
1643,3,Bare Face and Recognizable Self,5,Win by contrast,Unexpected imported term,systematic generation,far-field source contrast,Face Familiarity,facefamiliarity
1644,3,Bare Face and Recognizable Self,5,Win by contrast,Unexpected imported term,systematic generation,far-field source contrast,Within Person Variation,withinpersonvariation
1645,3,Bare Face and Recognizable Self,5,Win by contrast,Unexpected imported term,systematic generation,far-field source contrast,Characteristic Feature,characteristicfeature
1646,3,Bare Face and Recognizable Self,5,Win by contrast,Unexpected imported term,systematic generation,far-field source contrast,Image Registration,imageregistration
1647,3,Bare Face and Recognizable Self,5,Win by contrast,Unexpected imported term,systematic generation,far-field source contrast,Feature Correspondence,featurecorrespondence
1648,3,Bare Face and Recognizable Self,5,Win by contrast,Unexpected imported term,systematic generation,far-field source contrast,Recognition Memory,recognitionmemory
1649,3,Bare Face and Recognizable Self,5,Win by contrast,Unexpected imported term,systematic generation,far-field source contrast,Person Identity,personidentity
1650,3,Bare Face and Recognizable Self,5,Win by contrast,Unexpected imported term,systematic generation,far-field source contrast,Expression Signature,expressionsignature
1651,3,Bare Face and Recognizable Self,5,Win by contrast,Unexpected imported term,systematic generation,far-field source contrast,Longitudinal Face,longitudinalface
1652,3,Bare Face and Recognizable Self,5,Win by contrast,Unexpected imported term,systematic generation,far-field source contrast,Handwriting Sample,handwritingsample
1653,3,Bare Face and Recognizable Self,5,Win by contrast,Unexpected imported term,systematic generation,far-field source contrast,Family Photograph,familyphotograph
1654,3,Bare Face and Recognizable Self,5,Win by contrast,Unexpected imported term,systematic generation,contrast mononyms,Sitter,sitter
1655,3,Bare Face and Recognizable Self,5,Win by contrast,Unexpected imported term,systematic generation,contrast mononyms,Autograph,autograph
1656,3,Bare Face and Recognizable Self,5,Win by contrast,Unexpected imported term,systematic generation,contrast mononyms,Documentary,documentary
1657,3,Bare Face and Recognizable Self,5,Win by contrast,Unexpected imported term,systematic generation,contrast mononyms,Portrait Plate,portraitplate
1658,3,Bare Face and Recognizable Self,5,Win by contrast,Unexpected imported term,systematic generation,contrast mononyms,Signature Line,signatureline
1659,3,Bare Face and Recognizable Self,5,Win by contrast,Unexpected imported term,systematic generation,contrast mononyms,Character Sheet,charactersheet
1660,3,Bare Face and Recognizable Self,5,Win by contrast,Unexpected imported term,systematic generation,contrast mononyms,Own Image,ownimage
1661,3,Bare Face and Recognizable Self,5,Win by contrast,Unexpected imported term,systematic generation,contrast mononyms,True Subject,truesubject
1662,3,Bare Face and Recognizable Self,5,Win by contrast,Unexpected imported term,systematic generation,contrast mononyms,Known Face,knownface
1663,3,Bare Face and Recognizable Self,5,Win by contrast,Unexpected imported term,systematic generation,contrast mononyms,Family Likeness,familylikeness
1664,3,Bare Face and Recognizable Self,5,Win by contrast,Unexpected imported term,systematic generation,contrast mononyms,Handwriting,handwriting
1665,3,Bare Face and Recognizable Self,5,Win by contrast,Unexpected imported term,systematic generation,contrast mononyms,Name Card,namecard
1666,3,Bare Face and Recognizable Self,5,Win by contrast,Unexpected imported term,systematic generation,contrast mononyms,Image Match,imagematch
1667,3,Bare Face and Recognizable Self,5,Win by contrast,Unexpected imported term,systematic generation,contrast mononyms,Feature Map,featuremap
1668,3,Bare Face and Recognizable Self,5,Win by contrast,Unexpected imported term,systematic generation,cell fallback matrix,Full Autograph,fullautograph
1669,3,Bare Face and Recognizable Self,5,Win by contrast,Unexpected imported term,systematic generation,cell fallback matrix,Full Handwriting Sample,fullhandwritingsample
1670,3,Bare Face and Recognizable Self,5,Win by contrast,Unexpected imported term,systematic generation,cell fallback matrix,Full Documentary Frame,fulldocumentaryframe
1671,3,Bare Face and Recognizable Self,5,Win by contrast,Unexpected imported term,systematic generation,cell fallback matrix,Full Camera Test,fullcameratest
1672,3,Bare Face and Recognizable Self,5,Win by contrast,Unexpected imported term,systematic generation,cell fallback matrix,Full Sitter Chair,fullsitterchair
1673,3,Bare Face and Recognizable Self,5,Win by contrast,Unexpected imported term,systematic generation,cell fallback matrix,Full Signature Line,fullsignatureline
1674,3,Bare Face and Recognizable Self,5,Win by contrast,Unexpected imported term,systematic generation,cell fallback matrix,Full Image Match,fullimagematch
1675,3,Bare Face and Recognizable Self,5,Win by contrast,Unexpected imported term,systematic generation,cell fallback matrix,Full Face Chart,fullfacechart
1676,3,Bare Face and Recognizable Self,6,Name the audacity / worldview,Short stance phrase,systematic generation,worldview statements,Stay You,stayyou
1677,3,Bare Face and Recognizable Self,6,Name the audacity / worldview,Short stance phrase,systematic generation,worldview statements,Keep The Resemblance,keeptheresemblance
1678,3,Bare Face and Recognizable Self,6,Name the audacity / worldview,Short stance phrase,systematic generation,worldview statements,Hold The Character,holdthecharacter
1679,3,Bare Face and Recognizable Self,6,Name the audacity / worldview,Short stance phrase,systematic generation,worldview statements,Use Your Own Image,useyourownimage
1680,3,Bare Face and Recognizable Self,6,Name the audacity / worldview,Short stance phrase,systematic generation,worldview statements,Remain The Subject,remainthesubject
1681,3,Bare Face and Recognizable Self,6,Name the audacity / worldview,Short stance phrase,systematic generation,worldview statements,Keep It Recognizable,keepitrecognizable
1682,3,Bare Face and Recognizable Self,6,Name the audacity / worldview,Short stance phrase,systematic generation,worldview statements,Sign Your Face,signyourface
1683,3,Bare Face and Recognizable Self,6,Name the audacity / worldview,Short stance phrase,systematic generation,worldview statements,Own The Portrait,owntheportrait
1684,3,Bare Face and Recognizable Self,6,Name the audacity / worldview,Short stance phrase,systematic generation,worldview statements,Leave The Identity,leavetheidentity
1685,3,Bare Face and Recognizable Self,6,Name the audacity / worldview,Short stance phrase,systematic generation,worldview statements,Keep The Familiar,keepthefamiliar
1686,3,Bare Face and Recognizable Self,6,Name the audacity / worldview,Short stance phrase,systematic generation,worldview statements,Show The Real Subject,showtherealsubject
1687,3,Bare Face and Recognizable Self,6,Name the audacity / worldview,Short stance phrase,systematic generation,worldview statements,Let Features Continue,letfeaturescontinue
1688,3,Bare Face and Recognizable Self,6,Name the audacity / worldview,Short stance phrase,systematic generation,worldview statements,Stay in Your Image,stayinyourimage
1689,3,Bare Face and Recognizable Self,6,Name the audacity / worldview,Short stance phrase,systematic generation,worldview statements,Keep Your Signature,keepyoursignature
1690,3,Bare Face and Recognizable Self,6,Name the audacity / worldview,Short stance phrase,systematic generation,worldview statements,Look Like Home,looklikehome
1691,3,Bare Face and Recognizable Self,6,Name the audacity / worldview,Short stance phrase,systematic generation,audacity commands,Choose Camera Test,choosecameratest
1692,3,Bare Face and Recognizable Self,6,Name the audacity / worldview,Short stance phrase,systematic generation,audacity commands,Choose Continuity Photo,choosecontinuityphoto
1693,3,Bare Face and Recognizable Self,6,Name the audacity / worldview,Short stance phrase,systematic generation,audacity commands,Choose Image Match,chooseimagematch
1694,3,Bare Face and Recognizable Self,6,Name the audacity / worldview,Short stance phrase,systematic generation,audacity commands,Choose Face Chart,choosefacechart
1695,3,Bare Face and Recognizable Self,6,Name the audacity / worldview,Short stance phrase,systematic generation,audacity commands,Keep Camera Test,keepcameratest
1696,3,Bare Face and Recognizable Self,6,Name the audacity / worldview,Short stance phrase,systematic generation,audacity commands,Keep Continuity Photo,keepcontinuityphoto
1697,3,Bare Face and Recognizable Self,6,Name the audacity / worldview,Short stance phrase,systematic generation,audacity commands,Keep Image Match,keepimagematch
1698,3,Bare Face and Recognizable Self,6,Name the audacity / worldview,Short stance phrase,systematic generation,audacity commands,Keep Face Chart,keepfacechart
1699,3,Bare Face and Recognizable Self,6,Name the audacity / worldview,Short stance phrase,systematic generation,audacity commands,Make Casting Card,makecastingcard
1700,3,Bare Face and Recognizable Self,6,Name the audacity / worldview,Short stance phrase,systematic generation,audacity commands,Make Portrait Sitting,makeportraitsitting
1701,3,Bare Face and Recognizable Self,6,Name the audacity / worldview,Short stance phrase,systematic generation,audacity commands,Make Proof Portrait,makeproofportrait
1702,3,Bare Face and Recognizable Self,6,Name the audacity / worldview,Short stance phrase,systematic generation,audacity commands,Make Character Sheet,makecharactersheet
1703,3,Bare Face and Recognizable Self,6,Name the audacity / worldview,Short stance phrase,systematic generation,audacity commands,Make Continuity Photo,makecontinuityphoto
1704,3,Bare Face and Recognizable Self,6,Name the audacity / worldview,Short stance phrase,systematic generation,audacity commands,Use Autograph,useautograph
1705,3,Bare Face and Recognizable Self,6,Name the audacity / worldview,Short stance phrase,systematic generation,audacity commands,Use Handwriting Sample,usehandwritingsample
1706,3,Bare Face and Recognizable Self,6,Name the audacity / worldview,Short stance phrase,systematic generation,audacity commands,Use Documentary Frame,usedocumentaryframe
1707,3,Bare Face and Recognizable Self,6,Name the audacity / worldview,Short stance phrase,systematic generation,audacity commands,Use Camera Test,usecameratest
1708,3,Bare Face and Recognizable Self,6,Name the audacity / worldview,Short stance phrase,systematic generation,audacity commands,Use Sitter Chair,usesitterchair
1709,3,Bare Face and Recognizable Self,6,Name the audacity / worldview,Short stance phrase,systematic generation,audacity commands,Use Signature Line,usesignatureline
1710,3,Bare Face and Recognizable Self,6,Name the audacity / worldview,Short stance phrase,systematic generation,audacity commands,Use Image Match,useimagematch
1711,3,Bare Face and Recognizable Self,6,Name the audacity / worldview,Short stance phrase,systematic generation,audacity commands,Use Face Chart,usefacechart
1712,3,Bare Face and Recognizable Self,6,Name the audacity / worldview,Short stance phrase,systematic generation,audacity commands,Use Feature Map,usefeaturemap
1713,3,Bare Face and Recognizable Self,6,Name the audacity / worldview,Short stance phrase,systematic generation,audacity commands,Show Contact Sheet,showcontactsheet
1714,3,Bare Face and Recognizable Self,6,Name the audacity / worldview,Short stance phrase,systematic generation,audacity commands,Show Autograph,showautograph
1715,3,Bare Face and Recognizable Self,6,Name the audacity / worldview,Short stance phrase,systematic generation,audacity commands,Show Handwriting Sample,showhandwritingsample
1716,3,Bare Face and Recognizable Self,6,Name the audacity / worldview,Short stance phrase,systematic generation,audacity commands,Show Documentary Frame,showdocumentaryframe
1717,3,Bare Face and Recognizable Self,6,Name the audacity / worldview,Short stance phrase,systematic generation,audacity commands,Show Identity Card,showidentitycard
1718,3,Bare Face and Recognizable Self,7,Deconstruct / reconstruct,Transparent spelling modification,systematic generation,single-vowel deletion,Subjct,subjct
1719,3,Bare Face and Recognizable Self,7,Deconstruct / reconstruct,Transparent spelling modification,systematic generation,single-vowel deletion,Knwn,knwn
1720,3,Bare Face and Recognizable Self,7,Deconstruct / reconstruct,Transparent spelling modification,systematic generation,single-vowel deletion,Imge,imge
1721,3,Bare Face and Recognizable Self,7,Deconstruct / reconstruct,Transparent spelling modification,systematic generation,single-vowel deletion,Resmblance,resmblance
1722,3,Bare Face and Recognizable Self,7,Deconstruct / reconstruct,Transparent spelling modification,systematic generation,single-vowel deletion,Autgraph,autgraph
1723,3,Bare Face and Recognizable Self,7,Deconstruct / reconstruct,Transparent spelling modification,systematic generation,single-vowel deletion,Contnuity,contnuity
1724,3,Bare Face and Recognizable Self,7,Deconstruct / reconstruct,Transparent spelling modification,systematic generation,single-vowel deletion,Docmentary,docmentary
1725,3,Bare Face and Recognizable Self,7,Deconstruct / reconstruct,Transparent spelling modification,systematic generation,single-vowel deletion,Castng,castng
1726,3,Bare Face and Recognizable Self,7,Deconstruct / reconstruct,Transparent spelling modification,systematic generation,single-vowel deletion,Sittr,sittr
1727,3,Bare Face and Recognizable Self,7,Deconstruct / reconstruct,Transparent spelling modification,systematic generation,single-vowel deletion,Unrtouched,unrtouched
1728,3,Bare Face and Recognizable Self,7,Deconstruct / reconstruct,Transparent spelling modification,systematic generation,single-vowel deletion,Featres,featres
1729,3,Bare Face and Recognizable Self,7,Deconstruct / reconstruct,Transparent spelling modification,systematic generation,single-vowel deletion,Countnance,countnance
1730,3,Bare Face and Recognizable Self,7,Deconstruct / reconstruct,Transparent spelling modification,systematic generation,single-vowel deletion,Idntity,idntity
1731,3,Bare Face and Recognizable Self,7,Deconstruct / reconstruct,Transparent spelling modification,systematic generation,single-vowel deletion,Chracter,chracter
1732,3,Bare Face and Recognizable Self,7,Deconstruct / reconstruct,Transparent spelling modification,systematic generation,single-vowel deletion,Famliar,famliar
1733,3,Bare Face and Recognizable Self,7,Deconstruct / reconstruct,Transparent spelling modification,systematic generation,single-vowel deletion,Treimage,treimage
1734,3,Bare Face and Recognizable Self,7,Deconstruct / reconstruct,Transparent spelling modification,systematic generation,single-vowel deletion,Ownmage,ownmage
1735,3,Bare Face and Recognizable Self,7,Deconstruct / reconstruct,Transparent spelling modification,systematic generation,single-vowel deletion,Portritplate,portritplate
1736,3,Bare Face and Recognizable Self,7,Deconstruct / reconstruct,Transparent spelling modification,systematic generation,single-vowel deletion,Signtureline,signtureline
1737,3,Bare Face and Recognizable Self,7,Deconstruct / reconstruct,Transparent spelling modification,systematic generation,single-vowel deletion,Profportrait,profportrait
1738,3,Bare Face and Recognizable Self,7,Deconstruct / reconstruct,Transparent spelling modification,systematic generation,single-vowel deletion,Contnuityphoto,contnuityphoto
1739,3,Bare Face and Recognizable Self,7,Deconstruct / reconstruct,Transparent spelling modification,systematic generation,single-vowel deletion,Chractersheet,chractersheet
1740,3,Bare Face and Recognizable Self,7,Deconstruct / reconstruct,Transparent spelling modification,systematic generation,single-vowel deletion,Tresubject,tresubject
1741,3,Bare Face and Recognizable Self,7,Deconstruct / reconstruct,Transparent spelling modification,systematic generation,single-vowel deletion,Famlylikeness,famlylikeness
1742,3,Bare Face and Recognizable Self,7,Deconstruct / reconstruct,Transparent spelling modification,systematic generation,single-vowel deletion,Screntest,screntest
1743,3,Bare Face and Recognizable Self,7,Deconstruct / reconstruct,Transparent spelling modification,systematic generation,single-vowel deletion,Camratest,camratest
1744,3,Bare Face and Recognizable Self,7,Deconstruct / reconstruct,Transparent spelling modification,systematic generation,single-vowel deletion,Namcard,namcard
1745,3,Bare Face and Recognizable Self,7,Deconstruct / reconstruct,Transparent spelling modification,systematic generation,single-vowel deletion,Imgematch,imgematch
1746,3,Bare Face and Recognizable Self,7,Deconstruct / reconstruct,Transparent spelling modification,systematic generation,single-vowel deletion,Featremap,featremap
1747,3,Bare Face and Recognizable Self,7,Deconstruct / reconstruct,Transparent spelling modification,systematic generation,joined reconstruction,Subjectcontinuity,subjectcontinuity
1748,3,Bare Face and Recognizable Self,7,Deconstruct / reconstruct,Transparent spelling modification,systematic generation,joined reconstruction,Subjectunretouched,subjectunretouched
1749,3,Bare Face and Recognizable Self,7,Deconstruct / reconstruct,Transparent spelling modification,systematic generation,joined reconstruction,Subjectfeatures,subjectfeatures
1750,3,Bare Face and Recognizable Self,7,Deconstruct / reconstruct,Transparent spelling modification,systematic generation,joined reconstruction,Subjectcharacter,subjectcharacter
1751,3,Bare Face and Recognizable Self,7,Deconstruct / reconstruct,Transparent spelling modification,systematic generation,joined reconstruction,Subjectfamiliar,subjectfamiliar
1752,3,Bare Face and Recognizable Self,7,Deconstruct / reconstruct,Transparent spelling modification,systematic generation,joined reconstruction,Subjectselfportrait,subjectselfportrait
1753,3,Bare Face and Recognizable Self,7,Deconstruct / reconstruct,Transparent spelling modification,systematic generation,joined reconstruction,Knowncontinuity,knowncontinuity
1754,3,Bare Face and Recognizable Self,7,Deconstruct / reconstruct,Transparent spelling modification,systematic generation,joined reconstruction,Knownunretouched,knownunretouched
1755,3,Bare Face and Recognizable Self,7,Deconstruct / reconstruct,Transparent spelling modification,systematic generation,joined reconstruction,Knownfeatures,knownfeatures
1756,3,Bare Face and Recognizable Self,7,Deconstruct / reconstruct,Transparent spelling modification,systematic generation,joined reconstruction,Knowncharacter,knowncharacter
1757,3,Bare Face and Recognizable Self,7,Deconstruct / reconstruct,Transparent spelling modification,systematic generation,joined reconstruction,Knownfamiliar,knownfamiliar
1758,3,Bare Face and Recognizable Self,7,Deconstruct / reconstruct,Transparent spelling modification,systematic generation,joined reconstruction,Knownselfportrait,knownselfportrait
1759,3,Bare Face and Recognizable Self,7,Deconstruct / reconstruct,Transparent spelling modification,systematic generation,joined reconstruction,Imagefeatures,imagefeatures
1760,3,Bare Face and Recognizable Self,8,Portmanteau,Clean portmanteau,systematic generation,legible two-source blend,Subjeraph,subjeraph
1761,3,Bare Face and Recognizable Self,8,Portmanteau,Clean portmanteau,systematic generation,legible two-source blend,Subjeer,subjeer
1762,3,Bare Face and Recognizable Self,8,Portmanteau,Clean portmanteau,systematic generation,legible two-source blend,Subjesion,subjesion
1763,3,Bare Face and Recognizable Self,8,Portmanteau,Clean portmanteau,systematic generation,legible two-source blend,Subjetrait,subjetrait
1764,3,Bare Face and Recognizable Self,8,Portmanteau,Clean portmanteau,systematic generation,legible two-source blend,Subjecard,subjecard
1765,3,Bare Face and Recognizable Self,8,Portmanteau,Clean portmanteau,systematic generation,legible two-source blend,Knouity,knouity
1766,3,Bare Face and Recognizable Self,8,Portmanteau,Clean portmanteau,systematic generation,legible two-source blend,Knoched,knoched
1767,3,Bare Face and Recognizable Self,8,Portmanteau,Clean portmanteau,systematic generation,legible two-source blend,Knoity,knoity
1768,3,Bare Face and Recognizable Self,8,Portmanteau,Clean portmanteau,systematic generation,legible two-source blend,Knomage,knomage
1769,3,Bare Face and Recognizable Self,8,Portmanteau,Clean portmanteau,systematic generation,legible two-source blend,Knoraph,knoraph
1770,3,Bare Face and Recognizable Self,8,Portmanteau,Clean portmanteau,systematic generation,legible two-source blend,Imatary,imatary
1771,3,Bare Face and Recognizable Self,8,Portmanteau,Clean portmanteau,systematic generation,legible two-source blend,Imares,imares
1772,3,Bare Face and Recognizable Self,8,Portmanteau,Clean portmanteau,systematic generation,legible two-source blend,Imacter,imacter
1773,3,Bare Face and Recognizable Self,8,Portmanteau,Clean portmanteau,systematic generation,legible two-source blend,Imaage,imaage
1774,3,Bare Face and Recognizable Self,8,Portmanteau,Clean portmanteau,systematic generation,legible two-source blend,Resembling,resembling
1775,3,Bare Face and Recognizable Self,8,Portmanteau,Clean portmanteau,systematic generation,legible two-source blend,Resemblance,resemblance
1776,3,Bare Face and Recognizable Self,8,Portmanteau,Clean portmanteau,systematic generation,legible two-source blend,Resembliar,resembliar
1777,3,Bare Face and Recognizable Self,8,Portmanteau,Clean portmanteau,systematic generation,legible two-source blend,Resemblself,resemblself
1778,3,Bare Face and Recognizable Self,8,Portmanteau,Clean portmanteau,systematic generation,legible two-source blend,Handwriraph,handwriraph
1779,3,Bare Face and Recognizable Self,8,Portmanteau,Clean portmanteau,systematic generation,legible two-source blend,Handwrier,handwrier
1780,3,Bare Face and Recognizable Self,8,Portmanteau,Clean portmanteau,systematic generation,legible two-source blend,Handwrision,handwrision
1781,3,Bare Face and Recognizable Self,8,Portmanteau,Clean portmanteau,systematic generation,legible two-source blend,Handwritrait,handwritrait
1782,3,Bare Face and Recognizable Self,8,Portmanteau,Clean portmanteau,systematic generation,legible two-source blend,Handwricard,handwricard
1783,3,Bare Face and Recognizable Self,8,Portmanteau,Clean portmanteau,systematic generation,legible two-source blend,Autogruity,autogruity
1784,3,Bare Face and Recognizable Self,8,Portmanteau,Clean portmanteau,systematic generation,legible two-source blend,Autogrched,autogrched
1785,3,Bare Face and Recognizable Self,8,Portmanteau,Clean portmanteau,systematic generation,legible two-source blend,Autogrity,autogrity
1786,3,Bare Face and Recognizable Self,8,Portmanteau,Clean portmanteau,systematic generation,legible two-source blend,Autogrmage,autogrmage
1787,3,Bare Face and Recognizable Self,8,Portmanteau,Clean portmanteau,systematic generation,legible two-source blend,Autogrraph,autogrraph
1788,3,Bare Face and Recognizable Self,8,Portmanteau,Clean portmanteau,systematic generation,legible two-source blend,Contintary,contintary
1789,3,Bare Face and Recognizable Self,8,Portmanteau,Clean portmanteau,systematic generation,legible two-source blend,Continres,continres
1790,3,Bare Face and Recognizable Self,8,Portmanteau,Clean portmanteau,systematic generation,legible two-source blend,Contincter,contincter
1791,3,Bare Face and Recognizable Self,8,Portmanteau,Clean portmanteau,systematic generation,legible two-source blend,Continage,continage
1792,3,Bare Face and Recognizable Self,8,Portmanteau,Clean portmanteau,systematic generation,legible two-source blend,Documening,documening
1793,3,Bare Face and Recognizable Self,8,Portmanteau,Clean portmanteau,systematic generation,legible two-source blend,Documenance,documenance
1794,3,Bare Face and Recognizable Self,8,Portmanteau,Clean portmanteau,systematic generation,legible two-source blend,Documeniar,documeniar
1795,3,Bare Face and Recognizable Self,8,Portmanteau,Clean portmanteau,systematic generation,legible two-source blend,Documenself,documenself
1796,3,Bare Face and Recognizable Self,8,Portmanteau,Clean portmanteau,systematic generation,legible two-source blend,Documenplate,documenplate
1797,3,Bare Face and Recognizable Self,8,Portmanteau,Clean portmanteau,systematic generation,legible two-source blend,Castiraph,castiraph
1798,3,Bare Face and Recognizable Self,8,Portmanteau,Clean portmanteau,systematic generation,legible two-source blend,Castier,castier
1799,3,Bare Face and Recognizable Self,8,Portmanteau,Clean portmanteau,systematic generation,legible two-source blend,Castision,castision
1800,3,Bare Face and Recognizable Self,8,Portmanteau,Clean portmanteau,systematic generation,legible two-source blend,Castitrait,castitrait
1801,3,Bare Face and Recognizable Self,8,Portmanteau,Clean portmanteau,systematic generation,legible two-source blend,Casticard,casticard
1802,3,Bare Face and Recognizable Self,9,Morpheme engine,English-native compound or compression,hand-authored,round-two curated depth seed,Stillself,stillself
1803,3,Bare Face and Recognizable Self,9,Morpheme engine,English-native compound or compression,systematic generation,English-native morpheme engine,Subjectwork,subjectwork
1804,3,Bare Face and Recognizable Self,9,Morpheme engine,English-native compound or compression,systematic generation,English-native morpheme engine,Subjectwise,subjectwise
1805,3,Bare Face and Recognizable Self,9,Morpheme engine,English-native compound or compression,systematic generation,English-native morpheme engine,Subjectline,subjectline
1806,3,Bare Face and Recognizable Self,9,Morpheme engine,English-native compound or compression,systematic generation,English-native morpheme engine,Subjectkind,subjectkind
1807,3,Bare Face and Recognizable Self,9,Morpheme engine,English-native compound or compression,systematic generation,English-native morpheme engine,Subjectcraft,subjectcraft
1808,3,Bare Face and Recognizable Self,9,Morpheme engine,English-native compound or compression,systematic generation,English-native morpheme engine,Subjecthouse,subjecthouse
1809,3,Bare Face and Recognizable Self,9,Morpheme engine,English-native compound or compression,systematic generation,English-native morpheme engine,Subjectpractice,subjectpractice
1810,3,Bare Face and Recognizable Self,9,Morpheme engine,English-native compound or compression,systematic generation,English-native morpheme engine,Subjectcompany,subjectcompany
1811,3,Bare Face and Recognizable Self,9,Morpheme engine,English-native compound or compression,systematic generation,English-native morpheme engine,Subjectway,subjectway
1812,3,Bare Face and Recognizable Self,9,Morpheme engine,English-native compound or compression,systematic generation,English-native morpheme engine,Knownwise,knownwise
1813,3,Bare Face and Recognizable Self,9,Morpheme engine,English-native compound or compression,systematic generation,English-native morpheme engine,Knownward,knownward
1814,3,Bare Face and Recognizable Self,9,Morpheme engine,English-native compound or compression,systematic generation,English-native morpheme engine,Knownkind,knownkind
1815,3,Bare Face and Recognizable Self,9,Morpheme engine,English-native compound or compression,systematic generation,English-native morpheme engine,Knownmade,knownmade
1816,3,Bare Face and Recognizable Self,9,Morpheme engine,English-native compound or compression,systematic generation,English-native morpheme engine,Knownhouse,knownhouse
1817,3,Bare Face and Recognizable Self,9,Morpheme engine,English-native compound or compression,systematic generation,English-native morpheme engine,Knownstandard,knownstandard
1818,3,Bare Face and Recognizable Self,9,Morpheme engine,English-native compound or compression,systematic generation,English-native morpheme engine,Knowncompany,knowncompany
1819,3,Bare Face and Recognizable Self,9,Morpheme engine,English-native compound or compression,systematic generation,English-native morpheme engine,Knownclub,knownclub
1820,3,Bare Face and Recognizable Self,9,Morpheme engine,English-native compound or compression,systematic generation,English-native morpheme engine,Imageward,imageward
1821,3,Bare Face and Recognizable Self,9,Morpheme engine,English-native compound or compression,systematic generation,English-native morpheme engine,Imagemark,imagemark
1822,3,Bare Face and Recognizable Self,9,Morpheme engine,English-native compound or compression,systematic generation,English-native morpheme engine,Imagemade,imagemade
1823,3,Bare Face and Recognizable Self,9,Morpheme engine,English-native compound or compression,systematic generation,English-native morpheme engine,Imageform,imageform
1824,3,Bare Face and Recognizable Self,9,Morpheme engine,English-native compound or compression,systematic generation,English-native morpheme engine,Imagestandard,imagestandard
1825,3,Bare Face and Recognizable Self,9,Morpheme engine,English-native compound or compression,systematic generation,English-native morpheme engine,Imagemethod,imagemethod
1826,3,Bare Face and Recognizable Self,9,Morpheme engine,English-native compound or compression,systematic generation,English-native morpheme engine,Imageclub,imageclub
1827,3,Bare Face and Recognizable Self,9,Morpheme engine,English-native compound or compression,systematic generation,English-native morpheme engine,Imagestate,imagestate
1828,3,Bare Face and Recognizable Self,9,Morpheme engine,English-native compound or compression,systematic generation,English-native morpheme engine,Resemblework,resemblework
1829,3,Bare Face and Recognizable Self,9,Morpheme engine,English-native compound or compression,systematic generation,English-native morpheme engine,Resemblemark,resemblemark
1830,3,Bare Face and Recognizable Self,9,Morpheme engine,English-native compound or compression,systematic generation,English-native morpheme engine,Resembleline,resembleline
1831,3,Bare Face and Recognizable Self,9,Morpheme engine,English-native compound or compression,systematic generation,English-native morpheme engine,Resembleform,resembleform
1832,3,Bare Face and Recognizable Self,9,Morpheme engine,English-native compound or compression,systematic generation,English-native morpheme engine,Resemblecraft,resemblecraft
1833,3,Bare Face and Recognizable Self,9,Morpheme engine,English-native compound or compression,systematic generation,English-native morpheme engine,Resemblemethod,resemblemethod
1834,3,Bare Face and Recognizable Self,9,Morpheme engine,English-native compound or compression,systematic generation,English-native morpheme engine,Resemblepractice,resemblepractice
1835,3,Bare Face and Recognizable Self,9,Morpheme engine,English-native compound or compression,systematic generation,English-native morpheme engine,Resemblestate,resemblestate
1836,3,Bare Face and Recognizable Self,9,Morpheme engine,English-native compound or compression,systematic generation,English-native morpheme engine,Resembleway,resembleway
1837,3,Bare Face and Recognizable Self,9,Morpheme engine,English-native compound or compression,systematic generation,English-native morpheme engine,Handwritework,handwritework
1838,3,Bare Face and Recognizable Self,9,Morpheme engine,English-native compound or compression,systematic generation,English-native morpheme engine,Handwritewise,handwritewise
1839,3,Bare Face and Recognizable Self,9,Morpheme engine,English-native compound or compression,systematic generation,English-native morpheme engine,Handwriteline,handwriteline
1840,3,Bare Face and Recognizable Self,9,Morpheme engine,English-native compound or compression,systematic generation,English-native morpheme engine,Handwritekind,handwritekind
1841,3,Bare Face and Recognizable Self,9,Morpheme engine,English-native compound or compression,systematic generation,English-native morpheme engine,Handwritecraft,handwritecraft
1842,3,Bare Face and Recognizable Self,9,Morpheme engine,English-native compound or compression,systematic generation,English-native morpheme engine,Handwritehouse,handwritehouse
1843,3,Bare Face and Recognizable Self,9,Morpheme engine,English-native compound or compression,systematic generation,English-native morpheme engine,Handwritepractice,handwritepractice
1844,3,Bare Face and Recognizable Self,9,Morpheme engine,English-native compound or compression,systematic generation,English-native morpheme engine,Handwritecompany,handwritecompany
1845,3,Bare Face and Recognizable Self,10,Scientific borrowing,Authentic scientific terminology,systematic generation,authentic scientific terminology,Identity Continuity,identitycontinuity
1846,3,Bare Face and Recognizable Self,10,Scientific borrowing,Authentic scientific terminology,systematic generation,authentic scientific terminology,Recognition Memory,recognitionmemory
1847,3,Bare Face and Recognizable Self,10,Scientific borrowing,Authentic scientific terminology,systematic generation,authentic scientific terminology,Face Familiarity,facefamiliarity
1848,3,Bare Face and Recognizable Self,10,Scientific borrowing,Authentic scientific terminology,systematic generation,authentic scientific terminology,Feature Invariance,featureinvariance
1849,3,Bare Face and Recognizable Self,10,Scientific borrowing,Authentic scientific terminology,systematic generation,authentic scientific terminology,Expression Invariance,expressioninvariance
1850,3,Bare Face and Recognizable Self,10,Scientific borrowing,Authentic scientific terminology,systematic generation,authentic scientific terminology,Self Face Recognition,selffacerecognition
1851,3,Bare Face and Recognizable Self,10,Scientific borrowing,Authentic scientific terminology,systematic generation,authentic scientific terminology,Within Person Variation,withinpersonvariation
1852,3,Bare Face and Recognizable Self,10,Scientific borrowing,Authentic scientific terminology,systematic generation,authentic scientific terminology,Identity Preservation,identitypreservation
1853,3,Bare Face and Recognizable Self,10,Scientific borrowing,Authentic scientific terminology,systematic generation,authentic scientific terminology,Facial Configuration,facialconfiguration
1854,3,Bare Face and Recognizable Self,10,Scientific borrowing,Authentic scientific terminology,systematic generation,authentic scientific terminology,Characteristic Feature,characteristicfeature
1855,3,Bare Face and Recognizable Self,10,Scientific borrowing,Authentic scientific terminology,systematic generation,authentic scientific terminology,Recognition Signal,recognitionsignal
1856,3,Bare Face and Recognizable Self,10,Scientific borrowing,Authentic scientific terminology,systematic generation,authentic scientific terminology,Prototype Distance,prototypedistance
1857,3,Bare Face and Recognizable Self,10,Scientific borrowing,Authentic scientific terminology,systematic generation,authentic scientific terminology,Image Registration,imageregistration
1858,3,Bare Face and Recognizable Self,10,Scientific borrowing,Authentic scientific terminology,systematic generation,authentic scientific terminology,Face Matching,facematching
1859,3,Bare Face and Recognizable Self,10,Scientific borrowing,Authentic scientific terminology,systematic generation,authentic scientific terminology,Feature Correspondence,featurecorrespondence
1860,3,Bare Face and Recognizable Self,10,Scientific borrowing,Authentic scientific terminology,systematic generation,authentic scientific terminology,Identity Tracking,identitytracking
1861,3,Bare Face and Recognizable Self,10,Scientific borrowing,Authentic scientific terminology,systematic generation,authentic scientific terminology,Longitudinal Face,longitudinalface
1862,3,Bare Face and Recognizable Self,10,Scientific borrowing,Authentic scientific terminology,systematic generation,authentic scientific terminology,Expression Signature,expressionsignature
1863,3,Bare Face and Recognizable Self,10,Scientific borrowing,Authentic scientific terminology,systematic generation,authentic scientific terminology,Perceptual Constancy,perceptualconstancy
1864,3,Bare Face and Recognizable Self,10,Scientific borrowing,Authentic scientific terminology,systematic generation,authentic scientific terminology,Person Identity,personidentity
1865,3,Bare Face and Recognizable Self,10,Scientific borrowing,Authentic scientific terminology,systematic generation,technical compounds,Adaptive Casting Card,adaptivecastingcard
1866,3,Bare Face and Recognizable Self,10,Scientific borrowing,Authentic scientific terminology,systematic generation,technical compounds,Adaptive Portrait Sitting,adaptiveportraitsitting
1867,3,Bare Face and Recognizable Self,10,Scientific borrowing,Authentic scientific terminology,systematic generation,technical compounds,Adaptive Proof Portrait,adaptiveproofportrait
1868,3,Bare Face and Recognizable Self,10,Scientific borrowing,Authentic scientific terminology,systematic generation,technical compounds,Adaptive Character Sheet,adaptivecharactersheet
1869,3,Bare Face and Recognizable Self,10,Scientific borrowing,Authentic scientific terminology,systematic generation,technical compounds,Adaptive Continuity Photo,adaptivecontinuityphoto
1870,3,Bare Face and Recognizable Self,10,Scientific borrowing,Authentic scientific terminology,systematic generation,technical compounds,Dynamic Autograph,dynamicautograph
1871,3,Bare Face and Recognizable Self,10,Scientific borrowing,Authentic scientific terminology,systematic generation,technical compounds,Dynamic Handwriting Sample,dynamichandwritingsample
1872,3,Bare Face and Recognizable Self,10,Scientific borrowing,Authentic scientific terminology,systematic generation,technical compounds,Dynamic Documentary Frame,dynamicdocumentaryframe
1873,3,Bare Face and Recognizable Self,10,Scientific borrowing,Authentic scientific terminology,systematic generation,technical compounds,Dynamic Camera Test,dynamiccameratest
1874,3,Bare Face and Recognizable Self,10,Scientific borrowing,Authentic scientific terminology,systematic generation,technical compounds,Dynamic Sitter Chair,dynamicsitterchair
1875,3,Bare Face and Recognizable Self,10,Scientific borrowing,Authentic scientific terminology,systematic generation,technical compounds,Dynamic Signature Line,dynamicsignatureline
1876,3,Bare Face and Recognizable Self,10,Scientific borrowing,Authentic scientific terminology,systematic generation,technical compounds,Dynamic Image Match,dynamicimagematch
1877,3,Bare Face and Recognizable Self,10,Scientific borrowing,Authentic scientific terminology,systematic generation,technical compounds,Dynamic Face Chart,dynamicfacechart
1878,3,Bare Face and Recognizable Self,10,Scientific borrowing,Authentic scientific terminology,systematic generation,technical compounds,Dynamic Feature Map,dynamicfeaturemap
1879,3,Bare Face and Recognizable Self,10,Scientific borrowing,Authentic scientific terminology,systematic generation,technical compounds,Reference Casting Card,referencecastingcard
1880,3,Bare Face and Recognizable Self,10,Scientific borrowing,Authentic scientific terminology,systematic generation,technical compounds,Reference Portrait Sitting,referenceportraitsitting
1881,3,Bare Face and Recognizable Self,10,Scientific borrowing,Authentic scientific terminology,systematic generation,technical compounds,Reference Proof Portrait,referenceproofportrait
1882,3,Bare Face and Recognizable Self,10,Scientific borrowing,Authentic scientific terminology,systematic generation,technical compounds,Reference Character Sheet,referencecharactersheet
1883,3,Bare Face and Recognizable Self,10,Scientific borrowing,Authentic scientific terminology,systematic generation,technical compounds,Reference Continuity Photo,referencecontinuityphoto
1884,3,Bare Face and Recognizable Self,10,Scientific borrowing,Authentic scientific terminology,systematic generation,technical compounds,Working Casting Card,workingcastingcard
1885,3,Bare Face and Recognizable Self,10,Scientific borrowing,Authentic scientific terminology,systematic generation,technical compounds,Working Portrait Sitting,workingportraitsitting
1886,3,Bare Face and Recognizable Self,10,Scientific borrowing,Authentic scientific terminology,systematic generation,technical compounds,Working Proof Portrait,workingproofportrait
1887,3,Bare Face and Recognizable Self,11,Sound-first coinage,Crisp sound-led coinage,systematic generation,phonosemantic sound matrix,Subject,subject
1888,3,Bare Face and Recognizable Self,11,Sound-first coinage,Crisp sound-led coinage,systematic generation,phonosemantic sound matrix,Subline,subline
1889,3,Bare Face and Recognizable Self,11,Sound-first coinage,Crisp sound-led coinage,systematic generation,phonosemantic sound matrix,Subface,subface
1890,3,Bare Face and Recognizable Self,11,Sound-first coinage,Crisp sound-led coinage,systematic generation,phonosemantic sound matrix,Subknown,subknown
1891,3,Bare Face and Recognizable Self,11,Sound-first coinage,Crisp sound-led coinage,systematic generation,phonosemantic sound matrix,Knotal,knotal
1892,3,Bare Face and Recognizable Self,11,Sound-first coinage,Crisp sound-led coinage,systematic generation,phonosemantic sound matrix,Knomark,knomark
1893,3,Bare Face and Recognizable Self,11,Sound-first coinage,Crisp sound-led coinage,systematic generation,phonosemantic sound matrix,Knoimage,knoimage
1894,3,Bare Face and Recognizable Self,11,Sound-first coinage,Crisp sound-led coinage,systematic generation,phonosemantic sound matrix,Knotrue,knotrue
1895,3,Bare Face and Recognizable Self,11,Sound-first coinage,Crisp sound-led coinage,systematic generation,phonosemantic sound matrix,Imaden,imaden
1896,3,Bare Face and Recognizable Self,11,Sound-first coinage,Crisp sound-led coinage,systematic generation,phonosemantic sound matrix,Imaself,imaself
1897,3,Bare Face and Recognizable Self,11,Sound-first coinage,Crisp sound-led coinage,systematic generation,phonosemantic sound matrix,Imaset,imaset
1898,3,Bare Face and Recognizable Self,11,Sound-first coinage,Crisp sound-led coinage,systematic generation,phonosemantic sound matrix,Imaform,imaform
1899,3,Bare Face and Recognizable Self,11,Sound-first coinage,Crisp sound-led coinage,systematic generation,phonosemantic sound matrix,Resject,resject
1900,3,Bare Face and Recognizable Self,11,Sound-first coinage,Crisp sound-led coinage,systematic generation,phonosemantic sound matrix,Resline,resline
1901,3,Bare Face and Recognizable Self,11,Sound-first coinage,Crisp sound-led coinage,systematic generation,phonosemantic sound matrix,Resface,resface
1902,3,Bare Face and Recognizable Self,11,Sound-first coinage,Crisp sound-led coinage,systematic generation,phonosemantic sound matrix,Resknown,resknown
1903,3,Bare Face and Recognizable Self,11,Sound-first coinage,Crisp sound-led coinage,systematic generation,phonosemantic sound matrix,Hantal,hantal
1904,3,Bare Face and Recognizable Self,11,Sound-first coinage,Crisp sound-led coinage,systematic generation,phonosemantic sound matrix,Hanmark,hanmark
1905,3,Bare Face and Recognizable Self,11,Sound-first coinage,Crisp sound-led coinage,systematic generation,phonosemantic sound matrix,Hanimage,hanimage
1906,3,Bare Face and Recognizable Self,11,Sound-first coinage,Crisp sound-led coinage,systematic generation,phonosemantic sound matrix,Hantrue,hantrue
1907,3,Bare Face and Recognizable Self,11,Sound-first coinage,Crisp sound-led coinage,systematic generation,phonosemantic sound matrix,Autden,autden
1908,3,Bare Face and Recognizable Self,11,Sound-first coinage,Crisp sound-led coinage,systematic generation,phonosemantic sound matrix,Autself,autself
1909,3,Bare Face and Recognizable Self,11,Sound-first coinage,Crisp sound-led coinage,systematic generation,phonosemantic sound matrix,Autset,autset
1910,3,Bare Face and Recognizable Self,11,Sound-first coinage,Crisp sound-led coinage,systematic generation,phonosemantic sound matrix,Autform,autform
1911,3,Bare Face and Recognizable Self,11,Sound-first coinage,Crisp sound-led coinage,systematic generation,phonosemantic sound matrix,Conject,conject
1912,3,Bare Face and Recognizable Self,11,Sound-first coinage,Crisp sound-led coinage,systematic generation,phonosemantic sound matrix,Conline,conline
1913,3,Bare Face and Recognizable Self,11,Sound-first coinage,Crisp sound-led coinage,systematic generation,phonosemantic sound matrix,Conface,conface
1914,3,Bare Face and Recognizable Self,11,Sound-first coinage,Crisp sound-led coinage,systematic generation,phonosemantic sound matrix,Conknown,conknown
1915,3,Bare Face and Recognizable Self,11,Sound-first coinage,Crisp sound-led coinage,systematic generation,phonosemantic sound matrix,Doctal,doctal
1916,3,Bare Face and Recognizable Self,11,Sound-first coinage,Crisp sound-led coinage,systematic generation,phonosemantic sound matrix,Docmark,docmark
1917,3,Bare Face and Recognizable Self,11,Sound-first coinage,Crisp sound-led coinage,systematic generation,phonosemantic sound matrix,Docimage,docimage
1918,3,Bare Face and Recognizable Self,11,Sound-first coinage,Crisp sound-led coinage,systematic generation,phonosemantic sound matrix,Doctrue,doctrue
1919,3,Bare Face and Recognizable Self,11,Sound-first coinage,Crisp sound-led coinage,systematic generation,phonosemantic sound matrix,Casden,casden
1920,3,Bare Face and Recognizable Self,11,Sound-first coinage,Crisp sound-led coinage,systematic generation,phonosemantic sound matrix,Casself,casself
1921,3,Bare Face and Recognizable Self,11,Sound-first coinage,Crisp sound-led coinage,systematic generation,phonosemantic sound matrix,Casset,casset
1922,3,Bare Face and Recognizable Self,11,Sound-first coinage,Crisp sound-led coinage,systematic generation,phonosemantic sound matrix,Casform,casform
1923,3,Bare Face and Recognizable Self,11,Sound-first coinage,Crisp sound-led coinage,systematic generation,phonosemantic sound matrix,Sitject,sitject
1924,3,Bare Face and Recognizable Self,11,Sound-first coinage,Crisp sound-led coinage,systematic generation,phonosemantic sound matrix,Sitline,sitline
1925,3,Bare Face and Recognizable Self,11,Sound-first coinage,Crisp sound-led coinage,systematic generation,phonosemantic sound matrix,Sitface,sitface
1926,3,Bare Face and Recognizable Self,11,Sound-first coinage,Crisp sound-led coinage,systematic generation,phonosemantic sound matrix,Sitknown,sitknown
1927,3,Bare Face and Recognizable Self,11,Sound-first coinage,Crisp sound-led coinage,systematic generation,phonosemantic sound matrix,Rettal,rettal
1928,3,Bare Face and Recognizable Self,11,Sound-first coinage,Crisp sound-led coinage,systematic generation,phonosemantic sound matrix,Retmark,retmark
1929,3,Bare Face and Recognizable Self,12,Structural / orthographic device,Meaningful notation or orthographic device,systematic generation,orthographic deletion,Subjct,subjct
1930,3,Bare Face and Recognizable Self,12,Structural / orthographic device,Meaningful notation or orthographic device,systematic generation,orthographic deletion,Knwn,knwn
1931,3,Bare Face and Recognizable Self,12,Structural / orthographic device,Meaningful notation or orthographic device,systematic generation,orthographic deletion,Imge,imge
1932,3,Bare Face and Recognizable Self,12,Structural / orthographic device,Meaningful notation or orthographic device,systematic generation,orthographic deletion,Resmblance,resmblance
1933,3,Bare Face and Recognizable Self,12,Structural / orthographic device,Meaningful notation or orthographic device,systematic generation,orthographic deletion,Autgraph,autgraph
1934,3,Bare Face and Recognizable Self,12,Structural / orthographic device,Meaningful notation or orthographic device,systematic generation,orthographic deletion,Contnuity,contnuity
1935,3,Bare Face and Recognizable Self,12,Structural / orthographic device,Meaningful notation or orthographic device,systematic generation,orthographic deletion,Docmentary,docmentary
1936,3,Bare Face and Recognizable Self,12,Structural / orthographic device,Meaningful notation or orthographic device,systematic generation,orthographic deletion,Castng,castng
1937,3,Bare Face and Recognizable Self,12,Structural / orthographic device,Meaningful notation or orthographic device,systematic generation,orthographic deletion,Sittr,sittr
1938,3,Bare Face and Recognizable Self,12,Structural / orthographic device,Meaningful notation or orthographic device,systematic generation,orthographic deletion,Unrtouched,unrtouched
1939,3,Bare Face and Recognizable Self,12,Structural / orthographic device,Meaningful notation or orthographic device,systematic generation,orthographic deletion,Featres,featres
1940,3,Bare Face and Recognizable Self,12,Structural / orthographic device,Meaningful notation or orthographic device,systematic generation,orthographic deletion,Countnance,countnance
1941,3,Bare Face and Recognizable Self,12,Structural / orthographic device,Meaningful notation or orthographic device,systematic generation,orthographic deletion,Idntity,idntity
1942,3,Bare Face and Recognizable Self,12,Structural / orthographic device,Meaningful notation or orthographic device,systematic generation,orthographic deletion,Chracter,chracter
1943,3,Bare Face and Recognizable Self,12,Structural / orthographic device,Meaningful notation or orthographic device,systematic generation,orthographic deletion,Famliar,famliar
1944,3,Bare Face and Recognizable Self,12,Structural / orthographic device,Meaningful notation or orthographic device,systematic generation,orthographic deletion,Treimage,treimage
1945,3,Bare Face and Recognizable Self,12,Structural / orthographic device,Meaningful notation or orthographic device,systematic generation,orthographic deletion,Ownmage,ownmage
1946,3,Bare Face and Recognizable Self,12,Structural / orthographic device,Meaningful notation or orthographic device,systematic generation,meaningful numbering,Subject One,subjectone
1947,3,Bare Face and Recognizable Self,12,Structural / orthographic device,Meaningful notation or orthographic device,systematic generation,meaningful numbering,Known One,knownone
1948,3,Bare Face and Recognizable Self,12,Structural / orthographic device,Meaningful notation or orthographic device,systematic generation,meaningful numbering,Image One,imageone
1949,3,Bare Face and Recognizable Self,12,Structural / orthographic device,Meaningful notation or orthographic device,systematic generation,meaningful numbering,Resemblance One,resemblanceone
1950,3,Bare Face and Recognizable Self,12,Structural / orthographic device,Meaningful notation or orthographic device,systematic generation,meaningful numbering,Handwriting One,handwritingone
1951,3,Bare Face and Recognizable Self,12,Structural / orthographic device,Meaningful notation or orthographic device,systematic generation,meaningful numbering,Autograph One,autographone
1952,3,Bare Face and Recognizable Self,12,Structural / orthographic device,Meaningful notation or orthographic device,systematic generation,meaningful numbering,Continuity One,continuityone
1953,3,Bare Face and Recognizable Self,12,Structural / orthographic device,Meaningful notation or orthographic device,systematic generation,meaningful numbering,Documentary One,documentaryone
1954,3,Bare Face and Recognizable Self,12,Structural / orthographic device,Meaningful notation or orthographic device,systematic generation,meaningful numbering,Casting One,castingone
1955,3,Bare Face and Recognizable Self,12,Structural / orthographic device,Meaningful notation or orthographic device,systematic generation,meaningful numbering,Sitter One,sitterone
1956,3,Bare Face and Recognizable Self,12,Structural / orthographic device,Meaningful notation or orthographic device,systematic generation,meaningful numbering,Unretouched One,unretouchedone
1957,3,Bare Face and Recognizable Self,12,Structural / orthographic device,Meaningful notation or orthographic device,systematic generation,meaningful numbering,Features One,featuresone
1958,3,Bare Face and Recognizable Self,12,Structural / orthographic device,Meaningful notation or orthographic device,systematic generation,plus notation,Handwriting Plus,handwritingplus
1959,3,Bare Face and Recognizable Self,12,Structural / orthographic device,Meaningful notation or orthographic device,systematic generation,plus notation,Autograph Plus,autographplus
1960,3,Bare Face and Recognizable Self,12,Structural / orthographic device,Meaningful notation or orthographic device,systematic generation,plus notation,Continuity Plus,continuityplus
1961,3,Bare Face and Recognizable Self,12,Structural / orthographic device,Meaningful notation or orthographic device,systematic generation,plus notation,Documentary Plus,documentaryplus
1962,3,Bare Face and Recognizable Self,12,Structural / orthographic device,Meaningful notation or orthographic device,systematic generation,plus notation,Casting Plus,castingplus
1963,3,Bare Face and Recognizable Self,12,Structural / orthographic device,Meaningful notation or orthographic device,systematic generation,plus notation,Sitter Plus,sitterplus
1964,3,Bare Face and Recognizable Self,12,Structural / orthographic device,Meaningful notation or orthographic device,systematic generation,plus notation,Unretouched Plus,unretouchedplus
1965,3,Bare Face and Recognizable Self,12,Structural / orthographic device,Meaningful notation or orthographic device,systematic generation,plus notation,Features Plus,featuresplus
1966,3,Bare Face and Recognizable Self,12,Structural / orthographic device,Meaningful notation or orthographic device,systematic generation,plus notation,Countenance Plus,countenanceplus
1967,3,Bare Face and Recognizable Self,12,Structural / orthographic device,Meaningful notation or orthographic device,systematic generation,plus notation,Expression Plus,expressionplus
1968,3,Bare Face and Recognizable Self,12,Structural / orthographic device,Meaningful notation or orthographic device,systematic generation,plus notation,Identity Plus,identityplus
1969,3,Bare Face and Recognizable Self,12,Structural / orthographic device,Meaningful notation or orthographic device,systematic generation,plus notation,Character Plus,characterplus
1970,3,Bare Face and Recognizable Self,12,Structural / orthographic device,Meaningful notation or orthographic device,systematic generation,joined word device,Subjectcontinuity,subjectcontinuity
1971,3,Bare Face and Recognizable Self,13,Compound: one plus one equals three,Category-relevant compound,hand-authored,round-two curated depth seed,Feature Signature,featuresignature
1972,3,Bare Face and Recognizable Self,13,Compound: one plus one equals three,Category-relevant compound,systematic generation,one plus one equals three,Full Autograph,fullautograph
1973,3,Bare Face and Recognizable Self,13,Compound: one plus one equals three,Category-relevant compound,systematic generation,one plus one equals three,Full Handwriting Sample,fullhandwritingsample
1974,3,Bare Face and Recognizable Self,13,Compound: one plus one equals three,Category-relevant compound,systematic generation,one plus one equals three,Full Documentary Frame,fulldocumentaryframe
1975,3,Bare Face and Recognizable Self,13,Compound: one plus one equals three,Category-relevant compound,systematic generation,one plus one equals three,Full Camera Test,fullcameratest
1976,3,Bare Face and Recognizable Self,13,Compound: one plus one equals three,Category-relevant compound,systematic generation,one plus one equals three,Full Sitter Chair,fullsitterchair
1977,3,Bare Face and Recognizable Self,13,Compound: one plus one equals three,Category-relevant compound,systematic generation,one plus one equals three,Full Signature Line,fullsignatureline
1978,3,Bare Face and Recognizable Self,13,Compound: one plus one equals three,Category-relevant compound,systematic generation,one plus one equals three,Full Image Match,fullimagematch
1979,3,Bare Face and Recognizable Self,13,Compound: one plus one equals three,Category-relevant compound,systematic generation,one plus one equals three,Full Face Chart,fullfacechart
1980,3,Bare Face and Recognizable Self,13,Compound: one plus one equals three,Category-relevant compound,systematic generation,one plus one equals three,Full Feature Map,fullfeaturemap
1981,3,Bare Face and Recognizable Self,13,Compound: one plus one equals three,Category-relevant compound,systematic generation,one plus one equals three,Full Name Card,fullnamecard
1982,3,Bare Face and Recognizable Self,13,Compound: one plus one equals three,Category-relevant compound,systematic generation,one plus one equals three,Full Sitter,fullsitter
1983,3,Bare Face and Recognizable Self,13,Compound: one plus one equals three,Category-relevant compound,systematic generation,one plus one equals three,Full Documentary,fulldocumentary
1984,3,Bare Face and Recognizable Self,13,Compound: one plus one equals three,Category-relevant compound,systematic generation,one plus one equals three,Full Casting Card,fullcastingcard
1985,3,Bare Face and Recognizable Self,13,Compound: one plus one equals three,Category-relevant compound,systematic generation,one plus one equals three,Full Contact Sheet,fullcontactsheet
1986,3,Bare Face and Recognizable Self,13,Compound: one plus one equals three,Category-relevant compound,systematic generation,one plus one equals three,Open Camera Test,opencameratest
1987,3,Bare Face and Recognizable Self,13,Compound: one plus one equals three,Category-relevant compound,systematic generation,one plus one equals three,Open Continuity Photo,opencontinuityphoto
1988,3,Bare Face and Recognizable Self,13,Compound: one plus one equals three,Category-relevant compound,systematic generation,one plus one equals three,Open Image Match,openimagematch
1989,3,Bare Face and Recognizable Self,13,Compound: one plus one equals three,Category-relevant compound,systematic generation,one plus one equals three,Open Face Chart,openfacechart
1990,3,Bare Face and Recognizable Self,13,Compound: one plus one equals three,Category-relevant compound,systematic generation,one plus one equals three,Open Sitter,opensitter
1991,3,Bare Face and Recognizable Self,13,Compound: one plus one equals three,Category-relevant compound,systematic generation,one plus one equals three,Open Casting Card,opencastingcard
1992,3,Bare Face and Recognizable Self,13,Compound: one plus one equals three,Category-relevant compound,systematic generation,one plus one equals three,True Casting Card,truecastingcard
1993,3,Bare Face and Recognizable Self,13,Compound: one plus one equals three,Category-relevant compound,systematic generation,one plus one equals three,True Portrait Sitting,trueportraitsitting
1994,3,Bare Face and Recognizable Self,13,Compound: one plus one equals three,Category-relevant compound,systematic generation,one plus one equals three,True Proof Portrait,trueproofportrait
1995,3,Bare Face and Recognizable Self,13,Compound: one plus one equals three,Category-relevant compound,systematic generation,one plus one equals three,True Character Sheet,truecharactersheet
1996,3,Bare Face and Recognizable Self,13,Compound: one plus one equals three,Category-relevant compound,systematic generation,one plus one equals three,True Continuity Photo,truecontinuityphoto
1997,3,Bare Face and Recognizable Self,13,Compound: one plus one equals three,Category-relevant compound,systematic generation,one plus one equals three,True Portrait Plate,trueportraitplate
1998,3,Bare Face and Recognizable Self,13,Compound: one plus one equals three,Category-relevant compound,systematic generation,one plus one equals three,Next Casting Card,nextcastingcard
1999,3,Bare Face and Recognizable Self,13,Compound: one plus one equals three,Category-relevant compound,systematic generation,one plus one equals three,Next Portrait Sitting,nextportraitsitting
2000,3,Bare Face and Recognizable Self,13,Compound: one plus one equals three,Category-relevant compound,systematic generation,one plus one equals three,Next Contact Sheet,nextcontactsheet
2001,3,Bare Face and Recognizable Self,13,Compound: one plus one equals three,Category-relevant compound,systematic generation,one plus one equals three,Next Proof Portrait,nextproofportrait
2002,3,Bare Face and Recognizable Self,13,Compound: one plus one equals three,Category-relevant compound,systematic generation,one plus one equals three,Next Identity Card,nextidentitycard
2003,3,Bare Face and Recognizable Self,13,Compound: one plus one equals three,Category-relevant compound,systematic generation,one plus one equals three,Next Family Photograph,nextfamilyphotograph
2004,3,Bare Face and Recognizable Self,13,Compound: one plus one equals three,Category-relevant compound,systematic generation,one plus one equals three,Next Character Sheet,nextcharactersheet
2005,3,Bare Face and Recognizable Self,13,Compound: one plus one equals three,Category-relevant compound,systematic generation,one plus one equals three,Next Portrait Plate,nextportraitplate
2006,3,Bare Face and Recognizable Self,13,Compound: one plus one equals three,Category-relevant compound,systematic generation,one plus one equals three,Next Autograph,nextautograph
2007,3,Bare Face and Recognizable Self,13,Compound: one plus one equals three,Category-relevant compound,systematic generation,one plus one equals three,Long Contact Sheet,longcontactsheet
2008,3,Bare Face and Recognizable Self,13,Compound: one plus one equals three,Category-relevant compound,systematic generation,one plus one equals three,Long Autograph,longautograph
2009,3,Bare Face and Recognizable Self,13,Compound: one plus one equals three,Category-relevant compound,systematic generation,one plus one equals three,Long Handwriting Sample,longhandwritingsample
2010,3,Bare Face and Recognizable Self,13,Compound: one plus one equals three,Category-relevant compound,systematic generation,one plus one equals three,Long Documentary Frame,longdocumentaryframe
2011,3,Bare Face and Recognizable Self,13,Compound: one plus one equals three,Category-relevant compound,systematic generation,one plus one equals three,Long Identity Card,longidentitycard
2012,3,Bare Face and Recognizable Self,13,Compound: one plus one equals three,Category-relevant compound,systematic generation,one plus one equals three,Long Family Photograph,longfamilyphotograph
2013,3,Bare Face and Recognizable Self,13,Compound: one plus one equals three,Category-relevant compound,systematic generation,one plus one equals three,Long Sitter Chair,longsitterchair
2014,3,Bare Face and Recognizable Self,14,Real-word metaphor or eponym,Unexpected real word or metaphor,hand-authored,round-two curated depth seed,In Your Image,inyourimage
2015,3,Bare Face and Recognizable Self,14,Real-word metaphor or eponym,Unexpected real word or metaphor,hand-authored,round-two curated depth seed,Own Image,ownimage
2016,3,Bare Face and Recognizable Self,14,Real-word metaphor or eponym,Unexpected real word or metaphor,hand-authored,round-two curated depth seed,The Sitter,thesitter
2017,3,Bare Face and Recognizable Self,14,Real-word metaphor or eponym,Unexpected real word or metaphor,hand-authored,round-two curated depth seed,In Full Face,infullface
2018,3,Bare Face and Recognizable Self,14,Real-word metaphor or eponym,Unexpected real word or metaphor,systematic generation,real-word metaphor,Sitter,sitter
2019,3,Bare Face and Recognizable Self,14,Real-word metaphor or eponym,Unexpected real word or metaphor,systematic generation,real-word metaphor,Autograph,autograph
2020,3,Bare Face and Recognizable Self,14,Real-word metaphor or eponym,Unexpected real word or metaphor,systematic generation,real-word metaphor,Documentary,documentary
2021,3,Bare Face and Recognizable Self,14,Real-word metaphor or eponym,Unexpected real word or metaphor,systematic generation,real-word metaphor,Portrait Plate,portraitplate
2022,3,Bare Face and Recognizable Self,14,Real-word metaphor or eponym,Unexpected real word or metaphor,systematic generation,real-word metaphor,Casting Card,castingcard
2023,3,Bare Face and Recognizable Self,14,Real-word metaphor or eponym,Unexpected real word or metaphor,systematic generation,real-word metaphor,Contact Sheet,contactsheet
2024,3,Bare Face and Recognizable Self,14,Real-word metaphor or eponym,Unexpected real word or metaphor,systematic generation,real-word metaphor,Signature Line,signatureline
2025,3,Bare Face and Recognizable Self,14,Real-word metaphor or eponym,Unexpected real word or metaphor,systematic generation,real-word metaphor,Proof Portrait,proofportrait
2026,3,Bare Face and Recognizable Self,14,Real-word metaphor or eponym,Unexpected real word or metaphor,systematic generation,real-word metaphor,Continuity Photo,continuityphoto
2027,3,Bare Face and Recognizable Self,14,Real-word metaphor or eponym,Unexpected real word or metaphor,systematic generation,real-word metaphor,Character Sheet,charactersheet
2028,3,Bare Face and Recognizable Self,14,Real-word metaphor or eponym,Unexpected real word or metaphor,systematic generation,real-word metaphor,Own Image,ownimage
2029,3,Bare Face and Recognizable Self,14,Real-word metaphor or eponym,Unexpected real word or metaphor,systematic generation,real-word metaphor,True Subject,truesubject
2030,3,Bare Face and Recognizable Self,14,Real-word metaphor or eponym,Unexpected real word or metaphor,systematic generation,real-word metaphor,Known Face,knownface
2031,3,Bare Face and Recognizable Self,14,Real-word metaphor or eponym,Unexpected real word or metaphor,systematic generation,real-word metaphor,Family Likeness,familylikeness
2032,3,Bare Face and Recognizable Self,14,Real-word metaphor or eponym,Unexpected real word or metaphor,systematic generation,real-word metaphor,Screen Test,screentest
2033,3,Bare Face and Recognizable Self,14,Real-word metaphor or eponym,Unexpected real word or metaphor,systematic generation,real-word metaphor,Camera Test,cameratest
2034,3,Bare Face and Recognizable Self,14,Real-word metaphor or eponym,Unexpected real word or metaphor,systematic generation,real-word metaphor,Handwriting,handwriting
2035,3,Bare Face and Recognizable Self,14,Real-word metaphor or eponym,Unexpected real word or metaphor,systematic generation,real-word metaphor,Name Card,namecard
2036,3,Bare Face and Recognizable Self,14,Real-word metaphor or eponym,Unexpected real word or metaphor,systematic generation,real-word metaphor,Image Match,imagematch
2037,3,Bare Face and Recognizable Self,14,Real-word metaphor or eponym,Unexpected real word or metaphor,systematic generation,real-word metaphor,Feature Map,featuremap
2038,3,Bare Face and Recognizable Self,14,Real-word metaphor or eponym,Unexpected real word or metaphor,systematic generation,real object as brand,Portrait Sitting,portraitsitting
2039,3,Bare Face and Recognizable Self,14,Real-word metaphor or eponym,Unexpected real word or metaphor,systematic generation,real object as brand,Handwriting Sample,handwritingsample
2040,3,Bare Face and Recognizable Self,14,Real-word metaphor or eponym,Unexpected real word or metaphor,systematic generation,real object as brand,Documentary Frame,documentaryframe
2041,3,Bare Face and Recognizable Self,14,Real-word metaphor or eponym,Unexpected real word or metaphor,systematic generation,real object as brand,Identity Card,identitycard
2042,3,Bare Face and Recognizable Self,14,Real-word metaphor or eponym,Unexpected real word or metaphor,systematic generation,real object as brand,Family Photograph,familyphotograph
2043,3,Bare Face and Recognizable Self,14,Real-word metaphor or eponym,Unexpected real word or metaphor,systematic generation,real object as brand,Sitter Chair,sitterchair
2044,3,Bare Face and Recognizable Self,14,Real-word metaphor or eponym,Unexpected real word or metaphor,systematic generation,real object as brand,Face Chart,facechart
2045,3,Bare Face and Recognizable Self,14,Real-word metaphor or eponym,Unexpected real word or metaphor,systematic generation,cell fallback matrix,Full Autograph,fullautograph
2046,3,Bare Face and Recognizable Self,14,Real-word metaphor or eponym,Unexpected real word or metaphor,systematic generation,cell fallback matrix,Full Handwriting Sample,fullhandwritingsample
2047,3,Bare Face and Recognizable Self,14,Real-word metaphor or eponym,Unexpected real word or metaphor,systematic generation,cell fallback matrix,Full Documentary Frame,fulldocumentaryframe
2048,3,Bare Face and Recognizable Self,14,Real-word metaphor or eponym,Unexpected real word or metaphor,systematic generation,cell fallback matrix,Full Camera Test,fullcameratest
2049,3,Bare Face and Recognizable Self,14,Real-word metaphor or eponym,Unexpected real word or metaphor,systematic generation,cell fallback matrix,Full Sitter Chair,fullsitterchair
2050,3,Bare Face and Recognizable Self,14,Real-word metaphor or eponym,Unexpected real word or metaphor,systematic generation,cell fallback matrix,Full Signature Line,fullsignatureline
2051,3,Bare Face and Recognizable Self,14,Real-word metaphor or eponym,Unexpected real word or metaphor,systematic generation,cell fallback matrix,Full Image Match,fullimagematch
2052,3,Bare Face and Recognizable Self,14,Real-word metaphor or eponym,Unexpected real word or metaphor,systematic generation,cell fallback matrix,Full Face Chart,fullfacechart
2053,3,Bare Face and Recognizable Self,14,Real-word metaphor or eponym,Unexpected real word or metaphor,systematic generation,cell fallback matrix,Full Feature Map,fullfeaturemap
2054,3,Bare Face and Recognizable Self,14,Real-word metaphor or eponym,Unexpected real word or metaphor,systematic generation,cell fallback matrix,Full Name Card,fullnamecard
2055,3,Bare Face and Recognizable Self,14,Real-word metaphor or eponym,Unexpected real word or metaphor,systematic generation,cell fallback matrix,Full Sitter,fullsitter
2056,3,Bare Face and Recognizable Self,14,Real-word metaphor or eponym,Unexpected real word or metaphor,systematic generation,cell fallback matrix,Full Documentary,fulldocumentary
2057,3,Bare Face and Recognizable Self,14,Real-word metaphor or eponym,Unexpected real word or metaphor,systematic generation,cell fallback matrix,Full Casting Card,fullcastingcard
2058,3,Bare Face and Recognizable Self,14,Real-word metaphor or eponym,Unexpected real word or metaphor,systematic generation,cell fallback matrix,Full Contact Sheet,fullcontactsheet
2059,3,Bare Face and Recognizable Self,14,Real-word metaphor or eponym,Unexpected real word or metaphor,systematic generation,cell fallback matrix,Full Proof Portrait,fullproofportrait
2060,3,Bare Face and Recognizable Self,15,World-language hunt,World-language borrowing,systematic generation,world-language source hunt,Soggetto,soggetto
2061,3,Bare Face and Recognizable Self,15,World-language hunt,World-language borrowing,systematic generation,world-language source hunt,Ritratto,ritratto
2062,3,Bare Face and Recognizable Self,15,World-language hunt,World-language borrowing,systematic generation,world-language source hunt,Persona,persona
2063,3,Bare Face and Recognizable Self,15,World-language hunt,World-language borrowing,systematic generation,world-language source hunt,Vero,vero
2064,3,Bare Face and Recognizable Self,15,World-language hunt,World-language borrowing,systematic generation,world-language source hunt,Mesmo,mesmo
2065,3,Bare Face and Recognizable Self,15,World-language hunt,World-language borrowing,systematic generation,world-language source hunt,Proprio,proprio
2066,3,Bare Face and Recognizable Self,15,World-language hunt,World-language borrowing,systematic generation,world-language source hunt,Bekannt,bekannt
2067,3,Bare Face and Recognizable Self,15,World-language hunt,World-language borrowing,systematic generation,world-language source hunt,Sitter,sitter
2068,3,Bare Face and Recognizable Self,15,World-language hunt,World-language borrowing,systematic generation,world-language source hunt,Imagen,imagen
2069,3,Bare Face and Recognizable Self,15,World-language hunt,World-language borrowing,systematic generation,world-language source hunt,Viso,viso
2070,3,Bare Face and Recognizable Self,15,World-language hunt,World-language borrowing,systematic generation,world-language source hunt,Semejanza,semejanza
2071,3,Bare Face and Recognizable Self,15,World-language hunt,World-language borrowing,systematic generation,world-language source hunt,Autoportrait,autoportrait
2072,3,Bare Face and Recognizable Self,15,World-language hunt,World-language borrowing,systematic generation,transparent world-language compound,Casa Soggetto,casasoggetto
2073,3,Bare Face and Recognizable Self,15,World-language hunt,World-language borrowing,systematic generation,transparent world-language compound,Casa Bekannt,casabekannt
2074,3,Bare Face and Recognizable Self,15,World-language hunt,World-language borrowing,systematic generation,transparent world-language compound,Casa Sitter,casasitter
2075,3,Bare Face and Recognizable Self,15,World-language hunt,World-language borrowing,systematic generation,transparent world-language compound,Casa Viso,casaviso
2076,3,Bare Face and Recognizable Self,15,World-language hunt,World-language borrowing,systematic generation,transparent world-language compound,Casa Autoportrait,casaautoportrait
2077,3,Bare Face and Recognizable Self,15,World-language hunt,World-language borrowing,systematic generation,transparent world-language compound,Studio Ritratto,studioritratto
2078,3,Bare Face and Recognizable Self,15,World-language hunt,World-language borrowing,systematic generation,transparent world-language compound,Studio Persona,studiopersona
2079,3,Bare Face and Recognizable Self,15,World-language hunt,World-language borrowing,systematic generation,transparent world-language compound,Studio Vero,studiovero
2080,3,Bare Face and Recognizable Self,15,World-language hunt,World-language borrowing,systematic generation,transparent world-language compound,Studio Mesmo,studiomesmo
2081,3,Bare Face and Recognizable Self,15,World-language hunt,World-language borrowing,systematic generation,transparent world-language compound,Studio Proprio,studioproprio
2082,3,Bare Face and Recognizable Self,15,World-language hunt,World-language borrowing,systematic generation,transparent world-language compound,Studio Imagen,studioimagen
2083,3,Bare Face and Recognizable Self,15,World-language hunt,World-language borrowing,systematic generation,transparent world-language compound,Studio Semejanza,studiosemejanza
2084,3,Bare Face and Recognizable Self,15,World-language hunt,World-language borrowing,systematic generation,transparent world-language compound,Metodo Vero,metodovero
2085,3,Bare Face and Recognizable Self,15,World-language hunt,World-language borrowing,systematic generation,transparent world-language compound,Metodo Proprio,metodoproprio
2086,3,Bare Face and Recognizable Self,15,World-language hunt,World-language borrowing,systematic generation,transparent world-language compound,Forma Ritratto,formaritratto
2087,3,Bare Face and Recognizable Self,15,World-language hunt,World-language borrowing,systematic generation,transparent world-language compound,Forma Persona,formapersona
2088,3,Bare Face and Recognizable Self,15,World-language hunt,World-language borrowing,systematic generation,transparent world-language compound,Forma Mesmo,formamesmo
2089,3,Bare Face and Recognizable Self,15,World-language hunt,World-language borrowing,systematic generation,transparent world-language compound,Forma Imagen,formaimagen
2090,3,Bare Face and Recognizable Self,15,World-language hunt,World-language borrowing,systematic generation,transparent world-language compound,Forma Semejanza,formasemejanza
2091,3,Bare Face and Recognizable Self,15,World-language hunt,World-language borrowing,systematic generation,cell fallback matrix,Full Autograph,fullautograph
2092,3,Bare Face and Recognizable Self,15,World-language hunt,World-language borrowing,systematic generation,cell fallback matrix,Full Handwriting Sample,fullhandwritingsample
2093,3,Bare Face and Recognizable Self,15,World-language hunt,World-language borrowing,systematic generation,cell fallback matrix,Full Documentary Frame,fulldocumentaryframe
2094,3,Bare Face and Recognizable Self,15,World-language hunt,World-language borrowing,systematic generation,cell fallback matrix,Full Camera Test,fullcameratest
2095,3,Bare Face and Recognizable Self,15,World-language hunt,World-language borrowing,systematic generation,cell fallback matrix,Full Sitter Chair,fullsitterchair
2096,3,Bare Face and Recognizable Self,15,World-language hunt,World-language borrowing,systematic generation,cell fallback matrix,Full Signature Line,fullsignatureline
2097,3,Bare Face and Recognizable Self,15,World-language hunt,World-language borrowing,systematic generation,cell fallback matrix,Full Image Match,fullimagematch
2098,3,Bare Face and Recognizable Self,15,World-language hunt,World-language borrowing,systematic generation,cell fallback matrix,Full Face Chart,fullfacechart
2099,3,Bare Face and Recognizable Self,15,World-language hunt,World-language borrowing,systematic generation,cell fallback matrix,Full Feature Map,fullfeaturemap
2100,3,Bare Face and Recognizable Self,15,World-language hunt,World-language borrowing,systematic generation,cell fallback matrix,Full Name Card,fullnamecard
2101,3,Bare Face and Recognizable Self,15,World-language hunt,World-language borrowing,systematic generation,cell fallback matrix,Full Sitter,fullsitter
2102,3,Bare Face and Recognizable Self,16,Synchronicity / source-library raid,Authentic insider terminology,hand-authored,round-two curated depth seed,Portrait Continuity,portraitcontinuity
2103,3,Bare Face and Recognizable Self,16,Synchronicity / source-library raid,Authentic insider terminology,systematic generation,specialist source-library raid,Portrait Sitting,portraitsitting
2104,3,Bare Face and Recognizable Self,16,Synchronicity / source-library raid,Authentic insider terminology,systematic generation,specialist source-library raid,Contact Sheet,contactsheet
2105,3,Bare Face and Recognizable Self,16,Synchronicity / source-library raid,Authentic insider terminology,systematic generation,specialist source-library raid,Proof Portrait,proofportrait
2106,3,Bare Face and Recognizable Self,16,Synchronicity / source-library raid,Authentic insider terminology,systematic generation,specialist source-library raid,Casting Card,castingcard
2107,3,Bare Face and Recognizable Self,16,Synchronicity / source-library raid,Authentic insider terminology,systematic generation,specialist source-library raid,Screen Test,screentest
2108,3,Bare Face and Recognizable Self,16,Synchronicity / source-library raid,Authentic insider terminology,systematic generation,specialist source-library raid,Camera Test,cameratest
2109,3,Bare Face and Recognizable Self,16,Synchronicity / source-library raid,Authentic insider terminology,systematic generation,specialist source-library raid,Character Study,characterstudy
2110,3,Bare Face and Recognizable Self,16,Synchronicity / source-library raid,Authentic insider terminology,systematic generation,specialist source-library raid,Continuity Photo,continuityphoto
2111,3,Bare Face and Recognizable Self,16,Synchronicity / source-library raid,Authentic insider terminology,systematic generation,specialist source-library raid,Identity Match,identitymatch
2112,3,Bare Face and Recognizable Self,16,Synchronicity / source-library raid,Authentic insider terminology,systematic generation,specialist source-library raid,Face Familiarity,facefamiliarity
2113,3,Bare Face and Recognizable Self,16,Synchronicity / source-library raid,Authentic insider terminology,systematic generation,specialist source-library raid,Within Person Variation,withinpersonvariation
2114,3,Bare Face and Recognizable Self,16,Synchronicity / source-library raid,Authentic insider terminology,systematic generation,specialist source-library raid,Characteristic Feature,characteristicfeature
2115,3,Bare Face and Recognizable Self,16,Synchronicity / source-library raid,Authentic insider terminology,systematic generation,specialist source-library raid,Image Registration,imageregistration
2116,3,Bare Face and Recognizable Self,16,Synchronicity / source-library raid,Authentic insider terminology,systematic generation,specialist source-library raid,Feature Correspondence,featurecorrespondence
2117,3,Bare Face and Recognizable Self,16,Synchronicity / source-library raid,Authentic insider terminology,systematic generation,specialist source-library raid,Recognition Memory,recognitionmemory
2118,3,Bare Face and Recognizable Self,16,Synchronicity / source-library raid,Authentic insider terminology,systematic generation,specialist source-library raid,Person Identity,personidentity
2119,3,Bare Face and Recognizable Self,16,Synchronicity / source-library raid,Authentic insider terminology,systematic generation,specialist source-library raid,Expression Signature,expressionsignature
2120,3,Bare Face and Recognizable Self,16,Synchronicity / source-library raid,Authentic insider terminology,systematic generation,specialist source-library raid,Longitudinal Face,longitudinalface
2121,3,Bare Face and Recognizable Self,16,Synchronicity / source-library raid,Authentic insider terminology,systematic generation,specialist source-library raid,Handwriting Sample,handwritingsample
2122,3,Bare Face and Recognizable Self,16,Synchronicity / source-library raid,Authentic insider terminology,systematic generation,specialist source-library raid,Family Photograph,familyphotograph
2123,3,Bare Face and Recognizable Self,16,Synchronicity / source-library raid,Authentic insider terminology,systematic generation,source term reconstruction,Open Autograph,openautograph
2124,3,Bare Face and Recognizable Self,16,Synchronicity / source-library raid,Authentic insider terminology,systematic generation,source term reconstruction,Open Handwriting Sample,openhandwritingsample
2125,3,Bare Face and Recognizable Self,16,Synchronicity / source-library raid,Authentic insider terminology,systematic generation,source term reconstruction,Open Documentary Frame,opendocumentaryframe
2126,3,Bare Face and Recognizable Self,16,Synchronicity / source-library raid,Authentic insider terminology,systematic generation,source term reconstruction,Open Camera Test,opencameratest
2127,3,Bare Face and Recognizable Self,16,Synchronicity / source-library raid,Authentic insider terminology,systematic generation,source term reconstruction,Open Sitter Chair,opensitterchair
2128,3,Bare Face and Recognizable Self,16,Synchronicity / source-library raid,Authentic insider terminology,systematic generation,source term reconstruction,Open Signature Line,opensignatureline
2129,3,Bare Face and Recognizable Self,16,Synchronicity / source-library raid,Authentic insider terminology,systematic generation,source term reconstruction,Open Image Match,openimagematch
2130,3,Bare Face and Recognizable Self,16,Synchronicity / source-library raid,Authentic insider terminology,systematic generation,source term reconstruction,Open Face Chart,openfacechart
2131,3,Bare Face and Recognizable Self,16,Synchronicity / source-library raid,Authentic insider terminology,systematic generation,source term reconstruction,Open Feature Map,openfeaturemap
2132,3,Bare Face and Recognizable Self,16,Synchronicity / source-library raid,Authentic insider terminology,systematic generation,source term reconstruction,Open Name Card,opennamecard
2133,3,Bare Face and Recognizable Self,16,Synchronicity / source-library raid,Authentic insider terminology,systematic generation,source term reconstruction,True Camera Test,truecameratest
2134,3,Bare Face and Recognizable Self,16,Synchronicity / source-library raid,Authentic insider terminology,systematic generation,source term reconstruction,True Continuity Photo,truecontinuityphoto
2135,3,Bare Face and Recognizable Self,16,Synchronicity / source-library raid,Authentic insider terminology,systematic generation,source term reconstruction,True Image Match,trueimagematch
2136,3,Bare Face and Recognizable Self,16,Synchronicity / source-library raid,Authentic insider terminology,systematic generation,source term reconstruction,True Face Chart,truefacechart
2137,3,Bare Face and Recognizable Self,16,Synchronicity / source-library raid,Authentic insider terminology,systematic generation,source term reconstruction,Working Camera Test,workingcameratest
2138,3,Bare Face and Recognizable Self,16,Synchronicity / source-library raid,Authentic insider terminology,systematic generation,source term reconstruction,Working Continuity Photo,workingcontinuityphoto
2139,3,Bare Face and Recognizable Self,16,Synchronicity / source-library raid,Authentic insider terminology,systematic generation,source term reconstruction,Working Image Match,workingimagematch
2140,3,Bare Face and Recognizable Self,16,Synchronicity / source-library raid,Authentic insider terminology,systematic generation,source term reconstruction,Working Face Chart,workingfacechart
2141,3,Bare Face and Recognizable Self,16,Synchronicity / source-library raid,Authentic insider terminology,systematic generation,source term reconstruction,Primary Casting Card,primarycastingcard
2142,3,Bare Face and Recognizable Self,16,Synchronicity / source-library raid,Authentic insider terminology,systematic generation,source term reconstruction,Primary Portrait Sitting,primaryportraitsitting
2143,3,Bare Face and Recognizable Self,16,Synchronicity / source-library raid,Authentic insider terminology,systematic generation,source term reconstruction,Primary Proof Portrait,primaryproofportrait
2144,3,Bare Face and Recognizable Self,16,Synchronicity / source-library raid,Authentic insider terminology,systematic generation,source term reconstruction,Primary Character Sheet,primarycharactersheet
2145,3,Bare Face and Recognizable Self,17,Three-team decoy,Decoy-world import,hand-authored,round-two curated depth seed,True Subject,truesubject
2146,3,Bare Face and Recognizable Self,17,Three-team decoy,Decoy-world import,hand-authored,round-two curated depth seed,As Known,asknown
2147,3,Bare Face and Recognizable Self,17,Three-team decoy,Decoy-world import,hand-authored,round-two curated depth seed,First Likeness,firstlikeness
2148,3,Bare Face and Recognizable Self,17,Three-team decoy,Decoy-world import,hand-authored,round-two curated depth seed,Real Subject,realsubject
2149,3,Bare Face and Recognizable Self,17,Three-team decoy,Decoy-world import,systematic generation,three-team decoy briefs,True Subject Studio,truesubjectstudio
2150,3,Bare Face and Recognizable Self,17,Three-team decoy,Decoy-world import,systematic generation,three-team decoy briefs,Still You Portraits,stillyouportraits
2151,3,Bare Face and Recognizable Self,17,Three-team decoy,Decoy-world import,systematic generation,three-team decoy briefs,Known Face Company,knownfacecompany
2152,3,Bare Face and Recognizable Self,17,Three-team decoy,Decoy-world import,systematic generation,three-team decoy briefs,In Your Image,inyourimage
2153,3,Bare Face and Recognizable Self,17,Three-team decoy,Decoy-world import,systematic generation,three-team decoy briefs,The Sitter,thesitter
2154,3,Bare Face and Recognizable Self,17,Three-team decoy,Decoy-world import,systematic generation,three-team decoy briefs,Own Image House,ownimagehouse
2155,3,Bare Face and Recognizable Self,17,Three-team decoy,Decoy-world import,systematic generation,three-team decoy briefs,Character Continues,charactercontinues
2156,3,Bare Face and Recognizable Self,17,Three-team decoy,Decoy-world import,systematic generation,three-team decoy briefs,Unretouched Standard,unretouchedstandard
2157,3,Bare Face and Recognizable Self,17,Three-team decoy,Decoy-world import,systematic generation,three-team decoy briefs,Self Evident,selfevident
2158,3,Bare Face and Recognizable Self,17,Three-team decoy,Decoy-world import,systematic generation,three-team decoy briefs,As Known,asknown
2159,3,Bare Face and Recognizable Self,17,Three-team decoy,Decoy-world import,systematic generation,three-team decoy briefs,First Likeness,firstlikeness
2160,3,Bare Face and Recognizable Self,17,Three-team decoy,Decoy-world import,systematic generation,three-team decoy briefs,The Same Character,thesamecharacter
2161,3,Bare Face and Recognizable Self,17,Three-team decoy,Decoy-world import,systematic generation,three-team decoy briefs,Portrait Continuity,portraitcontinuity
2162,3,Bare Face and Recognizable Self,17,Three-team decoy,Decoy-world import,systematic generation,three-team decoy briefs,Real Subject,realsubject
2163,3,Bare Face and Recognizable Self,17,Three-team decoy,Decoy-world import,systematic generation,three-team decoy briefs,Known at A Glance,knownataglance
2164,3,Bare Face and Recognizable Self,17,Three-team decoy,Decoy-world import,systematic generation,three-team decoy briefs,Feature Signature,featuresignature
2165,3,Bare Face and Recognizable Self,17,Three-team decoy,Decoy-world import,systematic generation,decoy company and institution,House of Casting Card,houseofcastingcard
2166,3,Bare Face and Recognizable Self,17,Three-team decoy,Decoy-world import,systematic generation,decoy company and institution,House of Portrait Sitting,houseofportraitsitting
2167,3,Bare Face and Recognizable Self,17,Three-team decoy,Decoy-world import,systematic generation,decoy company and institution,House of Proof Portrait,houseofproofportrait
2168,3,Bare Face and Recognizable Self,17,Three-team decoy,Decoy-world import,systematic generation,decoy company and institution,House of Character Sheet,houseofcharactersheet
2169,3,Bare Face and Recognizable Self,17,Three-team decoy,Decoy-world import,systematic generation,decoy company and institution,House of Continuity Photo,houseofcontinuityphoto
2170,3,Bare Face and Recognizable Self,17,Three-team decoy,Decoy-world import,systematic generation,decoy company and institution,House of Portrait Plate,houseofportraitplate
2171,3,Bare Face and Recognizable Self,17,Three-team decoy,Decoy-world import,systematic generation,decoy company and institution,The Casting Card,thecastingcard
2172,3,Bare Face and Recognizable Self,17,Three-team decoy,Decoy-world import,systematic generation,decoy company and institution,The Portrait Sitting,theportraitsitting
2173,3,Bare Face and Recognizable Self,17,Three-team decoy,Decoy-world import,systematic generation,decoy company and institution,The Contact Sheet,thecontactsheet
2174,3,Bare Face and Recognizable Self,17,Three-team decoy,Decoy-world import,systematic generation,decoy company and institution,The Proof Portrait,theproofportrait
2175,3,Bare Face and Recognizable Self,17,Three-team decoy,Decoy-world import,systematic generation,decoy company and institution,The Identity Card,theidentitycard
2176,3,Bare Face and Recognizable Self,17,Three-team decoy,Decoy-world import,systematic generation,decoy company and institution,The Family Photograph,thefamilyphotograph
2177,3,Bare Face and Recognizable Self,17,Three-team decoy,Decoy-world import,systematic generation,decoy company and institution,The Screen Test,thescreentest
2178,3,Bare Face and Recognizable Self,17,Three-team decoy,Decoy-world import,systematic generation,decoy company and institution,The Character Sheet,thecharactersheet
2179,3,Bare Face and Recognizable Self,17,Three-team decoy,Decoy-world import,systematic generation,decoy company and institution,The Portrait Plate,theportraitplate
2180,3,Bare Face and Recognizable Self,17,Three-team decoy,Decoy-world import,systematic generation,decoy company and institution,Common Casting Card,commoncastingcard
2181,3,Bare Face and Recognizable Self,17,Three-team decoy,Decoy-world import,systematic generation,decoy company and institution,Common Portrait Sitting,commonportraitsitting
2182,3,Bare Face and Recognizable Self,17,Three-team decoy,Decoy-world import,systematic generation,decoy company and institution,Common Contact Sheet,commoncontactsheet
2183,3,Bare Face and Recognizable Self,17,Three-team decoy,Decoy-world import,systematic generation,decoy company and institution,Common Proof Portrait,commonproofportrait
2184,3,Bare Face and Recognizable Self,17,Three-team decoy,Decoy-world import,systematic generation,decoy company and institution,Common Identity Card,commonidentitycard
2185,3,Bare Face and Recognizable Self,17,Three-team decoy,Decoy-world import,systematic generation,decoy company and institution,Common Family Photograph,commonfamilyphotograph
2186,3,Bare Face and Recognizable Self,17,Three-team decoy,Decoy-world import,systematic generation,decoy company and institution,Common Screen Test,commonscreentest
2187,3,Bare Face and Recognizable Self,17,Three-team decoy,Decoy-world import,systematic generation,decoy company and institution,Common Character Sheet,commoncharactersheet
2188,3,Bare Face and Recognizable Self,17,Three-team decoy,Decoy-world import,systematic generation,decoy company and institution,Common Portrait Plate,commonportraitplate
2189,3,Bare Face and Recognizable Self,17,Three-team decoy,Decoy-world import,systematic generation,decoy company and institution,First Camera Test,firstcameratest
2190,3,Bare Face and Recognizable Self,17,Three-team decoy,Decoy-world import,systematic generation,decoy company and institution,First Continuity Photo,firstcontinuityphoto
2191,4,Skin Capability and Training,1,Make the intangible tangible,"Authentic object, tool, gesture, or process",systematic generation,world objects and instruments,Cue Card,cuecard
2192,4,Skin Capability and Training,1,Make the intangible tangible,"Authentic object, tool, gesture, or process",systematic generation,world objects and instruments,Training Block,trainingblock
2193,4,Skin Capability and Training,1,Make the intangible tangible,"Authentic object, tool, gesture, or process",systematic generation,world objects and instruments,Work Set,workset
2194,4,Skin Capability and Training,1,Make the intangible tangible,"Authentic object, tool, gesture, or process",systematic generation,world objects and instruments,Practice Log,practicelog
2195,4,Skin Capability and Training,1,Make the intangible tangible,"Authentic object, tool, gesture, or process",systematic generation,world objects and instruments,Progress Chart,progresschart
2196,4,Skin Capability and Training,1,Make the intangible tangible,"Authentic object, tool, gesture, or process",systematic generation,world objects and instruments,Readiness Score,readinessscore
2197,4,Skin Capability and Training,1,Make the intangible tangible,"Authentic object, tool, gesture, or process",systematic generation,world objects and instruments,Load Pin,loadpin
2198,4,Skin Capability and Training,1,Make the intangible tangible,"Authentic object, tool, gesture, or process",systematic generation,world objects and instruments,Pace Marker,pacemarker
2199,4,Skin Capability and Training,1,Make the intangible tangible,"Authentic object, tool, gesture, or process",systematic generation,world objects and instruments,Skill Ladder,skillladder
2200,4,Skin Capability and Training,1,Make the intangible tangible,"Authentic object, tool, gesture, or process",systematic generation,world objects and instruments,Rehearsal Room,rehearsalroom
2201,4,Skin Capability and Training,1,Make the intangible tangible,"Authentic object, tool, gesture, or process",systematic generation,world objects and instruments,Training Lane,traininglane
2202,4,Skin Capability and Training,1,Make the intangible tangible,"Authentic object, tool, gesture, or process",systematic generation,world objects and instruments,Workbench,workbench
2203,4,Skin Capability and Training,1,Make the intangible tangible,"Authentic object, tool, gesture, or process",systematic generation,world objects and instruments,Form Guide,formguide
2204,4,Skin Capability and Training,1,Make the intangible tangible,"Authentic object, tool, gesture, or process",systematic generation,world objects and instruments,Session Timer,sessiontimer
2205,4,Skin Capability and Training,1,Make the intangible tangible,"Authentic object, tool, gesture, or process",systematic generation,world objects and instruments,Dose Chart,dosechart
2206,4,Skin Capability and Training,1,Make the intangible tangible,"Authentic object, tool, gesture, or process",systematic generation,world objects and instruments,Response Log,responselog
2207,4,Skin Capability and Training,1,Make the intangible tangible,"Authentic object, tool, gesture, or process",systematic generation,world objects and instruments,Build Sheet,buildsheet
2208,4,Skin Capability and Training,1,Make the intangible tangible,"Authentic object, tool, gesture, or process",systematic generation,world objects and instruments,Foundation Phase,foundationphase
2209,4,Skin Capability and Training,1,Make the intangible tangible,"Authentic object, tool, gesture, or process",systematic generation,world objects and instruments,Transfer Test,transfertest
2210,4,Skin Capability and Training,1,Make the intangible tangible,"Authentic object, tool, gesture, or process",systematic generation,tangible object matrix,Full Cue Card,fullcuecard
2211,4,Skin Capability and Training,1,Make the intangible tangible,"Authentic object, tool, gesture, or process",systematic generation,tangible object matrix,Full Progress Chart,fullprogresschart
2212,4,Skin Capability and Training,1,Make the intangible tangible,"Authentic object, tool, gesture, or process",systematic generation,tangible object matrix,Full Pace Marker,fullpacemarker
2213,4,Skin Capability and Training,1,Make the intangible tangible,"Authentic object, tool, gesture, or process",systematic generation,tangible object matrix,Full Skill Ladder,fullskillladder
2214,4,Skin Capability and Training,1,Make the intangible tangible,"Authentic object, tool, gesture, or process",systematic generation,tangible object matrix,Full Workbench,fullworkbench
2215,4,Skin Capability and Training,1,Make the intangible tangible,"Authentic object, tool, gesture, or process",systematic generation,tangible object matrix,Full Form Guide,fullformguide
2216,4,Skin Capability and Training,1,Make the intangible tangible,"Authentic object, tool, gesture, or process",systematic generation,tangible object matrix,Full Response Log,fullresponselog
2217,4,Skin Capability and Training,1,Make the intangible tangible,"Authentic object, tool, gesture, or process",systematic generation,tangible object matrix,Full Build Sheet,fullbuildsheet
2218,4,Skin Capability and Training,1,Make the intangible tangible,"Authentic object, tool, gesture, or process",systematic generation,tangible object matrix,Open Load Pin,openloadpin
2219,4,Skin Capability and Training,1,Make the intangible tangible,"Authentic object, tool, gesture, or process",systematic generation,tangible object matrix,Open Skill Ladder,openskillladder
2220,4,Skin Capability and Training,1,Make the intangible tangible,"Authentic object, tool, gesture, or process",systematic generation,tangible object matrix,Open Rehearsal Room,openrehearsalroom
2221,4,Skin Capability and Training,1,Make the intangible tangible,"Authentic object, tool, gesture, or process",systematic generation,tangible object matrix,Open Training Lane,opentraininglane
2222,4,Skin Capability and Training,1,Make the intangible tangible,"Authentic object, tool, gesture, or process",systematic generation,tangible object matrix,Open Workbench,openworkbench
2223,4,Skin Capability and Training,1,Make the intangible tangible,"Authentic object, tool, gesture, or process",systematic generation,tangible object matrix,Open Foundation Phase,openfoundationphase
2224,4,Skin Capability and Training,1,Make the intangible tangible,"Authentic object, tool, gesture, or process",systematic generation,tangible object matrix,True Load Pin,trueloadpin
2225,4,Skin Capability and Training,1,Make the intangible tangible,"Authentic object, tool, gesture, or process",systematic generation,tangible object matrix,True Rehearsal Room,truerehearsalroom
2226,4,Skin Capability and Training,1,Make the intangible tangible,"Authentic object, tool, gesture, or process",systematic generation,tangible object matrix,True Training Lane,truetraininglane
2227,4,Skin Capability and Training,1,Make the intangible tangible,"Authentic object, tool, gesture, or process",systematic generation,tangible object matrix,True Session Timer,truesessiontimer
2228,4,Skin Capability and Training,1,Make the intangible tangible,"Authentic object, tool, gesture, or process",systematic generation,tangible object matrix,True Foundation Phase,truefoundationphase
2229,4,Skin Capability and Training,1,Make the intangible tangible,"Authentic object, tool, gesture, or process",systematic generation,tangible object matrix,True Transfer Test,truetransfertest
2230,4,Skin Capability and Training,1,Make the intangible tangible,"Authentic object, tool, gesture, or process",systematic generation,tangible object matrix,Next Training Block,nexttrainingblock
2231,4,Skin Capability and Training,1,Make the intangible tangible,"Authentic object, tool, gesture, or process",systematic generation,tangible object matrix,Next Work Set,nextworkset
2232,4,Skin Capability and Training,1,Make the intangible tangible,"Authentic object, tool, gesture, or process",systematic generation,tangible object matrix,Next Practice Log,nextpracticelog
2233,4,Skin Capability and Training,2,Benefit ladder / ultimate feeling,Explicit benefit or proposition,systematic generation,benefit ladder,Gets Better with Use,getsbetterwithuse
2234,4,Skin Capability and Training,2,Benefit ladder / ultimate feeling,Explicit benefit or proposition,systematic generation,benefit ladder,More Ready Over Time,morereadyovertime
2235,4,Skin Capability and Training,2,Benefit ladder / ultimate feeling,Explicit benefit or proposition,systematic generation,benefit ladder,A Better Response Pattern,abetterresponsepattern
2236,4,Skin Capability and Training,2,Benefit ladder / ultimate feeling,Explicit benefit or proposition,systematic generation,benefit ladder,Keeps Its Training,keepsitstraining
2237,4,Skin Capability and Training,2,Benefit ladder / ultimate feeling,Explicit benefit or proposition,systematic generation,benefit ladder,Progress in Reserve,progressinreserve
2238,4,Skin Capability and Training,2,Benefit ladder / ultimate feeling,Explicit benefit or proposition,systematic generation,benefit ladder,More Skill Per Step,moreskillperstep
2239,4,Skin Capability and Training,2,Benefit ladder / ultimate feeling,Explicit benefit or proposition,systematic generation,benefit ladder,Ready for The Next Load,readyforthenextload
2240,4,Skin Capability and Training,2,Benefit ladder / ultimate feeling,Explicit benefit or proposition,systematic generation,benefit ladder,Form Improves Daily,formimprovesdaily
2241,4,Skin Capability and Training,2,Benefit ladder / ultimate feeling,Explicit benefit or proposition,systematic generation,benefit ladder,Practice Becomes Capacity,practicebecomescapacity
2242,4,Skin Capability and Training,2,Benefit ladder / ultimate feeling,Explicit benefit or proposition,systematic generation,benefit ladder,A Routine That Builds,aroutinethatbuilds
2243,4,Skin Capability and Training,2,Benefit ladder / ultimate feeling,Explicit benefit or proposition,systematic generation,benefit ladder,More Able by Degrees,moreablebydegrees
2244,4,Skin Capability and Training,2,Benefit ladder / ultimate feeling,Explicit benefit or proposition,systematic generation,benefit ladder,Works Better with Time,worksbetterwithtime
2245,4,Skin Capability and Training,2,Benefit ladder / ultimate feeling,Explicit benefit or proposition,systematic generation,benefit ladder,Conditioned Through Care,conditionedthroughcare
2246,4,Skin Capability and Training,2,Benefit ladder / ultimate feeling,Explicit benefit or proposition,systematic generation,benefit ladder,The Benefit of Repetition,thebenefitofrepetition
2247,4,Skin Capability and Training,2,Benefit ladder / ultimate feeling,Explicit benefit or proposition,systematic generation,benefit compression,More Coachable,morecoachable
2248,4,Skin Capability and Training,2,Benefit ladder / ultimate feeling,Explicit benefit or proposition,systematic generation,benefit compression,More Readiness,morereadiness
2249,4,Skin Capability and Training,2,Benefit ladder / ultimate feeling,Explicit benefit or proposition,systematic generation,benefit compression,More Transfer,moretransfer
2250,4,Skin Capability and Training,2,Benefit ladder / ultimate feeling,Explicit benefit or proposition,systematic generation,benefit compression,More Conditioning,moreconditioning
2251,4,Skin Capability and Training,2,Benefit ladder / ultimate feeling,Explicit benefit or proposition,systematic generation,benefit compression,More Skillset,moreskillset
2252,4,Skin Capability and Training,2,Benefit ladder / ultimate feeling,Explicit benefit or proposition,systematic generation,benefit compression,Better Learnable,betterlearnable
2253,4,Skin Capability and Training,2,Benefit ladder / ultimate feeling,Explicit benefit or proposition,systematic generation,benefit compression,Better Dose,betterdose
2254,4,Skin Capability and Training,2,Benefit ladder / ultimate feeling,Explicit benefit or proposition,systematic generation,benefit compression,Better Cue,bettercue
2255,4,Skin Capability and Training,2,Benefit ladder / ultimate feeling,Explicit benefit or proposition,systematic generation,benefit compression,Better Pattern,betterpattern
2256,4,Skin Capability and Training,2,Benefit ladder / ultimate feeling,Explicit benefit or proposition,systematic generation,benefit compression,Better Progression,betterprogression
2257,4,Skin Capability and Training,2,Benefit ladder / ultimate feeling,Explicit benefit or proposition,systematic generation,benefit compression,Better Rehearsal,betterrehearsal
2258,4,Skin Capability and Training,2,Benefit ladder / ultimate feeling,Explicit benefit or proposition,systematic generation,benefit compression,Better Steadywork,bettersteadywork
2259,4,Skin Capability and Training,2,Benefit ladder / ultimate feeling,Explicit benefit or proposition,systematic generation,benefit compression,Better Practicecycle,betterpracticecycle
2260,4,Skin Capability and Training,2,Benefit ladder / ultimate feeling,Explicit benefit or proposition,systematic generation,benefit compression,Better Workload,betterworkload
2261,4,Skin Capability and Training,2,Benefit ladder / ultimate feeling,Explicit benefit or proposition,systematic generation,benefit compression,Full Learnable,fulllearnable
2262,4,Skin Capability and Training,2,Benefit ladder / ultimate feeling,Explicit benefit or proposition,systematic generation,benefit compression,Full Dose,fulldose
2263,4,Skin Capability and Training,2,Benefit ladder / ultimate feeling,Explicit benefit or proposition,systematic generation,benefit compression,Full Cue,fullcue
2264,4,Skin Capability and Training,2,Benefit ladder / ultimate feeling,Explicit benefit or proposition,systematic generation,benefit compression,Full Pattern,fullpattern
2265,4,Skin Capability and Training,2,Benefit ladder / ultimate feeling,Explicit benefit or proposition,systematic generation,benefit compression,Full Progression,fullprogression
2266,4,Skin Capability and Training,2,Benefit ladder / ultimate feeling,Explicit benefit or proposition,systematic generation,benefit compression,Full Rehearsal,fullrehearsal
2267,4,Skin Capability and Training,2,Benefit ladder / ultimate feeling,Explicit benefit or proposition,systematic generation,benefit compression,Full Steadywork,fullsteadywork
2268,4,Skin Capability and Training,2,Benefit ladder / ultimate feeling,Explicit benefit or proposition,systematic generation,benefit compression,Full Practicecycle,fullpracticecycle
2269,4,Skin Capability and Training,2,Benefit ladder / ultimate feeling,Explicit benefit or proposition,systematic generation,benefit compression,Full Workload,fullworkload
2270,4,Skin Capability and Training,2,Benefit ladder / ultimate feeling,Explicit benefit or proposition,systematic generation,benefit compression,Good Trainable,goodtrainable
2271,4,Skin Capability and Training,2,Benefit ladder / ultimate feeling,Explicit benefit or proposition,systematic generation,benefit compression,Good Dose,gooddose
2272,4,Skin Capability and Training,2,Benefit ladder / ultimate feeling,Explicit benefit or proposition,systematic generation,benefit compression,Good Cue,goodcue
2273,4,Skin Capability and Training,2,Benefit ladder / ultimate feeling,Explicit benefit or proposition,systematic generation,benefit compression,Good Pattern,goodpattern
2274,4,Skin Capability and Training,2,Benefit ladder / ultimate feeling,Explicit benefit or proposition,systematic generation,benefit compression,Good Progression,goodprogression
2275,4,Skin Capability and Training,3,Reframe the question / name the future,Direct conceptual reframe,hand-authored,round-two curated depth seed,Skillful Skin,skillfulskin
2276,4,Skin Capability and Training,3,Reframe the question / name the future,Direct conceptual reframe,hand-authored,round-two curated depth seed,Workable Skin,workableskin
2277,4,Skin Capability and Training,3,Reframe the question / name the future,Direct conceptual reframe,systematic generation,future reframe,Trainable Skin Care,trainableskincare
2278,4,Skin Capability and Training,3,Reframe the question / name the future,Direct conceptual reframe,systematic generation,future reframe,The Learnable Routine,thelearnableroutine
2279,4,Skin Capability and Training,3,Reframe the question / name the future,Direct conceptual reframe,systematic generation,future reframe,Capability Becomes The Goal,capabilitybecomesthegoal
2280,4,Skin Capability and Training,3,Reframe the question / name the future,Direct conceptual reframe,systematic generation,future reframe,The New Practice Cycle,thenewpracticecycle
2281,4,Skin Capability and Training,3,Reframe the question / name the future,Direct conceptual reframe,systematic generation,future reframe,The Coaching Brand for Skin,thecoachingbrandforskin
2282,4,Skin Capability and Training,3,Reframe the question / name the future,Direct conceptual reframe,systematic generation,future reframe,From Application to Adaptation,fromapplicationtoadaptation
2283,4,Skin Capability and Training,3,Reframe the question / name the future,Direct conceptual reframe,systematic generation,future reframe,The Age of Skillful Skin,theageofskillfulskin
2284,4,Skin Capability and Training,3,Reframe the question / name the future,Direct conceptual reframe,systematic generation,future reframe,A Routine with Progression,aroutinewithprogression
2285,4,Skin Capability and Training,3,Reframe the question / name the future,Direct conceptual reframe,systematic generation,future reframe,Practice Builds Response,practicebuildsresponse
2286,4,Skin Capability and Training,3,Reframe the question / name the future,Direct conceptual reframe,systematic generation,future reframe,The Next Phase Is Capacity,thenextphaseiscapacity
2287,4,Skin Capability and Training,3,Reframe the question / name the future,Direct conceptual reframe,systematic generation,future reframe,Skincare in Training Blocks,skincareintrainingblocks
2288,4,Skin Capability and Training,3,Reframe the question / name the future,Direct conceptual reframe,systematic generation,future reframe,The Progressive Use System,theprogressiveusesystem
2289,4,Skin Capability and Training,3,Reframe the question / name the future,Direct conceptual reframe,systematic generation,future reframe,The Conditioned Face,theconditionedface
2290,4,Skin Capability and Training,3,Reframe the question / name the future,Direct conceptual reframe,systematic generation,future reframe,Skin with A Learning Curve,skinwithalearningcurve
2291,4,Skin Capability and Training,3,Reframe the question / name the future,Direct conceptual reframe,systematic generation,name the future matrix,Next Cue Card,nextcuecard
2292,4,Skin Capability and Training,3,Reframe the question / name the future,Direct conceptual reframe,systematic generation,name the future matrix,Next Progress Chart,nextprogresschart
2293,4,Skin Capability and Training,3,Reframe the question / name the future,Direct conceptual reframe,systematic generation,name the future matrix,Next Pace Marker,nextpacemarker
2294,4,Skin Capability and Training,3,Reframe the question / name the future,Direct conceptual reframe,systematic generation,name the future matrix,Next Skill Ladder,nextskillladder
2295,4,Skin Capability and Training,3,Reframe the question / name the future,Direct conceptual reframe,systematic generation,name the future matrix,Next Workbench,nextworkbench
2296,4,Skin Capability and Training,3,Reframe the question / name the future,Direct conceptual reframe,systematic generation,name the future matrix,Next Form Guide,nextformguide
2297,4,Skin Capability and Training,3,Reframe the question / name the future,Direct conceptual reframe,systematic generation,name the future matrix,Next Response Log,nextresponselog
2298,4,Skin Capability and Training,3,Reframe the question / name the future,Direct conceptual reframe,systematic generation,name the future matrix,Next Build Sheet,nextbuildsheet
2299,4,Skin Capability and Training,3,Reframe the question / name the future,Direct conceptual reframe,systematic generation,name the future matrix,New Training Block,newtrainingblock
2300,4,Skin Capability and Training,3,Reframe the question / name the future,Direct conceptual reframe,systematic generation,name the future matrix,New Work Set,newworkset
2301,4,Skin Capability and Training,3,Reframe the question / name the future,Direct conceptual reframe,systematic generation,name the future matrix,New Practice Log,newpracticelog
2302,4,Skin Capability and Training,3,Reframe the question / name the future,Direct conceptual reframe,systematic generation,name the future matrix,New Readiness Score,newreadinessscore
2303,4,Skin Capability and Training,3,Reframe the question / name the future,Direct conceptual reframe,systematic generation,name the future matrix,New Session Timer,newsessiontimer
2304,4,Skin Capability and Training,3,Reframe the question / name the future,Direct conceptual reframe,systematic generation,name the future matrix,New Dose Chart,newdosechart
2305,4,Skin Capability and Training,3,Reframe the question / name the future,Direct conceptual reframe,systematic generation,name the future matrix,Future Training Block,futuretrainingblock
2306,4,Skin Capability and Training,3,Reframe the question / name the future,Direct conceptual reframe,systematic generation,name the future matrix,Future Work Set,futureworkset
2307,4,Skin Capability and Training,3,Reframe the question / name the future,Direct conceptual reframe,systematic generation,name the future matrix,Future Practice Log,futurepracticelog
2308,4,Skin Capability and Training,3,Reframe the question / name the future,Direct conceptual reframe,systematic generation,name the future matrix,Future Readiness Score,futurereadinessscore
2309,4,Skin Capability and Training,3,Reframe the question / name the future,Direct conceptual reframe,systematic generation,name the future matrix,Future Session Timer,futuresessiontimer
2310,4,Skin Capability and Training,3,Reframe the question / name the future,Direct conceptual reframe,systematic generation,name the future matrix,Future Dose Chart,futuredosechart
2311,4,Skin Capability and Training,3,Reframe the question / name the future,Direct conceptual reframe,systematic generation,name the future matrix,Beyond Cue Card,beyondcuecard
2312,4,Skin Capability and Training,3,Reframe the question / name the future,Direct conceptual reframe,systematic generation,name the future matrix,Beyond Training Block,beyondtrainingblock
2313,4,Skin Capability and Training,3,Reframe the question / name the future,Direct conceptual reframe,systematic generation,name the future matrix,Beyond Work Set,beyondworkset
2314,4,Skin Capability and Training,3,Reframe the question / name the future,Direct conceptual reframe,systematic generation,name the future matrix,Beyond Practice Log,beyondpracticelog
2315,4,Skin Capability and Training,3,Reframe the question / name the future,Direct conceptual reframe,systematic generation,name the future matrix,Beyond Progress Chart,beyondprogresschart
2316,4,Skin Capability and Training,3,Reframe the question / name the future,Direct conceptual reframe,systematic generation,name the future matrix,Beyond Readiness Score,beyondreadinessscore
2317,4,Skin Capability and Training,3,Reframe the question / name the future,Direct conceptual reframe,systematic generation,name the future matrix,Beyond Pace Marker,beyondpacemarker
2318,4,Skin Capability and Training,3,Reframe the question / name the future,Direct conceptual reframe,systematic generation,name the future matrix,Beyond Form Guide,beyondformguide
2319,4,Skin Capability and Training,4,Anti-descriptor,Bold contradiction or anti-descriptor,systematic generation,anti-descriptor,Trainable Not Fixable,trainablenotfixable
2320,4,Skin Capability and Training,4,Anti-descriptor,Bold contradiction or anti-descriptor,systematic generation,anti-descriptor,Gentle Progression,gentleprogression
2321,4,Skin Capability and Training,4,Anti-descriptor,Bold contradiction or anti-descriptor,systematic generation,anti-descriptor,Rest Builds Capacity,restbuildscapacity
2322,4,Skin Capability and Training,4,Anti-descriptor,Bold contradiction or anti-descriptor,systematic generation,anti-descriptor,Practice Without Perfection,practicewithoutperfection
2323,4,Skin Capability and Training,4,Anti-descriptor,Bold contradiction or anti-descriptor,systematic generation,anti-descriptor,Minimum Work Maximum Adaptation,minimumworkmaximumadaptation
2324,4,Skin Capability and Training,4,Anti-descriptor,Bold contradiction or anti-descriptor,systematic generation,anti-descriptor,Soft Load Strong Response,softloadstrongresponse
2325,4,Skin Capability and Training,4,Anti-descriptor,Bold contradiction or anti-descriptor,systematic generation,anti-descriptor,No Punishing Routine,nopunishingroutine
2326,4,Skin Capability and Training,4,Anti-descriptor,Bold contradiction or anti-descriptor,systematic generation,anti-descriptor,Easy Repetition,easyrepetition
2327,4,Skin Capability and Training,4,Anti-descriptor,Bold contradiction or anti-descriptor,systematic generation,anti-descriptor,Less Force More Form,lessforcemoreform
2328,4,Skin Capability and Training,4,Anti-descriptor,Bold contradiction or anti-descriptor,systematic generation,anti-descriptor,Slow Work Fast Learning,slowworkfastlearning
2329,4,Skin Capability and Training,4,Anti-descriptor,Bold contradiction or anti-descriptor,systematic generation,anti-descriptor,No Hero Set,noheroset
2330,4,Skin Capability and Training,4,Anti-descriptor,Bold contradiction or anti-descriptor,systematic generation,anti-descriptor,Coach Not Command,coachnotcommand
2331,4,Skin Capability and Training,4,Anti-descriptor,Bold contradiction or anti-descriptor,systematic generation,anti-descriptor,Workable Not Perfect,workablenotperfect
2332,4,Skin Capability and Training,4,Anti-descriptor,Bold contradiction or anti-descriptor,systematic generation,anti-descriptor,Practice Before Promise,practicebeforepromise
2333,4,Skin Capability and Training,4,Anti-descriptor,Bold contradiction or anti-descriptor,systematic generation,anti-descriptor,Load Without Burn,loadwithoutburn
2334,4,Skin Capability and Training,4,Anti-descriptor,Bold contradiction or anti-descriptor,systematic generation,anti-category matrix,No Cue Card,nocuecard
2335,4,Skin Capability and Training,4,Anti-descriptor,Bold contradiction or anti-descriptor,systematic generation,anti-category matrix,No Training Block,notrainingblock
2336,4,Skin Capability and Training,4,Anti-descriptor,Bold contradiction or anti-descriptor,systematic generation,anti-category matrix,No Work Set,noworkset
2337,4,Skin Capability and Training,4,Anti-descriptor,Bold contradiction or anti-descriptor,systematic generation,anti-category matrix,No Practice Log,nopracticelog
2338,4,Skin Capability and Training,4,Anti-descriptor,Bold contradiction or anti-descriptor,systematic generation,anti-category matrix,No Progress Chart,noprogresschart
2339,4,Skin Capability and Training,4,Anti-descriptor,Bold contradiction or anti-descriptor,systematic generation,anti-category matrix,No Readiness Score,noreadinessscore
2340,4,Skin Capability and Training,4,Anti-descriptor,Bold contradiction or anti-descriptor,systematic generation,anti-category matrix,No Pace Marker,nopacemarker
2341,4,Skin Capability and Training,4,Anti-descriptor,Bold contradiction or anti-descriptor,systematic generation,anti-category matrix,No Form Guide,noformguide
2342,4,Skin Capability and Training,4,Anti-descriptor,Bold contradiction or anti-descriptor,systematic generation,anti-category matrix,No Dose Chart,nodosechart
2343,4,Skin Capability and Training,4,Anti-descriptor,Bold contradiction or anti-descriptor,systematic generation,anti-category matrix,No Response Log,noresponselog
2344,4,Skin Capability and Training,4,Anti-descriptor,Bold contradiction or anti-descriptor,systematic generation,anti-category matrix,No Build Sheet,nobuildsheet
2345,4,Skin Capability and Training,4,Anti-descriptor,Bold contradiction or anti-descriptor,systematic generation,anti-category matrix,Not Training Block,nottrainingblock
2346,4,Skin Capability and Training,4,Anti-descriptor,Bold contradiction or anti-descriptor,systematic generation,anti-category matrix,Not Work Set,notworkset
2347,4,Skin Capability and Training,4,Anti-descriptor,Bold contradiction or anti-descriptor,systematic generation,anti-category matrix,Not Practice Log,notpracticelog
2348,4,Skin Capability and Training,4,Anti-descriptor,Bold contradiction or anti-descriptor,systematic generation,anti-category matrix,Not Readiness Score,notreadinessscore
2349,4,Skin Capability and Training,4,Anti-descriptor,Bold contradiction or anti-descriptor,systematic generation,anti-category matrix,Not Session Timer,notsessiontimer
2350,4,Skin Capability and Training,4,Anti-descriptor,Bold contradiction or anti-descriptor,systematic generation,anti-category matrix,Not Dose Chart,notdosechart
2351,4,Skin Capability and Training,4,Anti-descriptor,Bold contradiction or anti-descriptor,systematic generation,anti-category matrix,Without Load Pin,withoutloadpin
2352,4,Skin Capability and Training,4,Anti-descriptor,Bold contradiction or anti-descriptor,systematic generation,anti-category matrix,Without Skill Ladder,withoutskillladder
2353,4,Skin Capability and Training,4,Anti-descriptor,Bold contradiction or anti-descriptor,systematic generation,anti-category matrix,Without Rehearsal Room,withoutrehearsalroom
2354,4,Skin Capability and Training,4,Anti-descriptor,Bold contradiction or anti-descriptor,systematic generation,anti-category matrix,Without Training Lane,withouttraininglane
2355,4,Skin Capability and Training,4,Anti-descriptor,Bold contradiction or anti-descriptor,systematic generation,anti-category matrix,Without Workbench,withoutworkbench
2356,4,Skin Capability and Training,4,Anti-descriptor,Bold contradiction or anti-descriptor,systematic generation,anti-category matrix,Beyond Cue Card,beyondcuecard
2357,4,Skin Capability and Training,4,Anti-descriptor,Bold contradiction or anti-descriptor,systematic generation,anti-category matrix,Beyond Training Block,beyondtrainingblock
2358,4,Skin Capability and Training,4,Anti-descriptor,Bold contradiction or anti-descriptor,systematic generation,anti-category matrix,Beyond Work Set,beyondworkset
2359,4,Skin Capability and Training,4,Anti-descriptor,Bold contradiction or anti-descriptor,systematic generation,anti-category matrix,Beyond Practice Log,beyondpracticelog
2360,4,Skin Capability and Training,4,Anti-descriptor,Bold contradiction or anti-descriptor,systematic generation,anti-category matrix,Beyond Progress Chart,beyondprogresschart
2361,4,Skin Capability and Training,5,Win by contrast,Unexpected imported term,systematic generation,far-field source contrast,Skill Acquisition,skillacquisition
2362,4,Skin Capability and Training,5,Win by contrast,Unexpected imported term,systematic generation,far-field source contrast,Training Transfer,trainingtransfer
2363,4,Skin Capability and Training,5,Win by contrast,Unexpected imported term,systematic generation,far-field source contrast,Motor Adaptation,motoradaptation
2364,4,Skin Capability and Training,5,Win by contrast,Unexpected imported term,systematic generation,far-field source contrast,Learning Curve,learningcurve
2365,4,Skin Capability and Training,5,Win by contrast,Unexpected imported term,systematic generation,far-field source contrast,Progressive Resistance,progressiveresistance
2366,4,Skin Capability and Training,5,Win by contrast,Unexpected imported term,systematic generation,far-field source contrast,Training Volume,trainingvolume
2367,4,Skin Capability and Training,5,Win by contrast,Unexpected imported term,systematic generation,far-field source contrast,Load Management,loadmanagement
2368,4,Skin Capability and Training,5,Win by contrast,Unexpected imported term,systematic generation,far-field source contrast,Readiness Score,readinessscore
2369,4,Skin Capability and Training,5,Win by contrast,Unexpected imported term,systematic generation,far-field source contrast,Distributed Practice,distributedpractice
2370,4,Skin Capability and Training,5,Win by contrast,Unexpected imported term,systematic generation,far-field source contrast,Retention Test,retentiontest
2371,4,Skin Capability and Training,5,Win by contrast,Unexpected imported term,systematic generation,far-field source contrast,Transfer Test,transfertest
2372,4,Skin Capability and Training,5,Win by contrast,Unexpected imported term,systematic generation,far-field source contrast,Practice Schedule,practiceschedule
2373,4,Skin Capability and Training,5,Win by contrast,Unexpected imported term,systematic generation,far-field source contrast,Acquisition Phase,acquisitionphase
2374,4,Skin Capability and Training,5,Win by contrast,Unexpected imported term,systematic generation,far-field source contrast,Consolidation Phase,consolidationphase
2375,4,Skin Capability and Training,5,Win by contrast,Unexpected imported term,systematic generation,far-field source contrast,Work to Rest Ratio,worktorestratio
2376,4,Skin Capability and Training,5,Win by contrast,Unexpected imported term,systematic generation,far-field source contrast,Dose Titration,dosetitration
2377,4,Skin Capability and Training,5,Win by contrast,Unexpected imported term,systematic generation,far-field source contrast,Response Adaptation,responseadaptation
2378,4,Skin Capability and Training,5,Win by contrast,Unexpected imported term,systematic generation,far-field source contrast,Conditioning Effect,conditioningeffect
2379,4,Skin Capability and Training,5,Win by contrast,Unexpected imported term,systematic generation,far-field source contrast,Foundation Phase,foundationphase
2380,4,Skin Capability and Training,5,Win by contrast,Unexpected imported term,systematic generation,contrast mononyms,Cue,cue
2381,4,Skin Capability and Training,5,Win by contrast,Unexpected imported term,systematic generation,contrast mononyms,Training Block,trainingblock
2382,4,Skin Capability and Training,5,Win by contrast,Unexpected imported term,systematic generation,contrast mononyms,Practice Log,practicelog
2383,4,Skin Capability and Training,5,Win by contrast,Unexpected imported term,systematic generation,contrast mononyms,Skill Ladder,skillladder
2384,4,Skin Capability and Training,5,Win by contrast,Unexpected imported term,systematic generation,contrast mononyms,Work Set,workset
2385,4,Skin Capability and Training,5,Win by contrast,Unexpected imported term,systematic generation,contrast mononyms,Rehearsal,rehearsal
2386,4,Skin Capability and Training,5,Win by contrast,Unexpected imported term,systematic generation,contrast mononyms,Build Phase,buildphase
2387,4,Skin Capability and Training,5,Win by contrast,Unexpected imported term,systematic generation,contrast mononyms,Foundation,foundation
2388,4,Skin Capability and Training,5,Win by contrast,Unexpected imported term,systematic generation,contrast mononyms,Pace Marker,pacemarker
2389,4,Skin Capability and Training,5,Win by contrast,Unexpected imported term,systematic generation,contrast mononyms,Form Guide,formguide
2390,4,Skin Capability and Training,5,Win by contrast,Unexpected imported term,systematic generation,contrast mononyms,Session Timer,sessiontimer
2391,4,Skin Capability and Training,5,Win by contrast,Unexpected imported term,systematic generation,contrast mononyms,Response Log,responselog
2392,4,Skin Capability and Training,5,Win by contrast,Unexpected imported term,systematic generation,contrast mononyms,Dose Chart,dosechart
2393,4,Skin Capability and Training,5,Win by contrast,Unexpected imported term,systematic generation,contrast mononyms,Training Lane,traininglane
2394,4,Skin Capability and Training,5,Win by contrast,Unexpected imported term,systematic generation,contrast mononyms,Workload,workload
2395,4,Skin Capability and Training,5,Win by contrast,Unexpected imported term,systematic generation,contrast mononyms,Progress Chart,progresschart
2396,4,Skin Capability and Training,5,Win by contrast,Unexpected imported term,systematic generation,cell fallback matrix,Full Cue Card,fullcuecard
2397,4,Skin Capability and Training,5,Win by contrast,Unexpected imported term,systematic generation,cell fallback matrix,Full Progress Chart,fullprogresschart
2398,4,Skin Capability and Training,5,Win by contrast,Unexpected imported term,systematic generation,cell fallback matrix,Full Pace Marker,fullpacemarker
2399,4,Skin Capability and Training,5,Win by contrast,Unexpected imported term,systematic generation,cell fallback matrix,Full Skill Ladder,fullskillladder
2400,4,Skin Capability and Training,5,Win by contrast,Unexpected imported term,systematic generation,cell fallback matrix,Full Workbench,fullworkbench
2401,4,Skin Capability and Training,5,Win by contrast,Unexpected imported term,systematic generation,cell fallback matrix,Full Form Guide,fullformguide
2402,4,Skin Capability and Training,5,Win by contrast,Unexpected imported term,systematic generation,cell fallback matrix,Full Response Log,fullresponselog
2403,4,Skin Capability and Training,6,Name the audacity / worldview,Short stance phrase,hand-authored,round-two curated depth seed,Cue The Response,cuetheresponse
2404,4,Skin Capability and Training,6,Name the audacity / worldview,Short stance phrase,hand-authored,round-two curated depth seed,Build by Degrees,buildbydegrees
2405,4,Skin Capability and Training,6,Name the audacity / worldview,Short stance phrase,systematic generation,worldview statements,Cue The Response,cuetheresponse
2406,4,Skin Capability and Training,6,Name the audacity / worldview,Short stance phrase,systematic generation,worldview statements,Build The Pattern,buildthepattern
2407,4,Skin Capability and Training,6,Name the audacity / worldview,Short stance phrase,systematic generation,worldview statements,Practice The Form,practicetheform
2408,4,Skin Capability and Training,6,Name the audacity / worldview,Short stance phrase,systematic generation,worldview statements,Train What Matters,trainwhatmatters
2409,4,Skin Capability and Training,6,Name the audacity / worldview,Short stance phrase,systematic generation,worldview statements,Dose The Work,dosethework
2410,4,Skin Capability and Training,6,Name the audacity / worldview,Short stance phrase,systematic generation,worldview statements,Repeat with Purpose,repeatwithpurpose
2411,4,Skin Capability and Training,6,Name the audacity / worldview,Short stance phrase,systematic generation,worldview statements,Keep The Load Useful,keeptheloaduseful
2412,4,Skin Capability and Training,6,Name the audacity / worldview,Short stance phrase,systematic generation,worldview statements,Make It Learnable,makeitlearnable
2413,4,Skin Capability and Training,6,Name the audacity / worldview,Short stance phrase,systematic generation,worldview statements,Work The Cycle,workthecycle
2414,4,Skin Capability and Training,6,Name the audacity / worldview,Short stance phrase,systematic generation,worldview statements,Check Readiness,checkreadiness
2415,4,Skin Capability and Training,6,Name the audacity / worldview,Short stance phrase,systematic generation,worldview statements,Transfer The Skill,transfertheskill
2416,4,Skin Capability and Training,6,Name the audacity / worldview,Short stance phrase,systematic generation,worldview statements,Coach The Skin,coachtheskin
2417,4,Skin Capability and Training,6,Name the audacity / worldview,Short stance phrase,systematic generation,worldview statements,Progress The Routine,progresstheroutine
2418,4,Skin Capability and Training,6,Name the audacity / worldview,Short stance phrase,systematic generation,worldview statements,Rehearse The Result,rehearsetheresult
2419,4,Skin Capability and Training,6,Name the audacity / worldview,Short stance phrase,systematic generation,worldview statements,Keep A Training Log,keepatraininglog
2420,4,Skin Capability and Training,6,Name the audacity / worldview,Short stance phrase,systematic generation,audacity commands,Choose Load Pin,chooseloadpin
2421,4,Skin Capability and Training,6,Name the audacity / worldview,Short stance phrase,systematic generation,audacity commands,Choose Skill Ladder,chooseskillladder
2422,4,Skin Capability and Training,6,Name the audacity / worldview,Short stance phrase,systematic generation,audacity commands,Choose Rehearsal Room,chooserehearsalroom
2423,4,Skin Capability and Training,6,Name the audacity / worldview,Short stance phrase,systematic generation,audacity commands,Choose Training Lane,choosetraininglane
2424,4,Skin Capability and Training,6,Name the audacity / worldview,Short stance phrase,systematic generation,audacity commands,Choose Workbench,chooseworkbench
2425,4,Skin Capability and Training,6,Name the audacity / worldview,Short stance phrase,systematic generation,audacity commands,Keep Load Pin,keeploadpin
2426,4,Skin Capability and Training,6,Name the audacity / worldview,Short stance phrase,systematic generation,audacity commands,Keep Skill Ladder,keepskillladder
2427,4,Skin Capability and Training,6,Name the audacity / worldview,Short stance phrase,systematic generation,audacity commands,Keep Rehearsal Room,keeprehearsalroom
2428,4,Skin Capability and Training,6,Name the audacity / worldview,Short stance phrase,systematic generation,audacity commands,Keep Training Lane,keeptraininglane
2429,4,Skin Capability and Training,6,Name the audacity / worldview,Short stance phrase,systematic generation,audacity commands,Keep Workbench,keepworkbench
2430,4,Skin Capability and Training,6,Name the audacity / worldview,Short stance phrase,systematic generation,audacity commands,Make Load Pin,makeloadpin
2431,4,Skin Capability and Training,6,Name the audacity / worldview,Short stance phrase,systematic generation,audacity commands,Make Rehearsal Room,makerehearsalroom
2432,4,Skin Capability and Training,6,Name the audacity / worldview,Short stance phrase,systematic generation,audacity commands,Make Training Lane,maketraininglane
2433,4,Skin Capability and Training,6,Name the audacity / worldview,Short stance phrase,systematic generation,audacity commands,Make Session Timer,makesessiontimer
2434,4,Skin Capability and Training,6,Name the audacity / worldview,Short stance phrase,systematic generation,audacity commands,Use Cue Card,usecuecard
2435,4,Skin Capability and Training,6,Name the audacity / worldview,Short stance phrase,systematic generation,audacity commands,Use Progress Chart,useprogresschart
2436,4,Skin Capability and Training,6,Name the audacity / worldview,Short stance phrase,systematic generation,audacity commands,Use Pace Marker,usepacemarker
2437,4,Skin Capability and Training,6,Name the audacity / worldview,Short stance phrase,systematic generation,audacity commands,Use Skill Ladder,useskillladder
2438,4,Skin Capability and Training,6,Name the audacity / worldview,Short stance phrase,systematic generation,audacity commands,Use Workbench,useworkbench
2439,4,Skin Capability and Training,6,Name the audacity / worldview,Short stance phrase,systematic generation,audacity commands,Use Form Guide,useformguide
2440,4,Skin Capability and Training,6,Name the audacity / worldview,Short stance phrase,systematic generation,audacity commands,Use Response Log,useresponselog
2441,4,Skin Capability and Training,6,Name the audacity / worldview,Short stance phrase,systematic generation,audacity commands,Use Build Sheet,usebuildsheet
2442,4,Skin Capability and Training,6,Name the audacity / worldview,Short stance phrase,systematic generation,audacity commands,Show Cue Card,showcuecard
2443,4,Skin Capability and Training,6,Name the audacity / worldview,Short stance phrase,systematic generation,audacity commands,Show Training Block,showtrainingblock
2444,4,Skin Capability and Training,6,Name the audacity / worldview,Short stance phrase,systematic generation,audacity commands,Show Work Set,showworkset
2445,4,Skin Capability and Training,6,Name the audacity / worldview,Short stance phrase,systematic generation,audacity commands,Show Practice Log,showpracticelog
2446,4,Skin Capability and Training,6,Name the audacity / worldview,Short stance phrase,systematic generation,audacity commands,Show Progress Chart,showprogresschart
2447,4,Skin Capability and Training,7,Deconstruct / reconstruct,Transparent spelling modification,systematic generation,single-vowel deletion,Learnble,learnble
2448,4,Skin Capability and Training,7,Deconstruct / reconstruct,Transparent spelling modification,systematic generation,single-vowel deletion,Trinable,trinable
2449,4,Skin Capability and Training,7,Deconstruct / reconstruct,Transparent spelling modification,systematic generation,single-vowel deletion,Coachble,coachble
2450,4,Skin Capability and Training,7,Deconstruct / reconstruct,Transparent spelling modification,systematic generation,single-vowel deletion,Dose,dose
2451,4,Skin Capability and Training,7,Deconstruct / reconstruct,Transparent spelling modification,systematic generation,single-vowel deletion,Cue,cue
2452,4,Skin Capability and Training,7,Deconstruct / reconstruct,Transparent spelling modification,systematic generation,single-vowel deletion,Pattrn,pattrn
2453,4,Skin Capability and Training,7,Deconstruct / reconstruct,Transparent spelling modification,systematic generation,single-vowel deletion,Prgression,prgression
2454,4,Skin Capability and Training,7,Deconstruct / reconstruct,Transparent spelling modification,systematic generation,single-vowel deletion,Readness,readness
2455,4,Skin Capability and Training,7,Deconstruct / reconstruct,Transparent spelling modification,systematic generation,single-vowel deletion,Acqisition,acqisition
2456,4,Skin Capability and Training,7,Deconstruct / reconstruct,Transparent spelling modification,systematic generation,single-vowel deletion,Reharsal,reharsal
2457,4,Skin Capability and Training,7,Deconstruct / reconstruct,Transparent spelling modification,systematic generation,single-vowel deletion,Condtioning,condtioning
2458,4,Skin Capability and Training,7,Deconstruct / reconstruct,Transparent spelling modification,systematic generation,single-vowel deletion,Stadywork,stadywork
2459,4,Skin Capability and Training,7,Deconstruct / reconstruct,Transparent spelling modification,systematic generation,single-vowel deletion,Prcticecycle,prcticecycle
2460,4,Skin Capability and Training,7,Deconstruct / reconstruct,Transparent spelling modification,systematic generation,single-vowel deletion,Worklad,worklad
2461,4,Skin Capability and Training,7,Deconstruct / reconstruct,Transparent spelling modification,systematic generation,single-vowel deletion,Respnsecraft,respnsecraft
2462,4,Skin Capability and Training,7,Deconstruct / reconstruct,Transparent spelling modification,systematic generation,single-vowel deletion,Capbilityset,capbilityset
2463,4,Skin Capability and Training,7,Deconstruct / reconstruct,Transparent spelling modification,systematic generation,single-vowel deletion,Foundtion,foundtion
2464,4,Skin Capability and Training,7,Deconstruct / reconstruct,Transparent spelling modification,systematic generation,single-vowel deletion,Triningblock,triningblock
2465,4,Skin Capability and Training,7,Deconstruct / reconstruct,Transparent spelling modification,systematic generation,single-vowel deletion,Prcticelog,prcticelog
2466,4,Skin Capability and Training,7,Deconstruct / reconstruct,Transparent spelling modification,systematic generation,single-vowel deletion,Workst,workst
2467,4,Skin Capability and Training,7,Deconstruct / reconstruct,Transparent spelling modification,systematic generation,single-vowel deletion,Readnessscore,readnessscore
2468,4,Skin Capability and Training,7,Deconstruct / reconstruct,Transparent spelling modification,systematic generation,single-vowel deletion,Pacmarker,pacmarker
2469,4,Skin Capability and Training,7,Deconstruct / reconstruct,Transparent spelling modification,systematic generation,single-vowel deletion,Formgide,formgide
2470,4,Skin Capability and Training,7,Deconstruct / reconstruct,Transparent spelling modification,systematic generation,single-vowel deletion,Sessontimer,sessontimer
2471,4,Skin Capability and Training,7,Deconstruct / reconstruct,Transparent spelling modification,systematic generation,single-vowel deletion,Respnselog,respnselog
2472,4,Skin Capability and Training,7,Deconstruct / reconstruct,Transparent spelling modification,systematic generation,single-vowel deletion,Doschart,doschart
2473,4,Skin Capability and Training,7,Deconstruct / reconstruct,Transparent spelling modification,systematic generation,single-vowel deletion,Trininglane,trininglane
2474,4,Skin Capability and Training,7,Deconstruct / reconstruct,Transparent spelling modification,systematic generation,single-vowel deletion,Prgresschart,prgresschart
2475,4,Skin Capability and Training,7,Deconstruct / reconstruct,Transparent spelling modification,systematic generation,joined reconstruction,Learnableprogression,learnableprogression
2476,4,Skin Capability and Training,7,Deconstruct / reconstruct,Transparent spelling modification,systematic generation,joined reconstruction,Learnablerehearsal,learnablerehearsal
2477,4,Skin Capability and Training,7,Deconstruct / reconstruct,Transparent spelling modification,systematic generation,joined reconstruction,Learnablesteadywork,learnablesteadywork
2478,4,Skin Capability and Training,7,Deconstruct / reconstruct,Transparent spelling modification,systematic generation,joined reconstruction,Learnablepracticecycle,learnablepracticecycle
2479,4,Skin Capability and Training,7,Deconstruct / reconstruct,Transparent spelling modification,systematic generation,joined reconstruction,Learnableworkload,learnableworkload
2480,4,Skin Capability and Training,7,Deconstruct / reconstruct,Transparent spelling modification,systematic generation,joined reconstruction,Learnablebuildphase,learnablebuildphase
2481,4,Skin Capability and Training,7,Deconstruct / reconstruct,Transparent spelling modification,systematic generation,joined reconstruction,Trainableprogression,trainableprogression
2482,4,Skin Capability and Training,7,Deconstruct / reconstruct,Transparent spelling modification,systematic generation,joined reconstruction,Trainableacquisition,trainableacquisition
2483,4,Skin Capability and Training,7,Deconstruct / reconstruct,Transparent spelling modification,systematic generation,joined reconstruction,Trainablesteadywork,trainablesteadywork
2484,4,Skin Capability and Training,7,Deconstruct / reconstruct,Transparent spelling modification,systematic generation,joined reconstruction,Trainablepracticecycle,trainablepracticecycle
2485,4,Skin Capability and Training,7,Deconstruct / reconstruct,Transparent spelling modification,systematic generation,joined reconstruction,Trainableresponsecraft,trainableresponsecraft
2486,4,Skin Capability and Training,7,Deconstruct / reconstruct,Transparent spelling modification,systematic generation,joined reconstruction,Coachableacquisition,coachableacquisition
2487,4,Skin Capability and Training,7,Deconstruct / reconstruct,Transparent spelling modification,systematic generation,joined reconstruction,Coachableconditioning,coachableconditioning
2488,4,Skin Capability and Training,7,Deconstruct / reconstruct,Transparent spelling modification,systematic generation,joined reconstruction,Coachableresponsecraft,coachableresponsecraft
2489,4,Skin Capability and Training,8,Portmanteau,Clean portmanteau,systematic generation,legible two-source blend,Learnaern,learnaern
2490,4,Skin Capability and Training,8,Portmanteau,Clean portmanteau,systematic generation,legible two-source blend,Learnation,learnation
2491,4,Skin Capability and Training,8,Portmanteau,Clean portmanteau,systematic generation,legible two-source blend,Learnaset,learnaset
2492,4,Skin Capability and Training,8,Portmanteau,Clean portmanteau,systematic generation,legible two-source blend,Learnacraft,learnacraft
2493,4,Skin Capability and Training,8,Portmanteau,Clean portmanteau,systematic generation,legible two-source blend,Learnaue,learnaue
2494,4,Skin Capability and Training,8,Portmanteau,Clean portmanteau,systematic generation,legible two-source blend,Trainasion,trainasion
2495,4,Skin Capability and Training,8,Portmanteau,Clean portmanteau,systematic generation,legible two-source blend,Trainarsal,trainarsal
2496,4,Skin Capability and Training,8,Portmanteau,Clean portmanteau,systematic generation,legible two-source blend,Trainacycle,trainacycle
2497,4,Skin Capability and Training,8,Portmanteau,Clean portmanteau,systematic generation,legible two-source blend,Trainatyset,trainatyset
2498,4,Skin Capability and Training,8,Portmanteau,Clean portmanteau,systematic generation,legible two-source blend,Trainablock,trainablock
2499,4,Skin Capability and Training,8,Portmanteau,Clean portmanteau,systematic generation,legible two-source blend,Coachaness,coachaness
2500,4,Skin Capability and Training,8,Portmanteau,Clean portmanteau,systematic generation,legible two-source blend,Coachaoning,coachaoning
2501,4,Skin Capability and Training,8,Portmanteau,Clean portmanteau,systematic generation,legible two-source blend,Coachaycle,coachaycle
2502,4,Skin Capability and Training,8,Portmanteau,Clean portmanteau,systematic generation,legible two-source blend,Coachahase,coachahase
2503,4,Skin Capability and Training,8,Portmanteau,Clean portmanteau,systematic generation,legible two-source blend,Coachaelog,coachaelog
2504,4,Skin Capability and Training,8,Portmanteau,Clean portmanteau,systematic generation,legible two-source blend,Dosfer,dosfer
2505,4,Skin Capability and Training,8,Portmanteau,Clean portmanteau,systematic generation,legible two-source blend,Doswork,doswork
2506,4,Skin Capability and Training,8,Portmanteau,Clean portmanteau,systematic generation,legible two-source blend,Dosoad,dosoad
2507,4,Skin Capability and Training,8,Portmanteau,Clean portmanteau,systematic generation,legible two-source blend,Dostion,dostion
2508,4,Skin Capability and Training,8,Portmanteau,Clean portmanteau,systematic generation,legible two-source blend,Dosdder,dosdder
2509,4,Skin Capability and Training,8,Portmanteau,Clean portmanteau,systematic generation,legible two-source blend,Cueern,cueern
2510,4,Skin Capability and Training,8,Portmanteau,Clean portmanteau,systematic generation,legible two-source blend,Cuetion,cuetion
2511,4,Skin Capability and Training,8,Portmanteau,Clean portmanteau,systematic generation,legible two-source blend,Cueset,cueset
2512,4,Skin Capability and Training,8,Portmanteau,Clean portmanteau,systematic generation,legible two-source blend,Cuecraft,cuecraft
2513,4,Skin Capability and Training,8,Portmanteau,Clean portmanteau,systematic generation,legible two-source blend,Cue,cue
2514,4,Skin Capability and Training,8,Portmanteau,Clean portmanteau,systematic generation,legible two-source blend,Pattesion,pattesion
2515,4,Skin Capability and Training,8,Portmanteau,Clean portmanteau,systematic generation,legible two-source blend,Pattersal,pattersal
2516,4,Skin Capability and Training,8,Portmanteau,Clean portmanteau,systematic generation,legible two-source blend,Pattecycle,pattecycle
2517,4,Skin Capability and Training,8,Portmanteau,Clean portmanteau,systematic generation,legible two-source blend,Pattetyset,pattetyset
2518,4,Skin Capability and Training,8,Portmanteau,Clean portmanteau,systematic generation,legible two-source blend,Patteblock,patteblock
2519,4,Skin Capability and Training,8,Portmanteau,Clean portmanteau,systematic generation,legible two-source blend,Progresness,progresness
2520,4,Skin Capability and Training,8,Portmanteau,Clean portmanteau,systematic generation,legible two-source blend,Progresoning,progresoning
2521,4,Skin Capability and Training,8,Portmanteau,Clean portmanteau,systematic generation,legible two-source blend,Progresycle,progresycle
2522,4,Skin Capability and Training,8,Portmanteau,Clean portmanteau,systematic generation,legible two-source blend,Progreshase,progreshase
2523,4,Skin Capability and Training,8,Portmanteau,Clean portmanteau,systematic generation,legible two-source blend,Progreselog,progreselog
2524,4,Skin Capability and Training,8,Portmanteau,Clean portmanteau,systematic generation,legible two-source blend,Readinfer,readinfer
2525,4,Skin Capability and Training,8,Portmanteau,Clean portmanteau,systematic generation,legible two-source blend,Readinessteadywork,readinessteadywork
2526,4,Skin Capability and Training,8,Portmanteau,Clean portmanteau,systematic generation,legible two-source blend,Readinoad,readinoad
2527,4,Skin Capability and Training,8,Portmanteau,Clean portmanteau,systematic generation,legible two-source blend,Readintion,readintion
2528,4,Skin Capability and Training,8,Portmanteau,Clean portmanteau,systematic generation,legible two-source blend,Readinesskillladder,readinesskillladder
2529,4,Skin Capability and Training,8,Portmanteau,Clean portmanteau,systematic generation,legible two-source blend,Transern,transern
2530,4,Skin Capability and Training,8,Portmanteau,Clean portmanteau,systematic generation,legible two-source blend,Transtion,transtion
2531,4,Skin Capability and Training,9,Morpheme engine,English-native compound or compression,hand-authored,round-two curated depth seed,Responsecraft,responsecraft
2532,4,Skin Capability and Training,9,Morpheme engine,English-native compound or compression,systematic generation,English-native morpheme engine,Learnwork,learnwork
2533,4,Skin Capability and Training,9,Morpheme engine,English-native compound or compression,systematic generation,English-native morpheme engine,Learnwise,learnwise
2534,4,Skin Capability and Training,9,Morpheme engine,English-native compound or compression,systematic generation,English-native morpheme engine,Learnline,learnline
2535,4,Skin Capability and Training,9,Morpheme engine,English-native compound or compression,systematic generation,English-native morpheme engine,Learnkind,learnkind
2536,4,Skin Capability and Training,9,Morpheme engine,English-native compound or compression,systematic generation,English-native morpheme engine,Learncraft,learncraft
2537,4,Skin Capability and Training,9,Morpheme engine,English-native compound or compression,systematic generation,English-native morpheme engine,Learnhouse,learnhouse
2538,4,Skin Capability and Training,9,Morpheme engine,English-native compound or compression,systematic generation,English-native morpheme engine,Learnpractice,learnpractice
2539,4,Skin Capability and Training,9,Morpheme engine,English-native compound or compression,systematic generation,English-native morpheme engine,Learncompany,learncompany
2540,4,Skin Capability and Training,9,Morpheme engine,English-native compound or compression,systematic generation,English-native morpheme engine,Learnway,learnway
2541,4,Skin Capability and Training,9,Morpheme engine,English-native compound or compression,systematic generation,English-native morpheme engine,Trainwise,trainwise
2542,4,Skin Capability and Training,9,Morpheme engine,English-native compound or compression,systematic generation,English-native morpheme engine,Trainward,trainward
2543,4,Skin Capability and Training,9,Morpheme engine,English-native compound or compression,systematic generation,English-native morpheme engine,Trainkind,trainkind
2544,4,Skin Capability and Training,9,Morpheme engine,English-native compound or compression,systematic generation,English-native morpheme engine,Trainmade,trainmade
2545,4,Skin Capability and Training,9,Morpheme engine,English-native compound or compression,systematic generation,English-native morpheme engine,Trainhouse,trainhouse
2546,4,Skin Capability and Training,9,Morpheme engine,English-native compound or compression,systematic generation,English-native morpheme engine,Trainstandard,trainstandard
2547,4,Skin Capability and Training,9,Morpheme engine,English-native compound or compression,systematic generation,English-native morpheme engine,Traincompany,traincompany
2548,4,Skin Capability and Training,9,Morpheme engine,English-native compound or compression,systematic generation,English-native morpheme engine,Trainclub,trainclub
2549,4,Skin Capability and Training,9,Morpheme engine,English-native compound or compression,systematic generation,English-native morpheme engine,Coachward,coachward
2550,4,Skin Capability and Training,9,Morpheme engine,English-native compound or compression,systematic generation,English-native morpheme engine,Coachmark,coachmark
2551,4,Skin Capability and Training,9,Morpheme engine,English-native compound or compression,systematic generation,English-native morpheme engine,Coachmade,coachmade
2552,4,Skin Capability and Training,9,Morpheme engine,English-native compound or compression,systematic generation,English-native morpheme engine,Coachform,coachform
2553,4,Skin Capability and Training,9,Morpheme engine,English-native compound or compression,systematic generation,English-native morpheme engine,Coachstandard,coachstandard
2554,4,Skin Capability and Training,9,Morpheme engine,English-native compound or compression,systematic generation,English-native morpheme engine,Coachmethod,coachmethod
2555,4,Skin Capability and Training,9,Morpheme engine,English-native compound or compression,systematic generation,English-native morpheme engine,Coachclub,coachclub
2556,4,Skin Capability and Training,9,Morpheme engine,English-native compound or compression,systematic generation,English-native morpheme engine,Coachstate,coachstate
2557,4,Skin Capability and Training,9,Morpheme engine,English-native compound or compression,systematic generation,English-native morpheme engine,Dosework,dosework
2558,4,Skin Capability and Training,9,Morpheme engine,English-native compound or compression,systematic generation,English-native morpheme engine,Dosemark,dosemark
2559,4,Skin Capability and Training,9,Morpheme engine,English-native compound or compression,systematic generation,English-native morpheme engine,Doseline,doseline
2560,4,Skin Capability and Training,9,Morpheme engine,English-native compound or compression,systematic generation,English-native morpheme engine,Doseform,doseform
2561,4,Skin Capability and Training,9,Morpheme engine,English-native compound or compression,systematic generation,English-native morpheme engine,Dosecraft,dosecraft
2562,4,Skin Capability and Training,9,Morpheme engine,English-native compound or compression,systematic generation,English-native morpheme engine,Dosemethod,dosemethod
2563,4,Skin Capability and Training,9,Morpheme engine,English-native compound or compression,systematic generation,English-native morpheme engine,Dosepractice,dosepractice
2564,4,Skin Capability and Training,9,Morpheme engine,English-native compound or compression,systematic generation,English-native morpheme engine,Dosestate,dosestate
2565,4,Skin Capability and Training,9,Morpheme engine,English-native compound or compression,systematic generation,English-native morpheme engine,Doseway,doseway
2566,4,Skin Capability and Training,9,Morpheme engine,English-native compound or compression,systematic generation,English-native morpheme engine,Cuework,cuework
2567,4,Skin Capability and Training,9,Morpheme engine,English-native compound or compression,systematic generation,English-native morpheme engine,Cuewise,cuewise
2568,4,Skin Capability and Training,9,Morpheme engine,English-native compound or compression,systematic generation,English-native morpheme engine,Cueline,cueline
2569,4,Skin Capability and Training,9,Morpheme engine,English-native compound or compression,systematic generation,English-native morpheme engine,Cuekind,cuekind
2570,4,Skin Capability and Training,9,Morpheme engine,English-native compound or compression,systematic generation,English-native morpheme engine,Cuecraft,cuecraft
2571,4,Skin Capability and Training,9,Morpheme engine,English-native compound or compression,systematic generation,English-native morpheme engine,Cuehouse,cuehouse
2572,4,Skin Capability and Training,9,Morpheme engine,English-native compound or compression,systematic generation,English-native morpheme engine,Cuepractice,cuepractice
2573,4,Skin Capability and Training,9,Morpheme engine,English-native compound or compression,systematic generation,English-native morpheme engine,Cuecompany,cuecompany
2574,4,Skin Capability and Training,10,Scientific borrowing,Authentic scientific terminology,systematic generation,authentic scientific terminology,Skill Acquisition,skillacquisition
2575,4,Skin Capability and Training,10,Scientific borrowing,Authentic scientific terminology,systematic generation,authentic scientific terminology,Learning Curve,learningcurve
2576,4,Skin Capability and Training,10,Scientific borrowing,Authentic scientific terminology,systematic generation,authentic scientific terminology,Training Transfer,trainingtransfer
2577,4,Skin Capability and Training,10,Scientific borrowing,Authentic scientific terminology,systematic generation,authentic scientific terminology,Motor Adaptation,motoradaptation
2578,4,Skin Capability and Training,10,Scientific borrowing,Authentic scientific terminology,systematic generation,authentic scientific terminology,Progressive Resistance,progressiveresistance
2579,4,Skin Capability and Training,10,Scientific borrowing,Authentic scientific terminology,systematic generation,authentic scientific terminology,Work to Rest Ratio,worktorestratio
2580,4,Skin Capability and Training,10,Scientific borrowing,Authentic scientific terminology,systematic generation,authentic scientific terminology,Stimulus Response,stimulusresponse
2581,4,Skin Capability and Training,10,Scientific borrowing,Authentic scientific terminology,systematic generation,authentic scientific terminology,Dose Titration,dosetitration
2582,4,Skin Capability and Training,10,Scientific borrowing,Authentic scientific terminology,systematic generation,authentic scientific terminology,Readiness Score,readinessscore
2583,4,Skin Capability and Training,10,Scientific borrowing,Authentic scientific terminology,systematic generation,authentic scientific terminology,Training Volume,trainingvolume
2584,4,Skin Capability and Training,10,Scientific borrowing,Authentic scientific terminology,systematic generation,authentic scientific terminology,Load Management,loadmanagement
2585,4,Skin Capability and Training,10,Scientific borrowing,Authentic scientific terminology,systematic generation,authentic scientific terminology,Adaptive Learning,adaptivelearning
2586,4,Skin Capability and Training,10,Scientific borrowing,Authentic scientific terminology,systematic generation,authentic scientific terminology,Practice Schedule,practiceschedule
2587,4,Skin Capability and Training,10,Scientific borrowing,Authentic scientific terminology,systematic generation,authentic scientific terminology,Distributed Practice,distributedpractice
2588,4,Skin Capability and Training,10,Scientific borrowing,Authentic scientific terminology,systematic generation,authentic scientific terminology,Retention Test,retentiontest
2589,4,Skin Capability and Training,10,Scientific borrowing,Authentic scientific terminology,systematic generation,authentic scientific terminology,Transfer Test,transfertest
2590,4,Skin Capability and Training,10,Scientific borrowing,Authentic scientific terminology,systematic generation,authentic scientific terminology,Response Adaptation,responseadaptation
2591,4,Skin Capability and Training,10,Scientific borrowing,Authentic scientific terminology,systematic generation,authentic scientific terminology,Conditioning Effect,conditioningeffect
2592,4,Skin Capability and Training,10,Scientific borrowing,Authentic scientific terminology,systematic generation,authentic scientific terminology,Acquisition Phase,acquisitionphase
2593,4,Skin Capability and Training,10,Scientific borrowing,Authentic scientific terminology,systematic generation,authentic scientific terminology,Consolidation Phase,consolidationphase
2594,4,Skin Capability and Training,10,Scientific borrowing,Authentic scientific terminology,systematic generation,technical compounds,Adaptive Load Pin,adaptiveloadpin
2595,4,Skin Capability and Training,10,Scientific borrowing,Authentic scientific terminology,systematic generation,technical compounds,Adaptive Rehearsal Room,adaptiverehearsalroom
2596,4,Skin Capability and Training,10,Scientific borrowing,Authentic scientific terminology,systematic generation,technical compounds,Adaptive Training Lane,adaptivetraininglane
2597,4,Skin Capability and Training,10,Scientific borrowing,Authentic scientific terminology,systematic generation,technical compounds,Adaptive Session Timer,adaptivesessiontimer
2598,4,Skin Capability and Training,10,Scientific borrowing,Authentic scientific terminology,systematic generation,technical compounds,Dynamic Cue Card,dynamiccuecard
2599,4,Skin Capability and Training,10,Scientific borrowing,Authentic scientific terminology,systematic generation,technical compounds,Dynamic Progress Chart,dynamicprogresschart
2600,4,Skin Capability and Training,10,Scientific borrowing,Authentic scientific terminology,systematic generation,technical compounds,Dynamic Pace Marker,dynamicpacemarker
2601,4,Skin Capability and Training,10,Scientific borrowing,Authentic scientific terminology,systematic generation,technical compounds,Dynamic Skill Ladder,dynamicskillladder
2602,4,Skin Capability and Training,10,Scientific borrowing,Authentic scientific terminology,systematic generation,technical compounds,Dynamic Workbench,dynamicworkbench
2603,4,Skin Capability and Training,10,Scientific borrowing,Authentic scientific terminology,systematic generation,technical compounds,Dynamic Form Guide,dynamicformguide
2604,4,Skin Capability and Training,10,Scientific borrowing,Authentic scientific terminology,systematic generation,technical compounds,Dynamic Response Log,dynamicresponselog
2605,4,Skin Capability and Training,10,Scientific borrowing,Authentic scientific terminology,systematic generation,technical compounds,Dynamic Build Sheet,dynamicbuildsheet
2606,4,Skin Capability and Training,10,Scientific borrowing,Authentic scientific terminology,systematic generation,technical compounds,Reference Load Pin,referenceloadpin
2607,4,Skin Capability and Training,10,Scientific borrowing,Authentic scientific terminology,systematic generation,technical compounds,Reference Rehearsal Room,referencerehearsalroom
2608,4,Skin Capability and Training,10,Scientific borrowing,Authentic scientific terminology,systematic generation,technical compounds,Reference Training Lane,referencetraininglane
2609,4,Skin Capability and Training,10,Scientific borrowing,Authentic scientific terminology,systematic generation,technical compounds,Reference Session Timer,referencesessiontimer
2610,4,Skin Capability and Training,10,Scientific borrowing,Authentic scientific terminology,systematic generation,technical compounds,Working Load Pin,workingloadpin
2611,4,Skin Capability and Training,10,Scientific borrowing,Authentic scientific terminology,systematic generation,technical compounds,Working Rehearsal Room,workingrehearsalroom
2612,4,Skin Capability and Training,10,Scientific borrowing,Authentic scientific terminology,systematic generation,technical compounds,Working Training Lane,workingtraininglane
2613,4,Skin Capability and Training,10,Scientific borrowing,Authentic scientific terminology,systematic generation,technical compounds,Working Session Timer,workingsessiontimer
2614,4,Skin Capability and Training,10,Scientific borrowing,Authentic scientific terminology,systematic generation,technical compounds,Primary Training Block,primarytrainingblock
2615,4,Skin Capability and Training,10,Scientific borrowing,Authentic scientific terminology,systematic generation,technical compounds,Primary Work Set,primaryworkset
2616,4,Skin Capability and Training,11,Sound-first coinage,Crisp sound-led coinage,systematic generation,phonosemantic sound matrix,Learn,learn
2617,4,Skin Capability and Training,11,Sound-first coinage,Crisp sound-led coinage,systematic generation,phonosemantic sound matrix,Lealine,lealine
2618,4,Skin Capability and Training,11,Sound-first coinage,Crisp sound-led coinage,systematic generation,phonosemantic sound matrix,Leaform,leaform
2619,4,Skin Capability and Training,11,Sound-first coinage,Crisp sound-led coinage,systematic generation,phonosemantic sound matrix,Leawell,leawell
2620,4,Skin Capability and Training,11,Sound-first coinage,Crisp sound-led coinage,systematic generation,phonosemantic sound matrix,Tratal,tratal
2621,4,Skin Capability and Training,11,Sound-first coinage,Crisp sound-led coinage,systematic generation,phonosemantic sound matrix,Tramark,tramark
2622,4,Skin Capability and Training,11,Sound-first coinage,Crisp sound-led coinage,systematic generation,phonosemantic sound matrix,Trawork,trawork
2623,4,Skin Capability and Training,11,Sound-first coinage,Crisp sound-led coinage,systematic generation,phonosemantic sound matrix,Trakind,trakind
2624,4,Skin Capability and Training,11,Sound-first coinage,Crisp sound-led coinage,systematic generation,phonosemantic sound matrix,Coaden,coaden
2625,4,Skin Capability and Training,11,Sound-first coinage,Crisp sound-led coinage,systematic generation,phonosemantic sound matrix,Coaset,coaset
2626,4,Skin Capability and Training,11,Sound-first coinage,Crisp sound-led coinage,systematic generation,phonosemantic sound matrix,Coaready,coaready
2627,4,Skin Capability and Training,11,Sound-first coinage,Crisp sound-led coinage,systematic generation,phonosemantic sound matrix,Coacraft,coacraft
2628,4,Skin Capability and Training,11,Sound-first coinage,Crisp sound-led coinage,systematic generation,phonosemantic sound matrix,Dosrn,dosrn
2629,4,Skin Capability and Training,11,Sound-first coinage,Crisp sound-led coinage,systematic generation,phonosemantic sound matrix,Dosline,dosline
2630,4,Skin Capability and Training,11,Sound-first coinage,Crisp sound-led coinage,systematic generation,phonosemantic sound matrix,Dosform,dosform
2631,4,Skin Capability and Training,11,Sound-first coinage,Crisp sound-led coinage,systematic generation,phonosemantic sound matrix,Doswell,doswell
2632,4,Skin Capability and Training,11,Sound-first coinage,Crisp sound-led coinage,systematic generation,phonosemantic sound matrix,Cuetal,cuetal
2633,4,Skin Capability and Training,11,Sound-first coinage,Crisp sound-led coinage,systematic generation,phonosemantic sound matrix,Cuemark,cuemark
2634,4,Skin Capability and Training,11,Sound-first coinage,Crisp sound-led coinage,systematic generation,phonosemantic sound matrix,Cuework,cuework
2635,4,Skin Capability and Training,11,Sound-first coinage,Crisp sound-led coinage,systematic generation,phonosemantic sound matrix,Cuekind,cuekind
2636,4,Skin Capability and Training,11,Sound-first coinage,Crisp sound-led coinage,systematic generation,phonosemantic sound matrix,Patden,patden
2637,4,Skin Capability and Training,11,Sound-first coinage,Crisp sound-led coinage,systematic generation,phonosemantic sound matrix,Patset,patset
2638,4,Skin Capability and Training,11,Sound-first coinage,Crisp sound-led coinage,systematic generation,phonosemantic sound matrix,Patready,patready
2639,4,Skin Capability and Training,11,Sound-first coinage,Crisp sound-led coinage,systematic generation,phonosemantic sound matrix,Patcraft,patcraft
2640,4,Skin Capability and Training,11,Sound-first coinage,Crisp sound-led coinage,systematic generation,phonosemantic sound matrix,Prorn,prorn
2641,4,Skin Capability and Training,11,Sound-first coinage,Crisp sound-led coinage,systematic generation,phonosemantic sound matrix,Proline,proline
2642,4,Skin Capability and Training,11,Sound-first coinage,Crisp sound-led coinage,systematic generation,phonosemantic sound matrix,Proform,proform
2643,4,Skin Capability and Training,11,Sound-first coinage,Crisp sound-led coinage,systematic generation,phonosemantic sound matrix,Prowell,prowell
2644,4,Skin Capability and Training,11,Sound-first coinage,Crisp sound-led coinage,systematic generation,phonosemantic sound matrix,Reatal,reatal
2645,4,Skin Capability and Training,11,Sound-first coinage,Crisp sound-led coinage,systematic generation,phonosemantic sound matrix,Reamark,reamark
2646,4,Skin Capability and Training,11,Sound-first coinage,Crisp sound-led coinage,systematic generation,phonosemantic sound matrix,Reawork,reawork
2647,4,Skin Capability and Training,11,Sound-first coinage,Crisp sound-led coinage,systematic generation,phonosemantic sound matrix,Reakind,reakind
2648,4,Skin Capability and Training,11,Sound-first coinage,Crisp sound-led coinage,systematic generation,phonosemantic sound matrix,Transden,transden
2649,4,Skin Capability and Training,11,Sound-first coinage,Crisp sound-led coinage,systematic generation,phonosemantic sound matrix,Transset,transset
2650,4,Skin Capability and Training,11,Sound-first coinage,Crisp sound-led coinage,systematic generation,phonosemantic sound matrix,Transready,transready
2651,4,Skin Capability and Training,11,Sound-first coinage,Crisp sound-led coinage,systematic generation,phonosemantic sound matrix,Transcraft,transcraft
2652,4,Skin Capability and Training,11,Sound-first coinage,Crisp sound-led coinage,systematic generation,phonosemantic sound matrix,Acqrn,acqrn
2653,4,Skin Capability and Training,11,Sound-first coinage,Crisp sound-led coinage,systematic generation,phonosemantic sound matrix,Acqline,acqline
2654,4,Skin Capability and Training,11,Sound-first coinage,Crisp sound-led coinage,systematic generation,phonosemantic sound matrix,Acqform,acqform
2655,4,Skin Capability and Training,11,Sound-first coinage,Crisp sound-led coinage,systematic generation,phonosemantic sound matrix,Acqwell,acqwell
2656,4,Skin Capability and Training,11,Sound-first coinage,Crisp sound-led coinage,systematic generation,phonosemantic sound matrix,Rehtal,rehtal
2657,4,Skin Capability and Training,11,Sound-first coinage,Crisp sound-led coinage,systematic generation,phonosemantic sound matrix,Rehmark,rehmark
2658,4,Skin Capability and Training,12,Structural / orthographic device,Meaningful notation or orthographic device,systematic generation,orthographic deletion,Learnble,learnble
2659,4,Skin Capability and Training,12,Structural / orthographic device,Meaningful notation or orthographic device,systematic generation,orthographic deletion,Trinable,trinable
2660,4,Skin Capability and Training,12,Structural / orthographic device,Meaningful notation or orthographic device,systematic generation,orthographic deletion,Coachble,coachble
2661,4,Skin Capability and Training,12,Structural / orthographic device,Meaningful notation or orthographic device,systematic generation,orthographic deletion,Dose,dose
2662,4,Skin Capability and Training,12,Structural / orthographic device,Meaningful notation or orthographic device,systematic generation,orthographic deletion,Cue,cue
2663,4,Skin Capability and Training,12,Structural / orthographic device,Meaningful notation or orthographic device,systematic generation,orthographic deletion,Pattrn,pattrn
2664,4,Skin Capability and Training,12,Structural / orthographic device,Meaningful notation or orthographic device,systematic generation,orthographic deletion,Prgression,prgression
2665,4,Skin Capability and Training,12,Structural / orthographic device,Meaningful notation or orthographic device,systematic generation,orthographic deletion,Readness,readness
2666,4,Skin Capability and Training,12,Structural / orthographic device,Meaningful notation or orthographic device,systematic generation,orthographic deletion,Acqisition,acqisition
2667,4,Skin Capability and Training,12,Structural / orthographic device,Meaningful notation or orthographic device,systematic generation,orthographic deletion,Reharsal,reharsal
2668,4,Skin Capability and Training,12,Structural / orthographic device,Meaningful notation or orthographic device,systematic generation,orthographic deletion,Condtioning,condtioning
2669,4,Skin Capability and Training,12,Structural / orthographic device,Meaningful notation or orthographic device,systematic generation,orthographic deletion,Stadywork,stadywork
2670,4,Skin Capability and Training,12,Structural / orthographic device,Meaningful notation or orthographic device,systematic generation,orthographic deletion,Prcticecycle,prcticecycle
2671,4,Skin Capability and Training,12,Structural / orthographic device,Meaningful notation or orthographic device,systematic generation,orthographic deletion,Worklad,worklad
2672,4,Skin Capability and Training,12,Structural / orthographic device,Meaningful notation or orthographic device,systematic generation,orthographic deletion,Respnsecraft,respnsecraft
2673,4,Skin Capability and Training,12,Structural / orthographic device,Meaningful notation or orthographic device,systematic generation,orthographic deletion,Capbilityset,capbilityset
2674,4,Skin Capability and Training,12,Structural / orthographic device,Meaningful notation or orthographic device,systematic generation,orthographic deletion,Foundtion,foundtion
2675,4,Skin Capability and Training,12,Structural / orthographic device,Meaningful notation or orthographic device,systematic generation,meaningful numbering,Learnable One,learnableone
2676,4,Skin Capability and Training,12,Structural / orthographic device,Meaningful notation or orthographic device,systematic generation,meaningful numbering,Trainable One,trainableone
2677,4,Skin Capability and Training,12,Structural / orthographic device,Meaningful notation or orthographic device,systematic generation,meaningful numbering,Coachable One,coachableone
2678,4,Skin Capability and Training,12,Structural / orthographic device,Meaningful notation or orthographic device,systematic generation,meaningful numbering,Dose One,doseone
2679,4,Skin Capability and Training,12,Structural / orthographic device,Meaningful notation or orthographic device,systematic generation,meaningful numbering,Cue One,cueone
2680,4,Skin Capability and Training,12,Structural / orthographic device,Meaningful notation or orthographic device,systematic generation,meaningful numbering,Pattern One,patternone
2681,4,Skin Capability and Training,12,Structural / orthographic device,Meaningful notation or orthographic device,systematic generation,meaningful numbering,Progression One,progressionone
2682,4,Skin Capability and Training,12,Structural / orthographic device,Meaningful notation or orthographic device,systematic generation,meaningful numbering,Readiness One,readinessone
2683,4,Skin Capability and Training,12,Structural / orthographic device,Meaningful notation or orthographic device,systematic generation,meaningful numbering,Transfer One,transferone
2684,4,Skin Capability and Training,12,Structural / orthographic device,Meaningful notation or orthographic device,systematic generation,meaningful numbering,Acquisition One,acquisitionone
2685,4,Skin Capability and Training,12,Structural / orthographic device,Meaningful notation or orthographic device,systematic generation,meaningful numbering,Rehearsal One,rehearsalone
2686,4,Skin Capability and Training,12,Structural / orthographic device,Meaningful notation or orthographic device,systematic generation,meaningful numbering,Conditioning One,conditioningone
2687,4,Skin Capability and Training,12,Structural / orthographic device,Meaningful notation or orthographic device,systematic generation,plus notation,Cue Plus,cueplus
2688,4,Skin Capability and Training,12,Structural / orthographic device,Meaningful notation or orthographic device,systematic generation,plus notation,Pattern Plus,patternplus
2689,4,Skin Capability and Training,12,Structural / orthographic device,Meaningful notation or orthographic device,systematic generation,plus notation,Progression Plus,progressionplus
2690,4,Skin Capability and Training,12,Structural / orthographic device,Meaningful notation or orthographic device,systematic generation,plus notation,Readiness Plus,readinessplus
2691,4,Skin Capability and Training,12,Structural / orthographic device,Meaningful notation or orthographic device,systematic generation,plus notation,Transfer Plus,transferplus
2692,4,Skin Capability and Training,12,Structural / orthographic device,Meaningful notation or orthographic device,systematic generation,plus notation,Acquisition Plus,acquisitionplus
2693,4,Skin Capability and Training,12,Structural / orthographic device,Meaningful notation or orthographic device,systematic generation,plus notation,Rehearsal Plus,rehearsalplus
2694,4,Skin Capability and Training,12,Structural / orthographic device,Meaningful notation or orthographic device,systematic generation,plus notation,Conditioning Plus,conditioningplus
2695,4,Skin Capability and Training,12,Structural / orthographic device,Meaningful notation or orthographic device,systematic generation,plus notation,Steadywork Plus,steadyworkplus
2696,4,Skin Capability and Training,12,Structural / orthographic device,Meaningful notation or orthographic device,systematic generation,plus notation,Skillset Plus,skillsetplus
2697,4,Skin Capability and Training,12,Structural / orthographic device,Meaningful notation or orthographic device,systematic generation,plus notation,Practicecycle Plus,practicecycleplus
2698,4,Skin Capability and Training,12,Structural / orthographic device,Meaningful notation or orthographic device,systematic generation,joined word device,Learnableprogression,learnableprogression
2699,4,Skin Capability and Training,12,Structural / orthographic device,Meaningful notation or orthographic device,systematic generation,joined word device,Learnablerehearsal,learnablerehearsal
2700,4,Skin Capability and Training,13,Compound: one plus one equals three,Category-relevant compound,systematic generation,one plus one equals three,Full Cue Card,fullcuecard
2701,4,Skin Capability and Training,13,Compound: one plus one equals three,Category-relevant compound,systematic generation,one plus one equals three,Full Progress Chart,fullprogresschart
2702,4,Skin Capability and Training,13,Compound: one plus one equals three,Category-relevant compound,systematic generation,one plus one equals three,Full Pace Marker,fullpacemarker
2703,4,Skin Capability and Training,13,Compound: one plus one equals three,Category-relevant compound,systematic generation,one plus one equals three,Full Skill Ladder,fullskillladder
2704,4,Skin Capability and Training,13,Compound: one plus one equals three,Category-relevant compound,systematic generation,one plus one equals three,Full Workbench,fullworkbench
2705,4,Skin Capability and Training,13,Compound: one plus one equals three,Category-relevant compound,systematic generation,one plus one equals three,Full Form Guide,fullformguide
2706,4,Skin Capability and Training,13,Compound: one plus one equals three,Category-relevant compound,systematic generation,one plus one equals three,Full Response Log,fullresponselog
2707,4,Skin Capability and Training,13,Compound: one plus one equals three,Category-relevant compound,systematic generation,one plus one equals three,Full Build Sheet,fullbuildsheet
2708,4,Skin Capability and Training,13,Compound: one plus one equals three,Category-relevant compound,systematic generation,one plus one equals three,Full Cue,fullcue
2709,4,Skin Capability and Training,13,Compound: one plus one equals three,Category-relevant compound,systematic generation,one plus one equals three,Open Load Pin,openloadpin
2710,4,Skin Capability and Training,13,Compound: one plus one equals three,Category-relevant compound,systematic generation,one plus one equals three,Open Skill Ladder,openskillladder
2711,4,Skin Capability and Training,13,Compound: one plus one equals three,Category-relevant compound,systematic generation,one plus one equals three,Open Rehearsal Room,openrehearsalroom
2712,4,Skin Capability and Training,13,Compound: one plus one equals three,Category-relevant compound,systematic generation,one plus one equals three,Open Training Lane,opentraininglane
2713,4,Skin Capability and Training,13,Compound: one plus one equals three,Category-relevant compound,systematic generation,one plus one equals three,Open Workbench,openworkbench
2714,4,Skin Capability and Training,13,Compound: one plus one equals three,Category-relevant compound,systematic generation,one plus one equals three,Open Foundation Phase,openfoundationphase
2715,4,Skin Capability and Training,13,Compound: one plus one equals three,Category-relevant compound,systematic generation,one plus one equals three,Open Practice Log,openpracticelog
2716,4,Skin Capability and Training,13,Compound: one plus one equals three,Category-relevant compound,systematic generation,one plus one equals three,Open Rehearsal,openrehearsal
2717,4,Skin Capability and Training,13,Compound: one plus one equals three,Category-relevant compound,systematic generation,one plus one equals three,True Load Pin,trueloadpin
2718,4,Skin Capability and Training,13,Compound: one plus one equals three,Category-relevant compound,systematic generation,one plus one equals three,True Rehearsal Room,truerehearsalroom
2719,4,Skin Capability and Training,13,Compound: one plus one equals three,Category-relevant compound,systematic generation,one plus one equals three,True Training Lane,truetraininglane
2720,4,Skin Capability and Training,13,Compound: one plus one equals three,Category-relevant compound,systematic generation,one plus one equals three,True Session Timer,truesessiontimer
2721,4,Skin Capability and Training,13,Compound: one plus one equals three,Category-relevant compound,systematic generation,one plus one equals three,True Foundation Phase,truefoundationphase
2722,4,Skin Capability and Training,13,Compound: one plus one equals three,Category-relevant compound,systematic generation,one plus one equals three,True Transfer Test,truetransfertest
2723,4,Skin Capability and Training,13,Compound: one plus one equals three,Category-relevant compound,systematic generation,one plus one equals three,True Practice Log,truepracticelog
2724,4,Skin Capability and Training,13,Compound: one plus one equals three,Category-relevant compound,systematic generation,one plus one equals three,True Work Set,trueworkset
2725,4,Skin Capability and Training,13,Compound: one plus one equals three,Category-relevant compound,systematic generation,one plus one equals three,True Rehearsal,truerehearsal
2726,4,Skin Capability and Training,13,Compound: one plus one equals three,Category-relevant compound,systematic generation,one plus one equals three,Next Training Block,nexttrainingblock
2727,4,Skin Capability and Training,13,Compound: one plus one equals three,Category-relevant compound,systematic generation,one plus one equals three,Next Work Set,nextworkset
2728,4,Skin Capability and Training,13,Compound: one plus one equals three,Category-relevant compound,systematic generation,one plus one equals three,Next Practice Log,nextpracticelog
2729,4,Skin Capability and Training,13,Compound: one plus one equals three,Category-relevant compound,systematic generation,one plus one equals three,Next Readiness Score,nextreadinessscore
2730,4,Skin Capability and Training,13,Compound: one plus one equals three,Category-relevant compound,systematic generation,one plus one equals three,Next Session Timer,nextsessiontimer
2731,4,Skin Capability and Training,13,Compound: one plus one equals three,Category-relevant compound,systematic generation,one plus one equals three,Next Dose Chart,nextdosechart
2732,4,Skin Capability and Training,13,Compound: one plus one equals three,Category-relevant compound,systematic generation,one plus one equals three,Next Transfer Test,nexttransfertest
2733,4,Skin Capability and Training,13,Compound: one plus one equals three,Category-relevant compound,systematic generation,one plus one equals three,Next Skill Ladder,nextskillladder
2734,4,Skin Capability and Training,13,Compound: one plus one equals three,Category-relevant compound,systematic generation,one plus one equals three,Long Cue Card,longcuecard
2735,4,Skin Capability and Training,13,Compound: one plus one equals three,Category-relevant compound,systematic generation,one plus one equals three,Long Training Block,longtrainingblock
2736,4,Skin Capability and Training,13,Compound: one plus one equals three,Category-relevant compound,systematic generation,one plus one equals three,Long Work Set,longworkset
2737,4,Skin Capability and Training,13,Compound: one plus one equals three,Category-relevant compound,systematic generation,one plus one equals three,Long Practice Log,longpracticelog
2738,4,Skin Capability and Training,13,Compound: one plus one equals three,Category-relevant compound,systematic generation,one plus one equals three,Long Progress Chart,longprogresschart
2739,4,Skin Capability and Training,13,Compound: one plus one equals three,Category-relevant compound,systematic generation,one plus one equals three,Long Readiness Score,longreadinessscore
2740,4,Skin Capability and Training,13,Compound: one plus one equals three,Category-relevant compound,systematic generation,one plus one equals three,Long Pace Marker,longpacemarker
2741,4,Skin Capability and Training,13,Compound: one plus one equals three,Category-relevant compound,systematic generation,one plus one equals three,Long Form Guide,longformguide
2742,4,Skin Capability and Training,14,Real-word metaphor or eponym,Unexpected real word or metaphor,hand-authored,round-two curated depth seed,Trainable,trainable
2743,4,Skin Capability and Training,14,Real-word metaphor or eponym,Unexpected real word or metaphor,hand-authored,round-two curated depth seed,Learnable,learnable
2744,4,Skin Capability and Training,14,Real-word metaphor or eponym,Unexpected real word or metaphor,systematic generation,real-word metaphor,Cue,cue
2745,4,Skin Capability and Training,14,Real-word metaphor or eponym,Unexpected real word or metaphor,systematic generation,real-word metaphor,Training Block,trainingblock
2746,4,Skin Capability and Training,14,Real-word metaphor or eponym,Unexpected real word or metaphor,systematic generation,real-word metaphor,Practice Log,practicelog
2747,4,Skin Capability and Training,14,Real-word metaphor or eponym,Unexpected real word or metaphor,systematic generation,real-word metaphor,Skill Ladder,skillladder
2748,4,Skin Capability and Training,14,Real-word metaphor or eponym,Unexpected real word or metaphor,systematic generation,real-word metaphor,Work Set,workset
2749,4,Skin Capability and Training,14,Real-word metaphor or eponym,Unexpected real word or metaphor,systematic generation,real-word metaphor,Rehearsal,rehearsal
2750,4,Skin Capability and Training,14,Real-word metaphor or eponym,Unexpected real word or metaphor,systematic generation,real-word metaphor,Readiness Score,readinessscore
2751,4,Skin Capability and Training,14,Real-word metaphor or eponym,Unexpected real word or metaphor,systematic generation,real-word metaphor,Learning Curve,learningcurve
2752,4,Skin Capability and Training,14,Real-word metaphor or eponym,Unexpected real word or metaphor,systematic generation,real-word metaphor,Build Phase,buildphase
2753,4,Skin Capability and Training,14,Real-word metaphor or eponym,Unexpected real word or metaphor,systematic generation,real-word metaphor,Foundation,foundation
2754,4,Skin Capability and Training,14,Real-word metaphor or eponym,Unexpected real word or metaphor,systematic generation,real-word metaphor,Transfer Test,transfertest
2755,4,Skin Capability and Training,14,Real-word metaphor or eponym,Unexpected real word or metaphor,systematic generation,real-word metaphor,Pace Marker,pacemarker
2756,4,Skin Capability and Training,14,Real-word metaphor or eponym,Unexpected real word or metaphor,systematic generation,real-word metaphor,Form Guide,formguide
2757,4,Skin Capability and Training,14,Real-word metaphor or eponym,Unexpected real word or metaphor,systematic generation,real-word metaphor,Session Timer,sessiontimer
2758,4,Skin Capability and Training,14,Real-word metaphor or eponym,Unexpected real word or metaphor,systematic generation,real-word metaphor,Response Log,responselog
2759,4,Skin Capability and Training,14,Real-word metaphor or eponym,Unexpected real word or metaphor,systematic generation,real-word metaphor,Dose Chart,dosechart
2760,4,Skin Capability and Training,14,Real-word metaphor or eponym,Unexpected real word or metaphor,systematic generation,real-word metaphor,Training Lane,traininglane
2761,4,Skin Capability and Training,14,Real-word metaphor or eponym,Unexpected real word or metaphor,systematic generation,real-word metaphor,Workload,workload
2762,4,Skin Capability and Training,14,Real-word metaphor or eponym,Unexpected real word or metaphor,systematic generation,real-word metaphor,Progress Chart,progresschart
2763,4,Skin Capability and Training,14,Real-word metaphor or eponym,Unexpected real word or metaphor,systematic generation,real object as brand,Cue Card,cuecard
2764,4,Skin Capability and Training,14,Real-word metaphor or eponym,Unexpected real word or metaphor,systematic generation,real object as brand,Load Pin,loadpin
2765,4,Skin Capability and Training,14,Real-word metaphor or eponym,Unexpected real word or metaphor,systematic generation,real object as brand,Rehearsal Room,rehearsalroom
2766,4,Skin Capability and Training,14,Real-word metaphor or eponym,Unexpected real word or metaphor,systematic generation,real object as brand,Workbench,workbench
2767,4,Skin Capability and Training,14,Real-word metaphor or eponym,Unexpected real word or metaphor,systematic generation,real object as brand,Build Sheet,buildsheet
2768,4,Skin Capability and Training,14,Real-word metaphor or eponym,Unexpected real word or metaphor,systematic generation,real object as brand,Foundation Phase,foundationphase
2769,4,Skin Capability and Training,14,Real-word metaphor or eponym,Unexpected real word or metaphor,systematic generation,cell fallback matrix,Full Cue Card,fullcuecard
2770,4,Skin Capability and Training,14,Real-word metaphor or eponym,Unexpected real word or metaphor,systematic generation,cell fallback matrix,Full Progress Chart,fullprogresschart
2771,4,Skin Capability and Training,14,Real-word metaphor or eponym,Unexpected real word or metaphor,systematic generation,cell fallback matrix,Full Pace Marker,fullpacemarker
2772,4,Skin Capability and Training,14,Real-word metaphor or eponym,Unexpected real word or metaphor,systematic generation,cell fallback matrix,Full Skill Ladder,fullskillladder
2773,4,Skin Capability and Training,14,Real-word metaphor or eponym,Unexpected real word or metaphor,systematic generation,cell fallback matrix,Full Workbench,fullworkbench
2774,4,Skin Capability and Training,14,Real-word metaphor or eponym,Unexpected real word or metaphor,systematic generation,cell fallback matrix,Full Form Guide,fullformguide
2775,4,Skin Capability and Training,14,Real-word metaphor or eponym,Unexpected real word or metaphor,systematic generation,cell fallback matrix,Full Response Log,fullresponselog
2776,4,Skin Capability and Training,14,Real-word metaphor or eponym,Unexpected real word or metaphor,systematic generation,cell fallback matrix,Full Build Sheet,fullbuildsheet
2777,4,Skin Capability and Training,14,Real-word metaphor or eponym,Unexpected real word or metaphor,systematic generation,cell fallback matrix,Full Cue,fullcue
2778,4,Skin Capability and Training,14,Real-word metaphor or eponym,Unexpected real word or metaphor,systematic generation,cell fallback matrix,Full Readiness Score,fullreadinessscore
2779,4,Skin Capability and Training,14,Real-word metaphor or eponym,Unexpected real word or metaphor,systematic generation,cell fallback matrix,Full Learning Curve,fulllearningcurve
2780,4,Skin Capability and Training,14,Real-word metaphor or eponym,Unexpected real word or metaphor,systematic generation,cell fallback matrix,Full Transfer Test,fulltransfertest
2781,4,Skin Capability and Training,14,Real-word metaphor or eponym,Unexpected real word or metaphor,systematic generation,cell fallback matrix,Full Session Timer,fullsessiontimer
2782,4,Skin Capability and Training,14,Real-word metaphor or eponym,Unexpected real word or metaphor,systematic generation,cell fallback matrix,Full Coachable,fullcoachable
2783,4,Skin Capability and Training,14,Real-word metaphor or eponym,Unexpected real word or metaphor,systematic generation,cell fallback matrix,Full Readiness,fullreadiness
2784,4,Skin Capability and Training,14,Real-word metaphor or eponym,Unexpected real word or metaphor,systematic generation,cell fallback matrix,Full Transfer,fulltransfer
2785,4,Skin Capability and Training,14,Real-word metaphor or eponym,Unexpected real word or metaphor,systematic generation,cell fallback matrix,Full Conditioning,fullconditioning
2786,4,Skin Capability and Training,15,World-language hunt,World-language borrowing,systematic generation,world-language source hunt,Allenamento,allenamento
2787,4,Skin Capability and Training,15,World-language hunt,World-language borrowing,systematic generation,world-language source hunt,Pratica,pratica
2788,4,Skin Capability and Training,15,World-language hunt,World-language borrowing,systematic generation,world-language source hunt,Forma,forma
2789,4,Skin Capability and Training,15,World-language hunt,World-language borrowing,systematic generation,world-language source hunt,Esercizio,esercizio
2790,4,Skin Capability and Training,15,World-language hunt,World-language borrowing,systematic generation,world-language source hunt,Habitus,habitus
2791,4,Skin Capability and Training,15,World-language hunt,World-language borrowing,systematic generation,world-language source hunt,Capace,capace
2792,4,Skin Capability and Training,15,World-language hunt,World-language borrowing,systematic generation,world-language source hunt,Entreno,entreno
2793,4,Skin Capability and Training,15,World-language hunt,World-language borrowing,systematic generation,world-language source hunt,Uebung,uebung
2794,4,Skin Capability and Training,15,World-language hunt,World-language borrowing,systematic generation,world-language source hunt,Technik,technik
2795,4,Skin Capability and Training,15,World-language hunt,World-language borrowing,systematic generation,world-language source hunt,Progresso,progresso
2796,4,Skin Capability and Training,15,World-language hunt,World-language borrowing,systematic generation,world-language source hunt,Aptitude,aptitude
2797,4,Skin Capability and Training,15,World-language hunt,World-language borrowing,systematic generation,world-language source hunt,Rehearsal,rehearsal
2798,4,Skin Capability and Training,15,World-language hunt,World-language borrowing,systematic generation,transparent world-language compound,Casa Allenamento,casaallenamento
2799,4,Skin Capability and Training,15,World-language hunt,World-language borrowing,systematic generation,transparent world-language compound,Casa Pratica,casapratica
2800,4,Skin Capability and Training,15,World-language hunt,World-language borrowing,systematic generation,transparent world-language compound,Casa Habitus,casahabitus
2801,4,Skin Capability and Training,15,World-language hunt,World-language borrowing,systematic generation,transparent world-language compound,Casa Capace,casacapace
2802,4,Skin Capability and Training,15,World-language hunt,World-language borrowing,systematic generation,transparent world-language compound,Casa Entreno,casaentreno
2803,4,Skin Capability and Training,15,World-language hunt,World-language borrowing,systematic generation,transparent world-language compound,Casa Uebung,casauebung
2804,4,Skin Capability and Training,15,World-language hunt,World-language borrowing,systematic generation,transparent world-language compound,Casa Progresso,casaprogresso
2805,4,Skin Capability and Training,15,World-language hunt,World-language borrowing,systematic generation,transparent world-language compound,Casa Aptitude,casaaptitude
2806,4,Skin Capability and Training,15,World-language hunt,World-language borrowing,systematic generation,transparent world-language compound,Studio Forma,studioforma
2807,4,Skin Capability and Training,15,World-language hunt,World-language borrowing,systematic generation,transparent world-language compound,Studio Esercizio,studioesercizio
2808,4,Skin Capability and Training,15,World-language hunt,World-language borrowing,systematic generation,transparent world-language compound,Metodo Forma,metodoforma
2809,4,Skin Capability and Training,15,World-language hunt,World-language borrowing,systematic generation,transparent world-language compound,Metodo Esercizio,metodoesercizio
2810,4,Skin Capability and Training,15,World-language hunt,World-language borrowing,systematic generation,transparent world-language compound,Metodo Technik,metodotechnik
2811,4,Skin Capability and Training,15,World-language hunt,World-language borrowing,systematic generation,transparent world-language compound,Metodo Rehearsal,metodorehearsal
2812,4,Skin Capability and Training,15,World-language hunt,World-language borrowing,systematic generation,transparent world-language compound,Forma Allenamento,formaallenamento
2813,4,Skin Capability and Training,15,World-language hunt,World-language borrowing,systematic generation,transparent world-language compound,Forma Habitus,formahabitus
2814,4,Skin Capability and Training,15,World-language hunt,World-language borrowing,systematic generation,transparent world-language compound,Forma Capace,formacapace
2815,4,Skin Capability and Training,15,World-language hunt,World-language borrowing,systematic generation,cell fallback matrix,Full Cue Card,fullcuecard
2816,4,Skin Capability and Training,15,World-language hunt,World-language borrowing,systematic generation,cell fallback matrix,Full Progress Chart,fullprogresschart
2817,4,Skin Capability and Training,15,World-language hunt,World-language borrowing,systematic generation,cell fallback matrix,Full Pace Marker,fullpacemarker
2818,4,Skin Capability and Training,15,World-language hunt,World-language borrowing,systematic generation,cell fallback matrix,Full Skill Ladder,fullskillladder
2819,4,Skin Capability and Training,15,World-language hunt,World-language borrowing,systematic generation,cell fallback matrix,Full Workbench,fullworkbench
2820,4,Skin Capability and Training,15,World-language hunt,World-language borrowing,systematic generation,cell fallback matrix,Full Form Guide,fullformguide
2821,4,Skin Capability and Training,15,World-language hunt,World-language borrowing,systematic generation,cell fallback matrix,Full Response Log,fullresponselog
2822,4,Skin Capability and Training,15,World-language hunt,World-language borrowing,systematic generation,cell fallback matrix,Full Build Sheet,fullbuildsheet
2823,4,Skin Capability and Training,15,World-language hunt,World-language borrowing,systematic generation,cell fallback matrix,Full Cue,fullcue
2824,4,Skin Capability and Training,15,World-language hunt,World-language borrowing,systematic generation,cell fallback matrix,Full Readiness Score,fullreadinessscore
2825,4,Skin Capability and Training,15,World-language hunt,World-language borrowing,systematic generation,cell fallback matrix,Full Learning Curve,fulllearningcurve
2826,4,Skin Capability and Training,15,World-language hunt,World-language borrowing,systematic generation,cell fallback matrix,Full Transfer Test,fulltransfertest
2827,4,Skin Capability and Training,15,World-language hunt,World-language borrowing,systematic generation,cell fallback matrix,Full Session Timer,fullsessiontimer
2828,4,Skin Capability and Training,16,Synchronicity / source-library raid,Authentic insider terminology,systematic generation,specialist source-library raid,Skill Acquisition,skillacquisition
2829,4,Skin Capability and Training,16,Synchronicity / source-library raid,Authentic insider terminology,systematic generation,specialist source-library raid,Training Transfer,trainingtransfer
2830,4,Skin Capability and Training,16,Synchronicity / source-library raid,Authentic insider terminology,systematic generation,specialist source-library raid,Motor Adaptation,motoradaptation
2831,4,Skin Capability and Training,16,Synchronicity / source-library raid,Authentic insider terminology,systematic generation,specialist source-library raid,Learning Curve,learningcurve
2832,4,Skin Capability and Training,16,Synchronicity / source-library raid,Authentic insider terminology,systematic generation,specialist source-library raid,Progressive Resistance,progressiveresistance
2833,4,Skin Capability and Training,16,Synchronicity / source-library raid,Authentic insider terminology,systematic generation,specialist source-library raid,Training Volume,trainingvolume
2834,4,Skin Capability and Training,16,Synchronicity / source-library raid,Authentic insider terminology,systematic generation,specialist source-library raid,Load Management,loadmanagement
2835,4,Skin Capability and Training,16,Synchronicity / source-library raid,Authentic insider terminology,systematic generation,specialist source-library raid,Readiness Score,readinessscore
2836,4,Skin Capability and Training,16,Synchronicity / source-library raid,Authentic insider terminology,systematic generation,specialist source-library raid,Distributed Practice,distributedpractice
2837,4,Skin Capability and Training,16,Synchronicity / source-library raid,Authentic insider terminology,systematic generation,specialist source-library raid,Retention Test,retentiontest
2838,4,Skin Capability and Training,16,Synchronicity / source-library raid,Authentic insider terminology,systematic generation,specialist source-library raid,Transfer Test,transfertest
2839,4,Skin Capability and Training,16,Synchronicity / source-library raid,Authentic insider terminology,systematic generation,specialist source-library raid,Practice Schedule,practiceschedule
2840,4,Skin Capability and Training,16,Synchronicity / source-library raid,Authentic insider terminology,systematic generation,specialist source-library raid,Acquisition Phase,acquisitionphase
2841,4,Skin Capability and Training,16,Synchronicity / source-library raid,Authentic insider terminology,systematic generation,specialist source-library raid,Consolidation Phase,consolidationphase
2842,4,Skin Capability and Training,16,Synchronicity / source-library raid,Authentic insider terminology,systematic generation,specialist source-library raid,Work to Rest Ratio,worktorestratio
2843,4,Skin Capability and Training,16,Synchronicity / source-library raid,Authentic insider terminology,systematic generation,specialist source-library raid,Dose Titration,dosetitration
2844,4,Skin Capability and Training,16,Synchronicity / source-library raid,Authentic insider terminology,systematic generation,specialist source-library raid,Response Adaptation,responseadaptation
2845,4,Skin Capability and Training,16,Synchronicity / source-library raid,Authentic insider terminology,systematic generation,specialist source-library raid,Conditioning Effect,conditioningeffect
2846,4,Skin Capability and Training,16,Synchronicity / source-library raid,Authentic insider terminology,systematic generation,specialist source-library raid,Foundation Phase,foundationphase
2847,4,Skin Capability and Training,16,Synchronicity / source-library raid,Authentic insider terminology,systematic generation,source term reconstruction,Open Cue Card,opencuecard
2848,4,Skin Capability and Training,16,Synchronicity / source-library raid,Authentic insider terminology,systematic generation,source term reconstruction,Open Progress Chart,openprogresschart
2849,4,Skin Capability and Training,16,Synchronicity / source-library raid,Authentic insider terminology,systematic generation,source term reconstruction,Open Pace Marker,openpacemarker
2850,4,Skin Capability and Training,16,Synchronicity / source-library raid,Authentic insider terminology,systematic generation,source term reconstruction,Open Skill Ladder,openskillladder
2851,4,Skin Capability and Training,16,Synchronicity / source-library raid,Authentic insider terminology,systematic generation,source term reconstruction,Open Workbench,openworkbench
2852,4,Skin Capability and Training,16,Synchronicity / source-library raid,Authentic insider terminology,systematic generation,source term reconstruction,Open Form Guide,openformguide
2853,4,Skin Capability and Training,16,Synchronicity / source-library raid,Authentic insider terminology,systematic generation,source term reconstruction,Open Response Log,openresponselog
2854,4,Skin Capability and Training,16,Synchronicity / source-library raid,Authentic insider terminology,systematic generation,source term reconstruction,Open Build Sheet,openbuildsheet
2855,4,Skin Capability and Training,16,Synchronicity / source-library raid,Authentic insider terminology,systematic generation,source term reconstruction,True Load Pin,trueloadpin
2856,4,Skin Capability and Training,16,Synchronicity / source-library raid,Authentic insider terminology,systematic generation,source term reconstruction,True Skill Ladder,trueskillladder
2857,4,Skin Capability and Training,16,Synchronicity / source-library raid,Authentic insider terminology,systematic generation,source term reconstruction,True Rehearsal Room,truerehearsalroom
2858,4,Skin Capability and Training,16,Synchronicity / source-library raid,Authentic insider terminology,systematic generation,source term reconstruction,True Training Lane,truetraininglane
2859,4,Skin Capability and Training,16,Synchronicity / source-library raid,Authentic insider terminology,systematic generation,source term reconstruction,True Workbench,trueworkbench
2860,4,Skin Capability and Training,16,Synchronicity / source-library raid,Authentic insider terminology,systematic generation,source term reconstruction,True Foundation Phase,truefoundationphase
2861,4,Skin Capability and Training,16,Synchronicity / source-library raid,Authentic insider terminology,systematic generation,source term reconstruction,Working Load Pin,workingloadpin
2862,4,Skin Capability and Training,16,Synchronicity / source-library raid,Authentic insider terminology,systematic generation,source term reconstruction,Working Skill Ladder,workingskillladder
2863,4,Skin Capability and Training,16,Synchronicity / source-library raid,Authentic insider terminology,systematic generation,source term reconstruction,Working Rehearsal Room,workingrehearsalroom
2864,4,Skin Capability and Training,16,Synchronicity / source-library raid,Authentic insider terminology,systematic generation,source term reconstruction,Working Training Lane,workingtraininglane
2865,4,Skin Capability and Training,16,Synchronicity / source-library raid,Authentic insider terminology,systematic generation,source term reconstruction,Working Workbench,workingworkbench
2866,4,Skin Capability and Training,16,Synchronicity / source-library raid,Authentic insider terminology,systematic generation,source term reconstruction,Working Foundation Phase,workingfoundationphase
2867,4,Skin Capability and Training,16,Synchronicity / source-library raid,Authentic insider terminology,systematic generation,source term reconstruction,Primary Load Pin,primaryloadpin
2868,4,Skin Capability and Training,16,Synchronicity / source-library raid,Authentic insider terminology,systematic generation,source term reconstruction,Primary Rehearsal Room,primaryrehearsalroom
2869,4,Skin Capability and Training,16,Synchronicity / source-library raid,Authentic insider terminology,systematic generation,source term reconstruction,Primary Training Lane,primarytraininglane
2870,4,Skin Capability and Training,17,Three-team decoy,Decoy-world import,hand-authored,round-two curated depth seed,Practice Cycle,practicecycle
2871,4,Skin Capability and Training,17,Three-team decoy,Decoy-world import,hand-authored,round-two curated depth seed,Formwise,formwise
2872,4,Skin Capability and Training,17,Three-team decoy,Decoy-world import,hand-authored,round-two curated depth seed,Rangecraft,rangecraft
2873,4,Skin Capability and Training,17,Three-team decoy,Decoy-world import,hand-authored,round-two curated depth seed,Well Practiced,wellpracticed
2874,4,Skin Capability and Training,17,Three-team decoy,Decoy-world import,hand-authored,round-two curated depth seed,Capability Set,capabilityset
2875,4,Skin Capability and Training,17,Three-team decoy,Decoy-world import,hand-authored,round-two curated depth seed,Steady Practice,steadypractice
2876,4,Skin Capability and Training,17,Three-team decoy,Decoy-world import,hand-authored,round-two curated depth seed,Practice Ready,practiceready
2877,4,Skin Capability and Training,17,Three-team decoy,Decoy-world import,hand-authored,round-two curated depth seed,Form Cycle,formcycle
2878,4,Skin Capability and Training,17,Three-team decoy,Decoy-world import,hand-authored,round-two curated depth seed,The Work Set,theworkset
2879,4,Skin Capability and Training,17,Three-team decoy,Decoy-world import,systematic generation,three-team decoy briefs,Trainable Works,trainableworks
2880,4,Skin Capability and Training,17,Three-team decoy,Decoy-world import,systematic generation,three-team decoy briefs,Practice Cycle,practicecycle
2881,4,Skin Capability and Training,17,Three-team decoy,Decoy-world import,systematic generation,three-team decoy briefs,Formwise Studio,formwisestudio
2882,4,Skin Capability and Training,17,Three-team decoy,Decoy-world import,systematic generation,three-team decoy briefs,Rangecraft,rangecraft
2883,4,Skin Capability and Training,17,Three-team decoy,Decoy-world import,systematic generation,three-team decoy briefs,Well Practiced,wellpracticed
2884,4,Skin Capability and Training,17,Three-team decoy,Decoy-world import,systematic generation,three-team decoy briefs,The Work Set,theworkset
2885,4,Skin Capability and Training,17,Three-team decoy,Decoy-world import,systematic generation,three-team decoy briefs,Responsecraft,responsecraft
2886,4,Skin Capability and Training,17,Three-team decoy,Decoy-world import,systematic generation,three-team decoy briefs,Capability Set,capabilityset
2887,4,Skin Capability and Training,17,Three-team decoy,Decoy-world import,systematic generation,three-team decoy briefs,Build Phase Company,buildphasecompany
2888,4,Skin Capability and Training,17,Three-team decoy,Decoy-world import,systematic generation,three-team decoy briefs,Learning Curve Club,learningcurveclub
2889,4,Skin Capability and Training,17,Three-team decoy,Decoy-world import,systematic generation,three-team decoy briefs,Steady Practice,steadypractice
2890,4,Skin Capability and Training,17,Three-team decoy,Decoy-world import,systematic generation,three-team decoy briefs,The Cue Method,thecuemethod
2891,4,Skin Capability and Training,17,Three-team decoy,Decoy-world import,systematic generation,three-team decoy briefs,Skill Transfer House,skilltransferhouse
2892,4,Skin Capability and Training,17,Three-team decoy,Decoy-world import,systematic generation,three-team decoy briefs,Practice Ready,practiceready
2893,4,Skin Capability and Training,17,Three-team decoy,Decoy-world import,systematic generation,three-team decoy briefs,Foundation Work,foundationwork
2894,4,Skin Capability and Training,17,Three-team decoy,Decoy-world import,systematic generation,decoy company and institution,House of Load Pin,houseofloadpin
2895,4,Skin Capability and Training,17,Three-team decoy,Decoy-world import,systematic generation,decoy company and institution,House of Rehearsal Room,houseofrehearsalroom
2896,4,Skin Capability and Training,17,Three-team decoy,Decoy-world import,systematic generation,decoy company and institution,House of Training Lane,houseoftraininglane
2897,4,Skin Capability and Training,17,Three-team decoy,Decoy-world import,systematic generation,decoy company and institution,House of Session Timer,houseofsessiontimer
2898,4,Skin Capability and Training,17,Three-team decoy,Decoy-world import,systematic generation,decoy company and institution,House of Foundation Phase,houseoffoundationphase
2899,4,Skin Capability and Training,17,Three-team decoy,Decoy-world import,systematic generation,decoy company and institution,House of Transfer Test,houseoftransfertest
2900,4,Skin Capability and Training,17,Three-team decoy,Decoy-world import,systematic generation,decoy company and institution,The Training Block,thetrainingblock
2901,4,Skin Capability and Training,17,Three-team decoy,Decoy-world import,systematic generation,decoy company and institution,The Practice Log,thepracticelog
2902,4,Skin Capability and Training,17,Three-team decoy,Decoy-world import,systematic generation,decoy company and institution,The Readiness Score,thereadinessscore
2903,4,Skin Capability and Training,17,Three-team decoy,Decoy-world import,systematic generation,decoy company and institution,The Session Timer,thesessiontimer
2904,4,Skin Capability and Training,17,Three-team decoy,Decoy-world import,systematic generation,decoy company and institution,The Dose Chart,thedosechart
2905,4,Skin Capability and Training,17,Three-team decoy,Decoy-world import,systematic generation,decoy company and institution,The Transfer Test,thetransfertest
2906,4,Skin Capability and Training,17,Three-team decoy,Decoy-world import,systematic generation,decoy company and institution,Common Training Block,commontrainingblock
2907,4,Skin Capability and Training,17,Three-team decoy,Decoy-world import,systematic generation,decoy company and institution,Common Work Set,commonworkset
2908,4,Skin Capability and Training,17,Three-team decoy,Decoy-world import,systematic generation,decoy company and institution,Common Practice Log,commonpracticelog
2909,4,Skin Capability and Training,17,Three-team decoy,Decoy-world import,systematic generation,decoy company and institution,Common Readiness Score,commonreadinessscore
2910,4,Skin Capability and Training,17,Three-team decoy,Decoy-world import,systematic generation,decoy company and institution,Common Session Timer,commonsessiontimer
2911,4,Skin Capability and Training,17,Three-team decoy,Decoy-world import,systematic generation,decoy company and institution,Common Dose Chart,commondosechart
2912,4,Skin Capability and Training,17,Three-team decoy,Decoy-world import,systematic generation,decoy company and institution,Common Transfer Test,commontransfertest
2913,4,Skin Capability and Training,17,Three-team decoy,Decoy-world import,systematic generation,decoy company and institution,First Load Pin,firstloadpin
2914,4,Skin Capability and Training,17,Three-team decoy,Decoy-world import,systematic generation,decoy company and institution,First Rehearsal Room,firstrehearsalroom
2915,4,Skin Capability and Training,17,Three-team decoy,Decoy-world import,systematic generation,decoy company and institution,First Workbench,firstworkbench
2916,4,Skin Capability and Training,17,Three-team decoy,Decoy-world import,systematic generation,decoy company and institution,First Foundation Phase,firstfoundationphase
2917,4,Skin Capability and Training,17,Three-team decoy,Decoy-world import,systematic generation,cell fallback matrix,Full Cue Card,fullcuecard
2918,4,Skin Capability and Training,17,Three-team decoy,Decoy-world import,systematic generation,cell fallback matrix,Full Progress Chart,fullprogresschart
2919,4,Skin Capability and Training,17,Three-team decoy,Decoy-world import,systematic generation,cell fallback matrix,Full Pace Marker,fullpacemarker
2920,4,Skin Capability and Training,17,Three-team decoy,Decoy-world import,systematic generation,cell fallback matrix,Full Skill Ladder,fullskillladder
2921,5,Visible Performance,1,Make the intangible tangible,"Authentic object, tool, gesture, or process",systematic generation,world objects and instruments,Inspection Card,inspectioncard
2922,5,Visible Performance,1,Make the intangible tangible,"Authentic object, tool, gesture, or process",systematic generation,world objects and instruments,Change Gauge,changegauge
2923,5,Visible Performance,1,Make the intangible tangible,"Authentic object, tool, gesture, or process",systematic generation,world objects and instruments,Finish Sample,finishsample
2924,5,Visible Performance,1,Make the intangible tangible,"Authentic object, tool, gesture, or process",systematic generation,world objects and instruments,Grade Scale,gradescale
2925,5,Visible Performance,1,Make the intangible tangible,"Authentic object, tool, gesture, or process",systematic generation,world objects and instruments,Comparison Panel,comparisonpanel
2926,5,Visible Performance,1,Make the intangible tangible,"Authentic object, tool, gesture, or process",systematic generation,world objects and instruments,Delta Chart,deltachart
2927,5,Visible Performance,1,Make the intangible tangible,"Authentic object, tool, gesture, or process",systematic generation,world objects and instruments,Acceptance Stamp,acceptancestamp
2928,5,Visible Performance,1,Make the intangible tangible,"Authentic object, tool, gesture, or process",systematic generation,world objects and instruments,Result Window,resultwindow
2929,5,Visible Performance,1,Make the intangible tangible,"Authentic object, tool, gesture, or process",systematic generation,world objects and instruments,Output Dial,outputdial
2930,5,Visible Performance,1,Make the intangible tangible,"Authentic object, tool, gesture, or process",systematic generation,world objects and instruments,Score Sheet,scoresheet
2931,5,Visible Performance,1,Make the intangible tangible,"Authentic object, tool, gesture, or process",systematic generation,world objects and instruments,Reference Tile,referencetile
2932,5,Visible Performance,1,Make the intangible tangible,"Authentic object, tool, gesture, or process",systematic generation,world objects and instruments,Test Coupon,testcoupon
2933,5,Visible Performance,1,Make the intangible tangible,"Authentic object, tool, gesture, or process",systematic generation,world objects and instruments,Control Sample,controlsample
2934,5,Visible Performance,1,Make the intangible tangible,"Authentic object, tool, gesture, or process",systematic generation,world objects and instruments,Pass Indicator,passindicator
2935,5,Visible Performance,1,Make the intangible tangible,"Authentic object, tool, gesture, or process",systematic generation,world objects and instruments,Change Marker,changemarker
2936,5,Visible Performance,1,Make the intangible tangible,"Authentic object, tool, gesture, or process",systematic generation,world objects and instruments,Resolution Target,resolutiontarget
2937,5,Visible Performance,1,Make the intangible tangible,"Authentic object, tool, gesture, or process",systematic generation,world objects and instruments,Contrast Card,contrastcard
2938,5,Visible Performance,1,Make the intangible tangible,"Authentic object, tool, gesture, or process",systematic generation,world objects and instruments,Inspection Table,inspectiontable
2939,5,Visible Performance,1,Make the intangible tangible,"Authentic object, tool, gesture, or process",systematic generation,world objects and instruments,Result Plate,resultplate
2940,5,Visible Performance,1,Make the intangible tangible,"Authentic object, tool, gesture, or process",systematic generation,world objects and instruments,Benchmark Block,benchmarkblock
2941,5,Visible Performance,1,Make the intangible tangible,"Authentic object, tool, gesture, or process",systematic generation,tangible object matrix,Full Change Gauge,fullchangegauge
2942,5,Visible Performance,1,Make the intangible tangible,"Authentic object, tool, gesture, or process",systematic generation,tangible object matrix,Full Delta Chart,fulldeltachart
2943,5,Visible Performance,1,Make the intangible tangible,"Authentic object, tool, gesture, or process",systematic generation,tangible object matrix,Full Control Sample,fullcontrolsample
2944,5,Visible Performance,1,Make the intangible tangible,"Authentic object, tool, gesture, or process",systematic generation,tangible object matrix,Full Inspection Table,fullinspectiontable
2945,5,Visible Performance,1,Make the intangible tangible,"Authentic object, tool, gesture, or process",systematic generation,tangible object matrix,Open Grade Scale,opengradescale
2946,5,Visible Performance,1,Make the intangible tangible,"Authentic object, tool, gesture, or process",systematic generation,tangible object matrix,Open Delta Chart,opendeltachart
2947,5,Visible Performance,1,Make the intangible tangible,"Authentic object, tool, gesture, or process",systematic generation,tangible object matrix,Open Output Dial,openoutputdial
2948,5,Visible Performance,1,Make the intangible tangible,"Authentic object, tool, gesture, or process",systematic generation,tangible object matrix,Open Reference Tile,openreferencetile
2949,5,Visible Performance,1,Make the intangible tangible,"Authentic object, tool, gesture, or process",systematic generation,tangible object matrix,Open Control Sample,opencontrolsample
2950,5,Visible Performance,1,Make the intangible tangible,"Authentic object, tool, gesture, or process",systematic generation,tangible object matrix,Open Contrast Card,opencontrastcard
2951,5,Visible Performance,1,Make the intangible tangible,"Authentic object, tool, gesture, or process",systematic generation,tangible object matrix,Open Benchmark Block,openbenchmarkblock
2952,5,Visible Performance,1,Make the intangible tangible,"Authentic object, tool, gesture, or process",systematic generation,tangible object matrix,True Grade Scale,truegradescale
2953,5,Visible Performance,1,Make the intangible tangible,"Authentic object, tool, gesture, or process",systematic generation,tangible object matrix,True Acceptance Stamp,trueacceptancestamp
2954,5,Visible Performance,1,Make the intangible tangible,"Authentic object, tool, gesture, or process",systematic generation,tangible object matrix,True Output Dial,trueoutputdial
2955,5,Visible Performance,1,Make the intangible tangible,"Authentic object, tool, gesture, or process",systematic generation,tangible object matrix,True Reference Tile,truereferencetile
2956,5,Visible Performance,1,Make the intangible tangible,"Authentic object, tool, gesture, or process",systematic generation,tangible object matrix,True Test Coupon,truetestcoupon
2957,5,Visible Performance,1,Make the intangible tangible,"Authentic object, tool, gesture, or process",systematic generation,tangible object matrix,True Pass Indicator,truepassindicator
2958,5,Visible Performance,1,Make the intangible tangible,"Authentic object, tool, gesture, or process",systematic generation,tangible object matrix,True Change Marker,truechangemarker
2959,5,Visible Performance,1,Make the intangible tangible,"Authentic object, tool, gesture, or process",systematic generation,tangible object matrix,True Resolution Target,trueresolutiontarget
2960,5,Visible Performance,1,Make the intangible tangible,"Authentic object, tool, gesture, or process",systematic generation,tangible object matrix,True Contrast Card,truecontrastcard
2961,5,Visible Performance,1,Make the intangible tangible,"Authentic object, tool, gesture, or process",systematic generation,tangible object matrix,True Benchmark Block,truebenchmarkblock
2962,5,Visible Performance,1,Make the intangible tangible,"Authentic object, tool, gesture, or process",systematic generation,tangible object matrix,Next Inspection Card,nextinspectioncard
2963,5,Visible Performance,2,Benefit ladder / ultimate feeling,Explicit benefit or proposition,systematic generation,benefit ladder,Change You Can Point to,changeyoucanpointto
2964,5,Visible Performance,2,Benefit ladder / ultimate feeling,Explicit benefit or proposition,systematic generation,benefit ladder,A Result That Registers,aresultthatregisters
2965,5,Visible Performance,2,Benefit ladder / ultimate feeling,Explicit benefit or proposition,systematic generation,benefit ladder,Good by Inspection,goodbyinspection
2966,5,Visible Performance,2,Benefit ladder / ultimate feeling,Explicit benefit or proposition,systematic generation,benefit ladder,Better On The Scale,betteronthescale
2967,5,Visible Performance,2,Benefit ladder / ultimate feeling,Explicit benefit or proposition,systematic generation,benefit ladder,Visible at A Glance,visibleataglance
2968,5,Visible Performance,2,Benefit ladder / ultimate feeling,Explicit benefit or proposition,systematic generation,benefit ladder,Passes The Look Test,passesthelooktest
2969,5,Visible Performance,2,Benefit ladder / ultimate feeling,Explicit benefit or proposition,systematic generation,benefit ladder,Progress with A Mark,progresswithamark
2970,5,Visible Performance,2,Benefit ladder / ultimate feeling,Explicit benefit or proposition,systematic generation,benefit ladder,Improvement in View,improvementinview
2971,5,Visible Performance,2,Benefit ladder / ultimate feeling,Explicit benefit or proposition,systematic generation,benefit ladder,The Result Reads Clearly,theresultreadsclearly
2972,5,Visible Performance,2,Benefit ladder / ultimate feeling,Explicit benefit or proposition,systematic generation,benefit ladder,A Better After State,abetterafterstate
2973,5,Visible Performance,2,Benefit ladder / ultimate feeling,Explicit benefit or proposition,systematic generation,benefit ladder,Observable by Design,observablebydesign
2974,5,Visible Performance,2,Benefit ladder / ultimate feeling,Explicit benefit or proposition,systematic generation,benefit ladder,The Difference Holds Up,thedifferenceholdsup
2975,5,Visible Performance,2,Benefit ladder / ultimate feeling,Explicit benefit or proposition,systematic generation,benefit ladder,Results with Definition,resultswithdefinition
2976,5,Visible Performance,2,Benefit ladder / ultimate feeling,Explicit benefit or proposition,systematic generation,benefit ladder,The Finish Improves,thefinishimproves
2977,5,Visible Performance,2,Benefit ladder / ultimate feeling,Explicit benefit or proposition,systematic generation,benefit ladder,Change Worth Measuring,changeworthmeasuring
2978,5,Visible Performance,2,Benefit ladder / ultimate feeling,Explicit benefit or proposition,systematic generation,benefit ladder,A Clearer Outcome,acleareroutcome
2979,5,Visible Performance,2,Benefit ladder / ultimate feeling,Explicit benefit or proposition,systematic generation,benefit compression,More Observable,moreobservable
2980,5,Visible Performance,2,Benefit ladder / ultimate feeling,Explicit benefit or proposition,systematic generation,benefit compression,More Delta,moredelta
2981,5,Visible Performance,2,Benefit ladder / ultimate feeling,Explicit benefit or proposition,systematic generation,benefit compression,More Threshold,morethreshold
2982,5,Visible Performance,2,Benefit ladder / ultimate feeling,Explicit benefit or proposition,systematic generation,benefit compression,More Compare,morecompare
2983,5,Visible Performance,2,Benefit ladder / ultimate feeling,Explicit benefit or proposition,systematic generation,benefit compression,More Finishquality,morefinishquality
2984,5,Visible Performance,2,Benefit ladder / ultimate feeling,Explicit benefit or proposition,systematic generation,benefit compression,Better Outcome,betteroutcome
2985,5,Visible Performance,2,Benefit ladder / ultimate feeling,Explicit benefit or proposition,systematic generation,benefit compression,Better Grade,bettergrade
2986,5,Visible Performance,2,Benefit ladder / ultimate feeling,Explicit benefit or proposition,systematic generation,benefit compression,Better Headway,betterheadway
2987,5,Visible Performance,2,Benefit ladder / ultimate feeling,Explicit benefit or proposition,systematic generation,benefit compression,Better Acceptance,betteracceptance
2988,5,Visible Performance,2,Benefit ladder / ultimate feeling,Explicit benefit or proposition,systematic generation,benefit compression,Better Apparent,betterapparent
2989,5,Visible Performance,2,Benefit ladder / ultimate feeling,Explicit benefit or proposition,systematic generation,benefit compression,Better Evident,betterevident
2990,5,Visible Performance,2,Benefit ladder / ultimate feeling,Explicit benefit or proposition,systematic generation,benefit compression,Full Outcome,fulloutcome
2991,5,Visible Performance,2,Benefit ladder / ultimate feeling,Explicit benefit or proposition,systematic generation,benefit compression,Full Grade,fullgrade
2992,5,Visible Performance,2,Benefit ladder / ultimate feeling,Explicit benefit or proposition,systematic generation,benefit compression,Full Headway,fullheadway
2993,5,Visible Performance,2,Benefit ladder / ultimate feeling,Explicit benefit or proposition,systematic generation,benefit compression,Full Acceptance,fullacceptance
2994,5,Visible Performance,2,Benefit ladder / ultimate feeling,Explicit benefit or proposition,systematic generation,benefit compression,Full Apparent,fullapparent
2995,5,Visible Performance,2,Benefit ladder / ultimate feeling,Explicit benefit or proposition,systematic generation,benefit compression,Full Evident,fullevident
2996,5,Visible Performance,2,Benefit ladder / ultimate feeling,Explicit benefit or proposition,systematic generation,benefit compression,Good Outcome,goodoutcome
2997,5,Visible Performance,2,Benefit ladder / ultimate feeling,Explicit benefit or proposition,systematic generation,benefit compression,Good Register,goodregister
2998,5,Visible Performance,2,Benefit ladder / ultimate feeling,Explicit benefit or proposition,systematic generation,benefit compression,Good Inspect,goodinspect
2999,5,Visible Performance,2,Benefit ladder / ultimate feeling,Explicit benefit or proposition,systematic generation,benefit compression,Good Score,goodscore
3000,5,Visible Performance,2,Benefit ladder / ultimate feeling,Explicit benefit or proposition,systematic generation,benefit compression,Good Resolve,goodresolve
3001,5,Visible Performance,2,Benefit ladder / ultimate feeling,Explicit benefit or proposition,systematic generation,benefit compression,Good Afterstate,goodafterstate
3002,5,Visible Performance,2,Benefit ladder / ultimate feeling,Explicit benefit or proposition,systematic generation,benefit compression,Good Netchange,goodnetchange
3003,5,Visible Performance,2,Benefit ladder / ultimate feeling,Explicit benefit or proposition,systematic generation,benefit compression,Good Measurable,goodmeasurable
3004,5,Visible Performance,2,Benefit ladder / ultimate feeling,Explicit benefit or proposition,systematic generation,benefit compression,Ready Outcome,readyoutcome
3005,5,Visible Performance,3,Reframe the question / name the future,Direct conceptual reframe,systematic generation,future reframe,The Observable Brand,theobservablebrand
3006,5,Visible Performance,3,Reframe the question / name the future,Direct conceptual reframe,systematic generation,future reframe,Results Enter The Record,resultsentertherecord
3007,5,Visible Performance,3,Reframe the question / name the future,Direct conceptual reframe,systematic generation,future reframe,Skincare with A Pass Mark,skincarewithapassmark
3008,5,Visible Performance,3,Reframe the question / name the future,Direct conceptual reframe,systematic generation,future reframe,The New After State,thenewafterstate
3009,5,Visible Performance,3,Reframe the question / name the future,Direct conceptual reframe,systematic generation,future reframe,Change Becomes Apparent,changebecomesapparent
3010,5,Visible Performance,3,Reframe the question / name the future,Direct conceptual reframe,systematic generation,future reframe,Performance Under Inspection,performanceunderinspection
3011,5,Visible Performance,3,Reframe the question / name the future,Direct conceptual reframe,systematic generation,future reframe,The End of Vague Improvement,theendofvagueimprovement
3012,5,Visible Performance,3,Reframe the question / name the future,Direct conceptual reframe,systematic generation,future reframe,An Outcome You Can See,anoutcomeyoucansee
3013,5,Visible Performance,3,Reframe the question / name the future,Direct conceptual reframe,systematic generation,future reframe,The Result Has Definition,theresulthasdefinition
3014,5,Visible Performance,3,Reframe the question / name the future,Direct conceptual reframe,systematic generation,future reframe,Beauty with A Benchmark,beautywithabenchmark
3015,5,Visible Performance,3,Reframe the question / name the future,Direct conceptual reframe,systematic generation,future reframe,The Measurable Face,themeasurableface
3016,5,Visible Performance,3,Reframe the question / name the future,Direct conceptual reframe,systematic generation,future reframe,A Better Finish Standard,abetterfinishstandard
3017,5,Visible Performance,3,Reframe the question / name the future,Direct conceptual reframe,systematic generation,future reframe,Visible Change Becomes Routine,visiblechangebecomesroutine
3018,5,Visible Performance,3,Reframe the question / name the future,Direct conceptual reframe,systematic generation,future reframe,The New Result Scale,thenewresultscale
3019,5,Visible Performance,3,Reframe the question / name the future,Direct conceptual reframe,systematic generation,future reframe,From Effect to Evidence,fromeffecttoevidence
3020,5,Visible Performance,3,Reframe the question / name the future,Direct conceptual reframe,systematic generation,future reframe,The Age of Observable Outcomes,theageofobservableoutcomes
3021,5,Visible Performance,3,Reframe the question / name the future,Direct conceptual reframe,systematic generation,name the future matrix,Next Change Gauge,nextchangegauge
3022,5,Visible Performance,3,Reframe the question / name the future,Direct conceptual reframe,systematic generation,name the future matrix,Next Delta Chart,nextdeltachart
3023,5,Visible Performance,3,Reframe the question / name the future,Direct conceptual reframe,systematic generation,name the future matrix,Next Control Sample,nextcontrolsample
3024,5,Visible Performance,3,Reframe the question / name the future,Direct conceptual reframe,systematic generation,name the future matrix,Next Inspection Table,nextinspectiontable
3025,5,Visible Performance,3,Reframe the question / name the future,Direct conceptual reframe,systematic generation,name the future matrix,New Inspection Card,newinspectioncard
3026,5,Visible Performance,3,Reframe the question / name the future,Direct conceptual reframe,systematic generation,name the future matrix,New Finish Sample,newfinishsample
3027,5,Visible Performance,3,Reframe the question / name the future,Direct conceptual reframe,systematic generation,name the future matrix,New Comparison Panel,newcomparisonpanel
3028,5,Visible Performance,3,Reframe the question / name the future,Direct conceptual reframe,systematic generation,name the future matrix,New Acceptance Stamp,newacceptancestamp
3029,5,Visible Performance,3,Reframe the question / name the future,Direct conceptual reframe,systematic generation,name the future matrix,New Result Window,newresultwindow
3030,5,Visible Performance,3,Reframe the question / name the future,Direct conceptual reframe,systematic generation,name the future matrix,New Score Sheet,newscoresheet
3031,5,Visible Performance,3,Reframe the question / name the future,Direct conceptual reframe,systematic generation,name the future matrix,New Test Coupon,newtestcoupon
3032,5,Visible Performance,3,Reframe the question / name the future,Direct conceptual reframe,systematic generation,name the future matrix,New Pass Indicator,newpassindicator
3033,5,Visible Performance,3,Reframe the question / name the future,Direct conceptual reframe,systematic generation,name the future matrix,New Change Marker,newchangemarker
3034,5,Visible Performance,3,Reframe the question / name the future,Direct conceptual reframe,systematic generation,name the future matrix,New Resolution Target,newresolutiontarget
3035,5,Visible Performance,3,Reframe the question / name the future,Direct conceptual reframe,systematic generation,name the future matrix,Future Inspection Card,futureinspectioncard
3036,5,Visible Performance,3,Reframe the question / name the future,Direct conceptual reframe,systematic generation,name the future matrix,Future Finish Sample,futurefinishsample
3037,5,Visible Performance,3,Reframe the question / name the future,Direct conceptual reframe,systematic generation,name the future matrix,Future Comparison Panel,futurecomparisonpanel
3038,5,Visible Performance,3,Reframe the question / name the future,Direct conceptual reframe,systematic generation,name the future matrix,Future Acceptance Stamp,futureacceptancestamp
3039,5,Visible Performance,3,Reframe the question / name the future,Direct conceptual reframe,systematic generation,name the future matrix,Future Result Window,futureresultwindow
3040,5,Visible Performance,3,Reframe the question / name the future,Direct conceptual reframe,systematic generation,name the future matrix,Future Score Sheet,futurescoresheet
3041,5,Visible Performance,3,Reframe the question / name the future,Direct conceptual reframe,systematic generation,name the future matrix,Future Test Coupon,futuretestcoupon
3042,5,Visible Performance,3,Reframe the question / name the future,Direct conceptual reframe,systematic generation,name the future matrix,Future Pass Indicator,futurepassindicator
3043,5,Visible Performance,3,Reframe the question / name the future,Direct conceptual reframe,systematic generation,name the future matrix,Future Change Marker,futurechangemarker
3044,5,Visible Performance,3,Reframe the question / name the future,Direct conceptual reframe,systematic generation,name the future matrix,Future Resolution Target,futureresolutiontarget
3045,5,Visible Performance,3,Reframe the question / name the future,Direct conceptual reframe,systematic generation,name the future matrix,Beyond Inspection Card,beyondinspectioncard
3046,5,Visible Performance,3,Reframe the question / name the future,Direct conceptual reframe,systematic generation,name the future matrix,Beyond Change Gauge,beyondchangegauge
3047,5,Visible Performance,4,Anti-descriptor,Bold contradiction or anti-descriptor,systematic generation,anti-descriptor,Subtle But Measurable,subtlebutmeasurable
3048,5,Visible Performance,4,Anti-descriptor,Bold contradiction or anti-descriptor,systematic generation,anti-descriptor,Small Delta Big Difference,smalldeltabigdifference
3049,5,Visible Performance,4,Anti-descriptor,Bold contradiction or anti-descriptor,systematic generation,anti-descriptor,No Vague Result,novagueresult
3050,5,Visible Performance,4,Anti-descriptor,Bold contradiction or anti-descriptor,systematic generation,anti-descriptor,Understated Output,understatedoutput
3051,5,Visible Performance,4,Anti-descriptor,Bold contradiction or anti-descriptor,systematic generation,anti-descriptor,Visible Without Theater,visiblewithouttheater
3052,5,Visible Performance,4,Anti-descriptor,Bold contradiction or anti-descriptor,systematic generation,anti-descriptor,Quiet Result Loud Evidence,quietresultloudevidence
3053,5,Visible Performance,4,Anti-descriptor,Bold contradiction or anti-descriptor,systematic generation,anti-descriptor,Soft Change Clear Mark,softchangeclearmark
3054,5,Visible Performance,4,Anti-descriptor,Bold contradiction or anti-descriptor,systematic generation,anti-descriptor,No Cosmetic Illusion,nocosmeticillusion
3055,5,Visible Performance,4,Anti-descriptor,Bold contradiction or anti-descriptor,systematic generation,anti-descriptor,Modest Gain Real Effect,modestgainrealeffect
3056,5,Visible Performance,4,Anti-descriptor,Bold contradiction or anti-descriptor,systematic generation,anti-descriptor,Less Promise More Outcome,lesspromisemoreoutcome
3057,5,Visible Performance,4,Anti-descriptor,Bold contradiction or anti-descriptor,systematic generation,anti-descriptor,No Result Blur,noresultblur
3058,5,Visible Performance,4,Anti-descriptor,Bold contradiction or anti-descriptor,systematic generation,anti-descriptor,Plain Performance,plainperformance
3059,5,Visible Performance,4,Anti-descriptor,Bold contradiction or anti-descriptor,systematic generation,anti-descriptor,Gentle Change High Definition,gentlechangehighdefinition
3060,5,Visible Performance,4,Anti-descriptor,Bold contradiction or anti-descriptor,systematic generation,anti-descriptor,Measured Not Dramatic,measurednotdramatic
3061,5,Visible Performance,4,Anti-descriptor,Bold contradiction or anti-descriptor,systematic generation,anti-descriptor,Low Drama High Output,lowdramahighoutput
3062,5,Visible Performance,4,Anti-descriptor,Bold contradiction or anti-descriptor,systematic generation,anti-category matrix,No Inspection Card,noinspectioncard
3063,5,Visible Performance,4,Anti-descriptor,Bold contradiction or anti-descriptor,systematic generation,anti-category matrix,No Change Gauge,nochangegauge
3064,5,Visible Performance,4,Anti-descriptor,Bold contradiction or anti-descriptor,systematic generation,anti-category matrix,No Finish Sample,nofinishsample
3065,5,Visible Performance,4,Anti-descriptor,Bold contradiction or anti-descriptor,systematic generation,anti-category matrix,No Comparison Panel,nocomparisonpanel
3066,5,Visible Performance,4,Anti-descriptor,Bold contradiction or anti-descriptor,systematic generation,anti-category matrix,No Result Window,noresultwindow
3067,5,Visible Performance,4,Anti-descriptor,Bold contradiction or anti-descriptor,systematic generation,anti-category matrix,No Score Sheet,noscoresheet
3068,5,Visible Performance,4,Anti-descriptor,Bold contradiction or anti-descriptor,systematic generation,anti-category matrix,No Inspection Table,noinspectiontable
3069,5,Visible Performance,4,Anti-descriptor,Bold contradiction or anti-descriptor,systematic generation,anti-category matrix,Not Inspection Card,notinspectioncard
3070,5,Visible Performance,4,Anti-descriptor,Bold contradiction or anti-descriptor,systematic generation,anti-category matrix,Not Finish Sample,notfinishsample
3071,5,Visible Performance,4,Anti-descriptor,Bold contradiction or anti-descriptor,systematic generation,anti-category matrix,Not Comparison Panel,notcomparisonpanel
3072,5,Visible Performance,4,Anti-descriptor,Bold contradiction or anti-descriptor,systematic generation,anti-category matrix,Not Acceptance Stamp,notacceptancestamp
3073,5,Visible Performance,4,Anti-descriptor,Bold contradiction or anti-descriptor,systematic generation,anti-category matrix,Not Result Window,notresultwindow
3074,5,Visible Performance,4,Anti-descriptor,Bold contradiction or anti-descriptor,systematic generation,anti-category matrix,Not Score Sheet,notscoresheet
3075,5,Visible Performance,4,Anti-descriptor,Bold contradiction or anti-descriptor,systematic generation,anti-category matrix,Not Test Coupon,nottestcoupon
3076,5,Visible Performance,4,Anti-descriptor,Bold contradiction or anti-descriptor,systematic generation,anti-category matrix,Not Pass Indicator,notpassindicator
3077,5,Visible Performance,4,Anti-descriptor,Bold contradiction or anti-descriptor,systematic generation,anti-category matrix,Not Change Marker,notchangemarker
3078,5,Visible Performance,4,Anti-descriptor,Bold contradiction or anti-descriptor,systematic generation,anti-category matrix,Not Resolution Target,notresolutiontarget
3079,5,Visible Performance,4,Anti-descriptor,Bold contradiction or anti-descriptor,systematic generation,anti-category matrix,Without Grade Scale,withoutgradescale
3080,5,Visible Performance,4,Anti-descriptor,Bold contradiction or anti-descriptor,systematic generation,anti-category matrix,Without Delta Chart,withoutdeltachart
3081,5,Visible Performance,4,Anti-descriptor,Bold contradiction or anti-descriptor,systematic generation,anti-category matrix,Without Output Dial,withoutoutputdial
3082,5,Visible Performance,4,Anti-descriptor,Bold contradiction or anti-descriptor,systematic generation,anti-category matrix,Without Reference Tile,withoutreferencetile
3083,5,Visible Performance,4,Anti-descriptor,Bold contradiction or anti-descriptor,systematic generation,anti-category matrix,Without Control Sample,withoutcontrolsample
3084,5,Visible Performance,4,Anti-descriptor,Bold contradiction or anti-descriptor,systematic generation,anti-category matrix,Without Contrast Card,withoutcontrastcard
3085,5,Visible Performance,4,Anti-descriptor,Bold contradiction or anti-descriptor,systematic generation,anti-category matrix,Beyond Inspection Card,beyondinspectioncard
3086,5,Visible Performance,4,Anti-descriptor,Bold contradiction or anti-descriptor,systematic generation,anti-category matrix,Beyond Change Gauge,beyondchangegauge
3087,5,Visible Performance,4,Anti-descriptor,Bold contradiction or anti-descriptor,systematic generation,anti-category matrix,Beyond Finish Sample,beyondfinishsample
3088,5,Visible Performance,4,Anti-descriptor,Bold contradiction or anti-descriptor,systematic generation,anti-category matrix,Beyond Comparison Panel,beyondcomparisonpanel
3089,5,Visible Performance,5,Win by contrast,Unexpected imported term,systematic generation,far-field source contrast,Net Change,netchange
3090,5,Visible Performance,5,Win by contrast,Unexpected imported term,systematic generation,far-field source contrast,Outcome Measure,outcomemeasure
3091,5,Visible Performance,5,Win by contrast,Unexpected imported term,systematic generation,far-field source contrast,Response Delta,responsedelta
3092,5,Visible Performance,5,Win by contrast,Unexpected imported term,systematic generation,far-field source contrast,Detection Limit,detectionlimit
3093,5,Visible Performance,5,Win by contrast,Unexpected imported term,systematic generation,far-field source contrast,Visual Analog Scale,visualanalogscale
3094,5,Visible Performance,5,Win by contrast,Unexpected imported term,systematic generation,far-field source contrast,Comparison Standard,comparisonstandard
3095,5,Visible Performance,5,Win by contrast,Unexpected imported term,systematic generation,far-field source contrast,Acceptance Criterion,acceptancecriterion
3096,5,Visible Performance,5,Win by contrast,Unexpected imported term,systematic generation,far-field source contrast,Resolution Target,resolutiontarget
3097,5,Visible Performance,5,Win by contrast,Unexpected imported term,systematic generation,far-field source contrast,Change Detection,changedetection
3098,5,Visible Performance,5,Win by contrast,Unexpected imported term,systematic generation,far-field source contrast,Performance Measure,performancemeasure
3099,5,Visible Performance,5,Win by contrast,Unexpected imported term,systematic generation,far-field source contrast,Output Signal,outputsignal
3100,5,Visible Performance,5,Win by contrast,Unexpected imported term,systematic generation,far-field source contrast,Quality Grade,qualitygrade
3101,5,Visible Performance,5,Win by contrast,Unexpected imported term,systematic generation,far-field source contrast,Finish Inspection,finishinspection
3102,5,Visible Performance,5,Win by contrast,Unexpected imported term,systematic generation,far-field source contrast,Pass Criterion,passcriterion
3103,5,Visible Performance,5,Win by contrast,Unexpected imported term,systematic generation,far-field source contrast,Measured Difference,measureddifference
3104,5,Visible Performance,5,Win by contrast,Unexpected imported term,systematic generation,far-field source contrast,Apparent Change,apparentchange
3105,5,Visible Performance,5,Win by contrast,Unexpected imported term,systematic generation,far-field source contrast,Reference Tile,referencetile
3106,5,Visible Performance,5,Win by contrast,Unexpected imported term,systematic generation,far-field source contrast,Control Sample,controlsample
3107,5,Visible Performance,5,Win by contrast,Unexpected imported term,systematic generation,far-field source contrast,Test Coupon,testcoupon
3108,5,Visible Performance,5,Win by contrast,Unexpected imported term,systematic generation,contrast mononyms,Passmark,passmark
3109,5,Visible Performance,5,Win by contrast,Unexpected imported term,systematic generation,contrast mononyms,Grade,grade
3110,5,Visible Performance,5,Win by contrast,Unexpected imported term,systematic generation,contrast mononyms,Outcome,outcome
3111,5,Visible Performance,5,Win by contrast,Unexpected imported term,systematic generation,contrast mononyms,Afterstate,afterstate
3112,5,Visible Performance,5,Win by contrast,Unexpected imported term,systematic generation,contrast mononyms,Result Plate,resultplate
3113,5,Visible Performance,5,Win by contrast,Unexpected imported term,systematic generation,contrast mononyms,Change Gauge,changegauge
3114,5,Visible Performance,5,Win by contrast,Unexpected imported term,systematic generation,contrast mononyms,Finish Sample,finishsample
3115,5,Visible Performance,5,Win by contrast,Unexpected imported term,systematic generation,contrast mononyms,Benchmark Block,benchmarkblock
3116,5,Visible Performance,5,Win by contrast,Unexpected imported term,systematic generation,contrast mononyms,Contrast Card,contrastcard
3117,5,Visible Performance,5,Win by contrast,Unexpected imported term,systematic generation,contrast mononyms,Output Dial,outputdial
3118,5,Visible Performance,5,Win by contrast,Unexpected imported term,systematic generation,contrast mononyms,Score Sheet,scoresheet
3119,5,Visible Performance,5,Win by contrast,Unexpected imported term,systematic generation,contrast mononyms,Acceptance Stamp,acceptancestamp
3120,5,Visible Performance,5,Win by contrast,Unexpected imported term,systematic generation,contrast mononyms,Result Window,resultwindow
3121,5,Visible Performance,5,Win by contrast,Unexpected imported term,systematic generation,contrast mononyms,Inspection Card,inspectioncard
3122,5,Visible Performance,5,Win by contrast,Unexpected imported term,systematic generation,contrast mononyms,Delta Chart,deltachart
3123,5,Visible Performance,5,Win by contrast,Unexpected imported term,systematic generation,cell fallback matrix,Full Change Gauge,fullchangegauge
3124,5,Visible Performance,5,Win by contrast,Unexpected imported term,systematic generation,cell fallback matrix,Full Delta Chart,fulldeltachart
3125,5,Visible Performance,5,Win by contrast,Unexpected imported term,systematic generation,cell fallback matrix,Full Control Sample,fullcontrolsample
3126,5,Visible Performance,5,Win by contrast,Unexpected imported term,systematic generation,cell fallback matrix,Full Inspection Table,fullinspectiontable
3127,5,Visible Performance,5,Win by contrast,Unexpected imported term,systematic generation,cell fallback matrix,Full Passmark,fullpassmark
3128,5,Visible Performance,5,Win by contrast,Unexpected imported term,systematic generation,cell fallback matrix,Full Grade,fullgrade
3129,5,Visible Performance,5,Win by contrast,Unexpected imported term,systematic generation,cell fallback matrix,Full Afterstate,fullafterstate
3130,5,Visible Performance,5,Win by contrast,Unexpected imported term,systematic generation,cell fallback matrix,Full Netchange,fullnetchange
3131,5,Visible Performance,6,Name the audacity / worldview,Short stance phrase,systematic generation,worldview statements,Register The Result,registertheresult
3132,5,Visible Performance,6,Name the audacity / worldview,Short stance phrase,systematic generation,worldview statements,Inspect The Change,inspectthechange
3133,5,Visible Performance,6,Name the audacity / worldview,Short stance phrase,systematic generation,worldview statements,Mark The Difference,markthedifference
3134,5,Visible Performance,6,Name the audacity / worldview,Short stance phrase,systematic generation,worldview statements,Read The Outcome,readtheoutcome
3135,5,Visible Performance,6,Name the audacity / worldview,Short stance phrase,systematic generation,worldview statements,Compare The Finish,comparethefinish
3136,5,Visible Performance,6,Name the audacity / worldview,Short stance phrase,systematic generation,worldview statements,Pass The Look Test,passthelooktest
3137,5,Visible Performance,6,Name the audacity / worldview,Short stance phrase,systematic generation,worldview statements,Show The Delta,showthedelta
3138,5,Visible Performance,6,Name the audacity / worldview,Short stance phrase,systematic generation,worldview statements,Make Progress Apparent,makeprogressapparent
3139,5,Visible Performance,6,Name the audacity / worldview,Short stance phrase,systematic generation,worldview statements,Set The Benchmark,setthebenchmark
3140,5,Visible Performance,6,Name the audacity / worldview,Short stance phrase,systematic generation,worldview statements,Grade The Result,gradetheresult
3141,5,Visible Performance,6,Name the audacity / worldview,Short stance phrase,systematic generation,worldview statements,Measure The After,measuretheafter
3142,5,Visible Performance,6,Name the audacity / worldview,Short stance phrase,systematic generation,worldview statements,Raise The Finish,raisethefinish
3143,5,Visible Performance,6,Name the audacity / worldview,Short stance phrase,systematic generation,worldview statements,See The Net Change,seethenetchange
3144,5,Visible Performance,6,Name the audacity / worldview,Short stance phrase,systematic generation,worldview statements,Check The Difference,checkthedifference
3145,5,Visible Performance,6,Name the audacity / worldview,Short stance phrase,systematic generation,worldview statements,Make It Observable,makeitobservable
3146,5,Visible Performance,6,Name the audacity / worldview,Short stance phrase,systematic generation,audacity commands,Choose Grade Scale,choosegradescale
3147,5,Visible Performance,6,Name the audacity / worldview,Short stance phrase,systematic generation,audacity commands,Choose Delta Chart,choosedeltachart
3148,5,Visible Performance,6,Name the audacity / worldview,Short stance phrase,systematic generation,audacity commands,Choose Output Dial,chooseoutputdial
3149,5,Visible Performance,6,Name the audacity / worldview,Short stance phrase,systematic generation,audacity commands,Choose Reference Tile,choosereferencetile
3150,5,Visible Performance,6,Name the audacity / worldview,Short stance phrase,systematic generation,audacity commands,Choose Control Sample,choosecontrolsample
3151,5,Visible Performance,6,Name the audacity / worldview,Short stance phrase,systematic generation,audacity commands,Choose Contrast Card,choosecontrastcard
3152,5,Visible Performance,6,Name the audacity / worldview,Short stance phrase,systematic generation,audacity commands,Keep Grade Scale,keepgradescale
3153,5,Visible Performance,6,Name the audacity / worldview,Short stance phrase,systematic generation,audacity commands,Keep Delta Chart,keepdeltachart
3154,5,Visible Performance,6,Name the audacity / worldview,Short stance phrase,systematic generation,audacity commands,Keep Output Dial,keepoutputdial
3155,5,Visible Performance,6,Name the audacity / worldview,Short stance phrase,systematic generation,audacity commands,Keep Reference Tile,keepreferencetile
3156,5,Visible Performance,6,Name the audacity / worldview,Short stance phrase,systematic generation,audacity commands,Keep Control Sample,keepcontrolsample
3157,5,Visible Performance,6,Name the audacity / worldview,Short stance phrase,systematic generation,audacity commands,Keep Contrast Card,keepcontrastcard
3158,5,Visible Performance,6,Name the audacity / worldview,Short stance phrase,systematic generation,audacity commands,Make Grade Scale,makegradescale
3159,5,Visible Performance,6,Name the audacity / worldview,Short stance phrase,systematic generation,audacity commands,Make Acceptance Stamp,makeacceptancestamp
3160,5,Visible Performance,6,Name the audacity / worldview,Short stance phrase,systematic generation,audacity commands,Make Output Dial,makeoutputdial
3161,5,Visible Performance,6,Name the audacity / worldview,Short stance phrase,systematic generation,audacity commands,Make Reference Tile,makereferencetile
3162,5,Visible Performance,6,Name the audacity / worldview,Short stance phrase,systematic generation,audacity commands,Make Test Coupon,maketestcoupon
3163,5,Visible Performance,6,Name the audacity / worldview,Short stance phrase,systematic generation,audacity commands,Make Pass Indicator,makepassindicator
3164,5,Visible Performance,6,Name the audacity / worldview,Short stance phrase,systematic generation,audacity commands,Make Change Marker,makechangemarker
3165,5,Visible Performance,6,Name the audacity / worldview,Short stance phrase,systematic generation,audacity commands,Make Resolution Target,makeresolutiontarget
3166,5,Visible Performance,6,Name the audacity / worldview,Short stance phrase,systematic generation,audacity commands,Make Contrast Card,makecontrastcard
3167,5,Visible Performance,6,Name the audacity / worldview,Short stance phrase,systematic generation,audacity commands,Use Change Gauge,usechangegauge
3168,5,Visible Performance,6,Name the audacity / worldview,Short stance phrase,systematic generation,audacity commands,Use Delta Chart,usedeltachart
3169,5,Visible Performance,6,Name the audacity / worldview,Short stance phrase,systematic generation,audacity commands,Use Control Sample,usecontrolsample
3170,5,Visible Performance,6,Name the audacity / worldview,Short stance phrase,systematic generation,audacity commands,Use Inspection Table,useinspectiontable
3171,5,Visible Performance,6,Name the audacity / worldview,Short stance phrase,systematic generation,audacity commands,Show Inspection Card,showinspectioncard
3172,5,Visible Performance,6,Name the audacity / worldview,Short stance phrase,systematic generation,audacity commands,Show Change Gauge,showchangegauge
3173,5,Visible Performance,7,Deconstruct / reconstruct,Transparent spelling modification,systematic generation,single-vowel deletion,Outcme,outcme
3174,5,Visible Performance,7,Deconstruct / reconstruct,Transparent spelling modification,systematic generation,single-vowel deletion,Obsrvable,obsrvable
3175,5,Visible Performance,7,Deconstruct / reconstruct,Transparent spelling modification,systematic generation,single-vowel deletion,Regster,regster
3176,5,Visible Performance,7,Deconstruct / reconstruct,Transparent spelling modification,systematic generation,single-vowel deletion,Grde,grde
3177,5,Visible Performance,7,Deconstruct / reconstruct,Transparent spelling modification,systematic generation,single-vowel deletion,Scre,scre
3178,5,Visible Performance,7,Deconstruct / reconstruct,Transparent spelling modification,systematic generation,single-vowel deletion,Delta,delta
3179,5,Visible Performance,7,Deconstruct / reconstruct,Transparent spelling modification,systematic generation,single-vowel deletion,Reslve,reslve
3180,5,Visible Performance,7,Deconstruct / reconstruct,Transparent spelling modification,systematic generation,single-vowel deletion,Compre,compre
3181,5,Visible Performance,7,Deconstruct / reconstruct,Transparent spelling modification,systematic generation,single-vowel deletion,Headwy,headwy
3182,5,Visible Performance,7,Deconstruct / reconstruct,Transparent spelling modification,systematic generation,single-vowel deletion,Finshquality,finshquality
3183,5,Visible Performance,7,Deconstruct / reconstruct,Transparent spelling modification,systematic generation,single-vowel deletion,Accptance,accptance
3184,5,Visible Performance,7,Deconstruct / reconstruct,Transparent spelling modification,systematic generation,single-vowel deletion,Measrable,measrable
3185,5,Visible Performance,7,Deconstruct / reconstruct,Transparent spelling modification,systematic generation,single-vowel deletion,Apprent,apprent
3186,5,Visible Performance,7,Deconstruct / reconstruct,Transparent spelling modification,systematic generation,single-vowel deletion,Evdent,evdent
3187,5,Visible Performance,7,Deconstruct / reconstruct,Transparent spelling modification,systematic generation,single-vowel deletion,Imprve,imprve
3188,5,Visible Performance,7,Deconstruct / reconstruct,Transparent spelling modification,systematic generation,single-vowel deletion,Chngegauge,chngegauge
3189,5,Visible Performance,7,Deconstruct / reconstruct,Transparent spelling modification,systematic generation,single-vowel deletion,Finshsample,finshsample
3190,5,Visible Performance,7,Deconstruct / reconstruct,Transparent spelling modification,systematic generation,single-vowel deletion,Refrencetile,refrencetile
3191,5,Visible Performance,7,Deconstruct / reconstruct,Transparent spelling modification,systematic generation,single-vowel deletion,Testcupon,testcupon
3192,5,Visible Performance,7,Deconstruct / reconstruct,Transparent spelling modification,systematic generation,single-vowel deletion,Reslutiontarget,reslutiontarget
3193,5,Visible Performance,7,Deconstruct / reconstruct,Transparent spelling modification,systematic generation,single-vowel deletion,Outptdial,outptdial
3194,5,Visible Performance,7,Deconstruct / reconstruct,Transparent spelling modification,systematic generation,single-vowel deletion,Scresheet,scresheet
3195,5,Visible Performance,7,Deconstruct / reconstruct,Transparent spelling modification,systematic generation,single-vowel deletion,Accptancestamp,accptancestamp
3196,5,Visible Performance,7,Deconstruct / reconstruct,Transparent spelling modification,systematic generation,single-vowel deletion,Resltwindow,resltwindow
3197,5,Visible Performance,7,Deconstruct / reconstruct,Transparent spelling modification,systematic generation,single-vowel deletion,Deltchart,deltchart
3198,5,Visible Performance,7,Deconstruct / reconstruct,Transparent spelling modification,systematic generation,joined reconstruction,Outcomedelta,outcomedelta
3199,5,Visible Performance,7,Deconstruct / reconstruct,Transparent spelling modification,systematic generation,joined reconstruction,Outcomethreshold,outcomethreshold
3200,5,Visible Performance,7,Deconstruct / reconstruct,Transparent spelling modification,systematic generation,joined reconstruction,Outcomecompare,outcomecompare
3201,5,Visible Performance,7,Deconstruct / reconstruct,Transparent spelling modification,systematic generation,joined reconstruction,Outcomeheadway,outcomeheadway
3202,5,Visible Performance,7,Deconstruct / reconstruct,Transparent spelling modification,systematic generation,joined reconstruction,Outcomefinishquality,outcomefinishquality
3203,5,Visible Performance,7,Deconstruct / reconstruct,Transparent spelling modification,systematic generation,joined reconstruction,Outcomeacceptance,outcomeacceptance
3204,5,Visible Performance,7,Deconstruct / reconstruct,Transparent spelling modification,systematic generation,joined reconstruction,Outcomeapparent,outcomeapparent
3205,5,Visible Performance,7,Deconstruct / reconstruct,Transparent spelling modification,systematic generation,joined reconstruction,Outcomeevident,outcomeevident
3206,5,Visible Performance,7,Deconstruct / reconstruct,Transparent spelling modification,systematic generation,joined reconstruction,Outcomedemonstrate,outcomedemonstrate
3207,5,Visible Performance,7,Deconstruct / reconstruct,Transparent spelling modification,systematic generation,joined reconstruction,Outcomeimprove,outcomeimprove
3208,5,Visible Performance,7,Deconstruct / reconstruct,Transparent spelling modification,systematic generation,joined reconstruction,Observabledelta,observabledelta
3209,5,Visible Performance,7,Deconstruct / reconstruct,Transparent spelling modification,systematic generation,joined reconstruction,Observablethreshold,observablethreshold
3210,5,Visible Performance,7,Deconstruct / reconstruct,Transparent spelling modification,systematic generation,joined reconstruction,Observablecompare,observablecompare
3211,5,Visible Performance,7,Deconstruct / reconstruct,Transparent spelling modification,systematic generation,joined reconstruction,Observableheadway,observableheadway
3212,5,Visible Performance,7,Deconstruct / reconstruct,Transparent spelling modification,systematic generation,joined reconstruction,Observablefinishquality,observablefinishquality
3213,5,Visible Performance,7,Deconstruct / reconstruct,Transparent spelling modification,systematic generation,joined reconstruction,Observableacceptance,observableacceptance
3214,5,Visible Performance,7,Deconstruct / reconstruct,Transparent spelling modification,systematic generation,joined reconstruction,Observableapparent,observableapparent
3215,5,Visible Performance,8,Portmanteau,Clean portmanteau,systematic generation,legible two-source blend,Outcore,outcore
3216,5,Visible Performance,8,Portmanteau,Clean portmanteau,systematic generation,legible two-source blend,Outcoare,outcoare
3217,5,Visible Performance,8,Portmanteau,Clean portmanteau,systematic generation,legible two-source blend,Outcoality,outcoality
3218,5,Visible Performance,8,Portmanteau,Clean portmanteau,systematic generation,legible two-source blend,Outcomevident,outcomevident
3219,5,Visible Performance,8,Portmanteau,Clean portmanteau,systematic generation,legible two-source blend,Outcode,outcode
3220,5,Visible Performance,8,Portmanteau,Clean portmanteau,systematic generation,legible two-source blend,Outcolate,outcolate
3221,5,Visible Performance,8,Portmanteau,Clean portmanteau,systematic generation,legible two-source blend,Observta,observta
3222,5,Visible Performance,8,Portmanteau,Clean portmanteau,systematic generation,legible two-source blend,Observtate,observtate
3223,5,Visible Performance,8,Portmanteau,Clean portmanteau,systematic generation,legible two-source blend,Observance,observance
3224,5,Visible Performance,8,Portmanteau,Clean portmanteau,systematic generation,legible two-source blend,Observrate,observrate
3225,5,Visible Performance,8,Portmanteau,Clean portmanteau,systematic generation,legible two-source blend,Observome,observome
3226,5,Visible Performance,8,Portmanteau,Clean portmanteau,systematic generation,legible two-source blend,Regishold,regishold
3227,5,Visible Performance,8,Portmanteau,Clean portmanteau,systematic generation,legible two-source blend,Regisange,regisange
3228,5,Visible Performance,8,Portmanteau,Clean portmanteau,systematic generation,legible two-source blend,Regisable,regisable
3229,5,Visible Performance,8,Portmanteau,Clean portmanteau,systematic generation,legible two-source blend,Regisove,regisove
3230,5,Visible Performance,8,Portmanteau,Clean portmanteau,systematic generation,legible two-source blend,Registate,registate
3231,5,Visible Performance,8,Portmanteau,Clean portmanteau,systematic generation,legible two-source blend,Inspelve,inspelve
3232,5,Visible Performance,8,Portmanteau,Clean portmanteau,systematic generation,legible two-source blend,Inspeway,inspeway
3233,5,Visible Performance,8,Portmanteau,Clean portmanteau,systematic generation,legible two-source blend,Inspeent,inspeent
3234,5,Visible Performance,8,Portmanteau,Clean portmanteau,systematic generation,legible two-source blend,Inspeark,inspeark
3235,5,Visible Performance,8,Portmanteau,Clean portmanteau,systematic generation,legible two-source blend,Inspeange,inspeange
3236,5,Visible Performance,8,Portmanteau,Clean portmanteau,systematic generation,legible two-source blend,Grare,grare
3237,5,Visible Performance,8,Portmanteau,Clean portmanteau,systematic generation,legible two-source blend,Graare,graare
3238,5,Visible Performance,8,Portmanteau,Clean portmanteau,systematic generation,legible two-source blend,Graality,graality
3239,5,Visible Performance,8,Portmanteau,Clean portmanteau,systematic generation,legible two-source blend,Gradevident,gradevident
3240,5,Visible Performance,8,Portmanteau,Clean portmanteau,systematic generation,legible two-source blend,Grade,grade
3241,5,Visible Performance,8,Portmanteau,Clean portmanteau,systematic generation,legible two-source blend,Gralate,gralate
3242,5,Visible Performance,8,Portmanteau,Clean portmanteau,systematic generation,legible two-source blend,Scota,scota
3243,5,Visible Performance,8,Portmanteau,Clean portmanteau,systematic generation,legible two-source blend,Scotate,scotate
3244,5,Visible Performance,8,Portmanteau,Clean portmanteau,systematic generation,legible two-source blend,Scoance,scoance
3245,5,Visible Performance,8,Portmanteau,Clean portmanteau,systematic generation,legible two-source blend,Scorate,scorate
3246,5,Visible Performance,8,Portmanteau,Clean portmanteau,systematic generation,legible two-source blend,Scoome,scoome
3247,5,Visible Performance,8,Portmanteau,Clean portmanteau,systematic generation,legible two-source blend,Delhold,delhold
3248,5,Visible Performance,8,Portmanteau,Clean portmanteau,systematic generation,legible two-source blend,Delange,delange
3249,5,Visible Performance,8,Portmanteau,Clean portmanteau,systematic generation,legible two-source blend,Delable,delable
3250,5,Visible Performance,8,Portmanteau,Clean portmanteau,systematic generation,legible two-source blend,Delove,delove
3251,5,Visible Performance,8,Portmanteau,Clean portmanteau,systematic generation,legible two-source blend,Deltafterstate,deltafterstate
3252,5,Visible Performance,8,Portmanteau,Clean portmanteau,systematic generation,legible two-source blend,Threshlve,threshlve
3253,5,Visible Performance,8,Portmanteau,Clean portmanteau,systematic generation,legible two-source blend,Threshway,threshway
3254,5,Visible Performance,8,Portmanteau,Clean portmanteau,systematic generation,legible two-source blend,Threshent,threshent
3255,5,Visible Performance,8,Portmanteau,Clean portmanteau,systematic generation,legible two-source blend,Threshark,threshark
3256,5,Visible Performance,8,Portmanteau,Clean portmanteau,systematic generation,legible two-source blend,Threshange,threshange
3257,5,Visible Performance,9,Morpheme engine,English-native compound or compression,systematic generation,English-native morpheme engine,Outcomework,outcomework
3258,5,Visible Performance,9,Morpheme engine,English-native compound or compression,systematic generation,English-native morpheme engine,Outcomewise,outcomewise
3259,5,Visible Performance,9,Morpheme engine,English-native compound or compression,systematic generation,English-native morpheme engine,Outcomeline,outcomeline
3260,5,Visible Performance,9,Morpheme engine,English-native compound or compression,systematic generation,English-native morpheme engine,Outcomekind,outcomekind
3261,5,Visible Performance,9,Morpheme engine,English-native compound or compression,systematic generation,English-native morpheme engine,Outcomecraft,outcomecraft
3262,5,Visible Performance,9,Morpheme engine,English-native compound or compression,systematic generation,English-native morpheme engine,Outcomehouse,outcomehouse
3263,5,Visible Performance,9,Morpheme engine,English-native compound or compression,systematic generation,English-native morpheme engine,Outcomepractice,outcomepractice
3264,5,Visible Performance,9,Morpheme engine,English-native compound or compression,systematic generation,English-native morpheme engine,Outcomecompany,outcomecompany
3265,5,Visible Performance,9,Morpheme engine,English-native compound or compression,systematic generation,English-native morpheme engine,Outcomeway,outcomeway
3266,5,Visible Performance,9,Morpheme engine,English-native compound or compression,systematic generation,English-native morpheme engine,Observewise,observewise
3267,5,Visible Performance,9,Morpheme engine,English-native compound or compression,systematic generation,English-native morpheme engine,Observeward,observeward
3268,5,Visible Performance,9,Morpheme engine,English-native compound or compression,systematic generation,English-native morpheme engine,Observekind,observekind
3269,5,Visible Performance,9,Morpheme engine,English-native compound or compression,systematic generation,English-native morpheme engine,Observemade,observemade
3270,5,Visible Performance,9,Morpheme engine,English-native compound or compression,systematic generation,English-native morpheme engine,Observehouse,observehouse
3271,5,Visible Performance,9,Morpheme engine,English-native compound or compression,systematic generation,English-native morpheme engine,Observestandard,observestandard
3272,5,Visible Performance,9,Morpheme engine,English-native compound or compression,systematic generation,English-native morpheme engine,Observecompany,observecompany
3273,5,Visible Performance,9,Morpheme engine,English-native compound or compression,systematic generation,English-native morpheme engine,Observeclub,observeclub
3274,5,Visible Performance,9,Morpheme engine,English-native compound or compression,systematic generation,English-native morpheme engine,Registerward,registerward
3275,5,Visible Performance,9,Morpheme engine,English-native compound or compression,systematic generation,English-native morpheme engine,Registermark,registermark
3276,5,Visible Performance,9,Morpheme engine,English-native compound or compression,systematic generation,English-native morpheme engine,Registermade,registermade
3277,5,Visible Performance,9,Morpheme engine,English-native compound or compression,systematic generation,English-native morpheme engine,Registerform,registerform
3278,5,Visible Performance,9,Morpheme engine,English-native compound or compression,systematic generation,English-native morpheme engine,Registerstandard,registerstandard
3279,5,Visible Performance,9,Morpheme engine,English-native compound or compression,systematic generation,English-native morpheme engine,Registermethod,registermethod
3280,5,Visible Performance,9,Morpheme engine,English-native compound or compression,systematic generation,English-native morpheme engine,Registerclub,registerclub
3281,5,Visible Performance,9,Morpheme engine,English-native compound or compression,systematic generation,English-native morpheme engine,Registerstate,registerstate
3282,5,Visible Performance,9,Morpheme engine,English-native compound or compression,systematic generation,English-native morpheme engine,Inspectwork,inspectwork
3283,5,Visible Performance,9,Morpheme engine,English-native compound or compression,systematic generation,English-native morpheme engine,Inspectmark,inspectmark
3284,5,Visible Performance,9,Morpheme engine,English-native compound or compression,systematic generation,English-native morpheme engine,Inspectline,inspectline
3285,5,Visible Performance,9,Morpheme engine,English-native compound or compression,systematic generation,English-native morpheme engine,Inspectform,inspectform
3286,5,Visible Performance,9,Morpheme engine,English-native compound or compression,systematic generation,English-native morpheme engine,Inspectcraft,inspectcraft
3287,5,Visible Performance,9,Morpheme engine,English-native compound or compression,systematic generation,English-native morpheme engine,Inspectmethod,inspectmethod
3288,5,Visible Performance,9,Morpheme engine,English-native compound or compression,systematic generation,English-native morpheme engine,Inspectpractice,inspectpractice
3289,5,Visible Performance,9,Morpheme engine,English-native compound or compression,systematic generation,English-native morpheme engine,Inspectstate,inspectstate
3290,5,Visible Performance,9,Morpheme engine,English-native compound or compression,systematic generation,English-native morpheme engine,Inspectway,inspectway
3291,5,Visible Performance,9,Morpheme engine,English-native compound or compression,systematic generation,English-native morpheme engine,Gradework,gradework
3292,5,Visible Performance,9,Morpheme engine,English-native compound or compression,systematic generation,English-native morpheme engine,Gradewise,gradewise
3293,5,Visible Performance,9,Morpheme engine,English-native compound or compression,systematic generation,English-native morpheme engine,Gradeline,gradeline
3294,5,Visible Performance,9,Morpheme engine,English-native compound or compression,systematic generation,English-native morpheme engine,Gradekind,gradekind
3295,5,Visible Performance,9,Morpheme engine,English-native compound or compression,systematic generation,English-native morpheme engine,Gradecraft,gradecraft
3296,5,Visible Performance,9,Morpheme engine,English-native compound or compression,systematic generation,English-native morpheme engine,Gradehouse,gradehouse
3297,5,Visible Performance,9,Morpheme engine,English-native compound or compression,systematic generation,English-native morpheme engine,Gradepractice,gradepractice
3298,5,Visible Performance,9,Morpheme engine,English-native compound or compression,systematic generation,English-native morpheme engine,Gradecompany,gradecompany
3299,5,Visible Performance,10,Scientific borrowing,Authentic scientific terminology,hand-authored,round-two curated depth seed,Measured Difference,measureddifference
3300,5,Visible Performance,10,Scientific borrowing,Authentic scientific terminology,systematic generation,authentic scientific terminology,Net Change,netchange
3301,5,Visible Performance,10,Scientific borrowing,Authentic scientific terminology,systematic generation,authentic scientific terminology,Outcome Measure,outcomemeasure
3302,5,Visible Performance,10,Scientific borrowing,Authentic scientific terminology,systematic generation,authentic scientific terminology,Observable Difference,observabledifference
3303,5,Visible Performance,10,Scientific borrowing,Authentic scientific terminology,systematic generation,authentic scientific terminology,Response Delta,responsedelta
3304,5,Visible Performance,10,Scientific borrowing,Authentic scientific terminology,systematic generation,authentic scientific terminology,Detection Limit,detectionlimit
3305,5,Visible Performance,10,Scientific borrowing,Authentic scientific terminology,systematic generation,authentic scientific terminology,Visual Analog Scale,visualanalogscale
3306,5,Visible Performance,10,Scientific borrowing,Authentic scientific terminology,systematic generation,authentic scientific terminology,Instrument Grade,instrumentgrade
3307,5,Visible Performance,10,Scientific borrowing,Authentic scientific terminology,systematic generation,authentic scientific terminology,Comparison Standard,comparisonstandard
3308,5,Visible Performance,10,Scientific borrowing,Authentic scientific terminology,systematic generation,authentic scientific terminology,Acceptance Criterion,acceptancecriterion
3309,5,Visible Performance,10,Scientific borrowing,Authentic scientific terminology,systematic generation,authentic scientific terminology,Resolution Target,resolutiontarget
3310,5,Visible Performance,10,Scientific borrowing,Authentic scientific terminology,systematic generation,authentic scientific terminology,Contrast Sensitivity,contrastsensitivity
3311,5,Visible Performance,10,Scientific borrowing,Authentic scientific terminology,systematic generation,authentic scientific terminology,Change Detection,changedetection
3312,5,Visible Performance,10,Scientific borrowing,Authentic scientific terminology,systematic generation,authentic scientific terminology,Performance Measure,performancemeasure
3313,5,Visible Performance,10,Scientific borrowing,Authentic scientific terminology,systematic generation,authentic scientific terminology,Output Signal,outputsignal
3314,5,Visible Performance,10,Scientific borrowing,Authentic scientific terminology,systematic generation,authentic scientific terminology,Quality Grade,qualitygrade
3315,5,Visible Performance,10,Scientific borrowing,Authentic scientific terminology,systematic generation,authentic scientific terminology,Finish Inspection,finishinspection
3316,5,Visible Performance,10,Scientific borrowing,Authentic scientific terminology,systematic generation,authentic scientific terminology,Pass Criterion,passcriterion
3317,5,Visible Performance,10,Scientific borrowing,Authentic scientific terminology,systematic generation,authentic scientific terminology,Measured Difference,measureddifference
3318,5,Visible Performance,10,Scientific borrowing,Authentic scientific terminology,systematic generation,authentic scientific terminology,Apparent Change,apparentchange
3319,5,Visible Performance,10,Scientific borrowing,Authentic scientific terminology,systematic generation,technical compounds,Adaptive Grade Scale,adaptivegradescale
3320,5,Visible Performance,10,Scientific borrowing,Authentic scientific terminology,systematic generation,technical compounds,Adaptive Acceptance Stamp,adaptiveacceptancestamp
3321,5,Visible Performance,10,Scientific borrowing,Authentic scientific terminology,systematic generation,technical compounds,Adaptive Output Dial,adaptiveoutputdial
3322,5,Visible Performance,10,Scientific borrowing,Authentic scientific terminology,systematic generation,technical compounds,Adaptive Reference Tile,adaptivereferencetile
3323,5,Visible Performance,10,Scientific borrowing,Authentic scientific terminology,systematic generation,technical compounds,Adaptive Test Coupon,adaptivetestcoupon
3324,5,Visible Performance,10,Scientific borrowing,Authentic scientific terminology,systematic generation,technical compounds,Adaptive Pass Indicator,adaptivepassindicator
3325,5,Visible Performance,10,Scientific borrowing,Authentic scientific terminology,systematic generation,technical compounds,Adaptive Change Marker,adaptivechangemarker
3326,5,Visible Performance,10,Scientific borrowing,Authentic scientific terminology,systematic generation,technical compounds,Adaptive Resolution Target,adaptiveresolutiontarget
3327,5,Visible Performance,10,Scientific borrowing,Authentic scientific terminology,systematic generation,technical compounds,Adaptive Contrast Card,adaptivecontrastcard
3328,5,Visible Performance,10,Scientific borrowing,Authentic scientific terminology,systematic generation,technical compounds,Dynamic Change Gauge,dynamicchangegauge
3329,5,Visible Performance,10,Scientific borrowing,Authentic scientific terminology,systematic generation,technical compounds,Dynamic Delta Chart,dynamicdeltachart
3330,5,Visible Performance,10,Scientific borrowing,Authentic scientific terminology,systematic generation,technical compounds,Dynamic Control Sample,dynamiccontrolsample
3331,5,Visible Performance,10,Scientific borrowing,Authentic scientific terminology,systematic generation,technical compounds,Dynamic Inspection Table,dynamicinspectiontable
3332,5,Visible Performance,10,Scientific borrowing,Authentic scientific terminology,systematic generation,technical compounds,Reference Grade Scale,referencegradescale
3333,5,Visible Performance,10,Scientific borrowing,Authentic scientific terminology,systematic generation,technical compounds,Reference Acceptance Stamp,referenceacceptancestamp
3334,5,Visible Performance,10,Scientific borrowing,Authentic scientific terminology,systematic generation,technical compounds,Reference Output Dial,referenceoutputdial
3335,5,Visible Performance,10,Scientific borrowing,Authentic scientific terminology,systematic generation,technical compounds,Reference Reference Tile,referencereferencetile
3336,5,Visible Performance,10,Scientific borrowing,Authentic scientific terminology,systematic generation,technical compounds,Reference Test Coupon,referencetestcoupon
3337,5,Visible Performance,10,Scientific borrowing,Authentic scientific terminology,systematic generation,technical compounds,Reference Pass Indicator,referencepassindicator
3338,5,Visible Performance,10,Scientific borrowing,Authentic scientific terminology,systematic generation,technical compounds,Reference Change Marker,referencechangemarker
3339,5,Visible Performance,10,Scientific borrowing,Authentic scientific terminology,systematic generation,technical compounds,Reference Resolution Target,referenceresolutiontarget
3340,5,Visible Performance,10,Scientific borrowing,Authentic scientific terminology,systematic generation,technical compounds,Reference Contrast Card,referencecontrastcard
3341,5,Visible Performance,10,Scientific borrowing,Authentic scientific terminology,systematic generation,technical compounds,Working Grade Scale,workinggradescale
3342,5,Visible Performance,11,Sound-first coinage,Crisp sound-led coinage,systematic generation,phonosemantic sound matrix,Outcome,outcome
3343,5,Visible Performance,11,Sound-first coinage,Crisp sound-led coinage,systematic generation,phonosemantic sound matrix,Outline,outline
3344,5,Visible Performance,11,Sound-first coinage,Crisp sound-led coinage,systematic generation,phonosemantic sound matrix,Outgrade,outgrade
3345,5,Visible Performance,11,Sound-first coinage,Crisp sound-led coinage,systematic generation,phonosemantic sound matrix,Outgain,outgain
3346,5,Visible Performance,11,Sound-first coinage,Crisp sound-led coinage,systematic generation,phonosemantic sound matrix,Obstal,obstal
3347,5,Visible Performance,11,Sound-first coinage,Crisp sound-led coinage,systematic generation,phonosemantic sound matrix,Obsmark,obsmark
3348,5,Visible Performance,11,Sound-first coinage,Crisp sound-led coinage,systematic generation,phonosemantic sound matrix,Obsset,obsset
3349,5,Visible Performance,11,Sound-first coinage,Crisp sound-led coinage,systematic generation,phonosemantic sound matrix,Obsclear,obsclear
3350,5,Visible Performance,11,Sound-first coinage,Crisp sound-led coinage,systematic generation,phonosemantic sound matrix,Regden,regden
3351,5,Visible Performance,11,Sound-first coinage,Crisp sound-led coinage,systematic generation,phonosemantic sound matrix,Regview,regview
3352,5,Visible Performance,11,Sound-first coinage,Crisp sound-led coinage,systematic generation,phonosemantic sound matrix,Regresult,regresult
3353,5,Visible Performance,11,Sound-first coinage,Crisp sound-led coinage,systematic generation,phonosemantic sound matrix,Regshow,regshow
3354,5,Visible Performance,11,Sound-first coinage,Crisp sound-led coinage,systematic generation,phonosemantic sound matrix,Inscome,inscome
3355,5,Visible Performance,11,Sound-first coinage,Crisp sound-led coinage,systematic generation,phonosemantic sound matrix,Insline,insline
3356,5,Visible Performance,11,Sound-first coinage,Crisp sound-led coinage,systematic generation,phonosemantic sound matrix,Insgrade,insgrade
3357,5,Visible Performance,11,Sound-first coinage,Crisp sound-led coinage,systematic generation,phonosemantic sound matrix,Insgain,insgain
3358,5,Visible Performance,11,Sound-first coinage,Crisp sound-led coinage,systematic generation,phonosemantic sound matrix,Gratal,gratal
3359,5,Visible Performance,11,Sound-first coinage,Crisp sound-led coinage,systematic generation,phonosemantic sound matrix,Gramark,gramark
3360,5,Visible Performance,11,Sound-first coinage,Crisp sound-led coinage,systematic generation,phonosemantic sound matrix,Graset,graset
3361,5,Visible Performance,11,Sound-first coinage,Crisp sound-led coinage,systematic generation,phonosemantic sound matrix,Graclear,graclear
3362,5,Visible Performance,11,Sound-first coinage,Crisp sound-led coinage,systematic generation,phonosemantic sound matrix,Scoden,scoden
3363,5,Visible Performance,11,Sound-first coinage,Crisp sound-led coinage,systematic generation,phonosemantic sound matrix,Scoview,scoview
3364,5,Visible Performance,11,Sound-first coinage,Crisp sound-led coinage,systematic generation,phonosemantic sound matrix,Scoresult,scoresult
3365,5,Visible Performance,11,Sound-first coinage,Crisp sound-led coinage,systematic generation,phonosemantic sound matrix,Scoshow,scoshow
3366,5,Visible Performance,11,Sound-first coinage,Crisp sound-led coinage,systematic generation,phonosemantic sound matrix,Delcome,delcome
3367,5,Visible Performance,11,Sound-first coinage,Crisp sound-led coinage,systematic generation,phonosemantic sound matrix,Delline,delline
3368,5,Visible Performance,11,Sound-first coinage,Crisp sound-led coinage,systematic generation,phonosemantic sound matrix,Delgrade,delgrade
3369,5,Visible Performance,11,Sound-first coinage,Crisp sound-led coinage,systematic generation,phonosemantic sound matrix,Delgain,delgain
3370,5,Visible Performance,11,Sound-first coinage,Crisp sound-led coinage,systematic generation,phonosemantic sound matrix,Thrtal,thrtal
3371,5,Visible Performance,11,Sound-first coinage,Crisp sound-led coinage,systematic generation,phonosemantic sound matrix,Thrmark,thrmark
3372,5,Visible Performance,11,Sound-first coinage,Crisp sound-led coinage,systematic generation,phonosemantic sound matrix,Thrset,thrset
3373,5,Visible Performance,11,Sound-first coinage,Crisp sound-led coinage,systematic generation,phonosemantic sound matrix,Resden,resden
3374,5,Visible Performance,11,Sound-first coinage,Crisp sound-led coinage,systematic generation,phonosemantic sound matrix,Resview,resview
3375,5,Visible Performance,11,Sound-first coinage,Crisp sound-led coinage,systematic generation,phonosemantic sound matrix,Resresult,resresult
3376,5,Visible Performance,11,Sound-first coinage,Crisp sound-led coinage,systematic generation,phonosemantic sound matrix,Resshow,resshow
3377,5,Visible Performance,11,Sound-first coinage,Crisp sound-led coinage,systematic generation,phonosemantic sound matrix,Comcome,comcome
3378,5,Visible Performance,11,Sound-first coinage,Crisp sound-led coinage,systematic generation,phonosemantic sound matrix,Comline,comline
3379,5,Visible Performance,11,Sound-first coinage,Crisp sound-led coinage,systematic generation,phonosemantic sound matrix,Comgrade,comgrade
3380,5,Visible Performance,11,Sound-first coinage,Crisp sound-led coinage,systematic generation,phonosemantic sound matrix,Comgain,comgain
3381,5,Visible Performance,11,Sound-first coinage,Crisp sound-led coinage,systematic generation,phonosemantic sound matrix,Afttal,afttal
3382,5,Visible Performance,11,Sound-first coinage,Crisp sound-led coinage,systematic generation,phonosemantic sound matrix,Aftmark,aftmark
3383,5,Visible Performance,11,Sound-first coinage,Crisp sound-led coinage,systematic generation,phonosemantic sound matrix,Aftset,aftset
3384,5,Visible Performance,12,Structural / orthographic device,Meaningful notation or orthographic device,systematic generation,orthographic deletion,Outcme,outcme
3385,5,Visible Performance,12,Structural / orthographic device,Meaningful notation or orthographic device,systematic generation,orthographic deletion,Obsrvable,obsrvable
3386,5,Visible Performance,12,Structural / orthographic device,Meaningful notation or orthographic device,systematic generation,orthographic deletion,Regster,regster
3387,5,Visible Performance,12,Structural / orthographic device,Meaningful notation or orthographic device,systematic generation,orthographic deletion,Grde,grde
3388,5,Visible Performance,12,Structural / orthographic device,Meaningful notation or orthographic device,systematic generation,orthographic deletion,Scre,scre
3389,5,Visible Performance,12,Structural / orthographic device,Meaningful notation or orthographic device,systematic generation,orthographic deletion,Delta,delta
3390,5,Visible Performance,12,Structural / orthographic device,Meaningful notation or orthographic device,systematic generation,orthographic deletion,Reslve,reslve
3391,5,Visible Performance,12,Structural / orthographic device,Meaningful notation or orthographic device,systematic generation,orthographic deletion,Compre,compre
3392,5,Visible Performance,12,Structural / orthographic device,Meaningful notation or orthographic device,systematic generation,orthographic deletion,Headwy,headwy
3393,5,Visible Performance,12,Structural / orthographic device,Meaningful notation or orthographic device,systematic generation,orthographic deletion,Finshquality,finshquality
3394,5,Visible Performance,12,Structural / orthographic device,Meaningful notation or orthographic device,systematic generation,orthographic deletion,Accptance,accptance
3395,5,Visible Performance,12,Structural / orthographic device,Meaningful notation or orthographic device,systematic generation,orthographic deletion,Measrable,measrable
3396,5,Visible Performance,12,Structural / orthographic device,Meaningful notation or orthographic device,systematic generation,orthographic deletion,Apprent,apprent
3397,5,Visible Performance,12,Structural / orthographic device,Meaningful notation or orthographic device,systematic generation,orthographic deletion,Evdent,evdent
3398,5,Visible Performance,12,Structural / orthographic device,Meaningful notation or orthographic device,systematic generation,orthographic deletion,Imprve,imprve
3399,5,Visible Performance,12,Structural / orthographic device,Meaningful notation or orthographic device,systematic generation,meaningful numbering,Outcome One,outcomeone
3400,5,Visible Performance,12,Structural / orthographic device,Meaningful notation or orthographic device,systematic generation,meaningful numbering,Observable One,observableone
3401,5,Visible Performance,12,Structural / orthographic device,Meaningful notation or orthographic device,systematic generation,meaningful numbering,Register One,registerone
3402,5,Visible Performance,12,Structural / orthographic device,Meaningful notation or orthographic device,systematic generation,meaningful numbering,Inspect One,inspectone
3403,5,Visible Performance,12,Structural / orthographic device,Meaningful notation or orthographic device,systematic generation,meaningful numbering,Grade One,gradeone
3404,5,Visible Performance,12,Structural / orthographic device,Meaningful notation or orthographic device,systematic generation,meaningful numbering,Score One,scoreone
3405,5,Visible Performance,12,Structural / orthographic device,Meaningful notation or orthographic device,systematic generation,meaningful numbering,Delta One,deltaone
3406,5,Visible Performance,12,Structural / orthographic device,Meaningful notation or orthographic device,systematic generation,meaningful numbering,Threshold One,thresholdone
3407,5,Visible Performance,12,Structural / orthographic device,Meaningful notation or orthographic device,systematic generation,meaningful numbering,Resolve One,resolveone
3408,5,Visible Performance,12,Structural / orthographic device,Meaningful notation or orthographic device,systematic generation,meaningful numbering,Compare One,compareone
3409,5,Visible Performance,12,Structural / orthographic device,Meaningful notation or orthographic device,systematic generation,meaningful numbering,Afterstate One,afterstateone
3410,5,Visible Performance,12,Structural / orthographic device,Meaningful notation or orthographic device,systematic generation,meaningful numbering,Netchange One,netchangeone
3411,5,Visible Performance,12,Structural / orthographic device,Meaningful notation or orthographic device,systematic generation,plus notation,Grade Plus,gradeplus
3412,5,Visible Performance,12,Structural / orthographic device,Meaningful notation or orthographic device,systematic generation,plus notation,Score Plus,scoreplus
3413,5,Visible Performance,12,Structural / orthographic device,Meaningful notation or orthographic device,systematic generation,plus notation,Delta Plus,deltaplus
3414,5,Visible Performance,12,Structural / orthographic device,Meaningful notation or orthographic device,systematic generation,plus notation,Threshold Plus,thresholdplus
3415,5,Visible Performance,12,Structural / orthographic device,Meaningful notation or orthographic device,systematic generation,plus notation,Resolve Plus,resolveplus
3416,5,Visible Performance,12,Structural / orthographic device,Meaningful notation or orthographic device,systematic generation,plus notation,Compare Plus,compareplus
3417,5,Visible Performance,12,Structural / orthographic device,Meaningful notation or orthographic device,systematic generation,plus notation,Afterstate Plus,afterstateplus
3418,5,Visible Performance,12,Structural / orthographic device,Meaningful notation or orthographic device,systematic generation,plus notation,Netchange Plus,netchangeplus
3419,5,Visible Performance,12,Structural / orthographic device,Meaningful notation or orthographic device,systematic generation,plus notation,Headway Plus,headwayplus
3420,5,Visible Performance,12,Structural / orthographic device,Meaningful notation or orthographic device,systematic generation,plus notation,Finishquality Plus,finishqualityplus
3421,5,Visible Performance,12,Structural / orthographic device,Meaningful notation or orthographic device,systematic generation,plus notation,Acceptance Plus,acceptanceplus
3422,5,Visible Performance,12,Structural / orthographic device,Meaningful notation or orthographic device,systematic generation,plus notation,Measurable Plus,measurableplus
3423,5,Visible Performance,12,Structural / orthographic device,Meaningful notation or orthographic device,systematic generation,joined word device,Outcomedelta,outcomedelta
3424,5,Visible Performance,12,Structural / orthographic device,Meaningful notation or orthographic device,systematic generation,joined word device,Outcomethreshold,outcomethreshold
3425,5,Visible Performance,12,Structural / orthographic device,Meaningful notation or orthographic device,systematic generation,joined word device,Outcomecompare,outcomecompare
3426,5,Visible Performance,13,Compound: one plus one equals three,Category-relevant compound,systematic generation,one plus one equals three,Full Change Gauge,fullchangegauge
3427,5,Visible Performance,13,Compound: one plus one equals three,Category-relevant compound,systematic generation,one plus one equals three,Full Delta Chart,fulldeltachart
3428,5,Visible Performance,13,Compound: one plus one equals three,Category-relevant compound,systematic generation,one plus one equals three,Full Control Sample,fullcontrolsample
3429,5,Visible Performance,13,Compound: one plus one equals three,Category-relevant compound,systematic generation,one plus one equals three,Full Inspection Table,fullinspectiontable
3430,5,Visible Performance,13,Compound: one plus one equals three,Category-relevant compound,systematic generation,one plus one equals three,Full Passmark,fullpassmark
3431,5,Visible Performance,13,Compound: one plus one equals three,Category-relevant compound,systematic generation,one plus one equals three,Full Grade,fullgrade
3432,5,Visible Performance,13,Compound: one plus one equals three,Category-relevant compound,systematic generation,one plus one equals three,Full Afterstate,fullafterstate
3433,5,Visible Performance,13,Compound: one plus one equals three,Category-relevant compound,systematic generation,one plus one equals three,Full Netchange,fullnetchange
3434,5,Visible Performance,13,Compound: one plus one equals three,Category-relevant compound,systematic generation,one plus one equals three,Open Grade Scale,opengradescale
3435,5,Visible Performance,13,Compound: one plus one equals three,Category-relevant compound,systematic generation,one plus one equals three,Open Delta Chart,opendeltachart
3436,5,Visible Performance,13,Compound: one plus one equals three,Category-relevant compound,systematic generation,one plus one equals three,Open Output Dial,openoutputdial
3437,5,Visible Performance,13,Compound: one plus one equals three,Category-relevant compound,systematic generation,one plus one equals three,Open Reference Tile,openreferencetile
3438,5,Visible Performance,13,Compound: one plus one equals three,Category-relevant compound,systematic generation,one plus one equals three,Open Control Sample,opencontrolsample
3439,5,Visible Performance,13,Compound: one plus one equals three,Category-relevant compound,systematic generation,one plus one equals three,Open Contrast Card,opencontrastcard
3440,5,Visible Performance,13,Compound: one plus one equals three,Category-relevant compound,systematic generation,one plus one equals three,Open Benchmark Block,openbenchmarkblock
3441,5,Visible Performance,13,Compound: one plus one equals three,Category-relevant compound,systematic generation,one plus one equals three,Open Grade,opengrade
3442,5,Visible Performance,13,Compound: one plus one equals three,Category-relevant compound,systematic generation,one plus one equals three,Open Outcome,openoutcome
3443,5,Visible Performance,13,Compound: one plus one equals three,Category-relevant compound,systematic generation,one plus one equals three,True Grade Scale,truegradescale
3444,5,Visible Performance,13,Compound: one plus one equals three,Category-relevant compound,systematic generation,one plus one equals three,True Acceptance Stamp,trueacceptancestamp
3445,5,Visible Performance,13,Compound: one plus one equals three,Category-relevant compound,systematic generation,one plus one equals three,True Output Dial,trueoutputdial
3446,5,Visible Performance,13,Compound: one plus one equals three,Category-relevant compound,systematic generation,one plus one equals three,True Reference Tile,truereferencetile
3447,5,Visible Performance,13,Compound: one plus one equals three,Category-relevant compound,systematic generation,one plus one equals three,True Test Coupon,truetestcoupon
3448,5,Visible Performance,13,Compound: one plus one equals three,Category-relevant compound,systematic generation,one plus one equals three,True Pass Indicator,truepassindicator
3449,5,Visible Performance,13,Compound: one plus one equals three,Category-relevant compound,systematic generation,one plus one equals three,True Change Marker,truechangemarker
3450,5,Visible Performance,13,Compound: one plus one equals three,Category-relevant compound,systematic generation,one plus one equals three,True Resolution Target,trueresolutiontarget
3451,5,Visible Performance,13,Compound: one plus one equals three,Category-relevant compound,systematic generation,one plus one equals three,True Contrast Card,truecontrastcard
3452,5,Visible Performance,13,Compound: one plus one equals three,Category-relevant compound,systematic generation,one plus one equals three,True Benchmark Block,truebenchmarkblock
3453,5,Visible Performance,13,Compound: one plus one equals three,Category-relevant compound,systematic generation,one plus one equals three,True Outcome,trueoutcome
3454,5,Visible Performance,13,Compound: one plus one equals three,Category-relevant compound,systematic generation,one plus one equals three,True Result Plate,trueresultplate
3455,5,Visible Performance,13,Compound: one plus one equals three,Category-relevant compound,systematic generation,one plus one equals three,Next Inspection Card,nextinspectioncard
3456,5,Visible Performance,13,Compound: one plus one equals three,Category-relevant compound,systematic generation,one plus one equals three,Next Finish Sample,nextfinishsample
3457,5,Visible Performance,13,Compound: one plus one equals three,Category-relevant compound,systematic generation,one plus one equals three,Next Comparison Panel,nextcomparisonpanel
3458,5,Visible Performance,13,Compound: one plus one equals three,Category-relevant compound,systematic generation,one plus one equals three,Next Acceptance Stamp,nextacceptancestamp
3459,5,Visible Performance,13,Compound: one plus one equals three,Category-relevant compound,systematic generation,one plus one equals three,Next Result Window,nextresultwindow
3460,5,Visible Performance,13,Compound: one plus one equals three,Category-relevant compound,systematic generation,one plus one equals three,Next Score Sheet,nextscoresheet
3461,5,Visible Performance,13,Compound: one plus one equals three,Category-relevant compound,systematic generation,one plus one equals three,Next Test Coupon,nexttestcoupon
3462,5,Visible Performance,13,Compound: one plus one equals three,Category-relevant compound,systematic generation,one plus one equals three,Next Pass Indicator,nextpassindicator
3463,5,Visible Performance,13,Compound: one plus one equals three,Category-relevant compound,systematic generation,one plus one equals three,Next Change Marker,nextchangemarker
3464,5,Visible Performance,13,Compound: one plus one equals three,Category-relevant compound,systematic generation,one plus one equals three,Next Resolution Target,nextresolutiontarget
3465,5,Visible Performance,13,Compound: one plus one equals three,Category-relevant compound,systematic generation,one plus one equals three,Next Result Plate,nextresultplate
3466,5,Visible Performance,13,Compound: one plus one equals three,Category-relevant compound,systematic generation,one plus one equals three,Long Inspection Card,longinspectioncard
3467,5,Visible Performance,13,Compound: one plus one equals three,Category-relevant compound,systematic generation,one plus one equals three,Long Change Gauge,longchangegauge
3468,5,Visible Performance,14,Real-word metaphor or eponym,Unexpected real word or metaphor,hand-authored,round-two curated depth seed,Afterstate,afterstate
3469,5,Visible Performance,14,Real-word metaphor or eponym,Unexpected real word or metaphor,hand-authored,round-two curated depth seed,Passmark,passmark
3470,5,Visible Performance,14,Real-word metaphor or eponym,Unexpected real word or metaphor,hand-authored,round-two curated depth seed,Observable,observable
3471,5,Visible Performance,14,Real-word metaphor or eponym,Unexpected real word or metaphor,systematic generation,real-word metaphor,Passmark,passmark
3472,5,Visible Performance,14,Real-word metaphor or eponym,Unexpected real word or metaphor,systematic generation,real-word metaphor,Grade,grade
3473,5,Visible Performance,14,Real-word metaphor or eponym,Unexpected real word or metaphor,systematic generation,real-word metaphor,Outcome,outcome
3474,5,Visible Performance,14,Real-word metaphor or eponym,Unexpected real word or metaphor,systematic generation,real-word metaphor,Afterstate,afterstate
3475,5,Visible Performance,14,Real-word metaphor or eponym,Unexpected real word or metaphor,systematic generation,real-word metaphor,Netchange,netchange
3476,5,Visible Performance,14,Real-word metaphor or eponym,Unexpected real word or metaphor,systematic generation,real-word metaphor,Result Plate,resultplate
3477,5,Visible Performance,14,Real-word metaphor or eponym,Unexpected real word or metaphor,systematic generation,real-word metaphor,Change Gauge,changegauge
3478,5,Visible Performance,14,Real-word metaphor or eponym,Unexpected real word or metaphor,systematic generation,real-word metaphor,Finish Sample,finishsample
3479,5,Visible Performance,14,Real-word metaphor or eponym,Unexpected real word or metaphor,systematic generation,real-word metaphor,Reference Tile,referencetile
3480,5,Visible Performance,14,Real-word metaphor or eponym,Unexpected real word or metaphor,systematic generation,real-word metaphor,Test Coupon,testcoupon
3481,5,Visible Performance,14,Real-word metaphor or eponym,Unexpected real word or metaphor,systematic generation,real-word metaphor,Control Sample,controlsample
3482,5,Visible Performance,14,Real-word metaphor or eponym,Unexpected real word or metaphor,systematic generation,real-word metaphor,Benchmark Block,benchmarkblock
3483,5,Visible Performance,14,Real-word metaphor or eponym,Unexpected real word or metaphor,systematic generation,real-word metaphor,Contrast Card,contrastcard
3484,5,Visible Performance,14,Real-word metaphor or eponym,Unexpected real word or metaphor,systematic generation,real-word metaphor,Resolution Target,resolutiontarget
3485,5,Visible Performance,14,Real-word metaphor or eponym,Unexpected real word or metaphor,systematic generation,real-word metaphor,Output Dial,outputdial
3486,5,Visible Performance,14,Real-word metaphor or eponym,Unexpected real word or metaphor,systematic generation,real-word metaphor,Score Sheet,scoresheet
3487,5,Visible Performance,14,Real-word metaphor or eponym,Unexpected real word or metaphor,systematic generation,real-word metaphor,Acceptance Stamp,acceptancestamp
3488,5,Visible Performance,14,Real-word metaphor or eponym,Unexpected real word or metaphor,systematic generation,real-word metaphor,Result Window,resultwindow
3489,5,Visible Performance,14,Real-word metaphor or eponym,Unexpected real word or metaphor,systematic generation,real-word metaphor,Inspection Card,inspectioncard
3490,5,Visible Performance,14,Real-word metaphor or eponym,Unexpected real word or metaphor,systematic generation,real-word metaphor,Delta Chart,deltachart
3491,5,Visible Performance,14,Real-word metaphor or eponym,Unexpected real word or metaphor,systematic generation,real object as brand,Grade Scale,gradescale
3492,5,Visible Performance,14,Real-word metaphor or eponym,Unexpected real word or metaphor,systematic generation,real object as brand,Comparison Panel,comparisonpanel
3493,5,Visible Performance,14,Real-word metaphor or eponym,Unexpected real word or metaphor,systematic generation,real object as brand,Pass Indicator,passindicator
3494,5,Visible Performance,14,Real-word metaphor or eponym,Unexpected real word or metaphor,systematic generation,real object as brand,Change Marker,changemarker
3495,5,Visible Performance,14,Real-word metaphor or eponym,Unexpected real word or metaphor,systematic generation,real object as brand,Inspection Table,inspectiontable
3496,5,Visible Performance,14,Real-word metaphor or eponym,Unexpected real word or metaphor,systematic generation,cell fallback matrix,Full Change Gauge,fullchangegauge
3497,5,Visible Performance,14,Real-word metaphor or eponym,Unexpected real word or metaphor,systematic generation,cell fallback matrix,Full Delta Chart,fulldeltachart
3498,5,Visible Performance,14,Real-word metaphor or eponym,Unexpected real word or metaphor,systematic generation,cell fallback matrix,Full Control Sample,fullcontrolsample
3499,5,Visible Performance,14,Real-word metaphor or eponym,Unexpected real word or metaphor,systematic generation,cell fallback matrix,Full Inspection Table,fullinspectiontable
3500,5,Visible Performance,14,Real-word metaphor or eponym,Unexpected real word or metaphor,systematic generation,cell fallback matrix,Full Passmark,fullpassmark
3501,5,Visible Performance,14,Real-word metaphor or eponym,Unexpected real word or metaphor,systematic generation,cell fallback matrix,Full Grade,fullgrade
3502,5,Visible Performance,14,Real-word metaphor or eponym,Unexpected real word or metaphor,systematic generation,cell fallback matrix,Full Afterstate,fullafterstate
3503,5,Visible Performance,14,Real-word metaphor or eponym,Unexpected real word or metaphor,systematic generation,cell fallback matrix,Full Netchange,fullnetchange
3504,5,Visible Performance,14,Real-word metaphor or eponym,Unexpected real word or metaphor,systematic generation,cell fallback matrix,Full Benchmark Block,fullbenchmarkblock
3505,5,Visible Performance,14,Real-word metaphor or eponym,Unexpected real word or metaphor,systematic generation,cell fallback matrix,Full Score Sheet,fullscoresheet
3506,5,Visible Performance,14,Real-word metaphor or eponym,Unexpected real word or metaphor,systematic generation,cell fallback matrix,Full Inspection Card,fullinspectioncard
3507,5,Visible Performance,14,Real-word metaphor or eponym,Unexpected real word or metaphor,systematic generation,cell fallback matrix,Full Observable,fullobservable
3508,5,Visible Performance,14,Real-word metaphor or eponym,Unexpected real word or metaphor,systematic generation,cell fallback matrix,Full Delta,fulldelta
3509,5,Visible Performance,14,Real-word metaphor or eponym,Unexpected real word or metaphor,systematic generation,cell fallback matrix,Full Compare,fullcompare
3510,5,Visible Performance,14,Real-word metaphor or eponym,Unexpected real word or metaphor,systematic generation,cell fallback matrix,Full Finishquality,fullfinishquality
3511,5,Visible Performance,14,Real-word metaphor or eponym,Unexpected real word or metaphor,systematic generation,cell fallback matrix,Full Improve,fullimprove
3512,5,Visible Performance,14,Real-word metaphor or eponym,Unexpected real word or metaphor,systematic generation,cell fallback matrix,Open Grade Scale,opengradescale
3513,5,Visible Performance,15,World-language hunt,World-language borrowing,systematic generation,world-language source hunt,Esito,esito
3514,5,Visible Performance,15,World-language hunt,World-language borrowing,systematic generation,world-language source hunt,Risultato,risultato
3515,5,Visible Performance,15,World-language hunt,World-language borrowing,systematic generation,world-language source hunt,Resultat,resultat
3516,5,Visible Performance,15,World-language hunt,World-language borrowing,systematic generation,world-language source hunt,Ergebnis,ergebnis
3517,5,Visible Performance,15,World-language hunt,World-language borrowing,systematic generation,world-language source hunt,Resultado,resultado
3518,5,Visible Performance,15,World-language hunt,World-language borrowing,systematic generation,world-language source hunt,Effetto,effetto
3519,5,Visible Performance,15,World-language hunt,World-language borrowing,systematic generation,world-language source hunt,Cambio,cambio
3520,5,Visible Performance,15,World-language hunt,World-language borrowing,systematic generation,world-language source hunt,Visible,visible
3521,5,Visible Performance,15,World-language hunt,World-language borrowing,systematic generation,world-language source hunt,Netto,netto
3522,5,Visible Performance,15,World-language hunt,World-language borrowing,systematic generation,world-language source hunt,Evidente,evidente
3523,5,Visible Performance,15,World-language hunt,World-language borrowing,systematic generation,world-language source hunt,Misura,misura
3524,5,Visible Performance,15,World-language hunt,World-language borrowing,systematic generation,world-language source hunt,Progresso,progresso
3525,5,Visible Performance,15,World-language hunt,World-language borrowing,systematic generation,transparent world-language compound,Casa Ergebnis,casaergebnis
3526,5,Visible Performance,15,World-language hunt,World-language borrowing,systematic generation,transparent world-language compound,Casa Resultado,casaresultado
3527,5,Visible Performance,15,World-language hunt,World-language borrowing,systematic generation,transparent world-language compound,Casa Netto,casanetto
3528,5,Visible Performance,15,World-language hunt,World-language borrowing,systematic generation,transparent world-language compound,Casa Misura,casamisura
3529,5,Visible Performance,15,World-language hunt,World-language borrowing,systematic generation,transparent world-language compound,Studio Effetto,studioeffetto
3530,5,Visible Performance,15,World-language hunt,World-language borrowing,systematic generation,transparent world-language compound,Studio Cambio,studiocambio
3531,5,Visible Performance,15,World-language hunt,World-language borrowing,systematic generation,transparent world-language compound,Studio Visible,studiovisible
3532,5,Visible Performance,15,World-language hunt,World-language borrowing,systematic generation,transparent world-language compound,Studio Evidente,studioevidente
3533,5,Visible Performance,15,World-language hunt,World-language borrowing,systematic generation,transparent world-language compound,Metodo Esito,metodoesito
3534,5,Visible Performance,15,World-language hunt,World-language borrowing,systematic generation,transparent world-language compound,Metodo Risultato,metodorisultato
3535,5,Visible Performance,15,World-language hunt,World-language borrowing,systematic generation,transparent world-language compound,Metodo Resultat,metodoresultat
3536,5,Visible Performance,15,World-language hunt,World-language borrowing,systematic generation,transparent world-language compound,Metodo Effetto,metodoeffetto
3537,5,Visible Performance,15,World-language hunt,World-language borrowing,systematic generation,transparent world-language compound,Metodo Cambio,metodocambio
3538,5,Visible Performance,15,World-language hunt,World-language borrowing,systematic generation,transparent world-language compound,Metodo Evidente,metodoevidente
3539,5,Visible Performance,15,World-language hunt,World-language borrowing,systematic generation,transparent world-language compound,Metodo Progresso,metodoprogresso
3540,5,Visible Performance,15,World-language hunt,World-language borrowing,systematic generation,transparent world-language compound,Forma Ergebnis,formaergebnis
3541,5,Visible Performance,15,World-language hunt,World-language borrowing,systematic generation,transparent world-language compound,Forma Visible,formavisible
3542,5,Visible Performance,15,World-language hunt,World-language borrowing,systematic generation,transparent world-language compound,Forma Misura,formamisura
3543,5,Visible Performance,15,World-language hunt,World-language borrowing,systematic generation,cell fallback matrix,Full Change Gauge,fullchangegauge
3544,5,Visible Performance,15,World-language hunt,World-language borrowing,systematic generation,cell fallback matrix,Full Delta Chart,fulldeltachart
3545,5,Visible Performance,15,World-language hunt,World-language borrowing,systematic generation,cell fallback matrix,Full Control Sample,fullcontrolsample
3546,5,Visible Performance,15,World-language hunt,World-language borrowing,systematic generation,cell fallback matrix,Full Inspection Table,fullinspectiontable
3547,5,Visible Performance,15,World-language hunt,World-language borrowing,systematic generation,cell fallback matrix,Full Passmark,fullpassmark
3548,5,Visible Performance,15,World-language hunt,World-language borrowing,systematic generation,cell fallback matrix,Full Grade,fullgrade
3549,5,Visible Performance,15,World-language hunt,World-language borrowing,systematic generation,cell fallback matrix,Full Afterstate,fullafterstate
3550,5,Visible Performance,15,World-language hunt,World-language borrowing,systematic generation,cell fallback matrix,Full Netchange,fullnetchange
3551,5,Visible Performance,15,World-language hunt,World-language borrowing,systematic generation,cell fallback matrix,Full Benchmark Block,fullbenchmarkblock
3552,5,Visible Performance,15,World-language hunt,World-language borrowing,systematic generation,cell fallback matrix,Full Score Sheet,fullscoresheet
3553,5,Visible Performance,15,World-language hunt,World-language borrowing,systematic generation,cell fallback matrix,Full Inspection Card,fullinspectioncard
3554,5,Visible Performance,15,World-language hunt,World-language borrowing,systematic generation,cell fallback matrix,Full Observable,fullobservable
3555,5,Visible Performance,16,Synchronicity / source-library raid,Authentic insider terminology,systematic generation,specialist source-library raid,Net Change,netchange
3556,5,Visible Performance,16,Synchronicity / source-library raid,Authentic insider terminology,systematic generation,specialist source-library raid,Outcome Measure,outcomemeasure
3557,5,Visible Performance,16,Synchronicity / source-library raid,Authentic insider terminology,systematic generation,specialist source-library raid,Response Delta,responsedelta
3558,5,Visible Performance,16,Synchronicity / source-library raid,Authentic insider terminology,systematic generation,specialist source-library raid,Detection Limit,detectionlimit
3559,5,Visible Performance,16,Synchronicity / source-library raid,Authentic insider terminology,systematic generation,specialist source-library raid,Visual Analog Scale,visualanalogscale
3560,5,Visible Performance,16,Synchronicity / source-library raid,Authentic insider terminology,systematic generation,specialist source-library raid,Comparison Standard,comparisonstandard
3561,5,Visible Performance,16,Synchronicity / source-library raid,Authentic insider terminology,systematic generation,specialist source-library raid,Acceptance Criterion,acceptancecriterion
3562,5,Visible Performance,16,Synchronicity / source-library raid,Authentic insider terminology,systematic generation,specialist source-library raid,Resolution Target,resolutiontarget
3563,5,Visible Performance,16,Synchronicity / source-library raid,Authentic insider terminology,systematic generation,specialist source-library raid,Change Detection,changedetection
3564,5,Visible Performance,16,Synchronicity / source-library raid,Authentic insider terminology,systematic generation,specialist source-library raid,Performance Measure,performancemeasure
3565,5,Visible Performance,16,Synchronicity / source-library raid,Authentic insider terminology,systematic generation,specialist source-library raid,Output Signal,outputsignal
3566,5,Visible Performance,16,Synchronicity / source-library raid,Authentic insider terminology,systematic generation,specialist source-library raid,Quality Grade,qualitygrade
3567,5,Visible Performance,16,Synchronicity / source-library raid,Authentic insider terminology,systematic generation,specialist source-library raid,Finish Inspection,finishinspection
3568,5,Visible Performance,16,Synchronicity / source-library raid,Authentic insider terminology,systematic generation,specialist source-library raid,Pass Criterion,passcriterion
3569,5,Visible Performance,16,Synchronicity / source-library raid,Authentic insider terminology,systematic generation,specialist source-library raid,Measured Difference,measureddifference
3570,5,Visible Performance,16,Synchronicity / source-library raid,Authentic insider terminology,systematic generation,specialist source-library raid,Apparent Change,apparentchange
3571,5,Visible Performance,16,Synchronicity / source-library raid,Authentic insider terminology,systematic generation,specialist source-library raid,Reference Tile,referencetile
3572,5,Visible Performance,16,Synchronicity / source-library raid,Authentic insider terminology,systematic generation,specialist source-library raid,Control Sample,controlsample
3573,5,Visible Performance,16,Synchronicity / source-library raid,Authentic insider terminology,systematic generation,specialist source-library raid,Test Coupon,testcoupon
3574,5,Visible Performance,16,Synchronicity / source-library raid,Authentic insider terminology,systematic generation,source term reconstruction,Open Change Gauge,openchangegauge
3575,5,Visible Performance,16,Synchronicity / source-library raid,Authentic insider terminology,systematic generation,source term reconstruction,Open Delta Chart,opendeltachart
3576,5,Visible Performance,16,Synchronicity / source-library raid,Authentic insider terminology,systematic generation,source term reconstruction,Open Control Sample,opencontrolsample
3577,5,Visible Performance,16,Synchronicity / source-library raid,Authentic insider terminology,systematic generation,source term reconstruction,Open Inspection Table,openinspectiontable
3578,5,Visible Performance,16,Synchronicity / source-library raid,Authentic insider terminology,systematic generation,source term reconstruction,True Grade Scale,truegradescale
3579,5,Visible Performance,16,Synchronicity / source-library raid,Authentic insider terminology,systematic generation,source term reconstruction,True Delta Chart,truedeltachart
3580,5,Visible Performance,16,Synchronicity / source-library raid,Authentic insider terminology,systematic generation,source term reconstruction,True Output Dial,trueoutputdial
3581,5,Visible Performance,16,Synchronicity / source-library raid,Authentic insider terminology,systematic generation,source term reconstruction,True Reference Tile,truereferencetile
3582,5,Visible Performance,16,Synchronicity / source-library raid,Authentic insider terminology,systematic generation,source term reconstruction,True Control Sample,truecontrolsample
3583,5,Visible Performance,16,Synchronicity / source-library raid,Authentic insider terminology,systematic generation,source term reconstruction,True Contrast Card,truecontrastcard
3584,5,Visible Performance,16,Synchronicity / source-library raid,Authentic insider terminology,systematic generation,source term reconstruction,True Benchmark Block,truebenchmarkblock
3585,5,Visible Performance,16,Synchronicity / source-library raid,Authentic insider terminology,systematic generation,source term reconstruction,Working Grade Scale,workinggradescale
3586,5,Visible Performance,16,Synchronicity / source-library raid,Authentic insider terminology,systematic generation,source term reconstruction,Working Delta Chart,workingdeltachart
3587,5,Visible Performance,16,Synchronicity / source-library raid,Authentic insider terminology,systematic generation,source term reconstruction,Working Output Dial,workingoutputdial
3588,5,Visible Performance,16,Synchronicity / source-library raid,Authentic insider terminology,systematic generation,source term reconstruction,Working Reference Tile,workingreferencetile
3589,5,Visible Performance,16,Synchronicity / source-library raid,Authentic insider terminology,systematic generation,source term reconstruction,Working Control Sample,workingcontrolsample
3590,5,Visible Performance,16,Synchronicity / source-library raid,Authentic insider terminology,systematic generation,source term reconstruction,Working Contrast Card,workingcontrastcard
3591,5,Visible Performance,16,Synchronicity / source-library raid,Authentic insider terminology,systematic generation,source term reconstruction,Working Benchmark Block,workingbenchmarkblock
3592,5,Visible Performance,16,Synchronicity / source-library raid,Authentic insider terminology,systematic generation,source term reconstruction,Primary Grade Scale,primarygradescale
3593,5,Visible Performance,16,Synchronicity / source-library raid,Authentic insider terminology,systematic generation,source term reconstruction,Primary Acceptance Stamp,primaryacceptancestamp
3594,5,Visible Performance,16,Synchronicity / source-library raid,Authentic insider terminology,systematic generation,source term reconstruction,Primary Output Dial,primaryoutputdial
3595,5,Visible Performance,16,Synchronicity / source-library raid,Authentic insider terminology,systematic generation,source term reconstruction,Primary Reference Tile,primaryreferencetile
3596,5,Visible Performance,16,Synchronicity / source-library raid,Authentic insider terminology,systematic generation,source term reconstruction,Primary Test Coupon,primarytestcoupon
3597,5,Visible Performance,17,Three-team decoy,Decoy-world import,hand-authored,round-two curated depth seed,Net Change,netchange
3598,5,Visible Performance,17,Three-team decoy,Decoy-world import,hand-authored,round-two curated depth seed,Good Measure,goodmeasure
3599,5,Visible Performance,17,Three-team decoy,Decoy-world import,hand-authored,round-two curated depth seed,Visible Delta,visibledelta
3600,5,Visible Performance,17,Three-team decoy,Decoy-world import,hand-authored,round-two curated depth seed,Result Mark,resultmark
3601,5,Visible Performance,17,Three-team decoy,Decoy-world import,hand-authored,round-two curated depth seed,Change Seen,changeseen
3602,5,Visible Performance,17,Three-team decoy,Decoy-world import,hand-authored,round-two curated depth seed,Result Scale,resultscale
3603,5,Visible Performance,17,Three-team decoy,Decoy-world import,hand-authored,round-two curated depth seed,Plain Result,plainresult
3604,5,Visible Performance,17,Three-team decoy,Decoy-world import,hand-authored,round-two curated depth seed,Clear Outcome,clearoutcome
3605,5,Visible Performance,17,Three-team decoy,Decoy-world import,hand-authored,round-two curated depth seed,Notice Mark,noticemark
3606,5,Visible Performance,17,Three-team decoy,Decoy-world import,hand-authored,round-two curated depth seed,Finish Grade,finishgrade
3607,5,Visible Performance,17,Three-team decoy,Decoy-world import,hand-authored,round-two curated depth seed,Improvement Index,improvementindex
3608,5,Visible Performance,17,Three-team decoy,Decoy-world import,hand-authored,round-two curated depth seed,The Look Test,thelooktest
3609,5,Visible Performance,17,Three-team decoy,Decoy-world import,systematic generation,three-team decoy briefs,Net Change Company,netchangecompany
3610,5,Visible Performance,17,Three-team decoy,Decoy-world import,systematic generation,three-team decoy briefs,Good Measure,goodmeasure
3611,5,Visible Performance,17,Three-team decoy,Decoy-world import,systematic generation,three-team decoy briefs,Visible Delta,visibledelta
3612,5,Visible Performance,17,Three-team decoy,Decoy-world import,systematic generation,three-team decoy briefs,Result Mark,resultmark
3613,5,Visible Performance,17,Three-team decoy,Decoy-world import,systematic generation,three-team decoy briefs,Afterstate,afterstate
3614,5,Visible Performance,17,Three-team decoy,Decoy-world import,systematic generation,three-team decoy briefs,Change Seen,changeseen
3615,5,Visible Performance,17,Three-team decoy,Decoy-world import,systematic generation,three-team decoy briefs,Passmark,passmark
3616,5,Visible Performance,17,Three-team decoy,Decoy-world import,systematic generation,three-team decoy briefs,The Outcome Standard,theoutcomestandard
3617,5,Visible Performance,17,Three-team decoy,Decoy-world import,systematic generation,three-team decoy briefs,Observable Works,observableworks
3618,5,Visible Performance,17,Three-team decoy,Decoy-world import,systematic generation,three-team decoy briefs,Result Scale,resultscale
3619,5,Visible Performance,17,Three-team decoy,Decoy-world import,systematic generation,three-team decoy briefs,Plain Result,plainresult
3620,5,Visible Performance,17,Three-team decoy,Decoy-world import,systematic generation,three-team decoy briefs,Clear Outcome,clearoutcome
3621,5,Visible Performance,17,Three-team decoy,Decoy-world import,systematic generation,three-team decoy briefs,Notice Mark,noticemark
3622,5,Visible Performance,17,Three-team decoy,Decoy-world import,systematic generation,three-team decoy briefs,Finish Grade,finishgrade
3623,5,Visible Performance,17,Three-team decoy,Decoy-world import,systematic generation,three-team decoy briefs,Improvement Index,improvementindex
3624,5,Visible Performance,17,Three-team decoy,Decoy-world import,systematic generation,three-team decoy briefs,The Look Test,thelooktest
3625,5,Visible Performance,17,Three-team decoy,Decoy-world import,systematic generation,decoy company and institution,House of Grade Scale,houseofgradescale
3626,5,Visible Performance,17,Three-team decoy,Decoy-world import,systematic generation,decoy company and institution,House of Acceptance Stamp,houseofacceptancestamp
3627,5,Visible Performance,17,Three-team decoy,Decoy-world import,systematic generation,decoy company and institution,House of Output Dial,houseofoutputdial
3628,5,Visible Performance,17,Three-team decoy,Decoy-world import,systematic generation,decoy company and institution,House of Reference Tile,houseofreferencetile
3629,5,Visible Performance,17,Three-team decoy,Decoy-world import,systematic generation,decoy company and institution,House of Test Coupon,houseoftestcoupon
3630,5,Visible Performance,17,Three-team decoy,Decoy-world import,systematic generation,decoy company and institution,House of Pass Indicator,houseofpassindicator
3631,5,Visible Performance,17,Three-team decoy,Decoy-world import,systematic generation,decoy company and institution,House of Change Marker,houseofchangemarker
3632,5,Visible Performance,17,Three-team decoy,Decoy-world import,systematic generation,decoy company and institution,House of Resolution Target,houseofresolutiontarget
3633,5,Visible Performance,17,Three-team decoy,Decoy-world import,systematic generation,decoy company and institution,House of Contrast Card,houseofcontrastcard
3634,5,Visible Performance,17,Three-team decoy,Decoy-world import,systematic generation,decoy company and institution,House of Benchmark Block,houseofbenchmarkblock
3635,5,Visible Performance,17,Three-team decoy,Decoy-world import,systematic generation,decoy company and institution,The Inspection Card,theinspectioncard
3636,5,Visible Performance,17,Three-team decoy,Decoy-world import,systematic generation,decoy company and institution,The Finish Sample,thefinishsample
3637,5,Visible Performance,17,Three-team decoy,Decoy-world import,systematic generation,decoy company and institution,The Comparison Panel,thecomparisonpanel
3638,5,Visible Performance,17,Three-team decoy,Decoy-world import,systematic generation,decoy company and institution,The Acceptance Stamp,theacceptancestamp
3639,5,Visible Performance,17,Three-team decoy,Decoy-world import,systematic generation,decoy company and institution,The Result Window,theresultwindow
3640,5,Visible Performance,17,Three-team decoy,Decoy-world import,systematic generation,decoy company and institution,The Score Sheet,thescoresheet
3641,5,Visible Performance,17,Three-team decoy,Decoy-world import,systematic generation,decoy company and institution,The Test Coupon,thetestcoupon
3642,5,Visible Performance,17,Three-team decoy,Decoy-world import,systematic generation,decoy company and institution,The Pass Indicator,thepassindicator
3643,5,Visible Performance,17,Three-team decoy,Decoy-world import,systematic generation,decoy company and institution,The Change Marker,thechangemarker
3644,5,Visible Performance,17,Three-team decoy,Decoy-world import,systematic generation,decoy company and institution,The Resolution Target,theresolutiontarget
3645,5,Visible Performance,17,Three-team decoy,Decoy-world import,systematic generation,decoy company and institution,The Result Plate,theresultplate
3646,5,Visible Performance,17,Three-team decoy,Decoy-world import,systematic generation,decoy company and institution,Common Inspection Card,commoninspectioncard
3647,5,Visible Performance,17,Three-team decoy,Decoy-world import,systematic generation,decoy company and institution,Common Finish Sample,commonfinishsample
3648,5,Visible Performance,17,Three-team decoy,Decoy-world import,systematic generation,decoy company and institution,Common Comparison Panel,commoncomparisonpanel
3649,5,Visible Performance,17,Three-team decoy,Decoy-world import,systematic generation,decoy company and institution,Common Acceptance Stamp,commonacceptancestamp
3650,5,Visible Performance,17,Three-team decoy,Decoy-world import,systematic generation,decoy company and institution,Common Result Window,commonresultwindow
3651,6,Barrier Strength and Adaptive Capacity,1,Make the intangible tangible,"Authentic object, tool, gesture, or process",systematic generation,world objects and instruments,Control Margin,controlmargin
3652,6,Barrier Strength and Adaptive Capacity,1,Make the intangible tangible,"Authentic object, tool, gesture, or process",systematic generation,world objects and instruments,Flex Coupling,flexcoupling
3653,6,Barrier Strength and Adaptive Capacity,1,Make the intangible tangible,"Authentic object, tool, gesture, or process",systematic generation,world objects and instruments,Spring Reserve,springreserve
3654,6,Barrier Strength and Adaptive Capacity,1,Make the intangible tangible,"Authentic object, tool, gesture, or process",systematic generation,world objects and instruments,Shock Mount,shockmount
3655,6,Barrier Strength and Adaptive Capacity,1,Make the intangible tangible,"Authentic object, tool, gesture, or process",systematic generation,world objects and instruments,Feedback Dial,feedbackdial
3656,6,Barrier Strength and Adaptive Capacity,1,Make the intangible tangible,"Authentic object, tool, gesture, or process",systematic generation,world objects and instruments,Compliance Joint,compliancejoint
3657,6,Barrier Strength and Adaptive Capacity,1,Make the intangible tangible,"Authentic object, tool, gesture, or process",systematic generation,world objects and instruments,Damping Ring,dampingring
3658,6,Barrier Strength and Adaptive Capacity,1,Make the intangible tangible,"Authentic object, tool, gesture, or process",systematic generation,world objects and instruments,Expansion Gap,expansiongap
3659,6,Barrier Strength and Adaptive Capacity,1,Make the intangible tangible,"Authentic object, tool, gesture, or process",systematic generation,world objects and instruments,Buffer Zone,bufferzone
3660,6,Barrier Strength and Adaptive Capacity,1,Make the intangible tangible,"Authentic object, tool, gesture, or process",systematic generation,world objects and instruments,Elastic Margin,elasticmargin
3661,6,Barrier Strength and Adaptive Capacity,1,Make the intangible tangible,"Authentic object, tool, gesture, or process",systematic generation,world objects and instruments,Response Curve,responsecurve
3662,6,Barrier Strength and Adaptive Capacity,1,Make the intangible tangible,"Authentic object, tool, gesture, or process",systematic generation,world objects and instruments,Headroom Gauge,headroomgauge
3663,6,Barrier Strength and Adaptive Capacity,1,Make the intangible tangible,"Authentic object, tool, gesture, or process",systematic generation,world objects and instruments,Reserve Tank,reservetank
3664,6,Barrier Strength and Adaptive Capacity,1,Make the intangible tangible,"Authentic object, tool, gesture, or process",systematic generation,world objects and instruments,Dynamic Joint,dynamicjoint
3665,6,Barrier Strength and Adaptive Capacity,1,Make the intangible tangible,"Authentic object, tool, gesture, or process",systematic generation,world objects and instruments,Stress Indicator,stressindicator
3666,6,Barrier Strength and Adaptive Capacity,1,Make the intangible tangible,"Authentic object, tool, gesture, or process",systematic generation,world objects and instruments,Flex Plate,flexplate
3667,6,Barrier Strength and Adaptive Capacity,1,Make the intangible tangible,"Authentic object, tool, gesture, or process",systematic generation,world objects and instruments,Control Damper,controldamper
3668,6,Barrier Strength and Adaptive Capacity,1,Make the intangible tangible,"Authentic object, tool, gesture, or process",systematic generation,world objects and instruments,Adaptive Valve,adaptivevalve
3669,6,Barrier Strength and Adaptive Capacity,1,Make the intangible tangible,"Authentic object, tool, gesture, or process",systematic generation,tangible object matrix,Full Compliance Joint,fullcompliancejoint
3670,6,Barrier Strength and Adaptive Capacity,1,Make the intangible tangible,"Authentic object, tool, gesture, or process",systematic generation,tangible object matrix,Full Damping Ring,fulldampingring
3671,6,Barrier Strength and Adaptive Capacity,1,Make the intangible tangible,"Authentic object, tool, gesture, or process",systematic generation,tangible object matrix,Full Expansion Gap,fullexpansiongap
3672,6,Barrier Strength and Adaptive Capacity,1,Make the intangible tangible,"Authentic object, tool, gesture, or process",systematic generation,tangible object matrix,Full Headroom Gauge,fullheadroomgauge
3673,6,Barrier Strength and Adaptive Capacity,1,Make the intangible tangible,"Authentic object, tool, gesture, or process",systematic generation,tangible object matrix,Full Adaptive Valve,fulladaptivevalve
3674,6,Barrier Strength and Adaptive Capacity,1,Make the intangible tangible,"Authentic object, tool, gesture, or process",systematic generation,tangible object matrix,Open Control Margin,opencontrolmargin
3675,6,Barrier Strength and Adaptive Capacity,1,Make the intangible tangible,"Authentic object, tool, gesture, or process",systematic generation,tangible object matrix,Open Flex Coupling,openflexcoupling
3676,6,Barrier Strength and Adaptive Capacity,1,Make the intangible tangible,"Authentic object, tool, gesture, or process",systematic generation,tangible object matrix,Open Spring Reserve,openspringreserve
3677,6,Barrier Strength and Adaptive Capacity,1,Make the intangible tangible,"Authentic object, tool, gesture, or process",systematic generation,tangible object matrix,Open Shock Mount,openshockmount
3678,6,Barrier Strength and Adaptive Capacity,1,Make the intangible tangible,"Authentic object, tool, gesture, or process",systematic generation,tangible object matrix,Open Compliance Joint,opencompliancejoint
3679,6,Barrier Strength and Adaptive Capacity,1,Make the intangible tangible,"Authentic object, tool, gesture, or process",systematic generation,tangible object matrix,Open Expansion Gap,openexpansiongap
3680,6,Barrier Strength and Adaptive Capacity,1,Make the intangible tangible,"Authentic object, tool, gesture, or process",systematic generation,tangible object matrix,Open Elastic Margin,openelasticmargin
3681,6,Barrier Strength and Adaptive Capacity,1,Make the intangible tangible,"Authentic object, tool, gesture, or process",systematic generation,tangible object matrix,Open Headroom Gauge,openheadroomgauge
3682,6,Barrier Strength and Adaptive Capacity,1,Make the intangible tangible,"Authentic object, tool, gesture, or process",systematic generation,tangible object matrix,True Control Margin,truecontrolmargin
3683,6,Barrier Strength and Adaptive Capacity,1,Make the intangible tangible,"Authentic object, tool, gesture, or process",systematic generation,tangible object matrix,True Flex Coupling,trueflexcoupling
3684,6,Barrier Strength and Adaptive Capacity,1,Make the intangible tangible,"Authentic object, tool, gesture, or process",systematic generation,tangible object matrix,True Shock Mount,trueshockmount
3685,6,Barrier Strength and Adaptive Capacity,1,Make the intangible tangible,"Authentic object, tool, gesture, or process",systematic generation,tangible object matrix,True Feedback Dial,truefeedbackdial
3686,6,Barrier Strength and Adaptive Capacity,1,Make the intangible tangible,"Authentic object, tool, gesture, or process",systematic generation,tangible object matrix,True Elastic Margin,trueelasticmargin
3687,6,Barrier Strength and Adaptive Capacity,1,Make the intangible tangible,"Authentic object, tool, gesture, or process",systematic generation,tangible object matrix,True Stress Indicator,truestressindicator
3688,6,Barrier Strength and Adaptive Capacity,1,Make the intangible tangible,"Authentic object, tool, gesture, or process",systematic generation,tangible object matrix,True Flex Plate,trueflexplate
3689,6,Barrier Strength and Adaptive Capacity,1,Make the intangible tangible,"Authentic object, tool, gesture, or process",systematic generation,tangible object matrix,True Control Damper,truecontroldamper
3690,6,Barrier Strength and Adaptive Capacity,1,Make the intangible tangible,"Authentic object, tool, gesture, or process",systematic generation,tangible object matrix,Next Feedback Dial,nextfeedbackdial
3691,6,Barrier Strength and Adaptive Capacity,1,Make the intangible tangible,"Authentic object, tool, gesture, or process",systematic generation,tangible object matrix,Next Buffer Zone,nextbufferzone
3692,6,Barrier Strength and Adaptive Capacity,1,Make the intangible tangible,"Authentic object, tool, gesture, or process",systematic generation,tangible object matrix,Next Response Curve,nextresponsecurve
3693,6,Barrier Strength and Adaptive Capacity,2,Benefit ladder / ultimate feeling,Explicit benefit or proposition,systematic generation,benefit ladder,More Headroom,moreheadroom
3694,6,Barrier Strength and Adaptive Capacity,2,Benefit ladder / ultimate feeling,Explicit benefit or proposition,systematic generation,benefit ladder,A Wider Response Range,awiderresponserange
3695,6,Barrier Strength and Adaptive Capacity,2,Benefit ladder / ultimate feeling,Explicit benefit or proposition,systematic generation,benefit ladder,Keeps Its Margin,keepsitsmargin
3696,6,Barrier Strength and Adaptive Capacity,2,Benefit ladder / ultimate feeling,Explicit benefit or proposition,systematic generation,benefit ladder,Ready for Variability,readyforvariability
3697,6,Barrier Strength and Adaptive Capacity,2,Benefit ladder / ultimate feeling,Explicit benefit or proposition,systematic generation,benefit ladder,Returns with More Ease,returnswithmoreease
3698,6,Barrier Strength and Adaptive Capacity,2,Benefit ladder / ultimate feeling,Explicit benefit or proposition,systematic generation,benefit ladder,Flexible Under Stress,flexibleunderstress
3699,6,Barrier Strength and Adaptive Capacity,2,Benefit ladder / ultimate feeling,Explicit benefit or proposition,systematic generation,benefit ladder,More Give in Reserve,moregiveinreserve
3700,6,Barrier Strength and Adaptive Capacity,2,Benefit ladder / ultimate feeling,Explicit benefit or proposition,systematic generation,benefit ladder,Room to Respond,roomtorespond
3701,6,Barrier Strength and Adaptive Capacity,2,Benefit ladder / ultimate feeling,Explicit benefit or proposition,systematic generation,benefit ladder,A Better Return Range,abetterreturnrange
3702,6,Barrier Strength and Adaptive Capacity,2,Benefit ladder / ultimate feeling,Explicit benefit or proposition,systematic generation,benefit ladder,Elasticity with Purpose,elasticitywithpurpose
3703,6,Barrier Strength and Adaptive Capacity,2,Benefit ladder / ultimate feeling,Explicit benefit or proposition,systematic generation,benefit ladder,Stability That Adjusts,stabilitythatadjusts
3704,6,Barrier Strength and Adaptive Capacity,2,Benefit ladder / ultimate feeling,Explicit benefit or proposition,systematic generation,benefit ladder,Capacity Beyond Baseline,capacitybeyondbaseline
3705,6,Barrier Strength and Adaptive Capacity,2,Benefit ladder / ultimate feeling,Explicit benefit or proposition,systematic generation,benefit ladder,More Recovery Margin,morerecoverymargin
3706,6,Barrier Strength and Adaptive Capacity,2,Benefit ladder / ultimate feeling,Explicit benefit or proposition,systematic generation,benefit ladder,A Responsive Reserve,aresponsivereserve
3707,6,Barrier Strength and Adaptive Capacity,2,Benefit ladder / ultimate feeling,Explicit benefit or proposition,systematic generation,benefit ladder,Stronger Through Feedback,strongerthroughfeedback
3708,6,Barrier Strength and Adaptive Capacity,2,Benefit ladder / ultimate feeling,Explicit benefit or proposition,systematic generation,benefit compression,More Margin,moremargin
3709,6,Barrier Strength and Adaptive Capacity,2,Benefit ladder / ultimate feeling,Explicit benefit or proposition,systematic generation,benefit compression,More Coupling,morecoupling
3710,6,Barrier Strength and Adaptive Capacity,2,Benefit ladder / ultimate feeling,Explicit benefit or proposition,systematic generation,benefit compression,More Damping,moredamping
3711,6,Barrier Strength and Adaptive Capacity,2,Benefit ladder / ultimate feeling,Explicit benefit or proposition,systematic generation,benefit compression,More Giveback,moregiveback
3712,6,Barrier Strength and Adaptive Capacity,2,Benefit ladder / ultimate feeling,Explicit benefit or proposition,systematic generation,benefit compression,More Flexure,moreflexure
3713,6,Barrier Strength and Adaptive Capacity,2,Benefit ladder / ultimate feeling,Explicit benefit or proposition,systematic generation,benefit compression,More Livingrange,morelivingrange
3714,6,Barrier Strength and Adaptive Capacity,2,Benefit ladder / ultimate feeling,Explicit benefit or proposition,systematic generation,benefit compression,More Returnrange,morereturnrange
3715,6,Barrier Strength and Adaptive Capacity,2,Benefit ladder / ultimate feeling,Explicit benefit or proposition,systematic generation,benefit compression,Better Headroom,betterheadroom
3716,6,Barrier Strength and Adaptive Capacity,2,Benefit ladder / ultimate feeling,Explicit benefit or proposition,systematic generation,benefit compression,Better Elasticity,betterelasticity
3717,6,Barrier Strength and Adaptive Capacity,2,Benefit ladder / ultimate feeling,Explicit benefit or proposition,systematic generation,benefit compression,Better Resilience,betterresilience
3718,6,Barrier Strength and Adaptive Capacity,2,Benefit ladder / ultimate feeling,Explicit benefit or proposition,systematic generation,benefit compression,Better Responsive,betterresponsive
3719,6,Barrier Strength and Adaptive Capacity,2,Benefit ladder / ultimate feeling,Explicit benefit or proposition,systematic generation,benefit compression,Better Dynamicbalance,betterdynamicbalance
3720,6,Barrier Strength and Adaptive Capacity,2,Benefit ladder / ultimate feeling,Explicit benefit or proposition,systematic generation,benefit compression,Full Headroom,fullheadroom
3721,6,Barrier Strength and Adaptive Capacity,2,Benefit ladder / ultimate feeling,Explicit benefit or proposition,systematic generation,benefit compression,Full Elasticity,fullelasticity
3722,6,Barrier Strength and Adaptive Capacity,2,Benefit ladder / ultimate feeling,Explicit benefit or proposition,systematic generation,benefit compression,Full Resilience,fullresilience
3723,6,Barrier Strength and Adaptive Capacity,2,Benefit ladder / ultimate feeling,Explicit benefit or proposition,systematic generation,benefit compression,Full Responsive,fullresponsive
3724,6,Barrier Strength and Adaptive Capacity,2,Benefit ladder / ultimate feeling,Explicit benefit or proposition,systematic generation,benefit compression,Good Feedback,goodfeedback
3725,6,Barrier Strength and Adaptive Capacity,2,Benefit ladder / ultimate feeling,Explicit benefit or proposition,systematic generation,benefit compression,Good Compliance,goodcompliance
3726,6,Barrier Strength and Adaptive Capacity,2,Benefit ladder / ultimate feeling,Explicit benefit or proposition,systematic generation,benefit compression,Good Recovery,goodrecovery
3727,6,Barrier Strength and Adaptive Capacity,2,Benefit ladder / ultimate feeling,Explicit benefit or proposition,systematic generation,benefit compression,Good Reserve,goodreserve
3728,6,Barrier Strength and Adaptive Capacity,2,Benefit ladder / ultimate feeling,Explicit benefit or proposition,systematic generation,benefit compression,Good Responsive,goodresponsive
3729,6,Barrier Strength and Adaptive Capacity,2,Benefit ladder / ultimate feeling,Explicit benefit or proposition,systematic generation,benefit compression,Good Dynamicbalance,gooddynamicbalance
3730,6,Barrier Strength and Adaptive Capacity,2,Benefit ladder / ultimate feeling,Explicit benefit or proposition,systematic generation,benefit compression,Good Stressready,goodstressready
3731,6,Barrier Strength and Adaptive Capacity,2,Benefit ladder / ultimate feeling,Explicit benefit or proposition,systematic generation,benefit compression,Good Softlimit,goodsoftlimit
3732,6,Barrier Strength and Adaptive Capacity,2,Benefit ladder / ultimate feeling,Explicit benefit or proposition,systematic generation,benefit compression,Ready Headroom,readyheadroom
3733,6,Barrier Strength and Adaptive Capacity,2,Benefit ladder / ultimate feeling,Explicit benefit or proposition,systematic generation,benefit compression,Ready Elasticity,readyelasticity
3734,6,Barrier Strength and Adaptive Capacity,2,Benefit ladder / ultimate feeling,Explicit benefit or proposition,systematic generation,benefit compression,Ready Resilience,readyresilience
3735,6,Barrier Strength and Adaptive Capacity,3,Reframe the question / name the future,Direct conceptual reframe,systematic generation,future reframe,The Age of Response Margin,theageofresponsemargin
3736,6,Barrier Strength and Adaptive Capacity,3,Reframe the question / name the future,Direct conceptual reframe,systematic generation,future reframe,Skin with More Headroom,skinwithmoreheadroom
3737,6,Barrier Strength and Adaptive Capacity,3,Reframe the question / name the future,Direct conceptual reframe,systematic generation,future reframe,The Dynamic Barrier,thedynamicbarrier
3738,6,Barrier Strength and Adaptive Capacity,3,Reframe the question / name the future,Direct conceptual reframe,systematic generation,future reframe,From Rigidity to Range,fromrigiditytorange
3739,6,Barrier Strength and Adaptive Capacity,3,Reframe the question / name the future,Direct conceptual reframe,systematic generation,future reframe,A Wider Tolerance Future,awidertolerancefuture
3740,6,Barrier Strength and Adaptive Capacity,3,Reframe the question / name the future,Direct conceptual reframe,systematic generation,future reframe,The Responsive Interface,theresponsiveinterface
3741,6,Barrier Strength and Adaptive Capacity,3,Reframe the question / name the future,Direct conceptual reframe,systematic generation,future reframe,Skin in Feedback,skininfeedback
3742,6,Barrier Strength and Adaptive Capacity,3,Reframe the question / name the future,Direct conceptual reframe,systematic generation,future reframe,The New Recovery Margin,thenewrecoverymargin
3743,6,Barrier Strength and Adaptive Capacity,3,Reframe the question / name the future,Direct conceptual reframe,systematic generation,future reframe,The End of Brittle Strength,theendofbrittlestrength
3744,6,Barrier Strength and Adaptive Capacity,3,Reframe the question / name the future,Direct conceptual reframe,systematic generation,future reframe,Dynamic Balance for Skin,dynamicbalanceforskin
3745,6,Barrier Strength and Adaptive Capacity,3,Reframe the question / name the future,Direct conceptual reframe,systematic generation,future reframe,More Range After Stress,morerangeafterstress
3746,6,Barrier Strength and Adaptive Capacity,3,Reframe the question / name the future,Direct conceptual reframe,systematic generation,future reframe,The Adaptive Control Surface,theadaptivecontrolsurface
3747,6,Barrier Strength and Adaptive Capacity,3,Reframe the question / name the future,Direct conceptual reframe,systematic generation,future reframe,Resilience with Headroom,resiliencewithheadroom
3748,6,Barrier Strength and Adaptive Capacity,3,Reframe the question / name the future,Direct conceptual reframe,systematic generation,future reframe,The Flexible Future,theflexiblefuture
3749,6,Barrier Strength and Adaptive Capacity,3,Reframe the question / name the future,Direct conceptual reframe,systematic generation,name the future matrix,Next Compliance Joint,nextcompliancejoint
3750,6,Barrier Strength and Adaptive Capacity,3,Reframe the question / name the future,Direct conceptual reframe,systematic generation,name the future matrix,Next Damping Ring,nextdampingring
3751,6,Barrier Strength and Adaptive Capacity,3,Reframe the question / name the future,Direct conceptual reframe,systematic generation,name the future matrix,Next Expansion Gap,nextexpansiongap
3752,6,Barrier Strength and Adaptive Capacity,3,Reframe the question / name the future,Direct conceptual reframe,systematic generation,name the future matrix,Next Headroom Gauge,nextheadroomgauge
3753,6,Barrier Strength and Adaptive Capacity,3,Reframe the question / name the future,Direct conceptual reframe,systematic generation,name the future matrix,New Feedback Dial,newfeedbackdial
3754,6,Barrier Strength and Adaptive Capacity,3,Reframe the question / name the future,Direct conceptual reframe,systematic generation,name the future matrix,New Buffer Zone,newbufferzone
3755,6,Barrier Strength and Adaptive Capacity,3,Reframe the question / name the future,Direct conceptual reframe,systematic generation,name the future matrix,New Response Curve,newresponsecurve
3756,6,Barrier Strength and Adaptive Capacity,3,Reframe the question / name the future,Direct conceptual reframe,systematic generation,name the future matrix,New Reserve Tank,newreservetank
3757,6,Barrier Strength and Adaptive Capacity,3,Reframe the question / name the future,Direct conceptual reframe,systematic generation,name the future matrix,New Stress Indicator,newstressindicator
3758,6,Barrier Strength and Adaptive Capacity,3,Reframe the question / name the future,Direct conceptual reframe,systematic generation,name the future matrix,New Flex Plate,newflexplate
3759,6,Barrier Strength and Adaptive Capacity,3,Reframe the question / name the future,Direct conceptual reframe,systematic generation,name the future matrix,Future Feedback Dial,futurefeedbackdial
3760,6,Barrier Strength and Adaptive Capacity,3,Reframe the question / name the future,Direct conceptual reframe,systematic generation,name the future matrix,Future Buffer Zone,futurebufferzone
3761,6,Barrier Strength and Adaptive Capacity,3,Reframe the question / name the future,Direct conceptual reframe,systematic generation,name the future matrix,Future Response Curve,futureresponsecurve
3762,6,Barrier Strength and Adaptive Capacity,3,Reframe the question / name the future,Direct conceptual reframe,systematic generation,name the future matrix,Future Reserve Tank,futurereservetank
3763,6,Barrier Strength and Adaptive Capacity,3,Reframe the question / name the future,Direct conceptual reframe,systematic generation,name the future matrix,Future Stress Indicator,futurestressindicator
3764,6,Barrier Strength and Adaptive Capacity,3,Reframe the question / name the future,Direct conceptual reframe,systematic generation,name the future matrix,Future Flex Plate,futureflexplate
3765,6,Barrier Strength and Adaptive Capacity,3,Reframe the question / name the future,Direct conceptual reframe,systematic generation,name the future matrix,Beyond Damping Ring,beyonddampingring
3766,6,Barrier Strength and Adaptive Capacity,3,Reframe the question / name the future,Direct conceptual reframe,systematic generation,name the future matrix,Beyond Buffer Zone,beyondbufferzone
3767,6,Barrier Strength and Adaptive Capacity,3,Reframe the question / name the future,Direct conceptual reframe,systematic generation,name the future matrix,Beyond Response Curve,beyondresponsecurve
3768,6,Barrier Strength and Adaptive Capacity,3,Reframe the question / name the future,Direct conceptual reframe,systematic generation,name the future matrix,Beyond Reserve Tank,beyondreservetank
3769,6,Barrier Strength and Adaptive Capacity,3,Reframe the question / name the future,Direct conceptual reframe,systematic generation,cell fallback matrix,Full Compliance Joint,fullcompliancejoint
3770,6,Barrier Strength and Adaptive Capacity,3,Reframe the question / name the future,Direct conceptual reframe,systematic generation,cell fallback matrix,Full Damping Ring,fulldampingring
3771,6,Barrier Strength and Adaptive Capacity,3,Reframe the question / name the future,Direct conceptual reframe,systematic generation,cell fallback matrix,Full Expansion Gap,fullexpansiongap
3772,6,Barrier Strength and Adaptive Capacity,3,Reframe the question / name the future,Direct conceptual reframe,systematic generation,cell fallback matrix,Full Headroom Gauge,fullheadroomgauge
3773,6,Barrier Strength and Adaptive Capacity,3,Reframe the question / name the future,Direct conceptual reframe,systematic generation,cell fallback matrix,Full Adaptive Valve,fulladaptivevalve
3774,6,Barrier Strength and Adaptive Capacity,3,Reframe the question / name the future,Direct conceptual reframe,systematic generation,cell fallback matrix,Full Headroom,fullheadroom
3775,6,Barrier Strength and Adaptive Capacity,3,Reframe the question / name the future,Direct conceptual reframe,systematic generation,cell fallback matrix,Full Elastic Margin,fullelasticmargin
3776,6,Barrier Strength and Adaptive Capacity,3,Reframe the question / name the future,Direct conceptual reframe,systematic generation,cell fallback matrix,Full Flex Plate,fullflexplate
3777,6,Barrier Strength and Adaptive Capacity,4,Anti-descriptor,Bold contradiction or anti-descriptor,hand-authored,round-two curated depth seed,Soft Limit,softlimit
3778,6,Barrier Strength and Adaptive Capacity,4,Anti-descriptor,Bold contradiction or anti-descriptor,systematic generation,anti-descriptor,Soft Limit,softlimit
3779,6,Barrier Strength and Adaptive Capacity,4,Anti-descriptor,Bold contradiction or anti-descriptor,systematic generation,anti-descriptor,Strong Compliance,strongcompliance
3780,6,Barrier Strength and Adaptive Capacity,4,Anti-descriptor,Bold contradiction or anti-descriptor,systematic generation,anti-descriptor,Controlled Give,controlledgive
3781,6,Barrier Strength and Adaptive Capacity,4,Anti-descriptor,Bold contradiction or anti-descriptor,systematic generation,anti-descriptor,Flexible Resistance,flexibleresistance
3782,6,Barrier Strength and Adaptive Capacity,4,Anti-descriptor,Bold contradiction or anti-descriptor,systematic generation,anti-descriptor,Stable Feedback,stablefeedback
3783,6,Barrier Strength and Adaptive Capacity,4,Anti-descriptor,Bold contradiction or anti-descriptor,systematic generation,anti-descriptor,Open Margin,openmargin
3784,6,Barrier Strength and Adaptive Capacity,4,Anti-descriptor,Bold contradiction or anti-descriptor,systematic generation,anti-descriptor,Dynamic Rest,dynamicrest
3785,6,Barrier Strength and Adaptive Capacity,4,Anti-descriptor,Bold contradiction or anti-descriptor,systematic generation,anti-descriptor,Responsive Structure,responsivestructure
3786,6,Barrier Strength and Adaptive Capacity,4,Anti-descriptor,Bold contradiction or anti-descriptor,systematic generation,anti-descriptor,Firmly Adaptive,firmlyadaptive
3787,6,Barrier Strength and Adaptive Capacity,4,Anti-descriptor,Bold contradiction or anti-descriptor,systematic generation,anti-descriptor,Soft Control,softcontrol
3788,6,Barrier Strength and Adaptive Capacity,4,Anti-descriptor,Bold contradiction or anti-descriptor,systematic generation,anti-descriptor,Stable Under Change,stableunderchange
3789,6,Barrier Strength and Adaptive Capacity,4,Anti-descriptor,Bold contradiction or anti-descriptor,systematic generation,anti-descriptor,Elastic Not Loose,elasticnotloose
3790,6,Barrier Strength and Adaptive Capacity,4,Anti-descriptor,Bold contradiction or anti-descriptor,systematic generation,anti-descriptor,More Margin Less Armor,moremarginlessarmor
3791,6,Barrier Strength and Adaptive Capacity,4,Anti-descriptor,Bold contradiction or anti-descriptor,systematic generation,anti-descriptor,Recovery Before Defense,recoverybeforedefense
3792,6,Barrier Strength and Adaptive Capacity,4,Anti-descriptor,Bold contradiction or anti-descriptor,systematic generation,anti-category matrix,No Damping Ring,nodampingring
3793,6,Barrier Strength and Adaptive Capacity,4,Anti-descriptor,Bold contradiction or anti-descriptor,systematic generation,anti-category matrix,No Buffer Zone,nobufferzone
3794,6,Barrier Strength and Adaptive Capacity,4,Anti-descriptor,Bold contradiction or anti-descriptor,systematic generation,anti-category matrix,No Response Curve,noresponsecurve
3795,6,Barrier Strength and Adaptive Capacity,4,Anti-descriptor,Bold contradiction or anti-descriptor,systematic generation,anti-category matrix,No Reserve Tank,noreservetank
3796,6,Barrier Strength and Adaptive Capacity,4,Anti-descriptor,Bold contradiction or anti-descriptor,systematic generation,anti-category matrix,No Dynamic Joint,nodynamicjoint
3797,6,Barrier Strength and Adaptive Capacity,4,Anti-descriptor,Bold contradiction or anti-descriptor,systematic generation,anti-category matrix,Not Feedback Dial,notfeedbackdial
3798,6,Barrier Strength and Adaptive Capacity,4,Anti-descriptor,Bold contradiction or anti-descriptor,systematic generation,anti-category matrix,Not Buffer Zone,notbufferzone
3799,6,Barrier Strength and Adaptive Capacity,4,Anti-descriptor,Bold contradiction or anti-descriptor,systematic generation,anti-category matrix,Not Response Curve,notresponsecurve
3800,6,Barrier Strength and Adaptive Capacity,4,Anti-descriptor,Bold contradiction or anti-descriptor,systematic generation,anti-category matrix,Not Reserve Tank,notreservetank
3801,6,Barrier Strength and Adaptive Capacity,4,Anti-descriptor,Bold contradiction or anti-descriptor,systematic generation,anti-category matrix,Not Stress Indicator,notstressindicator
3802,6,Barrier Strength and Adaptive Capacity,4,Anti-descriptor,Bold contradiction or anti-descriptor,systematic generation,anti-category matrix,Not Flex Plate,notflexplate
3803,6,Barrier Strength and Adaptive Capacity,4,Anti-descriptor,Bold contradiction or anti-descriptor,systematic generation,anti-category matrix,Without Control Margin,withoutcontrolmargin
3804,6,Barrier Strength and Adaptive Capacity,4,Anti-descriptor,Bold contradiction or anti-descriptor,systematic generation,anti-category matrix,Without Flex Coupling,withoutflexcoupling
3805,6,Barrier Strength and Adaptive Capacity,4,Anti-descriptor,Bold contradiction or anti-descriptor,systematic generation,anti-category matrix,Without Spring Reserve,withoutspringreserve
3806,6,Barrier Strength and Adaptive Capacity,4,Anti-descriptor,Bold contradiction or anti-descriptor,systematic generation,anti-category matrix,Without Shock Mount,withoutshockmount
3807,6,Barrier Strength and Adaptive Capacity,4,Anti-descriptor,Bold contradiction or anti-descriptor,systematic generation,anti-category matrix,Without Compliance Joint,withoutcompliancejoint
3808,6,Barrier Strength and Adaptive Capacity,4,Anti-descriptor,Bold contradiction or anti-descriptor,systematic generation,anti-category matrix,Without Expansion Gap,withoutexpansiongap
3809,6,Barrier Strength and Adaptive Capacity,4,Anti-descriptor,Bold contradiction or anti-descriptor,systematic generation,anti-category matrix,Without Elastic Margin,withoutelasticmargin
3810,6,Barrier Strength and Adaptive Capacity,4,Anti-descriptor,Bold contradiction or anti-descriptor,systematic generation,anti-category matrix,Without Headroom Gauge,withoutheadroomgauge
3811,6,Barrier Strength and Adaptive Capacity,4,Anti-descriptor,Bold contradiction or anti-descriptor,systematic generation,anti-category matrix,Beyond Damping Ring,beyonddampingring
3812,6,Barrier Strength and Adaptive Capacity,4,Anti-descriptor,Bold contradiction or anti-descriptor,systematic generation,anti-category matrix,Beyond Buffer Zone,beyondbufferzone
3813,6,Barrier Strength and Adaptive Capacity,4,Anti-descriptor,Bold contradiction or anti-descriptor,systematic generation,anti-category matrix,Beyond Response Curve,beyondresponsecurve
3814,6,Barrier Strength and Adaptive Capacity,4,Anti-descriptor,Bold contradiction or anti-descriptor,systematic generation,anti-category matrix,Beyond Reserve Tank,beyondreservetank
3815,6,Barrier Strength and Adaptive Capacity,4,Anti-descriptor,Bold contradiction or anti-descriptor,systematic generation,cell fallback matrix,Full Compliance Joint,fullcompliancejoint
3816,6,Barrier Strength and Adaptive Capacity,4,Anti-descriptor,Bold contradiction or anti-descriptor,systematic generation,cell fallback matrix,Full Damping Ring,fulldampingring
3817,6,Barrier Strength and Adaptive Capacity,4,Anti-descriptor,Bold contradiction or anti-descriptor,systematic generation,cell fallback matrix,Full Expansion Gap,fullexpansiongap
3818,6,Barrier Strength and Adaptive Capacity,4,Anti-descriptor,Bold contradiction or anti-descriptor,systematic generation,cell fallback matrix,Full Headroom Gauge,fullheadroomgauge
3819,6,Barrier Strength and Adaptive Capacity,4,Anti-descriptor,Bold contradiction or anti-descriptor,systematic generation,cell fallback matrix,Full Adaptive Valve,fulladaptivevalve
3820,6,Barrier Strength and Adaptive Capacity,5,Win by contrast,Unexpected imported term,systematic generation,far-field source contrast,Control Margin,controlmargin
3821,6,Barrier Strength and Adaptive Capacity,5,Win by contrast,Unexpected imported term,systematic generation,far-field source contrast,Response Margin,responsemargin
3822,6,Barrier Strength and Adaptive Capacity,5,Win by contrast,Unexpected imported term,systematic generation,far-field source contrast,Dynamic Compliance,dynamiccompliance
3823,6,Barrier Strength and Adaptive Capacity,5,Win by contrast,Unexpected imported term,systematic generation,far-field source contrast,Feedback Gain,feedbackgain
3824,6,Barrier Strength and Adaptive Capacity,5,Win by contrast,Unexpected imported term,systematic generation,far-field source contrast,Stability Margin,stabilitymargin
3825,6,Barrier Strength and Adaptive Capacity,5,Win by contrast,Unexpected imported term,systematic generation,far-field source contrast,Recovery Time,recoverytime
3826,6,Barrier Strength and Adaptive Capacity,5,Win by contrast,Unexpected imported term,systematic generation,far-field source contrast,Stress Adaptation,stressadaptation
3827,6,Barrier Strength and Adaptive Capacity,5,Win by contrast,Unexpected imported term,systematic generation,far-field source contrast,Dynamic Range,dynamicrange
3828,6,Barrier Strength and Adaptive Capacity,5,Win by contrast,Unexpected imported term,systematic generation,far-field source contrast,Homeostatic Reserve,homeostaticreserve
3829,6,Barrier Strength and Adaptive Capacity,5,Win by contrast,Unexpected imported term,systematic generation,far-field source contrast,Adaptive Control,adaptivecontrol
3830,6,Barrier Strength and Adaptive Capacity,5,Win by contrast,Unexpected imported term,systematic generation,far-field source contrast,Return Ratio,returnratio
3831,6,Barrier Strength and Adaptive Capacity,5,Win by contrast,Unexpected imported term,systematic generation,far-field source contrast,Resilience Measure,resiliencemeasure
3832,6,Barrier Strength and Adaptive Capacity,5,Win by contrast,Unexpected imported term,systematic generation,far-field source contrast,Load Sharing,loadsharing
3833,6,Barrier Strength and Adaptive Capacity,5,Win by contrast,Unexpected imported term,systematic generation,far-field source contrast,Buffering Power,bufferingpower
3834,6,Barrier Strength and Adaptive Capacity,5,Win by contrast,Unexpected imported term,systematic generation,far-field source contrast,Response Flexibility,responseflexibility
3835,6,Barrier Strength and Adaptive Capacity,5,Win by contrast,Unexpected imported term,systematic generation,far-field source contrast,Elastic Recovery,elasticrecovery
3836,6,Barrier Strength and Adaptive Capacity,5,Win by contrast,Unexpected imported term,systematic generation,far-field source contrast,Damping Ratio,dampingratio
3837,6,Barrier Strength and Adaptive Capacity,5,Win by contrast,Unexpected imported term,systematic generation,far-field source contrast,Compliance Joint,compliancejoint
3838,6,Barrier Strength and Adaptive Capacity,5,Win by contrast,Unexpected imported term,systematic generation,far-field source contrast,Expansion Gap,expansiongap
3839,6,Barrier Strength and Adaptive Capacity,5,Win by contrast,Unexpected imported term,systematic generation,contrast mononyms,Headroom,headroom
3840,6,Barrier Strength and Adaptive Capacity,5,Win by contrast,Unexpected imported term,systematic generation,contrast mononyms,Flex Coupling,flexcoupling
3841,6,Barrier Strength and Adaptive Capacity,5,Win by contrast,Unexpected imported term,systematic generation,contrast mononyms,Spring Reserve,springreserve
3842,6,Barrier Strength and Adaptive Capacity,5,Win by contrast,Unexpected imported term,systematic generation,contrast mononyms,Feedback Dial,feedbackdial
3843,6,Barrier Strength and Adaptive Capacity,5,Win by contrast,Unexpected imported term,systematic generation,contrast mononyms,Damping Ring,dampingring
3844,6,Barrier Strength and Adaptive Capacity,5,Win by contrast,Unexpected imported term,systematic generation,contrast mononyms,Buffer Zone,bufferzone
3845,6,Barrier Strength and Adaptive Capacity,5,Win by contrast,Unexpected imported term,systematic generation,contrast mononyms,Elastic Margin,elasticmargin
3846,6,Barrier Strength and Adaptive Capacity,5,Win by contrast,Unexpected imported term,systematic generation,contrast mononyms,Dynamic Joint,dynamicjoint
3847,6,Barrier Strength and Adaptive Capacity,5,Win by contrast,Unexpected imported term,systematic generation,contrast mononyms,Stress Indicator,stressindicator
3848,6,Barrier Strength and Adaptive Capacity,5,Win by contrast,Unexpected imported term,systematic generation,contrast mononyms,Flex Plate,flexplate
3849,6,Barrier Strength and Adaptive Capacity,5,Win by contrast,Unexpected imported term,systematic generation,contrast mononyms,Control Damper,controldamper
3850,6,Barrier Strength and Adaptive Capacity,5,Win by contrast,Unexpected imported term,systematic generation,contrast mononyms,Adaptive Valve,adaptivevalve
3851,6,Barrier Strength and Adaptive Capacity,5,Win by contrast,Unexpected imported term,systematic generation,contrast mononyms,Response Curve,responsecurve
3852,6,Barrier Strength and Adaptive Capacity,5,Win by contrast,Unexpected imported term,systematic generation,contrast mononyms,Reserve Tank,reservetank
3853,6,Barrier Strength and Adaptive Capacity,5,Win by contrast,Unexpected imported term,systematic generation,contrast mononyms,Shock Mount,shockmount
3854,6,Barrier Strength and Adaptive Capacity,5,Win by contrast,Unexpected imported term,systematic generation,cell fallback matrix,Full Compliance Joint,fullcompliancejoint
3855,6,Barrier Strength and Adaptive Capacity,5,Win by contrast,Unexpected imported term,systematic generation,cell fallback matrix,Full Damping Ring,fulldampingring
3856,6,Barrier Strength and Adaptive Capacity,5,Win by contrast,Unexpected imported term,systematic generation,cell fallback matrix,Full Expansion Gap,fullexpansiongap
3857,6,Barrier Strength and Adaptive Capacity,5,Win by contrast,Unexpected imported term,systematic generation,cell fallback matrix,Full Headroom Gauge,fullheadroomgauge
3858,6,Barrier Strength and Adaptive Capacity,5,Win by contrast,Unexpected imported term,systematic generation,cell fallback matrix,Full Adaptive Valve,fulladaptivevalve
3859,6,Barrier Strength and Adaptive Capacity,5,Win by contrast,Unexpected imported term,systematic generation,cell fallback matrix,Full Headroom,fullheadroom
3860,6,Barrier Strength and Adaptive Capacity,5,Win by contrast,Unexpected imported term,systematic generation,cell fallback matrix,Full Elastic Margin,fullelasticmargin
3861,6,Barrier Strength and Adaptive Capacity,5,Win by contrast,Unexpected imported term,systematic generation,cell fallback matrix,Full Flex Plate,fullflexplate
3862,6,Barrier Strength and Adaptive Capacity,6,Name the audacity / worldview,Short stance phrase,systematic generation,worldview statements,Keep The Margin,keepthemargin
3863,6,Barrier Strength and Adaptive Capacity,6,Name the audacity / worldview,Short stance phrase,systematic generation,worldview statements,Build More Headroom,buildmoreheadroom
3864,6,Barrier Strength and Adaptive Capacity,6,Name the audacity / worldview,Short stance phrase,systematic generation,worldview statements,Use The Feedback,usethefeedback
3865,6,Barrier Strength and Adaptive Capacity,6,Name the audacity / worldview,Short stance phrase,systematic generation,worldview statements,Widen The Range,widentherange
3866,6,Barrier Strength and Adaptive Capacity,6,Name the audacity / worldview,Short stance phrase,systematic generation,worldview statements,Leave Room to Respond,leaveroomtorespond
3867,6,Barrier Strength and Adaptive Capacity,6,Name the audacity / worldview,Short stance phrase,systematic generation,worldview statements,Return with Ease,returnwithease
3868,6,Barrier Strength and Adaptive Capacity,6,Name the audacity / worldview,Short stance phrase,systematic generation,worldview statements,Make The Coupling Flexible,makethecouplingflexible
3869,6,Barrier Strength and Adaptive Capacity,6,Name the audacity / worldview,Short stance phrase,systematic generation,worldview statements,Keep Some Give,keepsomegive
3870,6,Barrier Strength and Adaptive Capacity,6,Name the audacity / worldview,Short stance phrase,systematic generation,worldview statements,Recover The Margin,recoverthemargin
3871,6,Barrier Strength and Adaptive Capacity,6,Name the audacity / worldview,Short stance phrase,systematic generation,worldview statements,Stay Within The Window,staywithinthewindow
3872,6,Barrier Strength and Adaptive Capacity,6,Name the audacity / worldview,Short stance phrase,systematic generation,worldview statements,Adapt The Control,adaptthecontrol
3873,6,Barrier Strength and Adaptive Capacity,6,Name the audacity / worldview,Short stance phrase,systematic generation,worldview statements,Use The Reserve,usethereserve
3874,6,Barrier Strength and Adaptive Capacity,6,Name the audacity / worldview,Short stance phrase,systematic generation,worldview statements,Build Recovery Range,buildrecoveryrange
3875,6,Barrier Strength and Adaptive Capacity,6,Name the audacity / worldview,Short stance phrase,systematic generation,worldview statements,Respond with Headroom,respondwithheadroom
3876,6,Barrier Strength and Adaptive Capacity,6,Name the audacity / worldview,Short stance phrase,systematic generation,worldview statements,Protect The Feedback,protectthefeedback
3877,6,Barrier Strength and Adaptive Capacity,6,Name the audacity / worldview,Short stance phrase,systematic generation,audacity commands,Choose Control Margin,choosecontrolmargin
3878,6,Barrier Strength and Adaptive Capacity,6,Name the audacity / worldview,Short stance phrase,systematic generation,audacity commands,Choose Flex Coupling,chooseflexcoupling
3879,6,Barrier Strength and Adaptive Capacity,6,Name the audacity / worldview,Short stance phrase,systematic generation,audacity commands,Choose Spring Reserve,choosespringreserve
3880,6,Barrier Strength and Adaptive Capacity,6,Name the audacity / worldview,Short stance phrase,systematic generation,audacity commands,Choose Shock Mount,chooseshockmount
3881,6,Barrier Strength and Adaptive Capacity,6,Name the audacity / worldview,Short stance phrase,systematic generation,audacity commands,Choose Compliance Joint,choosecompliancejoint
3882,6,Barrier Strength and Adaptive Capacity,6,Name the audacity / worldview,Short stance phrase,systematic generation,audacity commands,Choose Expansion Gap,chooseexpansiongap
3883,6,Barrier Strength and Adaptive Capacity,6,Name the audacity / worldview,Short stance phrase,systematic generation,audacity commands,Choose Elastic Margin,chooseelasticmargin
3884,6,Barrier Strength and Adaptive Capacity,6,Name the audacity / worldview,Short stance phrase,systematic generation,audacity commands,Choose Headroom Gauge,chooseheadroomgauge
3885,6,Barrier Strength and Adaptive Capacity,6,Name the audacity / worldview,Short stance phrase,systematic generation,audacity commands,Keep Control Margin,keepcontrolmargin
3886,6,Barrier Strength and Adaptive Capacity,6,Name the audacity / worldview,Short stance phrase,systematic generation,audacity commands,Keep Flex Coupling,keepflexcoupling
3887,6,Barrier Strength and Adaptive Capacity,6,Name the audacity / worldview,Short stance phrase,systematic generation,audacity commands,Keep Spring Reserve,keepspringreserve
3888,6,Barrier Strength and Adaptive Capacity,6,Name the audacity / worldview,Short stance phrase,systematic generation,audacity commands,Keep Shock Mount,keepshockmount
3889,6,Barrier Strength and Adaptive Capacity,6,Name the audacity / worldview,Short stance phrase,systematic generation,audacity commands,Keep Compliance Joint,keepcompliancejoint
3890,6,Barrier Strength and Adaptive Capacity,6,Name the audacity / worldview,Short stance phrase,systematic generation,audacity commands,Keep Expansion Gap,keepexpansiongap
3891,6,Barrier Strength and Adaptive Capacity,6,Name the audacity / worldview,Short stance phrase,systematic generation,audacity commands,Keep Elastic Margin,keepelasticmargin
3892,6,Barrier Strength and Adaptive Capacity,6,Name the audacity / worldview,Short stance phrase,systematic generation,audacity commands,Keep Headroom Gauge,keepheadroomgauge
3893,6,Barrier Strength and Adaptive Capacity,6,Name the audacity / worldview,Short stance phrase,systematic generation,audacity commands,Make Control Margin,makecontrolmargin
3894,6,Barrier Strength and Adaptive Capacity,6,Name the audacity / worldview,Short stance phrase,systematic generation,audacity commands,Make Flex Coupling,makeflexcoupling
3895,6,Barrier Strength and Adaptive Capacity,6,Name the audacity / worldview,Short stance phrase,systematic generation,audacity commands,Make Shock Mount,makeshockmount
3896,6,Barrier Strength and Adaptive Capacity,6,Name the audacity / worldview,Short stance phrase,systematic generation,audacity commands,Make Feedback Dial,makefeedbackdial
3897,6,Barrier Strength and Adaptive Capacity,6,Name the audacity / worldview,Short stance phrase,systematic generation,audacity commands,Make Elastic Margin,makeelasticmargin
3898,6,Barrier Strength and Adaptive Capacity,6,Name the audacity / worldview,Short stance phrase,systematic generation,audacity commands,Make Stress Indicator,makestressindicator
3899,6,Barrier Strength and Adaptive Capacity,6,Name the audacity / worldview,Short stance phrase,systematic generation,audacity commands,Make Flex Plate,makeflexplate
3900,6,Barrier Strength and Adaptive Capacity,6,Name the audacity / worldview,Short stance phrase,systematic generation,audacity commands,Use Spring Reserve,usespringreserve
3901,6,Barrier Strength and Adaptive Capacity,6,Name the audacity / worldview,Short stance phrase,systematic generation,audacity commands,Use Compliance Joint,usecompliancejoint
3902,6,Barrier Strength and Adaptive Capacity,6,Name the audacity / worldview,Short stance phrase,systematic generation,audacity commands,Use Damping Ring,usedampingring
3903,6,Barrier Strength and Adaptive Capacity,6,Name the audacity / worldview,Short stance phrase,systematic generation,audacity commands,Use Expansion Gap,useexpansiongap
3904,6,Barrier Strength and Adaptive Capacity,7,Deconstruct / reconstruct,Transparent spelling modification,systematic generation,single-vowel deletion,Margn,margn
3905,6,Barrier Strength and Adaptive Capacity,7,Deconstruct / reconstruct,Transparent spelling modification,systematic generation,single-vowel deletion,Headrom,headrom
3906,6,Barrier Strength and Adaptive Capacity,7,Deconstruct / reconstruct,Transparent spelling modification,systematic generation,single-vowel deletion,Feedbck,feedbck
3907,6,Barrier Strength and Adaptive Capacity,7,Deconstruct / reconstruct,Transparent spelling modification,systematic generation,single-vowel deletion,Couplng,couplng
3908,6,Barrier Strength and Adaptive Capacity,7,Deconstruct / reconstruct,Transparent spelling modification,systematic generation,single-vowel deletion,Elsticity,elsticity
3909,6,Barrier Strength and Adaptive Capacity,7,Deconstruct / reconstruct,Transparent spelling modification,systematic generation,single-vowel deletion,Complance,complance
3910,6,Barrier Strength and Adaptive Capacity,7,Deconstruct / reconstruct,Transparent spelling modification,systematic generation,single-vowel deletion,Dampng,dampng
3911,6,Barrier Strength and Adaptive Capacity,7,Deconstruct / reconstruct,Transparent spelling modification,systematic generation,single-vowel deletion,Recvery,recvery
3912,6,Barrier Strength and Adaptive Capacity,7,Deconstruct / reconstruct,Transparent spelling modification,systematic generation,single-vowel deletion,Resrve,resrve
3913,6,Barrier Strength and Adaptive Capacity,7,Deconstruct / reconstruct,Transparent spelling modification,systematic generation,single-vowel deletion,Reslience,reslience
3914,6,Barrier Strength and Adaptive Capacity,7,Deconstruct / reconstruct,Transparent spelling modification,systematic generation,single-vowel deletion,Givback,givback
3915,6,Barrier Strength and Adaptive Capacity,7,Deconstruct / reconstruct,Transparent spelling modification,systematic generation,single-vowel deletion,Flxure,flxure
3916,6,Barrier Strength and Adaptive Capacity,7,Deconstruct / reconstruct,Transparent spelling modification,systematic generation,single-vowel deletion,Respnsive,respnsive
3917,6,Barrier Strength and Adaptive Capacity,7,Deconstruct / reconstruct,Transparent spelling modification,systematic generation,single-vowel deletion,Dynmicbalance,dynmicbalance
3918,6,Barrier Strength and Adaptive Capacity,7,Deconstruct / reconstruct,Transparent spelling modification,systematic generation,single-vowel deletion,Livngrange,livngrange
3919,6,Barrier Strength and Adaptive Capacity,7,Deconstruct / reconstruct,Transparent spelling modification,systematic generation,single-vowel deletion,Softlmit,softlmit
3920,6,Barrier Strength and Adaptive Capacity,7,Deconstruct / reconstruct,Transparent spelling modification,systematic generation,single-vowel deletion,Retrnrange,retrnrange
3921,6,Barrier Strength and Adaptive Capacity,7,Deconstruct / reconstruct,Transparent spelling modification,systematic generation,single-vowel deletion,Adptmargin,adptmargin
3922,6,Barrier Strength and Adaptive Capacity,7,Deconstruct / reconstruct,Transparent spelling modification,systematic generation,single-vowel deletion,Flxcoupling,flxcoupling
3923,6,Barrier Strength and Adaptive Capacity,7,Deconstruct / reconstruct,Transparent spelling modification,systematic generation,single-vowel deletion,Expnsiongap,expnsiongap
3924,6,Barrier Strength and Adaptive Capacity,7,Deconstruct / reconstruct,Transparent spelling modification,systematic generation,single-vowel deletion,Buffrzone,buffrzone
3925,6,Barrier Strength and Adaptive Capacity,7,Deconstruct / reconstruct,Transparent spelling modification,systematic generation,single-vowel deletion,Elsticmargin,elsticmargin
3926,6,Barrier Strength and Adaptive Capacity,7,Deconstruct / reconstruct,Transparent spelling modification,systematic generation,single-vowel deletion,Dynmicjoint,dynmicjoint
3927,6,Barrier Strength and Adaptive Capacity,7,Deconstruct / reconstruct,Transparent spelling modification,systematic generation,single-vowel deletion,Adptivevalve,adptivevalve
3928,6,Barrier Strength and Adaptive Capacity,7,Deconstruct / reconstruct,Transparent spelling modification,systematic generation,single-vowel deletion,Respnsecurve,respnsecurve
3929,6,Barrier Strength and Adaptive Capacity,7,Deconstruct / reconstruct,Transparent spelling modification,systematic generation,single-vowel deletion,Resrvetank,resrvetank
3930,6,Barrier Strength and Adaptive Capacity,7,Deconstruct / reconstruct,Transparent spelling modification,systematic generation,single-vowel deletion,Complancejoint,complancejoint
3931,6,Barrier Strength and Adaptive Capacity,7,Deconstruct / reconstruct,Transparent spelling modification,systematic generation,joined reconstruction,Marginrecovery,marginrecovery
3932,6,Barrier Strength and Adaptive Capacity,7,Deconstruct / reconstruct,Transparent spelling modification,systematic generation,joined reconstruction,Marginreserve,marginreserve
3933,6,Barrier Strength and Adaptive Capacity,7,Deconstruct / reconstruct,Transparent spelling modification,systematic generation,joined reconstruction,Marginresponsive,marginresponsive
3934,6,Barrier Strength and Adaptive Capacity,7,Deconstruct / reconstruct,Transparent spelling modification,systematic generation,joined reconstruction,Margindynamicbalance,margindynamicbalance
3935,6,Barrier Strength and Adaptive Capacity,7,Deconstruct / reconstruct,Transparent spelling modification,systematic generation,joined reconstruction,Marginstressready,marginstressready
3936,6,Barrier Strength and Adaptive Capacity,7,Deconstruct / reconstruct,Transparent spelling modification,systematic generation,joined reconstruction,Marginsoftlimit,marginsoftlimit
3937,6,Barrier Strength and Adaptive Capacity,7,Deconstruct / reconstruct,Transparent spelling modification,systematic generation,joined reconstruction,Margincontrolmargin,margincontrolmargin
3938,6,Barrier Strength and Adaptive Capacity,7,Deconstruct / reconstruct,Transparent spelling modification,systematic generation,joined reconstruction,Headroomdamping,headroomdamping
3939,6,Barrier Strength and Adaptive Capacity,7,Deconstruct / reconstruct,Transparent spelling modification,systematic generation,joined reconstruction,Headroomgiveback,headroomgiveback
3940,6,Barrier Strength and Adaptive Capacity,7,Deconstruct / reconstruct,Transparent spelling modification,systematic generation,joined reconstruction,Headroomflexure,headroomflexure
3941,6,Barrier Strength and Adaptive Capacity,7,Deconstruct / reconstruct,Transparent spelling modification,systematic generation,joined reconstruction,Headroomlivingrange,headroomlivingrange
3942,6,Barrier Strength and Adaptive Capacity,7,Deconstruct / reconstruct,Transparent spelling modification,systematic generation,joined reconstruction,Headroomreturnrange,headroomreturnrange
3943,6,Barrier Strength and Adaptive Capacity,7,Deconstruct / reconstruct,Transparent spelling modification,systematic generation,joined reconstruction,Feedbackresilience,feedbackresilience
3944,6,Barrier Strength and Adaptive Capacity,7,Deconstruct / reconstruct,Transparent spelling modification,systematic generation,joined reconstruction,Feedbacklivingrange,feedbacklivingrange
3945,6,Barrier Strength and Adaptive Capacity,7,Deconstruct / reconstruct,Transparent spelling modification,systematic generation,joined reconstruction,Feedbackadaptmargin,feedbackadaptmargin
3946,6,Barrier Strength and Adaptive Capacity,8,Portmanteau,Clean portmanteau,systematic generation,legible two-source blend,Margance,margance
3947,6,Barrier Strength and Adaptive Capacity,8,Portmanteau,Clean portmanteau,systematic generation,legible two-source blend,Margence,margence
3948,6,Barrier Strength and Adaptive Capacity,8,Portmanteau,Clean portmanteau,systematic generation,legible two-source blend,Margalance,margalance
3949,6,Barrier Strength and Adaptive Capacity,8,Portmanteau,Clean portmanteau,systematic generation,legible two-source blend,Margange,margange
3950,6,Barrier Strength and Adaptive Capacity,8,Portmanteau,Clean portmanteau,systematic generation,legible two-source blend,Margargin,margargin
3951,6,Barrier Strength and Adaptive Capacity,8,Portmanteau,Clean portmanteau,systematic generation,legible two-source blend,Margring,margring
3952,6,Barrier Strength and Adaptive Capacity,8,Portmanteau,Clean portmanteau,systematic generation,legible two-source blend,Headring,headring
3953,6,Barrier Strength and Adaptive Capacity,8,Portmanteau,Clean portmanteau,systematic generation,legible two-source blend,Headrack,headrack
3954,6,Barrier Strength and Adaptive Capacity,8,Portmanteau,Clean portmanteau,systematic generation,legible two-source blend,Headready,headready
3955,6,Barrier Strength and Adaptive Capacity,8,Portmanteau,Clean portmanteau,systematic generation,legible two-source blend,Headrrgin,headrrgin
3956,6,Barrier Strength and Adaptive Capacity,8,Portmanteau,Clean portmanteau,systematic generation,legible two-source blend,Headrpling,headrpling
3957,6,Barrier Strength and Adaptive Capacity,8,Portmanteau,Clean portmanteau,systematic generation,legible two-source blend,Feedbery,feedbery
3958,6,Barrier Strength and Adaptive Capacity,8,Portmanteau,Clean portmanteau,systematic generation,legible two-source blend,Feedbure,feedbure
3959,6,Barrier Strength and Adaptive Capacity,8,Portmanteau,Clean portmanteau,systematic generation,legible two-source blend,Feedbange,feedbange
3960,6,Barrier Strength and Adaptive Capacity,8,Portmanteau,Clean portmanteau,systematic generation,legible two-source blend,Feedbargin,feedbargin
3961,6,Barrier Strength and Adaptive Capacity,8,Portmanteau,Clean portmanteau,systematic generation,legible two-source blend,Feedbserve,feedbserve
3962,6,Barrier Strength and Adaptive Capacity,8,Portmanteau,Clean portmanteau,systematic generation,legible two-source blend,Couplrve,couplrve
3963,6,Barrier Strength and Adaptive Capacity,8,Portmanteau,Clean portmanteau,systematic generation,legible two-source blend,Couplsive,couplsive
3964,6,Barrier Strength and Adaptive Capacity,8,Portmanteau,Clean portmanteau,systematic generation,legible two-source blend,Couplimit,couplimit
3965,6,Barrier Strength and Adaptive Capacity,8,Portmanteau,Clean portmanteau,systematic generation,legible two-source blend,Couploom,couploom
3966,6,Barrier Strength and Adaptive Capacity,8,Portmanteau,Clean portmanteau,systematic generation,legible two-source blend,Couplkdial,couplkdial
3967,6,Barrier Strength and Adaptive Capacity,8,Portmanteau,Clean portmanteau,systematic generation,legible two-source blend,Elastiance,elastiance
3968,6,Barrier Strength and Adaptive Capacity,8,Portmanteau,Clean portmanteau,systematic generation,legible two-source blend,Elastience,elastience
3969,6,Barrier Strength and Adaptive Capacity,8,Portmanteau,Clean portmanteau,systematic generation,legible two-source blend,Elastialance,elastialance
3970,6,Barrier Strength and Adaptive Capacity,8,Portmanteau,Clean portmanteau,systematic generation,legible two-source blend,Elastiange,elastiange
3971,6,Barrier Strength and Adaptive Capacity,8,Portmanteau,Clean portmanteau,systematic generation,legible two-source blend,Elastiargin,elastiargin
3972,6,Barrier Strength and Adaptive Capacity,8,Portmanteau,Clean portmanteau,systematic generation,legible two-source blend,Elastiring,elastiring
3973,6,Barrier Strength and Adaptive Capacity,8,Portmanteau,Clean portmanteau,systematic generation,legible two-source blend,Compliing,compliing
3974,6,Barrier Strength and Adaptive Capacity,8,Portmanteau,Clean portmanteau,systematic generation,legible two-source blend,Compliack,compliack
3975,6,Barrier Strength and Adaptive Capacity,8,Portmanteau,Clean portmanteau,systematic generation,legible two-source blend,Complieady,complieady
3976,6,Barrier Strength and Adaptive Capacity,8,Portmanteau,Clean portmanteau,systematic generation,legible two-source blend,Complirgin,complirgin
3977,6,Barrier Strength and Adaptive Capacity,8,Portmanteau,Clean portmanteau,systematic generation,legible two-source blend,Complipling,complipling
3978,6,Barrier Strength and Adaptive Capacity,8,Portmanteau,Clean portmanteau,systematic generation,legible two-source blend,Dampiery,dampiery
3979,6,Barrier Strength and Adaptive Capacity,8,Portmanteau,Clean portmanteau,systematic generation,legible two-source blend,Dampiure,dampiure
3980,6,Barrier Strength and Adaptive Capacity,8,Portmanteau,Clean portmanteau,systematic generation,legible two-source blend,Dampiange,dampiange
3981,6,Barrier Strength and Adaptive Capacity,8,Portmanteau,Clean portmanteau,systematic generation,legible two-source blend,Dampiargin,dampiargin
3982,6,Barrier Strength and Adaptive Capacity,8,Portmanteau,Clean portmanteau,systematic generation,legible two-source blend,Dampiserve,dampiserve
3983,6,Barrier Strength and Adaptive Capacity,8,Portmanteau,Clean portmanteau,systematic generation,legible two-source blend,Recovrve,recovrve
3984,6,Barrier Strength and Adaptive Capacity,8,Portmanteau,Clean portmanteau,systematic generation,legible two-source blend,Recovsive,recovsive
3985,6,Barrier Strength and Adaptive Capacity,8,Portmanteau,Clean portmanteau,systematic generation,legible two-source blend,Recovimit,recovimit
3986,6,Barrier Strength and Adaptive Capacity,8,Portmanteau,Clean portmanteau,systematic generation,legible two-source blend,Recovoom,recovoom
3987,6,Barrier Strength and Adaptive Capacity,8,Portmanteau,Clean portmanteau,systematic generation,legible two-source blend,Recovkdial,recovkdial
3988,6,Barrier Strength and Adaptive Capacity,9,Morpheme engine,English-native compound or compression,hand-authored,round-two curated depth seed,Rangeholder,rangeholder
3989,6,Barrier Strength and Adaptive Capacity,9,Morpheme engine,English-native compound or compression,hand-authored,round-two curated depth seed,Bufferwise,bufferwise
3990,6,Barrier Strength and Adaptive Capacity,9,Morpheme engine,English-native compound or compression,systematic generation,English-native morpheme engine,Marginwork,marginwork
3991,6,Barrier Strength and Adaptive Capacity,9,Morpheme engine,English-native compound or compression,systematic generation,English-native morpheme engine,Marginwise,marginwise
3992,6,Barrier Strength and Adaptive Capacity,9,Morpheme engine,English-native compound or compression,systematic generation,English-native morpheme engine,Marginline,marginline
3993,6,Barrier Strength and Adaptive Capacity,9,Morpheme engine,English-native compound or compression,systematic generation,English-native morpheme engine,Marginkind,marginkind
3994,6,Barrier Strength and Adaptive Capacity,9,Morpheme engine,English-native compound or compression,systematic generation,English-native morpheme engine,Margincraft,margincraft
3995,6,Barrier Strength and Adaptive Capacity,9,Morpheme engine,English-native compound or compression,systematic generation,English-native morpheme engine,Marginhouse,marginhouse
3996,6,Barrier Strength and Adaptive Capacity,9,Morpheme engine,English-native compound or compression,systematic generation,English-native morpheme engine,Marginpractice,marginpractice
3997,6,Barrier Strength and Adaptive Capacity,9,Morpheme engine,English-native compound or compression,systematic generation,English-native morpheme engine,Margincompany,margincompany
3998,6,Barrier Strength and Adaptive Capacity,9,Morpheme engine,English-native compound or compression,systematic generation,English-native morpheme engine,Marginway,marginway
3999,6,Barrier Strength and Adaptive Capacity,9,Morpheme engine,English-native compound or compression,systematic generation,English-native morpheme engine,Headroomwise,headroomwise
4000,6,Barrier Strength and Adaptive Capacity,9,Morpheme engine,English-native compound or compression,systematic generation,English-native morpheme engine,Headroomward,headroomward
4001,6,Barrier Strength and Adaptive Capacity,9,Morpheme engine,English-native compound or compression,systematic generation,English-native morpheme engine,Headroomkind,headroomkind
4002,6,Barrier Strength and Adaptive Capacity,9,Morpheme engine,English-native compound or compression,systematic generation,English-native morpheme engine,Headroommade,headroommade
4003,6,Barrier Strength and Adaptive Capacity,9,Morpheme engine,English-native compound or compression,systematic generation,English-native morpheme engine,Headroomhouse,headroomhouse
4004,6,Barrier Strength and Adaptive Capacity,9,Morpheme engine,English-native compound or compression,systematic generation,English-native morpheme engine,Headroomstandard,headroomstandard
4005,6,Barrier Strength and Adaptive Capacity,9,Morpheme engine,English-native compound or compression,systematic generation,English-native morpheme engine,Headroomcompany,headroomcompany
4006,6,Barrier Strength and Adaptive Capacity,9,Morpheme engine,English-native compound or compression,systematic generation,English-native morpheme engine,Headroomclub,headroomclub
4007,6,Barrier Strength and Adaptive Capacity,9,Morpheme engine,English-native compound or compression,systematic generation,English-native morpheme engine,Feedbackward,feedbackward
4008,6,Barrier Strength and Adaptive Capacity,9,Morpheme engine,English-native compound or compression,systematic generation,English-native morpheme engine,Feedbackmark,feedbackmark
4009,6,Barrier Strength and Adaptive Capacity,9,Morpheme engine,English-native compound or compression,systematic generation,English-native morpheme engine,Feedbackmade,feedbackmade
4010,6,Barrier Strength and Adaptive Capacity,9,Morpheme engine,English-native compound or compression,systematic generation,English-native morpheme engine,Feedbackform,feedbackform
4011,6,Barrier Strength and Adaptive Capacity,9,Morpheme engine,English-native compound or compression,systematic generation,English-native morpheme engine,Feedbackstandard,feedbackstandard
4012,6,Barrier Strength and Adaptive Capacity,9,Morpheme engine,English-native compound or compression,systematic generation,English-native morpheme engine,Feedbackmethod,feedbackmethod
4013,6,Barrier Strength and Adaptive Capacity,9,Morpheme engine,English-native compound or compression,systematic generation,English-native morpheme engine,Feedbackclub,feedbackclub
4014,6,Barrier Strength and Adaptive Capacity,9,Morpheme engine,English-native compound or compression,systematic generation,English-native morpheme engine,Feedbackstate,feedbackstate
4015,6,Barrier Strength and Adaptive Capacity,9,Morpheme engine,English-native compound or compression,systematic generation,English-native morpheme engine,Couplingwork,couplingwork
4016,6,Barrier Strength and Adaptive Capacity,9,Morpheme engine,English-native compound or compression,systematic generation,English-native morpheme engine,Couplingmark,couplingmark
4017,6,Barrier Strength and Adaptive Capacity,9,Morpheme engine,English-native compound or compression,systematic generation,English-native morpheme engine,Couplingline,couplingline
4018,6,Barrier Strength and Adaptive Capacity,9,Morpheme engine,English-native compound or compression,systematic generation,English-native morpheme engine,Couplingform,couplingform
4019,6,Barrier Strength and Adaptive Capacity,9,Morpheme engine,English-native compound or compression,systematic generation,English-native morpheme engine,Couplingcraft,couplingcraft
4020,6,Barrier Strength and Adaptive Capacity,9,Morpheme engine,English-native compound or compression,systematic generation,English-native morpheme engine,Couplingmethod,couplingmethod
4021,6,Barrier Strength and Adaptive Capacity,9,Morpheme engine,English-native compound or compression,systematic generation,English-native morpheme engine,Couplingpractice,couplingpractice
4022,6,Barrier Strength and Adaptive Capacity,9,Morpheme engine,English-native compound or compression,systematic generation,English-native morpheme engine,Couplingstate,couplingstate
4023,6,Barrier Strength and Adaptive Capacity,9,Morpheme engine,English-native compound or compression,systematic generation,English-native morpheme engine,Couplingway,couplingway
4024,6,Barrier Strength and Adaptive Capacity,9,Morpheme engine,English-native compound or compression,systematic generation,English-native morpheme engine,Elasticwork,elasticwork
4025,6,Barrier Strength and Adaptive Capacity,9,Morpheme engine,English-native compound or compression,systematic generation,English-native morpheme engine,Elasticwise,elasticwise
4026,6,Barrier Strength and Adaptive Capacity,9,Morpheme engine,English-native compound or compression,systematic generation,English-native morpheme engine,Elasticline,elasticline
4027,6,Barrier Strength and Adaptive Capacity,9,Morpheme engine,English-native compound or compression,systematic generation,English-native morpheme engine,Elastickind,elastickind
4028,6,Barrier Strength and Adaptive Capacity,9,Morpheme engine,English-native compound or compression,systematic generation,English-native morpheme engine,Elasticcraft,elasticcraft
4029,6,Barrier Strength and Adaptive Capacity,9,Morpheme engine,English-native compound or compression,systematic generation,English-native morpheme engine,Elastichouse,elastichouse
4030,6,Barrier Strength and Adaptive Capacity,9,Morpheme engine,English-native compound or compression,systematic generation,English-native morpheme engine,Elasticpractice,elasticpractice
4031,6,Barrier Strength and Adaptive Capacity,9,Morpheme engine,English-native compound or compression,systematic generation,English-native morpheme engine,Elasticcompany,elasticcompany
4032,6,Barrier Strength and Adaptive Capacity,10,Scientific borrowing,Authentic scientific terminology,systematic generation,authentic scientific terminology,Compliance,compliance
4033,6,Barrier Strength and Adaptive Capacity,10,Scientific borrowing,Authentic scientific terminology,systematic generation,authentic scientific terminology,Damping,damping
4034,6,Barrier Strength and Adaptive Capacity,10,Scientific borrowing,Authentic scientific terminology,systematic generation,authentic scientific terminology,Control Margin,controlmargin
4035,6,Barrier Strength and Adaptive Capacity,10,Scientific borrowing,Authentic scientific terminology,systematic generation,authentic scientific terminology,Response Margin,responsemargin
4036,6,Barrier Strength and Adaptive Capacity,10,Scientific borrowing,Authentic scientific terminology,systematic generation,authentic scientific terminology,Elastic Recovery,elasticrecovery
4037,6,Barrier Strength and Adaptive Capacity,10,Scientific borrowing,Authentic scientific terminology,systematic generation,authentic scientific terminology,Dynamic Compliance,dynamiccompliance
4038,6,Barrier Strength and Adaptive Capacity,10,Scientific borrowing,Authentic scientific terminology,systematic generation,authentic scientific terminology,Feedback Gain,feedbackgain
4039,6,Barrier Strength and Adaptive Capacity,10,Scientific borrowing,Authentic scientific terminology,systematic generation,authentic scientific terminology,Stability Margin,stabilitymargin
4040,6,Barrier Strength and Adaptive Capacity,10,Scientific borrowing,Authentic scientific terminology,systematic generation,authentic scientific terminology,Recovery Time,recoverytime
4041,6,Barrier Strength and Adaptive Capacity,10,Scientific borrowing,Authentic scientific terminology,systematic generation,authentic scientific terminology,Stress Adaptation,stressadaptation
4042,6,Barrier Strength and Adaptive Capacity,10,Scientific borrowing,Authentic scientific terminology,systematic generation,authentic scientific terminology,Dynamic Range,dynamicrange
4043,6,Barrier Strength and Adaptive Capacity,10,Scientific borrowing,Authentic scientific terminology,systematic generation,authentic scientific terminology,Headroom,headroom
4044,6,Barrier Strength and Adaptive Capacity,10,Scientific borrowing,Authentic scientific terminology,systematic generation,authentic scientific terminology,Homeostatic Reserve,homeostaticreserve
4045,6,Barrier Strength and Adaptive Capacity,10,Scientific borrowing,Authentic scientific terminology,systematic generation,authentic scientific terminology,Adaptive Control,adaptivecontrol
4046,6,Barrier Strength and Adaptive Capacity,10,Scientific borrowing,Authentic scientific terminology,systematic generation,authentic scientific terminology,Return Ratio,returnratio
4047,6,Barrier Strength and Adaptive Capacity,10,Scientific borrowing,Authentic scientific terminology,systematic generation,authentic scientific terminology,Resilience Measure,resiliencemeasure
4048,6,Barrier Strength and Adaptive Capacity,10,Scientific borrowing,Authentic scientific terminology,systematic generation,authentic scientific terminology,Load Sharing,loadsharing
4049,6,Barrier Strength and Adaptive Capacity,10,Scientific borrowing,Authentic scientific terminology,systematic generation,authentic scientific terminology,Buffering Power,bufferingpower
4050,6,Barrier Strength and Adaptive Capacity,10,Scientific borrowing,Authentic scientific terminology,systematic generation,authentic scientific terminology,Response Flexibility,responseflexibility
4051,6,Barrier Strength and Adaptive Capacity,10,Scientific borrowing,Authentic scientific terminology,systematic generation,technical compounds,Adaptive Control Margin,adaptivecontrolmargin
4052,6,Barrier Strength and Adaptive Capacity,10,Scientific borrowing,Authentic scientific terminology,systematic generation,technical compounds,Adaptive Flex Coupling,adaptiveflexcoupling
4053,6,Barrier Strength and Adaptive Capacity,10,Scientific borrowing,Authentic scientific terminology,systematic generation,technical compounds,Adaptive Shock Mount,adaptiveshockmount
4054,6,Barrier Strength and Adaptive Capacity,10,Scientific borrowing,Authentic scientific terminology,systematic generation,technical compounds,Adaptive Feedback Dial,adaptivefeedbackdial
4055,6,Barrier Strength and Adaptive Capacity,10,Scientific borrowing,Authentic scientific terminology,systematic generation,technical compounds,Adaptive Elastic Margin,adaptiveelasticmargin
4056,6,Barrier Strength and Adaptive Capacity,10,Scientific borrowing,Authentic scientific terminology,systematic generation,technical compounds,Adaptive Stress Indicator,adaptivestressindicator
4057,6,Barrier Strength and Adaptive Capacity,10,Scientific borrowing,Authentic scientific terminology,systematic generation,technical compounds,Adaptive Flex Plate,adaptiveflexplate
4058,6,Barrier Strength and Adaptive Capacity,10,Scientific borrowing,Authentic scientific terminology,systematic generation,technical compounds,Dynamic Spring Reserve,dynamicspringreserve
4059,6,Barrier Strength and Adaptive Capacity,10,Scientific borrowing,Authentic scientific terminology,systematic generation,technical compounds,Dynamic Compliance Joint,dynamiccompliancejoint
4060,6,Barrier Strength and Adaptive Capacity,10,Scientific borrowing,Authentic scientific terminology,systematic generation,technical compounds,Dynamic Damping Ring,dynamicdampingring
4061,6,Barrier Strength and Adaptive Capacity,10,Scientific borrowing,Authentic scientific terminology,systematic generation,technical compounds,Dynamic Expansion Gap,dynamicexpansiongap
4062,6,Barrier Strength and Adaptive Capacity,10,Scientific borrowing,Authentic scientific terminology,systematic generation,technical compounds,Dynamic Headroom Gauge,dynamicheadroomgauge
4063,6,Barrier Strength and Adaptive Capacity,10,Scientific borrowing,Authentic scientific terminology,systematic generation,technical compounds,Dynamic Dynamic Joint,dynamicdynamicjoint
4064,6,Barrier Strength and Adaptive Capacity,10,Scientific borrowing,Authentic scientific terminology,systematic generation,technical compounds,Reference Control Margin,referencecontrolmargin
4065,6,Barrier Strength and Adaptive Capacity,10,Scientific borrowing,Authentic scientific terminology,systematic generation,technical compounds,Reference Flex Coupling,referenceflexcoupling
4066,6,Barrier Strength and Adaptive Capacity,10,Scientific borrowing,Authentic scientific terminology,systematic generation,technical compounds,Reference Shock Mount,referenceshockmount
4067,6,Barrier Strength and Adaptive Capacity,10,Scientific borrowing,Authentic scientific terminology,systematic generation,technical compounds,Reference Feedback Dial,referencefeedbackdial
4068,6,Barrier Strength and Adaptive Capacity,10,Scientific borrowing,Authentic scientific terminology,systematic generation,technical compounds,Reference Elastic Margin,referenceelasticmargin
4069,6,Barrier Strength and Adaptive Capacity,10,Scientific borrowing,Authentic scientific terminology,systematic generation,technical compounds,Reference Stress Indicator,referencestressindicator
4070,6,Barrier Strength and Adaptive Capacity,10,Scientific borrowing,Authentic scientific terminology,systematic generation,technical compounds,Reference Flex Plate,referenceflexplate
4071,6,Barrier Strength and Adaptive Capacity,10,Scientific borrowing,Authentic scientific terminology,systematic generation,technical compounds,Working Control Margin,workingcontrolmargin
4072,6,Barrier Strength and Adaptive Capacity,10,Scientific borrowing,Authentic scientific terminology,systematic generation,cell fallback matrix,Full Compliance Joint,fullcompliancejoint
4073,6,Barrier Strength and Adaptive Capacity,10,Scientific borrowing,Authentic scientific terminology,systematic generation,cell fallback matrix,Full Damping Ring,fulldampingring
4074,6,Barrier Strength and Adaptive Capacity,11,Sound-first coinage,Crisp sound-led coinage,systematic generation,phonosemantic sound matrix,Margin,margin
4075,6,Barrier Strength and Adaptive Capacity,11,Sound-first coinage,Crisp sound-led coinage,systematic generation,phonosemantic sound matrix,Marline,marline
4076,6,Barrier Strength and Adaptive Capacity,11,Sound-first coinage,Crisp sound-led coinage,systematic generation,phonosemantic sound matrix,Marrange,marrange
4077,6,Barrier Strength and Adaptive Capacity,11,Sound-first coinage,Crisp sound-led coinage,systematic generation,phonosemantic sound matrix,Marwell,marwell
4078,6,Barrier Strength and Adaptive Capacity,11,Sound-first coinage,Crisp sound-led coinage,systematic generation,phonosemantic sound matrix,Heatal,heatal
4079,6,Barrier Strength and Adaptive Capacity,11,Sound-first coinage,Crisp sound-led coinage,systematic generation,phonosemantic sound matrix,Heamark,heamark
4080,6,Barrier Strength and Adaptive Capacity,11,Sound-first coinage,Crisp sound-led coinage,systematic generation,phonosemantic sound matrix,Heaset,heaset
4081,6,Barrier Strength and Adaptive Capacity,11,Sound-first coinage,Crisp sound-led coinage,systematic generation,phonosemantic sound matrix,Heareturn,heareturn
4082,6,Barrier Strength and Adaptive Capacity,11,Sound-first coinage,Crisp sound-led coinage,systematic generation,phonosemantic sound matrix,Feeden,feeden
4083,6,Barrier Strength and Adaptive Capacity,11,Sound-first coinage,Crisp sound-led coinage,systematic generation,phonosemantic sound matrix,Feeflex,feeflex
4084,6,Barrier Strength and Adaptive Capacity,11,Sound-first coinage,Crisp sound-led coinage,systematic generation,phonosemantic sound matrix,Feehold,feehold
4085,6,Barrier Strength and Adaptive Capacity,11,Sound-first coinage,Crisp sound-led coinage,systematic generation,phonosemantic sound matrix,Feemore,feemore
4086,6,Barrier Strength and Adaptive Capacity,11,Sound-first coinage,Crisp sound-led coinage,systematic generation,phonosemantic sound matrix,Cougin,cougin
4087,6,Barrier Strength and Adaptive Capacity,11,Sound-first coinage,Crisp sound-led coinage,systematic generation,phonosemantic sound matrix,Couline,couline
4088,6,Barrier Strength and Adaptive Capacity,11,Sound-first coinage,Crisp sound-led coinage,systematic generation,phonosemantic sound matrix,Courange,courange
4089,6,Barrier Strength and Adaptive Capacity,11,Sound-first coinage,Crisp sound-led coinage,systematic generation,phonosemantic sound matrix,Couwell,couwell
4090,6,Barrier Strength and Adaptive Capacity,11,Sound-first coinage,Crisp sound-led coinage,systematic generation,phonosemantic sound matrix,Elatal,elatal
4091,6,Barrier Strength and Adaptive Capacity,11,Sound-first coinage,Crisp sound-led coinage,systematic generation,phonosemantic sound matrix,Elamark,elamark
4092,6,Barrier Strength and Adaptive Capacity,11,Sound-first coinage,Crisp sound-led coinage,systematic generation,phonosemantic sound matrix,Elaset,elaset
4093,6,Barrier Strength and Adaptive Capacity,11,Sound-first coinage,Crisp sound-led coinage,systematic generation,phonosemantic sound matrix,Elareturn,elareturn
4094,6,Barrier Strength and Adaptive Capacity,11,Sound-first coinage,Crisp sound-led coinage,systematic generation,phonosemantic sound matrix,Comden,comden
4095,6,Barrier Strength and Adaptive Capacity,11,Sound-first coinage,Crisp sound-led coinage,systematic generation,phonosemantic sound matrix,Comflex,comflex
4096,6,Barrier Strength and Adaptive Capacity,11,Sound-first coinage,Crisp sound-led coinage,systematic generation,phonosemantic sound matrix,Comhold,comhold
4097,6,Barrier Strength and Adaptive Capacity,11,Sound-first coinage,Crisp sound-led coinage,systematic generation,phonosemantic sound matrix,Commore,commore
4098,6,Barrier Strength and Adaptive Capacity,11,Sound-first coinage,Crisp sound-led coinage,systematic generation,phonosemantic sound matrix,Damgin,damgin
4099,6,Barrier Strength and Adaptive Capacity,11,Sound-first coinage,Crisp sound-led coinage,systematic generation,phonosemantic sound matrix,Damline,damline
4100,6,Barrier Strength and Adaptive Capacity,11,Sound-first coinage,Crisp sound-led coinage,systematic generation,phonosemantic sound matrix,Damrange,damrange
4101,6,Barrier Strength and Adaptive Capacity,11,Sound-first coinage,Crisp sound-led coinage,systematic generation,phonosemantic sound matrix,Damwell,damwell
4102,6,Barrier Strength and Adaptive Capacity,11,Sound-first coinage,Crisp sound-led coinage,systematic generation,phonosemantic sound matrix,Rectal,rectal
4103,6,Barrier Strength and Adaptive Capacity,11,Sound-first coinage,Crisp sound-led coinage,systematic generation,phonosemantic sound matrix,Recmark,recmark
4104,6,Barrier Strength and Adaptive Capacity,11,Sound-first coinage,Crisp sound-led coinage,systematic generation,phonosemantic sound matrix,Recset,recset
4105,6,Barrier Strength and Adaptive Capacity,11,Sound-first coinage,Crisp sound-led coinage,systematic generation,phonosemantic sound matrix,Recreturn,recreturn
4106,6,Barrier Strength and Adaptive Capacity,11,Sound-first coinage,Crisp sound-led coinage,systematic generation,phonosemantic sound matrix,Resden,resden
4107,6,Barrier Strength and Adaptive Capacity,11,Sound-first coinage,Crisp sound-led coinage,systematic generation,phonosemantic sound matrix,Resflex,resflex
4108,6,Barrier Strength and Adaptive Capacity,11,Sound-first coinage,Crisp sound-led coinage,systematic generation,phonosemantic sound matrix,Reshold,reshold
4109,6,Barrier Strength and Adaptive Capacity,11,Sound-first coinage,Crisp sound-led coinage,systematic generation,phonosemantic sound matrix,Resmore,resmore
4110,6,Barrier Strength and Adaptive Capacity,11,Sound-first coinage,Crisp sound-led coinage,systematic generation,phonosemantic sound matrix,Givgin,givgin
4111,6,Barrier Strength and Adaptive Capacity,11,Sound-first coinage,Crisp sound-led coinage,systematic generation,phonosemantic sound matrix,Givline,givline
4112,6,Barrier Strength and Adaptive Capacity,11,Sound-first coinage,Crisp sound-led coinage,systematic generation,phonosemantic sound matrix,Givrange,givrange
4113,6,Barrier Strength and Adaptive Capacity,11,Sound-first coinage,Crisp sound-led coinage,systematic generation,phonosemantic sound matrix,Givwell,givwell
4114,6,Barrier Strength and Adaptive Capacity,11,Sound-first coinage,Crisp sound-led coinage,systematic generation,phonosemantic sound matrix,Fletal,fletal
4115,6,Barrier Strength and Adaptive Capacity,11,Sound-first coinage,Crisp sound-led coinage,systematic generation,phonosemantic sound matrix,Flemark,flemark
4116,6,Barrier Strength and Adaptive Capacity,12,Structural / orthographic device,Meaningful notation or orthographic device,systematic generation,orthographic deletion,Margn,margn
4117,6,Barrier Strength and Adaptive Capacity,12,Structural / orthographic device,Meaningful notation or orthographic device,systematic generation,orthographic deletion,Headrom,headrom
4118,6,Barrier Strength and Adaptive Capacity,12,Structural / orthographic device,Meaningful notation or orthographic device,systematic generation,orthographic deletion,Feedbck,feedbck
4119,6,Barrier Strength and Adaptive Capacity,12,Structural / orthographic device,Meaningful notation or orthographic device,systematic generation,orthographic deletion,Couplng,couplng
4120,6,Barrier Strength and Adaptive Capacity,12,Structural / orthographic device,Meaningful notation or orthographic device,systematic generation,orthographic deletion,Elsticity,elsticity
4121,6,Barrier Strength and Adaptive Capacity,12,Structural / orthographic device,Meaningful notation or orthographic device,systematic generation,orthographic deletion,Complance,complance
4122,6,Barrier Strength and Adaptive Capacity,12,Structural / orthographic device,Meaningful notation or orthographic device,systematic generation,orthographic deletion,Dampng,dampng
4123,6,Barrier Strength and Adaptive Capacity,12,Structural / orthographic device,Meaningful notation or orthographic device,systematic generation,orthographic deletion,Recvery,recvery
4124,6,Barrier Strength and Adaptive Capacity,12,Structural / orthographic device,Meaningful notation or orthographic device,systematic generation,orthographic deletion,Resrve,resrve
4125,6,Barrier Strength and Adaptive Capacity,12,Structural / orthographic device,Meaningful notation or orthographic device,systematic generation,orthographic deletion,Reslience,reslience
4126,6,Barrier Strength and Adaptive Capacity,12,Structural / orthographic device,Meaningful notation or orthographic device,systematic generation,orthographic deletion,Givback,givback
4127,6,Barrier Strength and Adaptive Capacity,12,Structural / orthographic device,Meaningful notation or orthographic device,systematic generation,orthographic deletion,Flxure,flxure
4128,6,Barrier Strength and Adaptive Capacity,12,Structural / orthographic device,Meaningful notation or orthographic device,systematic generation,orthographic deletion,Respnsive,respnsive
4129,6,Barrier Strength and Adaptive Capacity,12,Structural / orthographic device,Meaningful notation or orthographic device,systematic generation,orthographic deletion,Dynmicbalance,dynmicbalance
4130,6,Barrier Strength and Adaptive Capacity,12,Structural / orthographic device,Meaningful notation or orthographic device,systematic generation,orthographic deletion,Livngrange,livngrange
4131,6,Barrier Strength and Adaptive Capacity,12,Structural / orthographic device,Meaningful notation or orthographic device,systematic generation,orthographic deletion,Softlmit,softlmit
4132,6,Barrier Strength and Adaptive Capacity,12,Structural / orthographic device,Meaningful notation or orthographic device,systematic generation,orthographic deletion,Retrnrange,retrnrange
4133,6,Barrier Strength and Adaptive Capacity,12,Structural / orthographic device,Meaningful notation or orthographic device,systematic generation,orthographic deletion,Adptmargin,adptmargin
4134,6,Barrier Strength and Adaptive Capacity,12,Structural / orthographic device,Meaningful notation or orthographic device,systematic generation,meaningful numbering,Margin One,marginone
4135,6,Barrier Strength and Adaptive Capacity,12,Structural / orthographic device,Meaningful notation or orthographic device,systematic generation,meaningful numbering,Headroom One,headroomone
4136,6,Barrier Strength and Adaptive Capacity,12,Structural / orthographic device,Meaningful notation or orthographic device,systematic generation,meaningful numbering,Feedback One,feedbackone
4137,6,Barrier Strength and Adaptive Capacity,12,Structural / orthographic device,Meaningful notation or orthographic device,systematic generation,meaningful numbering,Coupling One,couplingone
4138,6,Barrier Strength and Adaptive Capacity,12,Structural / orthographic device,Meaningful notation or orthographic device,systematic generation,meaningful numbering,Elasticity One,elasticityone
4139,6,Barrier Strength and Adaptive Capacity,12,Structural / orthographic device,Meaningful notation or orthographic device,systematic generation,meaningful numbering,Compliance One,complianceone
4140,6,Barrier Strength and Adaptive Capacity,12,Structural / orthographic device,Meaningful notation or orthographic device,systematic generation,meaningful numbering,Damping One,dampingone
4141,6,Barrier Strength and Adaptive Capacity,12,Structural / orthographic device,Meaningful notation or orthographic device,systematic generation,meaningful numbering,Recovery One,recoveryone
4142,6,Barrier Strength and Adaptive Capacity,12,Structural / orthographic device,Meaningful notation or orthographic device,systematic generation,meaningful numbering,Reserve One,reserveone
4143,6,Barrier Strength and Adaptive Capacity,12,Structural / orthographic device,Meaningful notation or orthographic device,systematic generation,meaningful numbering,Resilience One,resilienceone
4144,6,Barrier Strength and Adaptive Capacity,12,Structural / orthographic device,Meaningful notation or orthographic device,systematic generation,meaningful numbering,Giveback One,givebackone
4145,6,Barrier Strength and Adaptive Capacity,12,Structural / orthographic device,Meaningful notation or orthographic device,systematic generation,meaningful numbering,Flexure One,flexureone
4146,6,Barrier Strength and Adaptive Capacity,12,Structural / orthographic device,Meaningful notation or orthographic device,systematic generation,plus notation,Elasticity Plus,elasticityplus
4147,6,Barrier Strength and Adaptive Capacity,12,Structural / orthographic device,Meaningful notation or orthographic device,systematic generation,plus notation,Compliance Plus,complianceplus
4148,6,Barrier Strength and Adaptive Capacity,12,Structural / orthographic device,Meaningful notation or orthographic device,systematic generation,plus notation,Damping Plus,dampingplus
4149,6,Barrier Strength and Adaptive Capacity,12,Structural / orthographic device,Meaningful notation or orthographic device,systematic generation,plus notation,Recovery Plus,recoveryplus
4150,6,Barrier Strength and Adaptive Capacity,12,Structural / orthographic device,Meaningful notation or orthographic device,systematic generation,plus notation,Reserve Plus,reserveplus
4151,6,Barrier Strength and Adaptive Capacity,12,Structural / orthographic device,Meaningful notation or orthographic device,systematic generation,plus notation,Resilience Plus,resilienceplus
4152,6,Barrier Strength and Adaptive Capacity,12,Structural / orthographic device,Meaningful notation or orthographic device,systematic generation,plus notation,Giveback Plus,givebackplus
4153,6,Barrier Strength and Adaptive Capacity,12,Structural / orthographic device,Meaningful notation or orthographic device,systematic generation,plus notation,Flexure Plus,flexureplus
4154,6,Barrier Strength and Adaptive Capacity,12,Structural / orthographic device,Meaningful notation or orthographic device,systematic generation,plus notation,Responsive Plus,responsiveplus
4155,6,Barrier Strength and Adaptive Capacity,12,Structural / orthographic device,Meaningful notation or orthographic device,systematic generation,plus notation,Dynamicbalance Plus,dynamicbalanceplus
4156,6,Barrier Strength and Adaptive Capacity,12,Structural / orthographic device,Meaningful notation or orthographic device,systematic generation,plus notation,Stressready Plus,stressreadyplus
4157,6,Barrier Strength and Adaptive Capacity,12,Structural / orthographic device,Meaningful notation or orthographic device,systematic generation,plus notation,Livingrange Plus,livingrangeplus
4158,6,Barrier Strength and Adaptive Capacity,13,Compound: one plus one equals three,Category-relevant compound,systematic generation,one plus one equals three,Full Compliance Joint,fullcompliancejoint
4159,6,Barrier Strength and Adaptive Capacity,13,Compound: one plus one equals three,Category-relevant compound,systematic generation,one plus one equals three,Full Damping Ring,fulldampingring
4160,6,Barrier Strength and Adaptive Capacity,13,Compound: one plus one equals three,Category-relevant compound,systematic generation,one plus one equals three,Full Expansion Gap,fullexpansiongap
4161,6,Barrier Strength and Adaptive Capacity,13,Compound: one plus one equals three,Category-relevant compound,systematic generation,one plus one equals three,Full Headroom Gauge,fullheadroomgauge
4162,6,Barrier Strength and Adaptive Capacity,13,Compound: one plus one equals three,Category-relevant compound,systematic generation,one plus one equals three,Full Adaptive Valve,fulladaptivevalve
4163,6,Barrier Strength and Adaptive Capacity,13,Compound: one plus one equals three,Category-relevant compound,systematic generation,one plus one equals three,Full Headroom,fullheadroom
4164,6,Barrier Strength and Adaptive Capacity,13,Compound: one plus one equals three,Category-relevant compound,systematic generation,one plus one equals three,Open Control Margin,opencontrolmargin
4165,6,Barrier Strength and Adaptive Capacity,13,Compound: one plus one equals three,Category-relevant compound,systematic generation,one plus one equals three,Open Flex Coupling,openflexcoupling
4166,6,Barrier Strength and Adaptive Capacity,13,Compound: one plus one equals three,Category-relevant compound,systematic generation,one plus one equals three,Open Spring Reserve,openspringreserve
4167,6,Barrier Strength and Adaptive Capacity,13,Compound: one plus one equals three,Category-relevant compound,systematic generation,one plus one equals three,Open Shock Mount,openshockmount
4168,6,Barrier Strength and Adaptive Capacity,13,Compound: one plus one equals three,Category-relevant compound,systematic generation,one plus one equals three,Open Compliance Joint,opencompliancejoint
4169,6,Barrier Strength and Adaptive Capacity,13,Compound: one plus one equals three,Category-relevant compound,systematic generation,one plus one equals three,Open Expansion Gap,openexpansiongap
4170,6,Barrier Strength and Adaptive Capacity,13,Compound: one plus one equals three,Category-relevant compound,systematic generation,one plus one equals three,Open Elastic Margin,openelasticmargin
4171,6,Barrier Strength and Adaptive Capacity,13,Compound: one plus one equals three,Category-relevant compound,systematic generation,one plus one equals three,Open Headroom Gauge,openheadroomgauge
4172,6,Barrier Strength and Adaptive Capacity,13,Compound: one plus one equals three,Category-relevant compound,systematic generation,one plus one equals three,True Control Margin,truecontrolmargin
4173,6,Barrier Strength and Adaptive Capacity,13,Compound: one plus one equals three,Category-relevant compound,systematic generation,one plus one equals three,True Flex Coupling,trueflexcoupling
4174,6,Barrier Strength and Adaptive Capacity,13,Compound: one plus one equals three,Category-relevant compound,systematic generation,one plus one equals three,True Shock Mount,trueshockmount
4175,6,Barrier Strength and Adaptive Capacity,13,Compound: one plus one equals three,Category-relevant compound,systematic generation,one plus one equals three,True Feedback Dial,truefeedbackdial
4176,6,Barrier Strength and Adaptive Capacity,13,Compound: one plus one equals three,Category-relevant compound,systematic generation,one plus one equals three,True Elastic Margin,trueelasticmargin
4177,6,Barrier Strength and Adaptive Capacity,13,Compound: one plus one equals three,Category-relevant compound,systematic generation,one plus one equals three,True Stress Indicator,truestressindicator
4178,6,Barrier Strength and Adaptive Capacity,13,Compound: one plus one equals three,Category-relevant compound,systematic generation,one plus one equals three,True Flex Plate,trueflexplate
4179,6,Barrier Strength and Adaptive Capacity,13,Compound: one plus one equals three,Category-relevant compound,systematic generation,one plus one equals three,True Control Damper,truecontroldamper
4180,6,Barrier Strength and Adaptive Capacity,13,Compound: one plus one equals three,Category-relevant compound,systematic generation,one plus one equals three,True Spring Reserve,truespringreserve
4181,6,Barrier Strength and Adaptive Capacity,13,Compound: one plus one equals three,Category-relevant compound,systematic generation,one plus one equals three,True Damping Ring,truedampingring
4182,6,Barrier Strength and Adaptive Capacity,13,Compound: one plus one equals three,Category-relevant compound,systematic generation,one plus one equals three,Next Feedback Dial,nextfeedbackdial
4183,6,Barrier Strength and Adaptive Capacity,13,Compound: one plus one equals three,Category-relevant compound,systematic generation,one plus one equals three,Next Buffer Zone,nextbufferzone
4184,6,Barrier Strength and Adaptive Capacity,13,Compound: one plus one equals three,Category-relevant compound,systematic generation,one plus one equals three,Next Response Curve,nextresponsecurve
4185,6,Barrier Strength and Adaptive Capacity,13,Compound: one plus one equals three,Category-relevant compound,systematic generation,one plus one equals three,Next Reserve Tank,nextreservetank
4186,6,Barrier Strength and Adaptive Capacity,13,Compound: one plus one equals three,Category-relevant compound,systematic generation,one plus one equals three,Next Flex Plate,nextflexplate
4187,6,Barrier Strength and Adaptive Capacity,13,Compound: one plus one equals three,Category-relevant compound,systematic generation,one plus one equals three,Next Control Damper,nextcontroldamper
4188,6,Barrier Strength and Adaptive Capacity,13,Compound: one plus one equals three,Category-relevant compound,systematic generation,one plus one equals three,Next Control Margin,nextcontrolmargin
4189,6,Barrier Strength and Adaptive Capacity,13,Compound: one plus one equals three,Category-relevant compound,systematic generation,one plus one equals three,Next Flex Coupling,nextflexcoupling
4190,6,Barrier Strength and Adaptive Capacity,13,Compound: one plus one equals three,Category-relevant compound,systematic generation,one plus one equals three,Next Damping Ring,nextdampingring
4191,6,Barrier Strength and Adaptive Capacity,13,Compound: one plus one equals three,Category-relevant compound,systematic generation,one plus one equals three,Long Damping Ring,longdampingring
4192,6,Barrier Strength and Adaptive Capacity,13,Compound: one plus one equals three,Category-relevant compound,systematic generation,one plus one equals three,Long Buffer Zone,longbufferzone
4193,6,Barrier Strength and Adaptive Capacity,13,Compound: one plus one equals three,Category-relevant compound,systematic generation,one plus one equals three,Long Response Curve,longresponsecurve
4194,6,Barrier Strength and Adaptive Capacity,13,Compound: one plus one equals three,Category-relevant compound,systematic generation,one plus one equals three,Long Reserve Tank,longreservetank
4195,6,Barrier Strength and Adaptive Capacity,13,Compound: one plus one equals three,Category-relevant compound,systematic generation,one plus one equals three,Long Adaptive Valve,longadaptivevalve
4196,6,Barrier Strength and Adaptive Capacity,13,Compound: one plus one equals three,Category-relevant compound,systematic generation,one plus one equals three,Long Headroom,longheadroom
4197,6,Barrier Strength and Adaptive Capacity,13,Compound: one plus one equals three,Category-relevant compound,systematic generation,one plus one equals three,Long Control Margin,longcontrolmargin
4198,6,Barrier Strength and Adaptive Capacity,13,Compound: one plus one equals three,Category-relevant compound,systematic generation,one plus one equals three,Long Flex Coupling,longflexcoupling
4199,6,Barrier Strength and Adaptive Capacity,13,Compound: one plus one equals three,Category-relevant compound,systematic generation,one plus one equals three,Good Spring Reserve,goodspringreserve
4200,6,Barrier Strength and Adaptive Capacity,14,Real-word metaphor or eponym,Unexpected real word or metaphor,hand-authored,round-two curated depth seed,Headroom,headroom
4201,6,Barrier Strength and Adaptive Capacity,14,Real-word metaphor or eponym,Unexpected real word or metaphor,systematic generation,real-word metaphor,Headroom,headroom
4202,6,Barrier Strength and Adaptive Capacity,14,Real-word metaphor or eponym,Unexpected real word or metaphor,systematic generation,real-word metaphor,Control Margin,controlmargin
4203,6,Barrier Strength and Adaptive Capacity,14,Real-word metaphor or eponym,Unexpected real word or metaphor,systematic generation,real-word metaphor,Flex Coupling,flexcoupling
4204,6,Barrier Strength and Adaptive Capacity,14,Real-word metaphor or eponym,Unexpected real word or metaphor,systematic generation,real-word metaphor,Spring Reserve,springreserve
4205,6,Barrier Strength and Adaptive Capacity,14,Real-word metaphor or eponym,Unexpected real word or metaphor,systematic generation,real-word metaphor,Feedback Dial,feedbackdial
4206,6,Barrier Strength and Adaptive Capacity,14,Real-word metaphor or eponym,Unexpected real word or metaphor,systematic generation,real-word metaphor,Damping Ring,dampingring
4207,6,Barrier Strength and Adaptive Capacity,14,Real-word metaphor or eponym,Unexpected real word or metaphor,systematic generation,real-word metaphor,Expansion Gap,expansiongap
4208,6,Barrier Strength and Adaptive Capacity,14,Real-word metaphor or eponym,Unexpected real word or metaphor,systematic generation,real-word metaphor,Buffer Zone,bufferzone
4209,6,Barrier Strength and Adaptive Capacity,14,Real-word metaphor or eponym,Unexpected real word or metaphor,systematic generation,real-word metaphor,Elastic Margin,elasticmargin
4210,6,Barrier Strength and Adaptive Capacity,14,Real-word metaphor or eponym,Unexpected real word or metaphor,systematic generation,real-word metaphor,Dynamic Joint,dynamicjoint
4211,6,Barrier Strength and Adaptive Capacity,14,Real-word metaphor or eponym,Unexpected real word or metaphor,systematic generation,real-word metaphor,Stress Indicator,stressindicator
4212,6,Barrier Strength and Adaptive Capacity,14,Real-word metaphor or eponym,Unexpected real word or metaphor,systematic generation,real-word metaphor,Flex Plate,flexplate
4213,6,Barrier Strength and Adaptive Capacity,14,Real-word metaphor or eponym,Unexpected real word or metaphor,systematic generation,real-word metaphor,Control Damper,controldamper
4214,6,Barrier Strength and Adaptive Capacity,14,Real-word metaphor or eponym,Unexpected real word or metaphor,systematic generation,real-word metaphor,Adaptive Valve,adaptivevalve
4215,6,Barrier Strength and Adaptive Capacity,14,Real-word metaphor or eponym,Unexpected real word or metaphor,systematic generation,real-word metaphor,Response Curve,responsecurve
4216,6,Barrier Strength and Adaptive Capacity,14,Real-word metaphor or eponym,Unexpected real word or metaphor,systematic generation,real-word metaphor,Reserve Tank,reservetank
4217,6,Barrier Strength and Adaptive Capacity,14,Real-word metaphor or eponym,Unexpected real word or metaphor,systematic generation,real-word metaphor,Compliance Joint,compliancejoint
4218,6,Barrier Strength and Adaptive Capacity,14,Real-word metaphor or eponym,Unexpected real word or metaphor,systematic generation,real-word metaphor,Shock Mount,shockmount
4219,6,Barrier Strength and Adaptive Capacity,14,Real-word metaphor or eponym,Unexpected real word or metaphor,systematic generation,real object as brand,Headroom Gauge,headroomgauge
4220,6,Barrier Strength and Adaptive Capacity,14,Real-word metaphor or eponym,Unexpected real word or metaphor,systematic generation,cell fallback matrix,Full Compliance Joint,fullcompliancejoint
4221,6,Barrier Strength and Adaptive Capacity,14,Real-word metaphor or eponym,Unexpected real word or metaphor,systematic generation,cell fallback matrix,Full Damping Ring,fulldampingring
4222,6,Barrier Strength and Adaptive Capacity,14,Real-word metaphor or eponym,Unexpected real word or metaphor,systematic generation,cell fallback matrix,Full Expansion Gap,fullexpansiongap
4223,6,Barrier Strength and Adaptive Capacity,14,Real-word metaphor or eponym,Unexpected real word or metaphor,systematic generation,cell fallback matrix,Full Headroom Gauge,fullheadroomgauge
4224,6,Barrier Strength and Adaptive Capacity,14,Real-word metaphor or eponym,Unexpected real word or metaphor,systematic generation,cell fallback matrix,Full Adaptive Valve,fulladaptivevalve
4225,6,Barrier Strength and Adaptive Capacity,14,Real-word metaphor or eponym,Unexpected real word or metaphor,systematic generation,cell fallback matrix,Full Headroom,fullheadroom
4226,6,Barrier Strength and Adaptive Capacity,14,Real-word metaphor or eponym,Unexpected real word or metaphor,systematic generation,cell fallback matrix,Full Elastic Margin,fullelasticmargin
4227,6,Barrier Strength and Adaptive Capacity,14,Real-word metaphor or eponym,Unexpected real word or metaphor,systematic generation,cell fallback matrix,Full Flex Plate,fullflexplate
4228,6,Barrier Strength and Adaptive Capacity,14,Real-word metaphor or eponym,Unexpected real word or metaphor,systematic generation,cell fallback matrix,Full Control Damper,fullcontroldamper
4229,6,Barrier Strength and Adaptive Capacity,14,Real-word metaphor or eponym,Unexpected real word or metaphor,systematic generation,cell fallback matrix,Full Margin,fullmargin
4230,6,Barrier Strength and Adaptive Capacity,14,Real-word metaphor or eponym,Unexpected real word or metaphor,systematic generation,cell fallback matrix,Full Coupling,fullcoupling
4231,6,Barrier Strength and Adaptive Capacity,14,Real-word metaphor or eponym,Unexpected real word or metaphor,systematic generation,cell fallback matrix,Full Damping,fulldamping
4232,6,Barrier Strength and Adaptive Capacity,14,Real-word metaphor or eponym,Unexpected real word or metaphor,systematic generation,cell fallback matrix,Full Giveback,fullgiveback
4233,6,Barrier Strength and Adaptive Capacity,14,Real-word metaphor or eponym,Unexpected real word or metaphor,systematic generation,cell fallback matrix,Full Flexure,fullflexure
4234,6,Barrier Strength and Adaptive Capacity,14,Real-word metaphor or eponym,Unexpected real word or metaphor,systematic generation,cell fallback matrix,Full Livingrange,fulllivingrange
4235,6,Barrier Strength and Adaptive Capacity,14,Real-word metaphor or eponym,Unexpected real word or metaphor,systematic generation,cell fallback matrix,Full Returnrange,fullreturnrange
4236,6,Barrier Strength and Adaptive Capacity,14,Real-word metaphor or eponym,Unexpected real word or metaphor,systematic generation,cell fallback matrix,Open Control Margin,opencontrolmargin
4237,6,Barrier Strength and Adaptive Capacity,14,Real-word metaphor or eponym,Unexpected real word or metaphor,systematic generation,cell fallback matrix,Open Flex Coupling,openflexcoupling
4238,6,Barrier Strength and Adaptive Capacity,14,Real-word metaphor or eponym,Unexpected real word or metaphor,systematic generation,cell fallback matrix,Open Spring Reserve,openspringreserve
4239,6,Barrier Strength and Adaptive Capacity,14,Real-word metaphor or eponym,Unexpected real word or metaphor,systematic generation,cell fallback matrix,Open Shock Mount,openshockmount
4240,6,Barrier Strength and Adaptive Capacity,14,Real-word metaphor or eponym,Unexpected real word or metaphor,systematic generation,cell fallback matrix,Open Compliance Joint,opencompliancejoint
4241,6,Barrier Strength and Adaptive Capacity,14,Real-word metaphor or eponym,Unexpected real word or metaphor,systematic generation,cell fallback matrix,Open Expansion Gap,openexpansiongap
4242,6,Barrier Strength and Adaptive Capacity,14,Real-word metaphor or eponym,Unexpected real word or metaphor,systematic generation,cell fallback matrix,Open Elastic Margin,openelasticmargin
4243,6,Barrier Strength and Adaptive Capacity,15,World-language hunt,World-language borrowing,systematic generation,world-language source hunt,Souplesse,souplesse
4244,6,Barrier Strength and Adaptive Capacity,15,World-language hunt,World-language borrowing,systematic generation,world-language source hunt,Elasticita,elasticita
4245,6,Barrier Strength and Adaptive Capacity,15,World-language hunt,World-language borrowing,systematic generation,world-language source hunt,Reserva,reserva
4246,6,Barrier Strength and Adaptive Capacity,15,World-language hunt,World-language borrowing,systematic generation,world-language source hunt,Margen,margen
4247,6,Barrier Strength and Adaptive Capacity,15,World-language hunt,World-language borrowing,systematic generation,world-language source hunt,Equilibrio,equilibrio
4248,6,Barrier Strength and Adaptive Capacity,15,World-language hunt,World-language borrowing,systematic generation,world-language source hunt,Risposta,risposta
4249,6,Barrier Strength and Adaptive Capacity,15,World-language hunt,World-language borrowing,systematic generation,world-language source hunt,Adatta,adatta
4250,6,Barrier Strength and Adaptive Capacity,15,World-language hunt,World-language borrowing,systematic generation,world-language source hunt,Flessibile,flessibile
4251,6,Barrier Strength and Adaptive Capacity,15,World-language hunt,World-language borrowing,systematic generation,world-language source hunt,Stabilita,stabilita
4252,6,Barrier Strength and Adaptive Capacity,15,World-language hunt,World-language borrowing,systematic generation,world-language source hunt,Recupero,recupero
4253,6,Barrier Strength and Adaptive Capacity,15,World-language hunt,World-language borrowing,systematic generation,world-language source hunt,Tensione,tensione
4254,6,Barrier Strength and Adaptive Capacity,15,World-language hunt,World-language borrowing,systematic generation,world-language source hunt,Ritorno,ritorno
4255,6,Barrier Strength and Adaptive Capacity,15,World-language hunt,World-language borrowing,systematic generation,transparent world-language compound,Casa Elasticita,casaelasticita
4256,6,Barrier Strength and Adaptive Capacity,15,World-language hunt,World-language borrowing,systematic generation,transparent world-language compound,Casa Risposta,casarisposta
4257,6,Barrier Strength and Adaptive Capacity,15,World-language hunt,World-language borrowing,systematic generation,transparent world-language compound,Casa Tensione,casatensione
4258,6,Barrier Strength and Adaptive Capacity,15,World-language hunt,World-language borrowing,systematic generation,transparent world-language compound,Casa Ritorno,casaritorno
4259,6,Barrier Strength and Adaptive Capacity,15,World-language hunt,World-language borrowing,systematic generation,transparent world-language compound,Studio Souplesse,studiosouplesse
4260,6,Barrier Strength and Adaptive Capacity,15,World-language hunt,World-language borrowing,systematic generation,transparent world-language compound,Studio Reserva,studioreserva
4261,6,Barrier Strength and Adaptive Capacity,15,World-language hunt,World-language borrowing,systematic generation,transparent world-language compound,Studio Margen,studiomargen
4262,6,Barrier Strength and Adaptive Capacity,15,World-language hunt,World-language borrowing,systematic generation,transparent world-language compound,Studio Equilibrio,studioequilibrio
4263,6,Barrier Strength and Adaptive Capacity,15,World-language hunt,World-language borrowing,systematic generation,transparent world-language compound,Studio Adatta,studioadatta
4264,6,Barrier Strength and Adaptive Capacity,15,World-language hunt,World-language borrowing,systematic generation,transparent world-language compound,Studio Flessibile,studioflessibile
4265,6,Barrier Strength and Adaptive Capacity,15,World-language hunt,World-language borrowing,systematic generation,transparent world-language compound,Studio Stabilita,studiostabilita
4266,6,Barrier Strength and Adaptive Capacity,15,World-language hunt,World-language borrowing,systematic generation,transparent world-language compound,Studio Recupero,studiorecupero
4267,6,Barrier Strength and Adaptive Capacity,15,World-language hunt,World-language borrowing,systematic generation,transparent world-language compound,Metodo Adatta,metodoadatta
4268,6,Barrier Strength and Adaptive Capacity,15,World-language hunt,World-language borrowing,systematic generation,transparent world-language compound,Metodo Flessibile,metodoflessibile
4269,6,Barrier Strength and Adaptive Capacity,15,World-language hunt,World-language borrowing,systematic generation,transparent world-language compound,Metodo Stabilita,metodostabilita
4270,6,Barrier Strength and Adaptive Capacity,15,World-language hunt,World-language borrowing,systematic generation,transparent world-language compound,Metodo Recupero,metodorecupero
4271,6,Barrier Strength and Adaptive Capacity,15,World-language hunt,World-language borrowing,systematic generation,transparent world-language compound,Forma Souplesse,formasouplesse
4272,6,Barrier Strength and Adaptive Capacity,15,World-language hunt,World-language borrowing,systematic generation,transparent world-language compound,Forma Elasticita,formaelasticita
4273,6,Barrier Strength and Adaptive Capacity,15,World-language hunt,World-language borrowing,systematic generation,transparent world-language compound,Forma Reserva,formareserva
4274,6,Barrier Strength and Adaptive Capacity,15,World-language hunt,World-language borrowing,systematic generation,transparent world-language compound,Forma Margen,formamargen
4275,6,Barrier Strength and Adaptive Capacity,15,World-language hunt,World-language borrowing,systematic generation,transparent world-language compound,Forma Equilibrio,formaequilibrio
4276,6,Barrier Strength and Adaptive Capacity,15,World-language hunt,World-language borrowing,systematic generation,cell fallback matrix,Full Compliance Joint,fullcompliancejoint
4277,6,Barrier Strength and Adaptive Capacity,15,World-language hunt,World-language borrowing,systematic generation,cell fallback matrix,Full Damping Ring,fulldampingring
4278,6,Barrier Strength and Adaptive Capacity,15,World-language hunt,World-language borrowing,systematic generation,cell fallback matrix,Full Expansion Gap,fullexpansiongap
4279,6,Barrier Strength and Adaptive Capacity,15,World-language hunt,World-language borrowing,systematic generation,cell fallback matrix,Full Headroom Gauge,fullheadroomgauge
4280,6,Barrier Strength and Adaptive Capacity,15,World-language hunt,World-language borrowing,systematic generation,cell fallback matrix,Full Adaptive Valve,fulladaptivevalve
4281,6,Barrier Strength and Adaptive Capacity,15,World-language hunt,World-language borrowing,systematic generation,cell fallback matrix,Full Headroom,fullheadroom
4282,6,Barrier Strength and Adaptive Capacity,15,World-language hunt,World-language borrowing,systematic generation,cell fallback matrix,Full Elastic Margin,fullelasticmargin
4283,6,Barrier Strength and Adaptive Capacity,15,World-language hunt,World-language borrowing,systematic generation,cell fallback matrix,Full Flex Plate,fullflexplate
4284,6,Barrier Strength and Adaptive Capacity,15,World-language hunt,World-language borrowing,systematic generation,cell fallback matrix,Full Control Damper,fullcontroldamper
4285,6,Barrier Strength and Adaptive Capacity,16,Synchronicity / source-library raid,Authentic insider terminology,systematic generation,specialist source-library raid,Control Margin,controlmargin
4286,6,Barrier Strength and Adaptive Capacity,16,Synchronicity / source-library raid,Authentic insider terminology,systematic generation,specialist source-library raid,Response Margin,responsemargin
4287,6,Barrier Strength and Adaptive Capacity,16,Synchronicity / source-library raid,Authentic insider terminology,systematic generation,specialist source-library raid,Dynamic Compliance,dynamiccompliance
4288,6,Barrier Strength and Adaptive Capacity,16,Synchronicity / source-library raid,Authentic insider terminology,systematic generation,specialist source-library raid,Feedback Gain,feedbackgain
4289,6,Barrier Strength and Adaptive Capacity,16,Synchronicity / source-library raid,Authentic insider terminology,systematic generation,specialist source-library raid,Stability Margin,stabilitymargin
4290,6,Barrier Strength and Adaptive Capacity,16,Synchronicity / source-library raid,Authentic insider terminology,systematic generation,specialist source-library raid,Recovery Time,recoverytime
4291,6,Barrier Strength and Adaptive Capacity,16,Synchronicity / source-library raid,Authentic insider terminology,systematic generation,specialist source-library raid,Stress Adaptation,stressadaptation
4292,6,Barrier Strength and Adaptive Capacity,16,Synchronicity / source-library raid,Authentic insider terminology,systematic generation,specialist source-library raid,Dynamic Range,dynamicrange
4293,6,Barrier Strength and Adaptive Capacity,16,Synchronicity / source-library raid,Authentic insider terminology,systematic generation,specialist source-library raid,Homeostatic Reserve,homeostaticreserve
4294,6,Barrier Strength and Adaptive Capacity,16,Synchronicity / source-library raid,Authentic insider terminology,systematic generation,specialist source-library raid,Adaptive Control,adaptivecontrol
4295,6,Barrier Strength and Adaptive Capacity,16,Synchronicity / source-library raid,Authentic insider terminology,systematic generation,specialist source-library raid,Return Ratio,returnratio
4296,6,Barrier Strength and Adaptive Capacity,16,Synchronicity / source-library raid,Authentic insider terminology,systematic generation,specialist source-library raid,Resilience Measure,resiliencemeasure
4297,6,Barrier Strength and Adaptive Capacity,16,Synchronicity / source-library raid,Authentic insider terminology,systematic generation,specialist source-library raid,Load Sharing,loadsharing
4298,6,Barrier Strength and Adaptive Capacity,16,Synchronicity / source-library raid,Authentic insider terminology,systematic generation,specialist source-library raid,Buffering Power,bufferingpower
4299,6,Barrier Strength and Adaptive Capacity,16,Synchronicity / source-library raid,Authentic insider terminology,systematic generation,specialist source-library raid,Response Flexibility,responseflexibility
4300,6,Barrier Strength and Adaptive Capacity,16,Synchronicity / source-library raid,Authentic insider terminology,systematic generation,specialist source-library raid,Elastic Recovery,elasticrecovery
4301,6,Barrier Strength and Adaptive Capacity,16,Synchronicity / source-library raid,Authentic insider terminology,systematic generation,specialist source-library raid,Damping Ratio,dampingratio
4302,6,Barrier Strength and Adaptive Capacity,16,Synchronicity / source-library raid,Authentic insider terminology,systematic generation,specialist source-library raid,Compliance Joint,compliancejoint
4303,6,Barrier Strength and Adaptive Capacity,16,Synchronicity / source-library raid,Authentic insider terminology,systematic generation,specialist source-library raid,Expansion Gap,expansiongap
4304,6,Barrier Strength and Adaptive Capacity,16,Synchronicity / source-library raid,Authentic insider terminology,systematic generation,source term reconstruction,Open Spring Reserve,openspringreserve
4305,6,Barrier Strength and Adaptive Capacity,16,Synchronicity / source-library raid,Authentic insider terminology,systematic generation,source term reconstruction,Open Compliance Joint,opencompliancejoint
4306,6,Barrier Strength and Adaptive Capacity,16,Synchronicity / source-library raid,Authentic insider terminology,systematic generation,source term reconstruction,Open Damping Ring,opendampingring
4307,6,Barrier Strength and Adaptive Capacity,16,Synchronicity / source-library raid,Authentic insider terminology,systematic generation,source term reconstruction,Open Expansion Gap,openexpansiongap
4308,6,Barrier Strength and Adaptive Capacity,16,Synchronicity / source-library raid,Authentic insider terminology,systematic generation,source term reconstruction,Open Headroom Gauge,openheadroomgauge
4309,6,Barrier Strength and Adaptive Capacity,16,Synchronicity / source-library raid,Authentic insider terminology,systematic generation,source term reconstruction,Open Dynamic Joint,opendynamicjoint
4310,6,Barrier Strength and Adaptive Capacity,16,Synchronicity / source-library raid,Authentic insider terminology,systematic generation,source term reconstruction,Open Adaptive Valve,openadaptivevalve
4311,6,Barrier Strength and Adaptive Capacity,16,Synchronicity / source-library raid,Authentic insider terminology,systematic generation,source term reconstruction,True Control Margin,truecontrolmargin
4312,6,Barrier Strength and Adaptive Capacity,16,Synchronicity / source-library raid,Authentic insider terminology,systematic generation,source term reconstruction,True Flex Coupling,trueflexcoupling
4313,6,Barrier Strength and Adaptive Capacity,16,Synchronicity / source-library raid,Authentic insider terminology,systematic generation,source term reconstruction,True Spring Reserve,truespringreserve
4314,6,Barrier Strength and Adaptive Capacity,16,Synchronicity / source-library raid,Authentic insider terminology,systematic generation,source term reconstruction,True Shock Mount,trueshockmount
4315,6,Barrier Strength and Adaptive Capacity,16,Synchronicity / source-library raid,Authentic insider terminology,systematic generation,source term reconstruction,True Compliance Joint,truecompliancejoint
4316,6,Barrier Strength and Adaptive Capacity,16,Synchronicity / source-library raid,Authentic insider terminology,systematic generation,source term reconstruction,True Expansion Gap,trueexpansiongap
4317,6,Barrier Strength and Adaptive Capacity,16,Synchronicity / source-library raid,Authentic insider terminology,systematic generation,source term reconstruction,True Elastic Margin,trueelasticmargin
4318,6,Barrier Strength and Adaptive Capacity,16,Synchronicity / source-library raid,Authentic insider terminology,systematic generation,source term reconstruction,True Headroom Gauge,trueheadroomgauge
4319,6,Barrier Strength and Adaptive Capacity,16,Synchronicity / source-library raid,Authentic insider terminology,systematic generation,source term reconstruction,Working Control Margin,workingcontrolmargin
4320,6,Barrier Strength and Adaptive Capacity,16,Synchronicity / source-library raid,Authentic insider terminology,systematic generation,source term reconstruction,Working Flex Coupling,workingflexcoupling
4321,6,Barrier Strength and Adaptive Capacity,16,Synchronicity / source-library raid,Authentic insider terminology,systematic generation,source term reconstruction,Working Shock Mount,workingshockmount
4322,6,Barrier Strength and Adaptive Capacity,16,Synchronicity / source-library raid,Authentic insider terminology,systematic generation,source term reconstruction,Working Compliance Joint,workingcompliancejoint
4323,6,Barrier Strength and Adaptive Capacity,16,Synchronicity / source-library raid,Authentic insider terminology,systematic generation,source term reconstruction,Working Expansion Gap,workingexpansiongap
4324,6,Barrier Strength and Adaptive Capacity,16,Synchronicity / source-library raid,Authentic insider terminology,systematic generation,source term reconstruction,Working Elastic Margin,workingelasticmargin
4325,6,Barrier Strength and Adaptive Capacity,16,Synchronicity / source-library raid,Authentic insider terminology,systematic generation,source term reconstruction,Working Headroom Gauge,workingheadroomgauge
4326,6,Barrier Strength and Adaptive Capacity,16,Synchronicity / source-library raid,Authentic insider terminology,systematic generation,source term reconstruction,Primary Control Margin,primarycontrolmargin
4327,6,Barrier Strength and Adaptive Capacity,17,Three-team decoy,Decoy-world import,hand-authored,round-two curated depth seed,Response Margin,responsemargin
4328,6,Barrier Strength and Adaptive Capacity,17,Three-team decoy,Decoy-world import,hand-authored,round-two curated depth seed,Flex Reserve,flexreserve
4329,6,Barrier Strength and Adaptive Capacity,17,Three-team decoy,Decoy-world import,hand-authored,round-two curated depth seed,Ready Buffer,readybuffer
4330,6,Barrier Strength and Adaptive Capacity,17,Three-team decoy,Decoy-world import,hand-authored,round-two curated depth seed,Adaptive Margin,adaptivemargin
4331,6,Barrier Strength and Adaptive Capacity,17,Three-team decoy,Decoy-world import,hand-authored,round-two curated depth seed,Living Range,livingrange
4332,6,Barrier Strength and Adaptive Capacity,17,Three-team decoy,Decoy-world import,hand-authored,round-two curated depth seed,Elastic Reserve,elasticreserve
4333,6,Barrier Strength and Adaptive Capacity,17,Three-team decoy,Decoy-world import,hand-authored,round-two curated depth seed,Return Range,returnrange
4334,6,Barrier Strength and Adaptive Capacity,17,Three-team decoy,Decoy-world import,hand-authored,round-two curated depth seed,Steady Response,steadyresponse
4335,6,Barrier Strength and Adaptive Capacity,17,Three-team decoy,Decoy-world import,hand-authored,round-two curated depth seed,Stress Ready,stressready
4336,6,Barrier Strength and Adaptive Capacity,17,Three-team decoy,Decoy-world import,hand-authored,round-two curated depth seed,Responsive Form,responsiveform
4337,6,Barrier Strength and Adaptive Capacity,17,Three-team decoy,Decoy-world import,hand-authored,round-two curated depth seed,Elastic Margin,elasticmargin
4338,6,Barrier Strength and Adaptive Capacity,17,Three-team decoy,Decoy-world import,hand-authored,round-two curated depth seed,Feedback Works,feedbackworks
4339,6,Barrier Strength and Adaptive Capacity,17,Three-team decoy,Decoy-world import,systematic generation,three-team decoy briefs,Response Margin,responsemargin
4340,6,Barrier Strength and Adaptive Capacity,17,Three-team decoy,Decoy-world import,systematic generation,three-team decoy briefs,Flex Reserve,flexreserve
4341,6,Barrier Strength and Adaptive Capacity,17,Three-team decoy,Decoy-world import,systematic generation,three-team decoy briefs,Ready Buffer,readybuffer
4342,6,Barrier Strength and Adaptive Capacity,17,Three-team decoy,Decoy-world import,systematic generation,three-team decoy briefs,Adaptive Margin,adaptivemargin
4343,6,Barrier Strength and Adaptive Capacity,17,Three-team decoy,Decoy-world import,systematic generation,three-team decoy briefs,Living Range,livingrange
4344,6,Barrier Strength and Adaptive Capacity,17,Three-team decoy,Decoy-world import,systematic generation,three-team decoy briefs,Elastic Reserve,elasticreserve
4345,6,Barrier Strength and Adaptive Capacity,17,Three-team decoy,Decoy-world import,systematic generation,three-team decoy briefs,Return Range,returnrange
4346,6,Barrier Strength and Adaptive Capacity,17,Three-team decoy,Decoy-world import,systematic generation,three-team decoy briefs,Steady Response,steadyresponse
4347,6,Barrier Strength and Adaptive Capacity,17,Three-team decoy,Decoy-world import,systematic generation,three-team decoy briefs,Rangeholder,rangeholder
4348,6,Barrier Strength and Adaptive Capacity,17,Three-team decoy,Decoy-world import,systematic generation,three-team decoy briefs,Bufferwise,bufferwise
4349,6,Barrier Strength and Adaptive Capacity,17,Three-team decoy,Decoy-world import,systematic generation,three-team decoy briefs,Stress Ready,stressready
4350,6,Barrier Strength and Adaptive Capacity,17,Three-team decoy,Decoy-world import,systematic generation,three-team decoy briefs,Soft Limit,softlimit
4351,6,Barrier Strength and Adaptive Capacity,17,Three-team decoy,Decoy-world import,systematic generation,three-team decoy briefs,Responsive Form,responsiveform
4352,6,Barrier Strength and Adaptive Capacity,17,Three-team decoy,Decoy-world import,systematic generation,three-team decoy briefs,Elastic Margin,elasticmargin
4353,6,Barrier Strength and Adaptive Capacity,17,Three-team decoy,Decoy-world import,systematic generation,three-team decoy briefs,Feedback Works,feedbackworks
4354,6,Barrier Strength and Adaptive Capacity,17,Three-team decoy,Decoy-world import,systematic generation,three-team decoy briefs,Headroom House,headroomhouse
4355,6,Barrier Strength and Adaptive Capacity,17,Three-team decoy,Decoy-world import,systematic generation,decoy company and institution,House of Control Margin,houseofcontrolmargin
4356,6,Barrier Strength and Adaptive Capacity,17,Three-team decoy,Decoy-world import,systematic generation,decoy company and institution,House of Flex Coupling,houseofflexcoupling
4357,6,Barrier Strength and Adaptive Capacity,17,Three-team decoy,Decoy-world import,systematic generation,decoy company and institution,House of Shock Mount,houseofshockmount
4358,6,Barrier Strength and Adaptive Capacity,17,Three-team decoy,Decoy-world import,systematic generation,decoy company and institution,House of Feedback Dial,houseoffeedbackdial
4359,6,Barrier Strength and Adaptive Capacity,17,Three-team decoy,Decoy-world import,systematic generation,decoy company and institution,House of Elastic Margin,houseofelasticmargin
4360,6,Barrier Strength and Adaptive Capacity,17,Three-team decoy,Decoy-world import,systematic generation,decoy company and institution,House of Stress Indicator,houseofstressindicator
4361,6,Barrier Strength and Adaptive Capacity,17,Three-team decoy,Decoy-world import,systematic generation,decoy company and institution,House of Flex Plate,houseofflexplate
4362,6,Barrier Strength and Adaptive Capacity,17,Three-team decoy,Decoy-world import,systematic generation,decoy company and institution,House of Control Damper,houseofcontroldamper
4363,6,Barrier Strength and Adaptive Capacity,17,Three-team decoy,Decoy-world import,systematic generation,decoy company and institution,The Feedback Dial,thefeedbackdial
4364,6,Barrier Strength and Adaptive Capacity,17,Three-team decoy,Decoy-world import,systematic generation,decoy company and institution,The Buffer Zone,thebufferzone
4365,6,Barrier Strength and Adaptive Capacity,17,Three-team decoy,Decoy-world import,systematic generation,decoy company and institution,The Response Curve,theresponsecurve
4366,6,Barrier Strength and Adaptive Capacity,17,Three-team decoy,Decoy-world import,systematic generation,decoy company and institution,The Reserve Tank,thereservetank
4367,6,Barrier Strength and Adaptive Capacity,17,Three-team decoy,Decoy-world import,systematic generation,decoy company and institution,The Stress Indicator,thestressindicator
4368,6,Barrier Strength and Adaptive Capacity,17,Three-team decoy,Decoy-world import,systematic generation,decoy company and institution,The Flex Plate,theflexplate
4369,6,Barrier Strength and Adaptive Capacity,17,Three-team decoy,Decoy-world import,systematic generation,decoy company and institution,The Control Damper,thecontroldamper
4370,6,Barrier Strength and Adaptive Capacity,17,Three-team decoy,Decoy-world import,systematic generation,decoy company and institution,Common Feedback Dial,commonfeedbackdial
4371,6,Barrier Strength and Adaptive Capacity,17,Three-team decoy,Decoy-world import,systematic generation,decoy company and institution,Common Buffer Zone,commonbufferzone
4372,6,Barrier Strength and Adaptive Capacity,17,Three-team decoy,Decoy-world import,systematic generation,decoy company and institution,Common Response Curve,commonresponsecurve
4373,6,Barrier Strength and Adaptive Capacity,17,Three-team decoy,Decoy-world import,systematic generation,decoy company and institution,Common Reserve Tank,commonreservetank
4374,6,Barrier Strength and Adaptive Capacity,17,Three-team decoy,Decoy-world import,systematic generation,decoy company and institution,Common Stress Indicator,commonstressindicator
4375,6,Barrier Strength and Adaptive Capacity,17,Three-team decoy,Decoy-world import,systematic generation,decoy company and institution,Common Flex Plate,commonflexplate
4376,6,Barrier Strength and Adaptive Capacity,17,Three-team decoy,Decoy-world import,systematic generation,decoy company and institution,Common Control Damper,commoncontroldamper
4377,6,Barrier Strength and Adaptive Capacity,17,Three-team decoy,Decoy-world import,systematic generation,decoy company and institution,First Control Margin,firstcontrolmargin
4378,6,Barrier Strength and Adaptive Capacity,17,Three-team decoy,Decoy-world import,systematic generation,cell fallback matrix,Full Compliance Joint,fullcompliancejoint
4379,6,Barrier Strength and Adaptive Capacity,17,Three-team decoy,Decoy-world import,systematic generation,cell fallback matrix,Full Damping Ring,fulldampingring
4380,6,Barrier Strength and Adaptive Capacity,17,Three-team decoy,Decoy-world import,systematic generation,cell fallback matrix,Full Expansion Gap,fullexpansiongap
4381,7,Evidence and Proof,1,Make the intangible tangible,"Authentic object, tool, gesture, or process",systematic generation,world objects and instruments,Verification Stamp,verificationstamp
4382,7,Evidence and Proof,1,Make the intangible tangible,"Authentic object, tool, gesture, or process",systematic generation,world objects and instruments,Audit Mark,auditmark
4383,7,Evidence and Proof,1,Make the intangible tangible,"Authentic object, tool, gesture, or process",systematic generation,world objects and instruments,Trace Record,tracerecord
4384,7,Evidence and Proof,1,Make the intangible tangible,"Authentic object, tool, gesture, or process",systematic generation,world objects and instruments,Source Trail,sourcetrail
4385,7,Evidence and Proof,1,Make the intangible tangible,"Authentic object, tool, gesture, or process",systematic generation,world objects and instruments,Replicate Plate,replicateplate
4386,7,Evidence and Proof,1,Make the intangible tangible,"Authentic object, tool, gesture, or process",systematic generation,world objects and instruments,Measurement Log,measurementlog
4387,7,Evidence and Proof,1,Make the intangible tangible,"Authentic object, tool, gesture, or process",systematic generation,world objects and instruments,Calibration Card,calibrationcard
4388,7,Evidence and Proof,1,Make the intangible tangible,"Authentic object, tool, gesture, or process",systematic generation,world objects and instruments,Uncertainty Budget,uncertaintybudget
4389,7,Evidence and Proof,1,Make the intangible tangible,"Authentic object, tool, gesture, or process",systematic generation,world objects and instruments,Validation Sheet,validationsheet
4390,7,Evidence and Proof,1,Make the intangible tangible,"Authentic object, tool, gesture, or process",systematic generation,world objects and instruments,Finding Notice,findingnotice
4391,7,Evidence and Proof,1,Make the intangible tangible,"Authentic object, tool, gesture, or process",systematic generation,world objects and instruments,Test Certificate,testcertificate
4392,7,Evidence and Proof,1,Make the intangible tangible,"Authentic object, tool, gesture, or process",systematic generation,world objects and instruments,Reference Specimen,referencespecimen
4393,7,Evidence and Proof,1,Make the intangible tangible,"Authentic object, tool, gesture, or process",systematic generation,world objects and instruments,Chain Record,chainrecord
4394,7,Evidence and Proof,1,Make the intangible tangible,"Authentic object, tool, gesture, or process",systematic generation,world objects and instruments,Observation Card,observationcard
4395,7,Evidence and Proof,1,Make the intangible tangible,"Authentic object, tool, gesture, or process",systematic generation,world objects and instruments,Account Book,accountbook
4396,7,Evidence and Proof,1,Make the intangible tangible,"Authentic object, tool, gesture, or process",systematic generation,world objects and instruments,Evidence Tag,evidencetag
4397,7,Evidence and Proof,1,Make the intangible tangible,"Authentic object, tool, gesture, or process",systematic generation,world objects and instruments,Inspection Seal,inspectionseal
4398,7,Evidence and Proof,1,Make the intangible tangible,"Authentic object, tool, gesture, or process",systematic generation,world objects and instruments,Result Witness,resultwitness
4399,7,Evidence and Proof,1,Make the intangible tangible,"Authentic object, tool, gesture, or process",systematic generation,world objects and instruments,Source Trace,sourcetrace
4400,7,Evidence and Proof,1,Make the intangible tangible,"Authentic object, tool, gesture, or process",systematic generation,world objects and instruments,Proof Line,proofline
4401,7,Evidence and Proof,1,Make the intangible tangible,"Authentic object, tool, gesture, or process",systematic generation,tangible object matrix,Full Verification Stamp,fullverificationstamp
4402,7,Evidence and Proof,1,Make the intangible tangible,"Authentic object, tool, gesture, or process",systematic generation,tangible object matrix,Full Audit Mark,fullauditmark
4403,7,Evidence and Proof,1,Make the intangible tangible,"Authentic object, tool, gesture, or process",systematic generation,tangible object matrix,Full Finding Notice,fullfindingnotice
4404,7,Evidence and Proof,1,Make the intangible tangible,"Authentic object, tool, gesture, or process",systematic generation,tangible object matrix,Full Test Certificate,fulltestcertificate
4405,7,Evidence and Proof,1,Make the intangible tangible,"Authentic object, tool, gesture, or process",systematic generation,tangible object matrix,Full Account Book,fullaccountbook
4406,7,Evidence and Proof,1,Make the intangible tangible,"Authentic object, tool, gesture, or process",systematic generation,tangible object matrix,Full Inspection Seal,fullinspectionseal
4407,7,Evidence and Proof,1,Make the intangible tangible,"Authentic object, tool, gesture, or process",systematic generation,tangible object matrix,Full Result Witness,fullresultwitness
4408,7,Evidence and Proof,1,Make the intangible tangible,"Authentic object, tool, gesture, or process",systematic generation,tangible object matrix,Open Audit Mark,openauditmark
4409,7,Evidence and Proof,1,Make the intangible tangible,"Authentic object, tool, gesture, or process",systematic generation,tangible object matrix,Open Trace Record,opentracerecord
4410,7,Evidence and Proof,1,Make the intangible tangible,"Authentic object, tool, gesture, or process",systematic generation,tangible object matrix,Open Replicate Plate,openreplicateplate
4411,7,Evidence and Proof,1,Make the intangible tangible,"Authentic object, tool, gesture, or process",systematic generation,tangible object matrix,Open Validation Sheet,openvalidationsheet
4412,7,Evidence and Proof,1,Make the intangible tangible,"Authentic object, tool, gesture, or process",systematic generation,tangible object matrix,Open Test Certificate,opentestcertificate
4413,7,Evidence and Proof,1,Make the intangible tangible,"Authentic object, tool, gesture, or process",systematic generation,tangible object matrix,Open Reference Specimen,openreferencespecimen
4414,7,Evidence and Proof,1,Make the intangible tangible,"Authentic object, tool, gesture, or process",systematic generation,tangible object matrix,Open Chain Record,openchainrecord
4415,7,Evidence and Proof,1,Make the intangible tangible,"Authentic object, tool, gesture, or process",systematic generation,tangible object matrix,Open Observation Card,openobservationcard
4416,7,Evidence and Proof,1,Make the intangible tangible,"Authentic object, tool, gesture, or process",systematic generation,tangible object matrix,Open Account Book,openaccountbook
4417,7,Evidence and Proof,1,Make the intangible tangible,"Authentic object, tool, gesture, or process",systematic generation,tangible object matrix,Open Inspection Seal,openinspectionseal
4418,7,Evidence and Proof,1,Make the intangible tangible,"Authentic object, tool, gesture, or process",systematic generation,tangible object matrix,Open Result Witness,openresultwitness
4419,7,Evidence and Proof,1,Make the intangible tangible,"Authentic object, tool, gesture, or process",systematic generation,tangible object matrix,Open Proof Line,openproofline
4420,7,Evidence and Proof,1,Make the intangible tangible,"Authentic object, tool, gesture, or process",systematic generation,tangible object matrix,True Trace Record,truetracerecord
4421,7,Evidence and Proof,1,Make the intangible tangible,"Authentic object, tool, gesture, or process",systematic generation,tangible object matrix,True Replicate Plate,truereplicateplate
4422,7,Evidence and Proof,1,Make the intangible tangible,"Authentic object, tool, gesture, or process",systematic generation,tangible object matrix,True Calibration Card,truecalibrationcard
4423,7,Evidence and Proof,2,Benefit ladder / ultimate feeling,Explicit benefit or proposition,systematic generation,benefit ladder,Every Result Traceable,everyresulttraceable
4424,7,Evidence and Proof,2,Benefit ladder / ultimate feeling,Explicit benefit or proposition,systematic generation,benefit ladder,Proof with A Trail,proofwithatrail
4425,7,Evidence and Proof,2,Benefit ladder / ultimate feeling,Explicit benefit or proposition,systematic generation,benefit ladder,The Finding Repeats,thefindingrepeats
4426,7,Evidence and Proof,2,Benefit ladder / ultimate feeling,Explicit benefit or proposition,systematic generation,benefit ladder,Checked From End to End,checkedfromendtoend
4427,7,Evidence and Proof,2,Benefit ladder / ultimate feeling,Explicit benefit or proposition,systematic generation,benefit ladder,A Claim You Can Audit,aclaimyoucanaudit
4428,7,Evidence and Proof,2,Benefit ladder / ultimate feeling,Explicit benefit or proposition,systematic generation,benefit ladder,Evidence with A Source,evidencewithasource
4429,7,Evidence and Proof,2,Benefit ladder / ultimate feeling,Explicit benefit or proposition,systematic generation,benefit ladder,Measured Then Verified,measuredthenverified
4430,7,Evidence and Proof,2,Benefit ladder / ultimate feeling,Explicit benefit or proposition,systematic generation,benefit ladder,The Result Has A Witness,theresulthasawitness
4431,7,Evidence and Proof,2,Benefit ladder / ultimate feeling,Explicit benefit or proposition,systematic generation,benefit ladder,Confidence Through Replication,confidencethroughreplication
4432,7,Evidence and Proof,2,Benefit ladder / ultimate feeling,Explicit benefit or proposition,systematic generation,benefit ladder,A Record You Can Follow,arecordyoucanfollow
4433,7,Evidence and Proof,2,Benefit ladder / ultimate feeling,Explicit benefit or proposition,systematic generation,benefit ladder,Proof in The Details,proofinthedetails
4434,7,Evidence and Proof,2,Benefit ladder / ultimate feeling,Explicit benefit or proposition,systematic generation,benefit ladder,Validated in Public,validatedinpublic
4435,7,Evidence and Proof,2,Benefit ladder / ultimate feeling,Explicit benefit or proposition,systematic generation,benefit ladder,Every Measure Accounted for,everymeasureaccountedfor
4436,7,Evidence and Proof,2,Benefit ladder / ultimate feeling,Explicit benefit or proposition,systematic generation,benefit ladder,The Source Stays Attached,thesourcestaysattached
4437,7,Evidence and Proof,2,Benefit ladder / ultimate feeling,Explicit benefit or proposition,systematic generation,benefit ladder,A Result That Repeats,aresultthatrepeats
4438,7,Evidence and Proof,2,Benefit ladder / ultimate feeling,Explicit benefit or proposition,systematic generation,benefit ladder,Known Within Limits,knownwithinlimits
4439,7,Evidence and Proof,2,Benefit ladder / ultimate feeling,Explicit benefit or proposition,systematic generation,benefit compression,More Observed,moreobserved
4440,7,Evidence and Proof,2,Benefit ladder / ultimate feeling,Explicit benefit or proposition,systematic generation,benefit compression,More Checked,morechecked
4441,7,Evidence and Proof,2,Benefit ladder / ultimate feeling,Explicit benefit or proposition,systematic generation,benefit compression,More Traceable,moretraceable
4442,7,Evidence and Proof,2,Benefit ladder / ultimate feeling,Explicit benefit or proposition,systematic generation,benefit compression,More Verified,moreverified
4443,7,Evidence and Proof,2,Benefit ladder / ultimate feeling,Explicit benefit or proposition,systematic generation,benefit compression,More Documented,moredocumented
4444,7,Evidence and Proof,2,Benefit ladder / ultimate feeling,Explicit benefit or proposition,systematic generation,benefit compression,More Corroborate,morecorroborate
4445,7,Evidence and Proof,2,Benefit ladder / ultimate feeling,Explicit benefit or proposition,systematic generation,benefit compression,More Audittrail,moreaudittrail
4446,7,Evidence and Proof,2,Benefit ladder / ultimate feeling,Explicit benefit or proposition,systematic generation,benefit compression,More Proofline,moreproofline
4447,7,Evidence and Proof,2,Benefit ladder / ultimate feeling,Explicit benefit or proposition,systematic generation,benefit compression,More Uncertainty,moreuncertainty
4448,7,Evidence and Proof,2,Benefit ladder / ultimate feeling,Explicit benefit or proposition,systematic generation,benefit compression,Better Measured,bettermeasured
4449,7,Evidence and Proof,2,Benefit ladder / ultimate feeling,Explicit benefit or proposition,systematic generation,benefit compression,Better Attest,betterattest
4450,7,Evidence and Proof,2,Benefit ladder / ultimate feeling,Explicit benefit or proposition,systematic generation,benefit compression,Better Validate,bettervalidate
4451,7,Evidence and Proof,2,Benefit ladder / ultimate feeling,Explicit benefit or proposition,systematic generation,benefit compression,Better Account,betteraccount
4452,7,Evidence and Proof,2,Benefit ladder / ultimate feeling,Explicit benefit or proposition,systematic generation,benefit compression,Better Sourcetrace,bettersourcetrace
4453,7,Evidence and Proof,2,Benefit ladder / ultimate feeling,Explicit benefit or proposition,systematic generation,benefit compression,Better Claimtrace,betterclaimtrace
4454,7,Evidence and Proof,2,Benefit ladder / ultimate feeling,Explicit benefit or proposition,systematic generation,benefit compression,Better Finding,betterfinding
4455,7,Evidence and Proof,2,Benefit ladder / ultimate feeling,Explicit benefit or proposition,systematic generation,benefit compression,Full Measured,fullmeasured
4456,7,Evidence and Proof,2,Benefit ladder / ultimate feeling,Explicit benefit or proposition,systematic generation,benefit compression,Full Attest,fullattest
4457,7,Evidence and Proof,2,Benefit ladder / ultimate feeling,Explicit benefit or proposition,systematic generation,benefit compression,Full Validate,fullvalidate
4458,7,Evidence and Proof,2,Benefit ladder / ultimate feeling,Explicit benefit or proposition,systematic generation,benefit compression,Full Account,fullaccount
4459,7,Evidence and Proof,2,Benefit ladder / ultimate feeling,Explicit benefit or proposition,systematic generation,benefit compression,Full Sourcetrace,fullsourcetrace
4460,7,Evidence and Proof,2,Benefit ladder / ultimate feeling,Explicit benefit or proposition,systematic generation,benefit compression,Full Claimtrace,fullclaimtrace
4461,7,Evidence and Proof,2,Benefit ladder / ultimate feeling,Explicit benefit or proposition,systematic generation,benefit compression,Full Finding,fullfinding
4462,7,Evidence and Proof,2,Benefit ladder / ultimate feeling,Explicit benefit or proposition,systematic generation,benefit compression,Good Reproducible,goodreproducible
4463,7,Evidence and Proof,2,Benefit ladder / ultimate feeling,Explicit benefit or proposition,systematic generation,benefit compression,Good Measured,goodmeasured
4464,7,Evidence and Proof,2,Benefit ladder / ultimate feeling,Explicit benefit or proposition,systematic generation,benefit compression,Good Validate,goodvalidate
4465,7,Evidence and Proof,3,Reframe the question / name the future,Direct conceptual reframe,systematic generation,future reframe,The Traceable Claim,thetraceableclaim
4466,7,Evidence and Proof,3,Reframe the question / name the future,Direct conceptual reframe,systematic generation,future reframe,Every Result Gets A Record,everyresultgetsarecord
4467,7,Evidence and Proof,3,Reframe the question / name the future,Direct conceptual reframe,systematic generation,future reframe,Skincare with A Source Trail,skincarewithasourcetrail
4468,7,Evidence and Proof,3,Reframe the question / name the future,Direct conceptual reframe,systematic generation,future reframe,The Reproducible Standard,thereproduciblestandard
4469,7,Evidence and Proof,3,Reframe the question / name the future,Direct conceptual reframe,systematic generation,future reframe,Evidence Becomes Visible,evidencebecomesvisible
4470,7,Evidence and Proof,3,Reframe the question / name the future,Direct conceptual reframe,systematic generation,future reframe,The End of Unsupported Claims,theendofunsupportedclaims
4471,7,Evidence and Proof,3,Reframe the question / name the future,Direct conceptual reframe,systematic generation,future reframe,A Formula Under Audit,aformulaunderaudit
4472,7,Evidence and Proof,3,Reframe the question / name the future,Direct conceptual reframe,systematic generation,future reframe,From Result to Replicate,fromresulttoreplicate
4473,7,Evidence and Proof,3,Reframe the question / name the future,Direct conceptual reframe,systematic generation,future reframe,The Verified Future,theverifiedfuture
4474,7,Evidence and Proof,3,Reframe the question / name the future,Direct conceptual reframe,systematic generation,future reframe,Proof with Uncertainty Included,proofwithuncertaintyincluded
4475,7,Evidence and Proof,3,Reframe the question / name the future,Direct conceptual reframe,systematic generation,future reframe,The Accountable Measure,theaccountablemeasure
4476,7,Evidence and Proof,3,Reframe the question / name the future,Direct conceptual reframe,systematic generation,future reframe,Every Finding Has A Witness,everyfindinghasawitness
4477,7,Evidence and Proof,3,Reframe the question / name the future,Direct conceptual reframe,systematic generation,future reframe,The New Validation Standard,thenewvalidationstandard
4478,7,Evidence and Proof,3,Reframe the question / name the future,Direct conceptual reframe,systematic generation,future reframe,The Documented Result,thedocumentedresult
4479,7,Evidence and Proof,3,Reframe the question / name the future,Direct conceptual reframe,systematic generation,future reframe,Testing in The Open,testingintheopen
4480,7,Evidence and Proof,3,Reframe the question / name the future,Direct conceptual reframe,systematic generation,name the future matrix,Next Verification Stamp,nextverificationstamp
4481,7,Evidence and Proof,3,Reframe the question / name the future,Direct conceptual reframe,systematic generation,name the future matrix,Next Audit Mark,nextauditmark
4482,7,Evidence and Proof,3,Reframe the question / name the future,Direct conceptual reframe,systematic generation,name the future matrix,Next Finding Notice,nextfindingnotice
4483,7,Evidence and Proof,3,Reframe the question / name the future,Direct conceptual reframe,systematic generation,name the future matrix,Next Test Certificate,nexttestcertificate
4484,7,Evidence and Proof,3,Reframe the question / name the future,Direct conceptual reframe,systematic generation,name the future matrix,Next Account Book,nextaccountbook
4485,7,Evidence and Proof,3,Reframe the question / name the future,Direct conceptual reframe,systematic generation,name the future matrix,Next Inspection Seal,nextinspectionseal
4486,7,Evidence and Proof,3,Reframe the question / name the future,Direct conceptual reframe,systematic generation,name the future matrix,Next Result Witness,nextresultwitness
4487,7,Evidence and Proof,3,Reframe the question / name the future,Direct conceptual reframe,systematic generation,name the future matrix,New Source Trail,newsourcetrail
4488,7,Evidence and Proof,3,Reframe the question / name the future,Direct conceptual reframe,systematic generation,name the future matrix,New Measurement Log,newmeasurementlog
4489,7,Evidence and Proof,3,Reframe the question / name the future,Direct conceptual reframe,systematic generation,name the future matrix,New Calibration Card,newcalibrationcard
4490,7,Evidence and Proof,3,Reframe the question / name the future,Direct conceptual reframe,systematic generation,name the future matrix,New Uncertainty Budget,newuncertaintybudget
4491,7,Evidence and Proof,3,Reframe the question / name the future,Direct conceptual reframe,systematic generation,name the future matrix,New Evidence Tag,newevidencetag
4492,7,Evidence and Proof,3,Reframe the question / name the future,Direct conceptual reframe,systematic generation,name the future matrix,Future Source Trail,futuresourcetrail
4493,7,Evidence and Proof,3,Reframe the question / name the future,Direct conceptual reframe,systematic generation,name the future matrix,Future Measurement Log,futuremeasurementlog
4494,7,Evidence and Proof,3,Reframe the question / name the future,Direct conceptual reframe,systematic generation,name the future matrix,Future Calibration Card,futurecalibrationcard
4495,7,Evidence and Proof,3,Reframe the question / name the future,Direct conceptual reframe,systematic generation,name the future matrix,Future Uncertainty Budget,futureuncertaintybudget
4496,7,Evidence and Proof,3,Reframe the question / name the future,Direct conceptual reframe,systematic generation,name the future matrix,Future Evidence Tag,futureevidencetag
4497,7,Evidence and Proof,3,Reframe the question / name the future,Direct conceptual reframe,systematic generation,name the future matrix,Beyond Verification Stamp,beyondverificationstamp
4498,7,Evidence and Proof,3,Reframe the question / name the future,Direct conceptual reframe,systematic generation,name the future matrix,Beyond Source Trail,beyondsourcetrail
4499,7,Evidence and Proof,3,Reframe the question / name the future,Direct conceptual reframe,systematic generation,name the future matrix,Beyond Measurement Log,beyondmeasurementlog
4500,7,Evidence and Proof,3,Reframe the question / name the future,Direct conceptual reframe,systematic generation,name the future matrix,Beyond Uncertainty Budget,beyonduncertaintybudget
4501,7,Evidence and Proof,3,Reframe the question / name the future,Direct conceptual reframe,systematic generation,name the future matrix,Beyond Finding Notice,beyondfindingnotice
4502,7,Evidence and Proof,3,Reframe the question / name the future,Direct conceptual reframe,systematic generation,cell fallback matrix,Full Verification Stamp,fullverificationstamp
4503,7,Evidence and Proof,3,Reframe the question / name the future,Direct conceptual reframe,systematic generation,cell fallback matrix,Full Audit Mark,fullauditmark
4504,7,Evidence and Proof,3,Reframe the question / name the future,Direct conceptual reframe,systematic generation,cell fallback matrix,Full Finding Notice,fullfindingnotice
4505,7,Evidence and Proof,3,Reframe the question / name the future,Direct conceptual reframe,systematic generation,cell fallback matrix,Full Test Certificate,fulltestcertificate
4506,7,Evidence and Proof,3,Reframe the question / name the future,Direct conceptual reframe,systematic generation,cell fallback matrix,Full Account Book,fullaccountbook
4507,7,Evidence and Proof,4,Anti-descriptor,Bold contradiction or anti-descriptor,systematic generation,anti-descriptor,Certain About Uncertainty,certainaboutuncertainty
4508,7,Evidence and Proof,4,Anti-descriptor,Bold contradiction or anti-descriptor,systematic generation,anti-descriptor,Proof with Limits,proofwithlimits
4509,7,Evidence and Proof,4,Anti-descriptor,Bold contradiction or anti-descriptor,systematic generation,anti-descriptor,Verified Not Absolute,verifiednotabsolute
4510,7,Evidence and Proof,4,Anti-descriptor,Bold contradiction or anti-descriptor,systematic generation,anti-descriptor,No Unsupported Confidence,nounsupportedconfidence
4511,7,Evidence and Proof,4,Anti-descriptor,Bold contradiction or anti-descriptor,systematic generation,anti-descriptor,Warm Proof Cold Test,warmproofcoldtest
4512,7,Evidence and Proof,4,Anti-descriptor,Bold contradiction or anti-descriptor,systematic generation,anti-descriptor,Evidence Without Authority,evidencewithoutauthority
4513,7,Evidence and Proof,4,Anti-descriptor,Bold contradiction or anti-descriptor,systematic generation,anti-descriptor,Measured Doubt,measureddoubt
4514,7,Evidence and Proof,4,Anti-descriptor,Bold contradiction or anti-descriptor,systematic generation,anti-descriptor,The Honest Error Bar,thehonesterrorbar
4515,7,Evidence and Proof,4,Anti-descriptor,Bold contradiction or anti-descriptor,systematic generation,anti-descriptor,No Claim Without A Trail,noclaimwithoutatrail
4516,7,Evidence and Proof,4,Anti-descriptor,Bold contradiction or anti-descriptor,systematic generation,anti-descriptor,Confidence with Conditions,confidencewithconditions
4517,7,Evidence and Proof,4,Anti-descriptor,Bold contradiction or anti-descriptor,systematic generation,anti-descriptor,Trust The Replicate,trustthereplicate
4518,7,Evidence and Proof,4,Anti-descriptor,Bold contradiction or anti-descriptor,systematic generation,anti-descriptor,Checked Not Believed,checkednotbelieved
4519,7,Evidence and Proof,4,Anti-descriptor,Bold contradiction or anti-descriptor,systematic generation,anti-descriptor,Known Not Certain,knownnotcertain
4520,7,Evidence and Proof,4,Anti-descriptor,Bold contradiction or anti-descriptor,systematic generation,anti-descriptor,Proof That Shows Its Work,proofthatshowsitswork
4521,7,Evidence and Proof,4,Anti-descriptor,Bold contradiction or anti-descriptor,systematic generation,anti-descriptor,No Hidden Assumption,nohiddenassumption
4522,7,Evidence and Proof,4,Anti-descriptor,Bold contradiction or anti-descriptor,systematic generation,anti-descriptor,Facts with Footnotes,factswithfootnotes
4523,7,Evidence and Proof,4,Anti-descriptor,Bold contradiction or anti-descriptor,systematic generation,anti-category matrix,No Verification Stamp,noverificationstamp
4524,7,Evidence and Proof,4,Anti-descriptor,Bold contradiction or anti-descriptor,systematic generation,anti-category matrix,No Source Trail,nosourcetrail
4525,7,Evidence and Proof,4,Anti-descriptor,Bold contradiction or anti-descriptor,systematic generation,anti-category matrix,No Measurement Log,nomeasurementlog
4526,7,Evidence and Proof,4,Anti-descriptor,Bold contradiction or anti-descriptor,systematic generation,anti-category matrix,No Uncertainty Budget,nouncertaintybudget
4527,7,Evidence and Proof,4,Anti-descriptor,Bold contradiction or anti-descriptor,systematic generation,anti-category matrix,No Finding Notice,nofindingnotice
4528,7,Evidence and Proof,4,Anti-descriptor,Bold contradiction or anti-descriptor,systematic generation,anti-category matrix,Not Source Trail,notsourcetrail
4529,7,Evidence and Proof,4,Anti-descriptor,Bold contradiction or anti-descriptor,systematic generation,anti-category matrix,Not Measurement Log,notmeasurementlog
4530,7,Evidence and Proof,4,Anti-descriptor,Bold contradiction or anti-descriptor,systematic generation,anti-category matrix,Not Calibration Card,notcalibrationcard
4531,7,Evidence and Proof,4,Anti-descriptor,Bold contradiction or anti-descriptor,systematic generation,anti-category matrix,Not Uncertainty Budget,notuncertaintybudget
4532,7,Evidence and Proof,4,Anti-descriptor,Bold contradiction or anti-descriptor,systematic generation,anti-category matrix,Not Evidence Tag,notevidencetag
4533,7,Evidence and Proof,4,Anti-descriptor,Bold contradiction or anti-descriptor,systematic generation,anti-category matrix,Without Audit Mark,withoutauditmark
4534,7,Evidence and Proof,4,Anti-descriptor,Bold contradiction or anti-descriptor,systematic generation,anti-category matrix,Without Trace Record,withouttracerecord
4535,7,Evidence and Proof,4,Anti-descriptor,Bold contradiction or anti-descriptor,systematic generation,anti-category matrix,Without Replicate Plate,withoutreplicateplate
4536,7,Evidence and Proof,4,Anti-descriptor,Bold contradiction or anti-descriptor,systematic generation,anti-category matrix,Without Validation Sheet,withoutvalidationsheet
4537,7,Evidence and Proof,4,Anti-descriptor,Bold contradiction or anti-descriptor,systematic generation,anti-category matrix,Without Test Certificate,withouttestcertificate
4538,7,Evidence and Proof,4,Anti-descriptor,Bold contradiction or anti-descriptor,systematic generation,anti-category matrix,Without Reference Specimen,withoutreferencespecimen
4539,7,Evidence and Proof,4,Anti-descriptor,Bold contradiction or anti-descriptor,systematic generation,anti-category matrix,Without Chain Record,withoutchainrecord
4540,7,Evidence and Proof,4,Anti-descriptor,Bold contradiction or anti-descriptor,systematic generation,anti-category matrix,Without Observation Card,withoutobservationcard
4541,7,Evidence and Proof,4,Anti-descriptor,Bold contradiction or anti-descriptor,systematic generation,anti-category matrix,Without Account Book,withoutaccountbook
4542,7,Evidence and Proof,4,Anti-descriptor,Bold contradiction or anti-descriptor,systematic generation,anti-category matrix,Without Inspection Seal,withoutinspectionseal
4543,7,Evidence and Proof,4,Anti-descriptor,Bold contradiction or anti-descriptor,systematic generation,anti-category matrix,Without Result Witness,withoutresultwitness
4544,7,Evidence and Proof,4,Anti-descriptor,Bold contradiction or anti-descriptor,systematic generation,anti-category matrix,Beyond Verification Stamp,beyondverificationstamp
4545,7,Evidence and Proof,4,Anti-descriptor,Bold contradiction or anti-descriptor,systematic generation,anti-category matrix,Beyond Source Trail,beyondsourcetrail
4546,7,Evidence and Proof,4,Anti-descriptor,Bold contradiction or anti-descriptor,systematic generation,anti-category matrix,Beyond Measurement Log,beyondmeasurementlog
4547,7,Evidence and Proof,4,Anti-descriptor,Bold contradiction or anti-descriptor,systematic generation,anti-category matrix,Beyond Uncertainty Budget,beyonduncertaintybudget
4548,7,Evidence and Proof,4,Anti-descriptor,Bold contradiction or anti-descriptor,systematic generation,anti-category matrix,Beyond Finding Notice,beyondfindingnotice
4549,7,Evidence and Proof,5,Win by contrast,Unexpected imported term,systematic generation,far-field source contrast,Measurement Uncertainty,measurementuncertainty
4550,7,Evidence and Proof,5,Win by contrast,Unexpected imported term,systematic generation,far-field source contrast,Error Bar,errorbar
4551,7,Evidence and Proof,5,Win by contrast,Unexpected imported term,systematic generation,far-field source contrast,Validation Study,validationstudy
4552,7,Evidence and Proof,5,Win by contrast,Unexpected imported term,systematic generation,far-field source contrast,Inter Rater Reliability,interraterreliability
4553,7,Evidence and Proof,5,Win by contrast,Unexpected imported term,systematic generation,far-field source contrast,Repeatability,repeatability
4554,7,Evidence and Proof,5,Win by contrast,Unexpected imported term,systematic generation,far-field source contrast,Reproducibility,reproducibility
4555,7,Evidence and Proof,5,Win by contrast,Unexpected imported term,systematic generation,far-field source contrast,Calibration Standard,calibrationstandard
4556,7,Evidence and Proof,5,Win by contrast,Unexpected imported term,systematic generation,far-field source contrast,Traceability Chain,traceabilitychain
4557,7,Evidence and Proof,5,Win by contrast,Unexpected imported term,systematic generation,far-field source contrast,Reference Specimen,referencespecimen
4558,7,Evidence and Proof,5,Win by contrast,Unexpected imported term,systematic generation,far-field source contrast,Verification Protocol,verificationprotocol
4559,7,Evidence and Proof,5,Win by contrast,Unexpected imported term,systematic generation,far-field source contrast,Observed Agreement,observedagreement
4560,7,Evidence and Proof,5,Win by contrast,Unexpected imported term,systematic generation,far-field source contrast,Method Validation,methodvalidation
4561,7,Evidence and Proof,5,Win by contrast,Unexpected imported term,systematic generation,far-field source contrast,Source Verification,sourceverification
4562,7,Evidence and Proof,5,Win by contrast,Unexpected imported term,systematic generation,far-field source contrast,Audit Sample,auditsample
4563,7,Evidence and Proof,5,Win by contrast,Unexpected imported term,systematic generation,far-field source contrast,Control Limit,controllimit
4564,7,Evidence and Proof,5,Win by contrast,Unexpected imported term,systematic generation,far-field source contrast,Evidence Chain,evidencechain
4565,7,Evidence and Proof,5,Win by contrast,Unexpected imported term,systematic generation,far-field source contrast,Replicate Measure,replicatemeasure
4566,7,Evidence and Proof,5,Win by contrast,Unexpected imported term,systematic generation,far-field source contrast,Uncertainty Budget,uncertaintybudget
4567,7,Evidence and Proof,5,Win by contrast,Unexpected imported term,systematic generation,far-field source contrast,Proof Trail,prooftrail
4568,7,Evidence and Proof,5,Win by contrast,Unexpected imported term,systematic generation,far-field source contrast,Source Trail,sourcetrail
4569,7,Evidence and Proof,5,Win by contrast,Unexpected imported term,systematic generation,contrast mononyms,Proofline,proofline
4570,7,Evidence and Proof,5,Win by contrast,Unexpected imported term,systematic generation,contrast mononyms,Source Trace,sourcetrace
4571,7,Evidence and Proof,5,Win by contrast,Unexpected imported term,systematic generation,contrast mononyms,Audit Mark,auditmark
4572,7,Evidence and Proof,5,Win by contrast,Unexpected imported term,systematic generation,contrast mononyms,Evidence Tag,evidencetag
4573,7,Evidence and Proof,5,Win by contrast,Unexpected imported term,systematic generation,contrast mononyms,Verification Stamp,verificationstamp
4574,7,Evidence and Proof,5,Win by contrast,Unexpected imported term,systematic generation,contrast mononyms,Trace Record,tracerecord
4575,7,Evidence and Proof,5,Win by contrast,Unexpected imported term,systematic generation,contrast mononyms,Replicate Plate,replicateplate
4576,7,Evidence and Proof,5,Win by contrast,Unexpected imported term,systematic generation,contrast mononyms,Calibration Card,calibrationcard
4577,7,Evidence and Proof,5,Win by contrast,Unexpected imported term,systematic generation,contrast mononyms,Validation Sheet,validationsheet
4578,7,Evidence and Proof,5,Win by contrast,Unexpected imported term,systematic generation,contrast mononyms,Finding Notice,findingnotice
4579,7,Evidence and Proof,5,Win by contrast,Unexpected imported term,systematic generation,contrast mononyms,Test Certificate,testcertificate
4580,7,Evidence and Proof,5,Win by contrast,Unexpected imported term,systematic generation,contrast mononyms,Chain Record,chainrecord
4581,7,Evidence and Proof,5,Win by contrast,Unexpected imported term,systematic generation,contrast mononyms,Observation Card,observationcard
4582,7,Evidence and Proof,5,Win by contrast,Unexpected imported term,systematic generation,contrast mononyms,Inspection Seal,inspectionseal
4583,7,Evidence and Proof,5,Win by contrast,Unexpected imported term,systematic generation,contrast mononyms,Result Witness,resultwitness
4584,7,Evidence and Proof,5,Win by contrast,Unexpected imported term,systematic generation,cell fallback matrix,Full Verification Stamp,fullverificationstamp
4585,7,Evidence and Proof,5,Win by contrast,Unexpected imported term,systematic generation,cell fallback matrix,Full Audit Mark,fullauditmark
4586,7,Evidence and Proof,5,Win by contrast,Unexpected imported term,systematic generation,cell fallback matrix,Full Finding Notice,fullfindingnotice
4587,7,Evidence and Proof,5,Win by contrast,Unexpected imported term,systematic generation,cell fallback matrix,Full Test Certificate,fulltestcertificate
4588,7,Evidence and Proof,5,Win by contrast,Unexpected imported term,systematic generation,cell fallback matrix,Full Account Book,fullaccountbook
4589,7,Evidence and Proof,5,Win by contrast,Unexpected imported term,systematic generation,cell fallback matrix,Full Inspection Seal,fullinspectionseal
4590,7,Evidence and Proof,5,Win by contrast,Unexpected imported term,systematic generation,cell fallback matrix,Full Result Witness,fullresultwitness
4591,7,Evidence and Proof,6,Name the audacity / worldview,Short stance phrase,systematic generation,worldview statements,Trace The Result,tracetheresult
4592,7,Evidence and Proof,6,Name the audacity / worldview,Short stance phrase,systematic generation,worldview statements,Check It Twice,checkittwice
4593,7,Evidence and Proof,6,Name the audacity / worldview,Short stance phrase,systematic generation,worldview statements,Replicate The Finding,replicatethefinding
4594,7,Evidence and Proof,6,Name the audacity / worldview,Short stance phrase,systematic generation,worldview statements,Keep The Source Attached,keepthesourceattached
4595,7,Evidence and Proof,6,Name the audacity / worldview,Short stance phrase,systematic generation,worldview statements,Measure The Uncertainty,measuretheuncertainty
4596,7,Evidence and Proof,6,Name the audacity / worldview,Short stance phrase,systematic generation,worldview statements,Validate The Claim,validatetheclaim
4597,7,Evidence and Proof,6,Name the audacity / worldview,Short stance phrase,systematic generation,worldview statements,Audit The Formula,audittheformula
4598,7,Evidence and Proof,6,Name the audacity / worldview,Short stance phrase,systematic generation,worldview statements,Follow The Evidence,followtheevidence
4599,7,Evidence and Proof,6,Name the audacity / worldview,Short stance phrase,systematic generation,worldview statements,Record What Happened,recordwhathappened
4600,7,Evidence and Proof,6,Name the audacity / worldview,Short stance phrase,systematic generation,worldview statements,Show The Error Bar,showtheerrorbar
4601,7,Evidence and Proof,6,Name the audacity / worldview,Short stance phrase,systematic generation,worldview statements,Attach The Source,attachthesource
4602,7,Evidence and Proof,6,Name the audacity / worldview,Short stance phrase,systematic generation,worldview statements,Verify The Result,verifytheresult
4603,7,Evidence and Proof,6,Name the audacity / worldview,Short stance phrase,systematic generation,worldview statements,Account for Every Claim,accountforeveryclaim
4604,7,Evidence and Proof,6,Name the audacity / worldview,Short stance phrase,systematic generation,worldview statements,Name The Limit,namethelimit
4605,7,Evidence and Proof,6,Name the audacity / worldview,Short stance phrase,systematic generation,worldview statements,Keep A Proof Trail,keepaprooftrail
4606,7,Evidence and Proof,6,Name the audacity / worldview,Short stance phrase,systematic generation,worldview statements,Test The Repeat,testtherepeat
4607,7,Evidence and Proof,6,Name the audacity / worldview,Short stance phrase,systematic generation,audacity commands,Choose Audit Mark,chooseauditmark
4608,7,Evidence and Proof,6,Name the audacity / worldview,Short stance phrase,systematic generation,audacity commands,Choose Trace Record,choosetracerecord
4609,7,Evidence and Proof,6,Name the audacity / worldview,Short stance phrase,systematic generation,audacity commands,Choose Replicate Plate,choosereplicateplate
4610,7,Evidence and Proof,6,Name the audacity / worldview,Short stance phrase,systematic generation,audacity commands,Choose Validation Sheet,choosevalidationsheet
4611,7,Evidence and Proof,6,Name the audacity / worldview,Short stance phrase,systematic generation,audacity commands,Choose Test Certificate,choosetestcertificate
4612,7,Evidence and Proof,6,Name the audacity / worldview,Short stance phrase,systematic generation,audacity commands,Choose Reference Specimen,choosereferencespecimen
4613,7,Evidence and Proof,6,Name the audacity / worldview,Short stance phrase,systematic generation,audacity commands,Choose Chain Record,choosechainrecord
4614,7,Evidence and Proof,6,Name the audacity / worldview,Short stance phrase,systematic generation,audacity commands,Choose Observation Card,chooseobservationcard
4615,7,Evidence and Proof,6,Name the audacity / worldview,Short stance phrase,systematic generation,audacity commands,Choose Account Book,chooseaccountbook
4616,7,Evidence and Proof,6,Name the audacity / worldview,Short stance phrase,systematic generation,audacity commands,Choose Inspection Seal,chooseinspectionseal
4617,7,Evidence and Proof,6,Name the audacity / worldview,Short stance phrase,systematic generation,audacity commands,Choose Result Witness,chooseresultwitness
4618,7,Evidence and Proof,6,Name the audacity / worldview,Short stance phrase,systematic generation,audacity commands,Keep Audit Mark,keepauditmark
4619,7,Evidence and Proof,6,Name the audacity / worldview,Short stance phrase,systematic generation,audacity commands,Keep Trace Record,keeptracerecord
4620,7,Evidence and Proof,6,Name the audacity / worldview,Short stance phrase,systematic generation,audacity commands,Keep Replicate Plate,keepreplicateplate
4621,7,Evidence and Proof,6,Name the audacity / worldview,Short stance phrase,systematic generation,audacity commands,Keep Validation Sheet,keepvalidationsheet
4622,7,Evidence and Proof,6,Name the audacity / worldview,Short stance phrase,systematic generation,audacity commands,Keep Test Certificate,keeptestcertificate
4623,7,Evidence and Proof,6,Name the audacity / worldview,Short stance phrase,systematic generation,audacity commands,Keep Reference Specimen,keepreferencespecimen
4624,7,Evidence and Proof,6,Name the audacity / worldview,Short stance phrase,systematic generation,audacity commands,Keep Chain Record,keepchainrecord
4625,7,Evidence and Proof,6,Name the audacity / worldview,Short stance phrase,systematic generation,audacity commands,Keep Observation Card,keepobservationcard
4626,7,Evidence and Proof,6,Name the audacity / worldview,Short stance phrase,systematic generation,audacity commands,Keep Account Book,keepaccountbook
4627,7,Evidence and Proof,6,Name the audacity / worldview,Short stance phrase,systematic generation,audacity commands,Keep Inspection Seal,keepinspectionseal
4628,7,Evidence and Proof,6,Name the audacity / worldview,Short stance phrase,systematic generation,audacity commands,Keep Result Witness,keepresultwitness
4629,7,Evidence and Proof,6,Name the audacity / worldview,Short stance phrase,systematic generation,audacity commands,Make Trace Record,maketracerecord
4630,7,Evidence and Proof,6,Name the audacity / worldview,Short stance phrase,systematic generation,audacity commands,Make Replicate Plate,makereplicateplate
4631,7,Evidence and Proof,6,Name the audacity / worldview,Short stance phrase,systematic generation,audacity commands,Make Calibration Card,makecalibrationcard
4632,7,Evidence and Proof,6,Name the audacity / worldview,Short stance phrase,systematic generation,audacity commands,Make Validation Sheet,makevalidationsheet
4633,7,Evidence and Proof,7,Deconstruct / reconstruct,Transparent spelling modification,hand-authored,round-two curated depth seed,Factchecked,factchecked
4634,7,Evidence and Proof,7,Deconstruct / reconstruct,Transparent spelling modification,systematic generation,single-vowel deletion,Obsrved,obsrved
4635,7,Evidence and Proof,7,Deconstruct / reconstruct,Transparent spelling modification,systematic generation,single-vowel deletion,Chcked,chcked
4636,7,Evidence and Proof,7,Deconstruct / reconstruct,Transparent spelling modification,systematic generation,single-vowel deletion,Trceable,trceable
4637,7,Evidence and Proof,7,Deconstruct / reconstruct,Transparent spelling modification,systematic generation,single-vowel deletion,Reprducible,reprducible
4638,7,Evidence and Proof,7,Deconstruct / reconstruct,Transparent spelling modification,systematic generation,single-vowel deletion,Measred,measred
4639,7,Evidence and Proof,7,Deconstruct / reconstruct,Transparent spelling modification,systematic generation,single-vowel deletion,Verfied,verfied
4640,7,Evidence and Proof,7,Deconstruct / reconstruct,Transparent spelling modification,systematic generation,single-vowel deletion,Docmented,docmented
4641,7,Evidence and Proof,7,Deconstruct / reconstruct,Transparent spelling modification,systematic generation,single-vowel deletion,Corrborate,corrborate
4642,7,Evidence and Proof,7,Deconstruct / reconstruct,Transparent spelling modification,systematic generation,single-vowel deletion,Attst,attst
4643,7,Evidence and Proof,7,Deconstruct / reconstruct,Transparent spelling modification,systematic generation,single-vowel deletion,Valdate,valdate
4644,7,Evidence and Proof,7,Deconstruct / reconstruct,Transparent spelling modification,systematic generation,single-vowel deletion,Accunt,accunt
4645,7,Evidence and Proof,7,Deconstruct / reconstruct,Transparent spelling modification,systematic generation,single-vowel deletion,Audttrail,audttrail
4646,7,Evidence and Proof,7,Deconstruct / reconstruct,Transparent spelling modification,systematic generation,single-vowel deletion,Profline,profline
4647,7,Evidence and Proof,7,Deconstruct / reconstruct,Transparent spelling modification,systematic generation,single-vowel deletion,Sourctrace,sourctrace
4648,7,Evidence and Proof,7,Deconstruct / reconstruct,Transparent spelling modification,systematic generation,single-vowel deletion,Climtrace,climtrace
4649,7,Evidence and Proof,7,Deconstruct / reconstruct,Transparent spelling modification,systematic generation,single-vowel deletion,Findng,findng
4650,7,Evidence and Proof,7,Deconstruct / reconstruct,Transparent spelling modification,systematic generation,single-vowel deletion,Replcate,replcate
4651,7,Evidence and Proof,7,Deconstruct / reconstruct,Transparent spelling modification,systematic generation,single-vowel deletion,Uncrtainty,uncrtainty
4652,7,Evidence and Proof,7,Deconstruct / reconstruct,Transparent spelling modification,systematic generation,single-vowel deletion,Calbration,calbration
4653,7,Evidence and Proof,7,Deconstruct / reconstruct,Transparent spelling modification,systematic generation,single-vowel deletion,Recrd,recrd
4654,7,Evidence and Proof,7,Deconstruct / reconstruct,Transparent spelling modification,systematic generation,single-vowel deletion,Errrbar,errrbar
4655,7,Evidence and Proof,7,Deconstruct / reconstruct,Transparent spelling modification,systematic generation,single-vowel deletion,Audtmark,audtmark
4656,7,Evidence and Proof,7,Deconstruct / reconstruct,Transparent spelling modification,systematic generation,single-vowel deletion,Evdencetag,evdencetag
4657,7,Evidence and Proof,7,Deconstruct / reconstruct,Transparent spelling modification,systematic generation,single-vowel deletion,Verficationstamp,verficationstamp
4658,7,Evidence and Proof,7,Deconstruct / reconstruct,Transparent spelling modification,systematic generation,single-vowel deletion,Trcerecord,trcerecord
4659,7,Evidence and Proof,7,Deconstruct / reconstruct,Transparent spelling modification,systematic generation,single-vowel deletion,Replcateplate,replcateplate
4660,7,Evidence and Proof,7,Deconstruct / reconstruct,Transparent spelling modification,systematic generation,single-vowel deletion,Calbrationcard,calbrationcard
4661,7,Evidence and Proof,7,Deconstruct / reconstruct,Transparent spelling modification,systematic generation,single-vowel deletion,Valdationsheet,valdationsheet
4662,7,Evidence and Proof,7,Deconstruct / reconstruct,Transparent spelling modification,systematic generation,single-vowel deletion,Refrencespecimen,refrencespecimen
4663,7,Evidence and Proof,7,Deconstruct / reconstruct,Transparent spelling modification,systematic generation,single-vowel deletion,Chinrecord,chinrecord
4664,7,Evidence and Proof,7,Deconstruct / reconstruct,Transparent spelling modification,systematic generation,single-vowel deletion,Obsrvationcard,obsrvationcard
4665,7,Evidence and Proof,7,Deconstruct / reconstruct,Transparent spelling modification,systematic generation,single-vowel deletion,Resltwitness,resltwitness
4666,7,Evidence and Proof,7,Deconstruct / reconstruct,Transparent spelling modification,systematic generation,single-vowel deletion,Proftrail,proftrail
4667,7,Evidence and Proof,7,Deconstruct / reconstruct,Transparent spelling modification,systematic generation,single-vowel deletion,Sourctrail,sourctrail
4668,7,Evidence and Proof,7,Deconstruct / reconstruct,Transparent spelling modification,systematic generation,joined reconstruction,Observedcorroborate,observedcorroborate
4669,7,Evidence and Proof,7,Deconstruct / reconstruct,Transparent spelling modification,systematic generation,joined reconstruction,Observedreplicate,observedreplicate
4670,7,Evidence and Proof,7,Deconstruct / reconstruct,Transparent spelling modification,systematic generation,joined reconstruction,Observeduncertainty,observeduncertainty
4671,7,Evidence and Proof,7,Deconstruct / reconstruct,Transparent spelling modification,systematic generation,joined reconstruction,Observedrecord,observedrecord
4672,7,Evidence and Proof,7,Deconstruct / reconstruct,Transparent spelling modification,systematic generation,joined reconstruction,Checkedattest,checkedattest
4673,7,Evidence and Proof,7,Deconstruct / reconstruct,Transparent spelling modification,systematic generation,joined reconstruction,Checkedvalidate,checkedvalidate
4674,7,Evidence and Proof,7,Deconstruct / reconstruct,Transparent spelling modification,systematic generation,joined reconstruction,Checkedaccount,checkedaccount
4675,7,Evidence and Proof,7,Deconstruct / reconstruct,Transparent spelling modification,systematic generation,joined reconstruction,Checkedsourcetrace,checkedsourcetrace
4676,7,Evidence and Proof,8,Portmanteau,Clean portmanteau,systematic generation,legible two-source blend,Obseried,obseried
4677,7,Evidence and Proof,8,Portmanteau,Clean portmanteau,systematic generation,legible two-source blend,Obserate,obserate
4678,7,Evidence and Proof,8,Portmanteau,Clean portmanteau,systematic generation,legible two-source blend,Obserrace,obserrace
4679,7,Evidence and Proof,8,Portmanteau,Clean portmanteau,systematic generation,legible two-source blend,Obserinty,obserinty
4680,7,Evidence and Proof,8,Portmanteau,Clean portmanteau,systematic generation,legible two-source blend,Obserline,obserline
4681,7,Evidence and Proof,8,Portmanteau,Clean portmanteau,systematic generation,legible two-source blend,Obseronstamp,obseronstamp
4682,7,Evidence and Proof,8,Portmanteau,Clean portmanteau,systematic generation,legible two-source blend,Checkedocumented,checkedocumented
4683,7,Evidence and Proof,8,Portmanteau,Clean portmanteau,systematic generation,legible two-source blend,Checkunt,checkunt
4684,7,Evidence and Proof,8,Portmanteau,Clean portmanteau,systematic generation,legible two-source blend,Checkrace,checkrace
4685,7,Evidence and Proof,8,Portmanteau,Clean portmanteau,systematic generation,legible two-source blend,Checktion,checktion
4686,7,Evidence and Proof,8,Portmanteau,Clean portmanteau,systematic generation,legible two-source blend,Tracearate,tracearate
4687,7,Evidence and Proof,8,Portmanteau,Clean portmanteau,systematic generation,legible two-source blend,Tracearail,tracearail
4688,7,Evidence and Proof,8,Portmanteau,Clean portmanteau,systematic generation,legible two-source blend,Traceaing,traceaing
4689,7,Evidence and Proof,8,Portmanteau,Clean portmanteau,systematic generation,legible two-source blend,Traceard,traceard
4690,7,Evidence and Proof,8,Portmanteau,Clean portmanteau,systematic generation,legible two-source blend,Traceamark,traceamark
4691,7,Evidence and Proof,8,Portmanteau,Clean portmanteau,systematic generation,legible two-source blend,Reproducst,reproducst
4692,7,Evidence and Proof,8,Portmanteau,Clean portmanteau,systematic generation,legible two-source blend,Reproducline,reproducline
4693,7,Evidence and Proof,8,Portmanteau,Clean portmanteau,systematic generation,legible two-source blend,Reproduccate,reproduccate
4694,7,Evidence and Proof,8,Portmanteau,Clean portmanteau,systematic generation,legible two-source blend,Reproduciblerrorbar,reproduciblerrorbar
4695,7,Evidence and Proof,8,Portmanteau,Clean portmanteau,systematic generation,legible two-source blend,Reproduciblevidencetag,reproduciblevidencetag
4696,7,Evidence and Proof,8,Portmanteau,Clean portmanteau,systematic generation,legible two-source blend,Measuied,measuied
4697,7,Evidence and Proof,8,Portmanteau,Clean portmanteau,systematic generation,legible two-source blend,Measuate,measuate
4698,7,Evidence and Proof,8,Portmanteau,Clean portmanteau,systematic generation,legible two-source blend,Measurace,measurace
4699,7,Evidence and Proof,8,Portmanteau,Clean portmanteau,systematic generation,legible two-source blend,Measuinty,measuinty
4700,7,Evidence and Proof,8,Portmanteau,Clean portmanteau,systematic generation,legible two-source blend,Measuline,measuline
4701,7,Evidence and Proof,8,Portmanteau,Clean portmanteau,systematic generation,legible two-source blend,Measuonstamp,measuonstamp
4702,7,Evidence and Proof,8,Portmanteau,Clean portmanteau,systematic generation,legible two-source blend,Verifiedocumented,verifiedocumented
4703,7,Evidence and Proof,8,Portmanteau,Clean portmanteau,systematic generation,legible two-source blend,Verifunt,verifunt
4704,7,Evidence and Proof,8,Portmanteau,Clean portmanteau,systematic generation,legible two-source blend,Verifrace,verifrace
4705,7,Evidence and Proof,8,Portmanteau,Clean portmanteau,systematic generation,legible two-source blend,Veriftion,veriftion
4706,7,Evidence and Proof,8,Portmanteau,Clean portmanteau,systematic generation,legible two-source blend,Documerate,documerate
4707,7,Evidence and Proof,8,Portmanteau,Clean portmanteau,systematic generation,legible two-source blend,Documerail,documerail
4708,7,Evidence and Proof,8,Portmanteau,Clean portmanteau,systematic generation,legible two-source blend,Documeing,documeing
4709,7,Evidence and Proof,8,Portmanteau,Clean portmanteau,systematic generation,legible two-source blend,Documerd,documerd
4710,7,Evidence and Proof,8,Portmanteau,Clean portmanteau,systematic generation,legible two-source blend,Documemark,documemark
4711,7,Evidence and Proof,8,Portmanteau,Clean portmanteau,systematic generation,legible two-source blend,Corrobost,corrobost
4712,7,Evidence and Proof,8,Portmanteau,Clean portmanteau,systematic generation,legible two-source blend,Corroboline,corroboline
4713,7,Evidence and Proof,8,Portmanteau,Clean portmanteau,systematic generation,legible two-source blend,Corrobocate,corrobocate
4714,7,Evidence and Proof,8,Portmanteau,Clean portmanteau,systematic generation,legible two-source blend,Corroboraterrorbar,corroboraterrorbar
4715,7,Evidence and Proof,8,Portmanteau,Clean portmanteau,systematic generation,legible two-source blend,Corroboratevidencetag,corroboratevidencetag
4716,7,Evidence and Proof,8,Portmanteau,Clean portmanteau,systematic generation,legible two-source blend,Atteied,atteied
4717,7,Evidence and Proof,8,Portmanteau,Clean portmanteau,systematic generation,legible two-source blend,Atteate,atteate
4718,7,Evidence and Proof,9,Morpheme engine,English-native compound or compression,systematic generation,English-native morpheme engine,Observework,observework
4719,7,Evidence and Proof,9,Morpheme engine,English-native compound or compression,systematic generation,English-native morpheme engine,Observewise,observewise
4720,7,Evidence and Proof,9,Morpheme engine,English-native compound or compression,systematic generation,English-native morpheme engine,Observeline,observeline
4721,7,Evidence and Proof,9,Morpheme engine,English-native compound or compression,systematic generation,English-native morpheme engine,Observekind,observekind
4722,7,Evidence and Proof,9,Morpheme engine,English-native compound or compression,systematic generation,English-native morpheme engine,Observecraft,observecraft
4723,7,Evidence and Proof,9,Morpheme engine,English-native compound or compression,systematic generation,English-native morpheme engine,Observehouse,observehouse
4724,7,Evidence and Proof,9,Morpheme engine,English-native compound or compression,systematic generation,English-native morpheme engine,Observepractice,observepractice
4725,7,Evidence and Proof,9,Morpheme engine,English-native compound or compression,systematic generation,English-native morpheme engine,Observecompany,observecompany
4726,7,Evidence and Proof,9,Morpheme engine,English-native compound or compression,systematic generation,English-native morpheme engine,Observeway,observeway
4727,7,Evidence and Proof,9,Morpheme engine,English-native compound or compression,systematic generation,English-native morpheme engine,Checkwise,checkwise
4728,7,Evidence and Proof,9,Morpheme engine,English-native compound or compression,systematic generation,English-native morpheme engine,Checkward,checkward
4729,7,Evidence and Proof,9,Morpheme engine,English-native compound or compression,systematic generation,English-native morpheme engine,Checkkind,checkkind
4730,7,Evidence and Proof,9,Morpheme engine,English-native compound or compression,systematic generation,English-native morpheme engine,Checkmade,checkmade
4731,7,Evidence and Proof,9,Morpheme engine,English-native compound or compression,systematic generation,English-native morpheme engine,Checkhouse,checkhouse
4732,7,Evidence and Proof,9,Morpheme engine,English-native compound or compression,systematic generation,English-native morpheme engine,Checkstandard,checkstandard
4733,7,Evidence and Proof,9,Morpheme engine,English-native compound or compression,systematic generation,English-native morpheme engine,Checkcompany,checkcompany
4734,7,Evidence and Proof,9,Morpheme engine,English-native compound or compression,systematic generation,English-native morpheme engine,Checkclub,checkclub
4735,7,Evidence and Proof,9,Morpheme engine,English-native compound or compression,systematic generation,English-native morpheme engine,Traceward,traceward
4736,7,Evidence and Proof,9,Morpheme engine,English-native compound or compression,systematic generation,English-native morpheme engine,Tracemark,tracemark
4737,7,Evidence and Proof,9,Morpheme engine,English-native compound or compression,systematic generation,English-native morpheme engine,Tracemade,tracemade
4738,7,Evidence and Proof,9,Morpheme engine,English-native compound or compression,systematic generation,English-native morpheme engine,Traceform,traceform
4739,7,Evidence and Proof,9,Morpheme engine,English-native compound or compression,systematic generation,English-native morpheme engine,Tracestandard,tracestandard
4740,7,Evidence and Proof,9,Morpheme engine,English-native compound or compression,systematic generation,English-native morpheme engine,Tracemethod,tracemethod
4741,7,Evidence and Proof,9,Morpheme engine,English-native compound or compression,systematic generation,English-native morpheme engine,Traceclub,traceclub
4742,7,Evidence and Proof,9,Morpheme engine,English-native compound or compression,systematic generation,English-native morpheme engine,Tracestate,tracestate
4743,7,Evidence and Proof,9,Morpheme engine,English-native compound or compression,systematic generation,English-native morpheme engine,Reproducework,reproducework
4744,7,Evidence and Proof,9,Morpheme engine,English-native compound or compression,systematic generation,English-native morpheme engine,Reproducemark,reproducemark
4745,7,Evidence and Proof,9,Morpheme engine,English-native compound or compression,systematic generation,English-native morpheme engine,Reproduceline,reproduceline
4746,7,Evidence and Proof,9,Morpheme engine,English-native compound or compression,systematic generation,English-native morpheme engine,Reproduceform,reproduceform
4747,7,Evidence and Proof,9,Morpheme engine,English-native compound or compression,systematic generation,English-native morpheme engine,Reproducecraft,reproducecraft
4748,7,Evidence and Proof,9,Morpheme engine,English-native compound or compression,systematic generation,English-native morpheme engine,Reproducemethod,reproducemethod
4749,7,Evidence and Proof,9,Morpheme engine,English-native compound or compression,systematic generation,English-native morpheme engine,Reproducepractice,reproducepractice
4750,7,Evidence and Proof,9,Morpheme engine,English-native compound or compression,systematic generation,English-native morpheme engine,Reproducestate,reproducestate
4751,7,Evidence and Proof,9,Morpheme engine,English-native compound or compression,systematic generation,English-native morpheme engine,Reproduceway,reproduceway
4752,7,Evidence and Proof,9,Morpheme engine,English-native compound or compression,systematic generation,English-native morpheme engine,Measurework,measurework
4753,7,Evidence and Proof,9,Morpheme engine,English-native compound or compression,systematic generation,English-native morpheme engine,Measurewise,measurewise
4754,7,Evidence and Proof,9,Morpheme engine,English-native compound or compression,systematic generation,English-native morpheme engine,Measureline,measureline
4755,7,Evidence and Proof,9,Morpheme engine,English-native compound or compression,systematic generation,English-native morpheme engine,Measurekind,measurekind
4756,7,Evidence and Proof,9,Morpheme engine,English-native compound or compression,systematic generation,English-native morpheme engine,Measurecraft,measurecraft
4757,7,Evidence and Proof,9,Morpheme engine,English-native compound or compression,systematic generation,English-native morpheme engine,Measurehouse,measurehouse
4758,7,Evidence and Proof,9,Morpheme engine,English-native compound or compression,systematic generation,English-native morpheme engine,Measurepractice,measurepractice
4759,7,Evidence and Proof,9,Morpheme engine,English-native compound or compression,systematic generation,English-native morpheme engine,Measurecompany,measurecompany
4760,7,Evidence and Proof,10,Scientific borrowing,Authentic scientific terminology,systematic generation,authentic scientific terminology,Measurement Uncertainty,measurementuncertainty
4761,7,Evidence and Proof,10,Scientific borrowing,Authentic scientific terminology,systematic generation,authentic scientific terminology,Error Bar,errorbar
4762,7,Evidence and Proof,10,Scientific borrowing,Authentic scientific terminology,systematic generation,authentic scientific terminology,Confidence Bound,confidencebound
4763,7,Evidence and Proof,10,Scientific borrowing,Authentic scientific terminology,systematic generation,authentic scientific terminology,Validation Study,validationstudy
4764,7,Evidence and Proof,10,Scientific borrowing,Authentic scientific terminology,systematic generation,authentic scientific terminology,Inter Rater Reliability,interraterreliability
4765,7,Evidence and Proof,10,Scientific borrowing,Authentic scientific terminology,systematic generation,authentic scientific terminology,Repeatability,repeatability
4766,7,Evidence and Proof,10,Scientific borrowing,Authentic scientific terminology,systematic generation,authentic scientific terminology,Reproducibility,reproducibility
4767,7,Evidence and Proof,10,Scientific borrowing,Authentic scientific terminology,systematic generation,authentic scientific terminology,Calibration Standard,calibrationstandard
4768,7,Evidence and Proof,10,Scientific borrowing,Authentic scientific terminology,systematic generation,authentic scientific terminology,Traceability Chain,traceabilitychain
4769,7,Evidence and Proof,10,Scientific borrowing,Authentic scientific terminology,systematic generation,authentic scientific terminology,Reference Specimen,referencespecimen
4770,7,Evidence and Proof,10,Scientific borrowing,Authentic scientific terminology,systematic generation,authentic scientific terminology,Verification Protocol,verificationprotocol
4771,7,Evidence and Proof,10,Scientific borrowing,Authentic scientific terminology,systematic generation,authentic scientific terminology,Observed Agreement,observedagreement
4772,7,Evidence and Proof,10,Scientific borrowing,Authentic scientific terminology,systematic generation,authentic scientific terminology,Method Validation,methodvalidation
4773,7,Evidence and Proof,10,Scientific borrowing,Authentic scientific terminology,systematic generation,authentic scientific terminology,Detection Confidence,detectionconfidence
4774,7,Evidence and Proof,10,Scientific borrowing,Authentic scientific terminology,systematic generation,authentic scientific terminology,Source Verification,sourceverification
4775,7,Evidence and Proof,10,Scientific borrowing,Authentic scientific terminology,systematic generation,authentic scientific terminology,Audit Sample,auditsample
4776,7,Evidence and Proof,10,Scientific borrowing,Authentic scientific terminology,systematic generation,authentic scientific terminology,Control Limit,controllimit
4777,7,Evidence and Proof,10,Scientific borrowing,Authentic scientific terminology,systematic generation,authentic scientific terminology,Evidence Chain,evidencechain
4778,7,Evidence and Proof,10,Scientific borrowing,Authentic scientific terminology,systematic generation,authentic scientific terminology,Replicate Measure,replicatemeasure
4779,7,Evidence and Proof,10,Scientific borrowing,Authentic scientific terminology,systematic generation,authentic scientific terminology,Uncertainty Budget,uncertaintybudget
4780,7,Evidence and Proof,10,Scientific borrowing,Authentic scientific terminology,systematic generation,technical compounds,Adaptive Trace Record,adaptivetracerecord
4781,7,Evidence and Proof,10,Scientific borrowing,Authentic scientific terminology,systematic generation,technical compounds,Adaptive Replicate Plate,adaptivereplicateplate
4782,7,Evidence and Proof,10,Scientific borrowing,Authentic scientific terminology,systematic generation,technical compounds,Adaptive Calibration Card,adaptivecalibrationcard
4783,7,Evidence and Proof,10,Scientific borrowing,Authentic scientific terminology,systematic generation,technical compounds,Adaptive Validation Sheet,adaptivevalidationsheet
4784,7,Evidence and Proof,10,Scientific borrowing,Authentic scientific terminology,systematic generation,technical compounds,Adaptive Reference Specimen,adaptivereferencespecimen
4785,7,Evidence and Proof,10,Scientific borrowing,Authentic scientific terminology,systematic generation,technical compounds,Adaptive Chain Record,adaptivechainrecord
4786,7,Evidence and Proof,10,Scientific borrowing,Authentic scientific terminology,systematic generation,technical compounds,Adaptive Observation Card,adaptiveobservationcard
4787,7,Evidence and Proof,10,Scientific borrowing,Authentic scientific terminology,systematic generation,technical compounds,Adaptive Evidence Tag,adaptiveevidencetag
4788,7,Evidence and Proof,10,Scientific borrowing,Authentic scientific terminology,systematic generation,technical compounds,Dynamic Verification Stamp,dynamicverificationstamp
4789,7,Evidence and Proof,10,Scientific borrowing,Authentic scientific terminology,systematic generation,technical compounds,Dynamic Audit Mark,dynamicauditmark
4790,7,Evidence and Proof,10,Scientific borrowing,Authentic scientific terminology,systematic generation,technical compounds,Dynamic Finding Notice,dynamicfindingnotice
4791,7,Evidence and Proof,10,Scientific borrowing,Authentic scientific terminology,systematic generation,technical compounds,Dynamic Test Certificate,dynamictestcertificate
4792,7,Evidence and Proof,10,Scientific borrowing,Authentic scientific terminology,systematic generation,technical compounds,Dynamic Account Book,dynamicaccountbook
4793,7,Evidence and Proof,10,Scientific borrowing,Authentic scientific terminology,systematic generation,technical compounds,Dynamic Inspection Seal,dynamicinspectionseal
4794,7,Evidence and Proof,10,Scientific borrowing,Authentic scientific terminology,systematic generation,technical compounds,Dynamic Result Witness,dynamicresultwitness
4795,7,Evidence and Proof,10,Scientific borrowing,Authentic scientific terminology,systematic generation,technical compounds,Reference Trace Record,referencetracerecord
4796,7,Evidence and Proof,10,Scientific borrowing,Authentic scientific terminology,systematic generation,technical compounds,Reference Replicate Plate,referencereplicateplate
4797,7,Evidence and Proof,10,Scientific borrowing,Authentic scientific terminology,systematic generation,technical compounds,Reference Calibration Card,referencecalibrationcard
4798,7,Evidence and Proof,10,Scientific borrowing,Authentic scientific terminology,systematic generation,technical compounds,Reference Validation Sheet,referencevalidationsheet
4799,7,Evidence and Proof,10,Scientific borrowing,Authentic scientific terminology,systematic generation,technical compounds,Reference Reference Specimen,referencereferencespecimen
4800,7,Evidence and Proof,10,Scientific borrowing,Authentic scientific terminology,systematic generation,technical compounds,Reference Chain Record,referencechainrecord
4801,7,Evidence and Proof,10,Scientific borrowing,Authentic scientific terminology,systematic generation,technical compounds,Reference Observation Card,referenceobservationcard
4802,7,Evidence and Proof,11,Sound-first coinage,Crisp sound-led coinage,systematic generation,phonosemantic sound matrix,Obsserve,obsserve
4803,7,Evidence and Proof,11,Sound-first coinage,Crisp sound-led coinage,systematic generation,phonosemantic sound matrix,Obsline,obsline
4804,7,Evidence and Proof,11,Sound-first coinage,Crisp sound-led coinage,systematic generation,phonosemantic sound matrix,Obsproof,obsproof
4805,7,Evidence and Proof,11,Sound-first coinage,Crisp sound-led coinage,systematic generation,phonosemantic sound matrix,Obscheck,obscheck
4806,7,Evidence and Proof,11,Sound-first coinage,Crisp sound-led coinage,systematic generation,phonosemantic sound matrix,Chetal,chetal
4807,7,Evidence and Proof,11,Sound-first coinage,Crisp sound-led coinage,systematic generation,phonosemantic sound matrix,Chemark,chemark
4808,7,Evidence and Proof,11,Sound-first coinage,Crisp sound-led coinage,systematic generation,phonosemantic sound matrix,Cheset,cheset
4809,7,Evidence and Proof,11,Sound-first coinage,Crisp sound-led coinage,systematic generation,phonosemantic sound matrix,Cherecord,cherecord
4810,7,Evidence and Proof,11,Sound-first coinage,Crisp sound-led coinage,systematic generation,phonosemantic sound matrix,Traden,traden
4811,7,Evidence and Proof,11,Sound-first coinage,Crisp sound-led coinage,systematic generation,phonosemantic sound matrix,Tratrace,tratrace
4812,7,Evidence and Proof,11,Sound-first coinage,Crisp sound-led coinage,systematic generation,phonosemantic sound matrix,Trafact,trafact
4813,7,Evidence and Proof,11,Sound-first coinage,Crisp sound-led coinage,systematic generation,phonosemantic sound matrix,Trasure,trasure
4814,7,Evidence and Proof,11,Sound-first coinage,Crisp sound-led coinage,systematic generation,phonosemantic sound matrix,Repserve,repserve
4815,7,Evidence and Proof,11,Sound-first coinage,Crisp sound-led coinage,systematic generation,phonosemantic sound matrix,Repline,repline
4816,7,Evidence and Proof,11,Sound-first coinage,Crisp sound-led coinage,systematic generation,phonosemantic sound matrix,Repproof,repproof
4817,7,Evidence and Proof,11,Sound-first coinage,Crisp sound-led coinage,systematic generation,phonosemantic sound matrix,Repcheck,repcheck
4818,7,Evidence and Proof,11,Sound-first coinage,Crisp sound-led coinage,systematic generation,phonosemantic sound matrix,Meatal,meatal
4819,7,Evidence and Proof,11,Sound-first coinage,Crisp sound-led coinage,systematic generation,phonosemantic sound matrix,Meamark,meamark
4820,7,Evidence and Proof,11,Sound-first coinage,Crisp sound-led coinage,systematic generation,phonosemantic sound matrix,Measet,measet
4821,7,Evidence and Proof,11,Sound-first coinage,Crisp sound-led coinage,systematic generation,phonosemantic sound matrix,Mearecord,mearecord
4822,7,Evidence and Proof,11,Sound-first coinage,Crisp sound-led coinage,systematic generation,phonosemantic sound matrix,Verden,verden
4823,7,Evidence and Proof,11,Sound-first coinage,Crisp sound-led coinage,systematic generation,phonosemantic sound matrix,Vertrace,vertrace
4824,7,Evidence and Proof,11,Sound-first coinage,Crisp sound-led coinage,systematic generation,phonosemantic sound matrix,Verfact,verfact
4825,7,Evidence and Proof,11,Sound-first coinage,Crisp sound-led coinage,systematic generation,phonosemantic sound matrix,Versure,versure
4826,7,Evidence and Proof,11,Sound-first coinage,Crisp sound-led coinage,systematic generation,phonosemantic sound matrix,Docserve,docserve
4827,7,Evidence and Proof,11,Sound-first coinage,Crisp sound-led coinage,systematic generation,phonosemantic sound matrix,Docline,docline
4828,7,Evidence and Proof,11,Sound-first coinage,Crisp sound-led coinage,systematic generation,phonosemantic sound matrix,Docproof,docproof
4829,7,Evidence and Proof,11,Sound-first coinage,Crisp sound-led coinage,systematic generation,phonosemantic sound matrix,Doccheck,doccheck
4830,7,Evidence and Proof,11,Sound-first coinage,Crisp sound-led coinage,systematic generation,phonosemantic sound matrix,Cortal,cortal
4831,7,Evidence and Proof,11,Sound-first coinage,Crisp sound-led coinage,systematic generation,phonosemantic sound matrix,Cormark,cormark
4832,7,Evidence and Proof,11,Sound-first coinage,Crisp sound-led coinage,systematic generation,phonosemantic sound matrix,Corset,corset
4833,7,Evidence and Proof,11,Sound-first coinage,Crisp sound-led coinage,systematic generation,phonosemantic sound matrix,Correcord,correcord
4834,7,Evidence and Proof,11,Sound-first coinage,Crisp sound-led coinage,systematic generation,phonosemantic sound matrix,Attden,attden
4835,7,Evidence and Proof,11,Sound-first coinage,Crisp sound-led coinage,systematic generation,phonosemantic sound matrix,Atttrace,atttrace
4836,7,Evidence and Proof,11,Sound-first coinage,Crisp sound-led coinage,systematic generation,phonosemantic sound matrix,Attfact,attfact
4837,7,Evidence and Proof,11,Sound-first coinage,Crisp sound-led coinage,systematic generation,phonosemantic sound matrix,Attsure,attsure
4838,7,Evidence and Proof,11,Sound-first coinage,Crisp sound-led coinage,systematic generation,phonosemantic sound matrix,Valserve,valserve
4839,7,Evidence and Proof,11,Sound-first coinage,Crisp sound-led coinage,systematic generation,phonosemantic sound matrix,Valline,valline
4840,7,Evidence and Proof,11,Sound-first coinage,Crisp sound-led coinage,systematic generation,phonosemantic sound matrix,Valproof,valproof
4841,7,Evidence and Proof,11,Sound-first coinage,Crisp sound-led coinage,systematic generation,phonosemantic sound matrix,Valcheck,valcheck
4842,7,Evidence and Proof,11,Sound-first coinage,Crisp sound-led coinage,systematic generation,phonosemantic sound matrix,Acctal,acctal
4843,7,Evidence and Proof,11,Sound-first coinage,Crisp sound-led coinage,systematic generation,phonosemantic sound matrix,Accmark,accmark
4844,7,Evidence and Proof,12,Structural / orthographic device,Meaningful notation or orthographic device,systematic generation,orthographic deletion,Obsrved,obsrved
4845,7,Evidence and Proof,12,Structural / orthographic device,Meaningful notation or orthographic device,systematic generation,orthographic deletion,Chcked,chcked
4846,7,Evidence and Proof,12,Structural / orthographic device,Meaningful notation or orthographic device,systematic generation,orthographic deletion,Trceable,trceable
4847,7,Evidence and Proof,12,Structural / orthographic device,Meaningful notation or orthographic device,systematic generation,orthographic deletion,Reprducible,reprducible
4848,7,Evidence and Proof,12,Structural / orthographic device,Meaningful notation or orthographic device,systematic generation,orthographic deletion,Measred,measred
4849,7,Evidence and Proof,12,Structural / orthographic device,Meaningful notation or orthographic device,systematic generation,orthographic deletion,Verfied,verfied
4850,7,Evidence and Proof,12,Structural / orthographic device,Meaningful notation or orthographic device,systematic generation,orthographic deletion,Docmented,docmented
4851,7,Evidence and Proof,12,Structural / orthographic device,Meaningful notation or orthographic device,systematic generation,orthographic deletion,Corrborate,corrborate
4852,7,Evidence and Proof,12,Structural / orthographic device,Meaningful notation or orthographic device,systematic generation,orthographic deletion,Attst,attst
4853,7,Evidence and Proof,12,Structural / orthographic device,Meaningful notation or orthographic device,systematic generation,orthographic deletion,Valdate,valdate
4854,7,Evidence and Proof,12,Structural / orthographic device,Meaningful notation or orthographic device,systematic generation,orthographic deletion,Accunt,accunt
4855,7,Evidence and Proof,12,Structural / orthographic device,Meaningful notation or orthographic device,systematic generation,orthographic deletion,Audttrail,audttrail
4856,7,Evidence and Proof,12,Structural / orthographic device,Meaningful notation or orthographic device,systematic generation,orthographic deletion,Profline,profline
4857,7,Evidence and Proof,12,Structural / orthographic device,Meaningful notation or orthographic device,systematic generation,orthographic deletion,Sourctrace,sourctrace
4858,7,Evidence and Proof,12,Structural / orthographic device,Meaningful notation or orthographic device,systematic generation,orthographic deletion,Climtrace,climtrace
4859,7,Evidence and Proof,12,Structural / orthographic device,Meaningful notation or orthographic device,systematic generation,orthographic deletion,Findng,findng
4860,7,Evidence and Proof,12,Structural / orthographic device,Meaningful notation or orthographic device,systematic generation,orthographic deletion,Replcate,replcate
4861,7,Evidence and Proof,12,Structural / orthographic device,Meaningful notation or orthographic device,systematic generation,orthographic deletion,Uncrtainty,uncrtainty
4862,7,Evidence and Proof,12,Structural / orthographic device,Meaningful notation or orthographic device,systematic generation,orthographic deletion,Calbration,calbration
4863,7,Evidence and Proof,12,Structural / orthographic device,Meaningful notation or orthographic device,systematic generation,orthographic deletion,Recrd,recrd
4864,7,Evidence and Proof,12,Structural / orthographic device,Meaningful notation or orthographic device,systematic generation,meaningful numbering,Observed One,observedone
4865,7,Evidence and Proof,12,Structural / orthographic device,Meaningful notation or orthographic device,systematic generation,meaningful numbering,Checked One,checkedone
4866,7,Evidence and Proof,12,Structural / orthographic device,Meaningful notation or orthographic device,systematic generation,meaningful numbering,Traceable One,traceableone
4867,7,Evidence and Proof,12,Structural / orthographic device,Meaningful notation or orthographic device,systematic generation,meaningful numbering,Reproducible One,reproducibleone
4868,7,Evidence and Proof,12,Structural / orthographic device,Meaningful notation or orthographic device,systematic generation,meaningful numbering,Measured One,measuredone
4869,7,Evidence and Proof,12,Structural / orthographic device,Meaningful notation or orthographic device,systematic generation,meaningful numbering,Verified One,verifiedone
4870,7,Evidence and Proof,12,Structural / orthographic device,Meaningful notation or orthographic device,systematic generation,meaningful numbering,Documented One,documentedone
4871,7,Evidence and Proof,12,Structural / orthographic device,Meaningful notation or orthographic device,systematic generation,meaningful numbering,Corroborate One,corroborateone
4872,7,Evidence and Proof,12,Structural / orthographic device,Meaningful notation or orthographic device,systematic generation,meaningful numbering,Attest One,attestone
4873,7,Evidence and Proof,12,Structural / orthographic device,Meaningful notation or orthographic device,systematic generation,meaningful numbering,Validate One,validateone
4874,7,Evidence and Proof,12,Structural / orthographic device,Meaningful notation or orthographic device,systematic generation,meaningful numbering,Account One,accountone
4875,7,Evidence and Proof,12,Structural / orthographic device,Meaningful notation or orthographic device,systematic generation,meaningful numbering,Audittrail One,audittrailone
4876,7,Evidence and Proof,12,Structural / orthographic device,Meaningful notation or orthographic device,systematic generation,plus notation,Measured Plus,measuredplus
4877,7,Evidence and Proof,12,Structural / orthographic device,Meaningful notation or orthographic device,systematic generation,plus notation,Verified Plus,verifiedplus
4878,7,Evidence and Proof,12,Structural / orthographic device,Meaningful notation or orthographic device,systematic generation,plus notation,Documented Plus,documentedplus
4879,7,Evidence and Proof,12,Structural / orthographic device,Meaningful notation or orthographic device,systematic generation,plus notation,Corroborate Plus,corroborateplus
4880,7,Evidence and Proof,12,Structural / orthographic device,Meaningful notation or orthographic device,systematic generation,plus notation,Attest Plus,attestplus
4881,7,Evidence and Proof,12,Structural / orthographic device,Meaningful notation or orthographic device,systematic generation,plus notation,Validate Plus,validateplus
4882,7,Evidence and Proof,12,Structural / orthographic device,Meaningful notation or orthographic device,systematic generation,plus notation,Account Plus,accountplus
4883,7,Evidence and Proof,12,Structural / orthographic device,Meaningful notation or orthographic device,systematic generation,plus notation,Audittrail Plus,audittrailplus
4884,7,Evidence and Proof,12,Structural / orthographic device,Meaningful notation or orthographic device,systematic generation,plus notation,Proofline Plus,prooflineplus
4885,7,Evidence and Proof,12,Structural / orthographic device,Meaningful notation or orthographic device,systematic generation,plus notation,Sourcetrace Plus,sourcetraceplus
4886,7,Evidence and Proof,13,Compound: one plus one equals three,Category-relevant compound,systematic generation,one plus one equals three,Full Verification Stamp,fullverificationstamp
4887,7,Evidence and Proof,13,Compound: one plus one equals three,Category-relevant compound,systematic generation,one plus one equals three,Full Audit Mark,fullauditmark
4888,7,Evidence and Proof,13,Compound: one plus one equals three,Category-relevant compound,systematic generation,one plus one equals three,Full Finding Notice,fullfindingnotice
4889,7,Evidence and Proof,13,Compound: one plus one equals three,Category-relevant compound,systematic generation,one plus one equals three,Full Test Certificate,fulltestcertificate
4890,7,Evidence and Proof,13,Compound: one plus one equals three,Category-relevant compound,systematic generation,one plus one equals three,Full Account Book,fullaccountbook
4891,7,Evidence and Proof,13,Compound: one plus one equals three,Category-relevant compound,systematic generation,one plus one equals three,Full Inspection Seal,fullinspectionseal
4892,7,Evidence and Proof,13,Compound: one plus one equals three,Category-relevant compound,systematic generation,one plus one equals three,Full Result Witness,fullresultwitness
4893,7,Evidence and Proof,13,Compound: one plus one equals three,Category-relevant compound,systematic generation,one plus one equals three,Full Evidence Tag,fullevidencetag
4894,7,Evidence and Proof,13,Compound: one plus one equals three,Category-relevant compound,systematic generation,one plus one equals three,Open Audit Mark,openauditmark
4895,7,Evidence and Proof,13,Compound: one plus one equals three,Category-relevant compound,systematic generation,one plus one equals three,Open Trace Record,opentracerecord
4896,7,Evidence and Proof,13,Compound: one plus one equals three,Category-relevant compound,systematic generation,one plus one equals three,Open Replicate Plate,openreplicateplate
4897,7,Evidence and Proof,13,Compound: one plus one equals three,Category-relevant compound,systematic generation,one plus one equals three,Open Validation Sheet,openvalidationsheet
4898,7,Evidence and Proof,13,Compound: one plus one equals three,Category-relevant compound,systematic generation,one plus one equals three,Open Test Certificate,opentestcertificate
4899,7,Evidence and Proof,13,Compound: one plus one equals three,Category-relevant compound,systematic generation,one plus one equals three,Open Reference Specimen,openreferencespecimen
4900,7,Evidence and Proof,13,Compound: one plus one equals three,Category-relevant compound,systematic generation,one plus one equals three,Open Chain Record,openchainrecord
4901,7,Evidence and Proof,13,Compound: one plus one equals three,Category-relevant compound,systematic generation,one plus one equals three,Open Observation Card,openobservationcard
4902,7,Evidence and Proof,13,Compound: one plus one equals three,Category-relevant compound,systematic generation,one plus one equals three,Open Account Book,openaccountbook
4903,7,Evidence and Proof,13,Compound: one plus one equals three,Category-relevant compound,systematic generation,one plus one equals three,Open Inspection Seal,openinspectionseal
4904,7,Evidence and Proof,13,Compound: one plus one equals three,Category-relevant compound,systematic generation,one plus one equals three,Open Result Witness,openresultwitness
4905,7,Evidence and Proof,13,Compound: one plus one equals three,Category-relevant compound,systematic generation,one plus one equals three,Open Proof Line,openproofline
4906,7,Evidence and Proof,13,Compound: one plus one equals three,Category-relevant compound,systematic generation,one plus one equals three,Open Error Bar,openerrorbar
4907,7,Evidence and Proof,13,Compound: one plus one equals three,Category-relevant compound,systematic generation,one plus one equals three,Open Source Trace,opensourcetrace
4908,7,Evidence and Proof,13,Compound: one plus one equals three,Category-relevant compound,systematic generation,one plus one equals three,Open Evidence Tag,openevidencetag
4909,7,Evidence and Proof,13,Compound: one plus one equals three,Category-relevant compound,systematic generation,one plus one equals three,True Trace Record,truetracerecord
4910,7,Evidence and Proof,13,Compound: one plus one equals three,Category-relevant compound,systematic generation,one plus one equals three,True Replicate Plate,truereplicateplate
4911,7,Evidence and Proof,13,Compound: one plus one equals three,Category-relevant compound,systematic generation,one plus one equals three,True Calibration Card,truecalibrationcard
4912,7,Evidence and Proof,13,Compound: one plus one equals three,Category-relevant compound,systematic generation,one plus one equals three,True Validation Sheet,truevalidationsheet
4913,7,Evidence and Proof,13,Compound: one plus one equals three,Category-relevant compound,systematic generation,one plus one equals three,True Reference Specimen,truereferencespecimen
4914,7,Evidence and Proof,13,Compound: one plus one equals three,Category-relevant compound,systematic generation,one plus one equals three,True Chain Record,truechainrecord
4915,7,Evidence and Proof,13,Compound: one plus one equals three,Category-relevant compound,systematic generation,one plus one equals three,True Observation Card,trueobservationcard
4916,7,Evidence and Proof,13,Compound: one plus one equals three,Category-relevant compound,systematic generation,one plus one equals three,True Evidence Tag,trueevidencetag
4917,7,Evidence and Proof,13,Compound: one plus one equals three,Category-relevant compound,systematic generation,one plus one equals three,True Proof Line,trueproofline
4918,7,Evidence and Proof,13,Compound: one plus one equals three,Category-relevant compound,systematic generation,one plus one equals three,True Error Bar,trueerrorbar
4919,7,Evidence and Proof,13,Compound: one plus one equals three,Category-relevant compound,systematic generation,one plus one equals three,True Source Trace,truesourcetrace
4920,7,Evidence and Proof,13,Compound: one plus one equals three,Category-relevant compound,systematic generation,one plus one equals three,Next Source Trail,nextsourcetrail
4921,7,Evidence and Proof,13,Compound: one plus one equals three,Category-relevant compound,systematic generation,one plus one equals three,Next Measurement Log,nextmeasurementlog
4922,7,Evidence and Proof,13,Compound: one plus one equals three,Category-relevant compound,systematic generation,one plus one equals three,Next Calibration Card,nextcalibrationcard
4923,7,Evidence and Proof,13,Compound: one plus one equals three,Category-relevant compound,systematic generation,one plus one equals three,Next Uncertainty Budget,nextuncertaintybudget
4924,7,Evidence and Proof,13,Compound: one plus one equals three,Category-relevant compound,systematic generation,one plus one equals three,Next Evidence Tag,nextevidencetag
4925,7,Evidence and Proof,13,Compound: one plus one equals three,Category-relevant compound,systematic generation,one plus one equals three,Next Source Trace,nextsourcetrace
4926,7,Evidence and Proof,13,Compound: one plus one equals three,Category-relevant compound,systematic generation,one plus one equals three,Next Proofline,nextproofline
4927,7,Evidence and Proof,13,Compound: one plus one equals three,Category-relevant compound,systematic generation,one plus one equals three,Long Verification Stamp,longverificationstamp
4928,7,Evidence and Proof,14,Real-word metaphor or eponym,Unexpected real word or metaphor,hand-authored,round-two curated depth seed,Traceable,traceable
4929,7,Evidence and Proof,14,Real-word metaphor or eponym,Unexpected real word or metaphor,hand-authored,round-two curated depth seed,Observed,observed
4930,7,Evidence and Proof,14,Real-word metaphor or eponym,Unexpected real word or metaphor,systematic generation,real-word metaphor,Error Bar,errorbar
4931,7,Evidence and Proof,14,Real-word metaphor or eponym,Unexpected real word or metaphor,systematic generation,real-word metaphor,Proofline,proofline
4932,7,Evidence and Proof,14,Real-word metaphor or eponym,Unexpected real word or metaphor,systematic generation,real-word metaphor,Source Trace,sourcetrace
4933,7,Evidence and Proof,14,Real-word metaphor or eponym,Unexpected real word or metaphor,systematic generation,real-word metaphor,Audit Mark,auditmark
4934,7,Evidence and Proof,14,Real-word metaphor or eponym,Unexpected real word or metaphor,systematic generation,real-word metaphor,Evidence Tag,evidencetag
4935,7,Evidence and Proof,14,Real-word metaphor or eponym,Unexpected real word or metaphor,systematic generation,real-word metaphor,Verification Stamp,verificationstamp
4936,7,Evidence and Proof,14,Real-word metaphor or eponym,Unexpected real word or metaphor,systematic generation,real-word metaphor,Trace Record,tracerecord
4937,7,Evidence and Proof,14,Real-word metaphor or eponym,Unexpected real word or metaphor,systematic generation,real-word metaphor,Replicate Plate,replicateplate
4938,7,Evidence and Proof,14,Real-word metaphor or eponym,Unexpected real word or metaphor,systematic generation,real-word metaphor,Calibration Card,calibrationcard
4939,7,Evidence and Proof,14,Real-word metaphor or eponym,Unexpected real word or metaphor,systematic generation,real-word metaphor,Validation Sheet,validationsheet
4940,7,Evidence and Proof,14,Real-word metaphor or eponym,Unexpected real word or metaphor,systematic generation,real-word metaphor,Finding Notice,findingnotice
4941,7,Evidence and Proof,14,Real-word metaphor or eponym,Unexpected real word or metaphor,systematic generation,real-word metaphor,Test Certificate,testcertificate
4942,7,Evidence and Proof,14,Real-word metaphor or eponym,Unexpected real word or metaphor,systematic generation,real-word metaphor,Reference Specimen,referencespecimen
4943,7,Evidence and Proof,14,Real-word metaphor or eponym,Unexpected real word or metaphor,systematic generation,real-word metaphor,Chain Record,chainrecord
4944,7,Evidence and Proof,14,Real-word metaphor or eponym,Unexpected real word or metaphor,systematic generation,real-word metaphor,Observation Card,observationcard
4945,7,Evidence and Proof,14,Real-word metaphor or eponym,Unexpected real word or metaphor,systematic generation,real-word metaphor,Inspection Seal,inspectionseal
4946,7,Evidence and Proof,14,Real-word metaphor or eponym,Unexpected real word or metaphor,systematic generation,real-word metaphor,Result Witness,resultwitness
4947,7,Evidence and Proof,14,Real-word metaphor or eponym,Unexpected real word or metaphor,systematic generation,real-word metaphor,Proof Trail,prooftrail
4948,7,Evidence and Proof,14,Real-word metaphor or eponym,Unexpected real word or metaphor,systematic generation,real-word metaphor,Control Limit,controllimit
4949,7,Evidence and Proof,14,Real-word metaphor or eponym,Unexpected real word or metaphor,systematic generation,real-word metaphor,Source Trail,sourcetrail
4950,7,Evidence and Proof,14,Real-word metaphor or eponym,Unexpected real word or metaphor,systematic generation,real object as brand,Measurement Log,measurementlog
4951,7,Evidence and Proof,14,Real-word metaphor or eponym,Unexpected real word or metaphor,systematic generation,real object as brand,Uncertainty Budget,uncertaintybudget
4952,7,Evidence and Proof,14,Real-word metaphor or eponym,Unexpected real word or metaphor,systematic generation,real object as brand,Account Book,accountbook
4953,7,Evidence and Proof,14,Real-word metaphor or eponym,Unexpected real word or metaphor,systematic generation,cell fallback matrix,Full Verification Stamp,fullverificationstamp
4954,7,Evidence and Proof,14,Real-word metaphor or eponym,Unexpected real word or metaphor,systematic generation,cell fallback matrix,Full Audit Mark,fullauditmark
4955,7,Evidence and Proof,14,Real-word metaphor or eponym,Unexpected real word or metaphor,systematic generation,cell fallback matrix,Full Finding Notice,fullfindingnotice
4956,7,Evidence and Proof,14,Real-word metaphor or eponym,Unexpected real word or metaphor,systematic generation,cell fallback matrix,Full Test Certificate,fulltestcertificate
4957,7,Evidence and Proof,14,Real-word metaphor or eponym,Unexpected real word or metaphor,systematic generation,cell fallback matrix,Full Account Book,fullaccountbook
4958,7,Evidence and Proof,14,Real-word metaphor or eponym,Unexpected real word or metaphor,systematic generation,cell fallback matrix,Full Inspection Seal,fullinspectionseal
4959,7,Evidence and Proof,14,Real-word metaphor or eponym,Unexpected real word or metaphor,systematic generation,cell fallback matrix,Full Result Witness,fullresultwitness
4960,7,Evidence and Proof,14,Real-word metaphor or eponym,Unexpected real word or metaphor,systematic generation,cell fallback matrix,Full Evidence Tag,fullevidencetag
4961,7,Evidence and Proof,14,Real-word metaphor or eponym,Unexpected real word or metaphor,systematic generation,cell fallback matrix,Full Trace Record,fulltracerecord
4962,7,Evidence and Proof,14,Real-word metaphor or eponym,Unexpected real word or metaphor,systematic generation,cell fallback matrix,Full Proof Trail,fullprooftrail
4963,7,Evidence and Proof,14,Real-word metaphor or eponym,Unexpected real word or metaphor,systematic generation,cell fallback matrix,Full Control Limit,fullcontrollimit
4964,7,Evidence and Proof,14,Real-word metaphor or eponym,Unexpected real word or metaphor,systematic generation,cell fallback matrix,Full Source Trail,fullsourcetrail
4965,7,Evidence and Proof,14,Real-word metaphor or eponym,Unexpected real word or metaphor,systematic generation,cell fallback matrix,Full Observed,fullobserved
4966,7,Evidence and Proof,14,Real-word metaphor or eponym,Unexpected real word or metaphor,systematic generation,cell fallback matrix,Full Checked,fullchecked
4967,7,Evidence and Proof,14,Real-word metaphor or eponym,Unexpected real word or metaphor,systematic generation,cell fallback matrix,Full Traceable,fulltraceable
4968,7,Evidence and Proof,14,Real-word metaphor or eponym,Unexpected real word or metaphor,systematic generation,cell fallback matrix,Full Verified,fullverified
4969,7,Evidence and Proof,14,Real-word metaphor or eponym,Unexpected real word or metaphor,systematic generation,cell fallback matrix,Full Documented,fulldocumented
4970,7,Evidence and Proof,14,Real-word metaphor or eponym,Unexpected real word or metaphor,systematic generation,cell fallback matrix,Full Corroborate,fullcorroborate
4971,7,Evidence and Proof,14,Real-word metaphor or eponym,Unexpected real word or metaphor,systematic generation,cell fallback matrix,Full Audittrail,fullaudittrail
4972,7,Evidence and Proof,15,World-language hunt,World-language borrowing,systematic generation,world-language source hunt,Verifica,verifica
4973,7,Evidence and Proof,15,World-language hunt,World-language borrowing,systematic generation,world-language source hunt,Prova,prova
4974,7,Evidence and Proof,15,World-language hunt,World-language borrowing,systematic generation,world-language source hunt,Beweis,beweis
4975,7,Evidence and Proof,15,World-language hunt,World-language borrowing,systematic generation,world-language source hunt,Preuve,preuve
4976,7,Evidence and Proof,15,World-language hunt,World-language borrowing,systematic generation,world-language source hunt,Prueba,prueba
4977,7,Evidence and Proof,15,World-language hunt,World-language borrowing,systematic generation,world-language source hunt,Attestato,attestato
4978,7,Evidence and Proof,15,World-language hunt,World-language borrowing,systematic generation,world-language source hunt,Certum,certum
4979,7,Evidence and Proof,15,World-language hunt,World-language borrowing,systematic generation,world-language source hunt,Evidenza,evidenza
4980,7,Evidence and Proof,15,World-language hunt,World-language borrowing,systematic generation,world-language source hunt,Misura,misura
4981,7,Evidence and Proof,15,World-language hunt,World-language borrowing,systematic generation,world-language source hunt,Conferma,conferma
4982,7,Evidence and Proof,15,World-language hunt,World-language borrowing,systematic generation,world-language source hunt,Trace,trace
4983,7,Evidence and Proof,15,World-language hunt,World-language borrowing,systematic generation,world-language source hunt,Validado,validado
4984,7,Evidence and Proof,15,World-language hunt,World-language borrowing,systematic generation,transparent world-language compound,Casa Verifica,casaverifica
4985,7,Evidence and Proof,15,World-language hunt,World-language borrowing,systematic generation,transparent world-language compound,Casa Prova,casaprova
4986,7,Evidence and Proof,15,World-language hunt,World-language borrowing,systematic generation,transparent world-language compound,Casa Beweis,casabeweis
4987,7,Evidence and Proof,15,World-language hunt,World-language borrowing,systematic generation,transparent world-language compound,Studio Preuve,studiopreuve
4988,7,Evidence and Proof,15,World-language hunt,World-language borrowing,systematic generation,transparent world-language compound,Studio Attestato,studioattestato
4989,7,Evidence and Proof,15,World-language hunt,World-language borrowing,systematic generation,transparent world-language compound,Studio Certum,studiocertum
4990,7,Evidence and Proof,15,World-language hunt,World-language borrowing,systematic generation,transparent world-language compound,Studio Misura,studiomisura
4991,7,Evidence and Proof,15,World-language hunt,World-language borrowing,systematic generation,transparent world-language compound,Studio Conferma,studioconferma
4992,7,Evidence and Proof,15,World-language hunt,World-language borrowing,systematic generation,transparent world-language compound,Studio Validado,studiovalidado
4993,7,Evidence and Proof,15,World-language hunt,World-language borrowing,systematic generation,transparent world-language compound,Metodo Prueba,metodoprueba
4994,7,Evidence and Proof,15,World-language hunt,World-language borrowing,systematic generation,transparent world-language compound,Metodo Certum,metodocertum
4995,7,Evidence and Proof,15,World-language hunt,World-language borrowing,systematic generation,transparent world-language compound,Metodo Evidenza,metodoevidenza
4996,7,Evidence and Proof,15,World-language hunt,World-language borrowing,systematic generation,transparent world-language compound,Metodo Conferma,metodoconferma
4997,7,Evidence and Proof,15,World-language hunt,World-language borrowing,systematic generation,transparent world-language compound,Metodo Trace,metodotrace
4998,7,Evidence and Proof,15,World-language hunt,World-language borrowing,systematic generation,transparent world-language compound,Forma Prova,formaprova
4999,7,Evidence and Proof,15,World-language hunt,World-language borrowing,systematic generation,transparent world-language compound,Forma Preuve,formapreuve
5000,7,Evidence and Proof,15,World-language hunt,World-language borrowing,systematic generation,transparent world-language compound,Forma Attestato,formaattestato
5001,7,Evidence and Proof,15,World-language hunt,World-language borrowing,systematic generation,transparent world-language compound,Forma Misura,formamisura
5002,7,Evidence and Proof,15,World-language hunt,World-language borrowing,systematic generation,transparent world-language compound,Forma Validado,formavalidado
5003,7,Evidence and Proof,15,World-language hunt,World-language borrowing,systematic generation,cell fallback matrix,Full Verification Stamp,fullverificationstamp
5004,7,Evidence and Proof,15,World-language hunt,World-language borrowing,systematic generation,cell fallback matrix,Full Audit Mark,fullauditmark
5005,7,Evidence and Proof,15,World-language hunt,World-language borrowing,systematic generation,cell fallback matrix,Full Finding Notice,fullfindingnotice
5006,7,Evidence and Proof,15,World-language hunt,World-language borrowing,systematic generation,cell fallback matrix,Full Test Certificate,fulltestcertificate
5007,7,Evidence and Proof,15,World-language hunt,World-language borrowing,systematic generation,cell fallback matrix,Full Account Book,fullaccountbook
5008,7,Evidence and Proof,15,World-language hunt,World-language borrowing,systematic generation,cell fallback matrix,Full Inspection Seal,fullinspectionseal
5009,7,Evidence and Proof,15,World-language hunt,World-language borrowing,systematic generation,cell fallback matrix,Full Result Witness,fullresultwitness
5010,7,Evidence and Proof,15,World-language hunt,World-language borrowing,systematic generation,cell fallback matrix,Full Evidence Tag,fullevidencetag
5011,7,Evidence and Proof,15,World-language hunt,World-language borrowing,systematic generation,cell fallback matrix,Full Trace Record,fulltracerecord
5012,7,Evidence and Proof,15,World-language hunt,World-language borrowing,systematic generation,cell fallback matrix,Full Proof Trail,fullprooftrail
5013,7,Evidence and Proof,15,World-language hunt,World-language borrowing,systematic generation,cell fallback matrix,Full Control Limit,fullcontrollimit
5014,7,Evidence and Proof,16,Synchronicity / source-library raid,Authentic insider terminology,systematic generation,specialist source-library raid,Measurement Uncertainty,measurementuncertainty
5015,7,Evidence and Proof,16,Synchronicity / source-library raid,Authentic insider terminology,systematic generation,specialist source-library raid,Error Bar,errorbar
5016,7,Evidence and Proof,16,Synchronicity / source-library raid,Authentic insider terminology,systematic generation,specialist source-library raid,Validation Study,validationstudy
5017,7,Evidence and Proof,16,Synchronicity / source-library raid,Authentic insider terminology,systematic generation,specialist source-library raid,Inter Rater Reliability,interraterreliability
5018,7,Evidence and Proof,16,Synchronicity / source-library raid,Authentic insider terminology,systematic generation,specialist source-library raid,Repeatability,repeatability
5019,7,Evidence and Proof,16,Synchronicity / source-library raid,Authentic insider terminology,systematic generation,specialist source-library raid,Reproducibility,reproducibility
5020,7,Evidence and Proof,16,Synchronicity / source-library raid,Authentic insider terminology,systematic generation,specialist source-library raid,Calibration Standard,calibrationstandard
5021,7,Evidence and Proof,16,Synchronicity / source-library raid,Authentic insider terminology,systematic generation,specialist source-library raid,Traceability Chain,traceabilitychain
5022,7,Evidence and Proof,16,Synchronicity / source-library raid,Authentic insider terminology,systematic generation,specialist source-library raid,Reference Specimen,referencespecimen
5023,7,Evidence and Proof,16,Synchronicity / source-library raid,Authentic insider terminology,systematic generation,specialist source-library raid,Verification Protocol,verificationprotocol
5024,7,Evidence and Proof,16,Synchronicity / source-library raid,Authentic insider terminology,systematic generation,specialist source-library raid,Observed Agreement,observedagreement
5025,7,Evidence and Proof,16,Synchronicity / source-library raid,Authentic insider terminology,systematic generation,specialist source-library raid,Method Validation,methodvalidation
5026,7,Evidence and Proof,16,Synchronicity / source-library raid,Authentic insider terminology,systematic generation,specialist source-library raid,Source Verification,sourceverification
5027,7,Evidence and Proof,16,Synchronicity / source-library raid,Authentic insider terminology,systematic generation,specialist source-library raid,Audit Sample,auditsample
5028,7,Evidence and Proof,16,Synchronicity / source-library raid,Authentic insider terminology,systematic generation,specialist source-library raid,Control Limit,controllimit
5029,7,Evidence and Proof,16,Synchronicity / source-library raid,Authentic insider terminology,systematic generation,specialist source-library raid,Evidence Chain,evidencechain
5030,7,Evidence and Proof,16,Synchronicity / source-library raid,Authentic insider terminology,systematic generation,specialist source-library raid,Replicate Measure,replicatemeasure
5031,7,Evidence and Proof,16,Synchronicity / source-library raid,Authentic insider terminology,systematic generation,specialist source-library raid,Uncertainty Budget,uncertaintybudget
5032,7,Evidence and Proof,16,Synchronicity / source-library raid,Authentic insider terminology,systematic generation,specialist source-library raid,Proof Trail,prooftrail
5033,7,Evidence and Proof,16,Synchronicity / source-library raid,Authentic insider terminology,systematic generation,specialist source-library raid,Source Trail,sourcetrail
5034,7,Evidence and Proof,16,Synchronicity / source-library raid,Authentic insider terminology,systematic generation,source term reconstruction,Open Verification Stamp,openverificationstamp
5035,7,Evidence and Proof,16,Synchronicity / source-library raid,Authentic insider terminology,systematic generation,source term reconstruction,Open Audit Mark,openauditmark
5036,7,Evidence and Proof,16,Synchronicity / source-library raid,Authentic insider terminology,systematic generation,source term reconstruction,Open Finding Notice,openfindingnotice
5037,7,Evidence and Proof,16,Synchronicity / source-library raid,Authentic insider terminology,systematic generation,source term reconstruction,Open Test Certificate,opentestcertificate
5038,7,Evidence and Proof,16,Synchronicity / source-library raid,Authentic insider terminology,systematic generation,source term reconstruction,Open Account Book,openaccountbook
5039,7,Evidence and Proof,16,Synchronicity / source-library raid,Authentic insider terminology,systematic generation,source term reconstruction,Open Inspection Seal,openinspectionseal
5040,7,Evidence and Proof,16,Synchronicity / source-library raid,Authentic insider terminology,systematic generation,source term reconstruction,Open Result Witness,openresultwitness
5041,7,Evidence and Proof,16,Synchronicity / source-library raid,Authentic insider terminology,systematic generation,source term reconstruction,True Audit Mark,trueauditmark
5042,7,Evidence and Proof,16,Synchronicity / source-library raid,Authentic insider terminology,systematic generation,source term reconstruction,True Trace Record,truetracerecord
5043,7,Evidence and Proof,16,Synchronicity / source-library raid,Authentic insider terminology,systematic generation,source term reconstruction,True Replicate Plate,truereplicateplate
5044,7,Evidence and Proof,16,Synchronicity / source-library raid,Authentic insider terminology,systematic generation,source term reconstruction,True Validation Sheet,truevalidationsheet
5045,7,Evidence and Proof,16,Synchronicity / source-library raid,Authentic insider terminology,systematic generation,source term reconstruction,True Test Certificate,truetestcertificate
5046,7,Evidence and Proof,16,Synchronicity / source-library raid,Authentic insider terminology,systematic generation,source term reconstruction,True Reference Specimen,truereferencespecimen
5047,7,Evidence and Proof,16,Synchronicity / source-library raid,Authentic insider terminology,systematic generation,source term reconstruction,True Chain Record,truechainrecord
5048,7,Evidence and Proof,16,Synchronicity / source-library raid,Authentic insider terminology,systematic generation,source term reconstruction,True Observation Card,trueobservationcard
5049,7,Evidence and Proof,16,Synchronicity / source-library raid,Authentic insider terminology,systematic generation,source term reconstruction,True Account Book,trueaccountbook
5050,7,Evidence and Proof,16,Synchronicity / source-library raid,Authentic insider terminology,systematic generation,source term reconstruction,True Inspection Seal,trueinspectionseal
5051,7,Evidence and Proof,16,Synchronicity / source-library raid,Authentic insider terminology,systematic generation,source term reconstruction,True Result Witness,trueresultwitness
5052,7,Evidence and Proof,16,Synchronicity / source-library raid,Authentic insider terminology,systematic generation,source term reconstruction,True Proof Line,trueproofline
5053,7,Evidence and Proof,16,Synchronicity / source-library raid,Authentic insider terminology,systematic generation,source term reconstruction,Working Audit Mark,workingauditmark
5054,7,Evidence and Proof,16,Synchronicity / source-library raid,Authentic insider terminology,systematic generation,source term reconstruction,Working Trace Record,workingtracerecord
5055,7,Evidence and Proof,16,Synchronicity / source-library raid,Authentic insider terminology,systematic generation,source term reconstruction,Working Replicate Plate,workingreplicateplate
5056,7,Evidence and Proof,17,Three-team decoy,Decoy-world import,hand-authored,round-two curated depth seed,Proofline,proofline
5057,7,Evidence and Proof,17,Three-team decoy,Decoy-world import,hand-authored,round-two curated depth seed,Source Trace,sourcetrace
5058,7,Evidence and Proof,17,Three-team decoy,Decoy-world import,hand-authored,round-two curated depth seed,On Record,onrecord
5059,7,Evidence and Proof,17,Three-team decoy,Decoy-world import,hand-authored,round-two curated depth seed,Evidence Mark,evidencemark
5060,7,Evidence and Proof,17,Three-team decoy,Decoy-world import,hand-authored,round-two curated depth seed,Repeat Finding,repeatfinding
5061,7,Evidence and Proof,17,Three-team decoy,Decoy-world import,hand-authored,round-two curated depth seed,Verified Result,verifiedresult
5062,7,Evidence and Proof,17,Three-team decoy,Decoy-world import,hand-authored,round-two curated depth seed,Open Assay,openassay
5063,7,Evidence and Proof,17,Three-team decoy,Decoy-world import,hand-authored,round-two curated depth seed,Claim Trace,claimtrace
5064,7,Evidence and Proof,17,Three-team decoy,Decoy-world import,hand-authored,round-two curated depth seed,Result Witness,resultwitness
5065,7,Evidence and Proof,17,Three-team decoy,Decoy-world import,hand-authored,round-two curated depth seed,Measurement First,measurementfirst
5066,7,Evidence and Proof,17,Three-team decoy,Decoy-world import,hand-authored,round-two curated depth seed,The Error Bar,theerrorbar
5067,7,Evidence and Proof,17,Three-team decoy,Decoy-world import,hand-authored,round-two curated depth seed,Audit Mark,auditmark
5068,7,Evidence and Proof,17,Three-team decoy,Decoy-world import,hand-authored,round-two curated depth seed,Checked Twice,checkedtwice
5069,7,Evidence and Proof,17,Three-team decoy,Decoy-world import,systematic generation,three-team decoy briefs,Proofline,proofline
5070,7,Evidence and Proof,17,Three-team decoy,Decoy-world import,systematic generation,three-team decoy briefs,Source Trace,sourcetrace
5071,7,Evidence and Proof,17,Three-team decoy,Decoy-world import,systematic generation,three-team decoy briefs,On Record,onrecord
5072,7,Evidence and Proof,17,Three-team decoy,Decoy-world import,systematic generation,three-team decoy briefs,Evidence Mark,evidencemark
5073,7,Evidence and Proof,17,Three-team decoy,Decoy-world import,systematic generation,three-team decoy briefs,Repeat Finding,repeatfinding
5074,7,Evidence and Proof,17,Three-team decoy,Decoy-world import,systematic generation,three-team decoy briefs,Verified Result,verifiedresult
5075,7,Evidence and Proof,17,Three-team decoy,Decoy-world import,systematic generation,three-team decoy briefs,Open Assay,openassay
5076,7,Evidence and Proof,17,Three-team decoy,Decoy-world import,systematic generation,three-team decoy briefs,Factchecked,factchecked
5077,7,Evidence and Proof,17,Three-team decoy,Decoy-world import,systematic generation,three-team decoy briefs,Claim Trace,claimtrace
5078,7,Evidence and Proof,17,Three-team decoy,Decoy-world import,systematic generation,three-team decoy briefs,Result Witness,resultwitness
5079,7,Evidence and Proof,17,Three-team decoy,Decoy-world import,systematic generation,three-team decoy briefs,Measurement First,measurementfirst
5080,7,Evidence and Proof,17,Three-team decoy,Decoy-world import,systematic generation,three-team decoy briefs,The Error Bar,theerrorbar
5081,7,Evidence and Proof,17,Three-team decoy,Decoy-world import,systematic generation,three-team decoy briefs,Audit Mark,auditmark
5082,7,Evidence and Proof,17,Three-team decoy,Decoy-world import,systematic generation,three-team decoy briefs,Traceable Works,traceableworks
5083,7,Evidence and Proof,17,Three-team decoy,Decoy-world import,systematic generation,three-team decoy briefs,Observed Company,observedcompany
5084,7,Evidence and Proof,17,Three-team decoy,Decoy-world import,systematic generation,three-team decoy briefs,Checked Twice,checkedtwice
5085,7,Evidence and Proof,17,Three-team decoy,Decoy-world import,systematic generation,decoy company and institution,House of Trace Record,houseoftracerecord
5086,7,Evidence and Proof,17,Three-team decoy,Decoy-world import,systematic generation,decoy company and institution,House of Replicate Plate,houseofreplicateplate
5087,7,Evidence and Proof,17,Three-team decoy,Decoy-world import,systematic generation,decoy company and institution,House of Calibration Card,houseofcalibrationcard
5088,7,Evidence and Proof,17,Three-team decoy,Decoy-world import,systematic generation,decoy company and institution,House of Validation Sheet,houseofvalidationsheet
5089,7,Evidence and Proof,17,Three-team decoy,Decoy-world import,systematic generation,decoy company and institution,House of Reference Specimen,houseofreferencespecimen
5090,7,Evidence and Proof,17,Three-team decoy,Decoy-world import,systematic generation,decoy company and institution,House of Chain Record,houseofchainrecord
5091,7,Evidence and Proof,17,Three-team decoy,Decoy-world import,systematic generation,decoy company and institution,House of Observation Card,houseofobservationcard
5092,7,Evidence and Proof,17,Three-team decoy,Decoy-world import,systematic generation,decoy company and institution,House of Evidence Tag,houseofevidencetag
5093,7,Evidence and Proof,17,Three-team decoy,Decoy-world import,systematic generation,decoy company and institution,House of Proof Line,houseofproofline
5094,7,Evidence and Proof,17,Three-team decoy,Decoy-world import,systematic generation,decoy company and institution,The Source Trail,thesourcetrail
5095,7,Evidence and Proof,17,Three-team decoy,Decoy-world import,systematic generation,decoy company and institution,The Measurement Log,themeasurementlog
5096,7,Evidence and Proof,17,Three-team decoy,Decoy-world import,systematic generation,decoy company and institution,The Calibration Card,thecalibrationcard
5097,7,Evidence and Proof,17,Three-team decoy,Decoy-world import,systematic generation,decoy company and institution,The Uncertainty Budget,theuncertaintybudget
5098,7,Evidence and Proof,17,Three-team decoy,Decoy-world import,systematic generation,decoy company and institution,The Evidence Tag,theevidencetag
5099,7,Evidence and Proof,17,Three-team decoy,Decoy-world import,systematic generation,decoy company and institution,The Source Trace,thesourcetrace
5100,7,Evidence and Proof,17,Three-team decoy,Decoy-world import,systematic generation,decoy company and institution,Common Source Trail,commonsourcetrail
5101,7,Evidence and Proof,17,Three-team decoy,Decoy-world import,systematic generation,decoy company and institution,Common Measurement Log,commonmeasurementlog
5102,7,Evidence and Proof,17,Three-team decoy,Decoy-world import,systematic generation,decoy company and institution,Common Calibration Card,commoncalibrationcard
5103,7,Evidence and Proof,17,Three-team decoy,Decoy-world import,systematic generation,decoy company and institution,Common Uncertainty Budget,commonuncertaintybudget
5104,7,Evidence and Proof,17,Three-team decoy,Decoy-world import,systematic generation,decoy company and institution,Common Evidence Tag,commonevidencetag
5105,7,Evidence and Proof,17,Three-team decoy,Decoy-world import,systematic generation,decoy company and institution,Common Source Trace,commonsourcetrace
5106,7,Evidence and Proof,17,Three-team decoy,Decoy-world import,systematic generation,decoy company and institution,First Audit Mark,firstauditmark
5107,7,Evidence and Proof,17,Three-team decoy,Decoy-world import,systematic generation,decoy company and institution,First Replicate Plate,firstreplicateplate
5108,7,Evidence and Proof,17,Three-team decoy,Decoy-world import,systematic generation,decoy company and institution,First Validation Sheet,firstvalidationsheet
5109,7,Evidence and Proof,17,Three-team decoy,Decoy-world import,systematic generation,decoy company and institution,First Test Certificate,firsttestcertificate
5110,7,Evidence and Proof,17,Three-team decoy,Decoy-world import,systematic generation,decoy company and institution,First Reference Specimen,firstreferencespecimen
5111,8,Better Informed and Customer Agency,1,Make the intangible tangible,"Authentic object, tool, gesture, or process",systematic generation,world objects and instruments,Decision Tree,decisiontree
5112,8,Better Informed and Customer Agency,1,Make the intangible tangible,"Authentic object, tool, gesture, or process",systematic generation,world objects and instruments,Reference Map,referencemap
5113,8,Better Informed and Customer Agency,1,Make the intangible tangible,"Authentic object, tool, gesture, or process",systematic generation,world objects and instruments,Comparison Card,comparisoncard
5114,8,Better Informed and Customer Agency,1,Make the intangible tangible,"Authentic object, tool, gesture, or process",systematic generation,world objects and instruments,Choice Grid,choicegrid
5115,8,Better Informed and Customer Agency,1,Make the intangible tangible,"Authentic object, tool, gesture, or process",systematic generation,world objects and instruments,Orientation Point,orientationpoint
5116,8,Better Informed and Customer Agency,1,Make the intangible tangible,"Authentic object, tool, gesture, or process",systematic generation,world objects and instruments,Legend Box,legendbox
5117,8,Better Informed and Customer Agency,1,Make the intangible tangible,"Authentic object, tool, gesture, or process",systematic generation,world objects and instruments,Navigation Aid,navigationaid
5118,8,Better Informed and Customer Agency,1,Make the intangible tangible,"Authentic object, tool, gesture, or process",systematic generation,world objects and instruments,Route Marker,routemarker
5119,8,Better Informed and Customer Agency,1,Make the intangible tangible,"Authentic object, tool, gesture, or process",systematic generation,world objects and instruments,Question Card,questioncard
5120,8,Better Informed and Customer Agency,1,Make the intangible tangible,"Authentic object, tool, gesture, or process",systematic generation,world objects and instruments,Decision Table,decisiontable
5121,8,Better Informed and Customer Agency,1,Make the intangible tangible,"Authentic object, tool, gesture, or process",systematic generation,world objects and instruments,User Guide,userguide
5122,8,Better Informed and Customer Agency,1,Make the intangible tangible,"Authentic object, tool, gesture, or process",systematic generation,world objects and instruments,Reading Key,readingkey
5123,8,Better Informed and Customer Agency,1,Make the intangible tangible,"Authentic object, tool, gesture, or process",systematic generation,world objects and instruments,Sense Map,sensemap
5124,8,Better Informed and Customer Agency,1,Make the intangible tangible,"Authentic object, tool, gesture, or process",systematic generation,world objects and instruments,Information Panel,informationpanel
5125,8,Better Informed and Customer Agency,1,Make the intangible tangible,"Authentic object, tool, gesture, or process",systematic generation,world objects and instruments,Choice Architecture,choicearchitecture
5126,8,Better Informed and Customer Agency,1,Make the intangible tangible,"Authentic object, tool, gesture, or process",systematic generation,world objects and instruments,Comparison Scale,comparisonscale
5127,8,Better Informed and Customer Agency,1,Make the intangible tangible,"Authentic object, tool, gesture, or process",systematic generation,world objects and instruments,Decision Compass,decisioncompass
5128,8,Better Informed and Customer Agency,1,Make the intangible tangible,"Authentic object, tool, gesture, or process",systematic generation,world objects and instruments,Interpretation Key,interpretationkey
5129,8,Better Informed and Customer Agency,1,Make the intangible tangible,"Authentic object, tool, gesture, or process",systematic generation,world objects and instruments,Wayfinding Sign,wayfindingsign
5130,8,Better Informed and Customer Agency,1,Make the intangible tangible,"Authentic object, tool, gesture, or process",systematic generation,world objects and instruments,Reference Point,referencepoint
5131,8,Better Informed and Customer Agency,1,Make the intangible tangible,"Authentic object, tool, gesture, or process",systematic generation,tangible object matrix,Full Decision Tree,fulldecisiontree
5132,8,Better Informed and Customer Agency,1,Make the intangible tangible,"Authentic object, tool, gesture, or process",systematic generation,tangible object matrix,Full Orientation Point,fullorientationpoint
5133,8,Better Informed and Customer Agency,1,Make the intangible tangible,"Authentic object, tool, gesture, or process",systematic generation,tangible object matrix,Full Question Card,fullquestioncard
5134,8,Better Informed and Customer Agency,1,Make the intangible tangible,"Authentic object, tool, gesture, or process",systematic generation,tangible object matrix,Full Decision Table,fulldecisiontable
5135,8,Better Informed and Customer Agency,1,Make the intangible tangible,"Authentic object, tool, gesture, or process",systematic generation,tangible object matrix,Full Sense Map,fullsensemap
5136,8,Better Informed and Customer Agency,1,Make the intangible tangible,"Authentic object, tool, gesture, or process",systematic generation,tangible object matrix,Full Choice Architecture,fullchoicearchitecture
5137,8,Better Informed and Customer Agency,1,Make the intangible tangible,"Authentic object, tool, gesture, or process",systematic generation,tangible object matrix,Full Comparison Scale,fullcomparisonscale
5138,8,Better Informed and Customer Agency,1,Make the intangible tangible,"Authentic object, tool, gesture, or process",systematic generation,tangible object matrix,Full Wayfinding Sign,fullwayfindingsign
5139,8,Better Informed and Customer Agency,1,Make the intangible tangible,"Authentic object, tool, gesture, or process",systematic generation,tangible object matrix,Open Reference Map,openreferencemap
5140,8,Better Informed and Customer Agency,1,Make the intangible tangible,"Authentic object, tool, gesture, or process",systematic generation,tangible object matrix,Open Choice Grid,openchoicegrid
5141,8,Better Informed and Customer Agency,1,Make the intangible tangible,"Authentic object, tool, gesture, or process",systematic generation,tangible object matrix,Open Orientation Point,openorientationpoint
5142,8,Better Informed and Customer Agency,1,Make the intangible tangible,"Authentic object, tool, gesture, or process",systematic generation,tangible object matrix,Open Route Marker,openroutemarker
5143,8,Better Informed and Customer Agency,1,Make the intangible tangible,"Authentic object, tool, gesture, or process",systematic generation,tangible object matrix,Open Question Card,openquestioncard
5144,8,Better Informed and Customer Agency,1,Make the intangible tangible,"Authentic object, tool, gesture, or process",systematic generation,tangible object matrix,Open Sense Map,opensensemap
5145,8,Better Informed and Customer Agency,1,Make the intangible tangible,"Authentic object, tool, gesture, or process",systematic generation,tangible object matrix,Open Comparison Scale,opencomparisonscale
5146,8,Better Informed and Customer Agency,1,Make the intangible tangible,"Authentic object, tool, gesture, or process",systematic generation,tangible object matrix,Open Reference Point,openreferencepoint
5147,8,Better Informed and Customer Agency,1,Make the intangible tangible,"Authentic object, tool, gesture, or process",systematic generation,tangible object matrix,True Reference Map,truereferencemap
5148,8,Better Informed and Customer Agency,1,Make the intangible tangible,"Authentic object, tool, gesture, or process",systematic generation,tangible object matrix,True Comparison Card,truecomparisoncard
5149,8,Better Informed and Customer Agency,1,Make the intangible tangible,"Authentic object, tool, gesture, or process",systematic generation,tangible object matrix,True Choice Grid,truechoicegrid
5150,8,Better Informed and Customer Agency,1,Make the intangible tangible,"Authentic object, tool, gesture, or process",systematic generation,tangible object matrix,True Route Marker,trueroutemarker
5151,8,Better Informed and Customer Agency,1,Make the intangible tangible,"Authentic object, tool, gesture, or process",systematic generation,tangible object matrix,True Reading Key,truereadingkey
5152,8,Better Informed and Customer Agency,1,Make the intangible tangible,"Authentic object, tool, gesture, or process",systematic generation,tangible object matrix,True Decision Compass,truedecisioncompass
5153,8,Better Informed and Customer Agency,2,Benefit ladder / ultimate feeling,Explicit benefit or proposition,systematic generation,benefit ladder,Make A Better Call,makeabettercall
5154,8,Better Informed and Customer Agency,2,Benefit ladder / ultimate feeling,Explicit benefit or proposition,systematic generation,benefit ladder,Know The Difference,knowthedifference
5155,8,Better Informed and Customer Agency,2,Benefit ladder / ultimate feeling,Explicit benefit or proposition,systematic generation,benefit ladder,Choose with A Map,choosewithamap
5156,8,Better Informed and Customer Agency,2,Benefit ladder / ultimate feeling,Explicit benefit or proposition,systematic generation,benefit ladder,Understand Before Buying,understandbeforebuying
5157,8,Better Informed and Customer Agency,2,Benefit ladder / ultimate feeling,Explicit benefit or proposition,systematic generation,benefit ladder,Good Sense in Use,goodsenseinuse
5158,8,Better Informed and Customer Agency,2,Benefit ladder / ultimate feeling,Explicit benefit or proposition,systematic generation,benefit ladder,More Fluent Choices,morefluentchoices
5159,8,Better Informed and Customer Agency,2,Benefit ladder / ultimate feeling,Explicit benefit or proposition,systematic generation,benefit ladder,A Question Worth Asking,aquestionworthasking
5160,8,Better Informed and Customer Agency,2,Benefit ladder / ultimate feeling,Explicit benefit or proposition,systematic generation,benefit ladder,The Why Makes Sense,thewhymakessense
5161,8,Better Informed and Customer Agency,2,Benefit ladder / ultimate feeling,Explicit benefit or proposition,systematic generation,benefit ladder,Decisions Get Easier,decisionsgeteasier
5162,8,Better Informed and Customer Agency,2,Benefit ladder / ultimate feeling,Explicit benefit or proposition,systematic generation,benefit ladder,Know Enough to Choose,knowenoughtochoose
5163,8,Better Informed and Customer Agency,2,Benefit ladder / ultimate feeling,Explicit benefit or proposition,systematic generation,benefit ladder,Your Judgment Improves,yourjudgmentimproves
5164,8,Better Informed and Customer Agency,2,Benefit ladder / ultimate feeling,Explicit benefit or proposition,systematic generation,benefit ladder,Information You Can Act On,informationyoucanacton
5165,8,Better Informed and Customer Agency,2,Benefit ladder / ultimate feeling,Explicit benefit or proposition,systematic generation,benefit ladder,A More Readable Routine,amorereadableroutine
5166,8,Better Informed and Customer Agency,2,Benefit ladder / ultimate feeling,Explicit benefit or proposition,systematic generation,benefit ladder,Choice with Context,choicewithcontext
5167,8,Better Informed and Customer Agency,2,Benefit ladder / ultimate feeling,Explicit benefit or proposition,systematic generation,benefit ladder,Understanding in Practice,understandinginpractice
5168,8,Better Informed and Customer Agency,2,Benefit ladder / ultimate feeling,Explicit benefit or proposition,systematic generation,benefit compression,More Decide,moredecide
5169,8,Better Informed and Customer Agency,2,Benefit ladder / ultimate feeling,Explicit benefit or proposition,systematic generation,benefit compression,More Compare,morecompare
5170,8,Better Informed and Customer Agency,2,Benefit ladder / ultimate feeling,Explicit benefit or proposition,systematic generation,benefit compression,More Question,morequestion
5171,8,Better Informed and Customer Agency,2,Benefit ladder / ultimate feeling,Explicit benefit or proposition,systematic generation,benefit compression,More Comprehend,morecomprehend
5172,8,Better Informed and Customer Agency,2,Benefit ladder / ultimate feeling,Explicit benefit or proposition,systematic generation,benefit compression,More Understandable,moreunderstandable
5173,8,Better Informed and Customer Agency,2,Benefit ladder / ultimate feeling,Explicit benefit or proposition,systematic generation,benefit compression,More Userled,moreuserled
5174,8,Better Informed and Customer Agency,2,Benefit ladder / ultimate feeling,Explicit benefit or proposition,systematic generation,benefit compression,More Learnable,morelearnable
5175,8,Better Informed and Customer Agency,2,Benefit ladder / ultimate feeling,Explicit benefit or proposition,systematic generation,benefit compression,More Readable,morereadable
5176,8,Better Informed and Customer Agency,2,Benefit ladder / ultimate feeling,Explicit benefit or proposition,systematic generation,benefit compression,More Informedness,moreinformedness
5177,8,Better Informed and Customer Agency,2,Benefit ladder / ultimate feeling,Explicit benefit or proposition,systematic generation,benefit compression,More Discernment,morediscernment
5178,8,Better Informed and Customer Agency,2,Benefit ladder / ultimate feeling,Explicit benefit or proposition,systematic generation,benefit compression,More Mentalmodel,morementalmodel
5179,8,Better Informed and Customer Agency,2,Benefit ladder / ultimate feeling,Explicit benefit or proposition,systematic generation,benefit compression,Better Orient,betterorient
5180,8,Better Informed and Customer Agency,2,Benefit ladder / ultimate feeling,Explicit benefit or proposition,systematic generation,benefit compression,Better Choiceful,betterchoiceful
5181,8,Better Informed and Customer Agency,2,Benefit ladder / ultimate feeling,Explicit benefit or proposition,systematic generation,benefit compression,Better Knowable,betterknowable
5182,8,Better Informed and Customer Agency,2,Benefit ladder / ultimate feeling,Explicit benefit or proposition,systematic generation,benefit compression,Better Clearheaded,betterclearheaded
5183,8,Better Informed and Customer Agency,2,Benefit ladder / ultimate feeling,Explicit benefit or proposition,systematic generation,benefit compression,Full Orient,fullorient
5184,8,Better Informed and Customer Agency,2,Benefit ladder / ultimate feeling,Explicit benefit or proposition,systematic generation,benefit compression,Full Choiceful,fullchoiceful
5185,8,Better Informed and Customer Agency,2,Benefit ladder / ultimate feeling,Explicit benefit or proposition,systematic generation,benefit compression,Full Knowable,fullknowable
5186,8,Better Informed and Customer Agency,2,Benefit ladder / ultimate feeling,Explicit benefit or proposition,systematic generation,benefit compression,Full Clearheaded,fullclearheaded
5187,8,Better Informed and Customer Agency,2,Benefit ladder / ultimate feeling,Explicit benefit or proposition,systematic generation,benefit compression,Good Interpret,goodinterpret
5188,8,Better Informed and Customer Agency,2,Benefit ladder / ultimate feeling,Explicit benefit or proposition,systematic generation,benefit compression,Good Navigate,goodnavigate
5189,8,Better Informed and Customer Agency,2,Benefit ladder / ultimate feeling,Explicit benefit or proposition,systematic generation,benefit compression,Good Choiceful,goodchoiceful
5190,8,Better Informed and Customer Agency,2,Benefit ladder / ultimate feeling,Explicit benefit or proposition,systematic generation,benefit compression,Good Sensefirst,goodsensefirst
5191,8,Better Informed and Customer Agency,2,Benefit ladder / ultimate feeling,Explicit benefit or proposition,systematic generation,benefit compression,Good Clearheaded,goodclearheaded
5192,8,Better Informed and Customer Agency,2,Benefit ladder / ultimate feeling,Explicit benefit or proposition,systematic generation,benefit compression,Ready Orient,readyorient
5193,8,Better Informed and Customer Agency,2,Benefit ladder / ultimate feeling,Explicit benefit or proposition,systematic generation,benefit compression,Ready Choiceful,readychoiceful
5194,8,Better Informed and Customer Agency,2,Benefit ladder / ultimate feeling,Explicit benefit or proposition,systematic generation,benefit compression,Ready Knowable,readyknowable
5195,8,Better Informed and Customer Agency,3,Reframe the question / name the future,Direct conceptual reframe,systematic generation,future reframe,The User Leads,theuserleads
5196,8,Better Informed and Customer Agency,3,Reframe the question / name the future,Direct conceptual reframe,systematic generation,future reframe,Skincare Becomes Knowable,skincarebecomesknowable
5197,8,Better Informed and Customer Agency,3,Reframe the question / name the future,Direct conceptual reframe,systematic generation,future reframe,The Decision Moves to You,thedecisionmovestoyou
5198,8,Better Informed and Customer Agency,3,Reframe the question / name the future,Direct conceptual reframe,systematic generation,future reframe,A More Readable Category,amorereadablecategory
5199,8,Better Informed and Customer Agency,3,Reframe the question / name the future,Direct conceptual reframe,systematic generation,future reframe,The Age of Fluent Choice,theageoffluentchoice
5200,8,Better Informed and Customer Agency,3,Reframe the question / name the future,Direct conceptual reframe,systematic generation,future reframe,Understanding Before Authority,understandingbeforeauthority
5201,8,Better Informed and Customer Agency,3,Reframe the question / name the future,Direct conceptual reframe,systematic generation,future reframe,The Self Directed Standard,theselfdirectedstandard
5202,8,Better Informed and Customer Agency,3,Reframe the question / name the future,Direct conceptual reframe,systematic generation,future reframe,Every Routine Has A Why,everyroutinehasawhy
5203,8,Better Informed and Customer Agency,3,Reframe the question / name the future,Direct conceptual reframe,systematic generation,future reframe,The End of Passive Expertise,theendofpassiveexpertise
5204,8,Better Informed and Customer Agency,3,Reframe the question / name the future,Direct conceptual reframe,systematic generation,future reframe,Skincare with User Control,skincarewithusercontrol
5205,8,Better Informed and Customer Agency,3,Reframe the question / name the future,Direct conceptual reframe,systematic generation,future reframe,The Comprehensible Formula,thecomprehensibleformula
5206,8,Better Informed and Customer Agency,3,Reframe the question / name the future,Direct conceptual reframe,systematic generation,future reframe,Choice Becomes Capability,choicebecomescapability
5207,8,Better Informed and Customer Agency,3,Reframe the question / name the future,Direct conceptual reframe,systematic generation,future reframe,The Informed User Era,theinformeduserera
5208,8,Better Informed and Customer Agency,3,Reframe the question / name the future,Direct conceptual reframe,systematic generation,name the future matrix,Next Decision Tree,nextdecisiontree
5209,8,Better Informed and Customer Agency,3,Reframe the question / name the future,Direct conceptual reframe,systematic generation,name the future matrix,Next Orientation Point,nextorientationpoint
5210,8,Better Informed and Customer Agency,3,Reframe the question / name the future,Direct conceptual reframe,systematic generation,name the future matrix,Next Question Card,nextquestioncard
5211,8,Better Informed and Customer Agency,3,Reframe the question / name the future,Direct conceptual reframe,systematic generation,name the future matrix,Next Decision Table,nextdecisiontable
5212,8,Better Informed and Customer Agency,3,Reframe the question / name the future,Direct conceptual reframe,systematic generation,name the future matrix,Next Sense Map,nextsensemap
5213,8,Better Informed and Customer Agency,3,Reframe the question / name the future,Direct conceptual reframe,systematic generation,name the future matrix,Next Choice Architecture,nextchoicearchitecture
5214,8,Better Informed and Customer Agency,3,Reframe the question / name the future,Direct conceptual reframe,systematic generation,name the future matrix,Next Comparison Scale,nextcomparisonscale
5215,8,Better Informed and Customer Agency,3,Reframe the question / name the future,Direct conceptual reframe,systematic generation,name the future matrix,New Comparison Card,newcomparisoncard
5216,8,Better Informed and Customer Agency,3,Reframe the question / name the future,Direct conceptual reframe,systematic generation,name the future matrix,New Legend Box,newlegendbox
5217,8,Better Informed and Customer Agency,3,Reframe the question / name the future,Direct conceptual reframe,systematic generation,name the future matrix,New Navigation Aid,newnavigationaid
5218,8,Better Informed and Customer Agency,3,Reframe the question / name the future,Direct conceptual reframe,systematic generation,name the future matrix,New User Guide,newuserguide
5219,8,Better Informed and Customer Agency,3,Reframe the question / name the future,Direct conceptual reframe,systematic generation,name the future matrix,New Reading Key,newreadingkey
5220,8,Better Informed and Customer Agency,3,Reframe the question / name the future,Direct conceptual reframe,systematic generation,name the future matrix,New Information Panel,newinformationpanel
5221,8,Better Informed and Customer Agency,3,Reframe the question / name the future,Direct conceptual reframe,systematic generation,name the future matrix,New Decision Compass,newdecisioncompass
5222,8,Better Informed and Customer Agency,3,Reframe the question / name the future,Direct conceptual reframe,systematic generation,name the future matrix,New Interpretation Key,newinterpretationkey
5223,8,Better Informed and Customer Agency,3,Reframe the question / name the future,Direct conceptual reframe,systematic generation,name the future matrix,Future Comparison Card,futurecomparisoncard
5224,8,Better Informed and Customer Agency,3,Reframe the question / name the future,Direct conceptual reframe,systematic generation,name the future matrix,Future Legend Box,futurelegendbox
5225,8,Better Informed and Customer Agency,3,Reframe the question / name the future,Direct conceptual reframe,systematic generation,name the future matrix,Future Navigation Aid,futurenavigationaid
5226,8,Better Informed and Customer Agency,3,Reframe the question / name the future,Direct conceptual reframe,systematic generation,name the future matrix,Future User Guide,futureuserguide
5227,8,Better Informed and Customer Agency,3,Reframe the question / name the future,Direct conceptual reframe,systematic generation,name the future matrix,Future Reading Key,futurereadingkey
5228,8,Better Informed and Customer Agency,3,Reframe the question / name the future,Direct conceptual reframe,systematic generation,name the future matrix,Future Information Panel,futureinformationpanel
5229,8,Better Informed and Customer Agency,3,Reframe the question / name the future,Direct conceptual reframe,systematic generation,name the future matrix,Future Decision Compass,futuredecisioncompass
5230,8,Better Informed and Customer Agency,3,Reframe the question / name the future,Direct conceptual reframe,systematic generation,name the future matrix,Future Interpretation Key,futureinterpretationkey
5231,8,Better Informed and Customer Agency,3,Reframe the question / name the future,Direct conceptual reframe,systematic generation,name the future matrix,Beyond Decision Tree,beyonddecisiontree
5232,8,Better Informed and Customer Agency,3,Reframe the question / name the future,Direct conceptual reframe,systematic generation,name the future matrix,Beyond Legend Box,beyondlegendbox
5233,8,Better Informed and Customer Agency,3,Reframe the question / name the future,Direct conceptual reframe,systematic generation,name the future matrix,Beyond Navigation Aid,beyondnavigationaid
5234,8,Better Informed and Customer Agency,3,Reframe the question / name the future,Direct conceptual reframe,systematic generation,name the future matrix,Beyond Decision Table,beyonddecisiontable
5235,8,Better Informed and Customer Agency,3,Reframe the question / name the future,Direct conceptual reframe,systematic generation,name the future matrix,Beyond User Guide,beyonduserguide
5236,8,Better Informed and Customer Agency,3,Reframe the question / name the future,Direct conceptual reframe,systematic generation,name the future matrix,Beyond Information Panel,beyondinformationpanel
5237,8,Better Informed and Customer Agency,4,Anti-descriptor,Bold contradiction or anti-descriptor,systematic generation,anti-descriptor,Clearheaded Beauty,clearheadedbeauty
5238,8,Better Informed and Customer Agency,4,Anti-descriptor,Bold contradiction or anti-descriptor,systematic generation,anti-descriptor,Expert Enough to Question,expertenoughtoquestion
5239,8,Better Informed and Customer Agency,4,Anti-descriptor,Bold contradiction or anti-descriptor,systematic generation,anti-descriptor,Simple with Context,simplewithcontext
5240,8,Better Informed and Customer Agency,4,Anti-descriptor,Bold contradiction or anti-descriptor,systematic generation,anti-descriptor,No Guru Needed,noguruneeded
5241,8,Better Informed and Customer Agency,4,Anti-descriptor,Bold contradiction or anti-descriptor,systematic generation,anti-descriptor,Knowledge Without Authority,knowledgewithoutauthority
5242,8,Better Informed and Customer Agency,4,Anti-descriptor,Bold contradiction or anti-descriptor,systematic generation,anti-descriptor,Readable Complexity,readablecomplexity
5243,8,Better Informed and Customer Agency,4,Anti-descriptor,Bold contradiction or anti-descriptor,systematic generation,anti-descriptor,A Beginner with Judgment,abeginnerwithjudgment
5244,8,Better Informed and Customer Agency,4,Anti-descriptor,Bold contradiction or anti-descriptor,systematic generation,anti-descriptor,Information Not Instruction,informationnotinstruction
5245,8,Better Informed and Customer Agency,4,Anti-descriptor,Bold contradiction or anti-descriptor,systematic generation,anti-descriptor,Guidance Without Control,guidancewithoutcontrol
5246,8,Better Informed and Customer Agency,4,Anti-descriptor,Bold contradiction or anti-descriptor,systematic generation,anti-descriptor,Smart Enough to Ask,smartenoughtoask
5247,8,Better Informed and Customer Agency,4,Anti-descriptor,Bold contradiction or anti-descriptor,systematic generation,anti-descriptor,Advanced But Knowable,advancedbutknowable
5248,8,Better Informed and Customer Agency,4,Anti-descriptor,Bold contradiction or anti-descriptor,systematic generation,anti-descriptor,Choose Without Obeying,choosewithoutobeying
5249,8,Better Informed and Customer Agency,4,Anti-descriptor,Bold contradiction or anti-descriptor,systematic generation,anti-descriptor,No Blind Recommendation,noblindrecommendation
5250,8,Better Informed and Customer Agency,4,Anti-descriptor,Bold contradiction or anti-descriptor,systematic generation,anti-descriptor,Informed Not Overwhelmed,informednotoverwhelmed
5251,8,Better Informed and Customer Agency,4,Anti-descriptor,Bold contradiction or anti-descriptor,systematic generation,anti-descriptor,Good Sense Over Expert Status,goodsenseoverexpertstatus
5252,8,Better Informed and Customer Agency,4,Anti-descriptor,Bold contradiction or anti-descriptor,systematic generation,anti-descriptor,User Led Expertise,userledexpertise
5253,8,Better Informed and Customer Agency,4,Anti-descriptor,Bold contradiction or anti-descriptor,systematic generation,anti-category matrix,No Decision Tree,nodecisiontree
5254,8,Better Informed and Customer Agency,4,Anti-descriptor,Bold contradiction or anti-descriptor,systematic generation,anti-category matrix,No Legend Box,nolegendbox
5255,8,Better Informed and Customer Agency,4,Anti-descriptor,Bold contradiction or anti-descriptor,systematic generation,anti-category matrix,No Navigation Aid,nonavigationaid
5256,8,Better Informed and Customer Agency,4,Anti-descriptor,Bold contradiction or anti-descriptor,systematic generation,anti-category matrix,No Decision Table,nodecisiontable
5257,8,Better Informed and Customer Agency,4,Anti-descriptor,Bold contradiction or anti-descriptor,systematic generation,anti-category matrix,No User Guide,nouserguide
5258,8,Better Informed and Customer Agency,4,Anti-descriptor,Bold contradiction or anti-descriptor,systematic generation,anti-category matrix,No Information Panel,noinformationpanel
5259,8,Better Informed and Customer Agency,4,Anti-descriptor,Bold contradiction or anti-descriptor,systematic generation,anti-category matrix,No Choice Architecture,nochoicearchitecture
5260,8,Better Informed and Customer Agency,4,Anti-descriptor,Bold contradiction or anti-descriptor,systematic generation,anti-category matrix,No Interpretation Key,nointerpretationkey
5261,8,Better Informed and Customer Agency,4,Anti-descriptor,Bold contradiction or anti-descriptor,systematic generation,anti-category matrix,Not Comparison Card,notcomparisoncard
5262,8,Better Informed and Customer Agency,4,Anti-descriptor,Bold contradiction or anti-descriptor,systematic generation,anti-category matrix,Not Legend Box,notlegendbox
5263,8,Better Informed and Customer Agency,4,Anti-descriptor,Bold contradiction or anti-descriptor,systematic generation,anti-category matrix,Not Navigation Aid,notnavigationaid
5264,8,Better Informed and Customer Agency,4,Anti-descriptor,Bold contradiction or anti-descriptor,systematic generation,anti-category matrix,Not User Guide,notuserguide
5265,8,Better Informed and Customer Agency,4,Anti-descriptor,Bold contradiction or anti-descriptor,systematic generation,anti-category matrix,Not Reading Key,notreadingkey
5266,8,Better Informed and Customer Agency,4,Anti-descriptor,Bold contradiction or anti-descriptor,systematic generation,anti-category matrix,Not Information Panel,notinformationpanel
5267,8,Better Informed and Customer Agency,4,Anti-descriptor,Bold contradiction or anti-descriptor,systematic generation,anti-category matrix,Not Decision Compass,notdecisioncompass
5268,8,Better Informed and Customer Agency,4,Anti-descriptor,Bold contradiction or anti-descriptor,systematic generation,anti-category matrix,Not Interpretation Key,notinterpretationkey
5269,8,Better Informed and Customer Agency,4,Anti-descriptor,Bold contradiction or anti-descriptor,systematic generation,anti-category matrix,Without Reference Map,withoutreferencemap
5270,8,Better Informed and Customer Agency,4,Anti-descriptor,Bold contradiction or anti-descriptor,systematic generation,anti-category matrix,Without Choice Grid,withoutchoicegrid
5271,8,Better Informed and Customer Agency,4,Anti-descriptor,Bold contradiction or anti-descriptor,systematic generation,anti-category matrix,Without Orientation Point,withoutorientationpoint
5272,8,Better Informed and Customer Agency,4,Anti-descriptor,Bold contradiction or anti-descriptor,systematic generation,anti-category matrix,Without Route Marker,withoutroutemarker
5273,8,Better Informed and Customer Agency,4,Anti-descriptor,Bold contradiction or anti-descriptor,systematic generation,anti-category matrix,Without Question Card,withoutquestioncard
5274,8,Better Informed and Customer Agency,4,Anti-descriptor,Bold contradiction or anti-descriptor,systematic generation,anti-category matrix,Without Sense Map,withoutsensemap
5275,8,Better Informed and Customer Agency,4,Anti-descriptor,Bold contradiction or anti-descriptor,systematic generation,anti-category matrix,Without Comparison Scale,withoutcomparisonscale
5276,8,Better Informed and Customer Agency,4,Anti-descriptor,Bold contradiction or anti-descriptor,systematic generation,anti-category matrix,Beyond Decision Tree,beyonddecisiontree
5277,8,Better Informed and Customer Agency,4,Anti-descriptor,Bold contradiction or anti-descriptor,systematic generation,anti-category matrix,Beyond Legend Box,beyondlegendbox
5278,8,Better Informed and Customer Agency,4,Anti-descriptor,Bold contradiction or anti-descriptor,systematic generation,anti-category matrix,Beyond Navigation Aid,beyondnavigationaid
5279,8,Better Informed and Customer Agency,5,Win by contrast,Unexpected imported term,systematic generation,far-field source contrast,Decision Quality,decisionquality
5280,8,Better Informed and Customer Agency,5,Win by contrast,Unexpected imported term,systematic generation,far-field source contrast,Decision Confidence,decisionconfidence
5281,8,Better Informed and Customer Agency,5,Win by contrast,Unexpected imported term,systematic generation,far-field source contrast,Information Literacy,informationliteracy
5282,8,Better Informed and Customer Agency,5,Win by contrast,Unexpected imported term,systematic generation,far-field source contrast,Comprehension Check,comprehensioncheck
5283,8,Better Informed and Customer Agency,5,Win by contrast,Unexpected imported term,systematic generation,far-field source contrast,Choice Set,choiceset
5284,8,Better Informed and Customer Agency,5,Win by contrast,Unexpected imported term,systematic generation,far-field source contrast,Reference Frame,referenceframe
5285,8,Better Informed and Customer Agency,5,Win by contrast,Unexpected imported term,systematic generation,far-field source contrast,Decision Threshold,decisionthreshold
5286,8,Better Informed and Customer Agency,5,Win by contrast,Unexpected imported term,systematic generation,far-field source contrast,User Agency,useragency
5287,8,Better Informed and Customer Agency,5,Win by contrast,Unexpected imported term,systematic generation,far-field source contrast,Cognitive Map,cognitivemap
5288,8,Better Informed and Customer Agency,5,Win by contrast,Unexpected imported term,systematic generation,far-field source contrast,Information Scent,informationscent
5289,8,Better Informed and Customer Agency,5,Win by contrast,Unexpected imported term,systematic generation,far-field source contrast,Wayfinding,wayfinding
5290,8,Better Informed and Customer Agency,5,Win by contrast,Unexpected imported term,systematic generation,far-field source contrast,Decision Path,decisionpath
5291,8,Better Informed and Customer Agency,5,Win by contrast,Unexpected imported term,systematic generation,far-field source contrast,Comparison Matrix,comparisonmatrix
5292,8,Better Informed and Customer Agency,5,Win by contrast,Unexpected imported term,systematic generation,far-field source contrast,Interpretive Frame,interpretiveframe
5293,8,Better Informed and Customer Agency,5,Win by contrast,Unexpected imported term,systematic generation,far-field source contrast,Knowledge State,knowledgestate
5294,8,Better Informed and Customer Agency,5,Win by contrast,Unexpected imported term,systematic generation,far-field source contrast,Question Formulation,questionformulation
5295,8,Better Informed and Customer Agency,5,Win by contrast,Unexpected imported term,systematic generation,far-field source contrast,Decision Context,decisioncontext
5296,8,Better Informed and Customer Agency,5,Win by contrast,Unexpected imported term,systematic generation,far-field source contrast,Actionable Information,actionableinformation
5297,8,Better Informed and Customer Agency,5,Win by contrast,Unexpected imported term,systematic generation,far-field source contrast,Comprehension Score,comprehensionscore
5298,8,Better Informed and Customer Agency,5,Win by contrast,Unexpected imported term,systematic generation,far-field source contrast,Reference Key,referencekey
5299,8,Better Informed and Customer Agency,5,Win by contrast,Unexpected imported term,systematic generation,contrast mononyms,Decision Tree,decisiontree
5300,8,Better Informed and Customer Agency,5,Win by contrast,Unexpected imported term,systematic generation,contrast mononyms,Reference Map,referencemap
5301,8,Better Informed and Customer Agency,5,Win by contrast,Unexpected imported term,systematic generation,contrast mononyms,Choice Grid,choicegrid
5302,8,Better Informed and Customer Agency,5,Win by contrast,Unexpected imported term,systematic generation,contrast mononyms,Legend Box,legendbox
5303,8,Better Informed and Customer Agency,5,Win by contrast,Unexpected imported term,systematic generation,contrast mononyms,Route Marker,routemarker
5304,8,Better Informed and Customer Agency,5,Win by contrast,Unexpected imported term,systematic generation,contrast mononyms,Question Card,questioncard
5305,8,Better Informed and Customer Agency,5,Win by contrast,Unexpected imported term,systematic generation,contrast mononyms,Decision Table,decisiontable
5306,8,Better Informed and Customer Agency,5,Win by contrast,Unexpected imported term,systematic generation,contrast mononyms,Reading Key,readingkey
5307,8,Better Informed and Customer Agency,5,Win by contrast,Unexpected imported term,systematic generation,contrast mononyms,Sense Map,sensemap
5308,8,Better Informed and Customer Agency,5,Win by contrast,Unexpected imported term,systematic generation,contrast mononyms,Information Panel,informationpanel
5309,8,Better Informed and Customer Agency,5,Win by contrast,Unexpected imported term,systematic generation,contrast mononyms,Comparison Scale,comparisonscale
5310,8,Better Informed and Customer Agency,5,Win by contrast,Unexpected imported term,systematic generation,contrast mononyms,Decision Compass,decisioncompass
5311,8,Better Informed and Customer Agency,5,Win by contrast,Unexpected imported term,systematic generation,contrast mononyms,Interpretation Key,interpretationkey
5312,8,Better Informed and Customer Agency,5,Win by contrast,Unexpected imported term,systematic generation,contrast mononyms,Wayfinding Sign,wayfindingsign
5313,8,Better Informed and Customer Agency,5,Win by contrast,Unexpected imported term,systematic generation,contrast mononyms,Reference Point,referencepoint
5314,8,Better Informed and Customer Agency,5,Win by contrast,Unexpected imported term,systematic generation,contrast mononyms,Choice Architecture,choicearchitecture
5315,8,Better Informed and Customer Agency,5,Win by contrast,Unexpected imported term,systematic generation,contrast mononyms,User Guide,userguide
5316,8,Better Informed and Customer Agency,5,Win by contrast,Unexpected imported term,systematic generation,contrast mononyms,Orientation Point,orientationpoint
5317,8,Better Informed and Customer Agency,5,Win by contrast,Unexpected imported term,systematic generation,cell fallback matrix,Full Decision Tree,fulldecisiontree
5318,8,Better Informed and Customer Agency,5,Win by contrast,Unexpected imported term,systematic generation,cell fallback matrix,Full Orientation Point,fullorientationpoint
5319,8,Better Informed and Customer Agency,5,Win by contrast,Unexpected imported term,systematic generation,cell fallback matrix,Full Question Card,fullquestioncard
5320,8,Better Informed and Customer Agency,5,Win by contrast,Unexpected imported term,systematic generation,cell fallback matrix,Full Decision Table,fulldecisiontable
5321,8,Better Informed and Customer Agency,6,Name the audacity / worldview,Short stance phrase,systematic generation,worldview statements,Make The Call,makethecall
5322,8,Better Informed and Customer Agency,6,Name the audacity / worldview,Short stance phrase,systematic generation,worldview statements,Read The Difference,readthedifference
5323,8,Better Informed and Customer Agency,6,Name the audacity / worldview,Short stance phrase,systematic generation,worldview statements,Ask The Next Question,askthenextquestion
5324,8,Better Informed and Customer Agency,6,Name the audacity / worldview,Short stance phrase,systematic generation,worldview statements,Choose with Context,choosewithcontext
5325,8,Better Informed and Customer Agency,6,Name the audacity / worldview,Short stance phrase,systematic generation,worldview statements,Use Your Good Sense,useyourgoodsense
5326,8,Better Informed and Customer Agency,6,Name the audacity / worldview,Short stance phrase,systematic generation,worldview statements,Keep The Map,keepthemap
5327,8,Better Informed and Customer Agency,6,Name the audacity / worldview,Short stance phrase,systematic generation,worldview statements,Know Enough,knowenough
5328,8,Better Informed and Customer Agency,6,Name the audacity / worldview,Short stance phrase,systematic generation,worldview statements,Compare Before Choosing,comparebeforechoosing
5329,8,Better Informed and Customer Agency,6,Name the audacity / worldview,Short stance phrase,systematic generation,worldview statements,Follow The Why,followthewhy
5330,8,Better Informed and Customer Agency,6,Name the audacity / worldview,Short stance phrase,systematic generation,worldview statements,Read The Routine,readtheroutine
5331,8,Better Informed and Customer Agency,6,Name the audacity / worldview,Short stance phrase,systematic generation,worldview statements,Interpret The Result,interprettheresult
5332,8,Better Informed and Customer Agency,6,Name the audacity / worldview,Short stance phrase,systematic generation,worldview statements,Question The Expert,questiontheexpert
5333,8,Better Informed and Customer Agency,6,Name the audacity / worldview,Short stance phrase,systematic generation,worldview statements,Navigate The Category,navigatethecategory
5334,8,Better Informed and Customer Agency,6,Name the audacity / worldview,Short stance phrase,systematic generation,worldview statements,Decide What Stays,decidewhatstays
5335,8,Better Informed and Customer Agency,6,Name the audacity / worldview,Short stance phrase,systematic generation,worldview statements,Learn What to Ignore,learnwhattoignore
5336,8,Better Informed and Customer Agency,6,Name the audacity / worldview,Short stance phrase,systematic generation,worldview statements,Hold The Reference Key,holdthereferencekey
5337,8,Better Informed and Customer Agency,6,Name the audacity / worldview,Short stance phrase,systematic generation,audacity commands,Choose Reference Map,choosereferencemap
5338,8,Better Informed and Customer Agency,6,Name the audacity / worldview,Short stance phrase,systematic generation,audacity commands,Choose Choice Grid,choosechoicegrid
5339,8,Better Informed and Customer Agency,6,Name the audacity / worldview,Short stance phrase,systematic generation,audacity commands,Choose Orientation Point,chooseorientationpoint
5340,8,Better Informed and Customer Agency,6,Name the audacity / worldview,Short stance phrase,systematic generation,audacity commands,Choose Route Marker,chooseroutemarker
5341,8,Better Informed and Customer Agency,6,Name the audacity / worldview,Short stance phrase,systematic generation,audacity commands,Choose Question Card,choosequestioncard
5342,8,Better Informed and Customer Agency,6,Name the audacity / worldview,Short stance phrase,systematic generation,audacity commands,Choose Sense Map,choosesensemap
5343,8,Better Informed and Customer Agency,6,Name the audacity / worldview,Short stance phrase,systematic generation,audacity commands,Choose Comparison Scale,choosecomparisonscale
5344,8,Better Informed and Customer Agency,6,Name the audacity / worldview,Short stance phrase,systematic generation,audacity commands,Keep Reference Map,keepreferencemap
5345,8,Better Informed and Customer Agency,6,Name the audacity / worldview,Short stance phrase,systematic generation,audacity commands,Keep Choice Grid,keepchoicegrid
5346,8,Better Informed and Customer Agency,6,Name the audacity / worldview,Short stance phrase,systematic generation,audacity commands,Keep Orientation Point,keeporientationpoint
5347,8,Better Informed and Customer Agency,6,Name the audacity / worldview,Short stance phrase,systematic generation,audacity commands,Keep Route Marker,keeproutemarker
5348,8,Better Informed and Customer Agency,6,Name the audacity / worldview,Short stance phrase,systematic generation,audacity commands,Keep Question Card,keepquestioncard
5349,8,Better Informed and Customer Agency,6,Name the audacity / worldview,Short stance phrase,systematic generation,audacity commands,Keep Sense Map,keepsensemap
5350,8,Better Informed and Customer Agency,6,Name the audacity / worldview,Short stance phrase,systematic generation,audacity commands,Keep Comparison Scale,keepcomparisonscale
5351,8,Better Informed and Customer Agency,6,Name the audacity / worldview,Short stance phrase,systematic generation,audacity commands,Make Reference Map,makereferencemap
5352,8,Better Informed and Customer Agency,6,Name the audacity / worldview,Short stance phrase,systematic generation,audacity commands,Make Comparison Card,makecomparisoncard
5353,8,Better Informed and Customer Agency,6,Name the audacity / worldview,Short stance phrase,systematic generation,audacity commands,Make Choice Grid,makechoicegrid
5354,8,Better Informed and Customer Agency,6,Name the audacity / worldview,Short stance phrase,systematic generation,audacity commands,Make Route Marker,makeroutemarker
5355,8,Better Informed and Customer Agency,6,Name the audacity / worldview,Short stance phrase,systematic generation,audacity commands,Make Reading Key,makereadingkey
5356,8,Better Informed and Customer Agency,6,Name the audacity / worldview,Short stance phrase,systematic generation,audacity commands,Make Decision Compass,makedecisioncompass
5357,8,Better Informed and Customer Agency,6,Name the audacity / worldview,Short stance phrase,systematic generation,audacity commands,Use Decision Tree,usedecisiontree
5358,8,Better Informed and Customer Agency,6,Name the audacity / worldview,Short stance phrase,systematic generation,audacity commands,Use Orientation Point,useorientationpoint
5359,8,Better Informed and Customer Agency,6,Name the audacity / worldview,Short stance phrase,systematic generation,audacity commands,Use Question Card,usequestioncard
5360,8,Better Informed and Customer Agency,6,Name the audacity / worldview,Short stance phrase,systematic generation,audacity commands,Use Decision Table,usedecisiontable
5361,8,Better Informed and Customer Agency,6,Name the audacity / worldview,Short stance phrase,systematic generation,audacity commands,Use Sense Map,usesensemap
5362,8,Better Informed and Customer Agency,6,Name the audacity / worldview,Short stance phrase,systematic generation,audacity commands,Use Choice Architecture,usechoicearchitecture
5363,8,Better Informed and Customer Agency,7,Deconstruct / reconstruct,Transparent spelling modification,systematic generation,single-vowel deletion,Decde,decde
5364,8,Better Informed and Customer Agency,7,Deconstruct / reconstruct,Transparent spelling modification,systematic generation,single-vowel deletion,Navgate,navgate
5365,8,Better Informed and Customer Agency,7,Deconstruct / reconstruct,Transparent spelling modification,systematic generation,single-vowel deletion,Orent,orent
5366,8,Better Informed and Customer Agency,7,Deconstruct / reconstruct,Transparent spelling modification,systematic generation,single-vowel deletion,Compre,compre
5367,8,Better Informed and Customer Agency,7,Deconstruct / reconstruct,Transparent spelling modification,systematic generation,single-vowel deletion,Queston,queston
5368,8,Better Informed and Customer Agency,7,Deconstruct / reconstruct,Transparent spelling modification,systematic generation,single-vowel deletion,Comprhend,comprhend
5369,8,Better Informed and Customer Agency,7,Deconstruct / reconstruct,Transparent spelling modification,systematic generation,single-vowel deletion,Chiceful,chiceful
5370,8,Better Informed and Customer Agency,7,Deconstruct / reconstruct,Transparent spelling modification,systematic generation,single-vowel deletion,Usrled,usrled
5371,8,Better Informed and Customer Agency,7,Deconstruct / reconstruct,Transparent spelling modification,systematic generation,single-vowel deletion,Sensfirst,sensfirst
5372,8,Better Informed and Customer Agency,7,Deconstruct / reconstruct,Transparent spelling modification,systematic generation,single-vowel deletion,Knwable,knwable
5373,8,Better Informed and Customer Agency,7,Deconstruct / reconstruct,Transparent spelling modification,systematic generation,single-vowel deletion,Learnble,learnble
5374,8,Better Informed and Customer Agency,7,Deconstruct / reconstruct,Transparent spelling modification,systematic generation,single-vowel deletion,Readble,readble
5375,8,Better Informed and Customer Agency,7,Deconstruct / reconstruct,Transparent spelling modification,systematic generation,single-vowel deletion,Infrmedness,infrmedness
5376,8,Better Informed and Customer Agency,7,Deconstruct / reconstruct,Transparent spelling modification,systematic generation,single-vowel deletion,Clarheaded,clarheaded
5377,8,Better Informed and Customer Agency,7,Deconstruct / reconstruct,Transparent spelling modification,systematic generation,single-vowel deletion,Mentlmodel,mentlmodel
5378,8,Better Informed and Customer Agency,7,Deconstruct / reconstruct,Transparent spelling modification,systematic generation,single-vowel deletion,Decsionaid,decsionaid
5379,8,Better Informed and Customer Agency,7,Deconstruct / reconstruct,Transparent spelling modification,systematic generation,single-vowel deletion,Refrencekey,refrencekey
5380,8,Better Informed and Customer Agency,7,Deconstruct / reconstruct,Transparent spelling modification,systematic generation,single-vowel deletion,Maprad,maprad
5381,8,Better Informed and Customer Agency,7,Deconstruct / reconstruct,Transparent spelling modification,systematic generation,single-vowel deletion,Flentchoice,flentchoice
5382,8,Better Informed and Customer Agency,7,Deconstruct / reconstruct,Transparent spelling modification,systematic generation,single-vowel deletion,Agncy,agncy
5383,8,Better Informed and Customer Agency,7,Deconstruct / reconstruct,Transparent spelling modification,systematic generation,single-vowel deletion,Decsiontree,decsiontree
5384,8,Better Informed and Customer Agency,7,Deconstruct / reconstruct,Transparent spelling modification,systematic generation,single-vowel deletion,Refrencemap,refrencemap
5385,8,Better Informed and Customer Agency,7,Deconstruct / reconstruct,Transparent spelling modification,systematic generation,single-vowel deletion,Chicegrid,chicegrid
5386,8,Better Informed and Customer Agency,7,Deconstruct / reconstruct,Transparent spelling modification,systematic generation,single-vowel deletion,Legndbox,legndbox
5387,8,Better Informed and Customer Agency,7,Deconstruct / reconstruct,Transparent spelling modification,systematic generation,single-vowel deletion,Routmarker,routmarker
5388,8,Better Informed and Customer Agency,7,Deconstruct / reconstruct,Transparent spelling modification,systematic generation,single-vowel deletion,Questoncard,questoncard
5389,8,Better Informed and Customer Agency,7,Deconstruct / reconstruct,Transparent spelling modification,systematic generation,single-vowel deletion,Decsiontable,decsiontable
5390,8,Better Informed and Customer Agency,7,Deconstruct / reconstruct,Transparent spelling modification,systematic generation,single-vowel deletion,Readngkey,readngkey
5391,8,Better Informed and Customer Agency,7,Deconstruct / reconstruct,Transparent spelling modification,systematic generation,single-vowel deletion,Sensmap,sensmap
5392,8,Better Informed and Customer Agency,7,Deconstruct / reconstruct,Transparent spelling modification,systematic generation,single-vowel deletion,Infrmationpanel,infrmationpanel
5393,8,Better Informed and Customer Agency,7,Deconstruct / reconstruct,Transparent spelling modification,systematic generation,single-vowel deletion,Comprisonscale,comprisonscale
5394,8,Better Informed and Customer Agency,7,Deconstruct / reconstruct,Transparent spelling modification,systematic generation,single-vowel deletion,Decsioncompass,decsioncompass
5395,8,Better Informed and Customer Agency,7,Deconstruct / reconstruct,Transparent spelling modification,systematic generation,single-vowel deletion,Wayfndingsign,wayfndingsign
5396,8,Better Informed and Customer Agency,7,Deconstruct / reconstruct,Transparent spelling modification,systematic generation,single-vowel deletion,Refrencepoint,refrencepoint
5397,8,Better Informed and Customer Agency,7,Deconstruct / reconstruct,Transparent spelling modification,systematic generation,single-vowel deletion,Chicearchitecture,chicearchitecture
5398,8,Better Informed and Customer Agency,7,Deconstruct / reconstruct,Transparent spelling modification,systematic generation,single-vowel deletion,Decsionpath,decsionpath
5399,8,Better Informed and Customer Agency,7,Deconstruct / reconstruct,Transparent spelling modification,systematic generation,single-vowel deletion,Cogntivemap,cogntivemap
5400,8,Better Informed and Customer Agency,7,Deconstruct / reconstruct,Transparent spelling modification,systematic generation,single-vowel deletion,Usrguide,usrguide
5401,8,Better Informed and Customer Agency,7,Deconstruct / reconstruct,Transparent spelling modification,systematic generation,single-vowel deletion,Orentationpoint,orentationpoint
5402,8,Better Informed and Customer Agency,7,Deconstruct / reconstruct,Transparent spelling modification,systematic generation,joined reconstruction,Decidechoiceful,decidechoiceful
5403,8,Better Informed and Customer Agency,7,Deconstruct / reconstruct,Transparent spelling modification,systematic generation,joined reconstruction,Decidesensefirst,decidesensefirst
5404,8,Better Informed and Customer Agency,7,Deconstruct / reconstruct,Transparent spelling modification,systematic generation,joined reconstruction,Decideclearheaded,decideclearheaded
5405,8,Better Informed and Customer Agency,8,Portmanteau,Clean portmanteau,systematic generation,legible two-source blend,Deciion,deciion
5406,8,Better Informed and Customer Agency,8,Portmanteau,Clean portmanteau,systematic generation,legible two-source blend,Deciled,deciled
5407,8,Better Informed and Customer Agency,8,Portmanteau,Clean portmanteau,systematic generation,legible two-source blend,Decible,decible
5408,8,Better Informed and Customer Agency,8,Portmanteau,Clean portmanteau,systematic generation,legible two-source blend,Deciodel,deciodel
5409,8,Better Informed and Customer Agency,8,Portmanteau,Clean portmanteau,systematic generation,legible two-source blend,Decihoice,decihoice
5410,8,Better Informed and Customer Agency,8,Portmanteau,Clean portmanteau,systematic generation,legible two-source blend,Decigrid,decigrid
5411,8,Better Informed and Customer Agency,8,Portmanteau,Clean portmanteau,systematic generation,legible two-source blend,Interphend,interphend
5412,8,Better Informed and Customer Agency,8,Portmanteau,Clean portmanteau,systematic generation,legible two-source blend,Interpirst,interpirst
5413,8,Better Informed and Customer Agency,8,Portmanteau,Clean portmanteau,systematic generation,legible two-source blend,Interpdness,interpdness
5414,8,Better Informed and Customer Agency,8,Portmanteau,Clean portmanteau,systematic generation,legible two-source blend,Interpnaid,interpnaid
5415,8,Better Informed and Customer Agency,8,Portmanteau,Clean portmanteau,systematic generation,legible two-source blend,Interpcy,interpcy
5416,8,Better Informed and Customer Agency,8,Portmanteau,Clean portmanteau,systematic generation,legible two-source blend,Navigndable,navigndable
5417,8,Better Informed and Customer Agency,8,Portmanteau,Clean portmanteau,systematic generation,legible two-source blend,Navigble,navigble
5418,8,Better Informed and Customer Agency,8,Portmanteau,Clean portmanteau,systematic generation,legible two-source blend,Navigment,navigment
5419,8,Better Informed and Customer Agency,8,Portmanteau,Clean portmanteau,systematic generation,legible two-source blend,Navigcekey,navigcekey
5420,8,Better Informed and Customer Agency,8,Portmanteau,Clean portmanteau,systematic generation,legible two-source blend,Navigntree,navigntree
5421,8,Better Informed and Customer Agency,8,Portmanteau,Clean portmanteau,systematic generation,legible two-source blend,Orieeful,orieeful
5422,8,Better Informed and Customer Agency,8,Portmanteau,Clean portmanteau,systematic generation,legible two-source blend,Orieable,orieable
5423,8,Better Informed and Customer Agency,8,Portmanteau,Clean portmanteau,systematic generation,legible two-source blend,Orieaded,orieaded
5424,8,Better Informed and Customer Agency,8,Portmanteau,Clean portmanteau,systematic generation,legible two-source blend,Orieead,orieead
5425,8,Better Informed and Customer Agency,8,Portmanteau,Clean portmanteau,systematic generation,legible two-source blend,Oriecemap,oriecemap
5426,8,Better Informed and Customer Agency,8,Portmanteau,Clean portmanteau,systematic generation,legible two-source blend,Compaion,compaion
5427,8,Better Informed and Customer Agency,8,Portmanteau,Clean portmanteau,systematic generation,legible two-source blend,Compaled,compaled
5428,8,Better Informed and Customer Agency,8,Portmanteau,Clean portmanteau,systematic generation,legible two-source blend,Compareadable,compareadable
5429,8,Better Informed and Customer Agency,8,Portmanteau,Clean portmanteau,systematic generation,legible two-source blend,Compaodel,compaodel
5430,8,Better Informed and Customer Agency,8,Portmanteau,Clean portmanteau,systematic generation,legible two-source blend,Compahoice,compahoice
5431,8,Better Informed and Customer Agency,8,Portmanteau,Clean portmanteau,systematic generation,legible two-source blend,Compagrid,compagrid
5432,8,Better Informed and Customer Agency,8,Portmanteau,Clean portmanteau,systematic generation,legible two-source blend,Questhend,questhend
5433,8,Better Informed and Customer Agency,8,Portmanteau,Clean portmanteau,systematic generation,legible two-source blend,Questirst,questirst
5434,8,Better Informed and Customer Agency,8,Portmanteau,Clean portmanteau,systematic generation,legible two-source blend,Questdness,questdness
5435,8,Better Informed and Customer Agency,8,Portmanteau,Clean portmanteau,systematic generation,legible two-source blend,Questnaid,questnaid
5436,8,Better Informed and Customer Agency,8,Portmanteau,Clean portmanteau,systematic generation,legible two-source blend,Questcy,questcy
5437,8,Better Informed and Customer Agency,8,Portmanteau,Clean portmanteau,systematic generation,legible two-source blend,Comprendable,comprendable
5438,8,Better Informed and Customer Agency,8,Portmanteau,Clean portmanteau,systematic generation,legible two-source blend,Compreble,compreble
5439,8,Better Informed and Customer Agency,8,Portmanteau,Clean portmanteau,systematic generation,legible two-source blend,Comprehendiscernment,comprehendiscernment
5440,8,Better Informed and Customer Agency,8,Portmanteau,Clean portmanteau,systematic generation,legible two-source blend,Comprecekey,comprecekey
5441,8,Better Informed and Customer Agency,8,Portmanteau,Clean portmanteau,systematic generation,legible two-source blend,Comprehendecisiontree,comprehendecisiontree
5442,8,Better Informed and Customer Agency,8,Portmanteau,Clean portmanteau,systematic generation,legible two-source blend,Understaneful,understaneful
5443,8,Better Informed and Customer Agency,8,Portmanteau,Clean portmanteau,systematic generation,legible two-source blend,Understandablearnable,understandablearnable
5444,8,Better Informed and Customer Agency,8,Portmanteau,Clean portmanteau,systematic generation,legible two-source blend,Understanaded,understanaded
5445,8,Better Informed and Customer Agency,8,Portmanteau,Clean portmanteau,systematic generation,legible two-source blend,Understanead,understanead
5446,8,Better Informed and Customer Agency,8,Portmanteau,Clean portmanteau,systematic generation,legible two-source blend,Understancemap,understancemap
5447,8,Better Informed and Customer Agency,9,Morpheme engine,English-native compound or compression,hand-authored,round-two curated depth seed,Choicecraft,choicecraft
5448,8,Better Informed and Customer Agency,9,Morpheme engine,English-native compound or compression,systematic generation,English-native morpheme engine,Decidework,decidework
5449,8,Better Informed and Customer Agency,9,Morpheme engine,English-native compound or compression,systematic generation,English-native morpheme engine,Decidewise,decidewise
5450,8,Better Informed and Customer Agency,9,Morpheme engine,English-native compound or compression,systematic generation,English-native morpheme engine,Decideline,decideline
5451,8,Better Informed and Customer Agency,9,Morpheme engine,English-native compound or compression,systematic generation,English-native morpheme engine,Decidekind,decidekind
5452,8,Better Informed and Customer Agency,9,Morpheme engine,English-native compound or compression,systematic generation,English-native morpheme engine,Decidecraft,decidecraft
5453,8,Better Informed and Customer Agency,9,Morpheme engine,English-native compound or compression,systematic generation,English-native morpheme engine,Decidehouse,decidehouse
5454,8,Better Informed and Customer Agency,9,Morpheme engine,English-native compound or compression,systematic generation,English-native morpheme engine,Decidepractice,decidepractice
5455,8,Better Informed and Customer Agency,9,Morpheme engine,English-native compound or compression,systematic generation,English-native morpheme engine,Decidecompany,decidecompany
5456,8,Better Informed and Customer Agency,9,Morpheme engine,English-native compound or compression,systematic generation,English-native morpheme engine,Decideway,decideway
5457,8,Better Informed and Customer Agency,9,Morpheme engine,English-native compound or compression,systematic generation,English-native morpheme engine,Interpretwise,interpretwise
5458,8,Better Informed and Customer Agency,9,Morpheme engine,English-native compound or compression,systematic generation,English-native morpheme engine,Interpretward,interpretward
5459,8,Better Informed and Customer Agency,9,Morpheme engine,English-native compound or compression,systematic generation,English-native morpheme engine,Interpretkind,interpretkind
5460,8,Better Informed and Customer Agency,9,Morpheme engine,English-native compound or compression,systematic generation,English-native morpheme engine,Interpretmade,interpretmade
5461,8,Better Informed and Customer Agency,9,Morpheme engine,English-native compound or compression,systematic generation,English-native morpheme engine,Interprethouse,interprethouse
5462,8,Better Informed and Customer Agency,9,Morpheme engine,English-native compound or compression,systematic generation,English-native morpheme engine,Interpretstandard,interpretstandard
5463,8,Better Informed and Customer Agency,9,Morpheme engine,English-native compound or compression,systematic generation,English-native morpheme engine,Interpretcompany,interpretcompany
5464,8,Better Informed and Customer Agency,9,Morpheme engine,English-native compound or compression,systematic generation,English-native morpheme engine,Interpretclub,interpretclub
5465,8,Better Informed and Customer Agency,9,Morpheme engine,English-native compound or compression,systematic generation,English-native morpheme engine,Navigateward,navigateward
5466,8,Better Informed and Customer Agency,9,Morpheme engine,English-native compound or compression,systematic generation,English-native morpheme engine,Navigatemark,navigatemark
5467,8,Better Informed and Customer Agency,9,Morpheme engine,English-native compound or compression,systematic generation,English-native morpheme engine,Navigatemade,navigatemade
5468,8,Better Informed and Customer Agency,9,Morpheme engine,English-native compound or compression,systematic generation,English-native morpheme engine,Navigateform,navigateform
5469,8,Better Informed and Customer Agency,9,Morpheme engine,English-native compound or compression,systematic generation,English-native morpheme engine,Navigatestandard,navigatestandard
5470,8,Better Informed and Customer Agency,9,Morpheme engine,English-native compound or compression,systematic generation,English-native morpheme engine,Navigatemethod,navigatemethod
5471,8,Better Informed and Customer Agency,9,Morpheme engine,English-native compound or compression,systematic generation,English-native morpheme engine,Navigateclub,navigateclub
5472,8,Better Informed and Customer Agency,9,Morpheme engine,English-native compound or compression,systematic generation,English-native morpheme engine,Navigatestate,navigatestate
5473,8,Better Informed and Customer Agency,9,Morpheme engine,English-native compound or compression,systematic generation,English-native morpheme engine,Orientwork,orientwork
5474,8,Better Informed and Customer Agency,9,Morpheme engine,English-native compound or compression,systematic generation,English-native morpheme engine,Orientmark,orientmark
5475,8,Better Informed and Customer Agency,9,Morpheme engine,English-native compound or compression,systematic generation,English-native morpheme engine,Orientline,orientline
5476,8,Better Informed and Customer Agency,9,Morpheme engine,English-native compound or compression,systematic generation,English-native morpheme engine,Orientform,orientform
5477,8,Better Informed and Customer Agency,9,Morpheme engine,English-native compound or compression,systematic generation,English-native morpheme engine,Orientcraft,orientcraft
5478,8,Better Informed and Customer Agency,9,Morpheme engine,English-native compound or compression,systematic generation,English-native morpheme engine,Orientmethod,orientmethod
5479,8,Better Informed and Customer Agency,9,Morpheme engine,English-native compound or compression,systematic generation,English-native morpheme engine,Orientpractice,orientpractice
5480,8,Better Informed and Customer Agency,9,Morpheme engine,English-native compound or compression,systematic generation,English-native morpheme engine,Orientstate,orientstate
5481,8,Better Informed and Customer Agency,9,Morpheme engine,English-native compound or compression,systematic generation,English-native morpheme engine,Orientway,orientway
5482,8,Better Informed and Customer Agency,9,Morpheme engine,English-native compound or compression,systematic generation,English-native morpheme engine,Comparework,comparework
5483,8,Better Informed and Customer Agency,9,Morpheme engine,English-native compound or compression,systematic generation,English-native morpheme engine,Comparewise,comparewise
5484,8,Better Informed and Customer Agency,9,Morpheme engine,English-native compound or compression,systematic generation,English-native morpheme engine,Compareline,compareline
5485,8,Better Informed and Customer Agency,9,Morpheme engine,English-native compound or compression,systematic generation,English-native morpheme engine,Comparekind,comparekind
5486,8,Better Informed and Customer Agency,9,Morpheme engine,English-native compound or compression,systematic generation,English-native morpheme engine,Comparecraft,comparecraft
5487,8,Better Informed and Customer Agency,9,Morpheme engine,English-native compound or compression,systematic generation,English-native morpheme engine,Comparehouse,comparehouse
5488,8,Better Informed and Customer Agency,9,Morpheme engine,English-native compound or compression,systematic generation,English-native morpheme engine,Comparepractice,comparepractice
5489,8,Better Informed and Customer Agency,9,Morpheme engine,English-native compound or compression,systematic generation,English-native morpheme engine,Comparecompany,comparecompany
5490,8,Better Informed and Customer Agency,10,Scientific borrowing,Authentic scientific terminology,hand-authored,round-two curated depth seed,Decision Quality,decisionquality
5491,8,Better Informed and Customer Agency,10,Scientific borrowing,Authentic scientific terminology,systematic generation,authentic scientific terminology,Decision Quality,decisionquality
5492,8,Better Informed and Customer Agency,10,Scientific borrowing,Authentic scientific terminology,systematic generation,authentic scientific terminology,Decision Confidence,decisionconfidence
5493,8,Better Informed and Customer Agency,10,Scientific borrowing,Authentic scientific terminology,systematic generation,authentic scientific terminology,Information Literacy,informationliteracy
5494,8,Better Informed and Customer Agency,10,Scientific borrowing,Authentic scientific terminology,systematic generation,authentic scientific terminology,Comprehension Check,comprehensioncheck
5495,8,Better Informed and Customer Agency,10,Scientific borrowing,Authentic scientific terminology,systematic generation,authentic scientific terminology,Choice Set,choiceset
5496,8,Better Informed and Customer Agency,10,Scientific borrowing,Authentic scientific terminology,systematic generation,authentic scientific terminology,Reference Frame,referenceframe
5497,8,Better Informed and Customer Agency,10,Scientific borrowing,Authentic scientific terminology,systematic generation,authentic scientific terminology,Decision Threshold,decisionthreshold
5498,8,Better Informed and Customer Agency,10,Scientific borrowing,Authentic scientific terminology,systematic generation,authentic scientific terminology,User Agency,useragency
5499,8,Better Informed and Customer Agency,10,Scientific borrowing,Authentic scientific terminology,systematic generation,authentic scientific terminology,Cognitive Map,cognitivemap
5500,8,Better Informed and Customer Agency,10,Scientific borrowing,Authentic scientific terminology,systematic generation,authentic scientific terminology,Sensemaking,sensemaking
5501,8,Better Informed and Customer Agency,10,Scientific borrowing,Authentic scientific terminology,systematic generation,authentic scientific terminology,Information Scent,informationscent
5502,8,Better Informed and Customer Agency,10,Scientific borrowing,Authentic scientific terminology,systematic generation,authentic scientific terminology,Wayfinding,wayfinding
5503,8,Better Informed and Customer Agency,10,Scientific borrowing,Authentic scientific terminology,systematic generation,authentic scientific terminology,Decision Path,decisionpath
5504,8,Better Informed and Customer Agency,10,Scientific borrowing,Authentic scientific terminology,systematic generation,authentic scientific terminology,Comparison Matrix,comparisonmatrix
5505,8,Better Informed and Customer Agency,10,Scientific borrowing,Authentic scientific terminology,systematic generation,authentic scientific terminology,Interpretive Frame,interpretiveframe
5506,8,Better Informed and Customer Agency,10,Scientific borrowing,Authentic scientific terminology,systematic generation,authentic scientific terminology,Knowledge State,knowledgestate
5507,8,Better Informed and Customer Agency,10,Scientific borrowing,Authentic scientific terminology,systematic generation,authentic scientific terminology,Question Formulation,questionformulation
5508,8,Better Informed and Customer Agency,10,Scientific borrowing,Authentic scientific terminology,systematic generation,authentic scientific terminology,Decision Context,decisioncontext
5509,8,Better Informed and Customer Agency,10,Scientific borrowing,Authentic scientific terminology,systematic generation,authentic scientific terminology,Actionable Information,actionableinformation
5510,8,Better Informed and Customer Agency,10,Scientific borrowing,Authentic scientific terminology,systematic generation,authentic scientific terminology,Comprehension Score,comprehensionscore
5511,8,Better Informed and Customer Agency,10,Scientific borrowing,Authentic scientific terminology,systematic generation,technical compounds,Adaptive Reference Map,adaptivereferencemap
5512,8,Better Informed and Customer Agency,10,Scientific borrowing,Authentic scientific terminology,systematic generation,technical compounds,Adaptive Comparison Card,adaptivecomparisoncard
5513,8,Better Informed and Customer Agency,10,Scientific borrowing,Authentic scientific terminology,systematic generation,technical compounds,Adaptive Choice Grid,adaptivechoicegrid
5514,8,Better Informed and Customer Agency,10,Scientific borrowing,Authentic scientific terminology,systematic generation,technical compounds,Adaptive Route Marker,adaptiveroutemarker
5515,8,Better Informed and Customer Agency,10,Scientific borrowing,Authentic scientific terminology,systematic generation,technical compounds,Adaptive Reading Key,adaptivereadingkey
5516,8,Better Informed and Customer Agency,10,Scientific borrowing,Authentic scientific terminology,systematic generation,technical compounds,Adaptive Decision Compass,adaptivedecisioncompass
5517,8,Better Informed and Customer Agency,10,Scientific borrowing,Authentic scientific terminology,systematic generation,technical compounds,Dynamic Decision Tree,dynamicdecisiontree
5518,8,Better Informed and Customer Agency,10,Scientific borrowing,Authentic scientific terminology,systematic generation,technical compounds,Dynamic Orientation Point,dynamicorientationpoint
5519,8,Better Informed and Customer Agency,10,Scientific borrowing,Authentic scientific terminology,systematic generation,technical compounds,Dynamic Question Card,dynamicquestioncard
5520,8,Better Informed and Customer Agency,10,Scientific borrowing,Authentic scientific terminology,systematic generation,technical compounds,Dynamic Decision Table,dynamicdecisiontable
5521,8,Better Informed and Customer Agency,10,Scientific borrowing,Authentic scientific terminology,systematic generation,technical compounds,Dynamic Sense Map,dynamicsensemap
5522,8,Better Informed and Customer Agency,10,Scientific borrowing,Authentic scientific terminology,systematic generation,technical compounds,Dynamic Choice Architecture,dynamicchoicearchitecture
5523,8,Better Informed and Customer Agency,10,Scientific borrowing,Authentic scientific terminology,systematic generation,technical compounds,Dynamic Comparison Scale,dynamiccomparisonscale
5524,8,Better Informed and Customer Agency,10,Scientific borrowing,Authentic scientific terminology,systematic generation,technical compounds,Reference Reference Map,referencereferencemap
5525,8,Better Informed and Customer Agency,10,Scientific borrowing,Authentic scientific terminology,systematic generation,technical compounds,Reference Comparison Card,referencecomparisoncard
5526,8,Better Informed and Customer Agency,10,Scientific borrowing,Authentic scientific terminology,systematic generation,technical compounds,Reference Choice Grid,referencechoicegrid
5527,8,Better Informed and Customer Agency,10,Scientific borrowing,Authentic scientific terminology,systematic generation,technical compounds,Reference Route Marker,referenceroutemarker
5528,8,Better Informed and Customer Agency,10,Scientific borrowing,Authentic scientific terminology,systematic generation,technical compounds,Reference Reading Key,referencereadingkey
5529,8,Better Informed and Customer Agency,10,Scientific borrowing,Authentic scientific terminology,systematic generation,technical compounds,Reference Decision Compass,referencedecisioncompass
5530,8,Better Informed and Customer Agency,10,Scientific borrowing,Authentic scientific terminology,systematic generation,technical compounds,Working Reference Map,workingreferencemap
5531,8,Better Informed and Customer Agency,10,Scientific borrowing,Authentic scientific terminology,systematic generation,technical compounds,Working Comparison Card,workingcomparisoncard
5532,8,Better Informed and Customer Agency,10,Scientific borrowing,Authentic scientific terminology,systematic generation,technical compounds,Working Choice Grid,workingchoicegrid
5533,8,Better Informed and Customer Agency,11,Sound-first coinage,Crisp sound-led coinage,systematic generation,phonosemantic sound matrix,Deccide,deccide
5534,8,Better Informed and Customer Agency,11,Sound-first coinage,Crisp sound-led coinage,systematic generation,phonosemantic sound matrix,Decline,decline
5535,8,Better Informed and Customer Agency,11,Sound-first coinage,Crisp sound-led coinage,systematic generation,phonosemantic sound matrix,Decmap,decmap
5536,8,Better Informed and Customer Agency,11,Sound-first coinage,Crisp sound-led coinage,systematic generation,phonosemantic sound matrix,Decwise,decwise
5537,8,Better Informed and Customer Agency,11,Sound-first coinage,Crisp sound-led coinage,systematic generation,phonosemantic sound matrix,Inttal,inttal
5538,8,Better Informed and Customer Agency,11,Sound-first coinage,Crisp sound-led coinage,systematic generation,phonosemantic sound matrix,Intmark,intmark
5539,8,Better Informed and Customer Agency,11,Sound-first coinage,Crisp sound-led coinage,systematic generation,phonosemantic sound matrix,Intset,intset
5540,8,Better Informed and Customer Agency,11,Sound-first coinage,Crisp sound-led coinage,systematic generation,phonosemantic sound matrix,Intchoice,intchoice
5541,8,Better Informed and Customer Agency,11,Sound-first coinage,Crisp sound-led coinage,systematic generation,phonosemantic sound matrix,Navden,navden
5542,8,Better Informed and Customer Agency,11,Sound-first coinage,Crisp sound-led coinage,systematic generation,phonosemantic sound matrix,Navkey,navkey
5543,8,Better Informed and Customer Agency,11,Sound-first coinage,Crisp sound-led coinage,systematic generation,phonosemantic sound matrix,Navknow,navknow
5544,8,Better Informed and Customer Agency,11,Sound-first coinage,Crisp sound-led coinage,systematic generation,phonosemantic sound matrix,Navclear,navclear
5545,8,Better Informed and Customer Agency,11,Sound-first coinage,Crisp sound-led coinage,systematic generation,phonosemantic sound matrix,Oricide,oricide
5546,8,Better Informed and Customer Agency,11,Sound-first coinage,Crisp sound-led coinage,systematic generation,phonosemantic sound matrix,Oriline,oriline
5547,8,Better Informed and Customer Agency,11,Sound-first coinage,Crisp sound-led coinage,systematic generation,phonosemantic sound matrix,Orimap,orimap
5548,8,Better Informed and Customer Agency,11,Sound-first coinage,Crisp sound-led coinage,systematic generation,phonosemantic sound matrix,Oriwise,oriwise
5549,8,Better Informed and Customer Agency,11,Sound-first coinage,Crisp sound-led coinage,systematic generation,phonosemantic sound matrix,Comtal,comtal
5550,8,Better Informed and Customer Agency,11,Sound-first coinage,Crisp sound-led coinage,systematic generation,phonosemantic sound matrix,Commark,commark
5551,8,Better Informed and Customer Agency,11,Sound-first coinage,Crisp sound-led coinage,systematic generation,phonosemantic sound matrix,Comset,comset
5552,8,Better Informed and Customer Agency,11,Sound-first coinage,Crisp sound-led coinage,systematic generation,phonosemantic sound matrix,Comchoice,comchoice
5553,8,Better Informed and Customer Agency,11,Sound-first coinage,Crisp sound-led coinage,systematic generation,phonosemantic sound matrix,Queden,queden
5554,8,Better Informed and Customer Agency,11,Sound-first coinage,Crisp sound-led coinage,systematic generation,phonosemantic sound matrix,Quekey,quekey
5555,8,Better Informed and Customer Agency,11,Sound-first coinage,Crisp sound-led coinage,systematic generation,phonosemantic sound matrix,Queknow,queknow
5556,8,Better Informed and Customer Agency,11,Sound-first coinage,Crisp sound-led coinage,systematic generation,phonosemantic sound matrix,Queclear,queclear
5557,8,Better Informed and Customer Agency,11,Sound-first coinage,Crisp sound-led coinage,systematic generation,phonosemantic sound matrix,Precide,precide
5558,8,Better Informed and Customer Agency,11,Sound-first coinage,Crisp sound-led coinage,systematic generation,phonosemantic sound matrix,Preline,preline
5559,8,Better Informed and Customer Agency,11,Sound-first coinage,Crisp sound-led coinage,systematic generation,phonosemantic sound matrix,Premap,premap
5560,8,Better Informed and Customer Agency,11,Sound-first coinage,Crisp sound-led coinage,systematic generation,phonosemantic sound matrix,Prewise,prewise
5561,8,Better Informed and Customer Agency,11,Sound-first coinage,Crisp sound-led coinage,systematic generation,phonosemantic sound matrix,Undtal,undtal
5562,8,Better Informed and Customer Agency,11,Sound-first coinage,Crisp sound-led coinage,systematic generation,phonosemantic sound matrix,Undmark,undmark
5563,8,Better Informed and Customer Agency,11,Sound-first coinage,Crisp sound-led coinage,systematic generation,phonosemantic sound matrix,Undset,undset
5564,8,Better Informed and Customer Agency,11,Sound-first coinage,Crisp sound-led coinage,systematic generation,phonosemantic sound matrix,Undchoice,undchoice
5565,8,Better Informed and Customer Agency,11,Sound-first coinage,Crisp sound-led coinage,systematic generation,phonosemantic sound matrix,Choden,choden
5566,8,Better Informed and Customer Agency,11,Sound-first coinage,Crisp sound-led coinage,systematic generation,phonosemantic sound matrix,Chokey,chokey
5567,8,Better Informed and Customer Agency,11,Sound-first coinage,Crisp sound-led coinage,systematic generation,phonosemantic sound matrix,Choknow,choknow
5568,8,Better Informed and Customer Agency,11,Sound-first coinage,Crisp sound-led coinage,systematic generation,phonosemantic sound matrix,Choclear,choclear
5569,8,Better Informed and Customer Agency,11,Sound-first coinage,Crisp sound-led coinage,systematic generation,phonosemantic sound matrix,Usecide,usecide
5570,8,Better Informed and Customer Agency,11,Sound-first coinage,Crisp sound-led coinage,systematic generation,phonosemantic sound matrix,Useline,useline
5571,8,Better Informed and Customer Agency,11,Sound-first coinage,Crisp sound-led coinage,systematic generation,phonosemantic sound matrix,Usemap,usemap
5572,8,Better Informed and Customer Agency,11,Sound-first coinage,Crisp sound-led coinage,systematic generation,phonosemantic sound matrix,Usewise,usewise
5573,8,Better Informed and Customer Agency,11,Sound-first coinage,Crisp sound-led coinage,systematic generation,phonosemantic sound matrix,Sental,sental
5574,8,Better Informed and Customer Agency,11,Sound-first coinage,Crisp sound-led coinage,systematic generation,phonosemantic sound matrix,Senmark,senmark
5575,8,Better Informed and Customer Agency,12,Structural / orthographic device,Meaningful notation or orthographic device,systematic generation,orthographic deletion,Decde,decde
5576,8,Better Informed and Customer Agency,12,Structural / orthographic device,Meaningful notation or orthographic device,systematic generation,orthographic deletion,Navgate,navgate
5577,8,Better Informed and Customer Agency,12,Structural / orthographic device,Meaningful notation or orthographic device,systematic generation,orthographic deletion,Orent,orent
5578,8,Better Informed and Customer Agency,12,Structural / orthographic device,Meaningful notation or orthographic device,systematic generation,orthographic deletion,Compre,compre
5579,8,Better Informed and Customer Agency,12,Structural / orthographic device,Meaningful notation or orthographic device,systematic generation,orthographic deletion,Queston,queston
5580,8,Better Informed and Customer Agency,12,Structural / orthographic device,Meaningful notation or orthographic device,systematic generation,orthographic deletion,Comprhend,comprhend
5581,8,Better Informed and Customer Agency,12,Structural / orthographic device,Meaningful notation or orthographic device,systematic generation,orthographic deletion,Chiceful,chiceful
5582,8,Better Informed and Customer Agency,12,Structural / orthographic device,Meaningful notation or orthographic device,systematic generation,orthographic deletion,Usrled,usrled
5583,8,Better Informed and Customer Agency,12,Structural / orthographic device,Meaningful notation or orthographic device,systematic generation,orthographic deletion,Sensfirst,sensfirst
5584,8,Better Informed and Customer Agency,12,Structural / orthographic device,Meaningful notation or orthographic device,systematic generation,orthographic deletion,Knwable,knwable
5585,8,Better Informed and Customer Agency,12,Structural / orthographic device,Meaningful notation or orthographic device,systematic generation,orthographic deletion,Learnble,learnble
5586,8,Better Informed and Customer Agency,12,Structural / orthographic device,Meaningful notation or orthographic device,systematic generation,orthographic deletion,Readble,readble
5587,8,Better Informed and Customer Agency,12,Structural / orthographic device,Meaningful notation or orthographic device,systematic generation,orthographic deletion,Infrmedness,infrmedness
5588,8,Better Informed and Customer Agency,12,Structural / orthographic device,Meaningful notation or orthographic device,systematic generation,orthographic deletion,Clarheaded,clarheaded
5589,8,Better Informed and Customer Agency,12,Structural / orthographic device,Meaningful notation or orthographic device,systematic generation,orthographic deletion,Mentlmodel,mentlmodel
5590,8,Better Informed and Customer Agency,12,Structural / orthographic device,Meaningful notation or orthographic device,systematic generation,orthographic deletion,Decsionaid,decsionaid
5591,8,Better Informed and Customer Agency,12,Structural / orthographic device,Meaningful notation or orthographic device,systematic generation,orthographic deletion,Refrencekey,refrencekey
5592,8,Better Informed and Customer Agency,12,Structural / orthographic device,Meaningful notation or orthographic device,systematic generation,orthographic deletion,Maprad,maprad
5593,8,Better Informed and Customer Agency,12,Structural / orthographic device,Meaningful notation or orthographic device,systematic generation,orthographic deletion,Flentchoice,flentchoice
5594,8,Better Informed and Customer Agency,12,Structural / orthographic device,Meaningful notation or orthographic device,systematic generation,orthographic deletion,Agncy,agncy
5595,8,Better Informed and Customer Agency,12,Structural / orthographic device,Meaningful notation or orthographic device,systematic generation,meaningful numbering,Decide One,decideone
5596,8,Better Informed and Customer Agency,12,Structural / orthographic device,Meaningful notation or orthographic device,systematic generation,meaningful numbering,Interpret One,interpretone
5597,8,Better Informed and Customer Agency,12,Structural / orthographic device,Meaningful notation or orthographic device,systematic generation,meaningful numbering,Navigate One,navigateone
5598,8,Better Informed and Customer Agency,12,Structural / orthographic device,Meaningful notation or orthographic device,systematic generation,meaningful numbering,Orient One,orientone
5599,8,Better Informed and Customer Agency,12,Structural / orthographic device,Meaningful notation or orthographic device,systematic generation,meaningful numbering,Compare One,compareone
5600,8,Better Informed and Customer Agency,12,Structural / orthographic device,Meaningful notation or orthographic device,systematic generation,meaningful numbering,Question One,questionone
5601,8,Better Informed and Customer Agency,12,Structural / orthographic device,Meaningful notation or orthographic device,systematic generation,meaningful numbering,Comprehend One,comprehendone
5602,8,Better Informed and Customer Agency,12,Structural / orthographic device,Meaningful notation or orthographic device,systematic generation,meaningful numbering,Understandable One,understandableone
5603,8,Better Informed and Customer Agency,12,Structural / orthographic device,Meaningful notation or orthographic device,systematic generation,meaningful numbering,Choiceful One,choicefulone
5604,8,Better Informed and Customer Agency,12,Structural / orthographic device,Meaningful notation or orthographic device,systematic generation,meaningful numbering,Userled One,userledone
5605,8,Better Informed and Customer Agency,12,Structural / orthographic device,Meaningful notation or orthographic device,systematic generation,meaningful numbering,Sensefirst One,sensefirstone
5606,8,Better Informed and Customer Agency,12,Structural / orthographic device,Meaningful notation or orthographic device,systematic generation,meaningful numbering,Knowable One,knowableone
5607,8,Better Informed and Customer Agency,12,Structural / orthographic device,Meaningful notation or orthographic device,systematic generation,plus notation,Compare Plus,compareplus
5608,8,Better Informed and Customer Agency,12,Structural / orthographic device,Meaningful notation or orthographic device,systematic generation,plus notation,Question Plus,questionplus
5609,8,Better Informed and Customer Agency,12,Structural / orthographic device,Meaningful notation or orthographic device,systematic generation,plus notation,Comprehend Plus,comprehendplus
5610,8,Better Informed and Customer Agency,12,Structural / orthographic device,Meaningful notation or orthographic device,systematic generation,plus notation,Understandable Plus,understandableplus
5611,8,Better Informed and Customer Agency,12,Structural / orthographic device,Meaningful notation or orthographic device,systematic generation,plus notation,Choiceful Plus,choicefulplus
5612,8,Better Informed and Customer Agency,12,Structural / orthographic device,Meaningful notation or orthographic device,systematic generation,plus notation,Userled Plus,userledplus
5613,8,Better Informed and Customer Agency,12,Structural / orthographic device,Meaningful notation or orthographic device,systematic generation,plus notation,Knowable Plus,knowableplus
5614,8,Better Informed and Customer Agency,12,Structural / orthographic device,Meaningful notation or orthographic device,systematic generation,plus notation,Learnable Plus,learnableplus
5615,8,Better Informed and Customer Agency,12,Structural / orthographic device,Meaningful notation or orthographic device,systematic generation,plus notation,Readable Plus,readableplus
5616,8,Better Informed and Customer Agency,12,Structural / orthographic device,Meaningful notation or orthographic device,systematic generation,plus notation,Informedness Plus,informednessplus
5617,8,Better Informed and Customer Agency,13,Compound: one plus one equals three,Category-relevant compound,systematic generation,one plus one equals three,Full Decision Tree,fulldecisiontree
5618,8,Better Informed and Customer Agency,13,Compound: one plus one equals three,Category-relevant compound,systematic generation,one plus one equals three,Full Orientation Point,fullorientationpoint
5619,8,Better Informed and Customer Agency,13,Compound: one plus one equals three,Category-relevant compound,systematic generation,one plus one equals three,Full Question Card,fullquestioncard
5620,8,Better Informed and Customer Agency,13,Compound: one plus one equals three,Category-relevant compound,systematic generation,one plus one equals three,Full Decision Table,fulldecisiontable
5621,8,Better Informed and Customer Agency,13,Compound: one plus one equals three,Category-relevant compound,systematic generation,one plus one equals three,Full Sense Map,fullsensemap
5622,8,Better Informed and Customer Agency,13,Compound: one plus one equals three,Category-relevant compound,systematic generation,one plus one equals three,Full Choice Architecture,fullchoicearchitecture
5623,8,Better Informed and Customer Agency,13,Compound: one plus one equals three,Category-relevant compound,systematic generation,one plus one equals three,Full Comparison Scale,fullcomparisonscale
5624,8,Better Informed and Customer Agency,13,Compound: one plus one equals three,Category-relevant compound,systematic generation,one plus one equals three,Full Wayfinding Sign,fullwayfindingsign
5625,8,Better Informed and Customer Agency,13,Compound: one plus one equals three,Category-relevant compound,systematic generation,one plus one equals three,Full Choice Grid,fullchoicegrid
5626,8,Better Informed and Customer Agency,13,Compound: one plus one equals three,Category-relevant compound,systematic generation,one plus one equals three,Full Legend Box,fulllegendbox
5627,8,Better Informed and Customer Agency,13,Compound: one plus one equals three,Category-relevant compound,systematic generation,one plus one equals three,Full Route Marker,fullroutemarker
5628,8,Better Informed and Customer Agency,13,Compound: one plus one equals three,Category-relevant compound,systematic generation,one plus one equals three,Open Reference Map,openreferencemap
5629,8,Better Informed and Customer Agency,13,Compound: one plus one equals three,Category-relevant compound,systematic generation,one plus one equals three,Open Choice Grid,openchoicegrid
5630,8,Better Informed and Customer Agency,13,Compound: one plus one equals three,Category-relevant compound,systematic generation,one plus one equals three,Open Orientation Point,openorientationpoint
5631,8,Better Informed and Customer Agency,13,Compound: one plus one equals three,Category-relevant compound,systematic generation,one plus one equals three,Open Route Marker,openroutemarker
5632,8,Better Informed and Customer Agency,13,Compound: one plus one equals three,Category-relevant compound,systematic generation,one plus one equals three,Open Question Card,openquestioncard
5633,8,Better Informed and Customer Agency,13,Compound: one plus one equals three,Category-relevant compound,systematic generation,one plus one equals three,Open Sense Map,opensensemap
5634,8,Better Informed and Customer Agency,13,Compound: one plus one equals three,Category-relevant compound,systematic generation,one plus one equals three,Open Comparison Scale,opencomparisonscale
5635,8,Better Informed and Customer Agency,13,Compound: one plus one equals three,Category-relevant compound,systematic generation,one plus one equals three,Open Reference Point,openreferencepoint
5636,8,Better Informed and Customer Agency,13,Compound: one plus one equals three,Category-relevant compound,systematic generation,one plus one equals three,True Reference Map,truereferencemap
5637,8,Better Informed and Customer Agency,13,Compound: one plus one equals three,Category-relevant compound,systematic generation,one plus one equals three,True Comparison Card,truecomparisoncard
5638,8,Better Informed and Customer Agency,13,Compound: one plus one equals three,Category-relevant compound,systematic generation,one plus one equals three,True Choice Grid,truechoicegrid
5639,8,Better Informed and Customer Agency,13,Compound: one plus one equals three,Category-relevant compound,systematic generation,one plus one equals three,True Route Marker,trueroutemarker
5640,8,Better Informed and Customer Agency,13,Compound: one plus one equals three,Category-relevant compound,systematic generation,one plus one equals three,True Reading Key,truereadingkey
5641,8,Better Informed and Customer Agency,13,Compound: one plus one equals three,Category-relevant compound,systematic generation,one plus one equals three,True Decision Compass,truedecisioncompass
5642,8,Better Informed and Customer Agency,13,Compound: one plus one equals three,Category-relevant compound,systematic generation,one plus one equals three,True Reference Point,truereferencepoint
5643,8,Better Informed and Customer Agency,13,Compound: one plus one equals three,Category-relevant compound,systematic generation,one plus one equals three,Next Comparison Card,nextcomparisoncard
5644,8,Better Informed and Customer Agency,13,Compound: one plus one equals three,Category-relevant compound,systematic generation,one plus one equals three,Next Legend Box,nextlegendbox
5645,8,Better Informed and Customer Agency,13,Compound: one plus one equals three,Category-relevant compound,systematic generation,one plus one equals three,Next Navigation Aid,nextnavigationaid
5646,8,Better Informed and Customer Agency,13,Compound: one plus one equals three,Category-relevant compound,systematic generation,one plus one equals three,Next User Guide,nextuserguide
5647,8,Better Informed and Customer Agency,13,Compound: one plus one equals three,Category-relevant compound,systematic generation,one plus one equals three,Next Reading Key,nextreadingkey
5648,8,Better Informed and Customer Agency,13,Compound: one plus one equals three,Category-relevant compound,systematic generation,one plus one equals three,Next Information Panel,nextinformationpanel
5649,8,Better Informed and Customer Agency,13,Compound: one plus one equals three,Category-relevant compound,systematic generation,one plus one equals three,Next Decision Compass,nextdecisioncompass
5650,8,Better Informed and Customer Agency,13,Compound: one plus one equals three,Category-relevant compound,systematic generation,one plus one equals three,Next Interpretation Key,nextinterpretationkey
5651,8,Better Informed and Customer Agency,13,Compound: one plus one equals three,Category-relevant compound,systematic generation,one plus one equals three,Long Decision Tree,longdecisiontree
5652,8,Better Informed and Customer Agency,13,Compound: one plus one equals three,Category-relevant compound,systematic generation,one plus one equals three,Long Legend Box,longlegendbox
5653,8,Better Informed and Customer Agency,13,Compound: one plus one equals three,Category-relevant compound,systematic generation,one plus one equals three,Long Navigation Aid,longnavigationaid
5654,8,Better Informed and Customer Agency,13,Compound: one plus one equals three,Category-relevant compound,systematic generation,one plus one equals three,Long Decision Table,longdecisiontable
5655,8,Better Informed and Customer Agency,13,Compound: one plus one equals three,Category-relevant compound,systematic generation,one plus one equals three,Long User Guide,longuserguide
5656,8,Better Informed and Customer Agency,13,Compound: one plus one equals three,Category-relevant compound,systematic generation,one plus one equals three,Long Information Panel,longinformationpanel
5657,8,Better Informed and Customer Agency,13,Compound: one plus one equals three,Category-relevant compound,systematic generation,one plus one equals three,Long Choice Architecture,longchoicearchitecture
5658,8,Better Informed and Customer Agency,13,Compound: one plus one equals three,Category-relevant compound,systematic generation,one plus one equals three,Long Interpretation Key,longinterpretationkey
5659,8,Better Informed and Customer Agency,14,Real-word metaphor or eponym,Unexpected real word or metaphor,hand-authored,round-two curated depth seed,Knowingly,knowingly
5660,8,Better Informed and Customer Agency,14,Real-word metaphor or eponym,Unexpected real word or metaphor,hand-authored,round-two curated depth seed,Learnability,learnability
5661,8,Better Informed and Customer Agency,14,Real-word metaphor or eponym,Unexpected real word or metaphor,hand-authored,round-two curated depth seed,Understood,understood
5662,8,Better Informed and Customer Agency,14,Real-word metaphor or eponym,Unexpected real word or metaphor,systematic generation,real-word metaphor,Decision Tree,decisiontree
5663,8,Better Informed and Customer Agency,14,Real-word metaphor or eponym,Unexpected real word or metaphor,systematic generation,real-word metaphor,Reference Map,referencemap
5664,8,Better Informed and Customer Agency,14,Real-word metaphor or eponym,Unexpected real word or metaphor,systematic generation,real-word metaphor,Choice Grid,choicegrid
5665,8,Better Informed and Customer Agency,14,Real-word metaphor or eponym,Unexpected real word or metaphor,systematic generation,real-word metaphor,Legend Box,legendbox
5666,8,Better Informed and Customer Agency,14,Real-word metaphor or eponym,Unexpected real word or metaphor,systematic generation,real-word metaphor,Route Marker,routemarker
5667,8,Better Informed and Customer Agency,14,Real-word metaphor or eponym,Unexpected real word or metaphor,systematic generation,real-word metaphor,Question Card,questioncard
5668,8,Better Informed and Customer Agency,14,Real-word metaphor or eponym,Unexpected real word or metaphor,systematic generation,real-word metaphor,Decision Table,decisiontable
5669,8,Better Informed and Customer Agency,14,Real-word metaphor or eponym,Unexpected real word or metaphor,systematic generation,real-word metaphor,Reading Key,readingkey
5670,8,Better Informed and Customer Agency,14,Real-word metaphor or eponym,Unexpected real word or metaphor,systematic generation,real-word metaphor,Sense Map,sensemap
5671,8,Better Informed and Customer Agency,14,Real-word metaphor or eponym,Unexpected real word or metaphor,systematic generation,real-word metaphor,Information Panel,informationpanel
5672,8,Better Informed and Customer Agency,14,Real-word metaphor or eponym,Unexpected real word or metaphor,systematic generation,real-word metaphor,Comparison Scale,comparisonscale
5673,8,Better Informed and Customer Agency,14,Real-word metaphor or eponym,Unexpected real word or metaphor,systematic generation,real-word metaphor,Decision Compass,decisioncompass
5674,8,Better Informed and Customer Agency,14,Real-word metaphor or eponym,Unexpected real word or metaphor,systematic generation,real-word metaphor,Interpretation Key,interpretationkey
5675,8,Better Informed and Customer Agency,14,Real-word metaphor or eponym,Unexpected real word or metaphor,systematic generation,real-word metaphor,Wayfinding Sign,wayfindingsign
5676,8,Better Informed and Customer Agency,14,Real-word metaphor or eponym,Unexpected real word or metaphor,systematic generation,real-word metaphor,Reference Point,referencepoint
5677,8,Better Informed and Customer Agency,14,Real-word metaphor or eponym,Unexpected real word or metaphor,systematic generation,real-word metaphor,Choice Architecture,choicearchitecture
5678,8,Better Informed and Customer Agency,14,Real-word metaphor or eponym,Unexpected real word or metaphor,systematic generation,real-word metaphor,Decision Path,decisionpath
5679,8,Better Informed and Customer Agency,14,Real-word metaphor or eponym,Unexpected real word or metaphor,systematic generation,real-word metaphor,Cognitive Map,cognitivemap
5680,8,Better Informed and Customer Agency,14,Real-word metaphor or eponym,Unexpected real word or metaphor,systematic generation,real-word metaphor,User Guide,userguide
5681,8,Better Informed and Customer Agency,14,Real-word metaphor or eponym,Unexpected real word or metaphor,systematic generation,real-word metaphor,Orientation Point,orientationpoint
5682,8,Better Informed and Customer Agency,14,Real-word metaphor or eponym,Unexpected real word or metaphor,systematic generation,real object as brand,Comparison Card,comparisoncard
5683,8,Better Informed and Customer Agency,14,Real-word metaphor or eponym,Unexpected real word or metaphor,systematic generation,real object as brand,Navigation Aid,navigationaid
5684,8,Better Informed and Customer Agency,14,Real-word metaphor or eponym,Unexpected real word or metaphor,systematic generation,cell fallback matrix,Full Decision Tree,fulldecisiontree
5685,8,Better Informed and Customer Agency,14,Real-word metaphor or eponym,Unexpected real word or metaphor,systematic generation,cell fallback matrix,Full Orientation Point,fullorientationpoint
5686,8,Better Informed and Customer Agency,14,Real-word metaphor or eponym,Unexpected real word or metaphor,systematic generation,cell fallback matrix,Full Question Card,fullquestioncard
5687,8,Better Informed and Customer Agency,14,Real-word metaphor or eponym,Unexpected real word or metaphor,systematic generation,cell fallback matrix,Full Decision Table,fulldecisiontable
5688,8,Better Informed and Customer Agency,14,Real-word metaphor or eponym,Unexpected real word or metaphor,systematic generation,cell fallback matrix,Full Sense Map,fullsensemap
5689,8,Better Informed and Customer Agency,14,Real-word metaphor or eponym,Unexpected real word or metaphor,systematic generation,cell fallback matrix,Full Choice Architecture,fullchoicearchitecture
5690,8,Better Informed and Customer Agency,14,Real-word metaphor or eponym,Unexpected real word or metaphor,systematic generation,cell fallback matrix,Full Comparison Scale,fullcomparisonscale
5691,8,Better Informed and Customer Agency,14,Real-word metaphor or eponym,Unexpected real word or metaphor,systematic generation,cell fallback matrix,Full Wayfinding Sign,fullwayfindingsign
5692,8,Better Informed and Customer Agency,14,Real-word metaphor or eponym,Unexpected real word or metaphor,systematic generation,cell fallback matrix,Full Choice Grid,fullchoicegrid
5693,8,Better Informed and Customer Agency,14,Real-word metaphor or eponym,Unexpected real word or metaphor,systematic generation,cell fallback matrix,Full Legend Box,fulllegendbox
5694,8,Better Informed and Customer Agency,14,Real-word metaphor or eponym,Unexpected real word or metaphor,systematic generation,cell fallback matrix,Full Route Marker,fullroutemarker
5695,8,Better Informed and Customer Agency,14,Real-word metaphor or eponym,Unexpected real word or metaphor,systematic generation,cell fallback matrix,Full Reading Key,fullreadingkey
5696,8,Better Informed and Customer Agency,14,Real-word metaphor or eponym,Unexpected real word or metaphor,systematic generation,cell fallback matrix,Full Information Panel,fullinformationpanel
5697,8,Better Informed and Customer Agency,14,Real-word metaphor or eponym,Unexpected real word or metaphor,systematic generation,cell fallback matrix,Full User Guide,fulluserguide
5698,8,Better Informed and Customer Agency,14,Real-word metaphor or eponym,Unexpected real word or metaphor,systematic generation,cell fallback matrix,Full Decide,fulldecide
5699,8,Better Informed and Customer Agency,14,Real-word metaphor or eponym,Unexpected real word or metaphor,systematic generation,cell fallback matrix,Full Compare,fullcompare
5700,8,Better Informed and Customer Agency,14,Real-word metaphor or eponym,Unexpected real word or metaphor,systematic generation,cell fallback matrix,Full Question,fullquestion
5701,8,Better Informed and Customer Agency,14,Real-word metaphor or eponym,Unexpected real word or metaphor,systematic generation,cell fallback matrix,Full Comprehend,fullcomprehend
5702,8,Better Informed and Customer Agency,14,Real-word metaphor or eponym,Unexpected real word or metaphor,systematic generation,cell fallback matrix,Full Understandable,fullunderstandable
5703,8,Better Informed and Customer Agency,14,Real-word metaphor or eponym,Unexpected real word or metaphor,systematic generation,cell fallback matrix,Full Userled,fulluserled
5704,8,Better Informed and Customer Agency,15,World-language hunt,World-language borrowing,systematic generation,world-language source hunt,Sapere,sapere
5705,8,Better Informed and Customer Agency,15,World-language hunt,World-language borrowing,systematic generation,world-language source hunt,Savoir,savoir
5706,8,Better Informed and Customer Agency,15,World-language hunt,World-language borrowing,systematic generation,world-language source hunt,Wissen,wissen
5707,8,Better Informed and Customer Agency,15,World-language hunt,World-language borrowing,systematic generation,world-language source hunt,Capire,capire
5708,8,Better Informed and Customer Agency,15,World-language hunt,World-language borrowing,systematic generation,world-language source hunt,Comprendre,comprendre
5709,8,Better Informed and Customer Agency,15,World-language hunt,World-language borrowing,systematic generation,world-language source hunt,Scelta,scelta
5710,8,Better Informed and Customer Agency,15,World-language hunt,World-language borrowing,systematic generation,world-language source hunt,Sentido,sentido
5711,8,Better Informed and Customer Agency,15,World-language hunt,World-language borrowing,systematic generation,world-language source hunt,Conocer,conocer
5712,8,Better Informed and Customer Agency,15,World-language hunt,World-language borrowing,systematic generation,world-language source hunt,Legere,legere
5713,8,Better Informed and Customer Agency,15,World-language hunt,World-language borrowing,systematic generation,world-language source hunt,Klarheit,klarheit
5714,8,Better Informed and Customer Agency,15,World-language hunt,World-language borrowing,systematic generation,world-language source hunt,Choix,choix
5715,8,Better Informed and Customer Agency,15,World-language hunt,World-language borrowing,systematic generation,world-language source hunt,Entender,entender
5716,8,Better Informed and Customer Agency,15,World-language hunt,World-language borrowing,systematic generation,transparent world-language compound,Casa Sapere,casasapere
5717,8,Better Informed and Customer Agency,15,World-language hunt,World-language borrowing,systematic generation,transparent world-language compound,Casa Wissen,casawissen
5718,8,Better Informed and Customer Agency,15,World-language hunt,World-language borrowing,systematic generation,transparent world-language compound,Casa Scelta,casascelta
5719,8,Better Informed and Customer Agency,15,World-language hunt,World-language borrowing,systematic generation,transparent world-language compound,Casa Sentido,casasentido
5720,8,Better Informed and Customer Agency,15,World-language hunt,World-language borrowing,systematic generation,transparent world-language compound,Studio Savoir,studiosavoir
5721,8,Better Informed and Customer Agency,15,World-language hunt,World-language borrowing,systematic generation,transparent world-language compound,Studio Capire,studiocapire
5722,8,Better Informed and Customer Agency,15,World-language hunt,World-language borrowing,systematic generation,transparent world-language compound,Studio Comprendre,studiocomprendre
5723,8,Better Informed and Customer Agency,15,World-language hunt,World-language borrowing,systematic generation,transparent world-language compound,Studio Conocer,studioconocer
5724,8,Better Informed and Customer Agency,15,World-language hunt,World-language borrowing,systematic generation,transparent world-language compound,Studio Legere,studiolegere
5725,8,Better Informed and Customer Agency,15,World-language hunt,World-language borrowing,systematic generation,transparent world-language compound,Studio Klarheit,studioklarheit
5726,8,Better Informed and Customer Agency,15,World-language hunt,World-language borrowing,systematic generation,transparent world-language compound,Studio Entender,studioentender
5727,8,Better Informed and Customer Agency,15,World-language hunt,World-language borrowing,systematic generation,transparent world-language compound,Metodo Savoir,metodosavoir
5728,8,Better Informed and Customer Agency,15,World-language hunt,World-language borrowing,systematic generation,transparent world-language compound,Metodo Klarheit,metodoklarheit
5729,8,Better Informed and Customer Agency,15,World-language hunt,World-language borrowing,systematic generation,transparent world-language compound,Metodo Choix,metodochoix
5730,8,Better Informed and Customer Agency,15,World-language hunt,World-language borrowing,systematic generation,transparent world-language compound,Forma Sapere,formasapere
5731,8,Better Informed and Customer Agency,15,World-language hunt,World-language borrowing,systematic generation,transparent world-language compound,Forma Capire,formacapire
5732,8,Better Informed and Customer Agency,15,World-language hunt,World-language borrowing,systematic generation,transparent world-language compound,Forma Comprendre,formacomprendre
5733,8,Better Informed and Customer Agency,15,World-language hunt,World-language borrowing,systematic generation,transparent world-language compound,Forma Scelta,formascelta
5734,8,Better Informed and Customer Agency,15,World-language hunt,World-language borrowing,systematic generation,transparent world-language compound,Forma Conocer,formaconocer
5735,8,Better Informed and Customer Agency,15,World-language hunt,World-language borrowing,systematic generation,transparent world-language compound,Forma Legere,formalegere
5736,8,Better Informed and Customer Agency,15,World-language hunt,World-language borrowing,systematic generation,transparent world-language compound,Forma Entender,formaentender
5737,8,Better Informed and Customer Agency,15,World-language hunt,World-language borrowing,systematic generation,cell fallback matrix,Full Decision Tree,fulldecisiontree
5738,8,Better Informed and Customer Agency,15,World-language hunt,World-language borrowing,systematic generation,cell fallback matrix,Full Orientation Point,fullorientationpoint
5739,8,Better Informed and Customer Agency,15,World-language hunt,World-language borrowing,systematic generation,cell fallback matrix,Full Question Card,fullquestioncard
5740,8,Better Informed and Customer Agency,15,World-language hunt,World-language borrowing,systematic generation,cell fallback matrix,Full Decision Table,fulldecisiontable
5741,8,Better Informed and Customer Agency,15,World-language hunt,World-language borrowing,systematic generation,cell fallback matrix,Full Sense Map,fullsensemap
5742,8,Better Informed and Customer Agency,15,World-language hunt,World-language borrowing,systematic generation,cell fallback matrix,Full Choice Architecture,fullchoicearchitecture
5743,8,Better Informed and Customer Agency,15,World-language hunt,World-language borrowing,systematic generation,cell fallback matrix,Full Comparison Scale,fullcomparisonscale
5744,8,Better Informed and Customer Agency,15,World-language hunt,World-language borrowing,systematic generation,cell fallback matrix,Full Wayfinding Sign,fullwayfindingsign
5745,8,Better Informed and Customer Agency,15,World-language hunt,World-language borrowing,systematic generation,cell fallback matrix,Full Choice Grid,fullchoicegrid
5746,8,Better Informed and Customer Agency,16,Synchronicity / source-library raid,Authentic insider terminology,systematic generation,specialist source-library raid,Decision Quality,decisionquality
5747,8,Better Informed and Customer Agency,16,Synchronicity / source-library raid,Authentic insider terminology,systematic generation,specialist source-library raid,Decision Confidence,decisionconfidence
5748,8,Better Informed and Customer Agency,16,Synchronicity / source-library raid,Authentic insider terminology,systematic generation,specialist source-library raid,Information Literacy,informationliteracy
5749,8,Better Informed and Customer Agency,16,Synchronicity / source-library raid,Authentic insider terminology,systematic generation,specialist source-library raid,Comprehension Check,comprehensioncheck
5750,8,Better Informed and Customer Agency,16,Synchronicity / source-library raid,Authentic insider terminology,systematic generation,specialist source-library raid,Choice Set,choiceset
5751,8,Better Informed and Customer Agency,16,Synchronicity / source-library raid,Authentic insider terminology,systematic generation,specialist source-library raid,Reference Frame,referenceframe
5752,8,Better Informed and Customer Agency,16,Synchronicity / source-library raid,Authentic insider terminology,systematic generation,specialist source-library raid,Decision Threshold,decisionthreshold
5753,8,Better Informed and Customer Agency,16,Synchronicity / source-library raid,Authentic insider terminology,systematic generation,specialist source-library raid,User Agency,useragency
5754,8,Better Informed and Customer Agency,16,Synchronicity / source-library raid,Authentic insider terminology,systematic generation,specialist source-library raid,Cognitive Map,cognitivemap
5755,8,Better Informed and Customer Agency,16,Synchronicity / source-library raid,Authentic insider terminology,systematic generation,specialist source-library raid,Information Scent,informationscent
5756,8,Better Informed and Customer Agency,16,Synchronicity / source-library raid,Authentic insider terminology,systematic generation,specialist source-library raid,Wayfinding,wayfinding
5757,8,Better Informed and Customer Agency,16,Synchronicity / source-library raid,Authentic insider terminology,systematic generation,specialist source-library raid,Decision Path,decisionpath
5758,8,Better Informed and Customer Agency,16,Synchronicity / source-library raid,Authentic insider terminology,systematic generation,specialist source-library raid,Comparison Matrix,comparisonmatrix
5759,8,Better Informed and Customer Agency,16,Synchronicity / source-library raid,Authentic insider terminology,systematic generation,specialist source-library raid,Interpretive Frame,interpretiveframe
5760,8,Better Informed and Customer Agency,16,Synchronicity / source-library raid,Authentic insider terminology,systematic generation,specialist source-library raid,Knowledge State,knowledgestate
5761,8,Better Informed and Customer Agency,16,Synchronicity / source-library raid,Authentic insider terminology,systematic generation,specialist source-library raid,Question Formulation,questionformulation
5762,8,Better Informed and Customer Agency,16,Synchronicity / source-library raid,Authentic insider terminology,systematic generation,specialist source-library raid,Decision Context,decisioncontext
5763,8,Better Informed and Customer Agency,16,Synchronicity / source-library raid,Authentic insider terminology,systematic generation,specialist source-library raid,Actionable Information,actionableinformation
5764,8,Better Informed and Customer Agency,16,Synchronicity / source-library raid,Authentic insider terminology,systematic generation,specialist source-library raid,Comprehension Score,comprehensionscore
5765,8,Better Informed and Customer Agency,16,Synchronicity / source-library raid,Authentic insider terminology,systematic generation,specialist source-library raid,Reference Key,referencekey
5766,8,Better Informed and Customer Agency,16,Synchronicity / source-library raid,Authentic insider terminology,systematic generation,source term reconstruction,Open Decision Tree,opendecisiontree
5767,8,Better Informed and Customer Agency,16,Synchronicity / source-library raid,Authentic insider terminology,systematic generation,source term reconstruction,Open Orientation Point,openorientationpoint
5768,8,Better Informed and Customer Agency,16,Synchronicity / source-library raid,Authentic insider terminology,systematic generation,source term reconstruction,Open Question Card,openquestioncard
5769,8,Better Informed and Customer Agency,16,Synchronicity / source-library raid,Authentic insider terminology,systematic generation,source term reconstruction,Open Decision Table,opendecisiontable
5770,8,Better Informed and Customer Agency,16,Synchronicity / source-library raid,Authentic insider terminology,systematic generation,source term reconstruction,Open Sense Map,opensensemap
5771,8,Better Informed and Customer Agency,16,Synchronicity / source-library raid,Authentic insider terminology,systematic generation,source term reconstruction,Open Choice Architecture,openchoicearchitecture
5772,8,Better Informed and Customer Agency,16,Synchronicity / source-library raid,Authentic insider terminology,systematic generation,source term reconstruction,Open Comparison Scale,opencomparisonscale
5773,8,Better Informed and Customer Agency,16,Synchronicity / source-library raid,Authentic insider terminology,systematic generation,source term reconstruction,Open Wayfinding Sign,openwayfindingsign
5774,8,Better Informed and Customer Agency,16,Synchronicity / source-library raid,Authentic insider terminology,systematic generation,source term reconstruction,True Reference Map,truereferencemap
5775,8,Better Informed and Customer Agency,16,Synchronicity / source-library raid,Authentic insider terminology,systematic generation,source term reconstruction,True Choice Grid,truechoicegrid
5776,8,Better Informed and Customer Agency,16,Synchronicity / source-library raid,Authentic insider terminology,systematic generation,source term reconstruction,True Orientation Point,trueorientationpoint
5777,8,Better Informed and Customer Agency,16,Synchronicity / source-library raid,Authentic insider terminology,systematic generation,source term reconstruction,True Route Marker,trueroutemarker
5778,8,Better Informed and Customer Agency,16,Synchronicity / source-library raid,Authentic insider terminology,systematic generation,source term reconstruction,True Question Card,truequestioncard
5779,8,Better Informed and Customer Agency,16,Synchronicity / source-library raid,Authentic insider terminology,systematic generation,source term reconstruction,True Sense Map,truesensemap
5780,8,Better Informed and Customer Agency,16,Synchronicity / source-library raid,Authentic insider terminology,systematic generation,source term reconstruction,True Comparison Scale,truecomparisonscale
5781,8,Better Informed and Customer Agency,16,Synchronicity / source-library raid,Authentic insider terminology,systematic generation,source term reconstruction,True Reference Point,truereferencepoint
5782,8,Better Informed and Customer Agency,16,Synchronicity / source-library raid,Authentic insider terminology,systematic generation,source term reconstruction,Working Reference Map,workingreferencemap
5783,8,Better Informed and Customer Agency,16,Synchronicity / source-library raid,Authentic insider terminology,systematic generation,source term reconstruction,Working Choice Grid,workingchoicegrid
5784,8,Better Informed and Customer Agency,16,Synchronicity / source-library raid,Authentic insider terminology,systematic generation,source term reconstruction,Working Orientation Point,workingorientationpoint
5785,8,Better Informed and Customer Agency,16,Synchronicity / source-library raid,Authentic insider terminology,systematic generation,source term reconstruction,Working Route Marker,workingroutemarker
5786,8,Better Informed and Customer Agency,16,Synchronicity / source-library raid,Authentic insider terminology,systematic generation,source term reconstruction,Working Question Card,workingquestioncard
5787,8,Better Informed and Customer Agency,16,Synchronicity / source-library raid,Authentic insider terminology,systematic generation,source term reconstruction,Working Sense Map,workingsensemap
5788,8,Better Informed and Customer Agency,17,Three-team decoy,Decoy-world import,hand-authored,round-two curated depth seed,Clearheaded,clearheaded
5789,8,Better Informed and Customer Agency,17,Three-team decoy,Decoy-world import,hand-authored,round-two curated depth seed,Question Ready,questionready
5790,8,Better Informed and Customer Agency,17,Three-team decoy,Decoy-world import,hand-authored,round-two curated depth seed,Knowledge in Use,knowledgeinuse
5791,8,Better Informed and Customer Agency,17,Three-team decoy,Decoy-world import,hand-authored,round-two curated depth seed,Choice Fluent,choicefluent
5792,8,Better Informed and Customer Agency,17,Three-team decoy,Decoy-world import,hand-authored,round-two curated depth seed,Good Sense,goodsense
5793,8,Better Informed and Customer Agency,17,Three-team decoy,Decoy-world import,hand-authored,round-two curated depth seed,User Led,userled
5794,8,Better Informed and Customer Agency,17,Three-team decoy,Decoy-world import,hand-authored,round-two curated depth seed,Read Forward,readforward
5795,8,Better Informed and Customer Agency,17,Three-team decoy,Decoy-world import,hand-authored,round-two curated depth seed,Know The Difference,knowthedifference
5796,8,Better Informed and Customer Agency,17,Three-team decoy,Decoy-world import,hand-authored,round-two curated depth seed,Sense First,sensefirst
5797,8,Better Informed and Customer Agency,17,Three-team decoy,Decoy-world import,hand-authored,round-two curated depth seed,Matter of Choice,matterofchoice
5798,8,Better Informed and Customer Agency,17,Three-team decoy,Decoy-world import,hand-authored,round-two curated depth seed,The Reference Key,thereferencekey
5799,8,Better Informed and Customer Agency,17,Three-team decoy,Decoy-world import,systematic generation,three-team decoy briefs,Knowingly,knowingly
5800,8,Better Informed and Customer Agency,17,Three-team decoy,Decoy-world import,systematic generation,three-team decoy briefs,Clearheaded,clearheaded
5801,8,Better Informed and Customer Agency,17,Three-team decoy,Decoy-world import,systematic generation,three-team decoy briefs,Question Ready,questionready
5802,8,Better Informed and Customer Agency,17,Three-team decoy,Decoy-world import,systematic generation,three-team decoy briefs,Knowledge in Use,knowledgeinuse
5803,8,Better Informed and Customer Agency,17,Three-team decoy,Decoy-world import,systematic generation,three-team decoy briefs,Choice Fluent,choicefluent
5804,8,Better Informed and Customer Agency,17,Three-team decoy,Decoy-world import,systematic generation,three-team decoy briefs,Good Sense,goodsense
5805,8,Better Informed and Customer Agency,17,Three-team decoy,Decoy-world import,systematic generation,three-team decoy briefs,User Led,userled
5806,8,Better Informed and Customer Agency,17,Three-team decoy,Decoy-world import,systematic generation,three-team decoy briefs,Read Forward,readforward
5807,8,Better Informed and Customer Agency,17,Three-team decoy,Decoy-world import,systematic generation,three-team decoy briefs,Learnability,learnability
5808,8,Better Informed and Customer Agency,17,Three-team decoy,Decoy-world import,systematic generation,three-team decoy briefs,Understood,understood
5809,8,Better Informed and Customer Agency,17,Three-team decoy,Decoy-world import,systematic generation,three-team decoy briefs,Choicecraft,choicecraft
5810,8,Better Informed and Customer Agency,17,Three-team decoy,Decoy-world import,systematic generation,three-team decoy briefs,Know The Difference,knowthedifference
5811,8,Better Informed and Customer Agency,17,Three-team decoy,Decoy-world import,systematic generation,three-team decoy briefs,Sense First,sensefirst
5812,8,Better Informed and Customer Agency,17,Three-team decoy,Decoy-world import,systematic generation,three-team decoy briefs,Matter of Choice,matterofchoice
5813,8,Better Informed and Customer Agency,17,Three-team decoy,Decoy-world import,systematic generation,three-team decoy briefs,Decision House,decisionhouse
5814,8,Better Informed and Customer Agency,17,Three-team decoy,Decoy-world import,systematic generation,three-team decoy briefs,The Reference Key,thereferencekey
5815,8,Better Informed and Customer Agency,17,Three-team decoy,Decoy-world import,systematic generation,decoy company and institution,House of Reference Map,houseofreferencemap
5816,8,Better Informed and Customer Agency,17,Three-team decoy,Decoy-world import,systematic generation,decoy company and institution,House of Comparison Card,houseofcomparisoncard
5817,8,Better Informed and Customer Agency,17,Three-team decoy,Decoy-world import,systematic generation,decoy company and institution,House of Choice Grid,houseofchoicegrid
5818,8,Better Informed and Customer Agency,17,Three-team decoy,Decoy-world import,systematic generation,decoy company and institution,House of Route Marker,houseofroutemarker
5819,8,Better Informed and Customer Agency,17,Three-team decoy,Decoy-world import,systematic generation,decoy company and institution,House of Reading Key,houseofreadingkey
5820,8,Better Informed and Customer Agency,17,Three-team decoy,Decoy-world import,systematic generation,decoy company and institution,House of Decision Compass,houseofdecisioncompass
5821,8,Better Informed and Customer Agency,17,Three-team decoy,Decoy-world import,systematic generation,decoy company and institution,House of Reference Point,houseofreferencepoint
5822,8,Better Informed and Customer Agency,17,Three-team decoy,Decoy-world import,systematic generation,decoy company and institution,The Comparison Card,thecomparisoncard
5823,8,Better Informed and Customer Agency,17,Three-team decoy,Decoy-world import,systematic generation,decoy company and institution,The Legend Box,thelegendbox
5824,8,Better Informed and Customer Agency,17,Three-team decoy,Decoy-world import,systematic generation,decoy company and institution,The Navigation Aid,thenavigationaid
5825,8,Better Informed and Customer Agency,17,Three-team decoy,Decoy-world import,systematic generation,decoy company and institution,The User Guide,theuserguide
5826,8,Better Informed and Customer Agency,17,Three-team decoy,Decoy-world import,systematic generation,decoy company and institution,The Reading Key,thereadingkey
5827,8,Better Informed and Customer Agency,17,Three-team decoy,Decoy-world import,systematic generation,decoy company and institution,The Information Panel,theinformationpanel
5828,8,Better Informed and Customer Agency,17,Three-team decoy,Decoy-world import,systematic generation,decoy company and institution,The Decision Compass,thedecisioncompass
5829,8,Better Informed and Customer Agency,17,Three-team decoy,Decoy-world import,systematic generation,decoy company and institution,The Interpretation Key,theinterpretationkey
5830,8,Better Informed and Customer Agency,17,Three-team decoy,Decoy-world import,systematic generation,decoy company and institution,Common Comparison Card,commoncomparisoncard
5831,8,Better Informed and Customer Agency,17,Three-team decoy,Decoy-world import,systematic generation,decoy company and institution,Common Legend Box,commonlegendbox
5832,8,Better Informed and Customer Agency,17,Three-team decoy,Decoy-world import,systematic generation,decoy company and institution,Common Navigation Aid,commonnavigationaid
5833,8,Better Informed and Customer Agency,17,Three-team decoy,Decoy-world import,systematic generation,decoy company and institution,Common User Guide,commonuserguide
5834,8,Better Informed and Customer Agency,17,Three-team decoy,Decoy-world import,systematic generation,decoy company and institution,Common Reading Key,commonreadingkey
5835,8,Better Informed and Customer Agency,17,Three-team decoy,Decoy-world import,systematic generation,decoy company and institution,Common Information Panel,commoninformationpanel
5836,8,Better Informed and Customer Agency,17,Three-team decoy,Decoy-world import,systematic generation,decoy company and institution,Common Decision Compass,commondecisioncompass
5837,8,Better Informed and Customer Agency,17,Three-team decoy,Decoy-world import,systematic generation,decoy company and institution,Common Interpretation Key,commoninterpretationkey
5838,8,Better Informed and Customer Agency,17,Three-team decoy,Decoy-world import,systematic generation,decoy company and institution,First Reference Map,firstreferencemap
5839,8,Better Informed and Customer Agency,17,Three-team decoy,Decoy-world import,systematic generation,decoy company and institution,First Orientation Point,firstorientationpoint
5840,8,Better Informed and Customer Agency,17,Three-team decoy,Decoy-world import,systematic generation,decoy company and institution,First Route Marker,firstroutemarker
