candidate_id,hit_type,distance,serial_no,registration_no,mark_id_char,filing_dt,status_cd,mark_norm,status_description,live_dead_indicator,is_live,active_classes,has_relevant_class
0,NEAR_1_SUBSTITUTION,1,99407227,8311061,NEXTCARD,2025-09-23,700,nextcard,REGISTERED,Live/Registered,True,035,True
0,NEAR_1_SUBSTITUTION,1,90780249,6970909,NEXTWORD,2021-06-17,700,nextword,REGISTERED,Live/Registered,True,009,False
0,NEAR_1_SUBSTITUTION,1,78563326,,NEXTCARD,2005-02-09,606,nextcard,ABANDONED - NO STATEMENT OF USE FILED,Dead/Abandoned,False,036,False
0,NEAR_1_SUBSTITUTION,1,78095495,,NEXTWARE,2001-11-28,606,nextware,ABANDONED - NO STATEMENT OF USE FILED,Dead/Abandoned,False,025,False
0,NEAR_1_SUBSTITUTION,1,76329621,,NEXTWARE,2001-10-23,606,nextware,ABANDONED - NO STATEMENT OF USE FILED,Dead/Abandoned,False,009,False
0,NEAR_1_SUBSTITUTION,1,75879924,2406267,NEXTCARD,1999-12-21,710,nextcard,CANCELLED - SECTION 8,Dead/Cancelled,False,,False
0,NEAR_1_SUBSTITUTION,1,75676828,2338297,NEXTCARD,1999-04-07,710,nextcard,CANCELLED - SECTION 8,Dead/Cancelled,False,,False
0,NEAR_1_SUBSTITUTION,1,75376178,,NEXT WARE,1997-10-20,606,nextware,ABANDONED - NO STATEMENT OF USE FILED,Dead/Abandoned,False,042,False
0,NEAR_1_SUBSTITUTION,1,75376487,,N E X T  W A R E,1997-10-20,606,nextware,ABANDONED - NO STATEMENT OF USE FILED,Dead/Abandoned,False,009,False
0,NEAR_1_SUBSTITUTION,1,75378508,,NEXT WARE,1997-10-17,606,nextware,ABANDONED - NO STATEMENT OF USE FILED,Dead/Abandoned,False,042,False
0,NEAR_1_SUBSTITUTION,1,75379259,,NEXT WARE,1997-10-17,606,nextware,ABANDONED - NO STATEMENT OF USE FILED,Dead/Abandoned,False,009,False
0,NEAR_1_SUBSTITUTION,1,75371431,,NEXTCARD,1997-10-10,606,nextcard,ABANDONED - NO STATEMENT OF USE FILED,Dead/Abandoned,False,009,False
0,NEAR_1_SUBSTITUTION,1,75361498,2222470,NEXTCARD,1997-09-23,710,nextcard,CANCELLED - SECTION 8,Dead/Cancelled,False,,False
0,NEAR_1_DELETION,1,75122039,,NETWARD,1996-06-19,606,netward,ABANDONED - NO STATEMENT OF USE FILED,Dead/Abandoned,False,,False
2,NEAR_1_SUBSTITUTION,1,99805418,,FOLDINGTIME,2026-05-05,630,foldingtime,NEW APPLICATION - RECORD INITIALIZED NOT ASSIGNED TO EXAMINER,Live/Pending,True,"016,035,041",True
2,NEAR_1_SUBSTITUTION,1,87326965,5426023,FOLDING TIME,2017-02-07,702,foldingtime,SECTION 8 & 15-ACCEPTED AND ACKNOWLEDGED,Live/Registered,True,"016,041",False
4,EXACT,0,99916201,,SEQUEL,2026-07-01,630,sequel,NEW APPLICATION - RECORD INITIALIZED NOT ASSIGNED TO EXAMINER,Live/Pending,True,003,True
4,EXACT,0,99687504,,SEQUEL,2026-03-06,681,sequel,PUBLICATION/ISSUE REVIEW COMPLETE,Live/Pending,True,010,True
4,EXACT,0,99470471,8281985,SEQUEL,2025-10-30,700,sequel,REGISTERED,Live/Registered,True,028,False
4,EXACT,0,99108681,,SEQUEL,2025-03-28,653,sequel,SUSPENSION LETTER - MAILED,Live/Pending,True,036,False
4,EXACT,0,99108683,8124051,SEQUEL,2025-03-28,700,sequel,REGISTERED,Live/Registered,True,036,False
4,EXACT,0,99021112,,SEQUEL,2025-01-28,730,sequel,FIRST EXTENSION - GRANTED,Live/Pending,True,"009,010",True
4,EXACT,0,99013490,,SEQUEL,2025-01-21,688,sequel,NOTICE OF ALLOWANCE - ISSUED,Live/Pending,True,009,False
4,EXACT,0,99007622,,SEQUEL,2025-01-17,774,sequel,OPPOSITION PENDING,Live/Pending,True,036,False
4,EXACT,0,98913384,,SEQUEL,2024-12-19,654,sequel,REPORT COMPLETED SUSPENSION CHECK - CASE STILL SUSPENDED,Live/Pending,True,005,True
4,EXACT,0,97887452,,SEQUEL,2023-04-13,654,sequel,REPORT COMPLETED SUSPENSION CHECK - CASE STILL SUSPENDED,Live/Pending,True,"005,010",True
4,EXACT,0,97812964,,SEQUEL,2023-02-27,731,sequel,SECOND EXTENSION - GRANTED,Live/Pending,True,"005,009,010,035,041,042,044",True
4,EXACT,0,97716882,,SEQUEL,2022-12-14,732,sequel,THIRD EXTENSION - GRANTED,Live/Pending,True,"005,010",True
4,EXACT,0,97448408,7119640,SEQUEL,2022-06-08,700,sequel,REGISTERED,Live/Registered,True,036,False
4,EXACT,0,90884928,6838819,SEQUEL,2021-08-16,700,sequel,REGISTERED,Live/Registered,True,018,False
4,EXACT,0,79315760,6926783,SEQUEL,2021-04-19,700,sequel,REGISTERED,Live/Registered,True,"025,035",True
4,EXACT,0,88950621,7299827,SEQUEL,2020-06-05,700,sequel,REGISTERED,Live/Registered,True,"005,041",True
4,EXACT,0,88380734,6056452,SEQUEL,2019-04-11,790,sequel,CANCELLATION PENDING,Live/Registered,True,"009,042",False
4,EXACT,0,88185084,5792875,SEQUEL,2018-11-07,702,sequel,SECTION 8 & 15-ACCEPTED AND ACKNOWLEDGED,Live/Registered,True,012,False
4,EXACT,0,79202118,5450537,SEQUEL,2016-10-11,739,sequel,Section 71 & 15 ACCEPTED AND ACKNOWLEDGED,Live/Registered,True,001,False
4,EXACT,0,86791581,5033174,SEQUEL,2015-10-19,702,sequel,SECTION 8 & 15-ACCEPTED AND ACKNOWLEDGED,Live/Registered,True,"014,035",True
4,EXACT,0,86744631,5177278,SEQUEL,2015-09-01,702,sequel,SECTION 8 & 15-ACCEPTED AND ACKNOWLEDGED,Live/Registered,True,"001,009",False
4,EXACT,0,85352258,4098744,SEQUEL,2011-06-21,800,sequel,REGISTERED AND RENEWED,Live/Registered,True,001,False
4,EXACT,0,77784562,3752156,SEQUEL,2009-07-20,800,sequel,REGISTERED AND RENEWED,Live/Registered,True,020,False
4,EXACT,0,79035534,3329751,SEQUEL,2007-02-07,706,sequel,SECTION 71 ACCEPTED,Live/Registered,True,009,False
4,EXACT,0,78859993,3288060,SEQUEL,2006-04-12,800,sequel,REGISTERED AND RENEWED,Live/Registered,True,007,False
4,EXACT,0,78524038,3086673,SEQUEL,2004-11-29,800,sequel,REGISTERED AND RENEWED,Live/Registered,True,033,False
4,EXACT,0,75486947,2305545,SEQUEL,1998-05-18,800,sequel,REGISTERED AND RENEWED,Live/Registered,True,007,False
4,EXACT,0,74624067,2021325,SEQUEL,1995-01-23,800,sequel,REGISTERED AND RENEWED,Live/Registered,True,001,False
4,EXACT,0,74124253,1692968,SEQUEL,1990-12-17,800,sequel,REGISTERED AND RENEWED,Live/Registered,True,016,False
4,EXACT,0,99217834,,SEQUEL,2025-06-04,602,sequel,ABANDONED-FAILURE TO RESPOND OR LATE RESPONSE,Dead/Abandoned,False,035,True
4,EXACT,0,99217836,,SEQUEL,2025-06-04,602,sequel,ABANDONED-FAILURE TO RESPOND OR LATE RESPONSE,Dead/Abandoned,False,035,True
4,EXACT,0,99121967,,SEQUEL,2025-04-04,602,sequel,ABANDONED-FAILURE TO RESPOND OR LATE RESPONSE,Dead/Abandoned,False,009,False
4,EXACT,0,79418077,,SEQUEL,2025-01-30,602,sequel,ABANDONED-FAILURE TO RESPOND OR LATE RESPONSE,Dead/Abandoned,False,020,False
4,EXACT,0,98190161,,SEQUEL,2023-09-21,602,sequel,ABANDONED-FAILURE TO RESPOND OR LATE RESPONSE,Dead/Abandoned,False,028,False
4,EXACT,0,97816374,,SEQUEL,2023-02-28,606,sequel,ABANDONED - NO STATEMENT OF USE FILED,Dead/Abandoned,False,032,False
4,EXACT,0,97406327,,SEQUEL,2022-05-11,602,sequel,ABANDONED-FAILURE TO RESPOND OR LATE RESPONSE,Dead/Abandoned,False,045,False
4,EXACT,0,90501158,,SEQUEL,2021-02-01,610,sequel,TERMINATED AFTER SANCTIONS,Dead,False,,False
4,EXACT,0,90402794,,SEQUEL,2020-12-22,602,sequel,ABANDONED-FAILURE TO RESPOND OR LATE RESPONSE,Dead/Abandoned,False,009,False
4,EXACT,0,90287868,,SEQUEL,2020-10-29,606,sequel,ABANDONED - NO STATEMENT OF USE FILED,Dead/Abandoned,False,"035,041,044,045",True
4,EXACT,0,90095319,,SEQUEL,2020-08-05,602,sequel,ABANDONED-FAILURE TO RESPOND OR LATE RESPONSE,Dead/Abandoned,False,045,False
4,EXACT,0,88482520,,SEQUEL,2019-06-20,606,sequel,ABANDONED - NO STATEMENT OF USE FILED,Dead/Abandoned,False,"005,010",True
4,EXACT,0,88252428,,SEQUEL,2019-01-07,602,sequel,ABANDONED-FAILURE TO RESPOND OR LATE RESPONSE,Dead/Abandoned,False,"009,040,042",False
4,EXACT,0,87640641,,SEQUEL,2017-10-10,606,sequel,ABANDONED - NO STATEMENT OF USE FILED,Dead/Abandoned,False,"009,028",False
4,EXACT,0,87166693,,SEQUEL,2016-09-09,606,sequel,ABANDONED - NO STATEMENT OF USE FILED,Dead/Abandoned,False,035,True
4,EXACT,0,87045175,5381464,SEQUEL,2016-05-20,710,sequel,CANCELLED - SECTION 8,Dead/Cancelled,False,,False
4,EXACT,0,86744627,,SEQUEL,2015-09-01,606,sequel,ABANDONED - NO STATEMENT OF USE FILED,Dead/Abandoned,False,"005,010",True
4,EXACT,0,86713111,4957465,SEQUEL,2015-08-03,710,sequel,CANCELLED - SECTION 8,Dead/Cancelled,False,,False
4,EXACT,0,86191314,4620204,SEQUEL,2014-02-12,710,sequel,CANCELLED - SECTION 8,Dead/Cancelled,False,,False
4,EXACT,0,85762164,,SEQUEL,2012-10-24,602,sequel,ABANDONED-FAILURE TO RESPOND OR LATE RESPONSE,Dead/Abandoned,False,030,False
4,EXACT,0,77967561,3936650,SEQUEL,2010-03-24,710,sequel,CANCELLED - SECTION 8,Dead/Cancelled,False,,False
4,EXACT,0,77965009,3936642,SEQUEL,2010-03-22,710,sequel,CANCELLED - SECTION 8,Dead/Cancelled,False,,False
4,EXACT,0,77965022,3967505,SEQUEL,2010-03-22,710,sequel,CANCELLED - SECTION 8,Dead/Cancelled,False,,False
4,EXACT,0,77965100,3939844,SEQUEL,2010-03-22,710,sequel,CANCELLED - SECTION 8,Dead/Cancelled,False,,False
4,EXACT,0,77710540,,SEQUEL,2009-04-09,606,sequel,ABANDONED - NO STATEMENT OF USE FILED,Dead/Abandoned,False,030,False
4,EXACT,0,77582714,,SEQUEL,2008-09-30,604,sequel,ABANDONED - AFTER INTER-PARTES DECISION,Dead/Abandoned,False,,False
4,EXACT,0,77555510,,SEQUEL,2008-08-26,606,sequel,ABANDONED - NO STATEMENT OF USE FILED,Dead/Abandoned,False,012,False
4,EXACT,0,77299286,3799982,SEQUEL,2007-10-09,710,sequel,CANCELLED - SECTION 8,Dead/Cancelled,False,,False
4,EXACT,0,77023483,,SEQUEL,2006-10-18,602,sequel,ABANDONED-FAILURE TO RESPOND OR LATE RESPONSE,Dead/Abandoned,False,"009,042",False
4,EXACT,0,77007275,,SEQUEL,2006-09-26,606,sequel,ABANDONED - NO STATEMENT OF USE FILED,Dead/Abandoned,False,"035,041",True
4,EXACT,0,78969894,3518512,SEQUEL,2006-09-08,710,sequel,CANCELLED - SECTION 8,Dead/Cancelled,False,,False
4,EXACT,0,76663691,3477113,SEQUEL,2006-07-26,710,sequel,CANCELLED - SECTION 8,Dead/Cancelled,False,,False
4,EXACT,0,78719166,3132970,SEQUEL,2005-09-23,710,sequel,CANCELLED - SECTION 8,Dead/Cancelled,False,,False
4,EXACT,0,78545150,3032347,SEQUEL,2005-01-10,710,sequel,CANCELLED - SECTION 8,Dead/Cancelled,False,,False
4,EXACT,0,78518402,,SEQUEL,2004-11-17,606,sequel,ABANDONED - NO STATEMENT OF USE FILED,Dead/Abandoned,False,030,False
4,EXACT,0,78452813,,SEQUEL,2004-07-19,606,sequel,ABANDONED - NO STATEMENT OF USE FILED,Dead/Abandoned,False,012,False
4,EXACT,0,78345203,,SEQUEL,2003-12-23,602,sequel,ABANDONED-FAILURE TO RESPOND OR LATE RESPONSE,Dead/Abandoned,False,010,True
4,EXACT,0,76437769,,SEQUEL,2002-08-05,606,sequel,ABANDONED - NO STATEMENT OF USE FILED,Dead/Abandoned,False,005,True
4,EXACT,0,78127618,,SEQUEL,2002-05-09,602,sequel,ABANDONED-FAILURE TO RESPOND OR LATE RESPONSE,Dead/Abandoned,False,035,True
4,EXACT,0,78117910,,SEQUEL,2002-03-27,606,sequel,ABANDONED - NO STATEMENT OF USE FILED,Dead/Abandoned,False,029,False
4,EXACT,0,76236198,2617414,SEQUEL,2001-04-05,710,sequel,CANCELLED - SECTION 8,Dead/Cancelled,False,,False
4,EXACT,0,76225299,,SEQUEL,2001-03-15,602,sequel,ABANDONED-FAILURE TO RESPOND OR LATE RESPONSE,Dead/Abandoned,False,009,False
4,EXACT,0,76110044,,SEQUEL,2000-08-15,606,sequel,ABANDONED - NO STATEMENT OF USE FILED,Dead/Abandoned,False,008,False
4,EXACT,0,76019593,,SEQUEL,2000-04-06,602,sequel,ABANDONED-FAILURE TO RESPOND OR LATE RESPONSE,Dead/Abandoned,False,"009,036",False
4,EXACT,0,76002951,,SEQUEL,2000-03-17,606,sequel,ABANDONED - NO STATEMENT OF USE FILED,Dead/Abandoned,False,009,False
4,EXACT,0,75892388,,SEQUEL,2000-01-07,601,sequel,ABANDONED - EXPRESS,Dead/Abandoned,False,028,False
4,EXACT,0,75575776,,SEQUEL,1998-10-19,602,sequel,ABANDONED-FAILURE TO RESPOND OR LATE RESPONSE,Dead/Abandoned,False,001,False
4,EXACT,0,75465577,2317201,SEQUEL,1998-04-03,710,sequel,CANCELLED - SECTION 8,Dead/Cancelled,False,,False
4,EXACT,0,75240102,2175709,SEQUEL,1997-02-11,710,sequel,CANCELLED - SECTION 8,Dead/Cancelled,False,,False
4,EXACT,0,75033719,2023722,SEQUEL,1995-12-18,710,sequel,CANCELLED - SECTION 8,Dead/Cancelled,False,,False
4,EXACT,0,75009348,,SEQUEL,1995-10-23,606,sequel,ABANDONED - NO STATEMENT OF USE FILED,Dead/Abandoned,False,010,True
4,EXACT,0,74716909,2116675,SEQUEL,1995-08-17,710,sequel,CANCELLED - SECTION 8,Dead/Cancelled,False,,False
4,EXACT,0,74682183,,SEQUEL,1995-05-30,601,sequel,ABANDONED - EXPRESS,Dead/Abandoned,False,,False
4,EXACT,0,74640078,2036085,SEQUEL,1995-02-28,710,sequel,CANCELLED - SECTION 8,Dead/Cancelled,False,,False
4,EXACT,0,74610291,2103787,SEQUEL,1994-12-09,710,sequel,CANCELLED - SECTION 8,Dead/Cancelled,False,,False
4,EXACT,0,74598762,,SEQUEL,1994-11-14,602,sequel,ABANDONED-FAILURE TO RESPOND OR LATE RESPONSE,Dead/Abandoned,False,,False
4,EXACT,0,74481028,,SEQUEL,1994-01-21,606,sequel,ABANDONED - NO STATEMENT OF USE FILED,Dead/Abandoned,False,,False
4,EXACT,0,74409601,1970728,SEQUEL,1993-07-06,713,sequel,CANCELLED - SECTION 18,Dead/Cancelled,False,,False
4,EXACT,0,74387174,1816959,SEQUEL,1993-05-06,711,sequel,CANCELLED - SECTION 7,Dead/Cancelled,False,,False
4,EXACT,0,74386554,1846309,SEQUEL,1993-04-29,710,sequel,CANCELLED - SECTION 8,Dead/Cancelled,False,,False
4,EXACT,0,74353795,1833252,SEQUEL,1993-01-29,710,sequel,CANCELLED - SECTION 8,Dead/Cancelled,False,,False
4,EXACT,0,74194078,1817311,SEQUEL,1991-08-12,710,sequel,CANCELLED - SECTION 8,Dead/Cancelled,False,,False
4,EXACT,0,74080165,1650031,SEQUEL,1990-07-20,710,sequel,CANCELLED - SECTION 8,Dead/Cancelled,False,,False
4,EXACT,0,74066564,1643324,SEQUEL,1990-06-07,710,sequel,CANCELLED - SECTION 8,Dead/Cancelled,False,,False
4,EXACT,0,73796578,,SEQUEL,1989-04-28,601,sequel,ABANDONED - EXPRESS,Dead/Abandoned,False,,False
4,EXACT,0,73733379,1525203,SEQUEL,1988-06-09,710,sequel,CANCELLED - SECTION 8,Dead/Cancelled,False,,False
4,EXACT,0,73726503,1559488,SEQUEL,1988-05-05,710,sequel,CANCELLED - SECTION 8,Dead/Cancelled,False,,False
4,EXACT,0,73703737,,SEQUEL,1988-01-04,602,sequel,ABANDONED-FAILURE TO RESPOND OR LATE RESPONSE,Dead/Abandoned,False,,False
4,EXACT,0,73676118,1496442,SEQUEL,1987-08-03,710,sequel,CANCELLED - SECTION 8,Dead/Cancelled,False,,False
4,EXACT,0,73616729,1447235,SEQUEL,1986-08-25,710,sequel,CANCELLED - SECTION 8,Dead/Cancelled,False,,False
4,EXACT,0,73564480,1394853,SEQUEL,1985-10-21,710,sequel,CANCELLED - SECTION 8,Dead/Cancelled,False,,False
4,EXACT,0,73542381,,SEQUEL,1985-06-11,604,sequel,ABANDONED - AFTER INTER-PARTES DECISION,Dead/Abandoned,False,,False
4,EXACT,0,73485176,1473172,SEQUEL,1984-06-14,710,sequel,CANCELLED - SECTION 8,Dead/Cancelled,False,,False
4,EXACT,0,73346503,1298441,SEQUEL,1982-01-20,710,sequel,CANCELLED - SECTION 8,Dead/Cancelled,False,,False
4,EXACT,0,73340913,,SEQUEL,1981-12-10,604,sequel,ABANDONED - AFTER INTER-PARTES DECISION,Dead/Abandoned,False,,False
4,EXACT,0,73334843,1219224,SEQUEL,1981-10-30,710,sequel,CANCELLED - SECTION 8,Dead/Cancelled,False,,False
4,EXACT,0,73253676,1293676,SEQUEL,1980-03-12,710,sequel,CANCELLED - SECTION 8,Dead/Cancelled,False,,False
4,EXACT,0,81005302,1005302,SEQUEL,,710,sequel,CANCELLED - SECTION 8,Dead/Cancelled,False,,False
4,NEAR_1_SUBSTITUTION,1,97885253,7460272,SEQUEA,2023-04-12,700,sequea,REGISTERED,Live/Registered,True,021,True
4,NEAR_1_INSERTION,1,97812982,,S SEQUEL,2023-02-27,731,ssequel,SECOND EXTENSION - GRANTED,Live/Pending,True,"005,009,010,035,041,042,044",True
4,NEAR_1_SUBSTITUTION,1,97217588,7214314,SEQUAL,2022-01-13,700,sequal,REGISTERED,Live/Registered,True,005,True
4,NEAR_1_SUBSTITUTION,1,90539924,6612761,SEPUEL,2021-02-22,700,sepuel,REGISTERED,Live/Registered,True,028,False
4,NEAR_1_SUBSTITUTION,1,86372376,4734547,CEQUEL,2014-08-20,800,cequel,REGISTERED AND RENEWED,Live/Registered,True,009,False
4,NEAR_1_SUBSTITUTION,1,77590479,3622743,SEQUIL,2008-10-10,800,sequil,REGISTERED AND RENEWED,Live/Registered,True,042,False
4,NEAR_1_INSERTION,1,77123468,3338986,SEAQUEL,2007-03-06,800,seaquel,REGISTERED AND RENEWED,Live/Registered,True,029,False
4,NEAR_1_SUBSTITUTION,1,74667356,2036142,SEQUAL,1995-04-28,800,sequal,REGISTERED AND RENEWED,Live/Registered,True,007,False
4,NEAR_1_INSERTION,1,97589757,,SEA QUEL,2022-09-13,602,seaquel,ABANDONED-FAILURE TO RESPOND OR LATE RESPONSE,Dead/Abandoned,False,033,False
4,NEAR_1_SUBSTITUTION,1,97392449,,XEQUEL,2022-05-03,606,xequel,ABANDONED - NO STATEMENT OF USE FILED,Dead/Abandoned,False,"005,042",True
4,NEAR_1_INSERTION,1,90792771,,SEQUELS,2021-06-24,606,sequels,ABANDONED - NO STATEMENT OF USE FILED,Dead/Abandoned,False,006,False
4,NEAR_1_SUBSTITUTION,1,86119628,,SEQUAL,2013-11-15,601,sequal,ABANDONED - EXPRESS,Dead/Abandoned,False,030,False
4,NEAR_1_SUBSTITUTION,1,85762172,,SEQUAL,2012-10-24,602,sequal,ABANDONED-FAILURE TO RESPOND OR LATE RESPONSE,Dead/Abandoned,False,030,False
4,NEAR_1_INSERTION,1,85200658,,SEAQUEL,2010-12-17,606,seaquel,ABANDONED - NO STATEMENT OF USE FILED,Dead/Abandoned,False,028,False
4,NEAR_1_SUBSTITUTION,1,77710519,,SEQUAL,2009-04-09,606,sequal,ABANDONED - NO STATEMENT OF USE FILED,Dead/Abandoned,False,030,False
4,NEAR_1_INSERTION,1,77325372,3461619,SEQUELS,2007-11-08,710,sequels,CANCELLED - SECTION 8,Dead/Cancelled,False,,False
4,NEAR_1_SUBSTITUTION,1,77211134,3665476,SEQUIL,2007-06-20,710,sequil,CANCELLED - SECTION 8,Dead/Cancelled,False,,False
4,NEAR_1_SUBSTITUTION,1,78967723,,CEQUEL,2006-09-06,606,cequel,ABANDONED - NO STATEMENT OF USE FILED,Dead/Abandoned,False,038,False
4,NEAR_1_SUBSTITUTION,1,78851680,,CEQUEL,2006-03-31,601,cequel,ABANDONED - EXPRESS,Dead/Abandoned,False,038,False
4,NEAR_1_SUBSTITUTION,1,78518406,,SEQUAL,2004-11-17,606,sequal,ABANDONED - NO STATEMENT OF USE FILED,Dead/Abandoned,False,030,False
4,NEAR_1_SUBSTITUTION,1,78199486,2784430,CEQUEL,2003-01-02,710,cequel,CANCELLED - SECTION 8,Dead/Cancelled,False,,False
4,NEAR_1_INSERTION,1,78194068,,SEQUELS,2002-12-12,601,sequels,ABANDONED - EXPRESS,Dead/Abandoned,False,"009,028,041",False
4,NEAR_1_INSERTION,1,76078697,2529388,SEQUELS,2000-06-27,710,sequels,CANCELLED - SECTION 8,Dead/Cancelled,False,,False
4,NEAR_1_INSERTION,1,75768781,2447061,SEQUELA,1999-08-05,710,sequela,CANCELLED - SECTION 8,Dead/Cancelled,False,,False
4,NEAR_1_DELETION,1,75768007,,EQUEL,1999-08-03,614,equel,ABANDONED PETITION TO REVIVE-DENIED,Dead/Abandoned,False,009,False
4,NEAR_1_DELETION,1,75748504,,EQUEL,1999-07-07,608,equel,ABANDONED - AFTER PETITION DECISION,Dead/Abandoned,False,"041,042",False
4,NEAR_1_INSERTION,1,75365291,2371453,SEAQUEL,1997-09-29,710,seaquel,CANCELLED - SECTION 8,Dead/Cancelled,False,,False
4,NEAR_1_INSERTION,1,74337623,1823825,SEQUELS,1992-12-07,710,sequels,CANCELLED - SECTION 8,Dead/Cancelled,False,,False
4,NEAR_1_INSERTION,1,74164051,,SEQUELS,1991-05-06,606,sequels,ABANDONED - NO STATEMENT OF USE FILED,Dead/Abandoned,False,,False
4,NEAR_1_INSERTION,1,74144166,,SEQUELS,1991-03-04,602,sequels,ABANDONED-FAILURE TO RESPOND OR LATE RESPONSE,Dead/Abandoned,False,,False
4,NEAR_1_SUBSTITUTION,1,74052411,1760176,SEQUAL,1990-04-24,710,sequal,CANCELLED - SECTION 8,Dead/Cancelled,False,,False
4,NEAR_1_SUBSTITUTION,1,73723323,1735150,SEQUAL,1988-04-14,710,sequal,CANCELLED - SECTION 8,Dead/Cancelled,False,,False
4,NEAR_1_SUBSTITUTION,1,73720400,1548666,SEQUAL,1988-04-04,710,sequal,CANCELLED - SECTION 8,Dead/Cancelled,False,,False
4,NEAR_1_SUBSTITUTION,1,73694530,1510567,SEQUEX,1987-11-09,710,sequex,CANCELLED - SECTION 8,Dead/Cancelled,False,,False
4,NEAR_1_SUBSTITUTION,1,73601027,,SEQUAL,1986-05-27,602,sequal,ABANDONED-FAILURE TO RESPOND OR LATE RESPONSE,Dead/Abandoned,False,,False
4,NEAR_1_INSERTION,1,73547755,1381228,SEQUEL I,1985-07-15,710,sequeli,CANCELLED - SECTION 8,Dead/Cancelled,False,,False
4,NEAR_1_SUBSTITUTION,1,73453457,1296178,TEQUEL,1983-11-18,710,tequel,CANCELLED - SECTION 8,Dead/Cancelled,False,,False
4,NEAR_1_INSERTION,1,72062509,0683164,SEQUELS,1958-11-17,710,sequels,CANCELLED - SECTION 8,Dead/Cancelled,False,,False
5,EXACT,0,99823657,,SUSTAIN,2026-05-14,630,sustain,NEW APPLICATION - RECORD INITIALIZED NOT ASSIGNED TO EXAMINER,Live/Pending,True,016,False
5,EXACT,0,98355553,,SUSTAIN,2024-01-12,731,sustain,SECOND EXTENSION - GRANTED,Live/Pending,True,009,False
5,EXACT,0,97550131,7306537,SUSTAIN,2022-08-16,700,sustain,REGISTERED,Live/Registered,True,044,True
5,EXACT,0,97358635,7154142,SUSTAIN,2022-04-12,700,sustain,REGISTERED,Live/Registered,True,019,False
5,EXACT,0,79344674,7109859,SUSTAIN,2022-01-28,700,sustain,REGISTERED,Live/Registered,True,"001,004,039,042",False
5,EXACT,0,88834293,6343090,SUSTAIN,2020-03-13,700,sustain,REGISTERED,Live/Registered,True,"005,010",True
5,EXACT,0,88807993,6494216,SUSTAIN,2020-02-24,700,sustain,REGISTERED,Live/Registered,True,001,False
5,EXACT,0,88689676,7463642,SUSTAIN,2019-11-12,700,sustain,REGISTERED,Live/Registered,True,017,False
5,EXACT,0,87075524,5993395,SUSTAIN,2016-06-17,700,sustain,REGISTERED,Live/Registered,True,042,False
5,EXACT,0,87056109,5193235,SUSTAIN,2016-06-01,701,sustain,SECTION 8-ACCEPTED,Live/Registered,True,019,False
5,EXACT,0,87975102,5303540,SUSTAIN,2016-06-01,702,sustain,SECTION 8 & 15-ACCEPTED AND ACKNOWLEDGED,Live/Registered,True,035,True
5,EXACT,0,86794347,4977378,SUSTAIN,2015-10-21,702,sustain,SECTION 8 & 15-ACCEPTED AND ACKNOWLEDGED,Live/Registered,True,029,False
5,EXACT,0,86477309,5301886,SUSTAIN,2014-12-11,701,sustain,SECTION 8-ACCEPTED,Live/Registered,True,021,True
5,EXACT,0,86336178,4722665,SUSTAIN,2014-07-14,800,sustain,REGISTERED AND RENEWED,Live/Registered,True,021,True
5,EXACT,0,86305143,4621325,SUSTAIN,2014-06-10,800,sustain,REGISTERED AND RENEWED,Live/Registered,True,029,False
5,EXACT,0,85731638,4978295,SUSTAIN,2012-09-18,702,sustain,SECTION 8 & 15-ACCEPTED AND ACKNOWLEDGED,Live/Registered,True,043,False
5,EXACT,0,85229171,4388518,SUSTAIN,2011-01-28,800,sustain,REGISTERED AND RENEWED,Live/Registered,True,010,True
5,EXACT,0,85133821,4649413,SUSTAIN,2010-09-20,800,sustain,REGISTERED AND RENEWED,Live/Registered,True,005,True
5,EXACT,0,79069153,3718874,SUSTAIN,2009-04-27,706,sustain,SECTION 71 ACCEPTED,Live/Registered,True,028,False
5,EXACT,0,77976471,3588859,SUSTAIN,2008-01-25,800,sustain,REGISTERED AND RENEWED,Live/Registered,True,021,True
5,EXACT,0,78892606,4848360,SUSTAIN,2006-05-25,800,sustain,REGISTERED AND RENEWED,Live/Registered,True,005,True
5,EXACT,0,76564722,2991141,SUSTAIN,2003-12-11,800,sustain,REGISTERED AND RENEWED,Live/Registered,True,010,True
5,EXACT,0,76470083,3216699,SUSTAIN,2002-11-26,800,sustain,REGISTERED AND RENEWED,Live/Registered,True,001,False
5,EXACT,0,75224754,2146093,SUSTAIN,1997-01-13,800,sustain,REGISTERED AND RENEWED,Live/Registered,True,001,False
5,EXACT,0,74406925,1898262,SUSTAIN,1993-06-25,800,sustain,REGISTERED AND RENEWED,Live/Registered,True,032,False
5,EXACT,0,73162884,1107688,SUSTAIN,1978-03-20,800,sustain,REGISTERED AND RENEWED,Live/Registered,True,003,True
5,EXACT,0,99256620,,SUSTAIN,2025-06-27,602,sustain,ABANDONED-FAILURE TO RESPOND OR LATE RESPONSE,Dead/Abandoned,False,005,True
5,EXACT,0,99197521,,SUSTAIN,2025-05-22,602,sustain,ABANDONED-FAILURE TO RESPOND OR LATE RESPONSE,Dead/Abandoned,False,028,False
5,EXACT,0,98625132,,SUSTAIN,2024-06-28,602,sustain,ABANDONED-FAILURE TO RESPOND OR LATE RESPONSE,Dead/Abandoned,False,036,False
5,EXACT,0,98047212,,SUSTAIN,2023-06-16,602,sustain,ABANDONED-FAILURE TO RESPOND OR LATE RESPONSE,Dead/Abandoned,False,024,False
5,EXACT,0,98004507,,SUSTAIN,2023-05-19,604,sustain,ABANDONED - AFTER INTER-PARTES DECISION,Dead/Abandoned,False,,False
5,EXACT,0,97588747,,SUSTAIN,2022-09-13,602,sustain,ABANDONED-FAILURE TO RESPOND OR LATE RESPONSE,Dead/Abandoned,False,"035,041,042",True
5,EXACT,0,97174091,,SUSTAIN,2021-12-15,602,sustain,ABANDONED-FAILURE TO RESPOND OR LATE RESPONSE,Dead/Abandoned,False,001,False
5,EXACT,0,97015152,,SUSTAIN,2021-09-07,606,sustain,ABANDONED - NO STATEMENT OF USE FILED,Dead/Abandoned,False,001,False
5,EXACT,0,90859596,,SUSTAIN,2021-07-31,602,sustain,ABANDONED-FAILURE TO RESPOND OR LATE RESPONSE,Dead/Abandoned,False,021,True
5,EXACT,0,90222473,,SUSTAIN,2020-09-29,602,sustain,ABANDONED-FAILURE TO RESPOND OR LATE RESPONSE,Dead/Abandoned,False,021,True
5,EXACT,0,90127777,,SUSTAIN,2020-08-20,602,sustain,ABANDONED-FAILURE TO RESPOND OR LATE RESPONSE,Dead/Abandoned,False,"005,031",True
5,EXACT,0,88822334,,SUSTAIN,2020-03-05,602,sustain,ABANDONED-FAILURE TO RESPOND OR LATE RESPONSE,Dead/Abandoned,False,"021,035",True
5,EXACT,0,87639791,,SUSTAIN,2017-10-10,602,sustain,ABANDONED-FAILURE TO RESPOND OR LATE RESPONSE,Dead/Abandoned,False,035,True
5,EXACT,0,87631570,,SUSTAIN,2017-10-03,602,sustain,ABANDONED-FAILURE TO RESPOND OR LATE RESPONSE,Dead/Abandoned,False,044,True
5,EXACT,0,87617068,5504899,SUSTAIN,2017-09-21,710,sustain,CANCELLED - SECTION 8,Dead/Cancelled,False,,False
5,EXACT,0,87565809,,SUSTAIN,2017-08-11,606,sustain,ABANDONED - NO STATEMENT OF USE FILED,Dead/Abandoned,False,001,False
5,EXACT,0,79214912,,SUSTAIN,2017-06-14,402,sustain,IR CANCELLED; US APPLICATION ABANDONED,Dead/Abandoned,False,,False
5,EXACT,0,87475927,,SUSTAIN,2017-06-05,606,sustain,ABANDONED - NO STATEMENT OF USE FILED,Dead/Abandoned,False,020,False
5,EXACT,0,87475929,,SUSTAIN,2017-06-05,606,sustain,ABANDONED - NO STATEMENT OF USE FILED,Dead/Abandoned,False,028,False
5,EXACT,0,86923890,,SUSTAIN,2016-02-29,602,sustain,ABANDONED-FAILURE TO RESPOND OR LATE RESPONSE,Dead/Abandoned,False,025,False
5,EXACT,0,86732729,5011245,SUSTAIN,2015-08-21,710,sustain,CANCELLED - SECTION 8,Dead/Cancelled,False,,False
5,EXACT,0,86732808,5011247,SUSTAIN,2015-08-21,710,sustain,CANCELLED - SECTION 8,Dead/Cancelled,False,,False
5,EXACT,0,86684972,5004831,SUSTAIN,2015-07-07,710,sustain,CANCELLED - SECTION 8,Dead/Cancelled,False,,False
5,EXACT,0,86617619,4899541,SUSTAIN,2015-05-01,710,sustain,CANCELLED - SECTION 8,Dead/Cancelled,False,,False
5,EXACT,0,86578757,,SUSTAIN,2015-03-27,606,sustain,ABANDONED - NO STATEMENT OF USE FILED,Dead/Abandoned,False,004,False
5,EXACT,0,86577502,,SUSTAIN,2015-03-26,606,sustain,ABANDONED - NO STATEMENT OF USE FILED,Dead/Abandoned,False,004,False
5,EXACT,0,86222974,,SUSTAIN,2014-03-17,606,sustain,ABANDONED - NO STATEMENT OF USE FILED,Dead/Abandoned,False,001,False
5,EXACT,0,86017049,4598655,SUSTAIN,2013-07-23,710,sustain,CANCELLED - SECTION 8,Dead/Cancelled,False,,False
5,EXACT,0,86016215,,SUSTAIN,2013-07-22,606,sustain,ABANDONED - NO STATEMENT OF USE FILED,Dead/Abandoned,False,030,False
5,EXACT,0,85783702,,SUSTAIN,2012-11-20,602,sustain,ABANDONED-FAILURE TO RESPOND OR LATE RESPONSE,Dead/Abandoned,False,001,False
5,EXACT,0,85329237,,SUSTAIN,2011-05-24,602,sustain,ABANDONED-FAILURE TO RESPOND OR LATE RESPONSE,Dead/Abandoned,False,005,True
5,EXACT,0,85247749,,SUSTAIN,2011-02-21,602,sustain,ABANDONED-FAILURE TO RESPOND OR LATE RESPONSE,Dead/Abandoned,False,003,True
5,EXACT,0,85153611,,SUSTAIN,2010-10-15,606,sustain,ABANDONED - NO STATEMENT OF USE FILED,Dead/Abandoned,False,009,False
5,EXACT,0,85150779,4023853,SUSTAIN,2010-10-12,710,sustain,CANCELLED - SECTION 8,Dead/Cancelled,False,,False
5,EXACT,0,85135767,,SUSTAIN,2010-09-22,601,sustain,ABANDONED - EXPRESS,Dead/Abandoned,False,003,True
5,EXACT,0,85107594,,SUSTAIN,2010-08-13,602,sustain,ABANDONED-FAILURE TO RESPOND OR LATE RESPONSE,Dead/Abandoned,False,"020,028",False
5,EXACT,0,85078344,,SUSTAIN,2010-07-06,606,sustain,ABANDONED - NO STATEMENT OF USE FILED,Dead/Abandoned,False,032,False
5,EXACT,0,85069289,,SUSTAIN,2010-06-23,606,sustain,ABANDONED - NO STATEMENT OF USE FILED,Dead/Abandoned,False,001,False
5,EXACT,0,85014317,,SUSTAIN,2010-04-14,601,sustain,ABANDONED - EXPRESS,Dead/Abandoned,False,025,False
5,EXACT,0,76699704,3845526,SUSTAIN,2009-10-01,710,sustain,CANCELLED - SECTION 8,Dead/Cancelled,False,,False
5,EXACT,0,77838269,,SUSTAIN,2009-09-30,606,sustain,ABANDONED - NO STATEMENT OF USE FILED,Dead/Abandoned,False,001,False
5,EXACT,0,77703502,,SUSTAIN,2009-03-31,606,sustain,ABANDONED - NO STATEMENT OF USE FILED,Dead/Abandoned,False,005,True
5,EXACT,0,77687330,,SUSTAIN,2009-03-10,606,sustain,ABANDONED - NO STATEMENT OF USE FILED,Dead/Abandoned,False,017,False
5,EXACT,0,77583093,,SUSTAIN,2008-10-01,606,sustain,ABANDONED - NO STATEMENT OF USE FILED,Dead/Abandoned,False,025,False
5,EXACT,0,77455848,,SUSTAIN,2008-04-23,606,sustain,ABANDONED - NO STATEMENT OF USE FILED,Dead/Abandoned,False,001,False
5,EXACT,0,77415331,3742921,SUSTAIN,2008-03-06,710,sustain,CANCELLED - SECTION 8,Dead/Cancelled,False,,False
5,EXACT,0,77415337,3740580,SUSTAIN,2008-03-06,710,sustain,CANCELLED - SECTION 8,Dead/Cancelled,False,,False
5,EXACT,0,77411576,3508465,SUSTAIN,2008-03-03,710,sustain,CANCELLED - SECTION 8,Dead/Cancelled,False,,False
5,EXACT,0,77403330,,SUSTAIN,2008-02-21,602,sustain,ABANDONED-FAILURE TO RESPOND OR LATE RESPONSE,Dead/Abandoned,False,010,True
5,EXACT,0,77380369,3890500,SUSTAIN,2008-01-25,710,sustain,CANCELLED - SECTION 8,Dead/Cancelled,False,,False
5,EXACT,0,77363736,,SUSTAIN,2008-01-03,602,sustain,ABANDONED-FAILURE TO RESPOND OR LATE RESPONSE,Dead/Abandoned,False,024,False
5,EXACT,0,77335121,,SUSTAIN,2007-11-21,606,sustain,ABANDONED - NO STATEMENT OF USE FILED,Dead/Abandoned,False,030,False
5,EXACT,0,77326101,,SUSTAIN,2007-11-09,606,sustain,ABANDONED - NO STATEMENT OF USE FILED,Dead/Abandoned,False,035,True
5,EXACT,0,77277673,3565520,SUSTAIN,2007-09-12,710,sustain,CANCELLED - SECTION 8,Dead/Cancelled,False,,False
5,EXACT,0,77240779,3635951,SUSTAIN,2007-07-27,710,sustain,CANCELLED - SECTION 8,Dead/Cancelled,False,,False
5,EXACT,0,77002080,,SUSTAIN,2006-09-19,606,sustain,ABANDONED - NO STATEMENT OF USE FILED,Dead/Abandoned,False,003,True
5,EXACT,0,78970496,,SUSTAIN,2006-09-08,602,sustain,ABANDONED-FAILURE TO RESPOND OR LATE RESPONSE,Dead/Abandoned,False,002,False
5,EXACT,0,78757874,,SUSTAIN,2005-11-21,602,sustain,ABANDONED-FAILURE TO RESPOND OR LATE RESPONSE,Dead/Abandoned,False,"016,041,045",False
5,EXACT,0,76568646,2992956,SUSTAIN,2003-12-22,710,sustain,CANCELLED - SECTION 8,Dead/Cancelled,False,,False
5,EXACT,0,78314298,,SUSTAIN,2003-10-16,606,sustain,ABANDONED - NO STATEMENT OF USE FILED,Dead/Abandoned,False,001,False
5,EXACT,0,75769136,2507768,SUSTAIN,1999-08-06,710,sustain,CANCELLED - SECTION 8,Dead/Cancelled,False,,False
5,EXACT,0,75477516,,SUSTAIN,1998-05-01,602,sustain,ABANDONED-FAILURE TO RESPOND OR LATE RESPONSE,Dead/Abandoned,False,001,False
5,EXACT,0,75478201,2305511,SUSTAIN,1998-05-01,710,sustain,CANCELLED - SECTION 8,Dead/Cancelled,False,,False
5,EXACT,0,75442281,2234147,SUSTAIN,1998-02-27,710,sustain,CANCELLED - SECTION 8,Dead/Cancelled,False,,False
5,EXACT,0,75298634,,SUSTAIN,1997-05-27,602,sustain,ABANDONED-FAILURE TO RESPOND OR LATE RESPONSE,Dead/Abandoned,False,,False
5,EXACT,0,75235497,2246988,SUSTAIN,1997-02-03,710,sustain,CANCELLED - SECTION 8,Dead/Cancelled,False,,False
5,EXACT,0,75191982,,SUSTAIN,1996-11-04,601,sustain,ABANDONED - EXPRESS,Dead/Abandoned,False,,False
5,EXACT,0,75183482,2193049,SUSTAIN,1996-10-17,710,sustain,CANCELLED - SECTION 8,Dead/Cancelled,False,,False
5,EXACT,0,74311541,,SUSTAIN,1992-09-08,602,sustain,ABANDONED-FAILURE TO RESPOND OR LATE RESPONSE,Dead/Abandoned,False,,False
5,EXACT,0,74245862,1784928,SUSTAIN,1992-02-12,710,sustain,CANCELLED - SECTION 8,Dead/Cancelled,False,,False
5,EXACT,0,74174148,,SUSTAIN,1991-06-10,605,sustain,ABANDONED EXPRESS AFTER PUB,Dead/Abandoned,False,,False
5,EXACT,0,74125599,1709157,SUSTAIN,1990-12-21,710,sustain,CANCELLED - SECTION 8,Dead/Cancelled,False,,False
5,EXACT,0,74011284,1618555,SUSTAIN,1989-12-15,710,sustain,CANCELLED - SECTION 8,Dead/Cancelled,False,,False
5,EXACT,0,74004566,1641991,SUSTAIN,1989-11-22,710,sustain,CANCELLED - SECTION 8,Dead/Cancelled,False,,False
5,EXACT,0,73750261,1538729,SUSTAIN,1988-09-06,710,sustain,CANCELLED - SECTION 8,Dead/Cancelled,False,,False
5,EXACT,0,73458835,1362849,SUSTAIN,1983-12-27,710,sustain,CANCELLED - SECTION 8,Dead/Cancelled,False,,False
5,EXACT,0,73403589,1267594,SUSTAIN,1982-11-22,710,sustain,CANCELLED - SECTION 8,Dead/Cancelled,False,,False
5,EXACT,0,73398797,,SUSTAIN,1982-09-30,602,sustain,ABANDONED-FAILURE TO RESPOND OR LATE RESPONSE,Dead/Abandoned,False,,False
5,EXACT,0,73323331,1211784,SUSTAIN,1981-08-12,710,sustain,CANCELLED - SECTION 8,Dead/Cancelled,False,,False
5,EXACT,0,72269015,0835584,SUSTAIN,1967-04-13,900,sustain,EXPIRED,Dead/Expired,False,,False
5,EXACT,0,72261960,0833735,SUSTAIN,1967-01-05,900,sustain,EXPIRED,Dead/Expired,False,,False
5,EXACT,0,72142724,0744199,SUSTAIN,1962-04-20,710,sustain,CANCELLED - SECTION 8,Dead/Cancelled,False,,False
5,NEAR_1_INSERTION,1,99064380,,SUSTAINA,2025-03-03,730,sustaina,FIRST EXTENSION - GRANTED,Live/Pending,True,021,True
5,NEAR_1_INSERTION,1,98897238,7918402,SUSTAINO,2024-12-11,700,sustaino,REGISTERED,Live/Registered,True,037,False
5,NEAR_1_INSERTION,1,98629409,8129843,SUSTAINA,2024-07-02,700,sustaina,REGISTERED,Live/Registered,True,021,True
5,NEAR_1_INSERTION,1,98246921,7533962,SUSTAINA,2023-10-30,700,sustaina,REGISTERED,Live/Registered,True,026,False
5,NEAR_1_INSERTION,1,97682444,,SUSTAINA,2022-11-17,734,sustaina,FIFTH EXTENSION - GRANTED,Live/Pending,True,"020,024",False
5,NEAR_1_INSERTION,1,97977828,7423536,SUSTAINA,2022-11-17,700,sustaina,REGISTERED,Live/Registered,True,020,False
5,NEAR_1_INSERTION,1,79359512,7369648,SUSTAINA,2022-10-06,700,sustaina,REGISTERED,Live/Registered,True,003,True
5,NEAR_1_SUBSTITUTION,1,97235324,7907126,SURTAIN,2022-01-24,700,surtain,REGISTERED,Live/Registered,True,005,True
5,NEAR_1_INSERTION,1,79338781,7159613,SUBSTAIN,2021-12-10,700,substain,REGISTERED,Live/Registered,True,"009,042",False
5,NEAR_1_INSERTION,1,90753303,7732319,SUSTAINO,2021-06-03,700,sustaino,REGISTERED,Live/Registered,True,037,False
5,NEAR_1_INSERTION,1,90693845,6722560,SUSTAINA,2021-05-06,700,sustaina,REGISTERED,Live/Registered,True,035,True
5,NEAR_1_INSERTION,1,90524942,6606763,SUSTAINA,2021-02-11,700,sustaina,REGISTERED,Live/Registered,True,027,False
5,NEAR_1_INSERTION,1,90518385,6776245,SUSTAINA,2021-02-08,700,sustaina,REGISTERED,Live/Registered,True,021,True
5,NEAR_1_INSERTION,1,90197765,6534276,SUSTAIN U,2020-09-21,700,sustainu,REGISTERED,Live/Registered,True,041,False
5,NEAR_1_SUBSTITUTION,1,88940076,6702208,SISTAIN,2020-05-29,700,sistain,REGISTERED,Live/Registered,True,"021,025,035,041",True
5,NEAR_1_SUBSTITUTION,1,88933467,6404920,SUSTAIO,2020-05-26,700,sustaio,REGISTERED,Live/Registered,True,009,False
5,NEAR_1_SUBSTITUTION,1,88893374,6199748,SYSTAIN,2020-04-29,700,systain,REGISTERED,Live/Registered,True,"037,042",False
5,NEAR_1_INSERTION,1,87056130,5302601,S SUSTAIN,2016-06-01,702,ssustain,SECTION 8 & 15-ACCEPTED AND ACKNOWLEDGED,Live/Registered,True,"019,035",True
5,NEAR_1_SUBSTITUTION,1,85305595,4262017,SUSTAYN,2011-04-27,800,sustayn,REGISTERED AND RENEWED,Live/Registered,True,021,True
5,NEAR_1_SUBSTITUTION,1,77852394,4071112,SUSTAYN,2009-10-20,800,sustayn,REGISTERED AND RENEWED,Live/Registered,True,016,False
5,NEAR_1_INSERTION,1,79028259,3318646,SUSTARIN,2006-04-18,706,sustarin,SECTION 71 ACCEPTED,Live/Registered,True,017,False
5,NEAR_1_INSERTION,1,75601136,2302178,SUSTAINE,1998-12-07,800,sustaine,REGISTERED AND RENEWED,Live/Registered,True,005,True
5,NEAR_1_INSERTION,1,99111917,,SUSTAINA,2025-03-31,602,sustaina,ABANDONED-FAILURE TO RESPOND OR LATE RESPONSE,Dead/Abandoned,False,"035,041,042",True
5,NEAR_1_INSERTION,1,98457084,,S SUSTAIN,2024-03-19,602,ssustain,ABANDONED-FAILURE TO RESPOND OR LATE RESPONSE,Dead/Abandoned,False,036,False
5,NEAR_1_INSERTION,1,98151101,,E SUSTAIN,2023-08-25,606,esustain,ABANDONED - NO STATEMENT OF USE FILED,Dead/Abandoned,False,"009,035",True
5,NEAR_1_INSERTION,1,79322967,,SUSTAINE,2021-05-25,602,sustaine,ABANDONED-FAILURE TO RESPOND OR LATE RESPONSE,Dead/Abandoned,False,"001,030",False
5,NEAR_1_SUBSTITUTION,1,90561725,,SUPTAIN,2021-03-05,604,suptain,ABANDONED - AFTER INTER-PARTES DECISION,Dead/Abandoned,False,,False
5,NEAR_1_INSERTION,1,88055929,,USUSTAIN,2018-07-27,602,usustain,ABANDONED-FAILURE TO RESPOND OR LATE RESPONSE,Dead/Abandoned,False,035,True
5,NEAR_1_SUBSTITUTION,1,87148786,,SUSTAYN,2016-08-24,602,sustayn,ABANDONED-FAILURE TO RESPOND OR LATE RESPONSE,Dead/Abandoned,False,"035,042",True
5,NEAR_1_SUBSTITUTION,1,79198066,5348205,SUZTAIN,2016-02-04,709,suztain,CANCELLED SECTION 71,Dead/Cancelled,False,,False
5,NEAR_1_SUBSTITUTION,1,86686885,,SURTAIN,2015-07-08,606,surtain,ABANDONED - NO STATEMENT OF USE FILED,Dead/Abandoned,False,"005,020",True
5,NEAR_1_INSERTION,1,86338864,4692136,SUSTAIN 3,2014-07-16,710,sustain3,CANCELLED - SECTION 8,Dead/Cancelled,False,,False
5,NEAR_1_INSERTION,1,85772448,,SUSTAINX,2012-11-06,606,sustainx,ABANDONED - NO STATEMENT OF USE FILED,Dead/Abandoned,False,007,False
5,NEAR_1_INSERTION,1,85492639,4284923,SUSTAINA,2011-12-12,710,sustaina,CANCELLED - SECTION 8,Dead/Cancelled,False,,False
5,NEAR_1_INSERTION,1,85206269,4210763,SUSTAINA,2010-12-27,710,sustaina,CANCELLED - SECTION 8,Dead/Cancelled,False,,False
5,NEAR_1_INSERTION,1,79096816,4107347,SUSTAIN4,2010-10-14,404,sustain4,IR CANCELLED; US REGISTRATION CANCELLED,Dead/Cancelled,False,,False
5,NEAR_1_INSERTION,1,85080351,4195147,SUSTAINA,2010-07-08,710,sustaina,CANCELLED - SECTION 8,Dead/Cancelled,False,,False
5,NEAR_1_INSERTION,1,77745739,3832846,ISUSTAIN,2009-05-27,710,isustain,CANCELLED - SECTION 8,Dead/Cancelled,False,,False
5,NEAR_1_INSERTION,1,77718343,3791303,SUSTAINU,2009-04-21,710,sustainu,CANCELLED - SECTION 8,Dead/Cancelled,False,,False
5,NEAR_1_INSERTION,1,77716835,3791299,SUSTAINU,2009-04-17,710,sustainu,CANCELLED - SECTION 8,Dead/Cancelled,False,,False
5,NEAR_1_INSERTION,1,77537896,,SUSTAINX,2008-08-04,606,sustainx,ABANDONED - NO STATEMENT OF USE FILED,Dead/Abandoned,False,007,False
5,NEAR_1_SUBSTITUTION,1,77304121,,SYSTAIN,2007-10-15,606,systain,ABANDONED - NO STATEMENT OF USE FILED,Dead/Abandoned,False,"035,042,044",True
5,NEAR_1_SUBSTITUTION,1,76565000,2910157,SYSTAIN,2003-12-01,710,systain,CANCELLED - SECTION 8,Dead/Cancelled,False,,False
5,NEAR_1_INSERTION,1,74126899,1694368,SUSTARIN,1990-12-28,710,sustarin,CANCELLED - SECTION 8,Dead/Cancelled,False,,False
5,NEAR_1_SUBSTITUTION,1,73466267,1310755,SUSTA II,1984-02-17,710,sustaii,CANCELLED - SECTION 8,Dead/Cancelled,False,,False
5,NEAR_1_DELETION,1,73221592,1184413,SUS-TAN,1979-06-29,710,sustan,CANCELLED - SECTION 8,Dead/Cancelled,False,,False
6,EXACT,0,86886611,5035816,REISSUE,2016-01-26,710,reissue,CANCELLED - SECTION 8,Dead/Cancelled,False,,False
6,EXACT,0,78866292,3759420,REISSUE,2006-04-20,710,reissue,CANCELLED - SECTION 8,Dead/Cancelled,False,,False
6,EXACT,0,74079269,1705833,REISSUE,1990-07-16,710,reissue,CANCELLED - SECTION 8,Dead/Cancelled,False,,False
6,NEAR_1_INSERTION,1,99266962,8201847,REISSUED,2025-07-03,700,reissued,REGISTERED,Live/Registered,True,041,False
6,NEAR_1_INSERTION,1,79197768,5273460,RETISSUE,2016-08-06,706,retissue,SECTION 71 ACCEPTED,Live/Registered,True,010,True
6,NEAR_1_SUBSTITUTION,1,90654672,,VEISSUE,2021-04-19,602,veissue,ABANDONED-FAILURE TO RESPOND OR LATE RESPONSE,Dead/Abandoned,False,028,False
6,NEAR_1_INSERTION,1,86240321,4758453,RED ISSUE,2014-04-02,710,redissue,CANCELLED - SECTION 8,Dead/Cancelled,False,,False
6,NEAR_1_INSERTION,1,86131447,,REISSUED,2013-11-27,606,reissued,ABANDONED - NO STATEMENT OF USE FILED,Dead/Abandoned,False,"009,035,042",True
7,EXACT,0,99554788,,SERIAL,2025-12-18,661,serial,RESPONSE AFTER NON-FINAL ACTION - ENTERED,Live/Pending,True,"009,041,042",False
7,EXACT,0,98732648,,SERIAL,2024-09-04,748,serial,STATEMENT OF USE - TO EXAMINER,Live/Pending,True,009,False
7,EXACT,0,90590334,6644663,SERIAL,2021-03-19,700,serial,REGISTERED,Live/Registered,True,016,False
7,EXACT,0,87688160,5681675,SERIAL,2017-11-16,702,serial,SECTION 8 & 15-ACCEPTED AND ACKNOWLEDGED,Live/Registered,True,033,False
7,EXACT,0,86493784,5675497,SERIAL,2014-12-31,702,serial,SECTION 8 & 15-ACCEPTED AND ACKNOWLEDGED,Live/Registered,True,033,False
7,EXACT,0,86464485,5527216,SERIAL,2014-11-25,702,serial,SECTION 8 & 15-ACCEPTED AND ACKNOWLEDGED,Live/Registered,True,041,False
7,EXACT,0,86454424,5527215,SERIAL,2014-11-14,702,serial,SECTION 8 & 15-ACCEPTED AND ACKNOWLEDGED,Live/Registered,True,041,False
7,EXACT,0,88125579,,SERIAL,2018-09-20,602,serial,ABANDONED-FAILURE TO RESPOND OR LATE RESPONSE,Dead/Abandoned,False,036,False
7,EXACT,0,87679278,5502069,SERIAL,2017-11-10,710,serial,CANCELLED - SECTION 8,Dead/Cancelled,False,,False
7,EXACT,0,86454420,,SERIAL,2014-11-14,603,serial,ABANDONED - AFTER EX PARTE APPEAL,Dead/Abandoned,False,041,False
7,NEAR_1_SUBSTITUTION,1,99887034,,SERVAL,2026-06-16,630,serval,NEW APPLICATION - RECORD INITIALIZED NOT ASSIGNED TO EXAMINER,Live/Pending,True,"009,035,042",True
7,NEAR_1_SUBSTITUTION,1,99832582,,AERIAL,2026-05-19,630,aerial,NEW APPLICATION - RECORD INITIALIZED NOT ASSIGNED TO EXAMINER,Live/Pending,True,"019,021",True
7,NEAR_1_SUBSTITUTION,1,99528915,,SERVAL,2025-12-04,661,serval,RESPONSE AFTER NON-FINAL ACTION - ENTERED,Live/Pending,True,018,False
7,NEAR_1_SUBSTITUTION,1,99525457,,SERBAL,2025-12-02,686,serbal,PUBLISHED FOR OPPOSITION,Live/Pending,True,"013,016,025,035,037",True
7,NEAR_1_SUBSTITUTION,1,98942760,8037644,AERIAL,2025-01-07,700,aerial,REGISTERED,Live/Registered,True,009,False
7,NEAR_1_SUBSTITUTION,1,98942828,8037645,AERIAL,2025-01-07,700,aerial,REGISTERED,Live/Registered,True,009,False
7,NEAR_1_SUBSTITUTION,1,98942848,,AERIAL,2025-01-07,730,aerial,FIRST EXTENSION - GRANTED,Live/Pending,True,"009,012,013,037",False
7,NEAR_1_SUBSTITUTION,1,98942888,,AERIAL,2025-01-07,730,aerial,FIRST EXTENSION - GRANTED,Live/Pending,True,"009,012,013,037",False
7,NEAR_1_TRANSPOSITION,1,98499444,7652876,ESRIAL,2024-04-14,700,esrial,REGISTERED,Live/Registered,True,014,False
7,NEAR_1_DELETION,1,98434838,7989585,SERIA,2024-03-05,700,seria,REGISTERED,Live/Registered,True,007,False
7,NEAR_1_SUBSTITUTION,1,98414479,7659174,SERIAN,2024-02-21,700,serian,REGISTERED,Live/Registered,True,"027,028",False
7,NEAR_1_SUBSTITUTION,1,98384719,7727723,AERIAL,2024-01-31,700,aerial,REGISTERED,Live/Registered,True,"035,042",True
7,NEAR_1_SUBSTITUTION,1,98976717,8006692,AERIAL,2023-12-18,700,aerial,REGISTERED,Live/Registered,True,042,False
7,NEAR_1_SUBSTITUTION,1,98232926,7673389,SEREAL+,2023-10-20,700,sereal,REGISTERED,Live/Registered,True,"009,041",False
7,NEAR_1_SUBSTITUTION,1,98195074,7657962,AERIAL,2023-09-25,700,aerial,REGISTERED,Live/Registered,True,"009,011",False
7,NEAR_1_SUBSTITUTION,1,98195080,7657963,AERIAL,2023-09-25,700,aerial,REGISTERED,Live/Registered,True,"009,011",False
7,NEAR_1_SUBSTITUTION,1,98016050,7413388,SERTAL,2023-05-26,700,sertal,REGISTERED,Live/Registered,True,005,True
7,NEAR_1_SUBSTITUTION,1,79347384,7226971,XERIAL,2022-07-13,700,xerial,REGISTERED,Live/Registered,True,003,True
7,NEAR_1_SUBSTITUTION,1,97469911,7295757,AERIAL,2022-06-22,700,aerial,REGISTERED,Live/Registered,True,017,False
7,NEAR_1_SUBSTITUTION,1,90346037,6703840,FERIAL,2020-11-27,700,ferial,REGISTERED,Live/Registered,True,026,False
7,NEAR_1_INSERTION,1,90308329,6446902,SERNIAL,2020-11-09,700,sernial,REGISTERED,Live/Registered,True,025,False
7,NEAR_1_SUBSTITUTION,1,90153981,6976583,XERIAL,2020-09-02,700,xerial,REGISTERED,Live/Registered,True,042,False
7,NEAR_1_SUBSTITUTION,1,90114753,6640422,AERIAL,2020-08-14,700,aerial,REGISTERED,Live/Registered,True,"009,042",False
7,NEAR_1_SUBSTITUTION,1,88890801,6189909,AERIAL,2020-04-28,702,aerial,SECTION 8 & 15-ACCEPTED AND ACKNOWLEDGED,Live/Registered,True,007,False
7,NEAR_1_SUBSTITUTION,1,79276723,6115574,AERIAL,2019-11-04,706,aerial,SECTION 71 ACCEPTED,Live/Registered,True,010,True
7,NEAR_1_SUBSTITUTION,1,88408864,6077775,AERIAL,2019-04-30,700,aerial,REGISTERED,Live/Registered,True,"006,020",False
7,NEAR_1_SUBSTITUTION,1,88390320,5868524,AERIAL,2019-04-17,702,aerial,SECTION 8 & 15-ACCEPTED AND ACKNOWLEDGED,Live/Registered,True,010,True
7,NEAR_1_SUBSTITUTION,1,88378497,5965265,AERIAL,2019-04-09,700,aerial,REGISTERED,Live/Registered,True,"009,042",False
7,NEAR_1_SUBSTITUTION,1,88378500,5965267,AERIAL,2019-04-09,700,aerial,REGISTERED,Live/Registered,True,"009,042",False
7,NEAR_1_SUBSTITUTION,1,88368964,6201235,AERIAL,2019-04-03,701,aerial,SECTION 8-ACCEPTED,Live/Registered,True,010,True
7,NEAR_1_SUBSTITUTION,1,87235798,5235879,AERIAL,2016-11-14,702,aerial,SECTION 8 & 15-ACCEPTED AND ACKNOWLEDGED,Live/Registered,True,042,False
7,NEAR_1_SUBSTITUTION,1,79195372,5238751,AERIAL,2016-08-31,706,aerial,SECTION 71 ACCEPTED,Live/Registered,True,"041,042",False
7,NEAR_1_SUBSTITUTION,1,86919482,5194086,AERIAL,2016-02-25,702,aerial,SECTION 8 & 15-ACCEPTED AND ACKNOWLEDGED,Live/Registered,True,036,False
7,NEAR_1_SUBSTITUTION,1,86738037,4895892,AERIAL,2015-08-26,800,aerial,REGISTERED AND RENEWED,Live/Registered,True,014,False
7,NEAR_1_SUBSTITUTION,1,77931899,3962917,SERBAL,2010-02-09,800,serbal,REGISTERED AND RENEWED,Live/Registered,True,033,False
7,NEAR_1_SUBSTITUTION,1,77812547,3852397,SERVAL,2009-08-25,800,serval,REGISTERED AND RENEWED,Live/Registered,True,"005,031",True
7,NEAR_1_SUBSTITUTION,1,77539022,3902467,AERIAL,2008-08-05,800,aerial,REGISTERED AND RENEWED,Live/Registered,True,012,False
7,NEAR_1_SUBSTITUTION,1,77473958,3553846,AERIAL,2008-05-14,800,aerial,REGISTERED AND RENEWED,Live/Registered,True,028,False
7,NEAR_1_SUBSTITUTION,1,78618636,3225774,AERIAL,2005-04-28,800,aerial,REGISTERED AND RENEWED,Live/Registered,True,020,False
7,NEAR_1_DELETION,1,78043449,2565392,SERIA,2001-01-17,800,seria,REGISTERED AND RENEWED,Live/Registered,True,009,False
7,NEAR_1_SUBSTITUTION,1,75267796,2231414,MERIAL,1997-04-01,800,merial,REGISTERED AND RENEWED,Live/Registered,True,005,True
7,NEAR_1_DELETION,1,98452364,,SERIL,2024-03-15,602,seril,ABANDONED-FAILURE TO RESPOND OR LATE RESPONSE,Dead/Abandoned,False,028,False
7,NEAR_1_SUBSTITUTION,1,98319468,,AERIAL,2023-12-18,606,aerial,ABANDONED - NO STATEMENT OF USE FILED,Dead/Abandoned,False,009,False
7,NEAR_1_SUBSTITUTION,1,97087180,,AERIAL,2021-10-21,602,aerial,ABANDONED-FAILURE TO RESPOND OR LATE RESPONSE,Dead/Abandoned,False,011,False
7,NEAR_1_SUBSTITUTION,1,90827567,,AERIAL,2021-07-14,606,aerial,ABANDONED - NO STATEMENT OF USE FILED,Dead/Abandoned,False,"006,019",False
7,NEAR_1_SUBSTITUTION,1,88704752,,AERIAL,2019-11-24,604,aerial,ABANDONED - AFTER INTER-PARTES DECISION,Dead/Abandoned,False,,False
7,NEAR_1_SUBSTITUTION,1,88629760,,AERIAL,2019-09-25,602,aerial,ABANDONED-FAILURE TO RESPOND OR LATE RESPONSE,Dead/Abandoned,False,005,True
7,NEAR_1_SUBSTITUTION,1,88529119,5977210,SERYAL,2019-07-23,783,seryal,CANCELLED RECONSIDERED,Dead/Cancelled,False,,False
7,NEAR_1_SUBSTITUTION,1,88526909,6105335,AERIAL,2019-07-22,783,aerial,CANCELLED RECONSIDERED,Dead/Cancelled,False,,False
7,NEAR_1_SUBSTITUTION,1,88466994,,SERHAL,2019-06-10,606,serhal,ABANDONED - NO STATEMENT OF USE FILED,Dead/Abandoned,False,"018,025",False
7,NEAR_1_SUBSTITUTION,1,88456543,,AERIAL,2019-06-03,602,aerial,ABANDONED-FAILURE TO RESPOND OR LATE RESPONSE,Dead/Abandoned,False,011,False
7,NEAR_1_INSERTION,1,79236922,5790415,SERICAL,2018-05-17,709,serical,CANCELLED SECTION 71,Dead/Cancelled,False,,False
7,NEAR_1_SUBSTITUTION,1,87818072,5823553,AERIAL,2018-03-02,710,aerial,CANCELLED - SECTION 8,Dead/Cancelled,False,,False
7,NEAR_1_SUBSTITUTION,1,87638564,,AERIAL,2017-10-09,606,aerial,ABANDONED - NO STATEMENT OF USE FILED,Dead/Abandoned,False,010,True
7,NEAR_1_TRANSPOSITION,1,87547130,,SERILA,2017-07-28,602,serila,ABANDONED-FAILURE TO RESPOND OR LATE RESPONSE,Dead/Abandoned,False,021,True
7,NEAR_1_DELETION,1,87262180,5402878,ERIAL,2016-12-08,710,erial,CANCELLED - SECTION 8,Dead/Cancelled,False,,False
7,NEAR_1_DELETION,1,86916829,,ERIAL,2016-02-23,601,erial,ABANDONED - EXPRESS,Dead/Abandoned,False,042,False
7,NEAR_1_SUBSTITUTION,1,79175710,4966966,MERIAL,2015-08-12,404,merial,IR CANCELLED; US REGISTRATION CANCELLED,Dead/Cancelled,False,,False
7,NEAR_1_SUBSTITUTION,1,86571264,4944307,MERIAL,2015-03-20,710,merial,CANCELLED - SECTION 8,Dead/Cancelled,False,,False
7,NEAR_1_SUBSTITUTION,1,79164725,,AERIAL,2014-11-18,402,aerial,IR CANCELLED; US APPLICATION ABANDONED,Dead/Abandoned,False,,False
7,NEAR_1_SUBSTITUTION,1,86184777,5022943,AERIAL,2014-02-05,710,aerial,CANCELLED - SECTION 8,Dead/Cancelled,False,,False
7,NEAR_1_SUBSTITUTION,1,85715851,4632858,SERKAL,2012-08-29,710,serkal,CANCELLED - SECTION 8,Dead/Cancelled,False,,False
7,NEAR_1_SUBSTITUTION,1,85351531,,SERVAL,2011-06-21,606,serval,ABANDONED - NO STATEMENT OF USE FILED,Dead/Abandoned,False,026,False
7,NEAR_1_SUBSTITUTION,1,85098888,,AERIAL,2010-08-03,606,aerial,ABANDONED - NO STATEMENT OF USE FILED,Dead/Abandoned,False,011,False
7,NEAR_1_SUBSTITUTION,1,77803474,3805056,SORIAL,2009-08-12,710,sorial,CANCELLED - SECTION 8,Dead/Cancelled,False,,False
7,NEAR_1_SUBSTITUTION,1,77801071,4088334,AERIAL,2009-08-10,710,aerial,CANCELLED - SECTION 8,Dead/Cancelled,False,,False
7,NEAR_1_SUBSTITUTION,1,77557025,,SERVAL,2008-08-27,606,serval,ABANDONED - NO STATEMENT OF USE FILED,Dead/Abandoned,False,"001,005",True
7,NEAR_1_SUBSTITUTION,1,77126326,,AERIAL,2007-03-08,600,aerial,ABANDONED - INCOMPLETE RESPONSE,Dead/Abandoned,False,"018,025",False
7,NEAR_1_INSERTION,1,77106589,,SERIALS,2007-02-13,606,serials,ABANDONED - NO STATEMENT OF USE FILED,Dead/Abandoned,False,011,False
7,NEAR_1_SUBSTITUTION,1,77070554,,AERIAL,2006-12-22,606,aerial,ABANDONED - NO STATEMENT OF USE FILED,Dead/Abandoned,False,"009,018",False
7,NEAR_1_SUBSTITUTION,1,79028766,3449612,PERIAL,2006-08-08,404,perial,IR CANCELLED; US REGISTRATION CANCELLED,Dead/Cancelled,False,,False
7,NEAR_1_DELETION,1,78941266,3249434,SERIL,2006-07-31,710,seril,CANCELLED - SECTION 8,Dead/Cancelled,False,,False
7,NEAR_1_SUBSTITUTION,1,76649824,,MERIAL,2005-11-04,601,merial,ABANDONED - EXPRESS,Dead/Abandoned,False,003,True
7,NEAR_1_SUBSTITUTION,1,78517991,3041237,AERIAL,2004-11-16,710,aerial,CANCELLED - SECTION 8,Dead/Cancelled,False,,False
7,NEAR_1_INSERTION,1,78294938,3088329,ISERIAL,2003-09-02,710,iserial,CANCELLED - SECTION 8,Dead/Cancelled,False,,False
7,NEAR_1_SUBSTITUTION,1,78261765,,AERIAL,2003-06-12,602,aerial,ABANDONED-FAILURE TO RESPOND OR LATE RESPONSE,Dead/Abandoned,False,028,False
7,NEAR_1_SUBSTITUTION,1,76258587,,SERVAL,2001-05-16,606,serval,ABANDONED - NO STATEMENT OF USE FILED,Dead/Abandoned,False,006,False
7,NEAR_1_SUBSTITUTION,1,76175620,2673909,SERVAL,2000-12-05,710,serval,CANCELLED - SECTION 8,Dead/Cancelled,False,,False
7,NEAR_1_SUBSTITUTION,1,76078985,,AERIAL,2000-06-28,606,aerial,ABANDONED - NO STATEMENT OF USE FILED,Dead/Abandoned,False,012,False
7,NEAR_1_SUBSTITUTION,1,76022176,,AERIAL,2000-04-10,614,aerial,ABANDONED PETITION TO REVIVE-DENIED,Dead/Abandoned,False,011,False
7,NEAR_1_SUBSTITUTION,1,76019684,,AERIAL,2000-04-06,606,aerial,ABANDONED - NO STATEMENT OF USE FILED,Dead/Abandoned,False,011,False
7,NEAR_1_SUBSTITUTION,1,75933230,2438423,STRIAL,2000-03-02,710,strial,CANCELLED - SECTION 8,Dead/Cancelled,False,,False
7,NEAR_1_SUBSTITUTION,1,75917404,2564950,XERIAL,2000-02-14,710,xerial,CANCELLED - SECTION 8,Dead/Cancelled,False,,False
7,NEAR_1_SUBSTITUTION,1,75559630,,AERIAL,1998-09-25,614,aerial,ABANDONED PETITION TO REVIVE-DENIED,Dead/Abandoned,False,028,False
7,NEAR_1_INSERTION,1,75549917,,ISERIAL,1998-09-08,602,iserial,ABANDONED-FAILURE TO RESPOND OR LATE RESPONSE,Dead/Abandoned,False,009,False
7,NEAR_1_INSERTION,1,75547518,,USERIAL,1998-09-03,606,userial,ABANDONED - NO STATEMENT OF USE FILED,Dead/Abandoned,False,009,False
7,NEAR_1_INSERTION,1,75536141,2419709,ISERIAL,1998-08-13,710,iserial,CANCELLED - SECTION 8,Dead/Cancelled,False,,False
7,NEAR_1_SUBSTITUTION,1,75516816,2383899,AERIAL,1998-07-10,710,aerial,CANCELLED - SECTION 8,Dead/Cancelled,False,,False
7,NEAR_1_SUBSTITUTION,1,75449659,,SERVAL,1998-03-13,606,serval,ABANDONED - NO STATEMENT OF USE FILED,Dead/Abandoned,False,026,False
7,NEAR_1_SUBSTITUTION,1,75409346,2409059,MERIAL,1997-12-22,711,merial,CANCELLED - SECTION 7,Dead/Cancelled,False,,False
7,NEAR_1_SUBSTITUTION,1,75327367,2171405,SERVAL,1997-07-21,710,serval,CANCELLED - SECTION 8,Dead/Cancelled,False,,False
7,NEAR_1_SUBSTITUTION,1,75186208,,AERIAL,1996-10-23,604,aerial,ABANDONED - AFTER INTER-PARTES DECISION,Dead/Abandoned,False,"009,038",False
7,NEAR_1_SUBSTITUTION,1,75170754,,AERIAL,1996-09-24,604,aerial,ABANDONED - AFTER INTER-PARTES DECISION,Dead/Abandoned,False,"009,038",False
7,NEAR_1_SUBSTITUTION,1,75096408,2046043,AERIAL,1996-04-09,710,aerial,CANCELLED - SECTION 8,Dead/Cancelled,False,,False
7,NEAR_1_SUBSTITUTION,1,74657329,1968277,AERIAL,1995-04-07,710,aerial,CANCELLED - SECTION 8,Dead/Cancelled,False,,False
7,NEAR_1_TRANSPOSITION,1,74048462,1642019,SERAIL,1990-04-11,710,serail,CANCELLED - SECTION 8,Dead/Cancelled,False,,False
7,NEAR_1_SUBSTITUTION,1,74023537,,AERIAL,1990-01-29,602,aerial,ABANDONED-FAILURE TO RESPOND OR LATE RESPONSE,Dead/Abandoned,False,,False
7,NEAR_1_SUBSTITUTION,1,73799750,1576415,AERIAL,1989-05-12,710,aerial,CANCELLED - SECTION 8,Dead/Cancelled,False,,False
7,NEAR_1_INSERTION,1,73743775,1570596,SERINAL,1988-08-02,710,serinal,CANCELLED - SECTION 8,Dead/Cancelled,False,,False
7,NEAR_1_INSERTION,1,73469338,1334075,SERIALL,1984-03-08,710,seriall,CANCELLED - SECTION 8,Dead/Cancelled,False,,False
7,NEAR_1_DELETION,1,73398263,,SERAL,1982-09-30,602,seral,ABANDONED-FAILURE TO RESPOND OR LATE RESPONSE,Dead/Abandoned,False,,False
7,NEAR_1_SUBSTITUTION,1,73382614,,SERVAL,1982-08-30,602,serval,ABANDONED-FAILURE TO RESPOND OR LATE RESPONSE,Dead/Abandoned,False,,False
7,NEAR_1_INSERTION,1,73334693,1239142,SERINAL,1981-10-29,710,serinal,CANCELLED - SECTION 8,Dead/Cancelled,False,,False
7,NEAR_1_SUBSTITUTION,1,72425322,0969455,SIRIAL,1972-05-24,900,sirial,EXPIRED,Dead/Expired,False,,False
7,NEAR_1_SUBSTITUTION,1,71356946,0321139,AERIAL,1934-10-10,900,aerial,EXPIRED,Dead/Expired,False,,False
7,NEAR_1_SUBSTITUTION,1,71234142,0219620,SER-VAL,1926-07-03,900,serval,EXPIRED,Dead/Expired,False,,False
8,EXACT,0,99123450,,RUNWAY,2025-04-07,654,runway,REPORT COMPLETED SUSPENSION CHECK - CASE STILL SUSPENDED,Live/Pending,True,"035,045",True
8,EXACT,0,99046436,,RUNWAY,2025-02-18,654,runway,REPORT COMPLETED SUSPENSION CHECK - CASE STILL SUSPENDED,Live/Pending,True,"035,045",True
8,EXACT,0,99017227,,RUNWAY,2025-01-24,688,runway,NOTICE OF ALLOWANCE - ISSUED,Live/Pending,True,"007,009,012",False
8,EXACT,0,98781801,7824884,RUNWAY,2024-10-02,700,runway,REGISTERED,Live/Registered,True,021,True
8,EXACT,0,98138420,,RUNWAY,2023-08-17,654,runway,REPORT COMPLETED SUSPENSION CHECK - CASE STILL SUSPENDED,Live/Pending,True,"009,042",False
8,EXACT,0,97686387,7253933,RUNWAY,2022-11-21,700,runway,REGISTERED,Live/Registered,True,036,False
8,EXACT,0,97659362,,RUNWAY,2022-11-02,645,runway,FINAL REFUSAL - MAILED,Live/Pending,True,042,False
8,EXACT,0,97224693,7356240,RUNWAY,2022-01-18,700,runway,REGISTERED,Live/Registered,True,001,False
8,EXACT,0,97220795,7392348,RUNWAY,2022-01-14,700,runway,REGISTERED,Live/Registered,True,"009,041,042",False
8,EXACT,0,90860442,7032069,RUNWAY,2021-08-02,700,runway,REGISTERED,Live/Registered,True,"005,042",True
8,EXACT,0,79318895,6976234,RUNWAY,2021-07-09,700,runway,REGISTERED,Live/Registered,True,027,False
8,EXACT,0,88939077,7507884,RUNWAY,2020-05-29,700,runway,REGISTERED,Live/Registered,True,042,False
8,EXACT,0,88489489,6131551,RUNWAY,2019-06-26,702,runway,SECTION 8 & 15-ACCEPTED AND ACKNOWLEDGED,Live/Registered,True,011,False
8,EXACT,0,87441175,5311440,RUNWAY,2017-05-08,702,runway,SECTION 8 & 15-ACCEPTED AND ACKNOWLEDGED,Live/Registered,True,010,True
8,EXACT,0,86606075,5360349,RUNWAY,2015-04-22,702,runway,SECTION 8 & 15-ACCEPTED AND ACKNOWLEDGED,Live/Registered,True,035,True
8,EXACT,0,85317615,4449667,RUNWAY,2011-05-11,800,runway,REGISTERED AND RENEWED,Live/Registered,True,016,False
8,EXACT,0,85150326,3966309,RUNWAY,2010-10-12,800,runway,REGISTERED AND RENEWED,Live/Registered,True,020,False
8,EXACT,0,77512266,3745815,RUNWAY,2008-07-01,800,runway,REGISTERED AND RENEWED,Live/Registered,True,009,False
8,EXACT,0,77978440,3747757,RUNWAY,2008-05-19,800,runway,REGISTERED AND RENEWED,Live/Registered,True,003,True
8,EXACT,0,78489180,3146544,RUNWAY,2004-09-24,800,runway,REGISTERED AND RENEWED,Live/Registered,True,018,False
8,EXACT,0,75003925,2021930,RUNWAY,1995-10-06,800,runway,REGISTERED AND RENEWED,Live/Registered,True,031,False
8,EXACT,0,74678898,2232482,RUNWAY,1995-05-22,800,runway,REGISTERED AND RENEWED,Live/Registered,True,012,False
8,EXACT,0,73779996,1559982,RUNWAY,1989-02-10,800,runway,REGISTERED AND RENEWED,Live/Registered,True,025,False
8,EXACT,0,98375869,,RUNWAY,2024-01-25,602,runway,ABANDONED-FAILURE TO RESPOND OR LATE RESPONSE,Dead/Abandoned,False,044,True
8,EXACT,0,97608362,,RUNWAY,2022-09-27,602,runway,ABANDONED-FAILURE TO RESPOND OR LATE RESPONSE,Dead/Abandoned,False,004,False
8,EXACT,0,97287928,,RUNWAY,2022-02-28,602,runway,ABANDONED-FAILURE TO RESPOND OR LATE RESPONSE,Dead/Abandoned,False,009,False
8,EXACT,0,90394034,,RUNWAY,2020-12-18,602,runway,ABANDONED-FAILURE TO RESPOND OR LATE RESPONSE,Dead/Abandoned,False,009,False
8,EXACT,0,90056372,,RUNWAY,2020-07-16,602,runway,ABANDONED-FAILURE TO RESPOND OR LATE RESPONSE,Dead/Abandoned,False,009,False
8,EXACT,0,90029174,,RUNWAY,2020-06-30,602,runway,ABANDONED-FAILURE TO RESPOND OR LATE RESPONSE,Dead/Abandoned,False,042,False
8,EXACT,0,87699780,,RUNWAY,2017-11-28,601,runway,ABANDONED - EXPRESS,Dead/Abandoned,False,003,True
8,EXACT,0,87308002,,RUNWAY,2017-01-20,606,runway,ABANDONED - NO STATEMENT OF USE FILED,Dead/Abandoned,False,009,False
8,EXACT,0,86892936,,RUNWAY,2016-02-01,606,runway,ABANDONED - NO STATEMENT OF USE FILED,Dead/Abandoned,False,023,False
8,EXACT,0,86625570,4974714,RUNWAY,2015-05-11,710,runway,CANCELLED - SECTION 8,Dead/Cancelled,False,,False
8,EXACT,0,86297450,,RUNWAY,2014-06-02,603,runway,ABANDONED - AFTER EX PARTE APPEAL,Dead/Abandoned,False,041,False
8,EXACT,0,86100349,4736087,RUNWAY,2013-10-24,710,runway,CANCELLED - SECTION 8,Dead/Cancelled,False,,False
8,EXACT,0,86073752,4618662,RUNWAY,2013-09-24,710,runway,CANCELLED - SECTION 8,Dead/Cancelled,False,,False
8,EXACT,0,85922300,,RUNWAY,2013-05-03,602,runway,ABANDONED-FAILURE TO RESPOND OR LATE RESPONSE,Dead/Abandoned,False,003,True
8,EXACT,0,85862199,4428283,RUNWAY,2013-02-27,710,runway,CANCELLED - SECTION 8,Dead/Cancelled,False,,False
8,EXACT,0,85626514,,RUNWAY,2012-05-16,602,runway,ABANDONED-FAILURE TO RESPOND OR LATE RESPONSE,Dead/Abandoned,False,003,True
8,EXACT,0,85625103,4268101,RUNWAY,2012-05-14,710,runway,CANCELLED - SECTION 8,Dead/Cancelled,False,,False
8,EXACT,0,85497076,,RUNWAY,2011-12-16,606,runway,ABANDONED - NO STATEMENT OF USE FILED,Dead/Abandoned,False,005,True
8,EXACT,0,85397055,4207525,RUNWAY,2011-08-12,710,runway,CANCELLED - SECTION 8,Dead/Cancelled,False,,False
8,EXACT,0,85241051,,RUNWAY,2011-02-13,602,runway,ABANDONED-FAILURE TO RESPOND OR LATE RESPONSE,Dead/Abandoned,False,00A,False
8,EXACT,0,77892127,3824588,RUNWAY,2009-12-12,710,runway,CANCELLED - SECTION 8,Dead/Cancelled,False,,False
8,EXACT,0,77741311,,RUNWAY,2009-05-20,606,runway,ABANDONED - NO STATEMENT OF USE FILED,Dead/Abandoned,False,016,False
8,EXACT,0,77701702,,RUNWAY,2009-03-29,602,runway,ABANDONED-FAILURE TO RESPOND OR LATE RESPONSE,Dead/Abandoned,False,035,True
8,EXACT,0,77529526,,RUNWAY,2008-07-23,606,runway,ABANDONED - NO STATEMENT OF USE FILED,Dead/Abandoned,False,017,False
8,EXACT,0,77510313,3793845,RUNWAY,2008-06-27,710,runway,CANCELLED - SECTION 8,Dead/Cancelled,False,,False
8,EXACT,0,77478094,,RUNWAY,2008-05-19,606,runway,ABANDONED - NO STATEMENT OF USE FILED,Dead/Abandoned,False,008,False
8,EXACT,0,77478633,3818972,RUNWAY,2008-05-19,710,runway,CANCELLED - SECTION 8,Dead/Cancelled,False,,False
8,EXACT,0,77430672,3590199,RUNWAY,2008-03-25,710,runway,CANCELLED - SECTION 8,Dead/Cancelled,False,,False
8,EXACT,0,77380077,,RUNWAY,2008-01-24,602,runway,ABANDONED-FAILURE TO RESPOND OR LATE RESPONSE,Dead/Abandoned,False,009,False
8,EXACT,0,77101578,,RUNWAY,2007-02-07,602,runway,ABANDONED-FAILURE TO RESPOND OR LATE RESPONSE,Dead/Abandoned,False,"010,025",True
8,EXACT,0,78760708,,RUNWAY,2005-11-23,606,runway,ABANDONED - NO STATEMENT OF USE FILED,Dead/Abandoned,False,014,False
8,EXACT,0,78760730,,RUNWAY,2005-11-23,602,runway,ABANDONED-FAILURE TO RESPOND OR LATE RESPONSE,Dead/Abandoned,False,008,False
8,EXACT,0,78760731,,RUNWAY,2005-11-23,606,runway,ABANDONED - NO STATEMENT OF USE FILED,Dead/Abandoned,False,021,True
8,EXACT,0,78573949,3149912,RUNWAY,2005-02-24,710,runway,CANCELLED - SECTION 8,Dead/Cancelled,False,,False
8,EXACT,0,78319194,2950297,RUNWAY,2003-10-27,710,runway,CANCELLED - SECTION 8,Dead/Cancelled,False,,False
8,EXACT,0,78294778,3169353,RUNWAY,2003-09-02,710,runway,CANCELLED - SECTION 8,Dead/Cancelled,False,,False
8,EXACT,0,76518397,,RUNWAY,2003-05-12,602,runway,ABANDONED-FAILURE TO RESPOND OR LATE RESPONSE,Dead/Abandoned,False,003,True
8,EXACT,0,78119139,2942853,RUNWAY,2002-04-03,710,runway,CANCELLED - SECTION 8,Dead/Cancelled,False,,False
8,EXACT,0,76352136,2941060,RUNWAY,2001-12-21,710,runway,CANCELLED - SECTION 8,Dead/Cancelled,False,,False
8,EXACT,0,76338037,2714496,RUNWAY,2001-11-16,710,runway,CANCELLED - SECTION 8,Dead/Cancelled,False,,False
8,EXACT,0,76225014,,RUNWAY,2001-03-15,606,runway,ABANDONED - NO STATEMENT OF USE FILED,Dead/Abandoned,False,020,False
8,EXACT,0,76063867,,RUNWAY,2000-06-06,602,runway,ABANDONED-FAILURE TO RESPOND OR LATE RESPONSE,Dead/Abandoned,False,042,False
8,EXACT,0,76037028,2959997,RUNWAY,2000-04-28,710,runway,CANCELLED - SECTION 8,Dead/Cancelled,False,,False
8,EXACT,0,75804341,,RUNWAY,1999-09-21,606,runway,ABANDONED - NO STATEMENT OF USE FILED,Dead/Abandoned,False,035,True
8,EXACT,0,75390969,2294691,RUNWAY,1997-11-17,710,runway,CANCELLED - SECTION 8,Dead/Cancelled,False,,False
8,EXACT,0,75248972,2121853,RUNWAY,1997-02-27,710,runway,CANCELLED - SECTION 8,Dead/Cancelled,False,,False
8,EXACT,0,75245422,,RUNWAY,1997-02-21,606,runway,ABANDONED - NO STATEMENT OF USE FILED,Dead/Abandoned,False,,False
8,EXACT,0,75015130,,RUNWAY,1995-11-06,606,runway,ABANDONED - NO STATEMENT OF USE FILED,Dead/Abandoned,False,,False
8,EXACT,0,75015131,,RUNWAY,1995-11-06,606,runway,ABANDONED - NO STATEMENT OF USE FILED,Dead/Abandoned,False,,False
8,EXACT,0,74475584,1928631,RUNWAY,1993-12-30,710,runway,CANCELLED - SECTION 8,Dead/Cancelled,False,,False
8,EXACT,0,74416007,,RUNWAY,1993-07-21,602,runway,ABANDONED-FAILURE TO RESPOND OR LATE RESPONSE,Dead/Abandoned,False,,False
8,EXACT,0,74164929,1749674,RUNWAY,1991-05-09,710,runway,CANCELLED - SECTION 8,Dead/Cancelled,False,,False
8,EXACT,0,73417578,1283961,RUNWAY,1983-03-17,710,runway,CANCELLED - SECTION 8,Dead/Cancelled,False,,False
8,NEAR_1_INSERTION,1,99771519,,RUNAWAY,2026-04-17,630,runaway,NEW APPLICATION - RECORD INITIALIZED NOT ASSIGNED TO EXAMINER,Live/Pending,True,018,False
8,NEAR_1_SUBSTITUTION,1,99643866,,RUNRAY,2026-02-10,686,runray,PUBLISHED FOR OPPOSITION,Live/Pending,True,018,False
8,NEAR_1_SUBSTITUTION,1,99236898,,RUNWAI,2025-06-16,730,runwai,FIRST EXTENSION - GRANTED,Live/Pending,True,042,False
8,NEAR_1_INSERTION,1,98606237,7847649,RUNWAYZ,2024-06-18,700,runwayz,REGISTERED,Live/Registered,True,"009,035,041,042",True
8,NEAR_1_SUBSTITUTION,1,98341175,7572095,RUNWAG,2024-01-04,700,runwag,REGISTERED,Live/Registered,True,018,False
8,NEAR_1_SUBSTITUTION,1,98245258,7549018,SUNWAY,2023-10-29,700,sunway,REGISTERED,Live/Registered,True,020,False
8,NEAR_1_SUBSTITUTION,1,98045594,7374459,JUNWAY,2023-06-16,700,junway,REGISTERED,Live/Registered,True,006,False
8,NEAR_1_SUBSTITUTION,1,98024740,7420459,RVNWAY,2023-06-02,700,rvnway,REGISTERED,Live/Registered,True,042,False
8,NEAR_1_INSERTION,1,97846735,7352994,RUNWAY 7,2023-03-20,700,runway7,REGISTERED,Live/Registered,True,"035,041",True
8,NEAR_1_INSERTION,1,97665245,8215101,RUNWAYS,2022-11-07,700,runways,REGISTERED,Live/Registered,True,045,False
8,NEAR_1_INSERTION,1,97665249,8274420,RUNWAYS,2022-11-07,700,runways,REGISTERED,Live/Registered,True,045,False
8,NEAR_1_SUBSTITUTION,1,97488460,7192625,RUNDAY,2022-07-05,700,runday,REGISTERED,Live/Registered,True,042,False
8,NEAR_1_SUBSTITUTION,1,97381996,7074143,FUNWAY,2022-04-26,700,funway,REGISTERED,Live/Registered,True,025,False
8,NEAR_1_INSERTION,1,97062034,8096188,RUNWAYS,2021-10-06,700,runways,REGISTERED,Live/Registered,True,044,True
8,NEAR_1_INSERTION,1,97062059,8096189,RUNWAYS,2021-10-06,700,runways,REGISTERED,Live/Registered,True,044,True
8,NEAR_1_SUBSTITUTION,1,97027423,,SUNWAY,2021-09-14,630,sunway,NEW APPLICATION - RECORD INITIALIZED NOT ASSIGNED TO EXAMINER,Live/Pending,True,020,False
8,NEAR_1_SUBSTITUTION,1,90270939,6460075,SUNWAY,2020-10-22,700,sunway,REGISTERED,Live/Registered,True,010,True
8,NEAR_1_SUBSTITUTION,1,90217493,6386812,RUIWAY,2020-09-28,700,ruiway,REGISTERED,Live/Registered,True,028,False
8,NEAR_1_SUBSTITUTION,1,88674717,6068531,SUNWAY,2019-10-30,700,sunway,REGISTERED,Live/Registered,True,035,True
8,NEAR_1_SUBSTITUTION,1,88237906,5970477,SUNWAY,2018-12-20,700,sunway,REGISTERED,Live/Registered,True,009,False
8,NEAR_1_INSERTION,1,86418972,4743510,RUNAWAY,2014-10-09,800,runaway,REGISTERED AND RENEWED,Live/Registered,True,025,False
8,NEAR_1_INSERTION,1,79150092,4701969,RUNAWAY,2014-05-30,706,runaway,SECTION 71 ACCEPTED,Live/Registered,True,003,True
8,NEAR_1_INSERTION,1,85899632,4436321,RUNAWAY,2013-04-09,800,runaway,REGISTERED AND RENEWED,Live/Registered,True,012,False
8,NEAR_1_INSERTION,1,85048318,4078849,RUNAWAY,2010-05-26,800,runaway,REGISTERED AND RENEWED,Live/Registered,True,"009,041",False
8,NEAR_1_SUBSTITUTION,1,77827163,4298439,SUNWAY,2009-09-15,800,sunway,REGISTERED AND RENEWED,Live/Registered,True,030,False
8,NEAR_1_SUBSTITUTION,1,76363324,2642801,SUNWAY,2002-01-25,800,sunway,REGISTERED AND RENEWED,Live/Registered,True,009,False
8,NEAR_1_INSERTION,1,97692563,,RUNAWAY,2022-11-26,602,runaway,ABANDONED-FAILURE TO RESPOND OR LATE RESPONSE,Dead/Abandoned,False,025,False
8,NEAR_1_SUBSTITUTION,1,97013844,,SUN-WAY,2021-09-06,602,sunway,ABANDONED-FAILURE TO RESPOND OR LATE RESPONSE,Dead/Abandoned,False,011,False
8,NEAR_1_SUBSTITUTION,1,79304584,,SUNWA'Y,2021-01-15,602,sunway,ABANDONED-FAILURE TO RESPOND OR LATE RESPONSE,Dead/Abandoned,False,040,False
8,NEAR_1_INSERTION,1,90439645,,RUNWAYS,2020-12-31,602,runways,ABANDONED-FAILURE TO RESPOND OR LATE RESPONSE,Dead/Abandoned,False,039,False
8,NEAR_1_SUBSTITUTION,1,87791154,,SUNWAY,2018-02-09,602,sunway,ABANDONED-FAILURE TO RESPOND OR LATE RESPONSE,Dead/Abandoned,False,007,False
8,NEAR_1_SUBSTITUTION,1,87532061,,SUNWAY,2017-07-18,606,sunway,ABANDONED - NO STATEMENT OF USE FILED,Dead/Abandoned,False,020,False
8,NEAR_1_INSERTION,1,87234014,5788205,RUNAWAY,2016-11-11,710,runaway,CANCELLED - SECTION 8,Dead/Cancelled,False,,False
8,NEAR_1_SUBSTITUTION,1,86962502,5077665,SUNWAY,2016-04-03,710,sunway,CANCELLED - SECTION 8,Dead/Cancelled,False,,False
8,NEAR_1_SUBSTITUTION,1,86718475,5142610,SUNWAY,2015-08-07,710,sunway,CANCELLED - SECTION 8,Dead/Cancelled,False,,False
8,NEAR_1_SUBSTITUTION,1,79174117,5066363,RUNDAY,2015-06-15,404,runday,IR CANCELLED; US REGISTRATION CANCELLED,Dead/Cancelled,False,,False
8,NEAR_1_INSERTION,1,79167772,4920207,RUNGWAY,2015-04-30,404,rungway,IR CANCELLED; US REGISTRATION CANCELLED,Dead/Cancelled,False,,False
8,NEAR_1_SUBSTITUTION,1,86599048,4855638,RUNRAY,2015-04-15,710,runray,CANCELLED - SECTION 8,Dead/Cancelled,False,,False
8,NEAR_1_SUBSTITUTION,1,86599064,4855639,RUNRAY,2015-04-15,710,runray,CANCELLED - SECTION 8,Dead/Cancelled,False,,False
8,NEAR_1_SUBSTITUTION,1,86591398,4855190,SUNWAY,2015-04-08,710,sunway,CANCELLED - SECTION 8,Dead/Cancelled,False,,False
8,NEAR_1_INSERTION,1,86566618,4971600,RUNWAYZ,2015-03-17,710,runwayz,CANCELLED - SECTION 8,Dead/Cancelled,False,,False
8,NEAR_1_SUBSTITUTION,1,79158803,4887209,RUN PAY,2014-06-10,404,runpay,IR CANCELLED; US REGISTRATION CANCELLED,Dead/Cancelled,False,,False
8,NEAR_1_INSERTION,1,86162585,,RUNWAYZ,2014-01-10,601,runwayz,ABANDONED - EXPRESS,Dead/Abandoned,False,041,False
8,NEAR_1_INSERTION,1,85779656,,RUNAWAY,2012-11-14,606,runaway,ABANDONED - NO STATEMENT OF USE FILED,Dead/Abandoned,False,041,False
8,NEAR_1_SUBSTITUTION,1,85437276,4149860,GUNWAY,2011-10-02,710,gunway,CANCELLED - SECTION 8,Dead/Cancelled,False,,False
8,NEAR_1_INSERTION,1,85022302,3883105,RUNAWAY,2010-04-23,710,runaway,CANCELLED - SECTION 8,Dead/Cancelled,False,,False
8,NEAR_1_INSERTION,1,77882421,,I RUNWAY,2009-11-30,602,irunway,ABANDONED-FAILURE TO RESPOND OR LATE RESPONSE,Dead/Abandoned,False,025,False
8,NEAR_1_INSERTION,1,77882427,4198876,IRUNWAY,2009-11-30,710,irunway,CANCELLED - SECTION 8,Dead/Cancelled,False,,False
8,NEAR_1_INSERTION,1,77882430,4218185,IRUNWAY,2009-11-30,710,irunway,CANCELLED - SECTION 8,Dead/Cancelled,False,,False
8,NEAR_1_INSERTION,1,77858972,3896101,IRUNWAY,2009-10-28,710,irunway,CANCELLED - SECTION 8,Dead/Cancelled,False,,False
8,NEAR_1_SUBSTITUTION,1,79069540,,SUNWAY,2009-04-29,402,sunway,IR CANCELLED; US APPLICATION ABANDONED,Dead/Abandoned,False,,False
8,NEAR_1_INSERTION,1,77550872,,R RUNWAY,2008-08-19,602,rrunway,ABANDONED-FAILURE TO RESPOND OR LATE RESPONSE,Dead/Abandoned,False,041,False
8,NEAR_1_INSERTION,1,77533210,,RUNAWAY,2008-07-29,606,runaway,ABANDONED - NO STATEMENT OF USE FILED,Dead/Abandoned,False,009,False
8,NEAR_1_INSERTION,1,77453910,,RUNAWAY,2008-04-21,602,runaway,ABANDONED-FAILURE TO RESPOND OR LATE RESPONSE,Dead/Abandoned,False,018,False
8,NEAR_1_INSERTION,1,77335944,3509813,RUNAWAY,2007-11-23,710,runaway,CANCELLED - SECTION 8,Dead/Cancelled,False,,False
8,NEAR_1_SUBSTITUTION,1,76676460,3447329,SUNWAY,2007-05-07,711,sunway,CANCELLED - SECTION 7,Dead/Cancelled,False,,False
8,NEAR_1_INSERTION,1,78946430,,RUNAWAY,2006-08-07,602,runaway,ABANDONED-FAILURE TO RESPOND OR LATE RESPONSE,Dead/Abandoned,False,018,False
8,NEAR_1_INSERTION,1,78756847,3374023,RUNWAYS,2005-11-18,710,runways,CANCELLED - SECTION 8,Dead/Cancelled,False,,False
8,NEAR_1_SUBSTITUTION,1,78240539,,FUNWAY,2003-04-22,604,funway,ABANDONED - AFTER INTER-PARTES DECISION,Dead/Abandoned,False,,False
8,NEAR_1_SUBSTITUTION,1,76256458,2544895,FUNWAY,2001-05-08,710,funway,CANCELLED - SECTION 8,Dead/Cancelled,False,,False
8,NEAR_1_INSERTION,1,78017378,,ZRUNWAY,2000-07-19,606,zrunway,ABANDONED - NO STATEMENT OF USE FILED,Dead/Abandoned,False,042,False
8,NEAR_1_INSERTION,1,76039957,,ERUNWAY,2000-05-03,606,erunway,ABANDONED - NO STATEMENT OF USE FILED,Dead/Abandoned,False,042,False
8,NEAR_1_INSERTION,1,76007107,,E-RUNWAY,2000-03-22,602,erunway,ABANDONED-FAILURE TO RESPOND OR LATE RESPONSE,Dead/Abandoned,False,035,True
8,NEAR_1_SUBSTITUTION,1,75874273,,SUNWAY,1999-12-18,602,sunway,ABANDONED-FAILURE TO RESPOND OR LATE RESPONSE,Dead/Abandoned,False,009,False
8,NEAR_1_SUBSTITUTION,1,75723861,,SUNWAY,1999-06-08,606,sunway,ABANDONED - NO STATEMENT OF USE FILED,Dead/Abandoned,False,022,False
8,NEAR_1_INSERTION,1,75530771,,RUNAWAY,1998-08-03,602,runaway,ABANDONED-FAILURE TO RESPOND OR LATE RESPONSE,Dead/Abandoned,False,021,True
8,NEAR_1_SUBSTITUTION,1,75320946,,FUNWAY,1997-07-08,606,funway,ABANDONED - NO STATEMENT OF USE FILED,Dead/Abandoned,False,028,False
8,NEAR_1_SUBSTITUTION,1,75288825,2263515,SUNWAY,1997-05-08,710,sunway,CANCELLED - SECTION 8,Dead/Cancelled,False,,False
8,NEAR_1_SUBSTITUTION,1,75080529,,SUNWAY,1996-03-29,605,sunway,ABANDONED EXPRESS AFTER PUB,Dead/Abandoned,False,,False
8,NEAR_1_INSERTION,1,74418089,,RUNAWAY,1993-07-29,602,runaway,ABANDONED-FAILURE TO RESPOND OR LATE RESPONSE,Dead/Abandoned,False,,False
8,NEAR_1_INSERTION,1,74345314,1845006,RUNAWAY,1993-01-04,710,runaway,CANCELLED - SECTION 8,Dead/Cancelled,False,,False
8,NEAR_1_SUBSTITUTION,1,74291564,1777808,SUNWAY,1992-07-06,710,sunway,CANCELLED - SECTION 8,Dead/Cancelled,False,,False
8,NEAR_1_SUBSTITUTION,1,74255369,,SUNWAY,1992-03-13,605,sunway,ABANDONED EXPRESS AFTER PUB,Dead/Abandoned,False,,False
8,NEAR_1_INSERTION,1,74195523,1711055,RUNAWAY,1991-08-15,710,runaway,CANCELLED - SECTION 8,Dead/Cancelled,False,,False
8,NEAR_1_INSERTION,1,74018920,,RUNAWAY,1990-01-16,601,runaway,ABANDONED - EXPRESS,Dead/Abandoned,False,,False
8,NEAR_1_INSERTION,1,73822595,1592996,RUNWAYS,1989-08-30,710,runways,CANCELLED - SECTION 8,Dead/Cancelled,False,,False
8,NEAR_1_INSERTION,1,73733846,,RUNAWAY,1988-06-13,602,runaway,ABANDONED-FAILURE TO RESPOND OR LATE RESPONSE,Dead/Abandoned,False,,False
8,NEAR_1_SUBSTITUTION,1,73632341,1492125,FUNWAY,1987-04-09,710,funway,CANCELLED - SECTION 8,Dead/Cancelled,False,,False
8,NEAR_1_SUBSTITUTION,1,73583661,1421806,SUNWAY,1986-02-19,710,sunway,CANCELLED - SECTION 8,Dead/Cancelled,False,,False
8,NEAR_1_INSERTION,1,73469355,,RUNAWAY,1984-03-09,602,runaway,ABANDONED-FAILURE TO RESPOND OR LATE RESPONSE,Dead/Abandoned,False,,False
8,NEAR_1_SUBSTITUTION,1,73464477,1312781,SUNWAY,1984-02-06,710,sunway,CANCELLED - SECTION 8,Dead/Cancelled,False,,False
8,NEAR_1_SUBSTITUTION,1,73298060,1204493,SUNWAY,1981-02-20,710,sunway,CANCELLED - SECTION 8,Dead/Cancelled,False,,False
8,NEAR_1_SUBSTITUTION,1,73283685,1183250,SUNWAY,1980-10-28,710,sunway,CANCELLED - SECTION 8,Dead/Cancelled,False,,False
8,NEAR_1_INSERTION,1,73275335,1214915,RUNWAY 1,1980-08-25,710,runway1,CANCELLED - SECTION 8,Dead/Cancelled,False,,False
8,NEAR_1_SUBSTITUTION,1,73184380,1139444,SUNWAY,1978-09-05,710,sunway,CANCELLED - SECTION 8,Dead/Cancelled,False,,False
8,NEAR_1_SUBSTITUTION,1,73151218,1143277,SUNWAY,1977-12-07,710,sunway,CANCELLED - SECTION 8,Dead/Cancelled,False,,False
8,NEAR_1_INSERTION,1,73088336,1092508,RUNAWAY,1976-05-24,900,runaway,EXPIRED,Dead/Expired,False,,False
8,NEAR_1_SUBSTITUTION,1,73055086,1031169,SUNWAY,1975-06-13,900,sunway,EXPIRED,Dead/Expired,False,,False
8,NEAR_1_SUBSTITUTION,1,72289092,0870920,FUN-WAY,1968-01-18,900,funway,EXPIRED,Dead/Expired,False,,False
8,NEAR_1_INSERTION,1,72149294,0754674,RUN AWAY,1962-07-18,710,runaway,CANCELLED - SECTION 8,Dead/Cancelled,False,,False
9,EXACT,0,99535097,,VOLUME,2025-12-08,641,volume,NON-FINAL ACTION - MAILED,Live/Pending,True,013,False
9,EXACT,0,79394764,7789562,VOLUME,2023-12-06,700,volume,REGISTERED,Live/Registered,True,"006,007,009,012,020",False
9,EXACT,0,79376539,7518436,VOLU ME!,2023-02-22,700,volume,REGISTERED,Live/Registered,True,"009,040,041",False
9,EXACT,0,97425236,7306223,VOLUME.,2022-05-24,700,volume,REGISTERED,Live/Registered,True,035,True
9,EXACT,0,97424967,7644948,VOLUME.,2022-05-23,700,volume,REGISTERED,Live/Registered,True,035,True
9,EXACT,0,97246947,7140718,VOLUME,2022-01-31,700,volume,REGISTERED,Live/Registered,True,017,False
9,EXACT,0,90865061,,VOLUME.,2021-08-04,688,volume,NOTICE OF ALLOWANCE - ISSUED,Live/Pending,True,041,False
9,EXACT,0,90037864,7141478,VOLUME,2020-07-06,700,volume,REGISTERED,Live/Registered,True,"038,042",False
9,EXACT,0,87359446,5578101,VOLUME,2017-03-06,705,volume,PARTIAL SECTION 8 & 15 ACCEPTED AND ACKNOWLEDGED,Live/Registered,True,"009,041",False
9,EXACT,0,78273410,2895566,VOLUME,2003-07-11,800,volume,REGISTERED AND RENEWED,Live/Registered,True,"035,039",True
9,EXACT,0,78248037,3303351,VOLUME,2003-05-09,800,volume,REGISTERED AND RENEWED,Live/Registered,True,025,False
9,EXACT,0,99194530,,VOLUME,2025-05-20,602,volume,ABANDONED-FAILURE TO RESPOND OR LATE RESPONSE,Dead/Abandoned,False,003,True
9,EXACT,0,97425240,,VOLUME.,2022-05-24,606,volume,ABANDONED - NO STATEMENT OF USE FILED,Dead/Abandoned,False,041,False
9,EXACT,0,97424984,,VOLUME.,2022-05-23,606,volume,ABANDONED - NO STATEMENT OF USE FILED,Dead/Abandoned,False,041,False
9,EXACT,0,90763775,,VOLUME,2021-06-09,602,volume,ABANDONED-FAILURE TO RESPOND OR LATE RESPONSE,Dead/Abandoned,False,041,False
9,EXACT,0,90734479,,VOLUME,2021-05-25,606,volume,ABANDONED - NO STATEMENT OF USE FILED,Dead/Abandoned,False,"009,042",False
9,EXACT,0,87654939,,VOLUME,2017-10-22,602,volume,ABANDONED-FAILURE TO RESPOND OR LATE RESPONSE,Dead/Abandoned,False,025,False
9,EXACT,0,87187412,,VOLUME+,2016-09-29,606,volume,ABANDONED - NO STATEMENT OF USE FILED,Dead/Abandoned,False,"003,035",True
9,EXACT,0,87176543,,VOLUME,2016-09-20,602,volume,ABANDONED-FAILURE TO RESPOND OR LATE RESPONSE,Dead/Abandoned,False,009,False
9,EXACT,0,87019217,5242655,VOLUME,2016-04-29,710,volume,CANCELLED - SECTION 8,Dead/Cancelled,False,,False
9,EXACT,0,86820453,,VOLUME,2015-11-14,602,volume,ABANDONED-FAILURE TO RESPOND OR LATE RESPONSE,Dead/Abandoned,False,042,False
9,EXACT,0,86710150,,VOLUME,2015-07-30,602,volume,ABANDONED-FAILURE TO RESPOND OR LATE RESPONSE,Dead/Abandoned,False,"009,014,016,025,028,041",False
9,EXACT,0,86530771,,VOLU.ME,2015-02-10,602,volume,ABANDONED-FAILURE TO RESPOND OR LATE RESPONSE,Dead/Abandoned,False,042,False
9,EXACT,0,86525442,,VOLUME,2015-02-05,606,volume,ABANDONED - NO STATEMENT OF USE FILED,Dead/Abandoned,False,042,False
9,EXACT,0,85943139,,VOLUME,2013-05-27,606,volume,ABANDONED - NO STATEMENT OF USE FILED,Dead/Abandoned,False,009,False
9,EXACT,0,85919154,4713046,VOLUME,2013-04-30,710,volume,CANCELLED - SECTION 8,Dead/Cancelled,False,,False
9,EXACT,0,85114467,,VOLUME,2010-08-24,602,volume,ABANDONED-FAILURE TO RESPOND OR LATE RESPONSE,Dead/Abandoned,False,041,False
9,EXACT,0,77863973,,VOLUME,2009-11-03,606,volume,ABANDONED - NO STATEMENT OF USE FILED,Dead/Abandoned,False,032,False
9,EXACT,0,78955492,,VOLUME,2006-08-18,605,volume,ABANDONED EXPRESS AFTER PUB,Dead/Abandoned,False,,False
9,EXACT,0,78978945,3321911,VOLUME,2006-08-18,710,volume,CANCELLED - SECTION 8,Dead/Cancelled,False,,False
9,EXACT,0,78817968,,VOLUME,2006-02-17,606,volume,ABANDONED - NO STATEMENT OF USE FILED,Dead/Abandoned,False,032,False
9,EXACT,0,78817974,,VOLUME,2006-02-17,606,volume,ABANDONED - NO STATEMENT OF USE FILED,Dead/Abandoned,False,033,False
9,EXACT,0,78534759,,VOLUME,2004-12-17,602,volume,ABANDONED-FAILURE TO RESPOND OR LATE RESPONSE,Dead/Abandoned,False,"009,041",False
9,EXACT,0,76528497,2885948,VOLUME,2003-06-23,710,volume,CANCELLED - SECTION 8,Dead/Cancelled,False,,False
9,EXACT,0,76234948,,VOLUME,2001-04-03,606,volume,ABANDONED - NO STATEMENT OF USE FILED,Dead/Abandoned,False,041,False
9,EXACT,0,75446381,,VOLUME,1998-03-09,602,volume,ABANDONED-FAILURE TO RESPOND OR LATE RESPONSE,Dead/Abandoned,False,,False
9,EXACT,0,75001272,2001421,VOLUME,1995-10-02,710,volume,CANCELLED - SECTION 8,Dead/Cancelled,False,,False
9,EXACT,0,74703061,1978478,VOLUME,1995-07-18,710,volume,CANCELLED - SECTION 8,Dead/Cancelled,False,,False
9,EXACT,0,74636812,,VOLUME,1995-02-21,602,volume,ABANDONED-FAILURE TO RESPOND OR LATE RESPONSE,Dead/Abandoned,False,,False
9,EXACT,0,74327372,1873856,VOLUME,1992-11-02,710,volume,CANCELLED - SECTION 8,Dead/Cancelled,False,,False
9,EXACT,0,74277894,1774858,VOLUME,1992-05-22,710,volume,CANCELLED - SECTION 8,Dead/Cancelled,False,,False
9,EXACT,0,74277895,1777831,VOLUME,1992-05-22,710,volume,CANCELLED - SECTION 8,Dead/Cancelled,False,,False
9,EXACT,0,74277896,1772769,VOLUME,1992-05-22,710,volume,CANCELLED - SECTION 8,Dead/Cancelled,False,,False
9,EXACT,0,74277898,1771603,VOLUME,1992-05-22,710,volume,CANCELLED - SECTION 8,Dead/Cancelled,False,,False
9,EXACT,0,74272408,,VOLUME,1992-05-04,606,volume,ABANDONED - NO STATEMENT OF USE FILED,Dead/Abandoned,False,,False
9,EXACT,0,73770416,1547444,VOLUME,1988-12-19,710,volume,CANCELLED - SECTION 8,Dead/Cancelled,False,,False
9,EXACT,0,73131611,1088468,VOLUME,1977-06-23,710,volume,CANCELLED - SECTION 8,Dead/Cancelled,False,,False
9,EXACT,0,72109665,0733531,VOLUME,1960-12-06,626,volume,REGISTERED - BACKFILE CANCELLED OR EXPIRED,Dead/Cancelled,False,003,True
9,EXACT,0,71233925,0219834,VOLUME,1926-06-30,710,volume,CANCELLED - SECTION 8,Dead/Cancelled,False,,False
9,NEAR_1_INSERTION,1,99845764,,VOLUME 2,2026-05-26,630,volume2,NEW APPLICATION - RECORD INITIALIZED NOT ASSIGNED TO EXAMINER,Live/Pending,True,041,False
9,NEAR_1_INSERTION,1,99697730,,VOLUMES,2026-03-12,630,volumes,NEW APPLICATION - RECORD INITIALIZED NOT ASSIGNED TO EXAMINER,Live/Pending,True,041,False
9,NEAR_1_SUBSTITUTION,1,99320814,8193026,VOLUTE,2025-08-05,700,volute,REGISTERED,Live/Registered,True,042,False
9,NEAR_1_INSERTION,1,99253821,8126092,VOXLUME,2025-06-26,700,voxlume,REGISTERED,Live/Registered,True,009,False
9,NEAR_1_INSERTION,1,79430376,,VOLUMEX,2025-06-23,681,volumex,PUBLICATION/ISSUE REVIEW COMPLETE,Live/Pending,True,009,False
9,NEAR_1_DELETION,1,99037008,,VOLÜM,2025-02-11,688,volum,NOTICE OF ALLOWANCE - ISSUED,Live/Pending,True,"009,025,028,041,042",False
9,NEAR_1_SUBSTITUTION,1,98779658,8287354,VOLTME,2024-10-01,700,voltme,REGISTERED,Live/Registered,True,009,False
9,NEAR_1_SUBSTITUTION,1,98628485,7745665,VALUMÉ,2024-07-02,700,valume,REGISTERED,Live/Registered,True,035,True
9,NEAR_1_INSERTION,1,98472896,,VOLUME 0,2024-03-28,731,volume0,SECOND EXTENSION - GRANTED,Live/Pending,True,"009,016,041",False
9,NEAR_1_INSERTION,1,98976611,8006687,VOLUME 0,2024-03-28,700,volume0,REGISTERED,Live/Registered,True,016,False
9,NEAR_1_INSERTION,1,79390553,7895075,VOLUMEZ,2023-12-04,700,volumez,REGISTERED,Live/Registered,True,"009,042",False
9,NEAR_1_SUBSTITUTION,1,97720845,7689896,VOLUTE,2022-12-16,700,volute,REGISTERED,Live/Registered,True,011,False
9,NEAR_1_SUBSTITUTION,1,97610174,7175999,VOLUTE,2022-09-28,700,volute,REGISTERED,Live/Registered,True,"032,033",False
9,NEAR_1_SUBSTITUTION,1,90209782,6495027,SOLUME,2020-09-25,700,solume,REGISTERED,Live/Registered,True,014,False
9,NEAR_1_SUBSTITUTION,1,88586043,6296209,VOLUMA,2019-08-20,700,voluma,REGISTERED,Live/Registered,True,"005,010",True
9,NEAR_1_SUBSTITUTION,1,88561478,6017407,JOLUME,2019-08-02,700,jolume,REGISTERED,Live/Registered,True,009,False
9,NEAR_1_SUBSTITUTION,1,87425692,5734482,VOLUTE,2017-04-26,702,volute,SECTION 8 & 15-ACCEPTED AND ACKNOWLEDGED,Live/Registered,True,020,False
9,NEAR_1_INSERTION,1,79194631,5238744,VOLUMEC,2016-04-25,708,volumec,PARTIAL SECTION 71 & 15 ACCEPTED AND ACKNOWLEDGED,Live/Registered,True,009,False
9,NEAR_1_SUBSTITUTION,1,87004913,5143438,VOLYME,2016-04-18,701,volyme,SECTION 8-ACCEPTED,Live/Registered,True,044,True
9,NEAR_1_SUBSTITUTION,1,85118801,4047831,VOLUTE,2010-08-30,800,volute,REGISTERED AND RENEWED,Live/Registered,True,"007,011",False
9,NEAR_1_INSERTION,1,77961975,3959349,VOLUMZE,2010-03-18,800,volumze,REGISTERED AND RENEWED,Live/Registered,True,005,True
9,NEAR_1_INSERTION,1,79051813,3512875,VOLUMEA,2008-03-11,706,volumea,SECTION 71 ACCEPTED,Live/Registered,True,003,True
9,NEAR_1_INSERTION,1,78505364,3045511,VOLUMEX,2004-10-25,800,volumex,REGISTERED AND RENEWED,Live/Registered,True,005,True
9,NEAR_1_SUBSTITUTION,1,99134703,,VOLUM3,2025-04-13,602,volum3,ABANDONED-FAILURE TO RESPOND OR LATE RESPONSE,Dead/Abandoned,False,021,True
9,NEAR_1_SUBSTITUTION,1,99122626,,VALUME´,2025-04-05,602,valume,ABANDONED-FAILURE TO RESPOND OR LATE RESPONSE,Dead/Abandoned,False,009,False
9,NEAR_1_SUBSTITUTION,1,97837524,,VOLTME,2023-03-14,604,voltme,ABANDONED - AFTER INTER-PARTES DECISION,Dead/Abandoned,False,,False
9,NEAR_1_SUBSTITUTION,1,97837551,,VOLTME,2023-03-14,604,voltme,ABANDONED - AFTER INTER-PARTES DECISION,Dead/Abandoned,False,,False
9,NEAR_1_INSERTION,1,97569634,,VOLUMES,2022-08-29,602,volumes,ABANDONED-FAILURE TO RESPOND OR LATE RESPONSE,Dead/Abandoned,False,"009,041",False
9,NEAR_1_SUBSTITUTION,1,90875857,,VOLTME,2021-08-10,604,voltme,ABANDONED - AFTER INTER-PARTES DECISION,Dead/Abandoned,False,,False
9,NEAR_1_INSERTION,1,88685761,,VIOLUME,2019-11-08,602,violume,ABANDONED-FAILURE TO RESPOND OR LATE RESPONSE,Dead/Abandoned,False,011,False
9,NEAR_1_DELETION,1,88220714,,VOLUM,2018-12-07,606,volum,ABANDONED - NO STATEMENT OF USE FILED,Dead/Abandoned,False,036,False
9,NEAR_1_INSERTION,1,79191466,5288168,VOLUME K,2016-07-08,709,volumek,CANCELLED SECTION 71,Dead/Cancelled,False,,False
9,NEAR_1_INSERTION,1,86382197,4719926,VOLUME V,2014-09-01,710,volumev,CANCELLED - SECTION 8,Dead/Cancelled,False,,False
9,NEAR_1_SUBSTITUTION,1,86268382,4783061,VOLUTE,2014-05-01,710,volute,CANCELLED - SECTION 8,Dead/Cancelled,False,,False
9,NEAR_1_SUBSTITUTION,1,85848642,,VO LUXE,2013-02-13,602,voluxe,ABANDONED-FAILURE TO RESPOND OR LATE RESPONSE,Dead/Abandoned,False,00B,False
9,NEAR_1_SUBSTITUTION,1,85654924,4489105,VULUME,2012-06-18,710,vulume,CANCELLED - SECTION 8,Dead/Cancelled,False,,False
9,NEAR_1_SUBSTITUTION,1,85508225,4190614,SOLUME,2012-01-04,710,solume,CANCELLED - SECTION 8,Dead/Cancelled,False,,False
9,NEAR_1_INSERTION,1,79100064,4069329,VOLUME 8,2011-06-06,404,volume8,IR CANCELLED; US REGISTRATION CANCELLED,Dead/Cancelled,False,,False
9,NEAR_1_SUBSTITUTION,1,77953694,,LOL U & ME,2010-03-08,602,lolume,ABANDONED-FAILURE TO RESPOND OR LATE RESPONSE,Dead/Abandoned,False,035,True
9,NEAR_1_SUBSTITUTION,1,79059830,3712200,VOLUMA,2008-08-15,404,voluma,IR CANCELLED; US REGISTRATION CANCELLED,Dead/Cancelled,False,,False
9,NEAR_1_INSERTION,1,77489425,3854262,QVOLUME,2008-06-03,710,qvolume,CANCELLED - SECTION 8,Dead/Cancelled,False,,False
9,NEAR_1_SUBSTITUTION,1,77474895,,VOLUTE,2008-05-15,602,volute,ABANDONED-FAILURE TO RESPOND OR LATE RESPONSE,Dead/Abandoned,False,"007,011",False
9,NEAR_1_SUBSTITUTION,1,77390766,3617103,VOLUTE,2008-02-07,710,volute,CANCELLED - SECTION 8,Dead/Cancelled,False,,False
9,NEAR_1_SUBSTITUTION,1,79050959,,VOLUMA,2007-10-25,402,voluma,IR CANCELLED; US APPLICATION ABANDONED,Dead/Abandoned,False,,False
9,NEAR_1_INSERTION,1,78399021,,VOLUMEN,2004-04-08,606,volumen,ABANDONED - NO STATEMENT OF USE FILED,Dead/Abandoned,False,041,False
9,NEAR_1_INSERTION,1,76580423,2941391,VOLUMEN,2004-03-10,710,volumen,CANCELLED - SECTION 8,Dead/Cancelled,False,,False
9,NEAR_1_INSERTION,1,76543293,2944643,VOLUMEN,2003-09-08,710,volumen,CANCELLED - SECTION 8,Dead/Cancelled,False,,False
9,NEAR_1_INSERTION,1,76480852,2859522,VOLUME 2,2003-01-08,710,volume2,CANCELLED - SECTION 8,Dead/Cancelled,False,,False
9,NEAR_1_INSERTION,1,75652153,,VOLUMEX,1999-03-02,602,volumex,ABANDONED-FAILURE TO RESPOND OR LATE RESPONSE,Dead/Abandoned,False,005,True
9,NEAR_1_DELETION,1,75399734,2277325,VOLUM,1997-12-01,710,volum,CANCELLED - SECTION 8,Dead/Cancelled,False,,False
9,NEAR_1_INSERTION,1,74369249,,VOLUMES,1993-03-19,606,volumes,ABANDONED - NO STATEMENT OF USE FILED,Dead/Abandoned,False,,False
9,NEAR_1_SUBSTITUTION,1,74219901,,VOLUMA,1991-11-08,606,voluma,ABANDONED - NO STATEMENT OF USE FILED,Dead/Abandoned,False,,False
9,NEAR_1_INSERTION,1,73671902,1553401,VOLU-MED,1987-07-13,710,volumed,CANCELLED - SECTION 8,Dead/Cancelled,False,,False
9,NEAR_1_SUBSTITUTION,1,73374794,1267221,VOLUMA,1982-07-15,710,voluma,CANCELLED - SECTION 8,Dead/Cancelled,False,,False
9,NEAR_1_SUBSTITUTION,1,73085009,1062085,VOLUMA,1976-04-26,900,voluma,EXPIRED,Dead/Expired,False,,False
10,EXACT,0,98260256,,AFTERWORD,2023-11-08,732,afterword,THIRD EXTENSION - GRANTED,Live/Pending,True,036,False
10,EXACT,0,98976167,8053907,AFTERWORD,2023-11-08,700,afterword,REGISTERED,Live/Registered,True,"009,035,042,045",True
10,EXACT,0,86854413,,AFTERWORD,2015-12-18,602,afterword,ABANDONED-FAILURE TO RESPOND OR LATE RESPONSE,Dead/Abandoned,False,042,False
10,NEAR_1_SUBSTITUTION,1,99554741,,AFTERWARD,2025-12-18,686,afterward,PUBLISHED FOR OPPOSITION,Live/Pending,True,014,False
10,NEAR_1_INSERTION,1,97650241,,AFTERWORDS,2022-10-27,731,afterwords,SECOND EXTENSION - GRANTED,Live/Pending,True,016,False
10,NEAR_1_SUBSTITUTION,1,97309299,7025416,AFTER WORK,2022-03-12,700,afterwork,REGISTERED,Live/Registered,True,005,True
10,NEAR_1_SUBSTITUTION,1,90772655,7249945,AFTERWORK,2021-06-14,700,afterwork,REGISTERED,Live/Registered,True,"036,041",False
10,NEAR_1_INSERTION,1,88640953,6196678,AFTERWORLD,2019-10-03,700,afterworld,REGISTERED,Live/Registered,True,003,True
10,NEAR_1_INSERTION,1,87128972,5703699,AFTERWORDS,2016-08-05,702,afterwords,SECTION 8 & 15-ACCEPTED AND ACKNOWLEDGED,Live/Registered,True,042,False
10,NEAR_1_INSERTION,1,78678307,3115535,AFTER WORDS,2005-07-26,800,afterwords,REGISTERED AND RENEWED,Live/Registered,True,016,False
10,NEAR_1_INSERTION,1,73170386,1117939,& AFTERWORDS,1978-05-15,800,afterwords,REGISTERED AND RENEWED,Live/Registered,True,042,False
10,NEAR_1_SUBSTITUTION,1,88834717,,AFTERWORK,2020-03-14,602,afterwork,ABANDONED-FAILURE TO RESPOND OR LATE RESPONSE,Dead/Abandoned,False,035,True
10,NEAR_1_SUBSTITUTION,1,88180804,,AFTER WORK,2018-11-04,602,afterwork,ABANDONED-FAILURE TO RESPOND OR LATE RESPONSE,Dead/Abandoned,False,005,True
10,NEAR_1_SUBSTITUTION,1,87516061,,AFTERWORK,2017-07-05,602,afterwork,ABANDONED-FAILURE TO RESPOND OR LATE RESPONSE,Dead/Abandoned,False,025,False
10,NEAR_1_INSERTION,1,86634238,,AFTERWORDS,2015-05-19,602,afterwords,ABANDONED-FAILURE TO RESPOND OR LATE RESPONSE,Dead/Abandoned,False,038,False
10,NEAR_1_INSERTION,1,86326289,4788650,AFTERWORDS,2014-07-01,710,afterwords,CANCELLED - SECTION 8,Dead/Cancelled,False,,False
10,NEAR_1_INSERTION,1,86186455,4627749,AFTERWORDS,2014-02-06,710,afterwords,CANCELLED - SECTION 8,Dead/Cancelled,False,,False
10,NEAR_1_INSERTION,1,85963052,4679514,AFTERWORLD,2013-06-18,710,afterworld,CANCELLED - SECTION 8,Dead/Cancelled,False,,False
10,NEAR_1_INSERTION,1,77096329,,AFTERWORLD,2007-01-31,606,afterworld,ABANDONED - NO STATEMENT OF USE FILED,Dead/Abandoned,False,"009,016,041",False
10,NEAR_1_SUBSTITUTION,1,78738771,,AFTERWARD,2005-10-23,602,afterward,ABANDONED-FAILURE TO RESPOND OR LATE RESPONSE,Dead/Abandoned,False,"009,041",False
10,NEAR_1_INSERTION,1,78977082,3181044,AFTER WORDS,2005-07-26,710,afterwords,CANCELLED - SECTION 8,Dead/Cancelled,False,,False
10,NEAR_1_INSERTION,1,76625245,3146076,AFTERWORLD,2004-12-21,710,afterworld,CANCELLED - SECTION 8,Dead/Cancelled,False,,False
10,NEAR_1_INSERTION,1,78522501,,AFTERWORDS,2004-11-24,602,afterwords,ABANDONED-FAILURE TO RESPOND OR LATE RESPONSE,Dead/Abandoned,False,041,False
10,NEAR_1_INSERTION,1,78395649,3019917,AFTERWORDS,2004-04-02,710,afterwords,CANCELLED - SECTION 8,Dead/Cancelled,False,,False
10,NEAR_1_INSERTION,1,76464895,2775130,& AFTERWORDS,2002-10-31,710,afterwords,CANCELLED - SECTION 8,Dead/Cancelled,False,,False
10,NEAR_1_INSERTION,1,78094176,,AFTERWORLD,2001-11-19,606,afterworld,ABANDONED - NO STATEMENT OF USE FILED,Dead/Abandoned,False,041,False
10,NEAR_1_SUBSTITUTION,1,75874678,,AFTER WORK,1999-12-17,602,afterwork,ABANDONED-FAILURE TO RESPOND OR LATE RESPONSE,Dead/Abandoned,False,016,False
10,NEAR_1_SUBSTITUTION,1,75812785,,AFTERWORK,1999-10-01,606,afterwork,ABANDONED - NO STATEMENT OF USE FILED,Dead/Abandoned,False,009,False
10,NEAR_1_INSERTION,1,75288083,,AFTER WORDS,1997-05-07,602,afterwords,ABANDONED-FAILURE TO RESPOND OR LATE RESPONSE,Dead/Abandoned,False,,False
10,NEAR_1_INSERTION,1,74723226,,AFTERWORLD,1995-08-31,602,afterworld,ABANDONED-FAILURE TO RESPOND OR LATE RESPONSE,Dead/Abandoned,False,,False
10,NEAR_1_INSERTION,1,74670514,1959053,AFTER WORDS,1995-05-05,710,afterwords,CANCELLED - SECTION 8,Dead/Cancelled,False,,False
10,NEAR_1_SUBSTITUTION,1,74587730,,AFTER WORK,1994-10-19,601,afterwork,ABANDONED - EXPRESS,Dead/Abandoned,False,,False
10,NEAR_1_INSERTION,1,74259010,,AFTER-WORDS,1992-03-25,602,afterwords,ABANDONED-FAILURE TO RESPOND OR LATE RESPONSE,Dead/Abandoned,False,,False
10,NEAR_1_INSERTION,1,74193265,1696446,AFTERWORDS,1991-08-09,710,afterwords,CANCELLED - SECTION 8,Dead/Cancelled,False,,False
10,NEAR_1_INSERTION,1,74089578,1780866,AFTER WORDS,1990-08-20,710,afterwords,CANCELLED - SECTION 8,Dead/Cancelled,False,,False
11,EXACT,0,99663386,,MAIN LINE,2026-02-20,641,mainline,NON-FINAL ACTION - MAILED,Live/Pending,True,"035,041,042,044",True
11,EXACT,0,99125635,8040104,MAINLINE,2025-04-08,700,mainline,REGISTERED,Live/Registered,True,042,False
11,EXACT,0,98590004,,MAINLINE,2024-06-07,686,mainline,PUBLISHED FOR OPPOSITION,Live/Pending,True,"003,006,007,008,009,011,017,019,020,021,025",True
11,EXACT,0,97581349,7246288,MAINLINE,2022-09-07,700,mainline,REGISTERED,Live/Registered,True,"037,042",False
11,EXACT,0,97394224,7475830,MAINLINE,2022-05-04,700,mainline,REGISTERED,Live/Registered,True,005,True
11,EXACT,0,97279231,7300368,MAINLINE,2022-02-22,700,mainline,REGISTERED,Live/Registered,True,033,False
11,EXACT,0,88867963,6349760,MAINLINE,2020-04-10,700,mainline,REGISTERED,Live/Registered,True,011,False
11,EXACT,0,88208376,5951459,MAINLINE,2018-11-28,702,mainline,SECTION 8 & 15-ACCEPTED AND ACKNOWLEDGED,Live/Registered,True,010,True
11,EXACT,0,88086752,6075616,MAINLINE,2018-08-21,700,mainline,REGISTERED,Live/Registered,True,008,False
11,EXACT,0,86870084,5089574,MAINLINE,2016-01-08,705,mainline,PARTIAL SECTION 8 & 15 ACCEPTED AND ACKNOWLEDGED,Live/Registered,True,"006,007,011",False
11,EXACT,0,86870095,5089575,MAINLINE,2016-01-08,705,mainline,PARTIAL SECTION 8 & 15 ACCEPTED AND ACKNOWLEDGED,Live/Registered,True,"001,002,003,004,006,007,011,017,021",True
11,EXACT,0,85407982,4471290,MAINLINE,2011-08-26,800,mainline,REGISTERED AND RENEWED,Live/Registered,True,"006,011",False
11,EXACT,0,78418278,3044819,MAINLINE,2004-05-13,800,mainline,REGISTERED AND RENEWED,Live/Registered,True,011,False
11,EXACT,0,74535450,1946362,MAINLINE,1994-06-09,800,mainline,REGISTERED AND RENEWED,Live/Registered,True,042,False
11,EXACT,0,99264974,,MAINLINE,2025-07-02,602,mainline,ABANDONED-FAILURE TO RESPOND OR LATE RESPONSE,Dead/Abandoned,False,020,False
11,EXACT,0,90796044,,MAINLINE,2021-06-25,606,mainline,ABANDONED - NO STATEMENT OF USE FILED,Dead/Abandoned,False,020,False
11,EXACT,0,86675831,4938455,MAINLINE,2015-06-26,710,mainline,CANCELLED - SECTION 8,Dead/Cancelled,False,,False
11,EXACT,0,85411778,,MAINLINE,2011-08-31,606,mainline,ABANDONED - NO STATEMENT OF USE FILED,Dead/Abandoned,False,"001,007",False
11,EXACT,0,79042983,3660983,MAINLINE,2007-05-25,709,mainline,CANCELLED SECTION 71,Dead/Cancelled,False,,False
11,EXACT,0,77083288,3333705,MAINLINE,2007-01-15,710,mainline,CANCELLED - SECTION 8,Dead/Cancelled,False,,False
11,EXACT,0,78689759,,MAINLINE,2005-08-10,602,mainline,ABANDONED-FAILURE TO RESPOND OR LATE RESPONSE,Dead/Abandoned,False,009,False
11,EXACT,0,78602010,,MAINLINE,2005-04-05,606,mainline,ABANDONED - NO STATEMENT OF USE FILED,Dead/Abandoned,False,009,False
11,EXACT,0,78438787,,MAINLINE,2004-06-21,606,mainline,ABANDONED - NO STATEMENT OF USE FILED,Dead/Abandoned,False,011,False
11,EXACT,0,78425628,,MAINLINE,2004-05-26,602,mainline,ABANDONED-FAILURE TO RESPOND OR LATE RESPONSE,Dead/Abandoned,False,011,False
11,EXACT,0,78272692,2922730,MAINLINE,2003-07-10,711,mainline,CANCELLED - SECTION 7,Dead/Cancelled,False,,False
11,EXACT,0,78200078,,MAIN LINE,2003-01-04,602,mainline,ABANDONED-FAILURE TO RESPOND OR LATE RESPONSE,Dead/Abandoned,False,045,False
11,EXACT,0,78173140,,MAINLINE,2002-10-10,602,mainline,ABANDONED-FAILURE TO RESPOND OR LATE RESPONSE,Dead/Abandoned,False,042,False
11,EXACT,0,76454768,,MAINLINE,2002-09-23,602,mainline,ABANDONED-FAILURE TO RESPOND OR LATE RESPONSE,Dead/Abandoned,False,"010,035",True
11,EXACT,0,74580870,1975859,MAINLINE,1994-09-30,710,mainline,CANCELLED - SECTION 8,Dead/Cancelled,False,,False
11,EXACT,0,74192563,1701615,MAINLINE,1991-08-06,710,mainline,CANCELLED - SECTION 8,Dead/Cancelled,False,,False
11,EXACT,0,73702019,1496542,MAINLINE,1987-12-21,710,mainline,CANCELLED - SECTION 8,Dead/Cancelled,False,,False
11,EXACT,0,73190466,1158247,MAIN LINE,1978-10-23,710,mainline,CANCELLED - SECTION 8,Dead/Cancelled,False,,False
11,EXACT,0,73183817,1150934,MAIN LINE,1978-08-28,710,mainline,CANCELLED - SECTION 8,Dead/Cancelled,False,,False
11,EXACT,0,73022479,1018707,MAINLINE,1974-05-28,900,mainline,EXPIRED,Dead/Expired,False,,False
11,EXACT,0,72323964,0883362,MAINLINE,1969-04-07,900,mainline,EXPIRED,Dead/Expired,False,,False
11,EXACT,0,72294642,0868136,MAIN LINE,1968-04-01,900,mainline,EXPIRED,Dead/Expired,False,,False
11,EXACT,0,72263503,0844465,MAIN LINE,1967-01-30,900,mainline,EXPIRED,Dead/Expired,False,,False
11,EXACT,0,72263504,0844466,MAIN LINE,1967-01-30,900,mainline,EXPIRED,Dead/Expired,False,,False
11,EXACT,0,72010449,0642065,MAINLINE,1956-06-18,900,mainline,EXPIRED,Dead/Expired,False,,False
11,NEAR_1_SUBSTITUTION,1,99188775,,MAIN & VINE,2025-05-16,730,mainvine,FIRST EXTENSION - GRANTED,Live/Pending,True,"035,039,043",True
11,NEAR_1_SUBSTITUTION,1,98842947,,MAINLINK,2024-11-07,651,mainlink,SUSPENSION INQUIRY - MAILED,Live/Pending,True,"009,035,042",True
11,NEAR_1_INSERTION,1,98590016,,M MAINLINE,2024-06-07,688,mmainline,NOTICE OF ALLOWANCE - ISSUED,Live/Pending,True,"003,006,007,008,009,011,017,019,020,021,025",True
11,NEAR_1_INSERTION,1,98590022,,M MAINLINE,2024-06-07,688,mmainline,NOTICE OF ALLOWANCE - ISSUED,Live/Pending,True,"003,006,007,008,009,011,017,019,020,021,025",True
11,NEAR_1_INSERTION,1,87116650,5160191,MAINLINER,2016-07-26,702,mainliner,SECTION 8 & 15-ACCEPTED AND ACKNOWLEDGED,Live/Registered,True,017,False
11,NEAR_1_INSERTION,1,86870099,5089576,M MAINLINE,2016-01-08,702,mmainline,SECTION 8 & 15-ACCEPTED AND ACKNOWLEDGED,Live/Registered,True,"001,002,003,006,011,017",True
11,NEAR_1_INSERTION,1,86982213,5215139,M MAINLINE,2016-01-08,702,mmainline,SECTION 8 & 15-ACCEPTED AND ACKNOWLEDGED,Live/Registered,True,"004,021",True
11,NEAR_1_SUBSTITUTION,1,86653770,5069594,MAIN & VINE,2015-06-05,701,mainvine,SECTION 8-ACCEPTED,Live/Registered,True,033,False
11,NEAR_1_SUBSTITUTION,1,86396528,6205907,MAINLINK,2014-09-16,700,mainlink,REGISTERED,Live/Registered,True,009,False
11,NEAR_1_SUBSTITUTION,1,75776901,2742441,GAINLINE,1999-08-16,800,gainline,REGISTERED AND RENEWED,Live/Registered,True,041,False
11,NEAR_1_DELETION,1,74554779,1993986,MANLINE,1994-07-26,800,manline,REGISTERED AND RENEWED,Live/Registered,True,038,False
11,NEAR_1_INSERTION,1,72097877,0710545,MAINLINER,1960-05-25,800,mainliner,REGISTERED AND RENEWED,Live/Registered,True,007,False
11,NEAR_1_INSERTION,1,97240118,,M MAINLINE,2022-01-26,602,mmainline,ABANDONED-FAILURE TO RESPOND OR LATE RESPONSE,Dead/Abandoned,False,020,False
11,NEAR_1_SUBSTITUTION,1,97211572,,MAIN & VINE,2022-01-10,606,mainvine,ABANDONED - NO STATEMENT OF USE FILED,Dead/Abandoned,False,"035,039,043",True
11,NEAR_1_INSERTION,1,90546657,,MAINLINER,2021-02-25,606,mainliner,ABANDONED - NO STATEMENT OF USE FILED,Dead/Abandoned,False,"009,041",False
11,NEAR_1_SUBSTITUTION,1,79264967,5934755,MA ONLINE,2019-04-17,709,maonline,CANCELLED SECTION 71,Dead/Cancelled,False,,False
11,NEAR_1_SUBSTITUTION,1,88318937,,MAIN & VINE,2019-02-27,606,mainvine,ABANDONED - NO STATEMENT OF USE FILED,Dead/Abandoned,False,"035,039,043",True
11,NEAR_1_INSERTION,1,87266638,,M MAINLINE,2016-12-13,606,mmainline,ABANDONED - NO STATEMENT OF USE FILED,Dead/Abandoned,False,"007,011",False
11,NEAR_1_INSERTION,1,86870114,,M MAINLINE,2016-01-08,606,mmainline,ABANDONED - NO STATEMENT OF USE FILED,Dead/Abandoned,False,007,False
11,NEAR_1_SUBSTITUTION,1,86688127,,MAIN & VINE,2015-07-09,606,mainvine,ABANDONED - NO STATEMENT OF USE FILED,Dead/Abandoned,False,"035,039,043",True
11,NEAR_1_SUBSTITUTION,1,79163616,4843468,M4 INLINE,2014-11-13,404,m4inline,IR CANCELLED; US REGISTRATION CANCELLED,Dead/Cancelled,False,,False
11,NEAR_1_SUBSTITUTION,1,86130046,,RAINLINE,2013-11-26,602,rainline,ABANDONED-FAILURE TO RESPOND OR LATE RESPONSE,Dead/Abandoned,False,006,False
11,NEAR_1_DELETION,1,76654043,,MANLINE,2006-01-24,604,manline,ABANDONED - AFTER INTER-PARTES DECISION,Dead/Abandoned,False,,False
11,NEAR_1_DELETION,1,76654046,,MANLINE,2006-01-24,604,manline,ABANDONED - AFTER INTER-PARTES DECISION,Dead/Abandoned,False,,False
11,NEAR_1_SUBSTITUTION,1,78770910,,MAINPINE,2005-12-11,602,mainpine,ABANDONED-FAILURE TO RESPOND OR LATE RESPONSE,Dead/Abandoned,False,009,False
11,NEAR_1_SUBSTITUTION,1,76254809,,MAINLINK,2001-05-01,602,mainlink,ABANDONED-FAILURE TO RESPOND OR LATE RESPONSE,Dead/Abandoned,False,038,False
11,NEAR_1_SUBSTITUTION,1,75728844,,M&A ONLINE,1999-06-09,602,maonline,ABANDONED-FAILURE TO RESPOND OR LATE RESPONSE,Dead/Abandoned,False,035,True
11,NEAR_1_SUBSTITUTION,1,75587063,2388552,MAINLINK,1998-11-12,710,mainlink,CANCELLED - SECTION 8,Dead/Cancelled,False,,False
11,NEAR_1_SUBSTITUTION,1,75575886,2334923,RAINLINE,1998-10-23,710,rainline,CANCELLED - SECTION 8,Dead/Cancelled,False,,False
11,NEAR_1_INSERTION,1,75256607,,MAINLINER,1997-03-13,602,mainliner,ABANDONED-FAILURE TO RESPOND OR LATE RESPONSE,Dead/Abandoned,False,,False
11,NEAR_1_SUBSTITUTION,1,75120845,2219290,MAIL LINE,1996-06-18,710,mailline,CANCELLED - SECTION 8,Dead/Cancelled,False,,False
11,NEAR_1_INSERTION,1,74525059,1896237,MAINLINER,1994-05-16,710,mainliner,CANCELLED - SECTION 8,Dead/Cancelled,False,,False
11,NEAR_1_DELETION,1,74342573,,MANLINE,1992-12-21,606,manline,ABANDONED - NO STATEMENT OF USE FILED,Dead/Abandoned,False,,False
11,NEAR_1_SUBSTITUTION,1,73791776,1573761,MAIN-LINK,1989-04-07,710,mainlink,CANCELLED - SECTION 8,Dead/Cancelled,False,,False
11,NEAR_1_SUBSTITUTION,1,73617603,,MAINLINK,1986-09-02,602,mainlink,ABANDONED-FAILURE TO RESPOND OR LATE RESPONSE,Dead/Abandoned,False,,False
11,NEAR_1_SUBSTITUTION,1,73472582,1316765,MAIL-LINE,1984-03-28,710,mailline,CANCELLED - SECTION 8,Dead/Cancelled,False,,False
11,NEAR_1_INSERTION,1,72263505,0844467,MAINLINER,1967-01-30,900,mainliner,EXPIRED,Dead/Expired,False,,False
11,NEAR_1_INSERTION,1,72211608,0799074,MAINLINER,1965-02-08,900,mainliner,EXPIRED,Dead/Expired,False,,False
11,NEAR_1_INSERTION,1,72168137,0761846,MAINLINER,1963-05-06,900,mainliner,EXPIRED,Dead/Expired,False,,False
11,NEAR_1_INSERTION,1,72042127,0664004,MAINE LINE,1957-12-10,900,maineline,EXPIRED,Dead/Expired,False,,False
11,NEAR_1_INSERTION,1,71641208,0579837,MAINLINER,1953-01-23,900,mainliner,EXPIRED,Dead/Expired,False,,False
11,NEAR_1_INSERTION,1,71533953,0563943,MAINLINER,1947-09-09,900,mainliner,EXPIRED,Dead/Expired,False,,False
12,EXACT,0,99448389,,LONGRUN,2025-10-17,686,longrun,PUBLISHED FOR OPPOSITION,Live/Pending,True,009,False
12,EXACT,0,99448394,,LONGRUN,2025-10-17,686,longrun,PUBLISHED FOR OPPOSITION,Live/Pending,True,042,False
12,EXACT,0,99256048,,LONG RUN,2025-06-27,688,longrun,NOTICE OF ALLOWANCE - ISSUED,Live/Pending,True,032,False
12,EXACT,0,79424862,,LONGRUN,2025-04-06,661,longrun,RESPONSE AFTER NON-FINAL ACTION - ENTERED,Live/Pending,True,009,False
12,EXACT,0,90776244,6773499,LONGRUN,2021-06-16,700,longrun,REGISTERED,Live/Registered,True,009,False
12,EXACT,0,90166895,6497042,LONGRUN,2020-09-09,700,longrun,REGISTERED,Live/Registered,True,007,False
12,EXACT,0,88680642,7115631,LONGRUN,2019-11-05,700,longrun,REGISTERED,Live/Registered,True,025,False
12,EXACT,0,78794787,3253195,LONGRUN,2006-01-19,800,longrun,REGISTERED AND RENEWED,Live/Registered,True,030,False
12,EXACT,0,74497845,1915630,LONGRUN,1994-03-07,800,longrun,REGISTERED AND RENEWED,Live/Registered,True,042,False
12,EXACT,0,90899949,,LONGRUN,2021-08-24,606,longrun,ABANDONED - NO STATEMENT OF USE FILED,Dead/Abandoned,False,"035,044",True
12,EXACT,0,90004757,,LONGRUN,2020-06-16,606,longrun,ABANDONED - NO STATEMENT OF USE FILED,Dead/Abandoned,False,"009,036",False
12,EXACT,0,87184485,,LONGRUN,2016-09-27,606,longrun,ABANDONED - NO STATEMENT OF USE FILED,Dead/Abandoned,False,005,True
12,EXACT,0,85957688,,LONGRUN,2013-06-12,606,longrun,ABANDONED - NO STATEMENT OF USE FILED,Dead/Abandoned,False,005,True
12,EXACT,0,85486691,4278287,LONGRUN,2011-12-04,710,longrun,CANCELLED - SECTION 8,Dead/Cancelled,False,,False
12,EXACT,0,77907070,,LONGRUN,2010-01-07,606,longrun,ABANDONED - NO STATEMENT OF USE FILED,Dead/Abandoned,False,005,True
12,EXACT,0,78794818,3253196,LONGRUN,2006-01-19,710,longrun,CANCELLED - SECTION 8,Dead/Cancelled,False,,False
12,EXACT,0,78451975,,LONG RUN,2004-07-16,606,longrun,ABANDONED - NO STATEMENT OF USE FILED,Dead/Abandoned,False,012,False
12,EXACT,0,78110786,,LONGRUN,2002-02-25,601,longrun,ABANDONED - EXPRESS,Dead/Abandoned,False,005,True
12,EXACT,0,78110306,,LONGRUN,2002-02-21,602,longrun,ABANDONED-FAILURE TO RESPOND OR LATE RESPONSE,Dead/Abandoned,False,005,True
12,EXACT,0,76364160,2631639,LONG RUN,2002-01-30,710,longrun,CANCELLED - SECTION 8,Dead/Cancelled,False,,False
12,EXACT,0,76269947,2664438,LONGRUN,2001-06-11,710,longrun,CANCELLED - SECTION 8,Dead/Cancelled,False,,False
12,EXACT,0,75846512,2830275,LONGRUN,1999-11-12,710,longrun,CANCELLED - SECTION 8,Dead/Cancelled,False,,False
12,EXACT,0,75846656,2505361,LONGRUN,1999-11-12,710,longrun,CANCELLED - SECTION 8,Dead/Cancelled,False,,False
12,EXACT,0,75847210,2854077,LONGRUN,1999-11-12,710,longrun,CANCELLED - SECTION 8,Dead/Cancelled,False,,False
12,EXACT,0,73795583,1578660,LONG RUN,1989-04-24,710,longrun,CANCELLED - SECTION 8,Dead/Cancelled,False,,False
12,EXACT,0,73726244,1546080,LONG RUN,1988-04-19,710,longrun,CANCELLED - SECTION 8,Dead/Cancelled,False,,False
12,EXACT,0,73420637,1284757,LONG RUN,1983-04-08,710,longrun,CANCELLED - SECTION 8,Dead/Cancelled,False,,False
12,EXACT,0,73420821,1284758,LONG RUN,1983-04-08,710,longrun,CANCELLED - SECTION 8,Dead/Cancelled,False,,False
12,NEAR_1_SUBSTITUTION,1,99424610,,HONGRUN,2025-10-09,688,hongrun,NOTICE OF ALLOWANCE - ISSUED,Live/Pending,True,007,False
12,NEAR_1_SUBSTITUTION,1,99087302,7852006,LONGRUF,2025-03-17,700,longruf,REGISTERED,Live/Registered,True,009,False
12,NEAR_1_SUBSTITUTION,1,99042109,7984953,LONGRUI,2025-02-14,700,longrui,REGISTERED,Live/Registered,True,021,True
12,NEAR_1_SUBSTITUTION,1,98525230,,LONGSUN,2024-04-29,732,longsun,THIRD EXTENSION - GRANTED,Live/Pending,True,017,False
12,NEAR_1_SUBSTITUTION,1,98128465,7467325,DONG RUN,2023-08-11,700,dongrun,REGISTERED,Live/Registered,True,028,False
12,NEAR_1_SUBSTITUTION,1,97924655,7399439,DONGRUN,2023-05-08,700,dongrun,REGISTERED,Live/Registered,True,026,False
12,NEAR_1_SUBSTITUTION,1,79367577,7312630,RONGRUN,2022-11-03,700,rongrun,REGISTERED,Live/Registered,True,"001,030",False
12,NEAR_1_SUBSTITUTION,1,90865548,6782133,LONGCUN,2021-08-04,700,longcun,REGISTERED,Live/Registered,True,027,False
12,NEAR_1_DELETION,1,90789319,6780806,LONGRN,2021-06-22,700,longrn,REGISTERED,Live/Registered,True,014,False
12,NEAR_1_SUBSTITUTION,1,90735018,6751451,LONGRUI,2021-05-26,700,longrui,REGISTERED,Live/Registered,True,026,False
12,NEAR_1_SUBSTITUTION,1,90676216,6705570,LONGSUN,2021-04-28,700,longsun,REGISTERED,Live/Registered,True,012,False
12,NEAR_1_SUBSTITUTION,1,90454675,6553653,LONGKUN,2021-01-08,700,longkun,REGISTERED,Live/Registered,True,025,False
12,NEAR_1_SUBSTITUTION,1,90042872,6261833,LONGFUN,2020-07-08,700,longfun,REGISTERED,Live/Registered,True,028,False
12,NEAR_1_SUBSTITUTION,1,88947396,6233108,DONGRUN,2020-06-04,700,dongrun,REGISTERED,Live/Registered,True,018,False
12,NEAR_1_SUBSTITUTION,1,88504966,5972117,LANGRUN,2019-07-09,700,langrun,REGISTERED,Live/Registered,True,021,True
12,NEAR_1_SUBSTITUTION,1,97215280,,LONGYUN,2022-01-12,610,longyun,TERMINATED AFTER SANCTIONS,Dead,False,,False
12,NEAR_1_SUBSTITUTION,1,90384748,,LANGRUN,2020-12-15,602,langrun,ABANDONED-FAILURE TO RESPOND OR LATE RESPONSE,Dead/Abandoned,False,021,True
12,NEAR_1_DELETION,1,88389020,,LONGRN,2019-04-17,602,longrn,ABANDONED-FAILURE TO RESPOND OR LATE RESPONSE,Dead/Abandoned,False,014,False
12,NEAR_1_INSERTION,1,88227626,,LONGARUN,2018-12-13,602,longarun,ABANDONED-FAILURE TO RESPOND OR LATE RESPONSE,Dead/Abandoned,False,009,False
12,NEAR_1_SUBSTITUTION,1,87758037,5554142,LONGRUF,2018-01-17,710,longruf,CANCELLED - SECTION 8,Dead/Cancelled,False,,False
12,NEAR_1_SUBSTITUTION,1,85743514,4353227,LUNG RUN,2012-10-02,710,lungrun,CANCELLED - SECTION 8,Dead/Cancelled,False,,False
12,NEAR_1_SUBSTITUTION,1,85723434,,LONGSUN,2012-09-07,606,longsun,ABANDONED - NO STATEMENT OF USE FILED,Dead/Abandoned,False,004,False
12,NEAR_1_SUBSTITUTION,1,79068377,3737219,LONGSUN,2009-04-07,404,longsun,IR CANCELLED; US REGISTRATION CANCELLED,Dead/Cancelled,False,,False
12,NEAR_1_DELETION,1,77418240,3716094,LOG RUN,2008-03-10,710,logrun,CANCELLED - SECTION 8,Dead/Cancelled,False,,False
12,NEAR_1_INSERTION,1,77377842,,LONGRUN2,2008-01-22,602,longrun2,ABANDONED-FAILURE TO RESPOND OR LATE RESPONSE,Dead/Abandoned,False,"009,016,042",False
12,NEAR_1_SUBSTITUTION,1,74670269,2034417,LONG SUN,1995-05-05,710,longsun,CANCELLED - SECTION 8,Dead/Cancelled,False,,False
12,NEAR_1_SUBSTITUTION,1,74151928,1819354,LONG SUN,1991-03-27,710,longsun,CANCELLED - SECTION 8,Dead/Cancelled,False,,False
13,EXACT,0,73743037,1530573,STAYER,1988-07-29,710,stayer,CANCELLED - SECTION 8,Dead/Cancelled,False,,False
13,NEAR_1_SUBSTITUTION,1,99016027,8037955,SLAYER,2025-01-23,700,slayer,REGISTERED,Live/Registered,True,005,True
13,NEAR_1_SUBSTITUTION,1,98812697,,SLAYER,2024-10-21,774,slayer,OPPOSITION PENDING,Live/Pending,True,"025,028",False
13,NEAR_1_DELETION,1,98490604,,STAYE,2024-04-09,654,staye,REPORT COMPLETED SUSPENSION CHECK - CASE STILL SUSPENDED,Live/Pending,True,005,True
13,NEAR_1_SUBSTITUTION,1,97700598,7509098,SLAYER,2022-12-01,700,slayer,REGISTERED,Live/Registered,True,011,False
13,NEAR_1_SUBSTITUTION,1,90794541,6786384,STAKER,2021-06-25,700,staker,REGISTERED,Live/Registered,True,028,False
13,NEAR_1_SUBSTITUTION,1,90460572,6697027,STAXER,2021-01-12,700,staxer,REGISTERED,Live/Registered,True,038,False
13,NEAR_1_DELETION,1,88798127,6610558,STAYE,2020-02-14,700,staye,REGISTERED,Live/Registered,True,036,False
13,NEAR_1_SUBSTITUTION,1,88690504,6430923,SLAYER,2019-11-13,700,slayer,REGISTERED,Live/Registered,True,"007,011",False
13,NEAR_1_SUBSTITUTION,1,88690509,6430924,SLAYER,2019-11-13,700,slayer,REGISTERED,Live/Registered,True,"007,011",False
13,NEAR_1_SUBSTITUTION,1,88276800,5827683,SLAYER,2019-01-25,702,slayer,SECTION 8 & 15-ACCEPTED AND ACKNOWLEDGED,Live/Registered,True,028,False
13,NEAR_1_SUBSTITUTION,1,87743759,5537394,STAUER,2018-01-04,702,stauer,SECTION 8 & 15-ACCEPTED AND ACKNOWLEDGED,Live/Registered,True,009,False
13,NEAR_1_SUBSTITUTION,1,87104253,5159665,SLAYER,2016-07-14,702,slayer,SECTION 8 & 15-ACCEPTED AND ACKNOWLEDGED,Live/Registered,True,"009,014,016,025,041",False
13,NEAR_1_SUBSTITUTION,1,86905230,5098972,STANER,2016-02-11,702,staner,SECTION 8 & 15-ACCEPTED AND ACKNOWLEDGED,Live/Registered,True,009,False
13,NEAR_1_SUBSTITUTION,1,86200240,4609497,STAUER,2014-02-21,800,stauer,REGISTERED AND RENEWED,Live/Registered,True,035,True
13,NEAR_1_SUBSTITUTION,1,86200243,4627853,STAUER,2014-02-21,800,stauer,REGISTERED AND RENEWED,Live/Registered,True,016,False
13,NEAR_1_INSERTION,1,85826023,4450263,STRAYER,2013-01-17,800,strayer,REGISTERED AND RENEWED,Live/Registered,True,041,False
13,NEAR_1_SUBSTITUTION,1,85779637,4364465,STAUER,2012-11-14,800,stauer,REGISTERED AND RENEWED,Live/Registered,True,014,False
13,NEAR_1_SUBSTITUTION,1,85779642,4364466,STAUER,2012-11-14,800,stauer,REGISTERED AND RENEWED,Live/Registered,True,035,True
13,NEAR_1_SUBSTITUTION,1,85779655,4364468,STAUER,2012-11-14,800,stauer,REGISTERED AND RENEWED,Live/Registered,True,014,False
13,NEAR_1_SUBSTITUTION,1,85518790,4240866,STAUER,2012-01-18,800,stauer,REGISTERED AND RENEWED,Live/Registered,True,025,False
13,NEAR_1_SUBSTITUTION,1,85444643,4203662,SLAYER,2011-10-11,800,slayer,REGISTERED AND RENEWED,Live/Registered,True,007,False
13,NEAR_1_SUBSTITUTION,1,85222660,4259947,SLAYER,2011-01-20,800,slayer,REGISTERED AND RENEWED,Live/Registered,True,011,False
13,NEAR_1_SUBSTITUTION,1,85020166,3889697,SLAYER,2010-04-22,800,slayer,REGISTERED AND RENEWED,Live/Registered,True,041,False
13,NEAR_1_SUBSTITUTION,1,77512817,3682093,SLAYER,2008-07-01,800,slayer,REGISTERED AND RENEWED,Live/Registered,True,009,False
13,NEAR_1_SUBSTITUTION,1,77465367,3850541,STAUER,2008-05-05,800,stauer,REGISTERED AND RENEWED,Live/Registered,True,035,True
13,NEAR_1_SUBSTITUTION,1,77465372,3850542,STAUER,2008-05-05,800,stauer,REGISTERED AND RENEWED,Live/Registered,True,021,True
13,NEAR_1_SUBSTITUTION,1,77465374,3850543,STAUER,2008-05-05,800,stauer,REGISTERED AND RENEWED,Live/Registered,True,"014,016",False
13,NEAR_1_SUBSTITUTION,1,77465375,3854243,STAUER,2008-05-05,800,stauer,REGISTERED AND RENEWED,Live/Registered,True,015,False
13,NEAR_1_SUBSTITUTION,1,77465384,3931410,STAUER,2008-05-05,800,stauer,REGISTERED AND RENEWED,Live/Registered,True,009,False
13,NEAR_1_SUBSTITUTION,1,78665781,3706981,STAUER,2005-07-07,800,stauer,REGISTERED AND RENEWED,Live/Registered,True,025,False
13,NEAR_1_SUBSTITUTION,1,78665782,3320232,STAUER,2005-07-07,800,stauer,REGISTERED AND RENEWED,Live/Registered,True,018,False
13,NEAR_1_SUBSTITUTION,1,78665785,3363278,STAUER,2005-07-07,800,stauer,REGISTERED AND RENEWED,Live/Registered,True,014,False
13,NEAR_1_SUBSTITUTION,1,78377258,3112690,STAUER,2004-03-02,800,stauer,REGISTERED AND RENEWED,Live/Registered,True,014,False
13,NEAR_1_INSERTION,1,76298491,2617822,STRAYER,2001-08-13,800,strayer,REGISTERED AND RENEWED,Live/Registered,True,041,False
13,NEAR_1_SUBSTITUTION,1,76152777,2735220,SLAYER,2000-10-24,800,slayer,REGISTERED AND RENEWED,Live/Registered,True,012,False
13,NEAR_1_SUBSTITUTION,1,74725567,1996958,SLAYER,1995-09-05,800,slayer,REGISTERED AND RENEWED,Live/Registered,True,041,False
13,NEAR_1_SUBSTITUTION,1,74569404,1916593,SLAYER,1994-09-02,800,slayer,REGISTERED AND RENEWED,Live/Registered,True,025,False
13,NEAR_1_SUBSTITUTION,1,74569405,2024838,SLAYER,1994-09-02,800,slayer,REGISTERED AND RENEWED,Live/Registered,True,016,False
13,NEAR_1_SUBSTITUTION,1,74569521,1917850,SLAYER,1994-09-02,800,slayer,REGISTERED AND RENEWED,Live/Registered,True,014,False
13,NEAR_1_SUBSTITUTION,1,72260226,0835242,STACER,1966-12-07,800,stacer,REGISTERED AND RENEWED,Live/Registered,True,006,False
13,NEAR_1_SUBSTITUTION,1,97699168,,SLAYER,2022-12-01,602,slayer,ABANDONED-FAILURE TO RESPOND OR LATE RESPONSE,Dead/Abandoned,False,"009,035,036,042",True
13,NEAR_1_SUBSTITUTION,1,88807713,,STAKER,2020-02-24,602,staker,ABANDONED-FAILURE TO RESPOND OR LATE RESPONSE,Dead/Abandoned,False,"036,042",False
13,NEAR_1_SUBSTITUTION,1,88681797,,SLAYER,2019-11-06,606,slayer,ABANDONED - NO STATEMENT OF USE FILED,Dead/Abandoned,False,007,False
13,NEAR_1_DELETION,1,79240068,5876267,SAYER,2018-03-02,709,sayer,CANCELLED SECTION 71,Dead/Cancelled,False,,False
13,NEAR_1_SUBSTITUTION,1,87756847,,STAGER,2018-01-16,603,stager,ABANDONED - AFTER EX PARTE APPEAL,Dead/Abandoned,False,009,False
13,NEAR_1_SUBSTITUTION,1,87394666,,SLAYER,2017-03-31,601,slayer,ABANDONED - EXPRESS,Dead/Abandoned,False,035,True
13,NEAR_1_INSERTION,1,87339816,5399829,ST-LAYER,2017-02-17,710,stlayer,CANCELLED - SECTION 8,Dead/Cancelled,False,,False
13,NEAR_1_SUBSTITUTION,1,87335541,,SLAYER,2017-02-14,606,slayer,ABANDONED - NO STATEMENT OF USE FILED,Dead/Abandoned,False,002,False
13,NEAR_1_SUBSTITUTION,1,87324820,,SLAYER,2017-02-05,601,slayer,ABANDONED - EXPRESS,Dead/Abandoned,False,009,False
13,NEAR_1_SUBSTITUTION,1,86350108,,SLAYER,2014-07-28,602,slayer,ABANDONED-FAILURE TO RESPOND OR LATE RESPONSE,Dead/Abandoned,False,028,False
13,NEAR_1_SUBSTITUTION,1,86205285,4851918,SLAYER,2014-02-26,710,slayer,CANCELLED - SECTION 8,Dead/Cancelled,False,,False
13,NEAR_1_DELETION,1,86124749,,SAYER,2013-11-20,606,sayer,ABANDONED - NO STATEMENT OF USE FILED,Dead/Abandoned,False,041,False
13,NEAR_1_DELETION,1,86975516,4725464,SAYER,2013-11-20,710,sayer,CANCELLED - SECTION 8,Dead/Cancelled,False,,False
13,NEAR_1_SUBSTITUTION,1,85778560,4361422,STAZER,2012-11-13,710,stazer,CANCELLED - SECTION 8,Dead/Cancelled,False,,False
13,NEAR_1_SUBSTITUTION,1,85588186,4362220,SLAYER,2012-04-03,710,slayer,CANCELLED - SECTION 8,Dead/Cancelled,False,,False
13,NEAR_1_SUBSTITUTION,1,79093302,,STAZER,2010-07-19,402,stazer,IR CANCELLED; US APPLICATION ABANDONED,Dead/Abandoned,False,,False
13,NEAR_1_SUBSTITUTION,1,77475903,3637831,SLAYER,2008-05-15,710,slayer,CANCELLED - SECTION 8,Dead/Cancelled,False,,False
13,NEAR_1_SUBSTITUTION,1,77465366,,STAUER,2008-05-05,606,stauer,ABANDONED - NO STATEMENT OF USE FILED,Dead/Abandoned,False,036,False
13,NEAR_1_SUBSTITUTION,1,77465369,,STAUER,2008-05-05,606,stauer,ABANDONED - NO STATEMENT OF USE FILED,Dead/Abandoned,False,028,False
13,NEAR_1_SUBSTITUTION,1,77465370,,STAUER,2008-05-05,606,stauer,ABANDONED - NO STATEMENT OF USE FILED,Dead/Abandoned,False,025,False
13,NEAR_1_SUBSTITUTION,1,77465371,,STAUER,2008-05-05,606,stauer,ABANDONED - NO STATEMENT OF USE FILED,Dead/Abandoned,False,024,False
13,NEAR_1_SUBSTITUTION,1,77465377,,STAUER,2008-05-05,606,stauer,ABANDONED - NO STATEMENT OF USE FILED,Dead/Abandoned,False,011,False
13,NEAR_1_SUBSTITUTION,1,77465380,3854244,STAUER,2008-05-05,710,stauer,CANCELLED - SECTION 8,Dead/Cancelled,False,,False
13,NEAR_1_SUBSTITUTION,1,77465801,,STAUER,2008-05-05,606,stauer,ABANDONED - NO STATEMENT OF USE FILED,Dead/Abandoned,False,016,False
13,NEAR_1_SUBSTITUTION,1,77462629,,STAZER,2008-05-01,602,stazer,ABANDONED-FAILURE TO RESPOND OR LATE RESPONSE,Dead/Abandoned,False,016,False
13,NEAR_1_SUBSTITUTION,1,77415304,3801577,SLAYER,2008-03-06,710,slayer,CANCELLED - SECTION 8,Dead/Cancelled,False,,False
13,NEAR_1_SUBSTITUTION,1,76676556,,SLAYER,2007-05-08,602,slayer,ABANDONED-FAILURE TO RESPOND OR LATE RESPONSE,Dead/Abandoned,False,001,False
13,NEAR_1_DELETION,1,79029588,3359970,STAER,2006-03-24,709,staer,CANCELLED SECTION 71,Dead/Cancelled,False,,False
13,NEAR_1_SUBSTITUTION,1,78665767,3320229,STAUER,2005-07-07,710,stauer,CANCELLED - SECTION 8,Dead/Cancelled,False,,False
13,NEAR_1_SUBSTITUTION,1,78665776,3320230,STAUER,2005-07-07,710,stauer,CANCELLED - SECTION 8,Dead/Cancelled,False,,False
13,NEAR_1_SUBSTITUTION,1,78665786,,STAUER,2005-07-07,606,stauer,ABANDONED - NO STATEMENT OF USE FILED,Dead/Abandoned,False,009,False
13,NEAR_1_SUBSTITUTION,1,78617852,3218792,SLAYER,2005-04-27,710,slayer,CANCELLED - SECTION 8,Dead/Cancelled,False,,False
13,NEAR_1_SUBSTITUTION,1,78613266,,SLAYER,2005-04-20,606,slayer,ABANDONED - NO STATEMENT OF USE FILED,Dead/Abandoned,False,009,False
13,NEAR_1_SUBSTITUTION,1,76569699,,STAUER,2004-01-12,602,stauer,ABANDONED-FAILURE TO RESPOND OR LATE RESPONSE,Dead/Abandoned,False,019,False
13,NEAR_1_SUBSTITUTION,1,76200004,,STATER,2001-01-24,606,stater,ABANDONED - NO STATEMENT OF USE FILED,Dead/Abandoned,False,"035,036,042",True
13,NEAR_1_SUBSTITUTION,1,75938612,2745621,STATER,2000-03-08,710,stater,CANCELLED - SECTION 8,Dead/Cancelled,False,,False
13,NEAR_1_SUBSTITUTION,1,74569516,1919810,SLAYER,1994-09-02,710,slayer,CANCELLED - SECTION 8,Dead/Cancelled,False,,False
13,NEAR_1_SUBSTITUTION,1,74535569,1940263,SLAYER,1994-06-09,710,slayer,CANCELLED - SECTION 8,Dead/Cancelled,False,,False
13,NEAR_1_SUBSTITUTION,1,74346312,1870512,SLAYER,1993-01-07,713,slayer,CANCELLED - SECTION 18,Dead/Cancelled,False,,False
13,NEAR_1_SUBSTITUTION,1,73572771,,SLAYER,1985-12-10,602,slayer,ABANDONED-FAILURE TO RESPOND OR LATE RESPONSE,Dead/Abandoned,False,,False
13,NEAR_1_INSERTION,1,72316842,0893560,STAYNER,1969-01-16,900,stayner,EXPIRED,Dead/Expired,False,,False
13,NEAR_1_INSERTION,1,71512463,0505676,STAYNER,1946-11-12,900,stayner,EXPIRED,Dead/Expired,False,,False
13,NEAR_1_INSERTION,1,81026046,1026046,STAYNER,,710,stayner,CANCELLED - SECTION 8,Dead/Cancelled,False,,False
15,EXACT,0,86264463,4649188,DAYLIGHTED,2014-04-28,710,daylighted,CANCELLED - SECTION 8,Dead/Cancelled,False,,False
15,NEAR_1_SUBSTITUTION,1,98264585,7502297,DAYLIGHTER,2023-11-10,700,daylighter,REGISTERED,Live/Registered,True,007,False
15,NEAR_1_SUBSTITUTION,1,88787589,6873169,DAYLIGHTER,2020-02-06,700,daylighter,REGISTERED,Live/Registered,True,007,False
15,NEAR_1_SUBSTITUTION,1,73420136,1295962,DAYLIGHTER,1983-04-04,800,daylighter,REGISTERED AND RENEWED,Live/Registered,True,011,False
15,NEAR_1_SUBSTITUTION,1,86497330,4794554,DAYLIGHTER,2015-01-07,710,daylighter,CANCELLED - SECTION 8,Dead/Cancelled,False,,False
15,NEAR_1_SUBSTITUTION,1,73719843,1546268,DAYLIGHTER,1988-03-31,710,daylighter,CANCELLED - SECTION 8,Dead/Cancelled,False,,False
15,NEAR_1_SUBSTITUTION,1,73615817,,DAYLIGHTER,1986-08-21,602,daylighter,ABANDONED-FAILURE TO RESPOND OR LATE RESPONSE,Dead/Abandoned,False,,False
15,NEAR_1_SUBSTITUTION,1,73360289,1254193,DAYLIGHTER,1982-04-19,710,daylighter,CANCELLED - SECTION 8,Dead/Cancelled,False,,False
16,NEAR_1_SUBSTITUTION,1,79427391,,WINDOW.ID,2025-06-03,641,windowid,NON-FINAL ACTION - MAILED,Live/Pending,True,009,False
16,NEAR_1_INSERTION,1,72440400,0971683,WINDO-WELD,1972-11-06,800,windoweld,REGISTERED AND RENEWED,Live/Registered,True,001,False
16,NEAR_1_INSERTION,1,74717436,2025129,WINDO-WELD,1995-08-18,710,windoweld,CANCELLED - SECTION 8,Dead/Cancelled,False,,False
16,NEAR_1_SUBSTITUTION,1,74513183,,WINDOWAD,1994-04-18,606,windowad,ABANDONED - NO STATEMENT OF USE FILED,Dead/Abandoned,False,,False
16,NEAR_1_INSERTION,1,74212336,1791619,WINDOWELD,1991-10-15,710,windoweld,CANCELLED - SECTION 8,Dead/Cancelled,False,,False
20,EXACT,0,98882238,,SITTER,2024-12-03,602,sitter,ABANDONED-FAILURE TO RESPOND OR LATE RESPONSE,Dead/Abandoned,False,009,False
20,EXACT,0,87365698,5234241,SITTER,2017-03-09,710,sitter,CANCELLED - SECTION 8,Dead/Cancelled,False,,False
20,EXACT,0,86634599,,SITTER,2015-05-19,602,sitter,ABANDONED-FAILURE TO RESPOND OR LATE RESPONSE,Dead/Abandoned,False,009,False
20,NEAR_1_SUBSTITUTION,1,99906664,,RITTER,2026-06-25,630,ritter,NEW APPLICATION - RECORD INITIALIZED NOT ASSIGNED TO EXAMINER,Live/Pending,True,"007,011,021",True
20,NEAR_1_SUBSTITUTION,1,99880599,,SISTER,2026-06-11,630,sister,NEW APPLICATION - RECORD INITIALIZED NOT ASSIGNED TO EXAMINER,Live/Pending,True,"003,009",True
20,NEAR_1_SUBSTITUTION,1,99862009,,RITTER,2026-06-03,630,ritter,NEW APPLICATION - RECORD INITIALIZED NOT ASSIGNED TO EXAMINER,Live/Pending,True,015,False
20,NEAR_1_SUBSTITUTION,1,99805421,,RITTER,2026-05-05,630,ritter,NEW APPLICATION - RECORD INITIALIZED NOT ASSIGNED TO EXAMINER,Live/Pending,True,013,False
20,NEAR_1_SUBSTITUTION,1,99805462,,RITTER,2026-05-05,630,ritter,NEW APPLICATION - RECORD INITIALIZED NOT ASSIGNED TO EXAMINER,Live/Pending,True,"009,018,028",False
20,NEAR_1_SUBSTITUTION,1,99375429,,SIPTER,2025-09-04,654,sipter,REPORT COMPLETED SUSPENSION CHECK - CASE STILL SUSPENDED,Live/Pending,True,021,True
20,NEAR_1_SUBSTITUTION,1,79402517,7813539,BITTER,2024-02-29,700,bitter,REGISTERED,Live/Registered,True,005,True
20,NEAR_1_SUBSTITUTION,1,98374365,,XITTER,2024-01-24,732,xitter,THIRD EXTENSION - GRANTED,Live/Pending,True,042,False
20,NEAR_1_SUBSTITUTION,1,79386084,7764340,BITTER,2023-11-29,700,bitter,REGISTERED,Live/Registered,True,005,True
20,NEAR_1_SUBSTITUTION,1,98258786,,SETTER,2023-11-07,732,setter,THIRD EXTENSION - GRANTED,Live/Pending,True,005,True
20,NEAR_1_SUBSTITUTION,1,97805864,7332001,SIFTER,2023-02-22,700,sifter,REGISTERED,Live/Registered,True,044,True
20,NEAR_1_SUBSTITUTION,1,79359929,7251381,JITTER,2022-11-25,700,jitter,REGISTERED,Live/Registered,True,"009,042",False
20,NEAR_1_SUBSTITUTION,1,97469571,7199450,SITEER,2022-06-22,700,siteer,REGISTERED,Live/Registered,True,003,True
20,NEAR_1_SUBSTITUTION,1,97221332,,SITHER,2022-01-15,630,sither,NEW APPLICATION - RECORD INITIALIZED NOT ASSIGNED TO EXAMINER,Live/Pending,True,014,False
20,NEAR_1_SUBSTITUTION,1,90814614,6939020,LITTER,2021-07-07,700,litter,REGISTERED,Live/Registered,True,035,True
20,NEAR_1_SUBSTITUTION,1,90035548,6799898,SIFTER,2020-07-03,700,sifter,REGISTERED,Live/Registered,True,042,False
20,NEAR_1_SUBSTITUTION,1,88761266,6247754,RITTER,2020-01-16,700,ritter,REGISTERED,Live/Registered,True,025,False
20,NEAR_1_SUBSTITUTION,1,88761284,6268590,RITTER,2020-01-16,700,ritter,REGISTERED,Live/Registered,True,025,False
20,NEAR_1_SUBSTITUTION,1,88748914,6392432,HITTER,2020-01-07,700,hitter,REGISTERED,Live/Registered,True,"009,012",False
20,NEAR_1_SUBSTITUTION,1,88729535,6095914,SITEER,2019-12-17,700,siteer,REGISTERED,Live/Registered,True,014,False
20,NEAR_1_SUBSTITUTION,1,88630383,6533138,SISTER,2019-09-25,700,sister,REGISTERED,Live/Registered,True,"009,016,038,041",False
20,NEAR_1_SUBSTITUTION,1,88630387,6533139,SISTER,2019-09-25,700,sister,REGISTERED,Live/Registered,True,"009,016,038,041",False
20,NEAR_1_SUBSTITUTION,1,88550208,6533107,SISTER,2019-07-30,700,sister,REGISTERED,Live/Registered,True,"009,016,038,041",False
20,NEAR_1_SUBSTITUTION,1,88528783,5973193,SITHER,2019-07-22,701,sither,SECTION 8-ACCEPTED,Live/Registered,True,026,False
20,NEAR_1_SUBSTITUTION,1,88473381,6116090,SITTEM,2019-06-14,700,sittem,REGISTERED,Live/Registered,True,020,False
20,NEAR_1_INSERTION,1,88305253,6185848,SITTERS,2019-02-18,700,sitters,REGISTERED,Live/Registered,True,025,False
20,NEAR_1_INSERTION,1,88977603,6071248,SITTERS,2019-02-18,700,sitters,REGISTERED,Live/Registered,True,025,False
20,NEAR_1_SUBSTITUTION,1,88235369,5832501,RITTER,2018-12-19,702,ritter,SECTION 8 & 15-ACCEPTED AND ACKNOWLEDGED,Live/Registered,True,010,True
20,NEAR_1_SUBSTITUTION,1,88177077,6775184,RITTER,2018-10-31,700,ritter,REGISTERED,Live/Registered,True,033,False
20,NEAR_1_SUBSTITUTION,1,88084887,5643683,FITTER,2018-08-20,702,fitter,SECTION 8 & 15-ACCEPTED AND ACKNOWLEDGED,Live/Registered,True,005,True
20,NEAR_1_SUBSTITUTION,1,87639341,6746961,SETTER,2017-10-10,700,setter,REGISTERED,Live/Registered,True,001,False
20,NEAR_1_SUBSTITUTION,1,86949006,5081107,RITTER,2016-03-22,702,ritter,SECTION 8 & 15-ACCEPTED AND ACKNOWLEDGED,Live/Registered,True,007,False
20,NEAR_1_SUBSTITUTION,1,86818426,5214751,FITTER,2015-11-12,701,fitter,SECTION 8-ACCEPTED,Live/Registered,True,025,False
20,NEAR_1_SUBSTITUTION,1,86809159,5125548,FITTER,2015-11-04,800,fitter,REGISTERED AND RENEWED,Live/Registered,True,025,False
20,NEAR_1_INSERTION,1,86458459,4958215,SKITTER,2014-11-19,702,skitter,SECTION 8 & 15-ACCEPTED AND ACKNOWLEDGED,Live/Registered,True,009,False
20,NEAR_1_SUBSTITUTION,1,86385921,4914648,SISTER,2014-09-04,702,sister,SECTION 8 & 15-ACCEPTED AND ACKNOWLEDGED,Live/Registered,True,035,True
20,NEAR_1_INSERTION,1,85511822,4306438,SWITTER,2012-01-09,800,switter,REGISTERED AND RENEWED,Live/Registered,True,"005,030",True
20,NEAR_1_SUBSTITUTION,1,77819832,3774768,LITTER,2009-09-03,800,litter,REGISTERED AND RENEWED,Live/Registered,True,014,False
20,NEAR_1_SUBSTITUTION,1,79069857,3761476,RITTER,2008-11-05,790,ritter,CANCELLATION PENDING,Live/Registered,True,015,False
20,NEAR_1_SUBSTITUTION,1,77422513,3694331,SUTTER,2008-03-14,800,sutter,REGISTERED AND RENEWED,Live/Registered,True,010,True
20,NEAR_1_SUBSTITUTION,1,77312547,3471027,LITTER,2007-10-24,800,litter,REGISTERED AND RENEWED,Live/Registered,True,035,True
20,NEAR_1_SUBSTITUTION,1,76605421,3130350,SETTER,2004-08-02,800,setter,REGISTERED AND RENEWED,Live/Registered,True,016,False
20,NEAR_1_SUBSTITUTION,1,76596114,3139567,SIXTER,2004-06-08,800,sixter,REGISTERED AND RENEWED,Live/Registered,True,010,True
20,NEAR_1_SUBSTITUTION,1,73632964,1445358,FITTER,1986-11-28,800,fitter,REGISTERED AND RENEWED,Live/Registered,True,028,False
20,NEAR_1_SUBSTITUTION,1,73632104,1451997,RITTER,1986-11-24,800,ritter,REGISTERED AND RENEWED,Live/Registered,True,010,True
20,NEAR_1_SUBSTITUTION,1,73460336,1349820,RITTER,1984-01-10,800,ritter,REGISTERED AND RENEWED,Live/Registered,True,030,False
20,NEAR_1_SUBSTITUTION,1,72204483,0794552,SETTER,1964-10-21,800,setter,REGISTERED AND RENEWED,Live/Registered,True,033,False
20,NEAR_1_SUBSTITUTION,1,98899206,,BITTER,2024-12-12,606,bitter,ABANDONED - NO STATEMENT OF USE FILED,Dead/Abandoned,False,042,False
20,NEAR_1_SUBSTITUTION,1,98841710,,SUTTER,2024-11-07,602,sutter,ABANDONED-FAILURE TO RESPOND OR LATE RESPONSE,Dead/Abandoned,False,003,True
20,NEAR_1_SUBSTITUTION,1,98221785,,SETTER,2023-10-12,606,setter,ABANDONED - NO STATEMENT OF USE FILED,Dead/Abandoned,False,009,False
20,NEAR_1_SUBSTITUTION,1,98221786,,SETTER,2023-10-12,602,setter,ABANDONED-FAILURE TO RESPOND OR LATE RESPONSE,Dead/Abandoned,False,025,False
20,NEAR_1_SUBSTITUTION,1,98221789,,SETTER,2023-10-12,606,setter,ABANDONED - NO STATEMENT OF USE FILED,Dead/Abandoned,False,036,False
20,NEAR_1_SUBSTITUTION,1,98221793,,SETTER,2023-10-12,602,setter,ABANDONED-FAILURE TO RESPOND OR LATE RESPONSE,Dead/Abandoned,False,041,False
20,NEAR_1_SUBSTITUTION,1,98221795,,SETTER,2023-10-12,602,setter,ABANDONED-FAILURE TO RESPOND OR LATE RESPONSE,Dead/Abandoned,False,042,False
20,NEAR_1_SUBSTITUTION,1,98221797,,SETTER,2023-10-12,606,setter,ABANDONED - NO STATEMENT OF USE FILED,Dead/Abandoned,False,045,False
20,NEAR_1_SUBSTITUTION,1,97686055,,FITTER,2022-11-21,602,fitter,ABANDONED-FAILURE TO RESPOND OR LATE RESPONSE,Dead/Abandoned,False,005,True
20,NEAR_1_SUBSTITUTION,1,97398092,,SISTER,2022-05-06,606,sister,ABANDONED - NO STATEMENT OF USE FILED,Dead/Abandoned,False,041,False
20,NEAR_1_SUBSTITUTION,1,97301380,,SIFTER,2022-03-08,602,sifter,ABANDONED-FAILURE TO RESPOND OR LATE RESPONSE,Dead/Abandoned,False,"042,044",True
20,NEAR_1_SUBSTITUTION,1,90610966,,SUTTER,2021-03-29,601,sutter,ABANDONED - EXPRESS,Dead/Abandoned,False,005,True
20,NEAR_1_SUBSTITUTION,1,90305333,,SIFTER,2020-11-08,602,sifter,ABANDONED-FAILURE TO RESPOND OR LATE RESPONSE,Dead/Abandoned,False,042,False
20,NEAR_1_SUBSTITUTION,1,88519747,,SIFTER,2019-07-17,602,sifter,ABANDONED-FAILURE TO RESPOND OR LATE RESPONSE,Dead/Abandoned,False,035,True
20,NEAR_1_INSERTION,1,88427305,5914838,VSITTER,2019-05-13,710,vsitter,CANCELLED - SECTION 8,Dead/Cancelled,False,,False
20,NEAR_1_SUBSTITUTION,1,88362162,,SITTEE,2019-03-29,606,sittee,ABANDONED - NO STATEMENT OF USE FILED,Dead/Abandoned,False,020,False
20,NEAR_1_SUBSTITUTION,1,88301676,,SISTER,2019-02-14,602,sister,ABANDONED-FAILURE TO RESPOND OR LATE RESPONSE,Dead/Abandoned,False,034,False
20,NEAR_1_SUBSTITUTION,1,88144419,5877907,SETTER,2018-10-05,710,setter,CANCELLED - SECTION 8,Dead/Cancelled,False,,False
20,NEAR_1_SUBSTITUTION,1,88030148,,SOTTER,2018-07-09,606,sotter,ABANDONED - NO STATEMENT OF USE FILED,Dead/Abandoned,False,020,False
20,NEAR_1_SUBSTITUTION,1,87948721,,FITTER,2018-06-05,606,fitter,ABANDONED - NO STATEMENT OF USE FILED,Dead/Abandoned,False,"005,031",True
20,NEAR_1_SUBSTITUTION,1,87668147,,SISTER,2017-11-01,606,sister,ABANDONED - NO STATEMENT OF USE FILED,Dead/Abandoned,False,035,True
20,NEAR_1_INSERTION,1,87613789,5452441,SKITTER,2017-09-19,710,skitter,CANCELLED - SECTION 8,Dead/Cancelled,False,,False
20,NEAR_1_INSERTION,1,87318995,5429605,SKITTER,2017-01-31,710,skitter,CANCELLED - SECTION 8,Dead/Cancelled,False,,False
20,NEAR_1_SUBSTITUTION,1,79187181,5075895,BITTER,2016-02-03,709,bitter,CANCELLED SECTION 71,Dead/Cancelled,False,,False
20,NEAR_1_DELETION,1,86746928,,SITTE,2015-09-03,602,sitte,ABANDONED-FAILURE TO RESPOND OR LATE RESPONSE,Dead/Abandoned,False,035,True
20,NEAR_1_SUBSTITUTION,1,86385927,4914649,SISTER,2014-09-04,711,sister,CANCELLED - SECTION 7,Dead/Cancelled,False,,False
20,NEAR_1_SUBSTITUTION,1,86362108,,RITTER,2014-08-09,602,ritter,ABANDONED-FAILURE TO RESPOND OR LATE RESPONSE,Dead/Abandoned,False,010,True
20,NEAR_1_DELETION,1,86311899,,SITTR,2014-06-17,602,sittr,ABANDONED-FAILURE TO RESPOND OR LATE RESPONSE,Dead/Abandoned,False,"009,035",True
20,NEAR_1_SUBSTITUTION,1,86165473,,JITTER,2014-01-14,602,jitter,ABANDONED-FAILURE TO RESPOND OR LATE RESPONSE,Dead/Abandoned,False,038,False
20,NEAR_1_SUBSTITUTION,1,79137078,,RITTER,2013-09-02,402,ritter,IR CANCELLED; US APPLICATION ABANDONED,Dead/Abandoned,False,,False
20,NEAR_1_SUBSTITUTION,1,85574239,4351258,SISTER,2012-03-20,710,sister,CANCELLED - SECTION 8,Dead/Cancelled,False,,False
20,NEAR_1_SUBSTITUTION,1,85535432,4277123,SISTER,2012-02-06,710,sister,CANCELLED - SECTION 8,Dead/Cancelled,False,,False
20,NEAR_1_SUBSTITUTION,1,85206093,,FITTER,2010-12-27,606,fitter,ABANDONED - NO STATEMENT OF USE FILED,Dead/Abandoned,False,"009,042",False
20,NEAR_1_INSERTION,1,85179563,4089783,SPITTER,2010-11-18,710,spitter,CANCELLED - SECTION 8,Dead/Cancelled,False,,False
20,NEAR_1_SUBSTITUTION,1,85122796,4272663,SIFTER,2010-09-03,713,sifter,CANCELLED - SECTION 18,Dead/Cancelled,False,,False
20,NEAR_1_SUBSTITUTION,1,77958033,3927696,SIGTER,2010-03-12,710,sigter,CANCELLED - SECTION 8,Dead/Cancelled,False,,False
20,NEAR_1_INSERTION,1,77897705,3824986,JSITTER,2009-12-20,710,jsitter,CANCELLED - SECTION 8,Dead/Cancelled,False,,False
20,NEAR_1_SUBSTITUTION,1,79079765,,RITTER,2009-10-15,402,ritter,IR CANCELLED; US APPLICATION ABANDONED,Dead/Abandoned,False,,False
20,NEAR_1_SUBSTITUTION,1,79074305,3822125,TITTER,2009-09-15,404,titter,IR CANCELLED; US REGISTRATION CANCELLED,Dead/Cancelled,False,,False
20,NEAR_1_INSERTION,1,77758964,,SPITTER,2009-06-12,606,spitter,ABANDONED - NO STATEMENT OF USE FILED,Dead/Abandoned,False,041,False
20,NEAR_1_SUBSTITUTION,1,77730355,,RITTER,2009-05-06,603,ritter,ABANDONED - AFTER EX PARTE APPEAL,Dead/Abandoned,False,"007,010",True
20,NEAR_1_SUBSTITUTION,1,79069856,3761475,RITTER,2008-11-05,404,ritter,IR CANCELLED; US REGISTRATION CANCELLED,Dead/Cancelled,False,,False
20,NEAR_1_SUBSTITUTION,1,77578326,,MITTER,2008-09-25,602,mitter,ABANDONED-FAILURE TO RESPOND OR LATE RESPONSE,Dead/Abandoned,False,"041,042",False
20,NEAR_1_SUBSTITUTION,1,77569073,,SISTER,2008-09-12,602,sister,ABANDONED-FAILURE TO RESPOND OR LATE RESPONSE,Dead/Abandoned,False,025,False
20,NEAR_1_SUBSTITUTION,1,77312570,3466436,LITTER,2007-10-24,710,litter,CANCELLED - SECTION 8,Dead/Cancelled,False,,False
20,NEAR_1_SUBSTITUTION,1,77108134,,BITTER,2007-02-15,602,bitter,ABANDONED-FAILURE TO RESPOND OR LATE RESPONSE,Dead/Abandoned,False,"006,008,014,016,018,021,025",True
20,NEAR_1_INSERTION,1,78587485,3067989,SKITTER,2005-03-15,710,skitter,CANCELLED - SECTION 8,Dead/Cancelled,False,,False
20,NEAR_1_SUBSTITUTION,1,78492309,3045384,BITTER,2004-09-30,710,bitter,CANCELLED - SECTION 8,Dead/Cancelled,False,,False
20,NEAR_1_SUBSTITUTION,1,76554785,3014476,RITTER,2003-10-28,710,ritter,CANCELLED - SECTION 8,Dead/Cancelled,False,,False
20,NEAR_1_SUBSTITUTION,1,76554787,3014477,RITTER,2003-10-28,710,ritter,CANCELLED - SECTION 8,Dead/Cancelled,False,,False
20,NEAR_1_SUBSTITUTION,1,78151588,2924099,JITTER,2002-08-06,710,jitter,CANCELLED - SECTION 8,Dead/Cancelled,False,,False
20,NEAR_1_SUBSTITUTION,1,78038515,2504780,SISTER,2000-12-08,710,sister,CANCELLED - SECTION 8,Dead/Cancelled,False,,False
20,NEAR_1_SUBSTITUTION,1,75805467,,SISTER,1999-10-15,602,sister,ABANDONED-FAILURE TO RESPOND OR LATE RESPONSE,Dead/Abandoned,False,041,False
20,NEAR_1_SUBSTITUTION,1,75369831,,SISTER,1997-10-08,602,sister,ABANDONED-FAILURE TO RESPOND OR LATE RESPONSE,Dead/Abandoned,False,,False
20,NEAR_1_SUBSTITUTION,1,75170487,,RITTER,1996-09-23,606,ritter,ABANDONED - NO STATEMENT OF USE FILED,Dead/Abandoned,False,010,True
20,NEAR_1_SUBSTITUTION,1,75100101,,SISTER,1996-05-07,602,sister,ABANDONED-FAILURE TO RESPOND OR LATE RESPONSE,Dead/Abandoned,False,,False
20,NEAR_1_SUBSTITUTION,1,75078759,2032356,SISTER,1996-03-26,710,sister,CANCELLED - SECTION 8,Dead/Cancelled,False,,False
20,NEAR_1_SUBSTITUTION,1,75033728,,SITTEX,1995-12-18,601,sittex,ABANDONED - EXPRESS,Dead/Abandoned,False,,False
20,NEAR_1_SUBSTITUTION,1,75033729,,SITTEX,1995-12-18,605,sittex,ABANDONED EXPRESS AFTER PUB,Dead/Abandoned,False,,False
20,NEAR_1_SUBSTITUTION,1,75033730,,SITTEX,1995-12-18,601,sittex,ABANDONED - EXPRESS,Dead/Abandoned,False,,False
20,NEAR_1_SUBSTITUTION,1,74483823,,SISTER,1994-01-28,602,sister,ABANDONED-FAILURE TO RESPOND OR LATE RESPONSE,Dead/Abandoned,False,,False
20,NEAR_1_SUBSTITUTION,1,74239327,1724159,SISTER,1992-01-22,710,sister,CANCELLED - SECTION 8,Dead/Cancelled,False,,False
20,NEAR_1_SUBSTITUTION,1,74163053,,SINTER,1991-05-02,602,sinter,ABANDONED-FAILURE TO RESPOND OR LATE RESPONSE,Dead/Abandoned,False,,False
20,NEAR_1_SUBSTITUTION,1,73817297,1586907,SUTTER,1989-08-07,710,sutter,CANCELLED - SECTION 8,Dead/Cancelled,False,,False
20,NEAR_1_SUBSTITUTION,1,73715610,1508394,SETTER,1988-03-08,710,setter,CANCELLED - SECTION 8,Dead/Cancelled,False,,False
20,NEAR_1_SUBSTITUTION,1,73672900,1478474,GITTER,1987-07-17,710,gitter,CANCELLED - SECTION 8,Dead/Cancelled,False,,False
20,NEAR_1_SUBSTITUTION,1,73629044,1467510,SISTER,1986-11-06,710,sister,CANCELLED - SECTION 8,Dead/Cancelled,False,,False
20,NEAR_1_SUBSTITUTION,1,73478956,1323035,SIFTER,1984-05-07,710,sifter,CANCELLED - SECTION 8,Dead/Cancelled,False,,False
20,NEAR_1_SUBSTITUTION,1,73455233,,RITTER,1983-12-02,602,ritter,ABANDONED-FAILURE TO RESPOND OR LATE RESPONSE,Dead/Abandoned,False,,False
20,NEAR_1_INSERTION,1,73405510,,SKITTER,1982-12-10,602,skitter,ABANDONED-FAILURE TO RESPOND OR LATE RESPONSE,Dead/Abandoned,False,,False
20,NEAR_1_SUBSTITUTION,1,73387827,1289870,SINTER,1982-09-23,710,sinter,CANCELLED - SECTION 8,Dead/Cancelled,False,,False
20,NEAR_1_SUBSTITUTION,1,73382830,1257509,RITTER,1982-08-30,710,ritter,CANCELLED - SECTION 8,Dead/Cancelled,False,,False
20,NEAR_1_SUBSTITUTION,1,73358599,1271720,BITTER,1982-04-06,710,bitter,CANCELLED - SECTION 8,Dead/Cancelled,False,,False
20,NEAR_1_SUBSTITUTION,1,73292424,1223280,SUTTER,1981-01-09,710,sutter,CANCELLED - SECTION 8,Dead/Cancelled,False,,False
20,NEAR_1_SUBSTITUTION,1,73082497,1089409,SATTER,1976-04-02,900,satter,EXPIRED,Dead/Expired,False,,False
20,NEAR_1_SUBSTITUTION,1,72370494,0909760,SISTER,1970-09-14,900,sister,EXPIRED,Dead/Expired,False,,False
20,NEAR_1_SUBSTITUTION,1,72239877,0856974,SISTER,1966-03-01,900,sister,EXPIRED,Dead/Expired,False,,False
20,NEAR_1_SUBSTITUTION,1,72239804,0853719,RITTER,1966-02-28,713,ritter,CANCELLED - SECTION 18,Dead/Cancelled,False,,False
20,NEAR_1_SUBSTITUTION,1,72202445,0788340,SETTER,1964-09-23,900,setter,EXPIRED,Dead/Expired,False,,False
20,NEAR_1_SUBSTITUTION,1,72200314,0823201,LITTER,1964-08-21,900,litter,EXPIRED,Dead/Expired,False,,False
20,NEAR_1_SUBSTITUTION,1,71569512,0526046,SETTER,1948-11-27,900,setter,EXPIRED,Dead/Expired,False,,False
20,NEAR_1_SUBSTITUTION,1,81020246,1020246,RITTER,,710,ritter,CANCELLED - SECTION 8,Dead/Cancelled,False,,False
21,EXACT,0,99887489,,DOCUMENTARY,2026-06-16,630,documentary,NEW APPLICATION - RECORD INITIALIZED NOT ASSIGNED TO EXAMINER,Live/Pending,True,"016,041",False
21,EXACT,0,88930308,6349930,DOCUMENTARY+,2020-05-22,700,documentary,REGISTERED,Live/Registered,True,038,False
21,EXACT,0,77250753,,DOCUMENTARY,2007-08-08,606,documentary,ABANDONED - NO STATEMENT OF USE FILED,Dead/Abandoned,False,025,False
21,EXACT,0,73783087,1578033,DOCUMENTARY,1989-02-27,710,documentary,CANCELLED - SECTION 8,Dead/Cancelled,False,,False
21,NEAR_1_SUBSTITUTION,1,78872670,3209120,DOGUMENTARY,2006-04-28,710,dogumentary,CANCELLED - SECTION 8,Dead/Cancelled,False,,False
21,NEAR_1_SUBSTITUTION,1,78435944,,POCUMENTARY,2004-06-16,606,pocumentary,ABANDONED - NO STATEMENT OF USE FILED,Dead/Abandoned,False,009,False
21,NEAR_1_SUBSTITUTION,1,78079325,,DOGUMENTARY,2001-08-15,606,dogumentary,ABANDONED - NO STATEMENT OF USE FILED,Dead/Abandoned,False,041,False
21,NEAR_1_SUBSTITUTION,1,75886718,,DOTUMENTARY,2000-01-04,606,dotumentary,ABANDONED - NO STATEMENT OF USE FILED,Dead/Abandoned,False,041,False
25,EXACT,0,87857813,,TRAINABLE,2018-03-30,606,trainable,ABANDONED - NO STATEMENT OF USE FILED,Dead/Abandoned,False,"009,041",False
25,NEAR_1_SUBSTITUTION,1,97911950,7391276,BRAINABLE,2023-04-28,700,brainable,REGISTERED,Live/Registered,True,042,False
25,NEAR_1_INSERTION,1,87852019,6713576,TRAINABLES,2018-03-27,700,trainables,REGISTERED,Live/Registered,True,005,True
25,NEAR_1_SUBSTITUTION,1,97512490,,BRAINABLE,2022-07-20,602,brainable,ABANDONED-FAILURE TO RESPOND OR LATE RESPONSE,Dead/Abandoned,False,005,True
26,NEAR_1_INSERTION,1,99907631,,BLACK LIST,2026-06-26,630,blacklist,NEW APPLICATION - RECORD INITIALIZED NOT ASSIGNED TO EXAMINER,Live/Pending,True,025,False
26,NEAR_1_INSERTION,1,98926541,,BLACKLIST,2024-12-28,641,blacklist,NON-FINAL ACTION - MAILED,Live/Pending,True,025,False
26,NEAR_1_INSERTION,1,98349356,7585506,BLACKLIST,2024-01-09,700,blacklist,REGISTERED,Live/Registered,True,039,False
26,NEAR_1_INSERTION,1,98349361,7585508,BLACKLIST,2024-01-09,700,blacklist,REGISTERED,Live/Registered,True,039,False
26,NEAR_1_DELETION,1,88316499,7220806,BACKLIT,2019-02-26,700,backlit,REGISTERED,Live/Registered,True,"009,038,041",False
26,NEAR_1_INSERTION,1,87727254,5519549,BLACKLIST,2017-12-19,702,blacklist,SECTION 8 & 15-ACCEPTED AND ACKNOWLEDGED,Live/Registered,True,013,False
26,NEAR_1_INSERTION,1,85914706,4983517,BLACKLIST,2013-04-25,800,blacklist,REGISTERED AND RENEWED,Live/Registered,True,033,False
26,NEAR_1_INSERTION,1,85642273,4506134,BLACKLIST,2012-06-04,800,blacklist,REGISTERED AND RENEWED,Live/Registered,True,009,False
26,NEAR_1_INSERTION,1,85532016,4325518,BLACKLIST,2012-02-02,800,blacklist,REGISTERED AND RENEWED,Live/Registered,True,035,True
26,NEAR_1_INSERTION,1,77435780,3527159,BLACKLIST,2008-03-31,800,blacklist,REGISTERED AND RENEWED,Live/Registered,True,035,True
26,NEAR_1_INSERTION,1,77435806,3527160,BLACKLIST,2008-03-31,800,blacklist,REGISTERED AND RENEWED,Live/Registered,True,035,True
26,NEAR_1_INSERTION,1,98411592,,BLACKLIST,2024-02-19,602,blacklist,ABANDONED-FAILURE TO RESPOND OR LATE RESPONSE,Dead/Abandoned,False,041,False
26,NEAR_1_SUBSTITUTION,1,98051995,,PACKLIST,2023-06-21,602,packlist,ABANDONED-FAILURE TO RESPOND OR LATE RESPONSE,Dead/Abandoned,False,016,False
26,NEAR_1_INSERTION,1,97829220,,BLACKLIST,2023-03-08,606,blacklist,ABANDONED - NO STATEMENT OF USE FILED,Dead/Abandoned,False,035,True
26,NEAR_1_INSERTION,1,90129904,,BLACKLIST,2020-08-21,606,blacklist,ABANDONED - NO STATEMENT OF USE FILED,Dead/Abandoned,False,035,True
26,NEAR_1_INSERTION,1,87882213,,BLACKLIST,2018-04-18,602,blacklist,ABANDONED-FAILURE TO RESPOND OR LATE RESPONSE,Dead/Abandoned,False,035,True
26,NEAR_1_DELETION,1,87450965,5340746,BACKLIT,2017-05-16,710,backlit,CANCELLED - SECTION 8,Dead/Cancelled,False,,False
26,NEAR_1_INSERTION,1,86351858,,BLACK LIST,2014-07-30,602,blacklist,ABANDONED-FAILURE TO RESPOND OR LATE RESPONSE,Dead/Abandoned,False,032,False
26,NEAR_1_INSERTION,1,85892426,,BLACKLIST,2013-04-02,602,blacklist,ABANDONED-FAILURE TO RESPOND OR LATE RESPONSE,Dead/Abandoned,False,014,False
26,NEAR_1_INSERTION,1,79121307,,BLACK LIST,2012-09-10,402,blacklist,IR CANCELLED; US APPLICATION ABANDONED,Dead/Abandoned,False,,False
26,NEAR_1_INSERTION,1,85642275,4506135,BLACKLIST,2012-06-04,710,blacklist,CANCELLED - SECTION 8,Dead/Cancelled,False,,False
26,NEAR_1_DELETION,1,77860931,,BACKLIT,2009-10-29,606,backlit,ABANDONED - NO STATEMENT OF USE FILED,Dead/Abandoned,False,"011,020",False
26,NEAR_1_INSERTION,1,77690765,3809108,BLACK LIST,2009-03-13,710,blacklist,CANCELLED - SECTION 8,Dead/Cancelled,False,,False
26,NEAR_1_DELETION,1,77479218,,BACKLIT,2008-05-20,602,backlit,ABANDONED-FAILURE TO RESPOND OR LATE RESPONSE,Dead/Abandoned,False,009,False
26,NEAR_1_DELETION,1,78908560,,BACK-LIT,2006-06-14,602,backlit,ABANDONED-FAILURE TO RESPOND OR LATE RESPONSE,Dead/Abandoned,False,035,True
26,NEAR_1_INSERTION,1,76581739,,BLACKLIST,2004-03-18,601,blacklist,ABANDONED - EXPRESS,Dead/Abandoned,False,035,True
26,NEAR_1_INSERTION,1,76432293,2801186,BLACKLIST,2002-07-19,710,blacklist,CANCELLED - SECTION 8,Dead/Cancelled,False,,False
26,NEAR_1_SUBSTITUTION,1,73163936,1145226,BANKLIST,1978-03-20,710,banklist,CANCELLED - SECTION 8,Dead/Cancelled,False,,False
27,EXACT,0,86830622,5516412,ODOMETER,2015-11-24,705,odometer,PARTIAL SECTION 8 & 15 ACCEPTED AND ACKNOWLEDGED,Live/Registered,True,042,False
27,NEAR_1_SUBSTITUTION,1,79379191,,ODD METER,2023-06-14,602,oddmeter,ABANDONED-FAILURE TO RESPOND OR LATE RESPONSE,Dead/Abandoned,False,042,False
27,NEAR_1_INSERTION,1,97781115,,OLDOMETER,2023-02-05,602,oldometer,ABANDONED-FAILURE TO RESPOND OR LATE RESPONSE,Dead/Abandoned,False,025,False
27,NEAR_1_INSERTION,1,85500885,4229084,O.I.D.OMETER,2011-12-21,710,oidometer,CANCELLED - SECTION 8,Dead/Cancelled,False,,False
27,NEAR_1_SUBSTITUTION,1,77867004,3851547,ADOMETER,2009-11-06,710,adometer,CANCELLED - SECTION 8,Dead/Cancelled,False,,False
27,NEAR_1_INSERTION,1,77285475,3452734,GOD-O-METER,2007-09-21,710,godometer,CANCELLED - SECTION 8,Dead/Cancelled,False,,False
27,NEAR_1_INSERTION,1,78477980,,VODOMETER,2004-09-02,602,vodometer,ABANDONED-FAILURE TO RESPOND OR LATE RESPONSE,Dead/Abandoned,False,009,False
27,NEAR_1_SUBSTITUTION,1,78045452,,IDOMETER,2001-01-29,606,idometer,ABANDONED - NO STATEMENT OF USE FILED,Dead/Abandoned,False,036,False
27,NEAR_1_SUBSTITUTION,1,76182338,,OTOMETER,2000-12-18,606,otometer,ABANDONED - NO STATEMENT OF USE FILED,Dead/Abandoned,False,010,True
27,NEAR_1_SUBSTITUTION,1,78013452,,E-DOMETER,2000-06-20,602,edometer,ABANDONED-FAILURE TO RESPOND OR LATE RESPONSE,Dead/Abandoned,False,009,False
27,NEAR_1_INSERTION,1,76014800,,PODOMETER,2000-03-31,602,podometer,ABANDONED-FAILURE TO RESPOND OR LATE RESPONSE,Dead/Abandoned,False,"009,010",True
27,NEAR_1_SUBSTITUTION,1,75105964,2057310,PDOMETER,1996-05-17,710,pdometer,CANCELLED - SECTION 8,Dead/Cancelled,False,,False
27,NEAR_1_INSERTION,1,75019334,,MODOMETER,1995-11-14,602,modometer,ABANDONED-FAILURE TO RESPOND OR LATE RESPONSE,Dead/Abandoned,False,,False
27,NEAR_1_SUBSTITUTION,1,73106256,1092175,OTOMETER,1976-11-11,710,otometer,CANCELLED - SECTION 8,Dead/Cancelled,False,,False
27,NEAR_1_DELETION,1,81017785,1017785,D-OMETER,,710,dometer,CANCELLED - SECTION 8,Dead/Cancelled,False,,False
29,EXACT,0,99770935,,NEW EDITION,2026-04-17,630,newedition,NEW APPLICATION - RECORD INITIALIZED NOT ASSIGNED TO EXAMINER,Live/Pending,True,"009,041",False
29,EXACT,0,98660640,7746378,NEW EDITION,2024-07-22,700,newedition,REGISTERED,Live/Registered,True,"009,041",False
29,EXACT,0,85860162,4424742,NEW EDITION,2013-02-26,710,newedition,CANCELLED - SECTION 8,Dead/Cancelled,False,,False
29,EXACT,0,75882033,,NEW EDITION,1999-12-28,606,newedition,ABANDONED - NO STATEMENT OF USE FILED,Dead/Abandoned,False,019,False
29,EXACT,0,73740516,1562264,NEW EDITION,1988-07-18,710,newedition,CANCELLED - SECTION 8,Dead/Cancelled,False,,False
29,EXACT,0,73576845,1460993,NEW EDITION,1986-01-09,710,newedition,CANCELLED - SECTION 8,Dead/Cancelled,False,,False
29,EXACT,0,73432603,,NEW EDITION,1983-06-30,602,newedition,ABANDONED-FAILURE TO RESPOND OR LATE RESPONSE,Dead/Abandoned,False,,False
29,NEAR_1_INSERTION,1,90696243,6867721,NEW EDITIONS,2021-05-07,700,neweditions,REGISTERED,Live/Registered,True,025,False
29,NEAR_1_INSERTION,1,85464009,,NEW EDITIONS,2011-11-03,602,neweditions,ABANDONED-FAILURE TO RESPOND OR LATE RESPONSE,Dead/Abandoned,False,025,False
29,NEAR_1_INSERTION,1,77484001,,NEW EDITIONS,2008-05-27,602,neweditions,ABANDONED-FAILURE TO RESPOND OR LATE RESPONSE,Dead/Abandoned,False,016,False
29,NEAR_1_INSERTION,1,73616674,1454367,NEW EDITIONS,1986-08-25,710,neweditions,CANCELLED - SECTION 8,Dead/Cancelled,False,,False
29,NEAR_1_INSERTION,1,72144041,0746268,NEW EDITIONS,1962-05-08,900,neweditions,EXPIRED,Dead/Expired,False,,False
36,EXACT,0,75022504,2001672,CURRENT ISSUE,1995-11-20,800,currentissue,REGISTERED AND RENEWED,Live/Registered,True,003,True
36,EXACT,0,75170184,,CURRENT ISSUE,1996-09-23,606,currentissue,ABANDONED - NO STATEMENT OF USE FILED,Dead/Abandoned,False,,False
36,EXACT,0,74093919,,CURRENT ISSUE,1990-09-04,602,currentissue,ABANDONED-FAILURE TO RESPOND OR LATE RESPONSE,Dead/Abandoned,False,,False
36,EXACT,0,73433480,1294562,CURRENT ISSUE,1983-07-06,710,currentissue,CANCELLED - SECTION 8,Dead/Cancelled,False,,False
37,EXACT,0,86804151,4978082,STAY CURRENT,2015-10-29,702,staycurrent,SECTION 8 & 15-ACCEPTED AND ACKNOWLEDGED,Live/Registered,True,009,False
37,EXACT,0,88146810,,#STAYCURRENT,2018-10-08,602,staycurrent,ABANDONED-FAILURE TO RESPOND OR LATE RESPONSE,Dead/Abandoned,False,"025,041",False
39,EXACT,0,98747497,7864473,RUN LONG,2024-09-12,700,runlong,REGISTERED,Live/Registered,True,021,True
39,NEAR_1_SUBSTITUTION,1,99650791,,SUNLONG,2026-02-12,681,sunlong,PUBLICATION/ISSUE REVIEW COMPLETE,Live/Pending,True,009,False
39,NEAR_1_SUBSTITUTION,1,99586479,,RUNDONG,2026-01-09,686,rundong,PUBLISHED FOR OPPOSITION,Live/Pending,True,016,False
39,NEAR_1_SUBSTITUTION,1,99322695,,SUNLONG,2025-08-06,653,sunlong,SUSPENSION LETTER - MAILED,Live/Pending,True,035,True
39,NEAR_1_SUBSTITUTION,1,99302287,,SUNLONG,2025-07-25,688,sunlong,NOTICE OF ALLOWANCE - ISSUED,Live/Pending,True,042,False
39,NEAR_1_SUBSTITUTION,1,99302297,,SUNLONG,2025-07-25,688,sunlong,NOTICE OF ALLOWANCE - ISSUED,Live/Pending,True,041,False
39,NEAR_1_SUBSTITUTION,1,99302301,,SUNLONG,2025-07-25,688,sunlong,NOTICE OF ALLOWANCE - ISSUED,Live/Pending,True,043,False
39,NEAR_1_SUBSTITUTION,1,99302195,,SUNLONG,2025-07-24,688,sunlong,NOTICE OF ALLOWANCE - ISSUED,Live/Pending,True,035,True
39,NEAR_1_SUBSTITUTION,1,97639707,7229243,RUNTONG,2022-10-19,700,runtong,REGISTERED,Live/Registered,True,007,False
39,NEAR_1_SUBSTITUTION,1,97417929,7098109,KUN&LONG,2022-05-18,700,kunlong,REGISTERED,Live/Registered,True,020,False
39,NEAR_1_SUBSTITUTION,1,90679197,6711678,RUNRONG,2021-04-28,700,runrong,REGISTERED,Live/Registered,True,021,True
39,NEAR_1_INSERTION,1,90346201,6440836,RYUNLONG,2020-11-27,700,ryunlong,REGISTERED,Live/Registered,True,009,False
39,NEAR_1_SUBSTITUTION,1,90208582,6385316,XUNLONG,2020-09-24,700,xunlong,REGISTERED,Live/Registered,True,027,False
39,NEAR_1_SUBSTITUTION,1,88541540,6045834,RANLONG,2019-07-26,701,ranlong,SECTION 8-ACCEPTED,Live/Registered,True,014,False
39,NEAR_1_SUBSTITUTION,1,88491112,5960106,JUNLONG,2019-06-27,700,junlong,REGISTERED,Live/Registered,True,007,False
39,NEAR_1_SUBSTITUTION,1,87779026,5589238,SUNLONG,2018-01-31,701,sunlong,SECTION 8-ACCEPTED,Live/Registered,True,011,False
39,NEAR_1_SUBSTITUTION,1,87600601,5423486,RINLONG,2017-09-08,701,rinlong,SECTION 8-ACCEPTED,Live/Registered,True,026,False
39,NEAR_1_SUBSTITUTION,1,99302175,,SUNLONG,2025-07-24,602,sunlong,ABANDONED-FAILURE TO RESPOND OR LATE RESPONSE,Dead/Abandoned,False,009,False
39,NEAR_1_SUBSTITUTION,1,99162508,,SUNLONG,2025-04-29,600,sunlong,ABANDONED - INCOMPLETE RESPONSE,Dead/Abandoned,False,009,False
39,NEAR_1_SUBSTITUTION,1,98864596,,RUNDONG,2024-11-20,602,rundong,ABANDONED-FAILURE TO RESPOND OR LATE RESPONSE,Dead/Abandoned,False,028,False
39,NEAR_1_INSERTION,1,98382677,,RUN ALONG,2024-01-30,606,runalong,ABANDONED - NO STATEMENT OF USE FILED,Dead/Abandoned,False,"009,025,035,041",True
39,NEAR_1_SUBSTITUTION,1,97658692,,SUNLONG,2022-11-02,600,sunlong,ABANDONED - INCOMPLETE RESPONSE,Dead/Abandoned,False,009,False
39,NEAR_1_SUBSTITUTION,1,97075382,6899589,RUILONG,2021-10-14,783,ruilong,CANCELLED RECONSIDERED,Dead/Cancelled,False,,False
39,NEAR_1_INSERTION,1,90368099,,RUINLONG,2020-12-09,602,ruinlong,ABANDONED-FAILURE TO RESPOND OR LATE RESPONSE,Dead/Abandoned,False,021,True
39,NEAR_1_SUBSTITUTION,1,90352991,,SUNLONG,2020-12-02,602,sunlong,ABANDONED-FAILURE TO RESPOND OR LATE RESPONSE,Dead/Abandoned,False,010,True
39,NEAR_1_SUBSTITUTION,1,88565741,,YUNLONG,2019-08-02,602,yunlong,ABANDONED-FAILURE TO RESPOND OR LATE RESPONSE,Dead/Abandoned,False,025,False
39,NEAR_1_SUBSTITUTION,1,88491106,,JUNLONG,2019-06-27,602,junlong,ABANDONED-FAILURE TO RESPOND OR LATE RESPONSE,Dead/Abandoned,False,008,False
39,NEAR_1_SUBSTITUTION,1,88191303,5886896,XUNLONG,2018-11-13,783,xunlong,CANCELLED RECONSIDERED,Dead/Cancelled,False,,False
39,NEAR_1_SUBSTITUTION,1,79237513,5688319,YUNLONG,2018-04-24,709,yunlong,CANCELLED SECTION 71,Dead/Cancelled,False,,False
39,NEAR_1_SUBSTITUTION,1,87771471,5748393,QUNLONG,2018-01-26,710,qunlong,CANCELLED - SECTION 8,Dead/Cancelled,False,,False
39,NEAR_1_SUBSTITUTION,1,87733407,5529561,MUNLONG,2017-12-24,710,munlong,CANCELLED - SECTION 8,Dead/Cancelled,False,,False
39,NEAR_1_SUBSTITUTION,1,87506232,5442369,YUNLONG,2017-06-26,710,yunlong,CANCELLED - SECTION 8,Dead/Cancelled,False,,False
39,NEAR_1_SUBSTITUTION,1,87203074,,RUILONG,2016-10-14,602,ruilong,ABANDONED-FAILURE TO RESPOND OR LATE RESPONSE,Dead/Abandoned,False,014,False
39,NEAR_1_SUBSTITUTION,1,87117271,5208011,RUI LONG,2016-07-26,710,ruilong,CANCELLED - SECTION 8,Dead/Cancelled,False,,False
39,NEAR_1_SUBSTITUTION,1,86893009,5071800,SUNLONG,2016-02-01,710,sunlong,CANCELLED - SECTION 8,Dead/Cancelled,False,,False
39,NEAR_1_SUBSTITUTION,1,78865440,3327671,RUNTONG,2006-04-20,710,runtong,CANCELLED - SECTION 8,Dead/Cancelled,False,,False
39,NEAR_1_SUBSTITUTION,1,75889505,,YUN LONG,2000-01-06,606,yunlong,ABANDONED - NO STATEMENT OF USE FILED,Dead/Abandoned,False,024,False
39,NEAR_1_INSERTION,1,74065110,,RUN ALONG,1990-06-04,606,runalong,ABANDONED - NO STATEMENT OF USE FILED,Dead/Abandoned,False,,False
39,NEAR_1_SUBSTITUTION,1,73669443,,SUN LONG,1987-06-30,602,sunlong,ABANDONED-FAILURE TO RESPOND OR LATE RESPONSE,Dead/Abandoned,False,,False
39,NEAR_1_SUBSTITUTION,1,73162046,1157697,SUNLONG,1978-07-12,710,sunlong,CANCELLED - SECTION 8,Dead/Cancelled,False,,False
42,EXACT,0,87351923,,NEXT EDITION,2017-02-27,604,nextedition,ABANDONED - AFTER INTER-PARTES DECISION,Dead/Abandoned,False,,False
42,EXACT,0,76458267,,NEXT EDITION,2002-10-07,606,nextedition,ABANDONED - NO STATEMENT OF USE FILED,Dead/Abandoned,False,009,False
42,NEAR_1_DELETION,1,79285136,6344092,NXTEDITION,2020-04-17,700,nxtedition,REGISTERED,Live/Registered,True,"009,042",False
42,NEAR_1_INSERTION,1,85130781,4018370,NEXTPEDITION,2010-09-16,710,nextpedition,CANCELLED - SECTION 8,Dead/Cancelled,False,,False
45,NEAR_1_DELETION,1,87266263,,FACE. CHAT,2016-12-13,604,facechat,ABANDONED - AFTER INTER-PARTES DECISION,Dead/Abandoned,False,,False
45,NEAR_1_DELETION,1,87266264,,FACE. CHAT,2016-12-13,604,facechat,ABANDONED - AFTER INTER-PARTES DECISION,Dead/Abandoned,False,,False
45,NEAR_1_DELETION,1,86924425,,FACECHAT,2016-03-01,602,facechat,ABANDONED-FAILURE TO RESPOND OR LATE RESPONSE,Dead/Abandoned,False,041,False
53,NEAR_1_SUBSTITUTION,1,90639528,6684329,ASKNOON,2021-04-12,700,asknoon,REGISTERED,Live/Registered,True,024,False
53,NEAR_1_DELETION,1,85913224,4443797,ASKNOW,2013-04-24,800,asknow,REGISTERED AND RENEWED,Live/Registered,True,045,False
53,NEAR_1_DELETION,1,85913275,4443798,ASKNOW,2013-04-24,800,asknow,REGISTERED AND RENEWED,Live/Registered,True,045,False
53,NEAR_1_DELETION,1,78587221,3069439,ASKNOW,2005-03-15,710,asknow,CANCELLED - SECTION 8,Dead/Cancelled,False,,False
53,NEAR_1_DELETION,1,78502083,3072161,ASKNOW,2004-10-19,710,asknow,CANCELLED - SECTION 8,Dead/Cancelled,False,,False
53,NEAR_1_DELETION,1,75197962,2615600,!ASK-NOW,1996-11-14,710,asknow,CANCELLED - SECTION 8,Dead/Cancelled,False,,False
55,EXACT,0,79264731,,LEARNABLE,2019-04-03,602,learnable,ABANDONED-FAILURE TO RESPOND OR LATE RESPONSE,Dead/Abandoned,False,,False
55,EXACT,0,85351714,4208663,LEARNABLE,2011-06-21,710,learnable,CANCELLED - SECTION 8,Dead/Cancelled,False,,False
55,EXACT,0,85351719,4212433,LEARNABLE,2011-06-21,710,learnable,CANCELLED - SECTION 8,Dead/Cancelled,False,,False
55,NEAR_1_SUBSTITUTION,1,97361924,7370428,LEARNABLY,2022-04-13,700,learnably,REGISTERED,Live/Registered,True,"009,016,035,041",True
55,NEAR_1_SUBSTITUTION,1,97010525,6960564,LEARN-A-BEE,2021-09-03,700,learnabee,REGISTERED,Live/Registered,True,028,False
55,NEAR_1_DELETION,1,88639352,6082015,EARNABLE,2019-10-02,700,earnable,REGISTERED,Live/Registered,True,041,False
56,EXACT,0,88584442,,OBSERVABLE,2019-08-19,600,observable,ABANDONED - INCOMPLETE RESPONSE,Dead/Abandoned,False,"035,036",True
56,NEAR_1_INSERTION,1,87839015,5742898,OBSERVABLES,2018-03-19,702,observables,SECTION 8 & 15-ACCEPTED AND ACKNOWLEDGED,Live/Registered,True,"042,045",False
61,EXACT,0,99625485,,LONGPLAY,2026-01-30,686,longplay,PUBLISHED FOR OPPOSITION,Live/Pending,True,033,False
61,EXACT,0,87763487,,LONG PLAY,2018-01-20,606,longplay,ABANDONED - NO STATEMENT OF USE FILED,Dead/Abandoned,False,043,False
61,EXACT,0,87690565,5650966,LONGPLAY,2017-11-19,710,longplay,CANCELLED - SECTION 8,Dead/Cancelled,False,,False
61,EXACT,0,79196250,,LONGPLAY,2016-07-08,602,longplay,ABANDONED-FAILURE TO RESPOND OR LATE RESPONSE,Dead/Abandoned,False,"009,011",False
61,EXACT,0,85325237,4675622,LONG PLAY,2011-05-19,710,longplay,CANCELLED - SECTION 8,Dead/Cancelled,False,,False
61,EXACT,0,75745377,,LONGPLAY,1999-08-02,606,longplay,ABANDONED - NO STATEMENT OF USE FILED,Dead/Abandoned,False,009,False
61,EXACT,0,75117173,,LONG PLAY,1996-06-10,602,longplay,ABANDONED-FAILURE TO RESPOND OR LATE RESPONSE,Dead/Abandoned,False,,False
61,EXACT,0,73282263,1244057,LONG PLAY,1980-10-17,710,longplay,CANCELLED - SECTION 8,Dead/Cancelled,False,,False
61,NEAR_1_SUBSTITUTION,1,98523557,7670256,RONGPLAY,2024-04-28,700,rongplay,REGISTERED,Live/Registered,True,028,False
61,NEAR_1_SUBSTITUTION,1,87949263,5669424,GONGPLAY,2018-06-05,701,gongplay,SECTION 8-ACCEPTED,Live/Registered,True,041,False
61,NEAR_1_SUBSTITUTION,1,77077750,3285356,SONGPLAY,2007-01-08,710,songplay,CANCELLED - SECTION 8,Dead/Cancelled,False,,False
61,NEAR_1_SUBSTITUTION,1,78785152,3243082,LANGPLAY,2006-01-04,710,langplay,CANCELLED - SECTION 8,Dead/Cancelled,False,,False
61,NEAR_1_SUBSTITUTION,1,74065367,,SONGPLAY,1990-06-04,602,songplay,ABANDONED-FAILURE TO RESPOND OR LATE RESPONSE,Dead/Abandoned,False,,False
61,NEAR_1_DELETION,1,72240002,0823880,LONG-PLY,1966-03-02,900,longply,EXPIRED,Dead/Expired,False,,False
63,EXACT,0,78637358,3185801,GENERATION LINE,2005-05-25,800,generationline,REGISTERED AND RENEWED,Live/Registered,True,035,True
63,NEAR_1_SUBSTITUTION,1,85812038,4380040,GENERATION LIFE,2012-12-28,710,generationlife,CANCELLED - SECTION 8,Dead/Cancelled,False,,False
63,NEAR_1_SUBSTITUTION,1,78616647,3082410,GENERATIONLINK,2005-04-26,710,generationlink,CANCELLED - SECTION 8,Dead/Cancelled,False,,False
63,NEAR_1_SUBSTITUTION,1,75942956,,GENERATION-LINK,2000-03-13,602,generationlink,ABANDONED-FAILURE TO RESPOND OR LATE RESPONSE,Dead/Abandoned,False,042,False
63,NEAR_1_SUBSTITUTION,1,74517761,,GENERATION LINK,1994-04-28,606,generationlink,ABANDONED - NO STATEMENT OF USE FILED,Dead/Abandoned,False,,False
63,NEAR_1_SUBSTITUTION,1,81002097,1002097,GENERATION LIFE,,710,generationlife,CANCELLED - SECTION 8,Dead/Cancelled,False,,False
67,NEAR_1_SUBSTITUTION,1,99688191,,LITETABLE,2026-03-06,630,litetable,NEW APPLICATION - RECORD INITIALIZED NOT ASSIGNED TO EXAMINER,Live/Pending,True,042,False
67,NEAR_1_DELETION,1,97722806,7276224,LIFTABLE,2022-12-19,700,liftable,REGISTERED,Live/Registered,True,041,False
67,NEAR_1_DELETION,1,90601385,6652381,LIFEABLE,2021-03-24,700,lifeable,REGISTERED,Live/Registered,True,005,True
67,NEAR_1_DELETION,1,86646502,5005976,LIFTABLE,2015-05-30,800,liftable,REGISTERED AND RENEWED,Live/Registered,True,041,False
67,NEAR_1_SUBSTITUTION,1,86822497,4993279,LIFECABLE,2015-11-17,710,lifecable,CANCELLED - SECTION 8,Dead/Cancelled,False,,False
67,NEAR_1_SUBSTITUTION,1,75099486,,LIVETABLE,1996-05-06,602,livetable,ABANDONED-FAILURE TO RESPOND OR LATE RESPONSE,Dead/Abandoned,False,,False
67,NEAR_1_DELETION,1,72414450,0966045,LIF-TABLE,1972-02-03,710,liftable,CANCELLED - SECTION 8,Dead/Cancelled,False,,False
76,NEAR_1_INSERTION,1,73695335,1495929,C-O-N-T-I-N-U-A-T-I-O-N-S,1987-11-12,710,continuations,CANCELLED - SECTION 8,Dead/Cancelled,False,,False
80,NEAR_1_SUBSTITUTION,1,77725175,,SUSTAINLINK,2009-04-29,602,sustainlink,ABANDONED-FAILURE TO RESPOND OR LATE RESPONSE,Dead/Abandoned,False,009,False
80,NEAR_1_SUBSTITUTION,1,77661587,3695157,SUSTAIN LANE,2009-02-02,710,sustainlane,CANCELLED - SECTION 8,Dead/Cancelled,False,,False
80,NEAR_1_SUBSTITUTION,1,78638537,3276893,SUSTAINLANE,2005-05-26,710,sustainlane,CANCELLED - SECTION 8,Dead/Cancelled,False,,False
86,NEAR_1_SUBSTITUTION,1,75472471,2462100,SERIALMATE,1998-04-22,710,serialmate,CANCELLED - SECTION 8,Dead/Cancelled,False,,False
91,NEAR_1_INSERTION,1,85677391,4298075,VOLUMEWORKS,2012-07-15,800,volumeworks,REGISTERED AND RENEWED,Live/Registered,True,009,False
92,NEAR_1_SUBSTITUTION,1,76123125,,VOLUMELINK,2000-09-05,602,volumelink,ABANDONED-FAILURE TO RESPOND OR LATE RESPONSE,Dead/Abandoned,False,042,False
96,NEAR_1_SUBSTITUTION,1,85543402,,VOLUMEDAY,2012-02-15,606,volumeday,ABANDONED - NO STATEMENT OF USE FILED,Dead/Abandoned,False,035,True
110,EXACT,0,97870368,7581691,RUNTIME,2023-04-03,700,runtime,REGISTERED,Live/Registered,True,035,True
110,EXACT,0,97029087,6928029,RUNTIME,2021-09-15,700,runtime,REGISTERED,Live/Registered,True,"009,038,041,042",False
110,EXACT,0,79271528,6166300,RUNTIME,2019-09-25,700,runtime,REGISTERED,Live/Registered,True,"005,030,032",True
110,EXACT,0,77636540,3700249,RUN TIME,2008-12-19,800,runtime,REGISTERED AND RENEWED,Live/Registered,True,"007,037",False
110,EXACT,0,87827655,5570608,RUNTIME,2018-03-09,710,runtime,CANCELLED - SECTION 8,Dead/Cancelled,False,,False
110,EXACT,0,87591012,,RUNTIME,2017-08-31,602,runtime,ABANDONED-FAILURE TO RESPOND OR LATE RESPONSE,Dead/Abandoned,False,035,True
110,EXACT,0,86719276,4922640,RUNTIME,2015-08-09,710,runtime,CANCELLED - SECTION 8,Dead/Cancelled,False,,False
110,EXACT,0,86211405,,RUNTIME,2014-03-05,606,runtime,ABANDONED - NO STATEMENT OF USE FILED,Dead/Abandoned,False,032,False
110,EXACT,0,78594478,,RUN TIME,2005-03-24,606,runtime,ABANDONED - NO STATEMENT OF USE FILED,Dead/Abandoned,False,"001,017,036",False
110,EXACT,0,75532614,2386275,RUNTIME,1998-08-07,710,runtime,CANCELLED - SECTION 8,Dead/Cancelled,False,,False
110,EXACT,0,75532621,2396329,RUNTIME,1998-08-07,710,runtime,CANCELLED - SECTION 8,Dead/Cancelled,False,,False
110,EXACT,0,73729771,1595876,RUNTIME,1988-05-20,710,runtime,CANCELLED - SECTION 8,Dead/Cancelled,False,,False
110,NEAR_1_SUBSTITUTION,1,99254871,,FUN TIME,2025-06-26,654,funtime,REPORT COMPLETED SUSPENSION CHECK - CASE STILL SUSPENDED,Live/Pending,True,035,True
110,NEAR_1_SUBSTITUTION,1,98055174,7709672,SUNTIME,2023-06-22,700,suntime,REGISTERED,Live/Registered,True,020,False
110,NEAR_1_SUBSTITUTION,1,90368152,6740633,SUN TIME,2020-12-09,700,suntime,REGISTERED,Live/Registered,True,028,False
110,NEAR_1_SUBSTITUTION,1,90325432,6475319,SUNTIME,2020-11-17,700,suntime,REGISTERED,Live/Registered,True,005,True
110,NEAR_1_SUBSTITUTION,1,88454108,6009592,SUN TIME,2019-05-31,701,suntime,SECTION 8-ACCEPTED,Live/Registered,True,003,True
110,NEAR_1_SUBSTITUTION,1,77891453,3818243,FUNTIME,2009-12-11,800,funtime,REGISTERED AND RENEWED,Live/Registered,True,011,False
110,NEAR_1_SUBSTITUTION,1,77682826,3800602,FUN TIME,2009-03-03,800,funtime,REGISTERED AND RENEWED,Live/Registered,True,031,False
110,NEAR_1_SUBSTITUTION,1,76239011,2878214,FUN TIME,2001-04-05,800,funtime,REGISTERED AND RENEWED,Live/Registered,True,028,False
110,NEAR_1_SUBSTITUTION,1,75168853,2204809,FUNTIME,1996-09-19,800,funtime,REGISTERED AND RENEWED,Live/Registered,True,016,False
110,NEAR_1_SUBSTITUTION,1,74594473,2074840,SUN TIME,1994-11-03,800,suntime,REGISTERED AND RENEWED,Live/Registered,True,018,False
110,NEAR_1_SUBSTITUTION,1,99254952,,FUN TIME,2025-06-26,602,funtime,ABANDONED-FAILURE TO RESPOND OR LATE RESPONSE,Dead/Abandoned,False,041,False
110,NEAR_1_DELETION,1,98855602,,RUNTIE,2024-11-15,606,runtie,ABANDONED - NO STATEMENT OF USE FILED,Dead/Abandoned,False,028,False
110,NEAR_1_SUBSTITUTION,1,97874470,,FUNTIME,2023-04-05,606,funtime,ABANDONED - NO STATEMENT OF USE FILED,Dead/Abandoned,False,014,False
110,NEAR_1_SUBSTITUTION,1,90125554,,SUNTIME,2020-08-20,610,suntime,TERMINATED AFTER SANCTIONS,Dead,False,,False
110,NEAR_1_SUBSTITUTION,1,86939381,,GUNTIME,2016-03-14,606,guntime,ABANDONED - NO STATEMENT OF USE FILED,Dead/Abandoned,False,014,False
110,NEAR_1_SUBSTITUTION,1,85607560,,SUN TIME,2012-04-25,602,suntime,ABANDONED-FAILURE TO RESPOND OR LATE RESPONSE,Dead/Abandoned,False,009,False
110,NEAR_1_SUBSTITUTION,1,85302277,4060052,FUN TIME,2011-04-22,710,funtime,CANCELLED - SECTION 8,Dead/Cancelled,False,,False
110,NEAR_1_SUBSTITUTION,1,85122158,,FUN-TIME,2010-09-02,602,funtime,ABANDONED-FAILURE TO RESPOND OR LATE RESPONSE,Dead/Abandoned,False,021,True
110,NEAR_1_SUBSTITUTION,1,76701939,3871802,FUN TIME,2010-03-08,710,funtime,CANCELLED - SECTION 8,Dead/Cancelled,False,,False
110,NEAR_1_SUBSTITUTION,1,76698099,3870755,SUNTIME,2009-06-26,710,suntime,CANCELLED - SECTION 8,Dead/Cancelled,False,,False
110,NEAR_1_SUBSTITUTION,1,78633331,,FUN TIME,2005-05-19,602,funtime,ABANDONED-FAILURE TO RESPOND OR LATE RESPONSE,Dead/Abandoned,False,031,False
110,NEAR_1_SUBSTITUTION,1,79022861,,FUN TIME,2004-10-13,402,funtime,IR CANCELLED; US APPLICATION ABANDONED,Dead/Abandoned,False,,False
110,NEAR_1_SUBSTITUTION,1,78303026,3137817,SUNTIME,2003-09-19,710,suntime,CANCELLED - SECTION 8,Dead/Cancelled,False,,False
110,NEAR_1_SUBSTITUTION,1,78067379,,SUN TIME,2001-06-05,606,suntime,ABANDONED - NO STATEMENT OF USE FILED,Dead/Abandoned,False,005,True
110,NEAR_1_SUBSTITUTION,1,78042987,,FUN TIME,2001-01-12,602,funtime,ABANDONED-FAILURE TO RESPOND OR LATE RESPONSE,Dead/Abandoned,False,028,False
110,NEAR_1_SUBSTITUTION,1,76125377,2630130,SUN TIME,2000-09-08,710,suntime,CANCELLED - SECTION 8,Dead/Cancelled,False,,False
110,NEAR_1_SUBSTITUTION,1,75939568,,RUGTIME,2000-03-08,602,rugtime,ABANDONED-FAILURE TO RESPOND OR LATE RESPONSE,Dead/Abandoned,False,035,True
110,NEAR_1_SUBSTITUTION,1,75839891,,FUNTIME,1999-11-04,604,funtime,ABANDONED - AFTER INTER-PARTES DECISION,Dead/Abandoned,False,028,False
110,NEAR_1_SUBSTITUTION,1,75716388,,SUN TIME,1999-05-27,602,suntime,ABANDONED-FAILURE TO RESPOND OR LATE RESPONSE,Dead/Abandoned,False,035,True
110,NEAR_1_SUBSTITUTION,1,75521517,2344115,SUNTIME,1998-07-20,710,suntime,CANCELLED - SECTION 8,Dead/Cancelled,False,,False
110,NEAR_1_SUBSTITUTION,1,75371092,,FUNTIME,1997-10-10,601,funtime,ABANDONED - EXPRESS,Dead/Abandoned,False,,False
110,NEAR_1_SUBSTITUTION,1,75200068,2207530,FUN TIME,1996-11-19,710,funtime,CANCELLED - SECTION 8,Dead/Cancelled,False,,False
110,NEAR_1_SUBSTITUTION,1,75067825,2175369,SUN-TIME,1996-03-05,710,suntime,CANCELLED - SECTION 8,Dead/Cancelled,False,,False
110,NEAR_1_SUBSTITUTION,1,74594472,2078287,SUN TIME,1994-11-03,710,suntime,CANCELLED - SECTION 8,Dead/Cancelled,False,,False
110,NEAR_1_SUBSTITUTION,1,74563192,,SUN-TIME,1994-08-19,606,suntime,ABANDONED - NO STATEMENT OF USE FILED,Dead/Abandoned,False,,False
110,NEAR_1_SUBSTITUTION,1,74528495,1950201,FUNTIME,1994-05-23,710,funtime,CANCELLED - SECTION 8,Dead/Cancelled,False,,False
110,NEAR_1_SUBSTITUTION,1,74450908,1975627,SUNTIME,1993-10-25,710,suntime,CANCELLED - SECTION 8,Dead/Cancelled,False,,False
110,NEAR_1_SUBSTITUTION,1,74304483,1786987,SUN TIME,1992-08-17,710,suntime,CANCELLED - SECTION 8,Dead/Cancelled,False,,False
110,NEAR_1_SUBSTITUTION,1,74163862,1698038,FUN-TIME,1991-05-06,710,funtime,CANCELLED - SECTION 8,Dead/Cancelled,False,,False
110,NEAR_1_SUBSTITUTION,1,74014589,1690294,FUN-TIME,1989-12-27,710,funtime,CANCELLED - SECTION 8,Dead/Cancelled,False,,False
110,NEAR_1_SUBSTITUTION,1,73838420,1627478,FUNTIME,1989-11-13,710,funtime,CANCELLED - SECTION 8,Dead/Cancelled,False,,False
110,NEAR_1_SUBSTITUTION,1,73732507,1550666,SUNTIME,1988-06-06,710,suntime,CANCELLED - SECTION 8,Dead/Cancelled,False,,False
110,NEAR_1_SUBSTITUTION,1,73476561,1327204,FUNTIME,1984-04-20,710,funtime,CANCELLED - SECTION 8,Dead/Cancelled,False,,False
110,NEAR_1_SUBSTITUTION,1,73406065,1264888,FUNTIME,1982-12-15,710,funtime,CANCELLED - SECTION 8,Dead/Cancelled,False,,False
110,NEAR_1_SUBSTITUTION,1,73401947,,SUN TIME,1982-11-08,602,suntime,ABANDONED-FAILURE TO RESPOND OR LATE RESPONSE,Dead/Abandoned,False,,False
110,NEAR_1_SUBSTITUTION,1,73384819,1252975,FUNTIME,1982-09-13,710,funtime,CANCELLED - SECTION 8,Dead/Cancelled,False,,False
110,NEAR_1_SUBSTITUTION,1,73374324,1259586,SUN-TIME,1982-07-12,710,suntime,CANCELLED - SECTION 8,Dead/Cancelled,False,,False
110,NEAR_1_SUBSTITUTION,1,73330891,1228662,FUN TIME,1981-10-01,710,funtime,CANCELLED - SECTION 8,Dead/Cancelled,False,,False
110,NEAR_1_SUBSTITUTION,1,73293341,1197299,FUN TIME,1981-01-16,710,funtime,CANCELLED - SECTION 8,Dead/Cancelled,False,,False
110,NEAR_1_SUBSTITUTION,1,73261606,1183572,FUNTIME,1980-05-12,710,funtime,CANCELLED - SECTION 8,Dead/Cancelled,False,,False
110,NEAR_1_SUBSTITUTION,1,73206831,1138743,FUNTIME,1979-03-12,710,funtime,CANCELLED - SECTION 8,Dead/Cancelled,False,,False
110,NEAR_1_SUBSTITUTION,1,72302180,0862510,FUN TIME,1968-07-08,900,funtime,EXPIRED,Dead/Expired,False,,False
110,NEAR_1_SUBSTITUTION,1,81022010,1022010,FUNTIME,,710,funtime,CANCELLED - SECTION 8,Dead/Cancelled,False,,False
116,EXACT,0,85162171,,IDENTITY CARD,2010-10-27,602,identitycard,ABANDONED-FAILURE TO RESPOND OR LATE RESPONSE,Dead/Abandoned,False,036,False
116,EXACT,0,76540333,,IDENTITYCARD,2003-08-14,602,identitycard,ABANDONED-FAILURE TO RESPOND OR LATE RESPONSE,Dead/Abandoned,False,036,False
116,NEAR_1_SUBSTITUTION,1,97916339,7398102,IDENTITYCARE,2023-05-02,700,identitycare,REGISTERED,Live/Registered,True,009,False
116,NEAR_1_SUBSTITUTION,1,88412430,,IDENTITYCARE,2019-05-02,602,identitycare,ABANDONED-FAILURE TO RESPOND OR LATE RESPONSE,Dead/Abandoned,False,009,False
116,NEAR_1_INSERTION,1,77489281,,IDENTITY CARDS,2008-06-03,600,identitycards,ABANDONED - INCOMPLETE RESPONSE,Dead/Abandoned,False,028,False
116,NEAR_1_SUBSTITUTION,1,77158812,3347911,IDENTITYCARE,2007-04-17,710,identitycare,CANCELLED - SECTION 8,Dead/Cancelled,False,,False
116,NEAR_1_INSERTION,1,77084207,,KIDENTITY CARD,2007-01-16,606,kidentitycard,ABANDONED - NO STATEMENT OF USE FILED,Dead/Abandoned,False,009,False
116,NEAR_1_SUBSTITUTION,1,78216749,,IDENTITY KARD,2003-02-20,602,identitykard,ABANDONED-FAILURE TO RESPOND OR LATE RESPONSE,Dead/Abandoned,False,016,False
116,NEAR_1_SUBSTITUTION,1,78123008,,IDENTITYCARE,2002-04-19,602,identitycare,ABANDONED-FAILURE TO RESPOND OR LATE RESPONSE,Dead/Abandoned,False,036,False
120,EXACT,0,88462075,6139242,SIGNATURE LINE,2019-06-06,702,signatureline,SECTION 8 & 15-ACCEPTED AND ACKNOWLEDGED,Live/Registered,True,001,False
120,EXACT,0,78295241,,SIGNATURELINE,2003-09-03,602,signatureline,ABANDONED-FAILURE TO RESPOND OR LATE RESPONSE,Dead/Abandoned,False,009,False
120,EXACT,0,78295242,,SIGNATURE LINE,2003-09-03,606,signatureline,ABANDONED - NO STATEMENT OF USE FILED,Dead/Abandoned,False,009,False
120,EXACT,0,75856844,,SIGNATURE LINE,1999-11-23,602,signatureline,ABANDONED-FAILURE TO RESPOND OR LATE RESPONSE,Dead/Abandoned,False,025,False
120,EXACT,0,75438738,2312637,SIGNATURE LINE,1998-02-23,710,signatureline,CANCELLED - SECTION 8,Dead/Cancelled,False,,False
120,EXACT,0,74496186,1880896,SIGNATURE LINE,1994-03-03,710,signatureline,CANCELLED - SECTION 8,Dead/Cancelled,False,,False
120,EXACT,0,74386615,2058517,SIGNATURE LINE,1993-05-04,710,signatureline,CANCELLED - SECTION 8,Dead/Cancelled,False,,False
120,EXACT,0,74050934,,SIGNATURE LINE,1990-04-20,606,signatureline,ABANDONED - NO STATEMENT OF USE FILED,Dead/Abandoned,False,,False
120,EXACT,0,73716736,1596773,SIGNATURE LINE,1988-03-14,710,signatureline,CANCELLED - SECTION 8,Dead/Cancelled,False,,False
120,EXACT,0,73422621,1367015,SIGNATURE LINE,1983-04-21,713,signatureline,CANCELLED - SECTION 18,Dead/Cancelled,False,,False
120,EXACT,0,73253495,1165262,SIGNATURE LINE,1980-03-10,710,signatureline,CANCELLED - SECTION 8,Dead/Cancelled,False,,False
120,NEAR_1_SUBSTITUTION,1,87713537,6016070,SIGNATURE LIFE,2017-12-08,700,signaturelife,REGISTERED,Live/Registered,True,"006,010,020",True
120,NEAR_1_SUBSTITUTION,1,87546628,5407115,SIGNATURE LIFE,2017-07-28,710,signaturelife,CANCELLED - SECTION 8,Dead/Cancelled,False,,False
120,NEAR_1_SUBSTITUTION,1,85517241,4386310,SIGNATURELINK,2012-01-16,710,signaturelink,CANCELLED - SECTION 8,Dead/Cancelled,False,,False
120,NEAR_1_SUBSTITUTION,1,76646193,3490878,SIGNATURE LINK,2005-09-06,710,signaturelink,CANCELLED - SECTION 8,Dead/Cancelled,False,,False
120,NEAR_1_INSERTION,1,78567949,,SIGNATURE LINER,2005-02-15,606,signatureliner,ABANDONED - NO STATEMENT OF USE FILED,Dead/Abandoned,False,003,True
120,NEAR_1_INSERTION,1,78039657,,SIGNATURELINES,2000-12-18,606,signaturelines,ABANDONED - NO STATEMENT OF USE FILED,Dead/Abandoned,False,009,False
121,EXACT,0,90543613,6925850,IMAGEMATCH,2021-02-24,700,imagematch,REGISTERED,Live/Registered,True,"006,040",False
121,EXACT,0,86971025,5207599,IMAGEMATCH,2016-04-11,701,imagematch,SECTION 8-ACCEPTED,Live/Registered,True,045,False
121,EXACT,0,76172456,,IMAGE MATCH,2000-11-29,602,imagematch,ABANDONED-FAILURE TO RESPOND OR LATE RESPONSE,Dead/Abandoned,False,"009,035,038,042",True
121,EXACT,0,75905114,,IMAGE MATCH,2000-01-21,606,imagematch,ABANDONED - NO STATEMENT OF USE FILED,Dead/Abandoned,False,042,False
121,EXACT,0,74726786,1995567,IMAGEMATCH,1995-09-08,710,imagematch,CANCELLED - SECTION 8,Dead/Cancelled,False,,False
121,NEAR_1_SUBSTITUTION,1,78029348,2570181,IMAGEWATCH,2000-10-05,800,imagewatch,REGISTERED AND RENEWED,Live/Registered,True,042,False
121,NEAR_1_SUBSTITUTION,1,76602991,2991552,IMAGE WATCH,2004-07-14,710,imagewatch,CANCELLED - SECTION 8,Dead/Cancelled,False,,False
121,NEAR_1_SUBSTITUTION,1,75554694,,IMAGEWATCH,1998-09-17,606,imagewatch,ABANDONED - NO STATEMENT OF USE FILED,Dead/Abandoned,False,040,False
121,NEAR_1_SUBSTITUTION,1,74301823,1809643,IMAGEWATCH,1992-08-06,710,imagewatch,CANCELLED - SECTION 8,Dead/Cancelled,False,,False
121,NEAR_1_SUBSTITUTION,1,74073764,1644360,IMAGE WATCH,1990-06-28,710,imagewatch,CANCELLED - SECTION 8,Dead/Cancelled,False,,False
121,NEAR_1_SUBSTITUTION,1,74073765,1644361,IMAGE WATCH,1990-06-28,710,imagewatch,CANCELLED - SECTION 8,Dead/Cancelled,False,,False
121,NEAR_1_DELETION,1,73634068,1451912,IMAGEMATH,1986-12-08,710,imagemath,CANCELLED - SECTION 8,Dead/Cancelled,False,,False
124,EXACT,0,86625646,5120255,NAMECARD,2015-05-11,702,namecard,SECTION 8 & 15-ACCEPTED AND ACKNOWLEDGED,Live/Registered,True,035,True
124,EXACT,0,76166121,2737699,NAMECARD,2000-11-15,710,namecard,CANCELLED - SECTION 8,Dead/Cancelled,False,,False
124,NEAR_1_SUBSTITUTION,1,78834184,3293761,RAMECARD,2006-03-10,800,ramecard,REGISTERED AND RENEWED,Live/Registered,True,036,False
124,NEAR_1_SUBSTITUTION,1,87863307,,FAME CARD,2018-04-04,606,famecard,ABANDONED - NO STATEMENT OF USE FILED,Dead/Abandoned,False,041,False
124,NEAR_1_SUBSTITUTION,1,86393588,,FAME CARD,2014-09-12,606,famecard,ABANDONED - NO STATEMENT OF USE FILED,Dead/Abandoned,False,041,False
124,NEAR_1_SUBSTITUTION,1,77382411,,FAME CARD,2008-01-28,606,famecard,ABANDONED - NO STATEMENT OF USE FILED,Dead/Abandoned,False,041,False
124,NEAR_1_INSERTION,1,78152125,,E-NAME CARD,2002-08-08,602,enamecard,ABANDONED-FAILURE TO RESPOND OR LATE RESPONSE,Dead/Abandoned,False,038,False
126,NEAR_1_SUBSTITUTION,1,77745921,4305500,UNMAKEUP,2009-05-27,710,unmakeup,CANCELLED - SECTION 8,Dead/Cancelled,False,,False
126,NEAR_1_SUBSTITUTION,1,78907826,,UNMAKEUP,2006-06-14,606,unmakeup,ABANDONED - NO STATEMENT OF USE FILED,Dead/Abandoned,False,003,True
126,NEAR_1_SUBSTITUTION,1,75523571,2396308,UNMAKEUP,1998-07-22,710,unmakeup,CANCELLED - SECTION 8,Dead/Cancelled,False,,False
126,NEAR_1_SUBSTITUTION,1,73365562,1291644,"""UNMAKEUP""",1982-05-20,710,unmakeup,CANCELLED - SECTION 8,Dead/Cancelled,False,,False
131,EXACT,0,88012263,5738145,STAY YOU,2018-06-23,702,stayyou,SECTION 8 & 15-ACCEPTED AND ACKNOWLEDGED,Live/Registered,True,025,False
131,EXACT,0,86925263,5072137,STAY YOU,2016-03-01,710,stayyou,CANCELLED - SECTION 8,Dead/Cancelled,False,,False
131,EXACT,0,77908676,4010064,STAY YOU,2010-01-11,710,stayyou,CANCELLED - SECTION 8,Dead/Cancelled,False,,False
131,NEAR_1_SUBSTITUTION,1,99634958,,STARYOU,2026-02-05,653,staryou,SUSPENSION LETTER - MAILED,Live/Pending,True,011,False
131,NEAR_1_SUBSTITUTION,1,99583384,,STARYOU,2026-01-08,802,staryou,REQUEST FOR EXTENSION OF TIME TO FILE OPPOSITION,Live/Pending,True,011,False
131,NEAR_1_DELETION,1,79448147,,SAYYOU,2025-12-19,641,sayyou,NON-FINAL ACTION - MAILED,Live/Pending,True,"018,025",False
131,NEAR_1_DELETION,1,99420118,8251228,STAYOU,2025-09-30,700,stayou,REGISTERED,Live/Registered,True,020,False
131,NEAR_1_SUBSTITUTION,1,90459595,6560683,STYYYOU,2021-01-11,700,styyyou,REGISTERED,Live/Registered,True,025,False
131,NEAR_1_SUBSTITUTION,1,90902982,6851566,STARYOU,2021-08-25,783,staryou,CANCELLED RECONSIDERED,Dead/Cancelled,False,,False
138,NEAR_1_SUBSTITUTION,1,74478119,1869397,KNOW NOISE,1994-01-10,710,knownoise,CANCELLED - SECTION 8,Dead/Cancelled,False,,False
140,NEAR_1_SUBSTITUTION,1,87502829,,KNOWN KING,2017-06-23,606,knownking,ABANDONED - NO STATEMENT OF USE FILED,Dead/Abandoned,False,025,False
142,NEAR_1_SUBSTITUTION,1,86680526,4876287,IMAGECARD,2015-07-01,800,imagecard,REGISTERED AND RENEWED,Live/Registered,True,"016,040",False
142,NEAR_1_SUBSTITUTION,1,78792104,3271796,IMAGEWARE,2006-01-16,800,imageware,REGISTERED AND RENEWED,Live/Registered,True,042,False
142,NEAR_1_SUBSTITUTION,1,79159678,,IMAGECARD,2014-10-30,402,imagecard,IR CANCELLED; US APPLICATION ABANDONED,Dead/Abandoned,False,,False
142,NEAR_1_SUBSTITUTION,1,76335560,2892314,IMAGE C A R D,2001-11-08,710,imagecard,CANCELLED - SECTION 8,Dead/Cancelled,False,,False
142,NEAR_1_SUBSTITUTION,1,76335561,2671675,IMAGE C A R D,2001-11-08,710,imagecard,CANCELLED - SECTION 8,Dead/Cancelled,False,,False
142,NEAR_1_SUBSTITUTION,1,76335562,2674482,IMAGE C A R D,2001-11-08,710,imagecard,CANCELLED - SECTION 8,Dead/Cancelled,False,,False
142,NEAR_1_SUBSTITUTION,1,75587482,2629617,IMAGEWARE,1998-11-12,710,imageware,CANCELLED - SECTION 8,Dead/Cancelled,False,,False
142,NEAR_1_SUBSTITUTION,1,75264172,2286936,IMAGEWARE,1997-03-05,710,imageware,CANCELLED - SECTION 8,Dead/Cancelled,False,,False
142,NEAR_1_SUBSTITUTION,1,74696456,1973084,IMAGECARD,1995-06-09,710,imagecard,CANCELLED - SECTION 8,Dead/Cancelled,False,,False
142,NEAR_1_SUBSTITUTION,1,74550296,,IMAGEGARD,1994-07-18,606,imagegard,ABANDONED - NO STATEMENT OF USE FILED,Dead/Abandoned,False,,False
142,NEAR_1_SUBSTITUTION,1,74549767,,IMAGE-WAND,1994-07-15,606,imagewand,ABANDONED - NO STATEMENT OF USE FILED,Dead/Abandoned,False,,False
142,NEAR_1_SUBSTITUTION,1,74539607,,IMAGECARD,1994-06-20,602,imagecard,ABANDONED-FAILURE TO RESPOND OR LATE RESPONSE,Dead/Abandoned,False,,False
142,NEAR_1_SUBSTITUTION,1,74455449,,IMAGEWARE,1993-11-02,602,imageware,ABANDONED-FAILURE TO RESPOND OR LATE RESPONSE,Dead/Abandoned,False,,False
142,NEAR_1_SUBSTITUTION,1,74291619,,IMAGEWARE,1992-07-06,602,imageware,ABANDONED-FAILURE TO RESPOND OR LATE RESPONSE,Dead/Abandoned,False,,False
142,NEAR_1_SUBSTITUTION,1,74264360,,IMAGEWARE,1992-04-09,602,imageware,ABANDONED-FAILURE TO RESPOND OR LATE RESPONSE,Dead/Abandoned,False,,False
142,NEAR_1_SUBSTITUTION,1,74182171,,IMAGEWARE,1991-07-03,602,imageware,ABANDONED-FAILURE TO RESPOND OR LATE RESPONSE,Dead/Abandoned,False,,False
142,NEAR_1_SUBSTITUTION,1,74099596,,"IMAGEWARE""",1990-09-24,602,imageware,ABANDONED-FAILURE TO RESPOND OR LATE RESPONSE,Dead/Abandoned,False,,False
142,NEAR_1_SUBSTITUTION,1,74088642,1693653,IMAGEWARE,1990-08-16,710,imageware,CANCELLED - SECTION 8,Dead/Cancelled,False,,False
142,NEAR_1_SUBSTITUTION,1,74088649,1693654,IMAGEWARE,1990-08-16,710,imageware,CANCELLED - SECTION 8,Dead/Cancelled,False,,False
142,NEAR_1_SUBSTITUTION,1,74084666,,IMAGE-WAND,1990-08-03,606,imagewand,ABANDONED - NO STATEMENT OF USE FILED,Dead/Abandoned,False,,False
142,NEAR_1_SUBSTITUTION,1,73799991,1573115,IMAGECARD,1989-05-12,710,imagecard,CANCELLED - SECTION 8,Dead/Cancelled,False,,False
142,NEAR_1_SUBSTITUTION,1,73778918,1613418,IMAGEGARD,1989-02-06,710,imagegard,CANCELLED - SECTION 8,Dead/Cancelled,False,,False
142,NEAR_1_SUBSTITUTION,1,73551533,1392206,IMAGEWARE,1985-08-02,710,imageware,CANCELLED - SECTION 8,Dead/Cancelled,False,,False
142,NEAR_1_SUBSTITUTION,1,73409989,1275119,IMAGEGARD,1983-01-19,710,imagegard,CANCELLED - SECTION 8,Dead/Cancelled,False,,False
143,EXACT,0,87847170,5575908,IMAGEMARK,2018-03-23,702,imagemark,SECTION 8 & 15-ACCEPTED AND ACKNOWLEDGED,Live/Registered,True,040,False
143,EXACT,0,76505328,2898768,IMAGEMARK,2003-04-09,710,imagemark,CANCELLED - SECTION 8,Dead/Cancelled,False,,False
143,EXACT,0,75229643,2243282,IMAGEMARK,1997-01-22,710,imagemark,CANCELLED - SECTION 8,Dead/Cancelled,False,,False
143,EXACT,0,74550295,2046288,IMAGEMARK,1994-07-18,710,imagemark,CANCELLED - SECTION 8,Dead/Cancelled,False,,False
143,EXACT,0,73689654,1658175,IMAGEMARK,1987-10-14,710,imagemark,CANCELLED - SECTION 8,Dead/Cancelled,False,,False
143,NEAR_1_DELETION,1,75293189,2412746,IMAGEARK,1997-05-16,800,imageark,REGISTERED AND RENEWED,Live/Registered,True,009,False
143,NEAR_1_SUBSTITUTION,1,73819422,1613335,IMAGE-MARQ,1989-08-15,710,imagemarq,CANCELLED - SECTION 8,Dead/Cancelled,False,,False
143,NEAR_1_SUBSTITUTION,1,73819455,1645179,IMAGE-MARQ,1989-08-15,710,imagemarq,CANCELLED - SECTION 8,Dead/Cancelled,False,,False
144,NEAR_1_SUBSTITUTION,1,90902815,7243472,IMAGE MATE,2021-08-25,700,imagemate,REGISTERED,Live/Registered,True,042,False
144,NEAR_1_SUBSTITUTION,1,77135061,3371752,IMAGEMATE,2007-03-20,800,imagemate,REGISTERED AND RENEWED,Live/Registered,True,002,False
144,NEAR_1_SUBSTITUTION,1,75676579,2472129,IMAGE MATE,1999-04-01,800,imagemate,REGISTERED AND RENEWED,Live/Registered,True,001,False
144,NEAR_1_SUBSTITUTION,1,75455714,2476099,IMAGE MATE,1998-03-24,800,imagemate,REGISTERED AND RENEWED,Live/Registered,True,009,False
144,NEAR_1_SUBSTITUTION,1,75445349,2531079,IMAGEMATE,1998-03-05,800,imagemate,REGISTERED AND RENEWED,Live/Registered,True,009,False
144,NEAR_1_SUBSTITUTION,1,79407341,,IMAGEMATE,2024-07-15,602,imagemate,ABANDONED-FAILURE TO RESPOND OR LATE RESPONSE,Dead/Abandoned,False,010,True
144,NEAR_1_SUBSTITUTION,1,77643576,,IMAGE MATE,2009-01-05,606,imagemate,ABANDONED - NO STATEMENT OF USE FILED,Dead/Abandoned,False,016,False
144,NEAR_1_SUBSTITUTION,1,78279600,,IMAGE MATE,2003-07-28,606,imagemate,ABANDONED - NO STATEMENT OF USE FILED,Dead/Abandoned,False,016,False
144,NEAR_1_SUBSTITUTION,1,74081610,1690798,IMAGEMATE,1990-07-19,710,imagemate,CANCELLED - SECTION 8,Dead/Cancelled,False,,False
144,NEAR_1_SUBSTITUTION,1,73615146,1483131,IMAGEMATE,1986-08-18,710,imagemate,CANCELLED - SECTION 8,Dead/Cancelled,False,,False
144,NEAR_1_SUBSTITUTION,1,73588162,1433635,IMAGEMATE,1986-03-17,710,imagemate,CANCELLED - SECTION 8,Dead/Cancelled,False,,False
145,EXACT,0,86732565,4986746,IMAGEFORM,2015-08-21,710,imageform,CANCELLED - SECTION 8,Dead/Cancelled,False,,False
145,EXACT,0,86643771,,IMAGE FORM,2015-05-28,602,imageform,ABANDONED-FAILURE TO RESPOND OR LATE RESPONSE,Dead/Abandoned,False,009,False
145,EXACT,0,74124859,,IMAGE/FORM,1990-12-18,606,imageform,ABANDONED - NO STATEMENT OF USE FILED,Dead/Abandoned,False,,False
145,NEAR_1_INSERTION,1,77151672,3690978,IMAGEFORUM,2007-04-09,710,imageforum,CANCELLED - SECTION 8,Dead/Cancelled,False,,False
145,NEAR_1_INSERTION,1,75475325,2376525,IMAGEFORUM,1998-04-27,710,imageforum,CANCELLED - SECTION 8,Dead/Cancelled,False,,False
145,NEAR_1_SUBSTITUTION,1,75069050,2131737,IMAGE FARM,1996-03-07,710,imagefarm,CANCELLED - SECTION 8,Dead/Cancelled,False,,False
146,EXACT,0,76180149,2799628,IMAGESTATE,2000-12-13,710,imagestate,CANCELLED - SECTION 8,Dead/Cancelled,False,,False
146,NEAR_1_SUBSTITUTION,1,86938595,,IMAGESTAGE,2016-03-14,606,imagestage,ABANDONED - NO STATEMENT OF USE FILED,Dead/Abandoned,False,009,False
146,NEAR_1_DELETION,1,74369080,2032429,IMAGESTAT,1993-03-16,710,imagestat,CANCELLED - SECTION 8,Dead/Cancelled,False,,False
146,NEAR_1_DELETION,1,74169816,,IMAGESTAT,1991-05-24,606,imagestat,ABANDONED - NO STATEMENT OF USE FILED,Dead/Abandoned,False,,False
146,NEAR_1_DELETION,1,74169817,1955212,IMAGESTAT,1991-05-24,710,imagestat,CANCELLED - SECTION 8,Dead/Cancelled,False,,False
151,NEAR_1_SUBSTITUTION,1,98248397,,THE FITTER,2023-10-31,731,thefitter,SECOND EXTENSION - GRANTED,Live/Pending,True,009,False
151,NEAR_1_SUBSTITUTION,1,88087812,6164673,THE SIFTER,2018-08-22,700,thesifter,REGISTERED,Live/Registered,True,041,False
151,NEAR_1_SUBSTITUTION,1,77515795,3582838,THE SETTER,2008-07-07,800,thesetter,REGISTERED AND RENEWED,Live/Registered,True,028,False
151,NEAR_1_SUBSTITUTION,1,75214771,2200711,THE SETTER,1996-12-16,800,thesetter,REGISTERED AND RENEWED,Live/Registered,True,028,False
151,NEAR_1_SUBSTITUTION,1,99280344,,THE FITTER,2025-07-12,602,thefitter,ABANDONED-FAILURE TO RESPOND OR LATE RESPONSE,Dead/Abandoned,False,"009,041",False
151,NEAR_1_SUBSTITUTION,1,88848654,,THE SISTER,2020-03-26,601,thesister,ABANDONED - EXPRESS,Dead/Abandoned,False,041,False
151,NEAR_1_SUBSTITUTION,1,76478354,,THE FITTER,2002-12-26,602,thefitter,ABANDONED-FAILURE TO RESPOND OR LATE RESPONSE,Dead/Abandoned,False,009,False
151,NEAR_1_SUBSTITUTION,1,78088700,,THE SIFTER,2001-10-16,606,thesifter,ABANDONED - NO STATEMENT OF USE FILED,Dead/Abandoned,False,009,False
151,NEAR_1_INSERTION,1,75251248,2166603,THE SPITTER,1997-03-04,710,thespitter,CANCELLED - SECTION 8,Dead/Cancelled,False,,False
151,NEAR_1_INSERTION,1,73201761,1165913,THE SITTERY,1979-01-29,710,thesittery,CANCELLED - SECTION 8,Dead/Cancelled,False,,False
156,EXACT,0,99920072,,REHEARSAL,2026-07-02,630,rehearsal,NEW APPLICATION - RECORD INITIALIZED NOT ASSIGNED TO EXAMINER,Live/Pending,True,"018,025,035",True
156,EXACT,0,86412329,4738938,REHEARSAL,2014-10-01,800,rehearsal,REGISTERED AND RENEWED,Live/Registered,True,009,False
156,EXACT,0,87349728,,REHEARSAL,2017-02-25,602,rehearsal,ABANDONED-FAILURE TO RESPOND OR LATE RESPONSE,Dead/Abandoned,False,042,False
156,EXACT,0,85862164,4381459,REHEARSAL,2013-02-27,710,rehearsal,CANCELLED - SECTION 8,Dead/Cancelled,False,,False
156,EXACT,0,85712387,,REHEARSAL,2012-08-24,606,rehearsal,ABANDONED - NO STATEMENT OF USE FILED,Dead/Abandoned,False,028,False
156,EXACT,0,75816257,,REHEARSAL,1999-10-06,602,rehearsal,ABANDONED-FAILURE TO RESPOND OR LATE RESPONSE,Dead/Abandoned,False,025,False
156,NEAR_1_INSERTION,1,77391591,,PREHEARSAL,2008-02-07,606,prehearsal,ABANDONED - NO STATEMENT OF USE FILED,Dead/Abandoned,False,009,False
156,NEAR_1_INSERTION,1,73429876,1294541,REHEARSALS,1983-06-13,710,rehearsals,CANCELLED - SECTION 8,Dead/Cancelled,False,,False
157,EXACT,0,99863879,,FOUNDATION,2026-06-03,630,foundation,NEW APPLICATION - RECORD INITIALIZED NOT ASSIGNED TO EXAMINER,Live/Pending,True,025,False
157,EXACT,0,99747470,,FOUNDATION,2026-04-06,641,foundation,NON-FINAL ACTION - MAILED,Live/Pending,True,020,False
157,EXACT,0,99620955,,FOUNDATION,2026-01-28,641,foundation,NON-FINAL ACTION - MAILED,Live/Pending,True,033,False
157,EXACT,0,99445415,,FOUNDATION,2025-10-15,641,foundation,NON-FINAL ACTION - MAILED,Live/Pending,True,"009,012,037,042",False
157,EXACT,0,99266984,,FOUNDATION,2025-07-03,653,foundation,SUSPENSION LETTER - MAILED,Live/Pending,True,012,False
157,EXACT,0,99238543,,FOUNDATION,2025-06-17,688,foundation,NOTICE OF ALLOWANCE - ISSUED,Live/Pending,True,036,False
157,EXACT,0,99203240,,FOUNDATION,2025-05-27,688,foundation,NOTICE OF ALLOWANCE - ISSUED,Live/Pending,True,012,False
157,EXACT,0,99058250,,FOUNDATION,2025-02-26,661,foundation,RESPONSE AFTER NON-FINAL ACTION - ENTERED,Live/Pending,True,"035,041",True
157,EXACT,0,98023366,7998895,FOUNDATION,2023-06-01,700,foundation,REGISTERED,Live/Registered,True,"010,042,044",True
157,EXACT,0,97817578,7770896,FOUNDATION,2023-03-01,700,foundation,REGISTERED,Live/Registered,True,"043,044",True
157,EXACT,0,97348029,7045160,FOUNDATION,2022-04-05,700,foundation,REGISTERED,Live/Registered,True,019,False
157,EXACT,0,97274293,7083802,FOUNDATION,2022-02-18,700,foundation,REGISTERED,Live/Registered,True,009,False
157,EXACT,0,90392525,6508539,FOUNDATION,2020-12-18,700,foundation,REGISTERED,Live/Registered,True,025,False
157,EXACT,0,90392560,6508547,FOUNDATION,2020-12-18,700,foundation,REGISTERED,Live/Registered,True,010,True
157,EXACT,0,90185648,7347227,FOUNDATION,2020-09-16,700,foundation,REGISTERED,Live/Registered,True,"009,041",False
157,EXACT,0,90008114,6616276,FOUNDATION,2020-06-18,700,foundation,REGISTERED,Live/Registered,True,"009,042",False
157,EXACT,0,88864748,6235429,FOUNDATION,2020-04-08,700,foundation,REGISTERED,Live/Registered,True,006,False
157,EXACT,0,88759571,6113080,FOUNDATION,2020-01-15,700,foundation,REGISTERED,Live/Registered,True,042,False
157,EXACT,0,87861059,5824177,FOUNDATION,2018-04-03,702,foundation,SECTION 8 & 15-ACCEPTED AND ACKNOWLEDGED,Live/Registered,True,"008,009,012,028",False
157,EXACT,0,87840222,6069949,FOUNDATION,2018-03-19,700,foundation,REGISTERED,Live/Registered,True,009,False
157,EXACT,0,87584298,5447439,FOUNDATION,2017-08-25,702,foundation,SECTION 8 & 15-ACCEPTED AND ACKNOWLEDGED,Live/Registered,True,001,False
157,EXACT,0,87527515,5552102,FOUNDATION,2017-07-13,702,foundation,SECTION 8 & 15-ACCEPTED AND ACKNOWLEDGED,Live/Registered,True,013,False
157,EXACT,0,87499373,5343050,FOUNDATION,2017-06-21,701,foundation,SECTION 8-ACCEPTED,Live/Registered,True,005,True
157,EXACT,0,86864650,5158868,FOUNDATION,2016-01-04,800,foundation,REGISTERED AND RENEWED,Live/Registered,True,"010,025",True
157,EXACT,0,85973294,4519273,FOUNDATION,2013-06-28,800,foundation,REGISTERED AND RENEWED,Live/Registered,True,011,False
157,EXACT,0,85512683,4231449,FOUNDATION,2012-01-10,800,foundation,REGISTERED AND RENEWED,Live/Registered,True,009,False
157,EXACT,0,77726781,3809203,FOUNDATION,2009-05-01,800,foundation,REGISTERED AND RENEWED,Live/Registered,True,036,False
157,EXACT,0,77480544,4026433,FOUNDATION,2008-05-21,800,foundation,REGISTERED AND RENEWED,Live/Registered,True,005,True
157,EXACT,0,77405130,3636295,FOUNDATION,2008-02-25,800,foundation,REGISTERED AND RENEWED,Live/Registered,True,"041,042",False
157,EXACT,0,77180506,3924416,FOUNDATION,2007-05-14,800,foundation,REGISTERED AND RENEWED,Live/Registered,True,002,False
157,EXACT,0,78848682,3208322,FOUNDATION,2006-03-29,800,foundation,REGISTERED AND RENEWED,Live/Registered,True,005,True
157,EXACT,0,78253680,2862755,FOUNDATION,2003-05-23,800,foundation,REGISTERED AND RENEWED,Live/Registered,True,018,False
157,EXACT,0,78253683,2927786,FOUNDATION,2003-05-23,800,foundation,REGISTERED AND RENEWED,Live/Registered,True,025,False
157,EXACT,0,78253686,2862756,FOUNDATION,2003-05-23,800,foundation,REGISTERED AND RENEWED,Live/Registered,True,028,False
157,EXACT,0,78179629,2828615,FOUNDATION,2002-10-29,800,foundation,REGISTERED AND RENEWED,Live/Registered,True,"041,042",False
157,EXACT,0,76265697,2644285,FOUNDATION,2001-06-04,800,foundation,REGISTERED AND RENEWED,Live/Registered,True,009,False
157,EXACT,0,75917222,2698167,FOUNDATION,2000-02-14,800,foundation,REGISTERED AND RENEWED,Live/Registered,True,002,False
157,EXACT,0,74418481,2032454,FOUNDATION,1993-07-26,800,foundation,REGISTERED AND RENEWED,Live/Registered,True,"009,042",False
157,EXACT,0,74313608,1819447,FOUNDATION,1992-09-14,800,foundation,REGISTERED AND RENEWED,Live/Registered,True,010,True
157,EXACT,0,73550181,1420339,FOUNDATION,1985-07-26,800,foundation,REGISTERED AND RENEWED,Live/Registered,True,031,False
157,EXACT,0,73442210,1292784,FOUNDATION,1983-09-02,800,foundation,REGISTERED AND RENEWED,Live/Registered,True,015,False
157,EXACT,0,97722337,,FOUNDATION,2022-12-19,614,foundation,ABANDONED PETITION TO REVIVE-DENIED,Dead/Abandoned,False,012,False
157,EXACT,0,97347532,,FOUNDATION,2022-04-05,602,foundation,ABANDONED-FAILURE TO RESPOND OR LATE RESPONSE,Dead/Abandoned,False,019,False
157,EXACT,0,90754069,,FOUNDATION,2021-06-04,606,foundation,ABANDONED - NO STATEMENT OF USE FILED,Dead/Abandoned,False,042,False
157,EXACT,0,90663483,,FOUNDATION,2021-04-22,602,foundation,ABANDONED-FAILURE TO RESPOND OR LATE RESPONSE,Dead/Abandoned,False,010,True
157,EXACT,0,90369348,,FOUNDATION,2020-12-09,606,foundation,ABANDONED - NO STATEMENT OF USE FILED,Dead/Abandoned,False,009,False
157,EXACT,0,88703442,,FOUNDATION,2019-11-22,602,foundation,ABANDONED-FAILURE TO RESPOND OR LATE RESPONSE,Dead/Abandoned,False,005,True
157,EXACT,0,88338131,,FOUNDATION,2019-03-13,602,foundation,ABANDONED-FAILURE TO RESPOND OR LATE RESPONSE,Dead/Abandoned,False,001,False
157,EXACT,0,87808752,,FOUNDATION,2018-02-23,606,foundation,ABANDONED - NO STATEMENT OF USE FILED,Dead/Abandoned,False,035,True
157,EXACT,0,87803755,,FOUNDATION,2018-02-20,606,foundation,ABANDONED - NO STATEMENT OF USE FILED,Dead/Abandoned,False,042,False
157,EXACT,0,87691477,5662751,FOUNDATION,2017-11-20,710,foundation,CANCELLED - SECTION 8,Dead/Cancelled,False,,False
157,EXACT,0,87540011,,FOUNDATION,2017-07-24,605,foundation,ABANDONED EXPRESS AFTER PUB,Dead/Abandoned,False,,False
157,EXACT,0,87454584,5359431,FOUNDATION,2017-05-18,711,foundation,CANCELLED - SECTION 7,Dead/Cancelled,False,,False
157,EXACT,0,87288286,,FOUNDATION,2017-01-03,600,foundation,ABANDONED - INCOMPLETE RESPONSE,Dead/Abandoned,False,036,False
157,EXACT,0,87229391,,FOUNDATION,2016-11-08,602,foundation,ABANDONED-FAILURE TO RESPOND OR LATE RESPONSE,Dead/Abandoned,False,011,False
157,EXACT,0,87097907,,FOUNDATION,2016-07-08,606,foundation,ABANDONED - NO STATEMENT OF USE FILED,Dead/Abandoned,False,028,False
157,EXACT,0,86946104,,FOUNDATION,2016-03-18,602,foundation,ABANDONED-FAILURE TO RESPOND OR LATE RESPONSE,Dead/Abandoned,False,041,False
157,EXACT,0,86514782,4995865,FOUNDATION,2015-01-26,710,foundation,CANCELLED - SECTION 8,Dead/Cancelled,False,,False
157,EXACT,0,86468753,4872186,FOUNDATION,2014-12-02,710,foundation,CANCELLED - SECTION 8,Dead/Cancelled,False,,False
157,EXACT,0,86468762,4872187,FOUNDATION,2014-12-02,710,foundation,CANCELLED - SECTION 8,Dead/Cancelled,False,,False
157,EXACT,0,86086410,,FOUNDATION,2013-10-08,602,foundation,ABANDONED-FAILURE TO RESPOND OR LATE RESPONSE,Dead/Abandoned,False,"025,035",True
157,EXACT,0,85937552,4494019,FOUNDATION,2013-05-20,710,foundation,CANCELLED - SECTION 8,Dead/Cancelled,False,,False
157,EXACT,0,85796795,,FOUNDATION,2012-12-06,606,foundation,ABANDONED - NO STATEMENT OF USE FILED,Dead/Abandoned,False,042,False
157,EXACT,0,85690266,,FOUNDATION,2012-07-30,606,foundation,ABANDONED - NO STATEMENT OF USE FILED,Dead/Abandoned,False,010,True
157,EXACT,0,85565739,4278522,FOUNDATION,2012-03-09,710,foundation,CANCELLED - SECTION 8,Dead/Cancelled,False,,False
157,EXACT,0,85503258,,FOUNDATION,2011-12-23,602,foundation,ABANDONED-FAILURE TO RESPOND OR LATE RESPONSE,Dead/Abandoned,False,042,False
157,EXACT,0,85413425,,.FOUNDATION,2011-09-01,602,foundation,ABANDONED-FAILURE TO RESPOND OR LATE RESPONSE,Dead/Abandoned,False,"035,042,045",True
157,EXACT,0,85408613,,FOUNDATION,2011-08-26,606,foundation,ABANDONED - NO STATEMENT OF USE FILED,Dead/Abandoned,False,"036,041",False
157,EXACT,0,85399775,,FOUNDATION,2011-08-17,602,foundation,ABANDONED-FAILURE TO RESPOND OR LATE RESPONSE,Dead/Abandoned,False,00A,False
157,EXACT,0,85224589,,FOUNDATION,2011-01-24,606,foundation,ABANDONED - NO STATEMENT OF USE FILED,Dead/Abandoned,False,"006,019",False
157,EXACT,0,77726746,,FOUNDATION,2009-05-01,601,foundation,ABANDONED - EXPRESS,Dead/Abandoned,False,036,False
157,EXACT,0,77638166,,FOUNDATION,2008-12-22,603,foundation,ABANDONED - AFTER EX PARTE APPEAL,Dead/Abandoned,False,005,True
157,EXACT,0,77404046,3636286,FOUNDATION,2008-02-22,710,foundation,CANCELLED - SECTION 8,Dead/Cancelled,False,,False
157,EXACT,0,77339622,,FOUNDATION,2007-11-29,602,foundation,ABANDONED-FAILURE TO RESPOND OR LATE RESPONSE,Dead/Abandoned,False,005,True
157,EXACT,0,77149282,,FOUNDATION,2007-04-05,602,foundation,ABANDONED-FAILURE TO RESPOND OR LATE RESPONSE,Dead/Abandoned,False,001,False
157,EXACT,0,76673980,3454288,FOUNDATION,2007-03-12,710,foundation,CANCELLED - SECTION 8,Dead/Cancelled,False,,False
157,EXACT,0,78618130,3250491,FOUNDATION,2005-04-27,710,foundation,CANCELLED - SECTION 8,Dead/Cancelled,False,,False
157,EXACT,0,78488172,3017862,FOUNDATION,2004-09-23,710,foundation,CANCELLED - SECTION 8,Dead/Cancelled,False,,False
157,EXACT,0,76539402,,FOUNDATION,2003-08-20,606,foundation,ABANDONED - NO STATEMENT OF USE FILED,Dead/Abandoned,False,010,True
157,EXACT,0,78270251,2986248,FOUNDATION,2003-07-03,710,foundation,CANCELLED - SECTION 8,Dead/Cancelled,False,,False
157,EXACT,0,78198587,2956884,FOUNDATION,2002-12-30,710,foundation,CANCELLED - SECTION 8,Dead/Cancelled,False,,False
157,EXACT,0,76424605,,FOUNDATION,2002-06-24,606,foundation,ABANDONED - NO STATEMENT OF USE FILED,Dead/Abandoned,False,005,True
157,EXACT,0,76346778,,FOUNDATION,2001-12-07,602,foundation,ABANDONED-FAILURE TO RESPOND OR LATE RESPONSE,Dead/Abandoned,False,036,False
157,EXACT,0,76297898,2668387,FOUNDATION,2001-08-13,710,foundation,CANCELLED - SECTION 8,Dead/Cancelled,False,,False
157,EXACT,0,76298023,2624484,FOUNDATION,2001-08-13,710,foundation,CANCELLED - SECTION 8,Dead/Cancelled,False,,False
157,EXACT,0,76222030,,FOUNDATION,2001-03-08,604,foundation,ABANDONED - AFTER INTER-PARTES DECISION,Dead/Abandoned,False,,False
157,EXACT,0,76215919,2711901,FOUNDATION,2001-02-26,710,foundation,CANCELLED - SECTION 8,Dead/Cancelled,False,,False
157,EXACT,0,76193349,,FOUNDATION,2001-01-16,606,foundation,ABANDONED - NO STATEMENT OF USE FILED,Dead/Abandoned,False,009,False
157,EXACT,0,78040028,2776773,FOUNDATION,2000-12-20,710,foundation,CANCELLED - SECTION 8,Dead/Cancelled,False,,False
157,EXACT,0,76156970,2689515,FOUNDATION,2000-10-31,710,foundation,CANCELLED - SECTION 8,Dead/Cancelled,False,,False
157,EXACT,0,76125522,,FOUNDATION,2000-09-11,602,foundation,ABANDONED-FAILURE TO RESPOND OR LATE RESPONSE,Dead/Abandoned,False,005,True
157,EXACT,0,76068968,,FOUNDATION,2000-06-14,606,foundation,ABANDONED - NO STATEMENT OF USE FILED,Dead/Abandoned,False,"020,021",True
157,EXACT,0,76044958,,FOUNDATION,2000-05-09,602,foundation,ABANDONED-FAILURE TO RESPOND OR LATE RESPONSE,Dead/Abandoned,False,010,True
157,EXACT,0,75875414,,FOUNDATION,2000-01-03,602,foundation,ABANDONED-FAILURE TO RESPOND OR LATE RESPONSE,Dead/Abandoned,False,005,True
157,EXACT,0,75768501,,FOUNDATION,1999-08-05,606,foundation,ABANDONED - NO STATEMENT OF USE FILED,Dead/Abandoned,False,001,False
157,EXACT,0,75759224,2366299,FOUNDATION,1999-07-22,710,foundation,CANCELLED - SECTION 8,Dead/Cancelled,False,,False
157,EXACT,0,75699365,,FOUNDATION,1999-05-07,602,foundation,ABANDONED-FAILURE TO RESPOND OR LATE RESPONSE,Dead/Abandoned,False,009,False
157,EXACT,0,75622381,,FOUNDATION,1999-01-15,606,foundation,ABANDONED - NO STATEMENT OF USE FILED,Dead/Abandoned,False,009,False
157,EXACT,0,75520592,2333834,FOUNDATION,1998-07-17,710,foundation,CANCELLED - SECTION 8,Dead/Cancelled,False,,False
157,EXACT,0,75507094,2299633,FOUNDATION,1998-06-23,710,foundation,CANCELLED - SECTION 8,Dead/Cancelled,False,,False
157,EXACT,0,75482297,,FOUNDATION,1998-05-08,606,foundation,ABANDONED - NO STATEMENT OF USE FILED,Dead/Abandoned,False,005,True
157,EXACT,0,75464956,2411078,FOUNDATION,1998-04-08,710,foundation,CANCELLED - SECTION 8,Dead/Cancelled,False,,False
157,EXACT,0,75457643,2256928,FOUNDATION,1998-03-26,710,foundation,CANCELLED - SECTION 8,Dead/Cancelled,False,,False
157,EXACT,0,75407085,,FOUNDATION,1997-12-17,602,foundation,ABANDONED-FAILURE TO RESPOND OR LATE RESPONSE,Dead/Abandoned,False,,False
157,EXACT,0,75380109,2970834,FOUNDATION,1997-10-27,710,foundation,CANCELLED - SECTION 8,Dead/Cancelled,False,,False
157,EXACT,0,75268020,,FOUNDATION,1997-04-02,602,foundation,ABANDONED-FAILURE TO RESPOND OR LATE RESPONSE,Dead/Abandoned,False,,False
157,EXACT,0,75262966,,FOUNDATION,1997-03-24,602,foundation,ABANDONED-FAILURE TO RESPOND OR LATE RESPONSE,Dead/Abandoned,False,,False
157,EXACT,0,75203885,,FOUNDATION,1996-11-12,602,foundation,ABANDONED-FAILURE TO RESPOND OR LATE RESPONSE,Dead/Abandoned,False,,False
157,EXACT,0,75172940,,FOUNDATION,1996-09-27,602,foundation,ABANDONED-FAILURE TO RESPOND OR LATE RESPONSE,Dead/Abandoned,False,036,False
157,EXACT,0,75096502,,FOUNDATION,1996-04-30,606,foundation,ABANDONED - NO STATEMENT OF USE FILED,Dead/Abandoned,False,,False
157,EXACT,0,75062462,2207862,FOUNDATION,1996-02-23,710,foundation,CANCELLED - SECTION 8,Dead/Cancelled,False,,False
157,EXACT,0,75052249,2131715,FOUNDATION,1996-02-01,713,foundation,CANCELLED - SECTION 18,Dead/Cancelled,False,,False
157,EXACT,0,75025833,,FOUNDATION,1995-11-30,602,foundation,ABANDONED-FAILURE TO RESPOND OR LATE RESPONSE,Dead/Abandoned,False,,False
157,EXACT,0,74125329,1664676,FOUNDATION,1990-12-11,710,foundation,CANCELLED - SECTION 8,Dead/Cancelled,False,,False
157,EXACT,0,74071504,1683935,FOUNDATION,1990-06-21,710,foundation,CANCELLED - SECTION 8,Dead/Cancelled,False,,False
157,EXACT,0,73825462,1600890,FOUNDATION,1989-09-15,710,foundation,CANCELLED - SECTION 8,Dead/Cancelled,False,,False
157,EXACT,0,73681687,1518249,FOUNDATION,1987-08-31,710,foundation,CANCELLED - SECTION 8,Dead/Cancelled,False,,False
157,EXACT,0,73588045,,FOUNDATION,1986-03-14,602,foundation,ABANDONED-FAILURE TO RESPOND OR LATE RESPONSE,Dead/Abandoned,False,,False
157,EXACT,0,73466906,1344934,FOUNDATION,1984-02-23,710,foundation,CANCELLED - SECTION 8,Dead/Cancelled,False,,False
157,EXACT,0,73422870,1278567,FOUNDATION,1983-04-25,710,foundation,CANCELLED - SECTION 8,Dead/Cancelled,False,,False
157,EXACT,0,73357548,,FOUNDATION,1982-03-31,602,foundation,ABANDONED-FAILURE TO RESPOND OR LATE RESPONSE,Dead/Abandoned,False,,False
157,EXACT,0,73315943,1228084,FOUNDATION,1981-06-22,710,foundation,CANCELLED - SECTION 8,Dead/Cancelled,False,,False
157,EXACT,0,73294096,1190541,FOUNDATION,1981-01-23,710,foundation,CANCELLED - SECTION 8,Dead/Cancelled,False,,False
157,EXACT,0,72082764,0728952,FOUNDATION,1959-10-06,900,foundation,EXPIRED,Dead/Expired,False,,False
157,NEAR_1_INSERTION,1,99908724,,FOUNDATIONS,2026-06-26,630,foundations,NEW APPLICATION - RECORD INITIALIZED NOT ASSIGNED TO EXAMINER,Live/Pending,True,005,True
157,NEAR_1_INSERTION,1,99874614,,R FOUNDATION,2026-06-09,630,rfoundation,NEW APPLICATION - RECORD INITIALIZED NOT ASSIGNED TO EXAMINER,Live/Pending,True,"035,041",True
157,NEAR_1_INSERTION,1,99843659,,FOUNDATIONS,2026-05-25,630,foundations,NEW APPLICATION - RECORD INITIALIZED NOT ASSIGNED TO EXAMINER,Live/Pending,True,005,True
157,NEAR_1_INSERTION,1,99788041,,FOUNDATION 1,2026-04-27,630,foundation1,NEW APPLICATION - RECORD INITIALIZED NOT ASSIGNED TO EXAMINER,Live/Pending,True,041,False
157,NEAR_1_INSERTION,1,99735042,,FOUNDATION 0,2026-03-31,630,foundation0,NEW APPLICATION - RECORD INITIALIZED NOT ASSIGNED TO EXAMINER,Live/Pending,True,042,False
157,NEAR_1_INSERTION,1,99671887,,FOUNDATION 1,2026-02-26,641,foundation1,NON-FINAL ACTION - MAILED,Live/Pending,True,"005,035",True
157,NEAR_1_INSERTION,1,99492940,,FOUNDATIONS,2025-11-12,661,foundations,RESPONSE AFTER NON-FINAL ACTION - ENTERED,Live/Pending,True,"009,016",False
157,NEAR_1_INSERTION,1,99453888,,FOUNDATIONS,2025-10-21,688,foundations,NOTICE OF ALLOWANCE - ISSUED,Live/Pending,True,"012,020,021,024,028",True
157,NEAR_1_INSERTION,1,99454219,,FOUNDATIONS,2025-10-21,688,foundations,NOTICE OF ALLOWANCE - ISSUED,Live/Pending,True,"020,021,024",True
157,NEAR_1_INSERTION,1,99447404,,QFOUNDATION,2025-10-16,688,qfoundation,NOTICE OF ALLOWANCE - ISSUED,Live/Pending,True,036,False
157,NEAR_1_INSERTION,1,98944534,,FOUNDATIONS +,2025-01-08,730,foundations,FIRST EXTENSION - GRANTED,Live/Pending,True,011,False
157,NEAR_1_INSERTION,1,98945071,,FOUNDATIONS+,2025-01-08,730,foundations,FIRST EXTENSION - GRANTED,Live/Pending,True,011,False
157,NEAR_1_INSERTION,1,98782581,,FOUNDATIONS,2024-10-02,730,foundations,FIRST EXTENSION - GRANTED,Live/Pending,True,042,False
157,NEAR_1_INSERTION,1,98475779,,X FOUNDATION,2024-03-29,731,xfoundation,SECOND EXTENSION - GRANTED,Live/Pending,True,"036,041",False
157,NEAR_1_INSERTION,1,97927705,,EFOUNDATION,2023-05-09,688,efoundation,NOTICE OF ALLOWANCE - ISSUED,Live/Pending,True,"035,036,041",True
157,NEAR_1_INSERTION,1,97530551,7505035,FOUNDATION 3,2022-08-02,700,foundation3,REGISTERED,Live/Registered,True,"041,043",False
157,NEAR_1_INSERTION,1,97055121,6888489,FOUNDATIONS,2021-09-30,700,foundations,REGISTERED,Live/Registered,True,042,False
157,NEAR_1_INSERTION,1,97008651,7140201,FOUNDATION X,2021-09-02,700,foundationx,REGISTERED,Live/Registered,True,"035,036",True
157,NEAR_1_INSERTION,1,90093217,6847363,F FOUNDATION,2020-08-04,700,ffoundation,REGISTERED,Live/Registered,True,"006,019",False
157,NEAR_1_INSERTION,1,88818807,6130402,FOUNDATIONS,2020-03-03,700,foundations,REGISTERED,Live/Registered,True,027,False
157,NEAR_1_INSERTION,1,88694222,6084416,FOUNDATION 1,2019-11-15,700,foundation1,REGISTERED,Live/Registered,True,037,False
157,NEAR_1_INSERTION,1,87952911,6136839,FOUNDATIONS,2018-06-07,700,foundations,REGISTERED,Live/Registered,True,"011,021",True
157,NEAR_1_INSERTION,1,87584347,5447445,FOUNDATION B,2017-08-25,702,foundationb,SECTION 8 & 15-ACCEPTED AND ACKNOWLEDGED,Live/Registered,True,001,False
157,NEAR_1_INSERTION,1,87330625,5315365,FOUNDATIONS,2017-02-09,702,foundations,SECTION 8 & 15-ACCEPTED AND ACKNOWLEDGED,Live/Registered,True,"012,020,024",False
157,NEAR_1_INSERTION,1,86816741,5196503,FOUNDATIONS,2015-11-11,701,foundations,SECTION 8-ACCEPTED,Live/Registered,True,019,False
157,NEAR_1_INSERTION,1,86397871,4796753,FOUNDNATION,2014-09-17,800,foundnation,REGISTERED AND RENEWED,Live/Registered,True,025,False
157,NEAR_1_INSERTION,1,85628415,4278839,FOUNDATIONS,2012-05-17,800,foundations,REGISTERED AND RENEWED,Live/Registered,True,002,False
157,NEAR_1_INSERTION,1,85073925,3999593,FOUNDATIONS,2010-06-29,800,foundations,REGISTERED AND RENEWED,Live/Registered,True,020,False
157,NEAR_1_INSERTION,1,77724095,3782597,FOUNDATIONS,2009-04-28,800,foundations,REGISTERED AND RENEWED,Live/Registered,True,011,False
157,NEAR_1_INSERTION,1,78774799,3341516,FOUNDATIONS,2005-12-16,800,foundations,REGISTERED AND RENEWED,Live/Registered,True,036,False
157,NEAR_1_INSERTION,1,78672774,3170939,FOUNDATIONS,2005-07-18,800,foundations,REGISTERED AND RENEWED,Live/Registered,True,"035,041,042",True
157,NEAR_1_INSERTION,1,78284731,3012027,FOUNDATIONS,2003-08-07,800,foundations,REGISTERED AND RENEWED,Live/Registered,True,020,False
157,NEAR_1_INSERTION,1,78284736,3012028,FOUNDATIONS,2003-08-07,800,foundations,REGISTERED AND RENEWED,Live/Registered,True,020,False
157,NEAR_1_INSERTION,1,78242293,2838698,FOUNDATIONS,2003-04-25,800,foundations,REGISTERED AND RENEWED,Live/Registered,True,020,False
157,NEAR_1_INSERTION,1,76444116,2975086,F FOUNDATION,2002-08-27,800,ffoundation,REGISTERED AND RENEWED,Live/Registered,True,00A,False
157,NEAR_1_INSERTION,1,75976757,2159747,FOUNDATIONS,1995-10-11,800,foundations,REGISTERED AND RENEWED,Live/Registered,True,016,False
157,NEAR_1_INSERTION,1,74553146,1909044,FOUNDATIONS,1994-07-25,800,foundations,REGISTERED AND RENEWED,Live/Registered,True,042,False
157,NEAR_1_INSERTION,1,99190716,,FOUNDATION 1,2025-05-18,602,foundation1,ABANDONED-FAILURE TO RESPOND OR LATE RESPONSE,Dead/Abandoned,False,"036,045",False
157,NEAR_1_INSERTION,1,98392640,,FOUNDATION V,2024-02-05,602,foundationv,ABANDONED-FAILURE TO RESPOND OR LATE RESPONSE,Dead/Abandoned,False,"005,035,041",True
157,NEAR_1_INSERTION,1,98191079,,FOUNDATIONS,2023-09-21,602,foundations,ABANDONED-FAILURE TO RESPOND OR LATE RESPONSE,Dead/Abandoned,False,041,False
157,NEAR_1_INSERTION,1,97833934,,FOUNDATIONS,2023-03-10,606,foundations,ABANDONED - NO STATEMENT OF USE FILED,Dead/Abandoned,False,"035,042",True
157,NEAR_1_INSERTION,1,97645350,,FOUNDATIONS,2022-10-24,602,foundations,ABANDONED-FAILURE TO RESPOND OR LATE RESPONSE,Dead/Abandoned,False,041,False
157,NEAR_1_INSERTION,1,97352233,,FOUNDATIONS+,2022-04-07,606,foundations,ABANDONED - NO STATEMENT OF USE FILED,Dead/Abandoned,False,"016,041,042",False
157,NEAR_1_INSERTION,1,88947712,,FOUNDATIONS,2020-06-04,602,foundations,ABANDONED-FAILURE TO RESPOND OR LATE RESPONSE,Dead/Abandoned,False,009,False
157,NEAR_1_INSERTION,1,88925045,,FOUNDATIONS,2020-05-20,602,foundations,ABANDONED-FAILURE TO RESPOND OR LATE RESPONSE,Dead/Abandoned,False,016,False
157,NEAR_1_INSERTION,1,88888817,,FOUNDNATION,2020-04-27,606,foundnation,ABANDONED - NO STATEMENT OF USE FILED,Dead/Abandoned,False,003,True
157,NEAR_1_INSERTION,1,88781173,,V FOUNDATION,2020-01-31,602,vfoundation,ABANDONED-FAILURE TO RESPOND OR LATE RESPONSE,Dead/Abandoned,False,036,False
157,NEAR_1_INSERTION,1,88270157,5821568,FOUNDATIONS,2019-01-21,710,foundations,CANCELLED - SECTION 8,Dead/Cancelled,False,,False
157,NEAR_1_INSERTION,1,87282858,,C++ FOUNDATION,2016-12-28,602,cfoundation,ABANDONED-FAILURE TO RESPOND OR LATE RESPONSE,Dead/Abandoned,False,042,False
157,NEAR_1_INSERTION,1,87282904,,C++ FOUNDATION,2016-12-28,601,cfoundation,ABANDONED - EXPRESS,Dead/Abandoned,False,042,False
157,NEAR_1_DELETION,1,87000948,5326651,FONDATION,2016-04-14,710,fondation,CANCELLED - SECTION 8,Dead/Cancelled,False,,False
157,NEAR_1_DELETION,1,86349510,4711410,FUNDATION,2014-07-28,710,fundation,CANCELLED - SECTION 8,Dead/Cancelled,False,,False
157,NEAR_1_DELETION,1,85710377,4433654,FUNDATION,2012-08-22,710,fundation,CANCELLED - SECTION 8,Dead/Cancelled,False,,False
157,NEAR_1_DELETION,1,85710416,4437415,FUNDATION,2012-08-22,710,fundation,CANCELLED - SECTION 8,Dead/Cancelled,False,,False
157,NEAR_1_INSERTION,1,85668142,4292041,FOUNDATIONS,2012-07-03,710,foundations,CANCELLED - SECTION 8,Dead/Cancelled,False,,False
157,NEAR_1_INSERTION,1,85329877,,IFOUNDATION,2011-05-25,602,ifoundation,ABANDONED-FAILURE TO RESPOND OR LATE RESPONSE,Dead/Abandoned,False,035,True
157,NEAR_1_INSERTION,1,77945650,3859963,EFOUNDATION,2010-02-26,710,efoundation,CANCELLED - SECTION 8,Dead/Cancelled,False,,False
157,NEAR_1_INSERTION,1,77674982,,FOUNDATIONS,2009-02-20,602,foundations,ABANDONED-FAILURE TO RESPOND OR LATE RESPONSE,Dead/Abandoned,False,009,False
157,NEAR_1_INSERTION,1,77574195,,FOUNDATIONS,2008-09-19,603,foundations,ABANDONED - AFTER EX PARTE APPEAL,Dead/Abandoned,False,036,False
157,NEAR_1_INSERTION,1,77514826,,FOUNDNATION,2008-07-03,606,foundnation,ABANDONED - NO STATEMENT OF USE FILED,Dead/Abandoned,False,035,True
157,NEAR_1_INSERTION,1,77414382,,FOUNDATIONS,2008-03-05,602,foundations,ABANDONED-FAILURE TO RESPOND OR LATE RESPONSE,Dead/Abandoned,False,005,True
157,NEAR_1_INSERTION,1,77380893,,FOUNDATIONS,2008-01-25,602,foundations,ABANDONED-FAILURE TO RESPOND OR LATE RESPONSE,Dead/Abandoned,False,009,False
157,NEAR_1_INSERTION,1,77238901,,FOUNDATIONS,2007-07-25,602,foundations,ABANDONED-FAILURE TO RESPOND OR LATE RESPONSE,Dead/Abandoned,False,041,False
157,NEAR_1_INSERTION,1,78602847,,FOUNDATIONS,2005-04-06,606,foundations,ABANDONED - NO STATEMENT OF USE FILED,Dead/Abandoned,False,029,False
157,NEAR_1_INSERTION,1,78483061,3049591,X FOUNDATION,2004-09-14,711,xfoundation,CANCELLED - SECTION 7,Dead/Cancelled,False,,False
157,NEAR_1_INSERTION,1,78354445,,FOUNDATIONS,2004-01-20,606,foundations,ABANDONED - NO STATEMENT OF USE FILED,Dead/Abandoned,False,017,False
157,NEAR_1_INSERTION,1,78261841,,FOUNDATIONS,2003-06-12,606,foundations,ABANDONED - NO STATEMENT OF USE FILED,Dead/Abandoned,False,021,True
157,NEAR_1_INSERTION,1,78226411,2871574,FOUNDATIONS,2003-03-17,710,foundations,CANCELLED - SECTION 8,Dead/Cancelled,False,,False
157,NEAR_1_INSERTION,1,78226429,2871575,FOUNDATIONS,2003-03-17,710,foundations,CANCELLED - SECTION 8,Dead/Cancelled,False,,False
157,NEAR_1_INSERTION,1,78151307,,IFOUNDATION,2002-08-06,602,ifoundation,ABANDONED-FAILURE TO RESPOND OR LATE RESPONSE,Dead/Abandoned,False,041,False
157,NEAR_1_INSERTION,1,76178068,2776202,E-FOUNDATION,2000-12-08,710,efoundation,CANCELLED - SECTION 8,Dead/Cancelled,False,,False
157,NEAR_1_SUBSTITUTION,1,76093888,,SOUNDATION,2000-07-21,606,soundation,ABANDONED - NO STATEMENT OF USE FILED,Dead/Abandoned,False,"009,035,041",True
157,NEAR_1_INSERTION,1,76019725,,E-FOUNDATION,2000-04-07,602,efoundation,ABANDONED-FAILURE TO RESPOND OR LATE RESPONSE,Dead/Abandoned,False,042,False
157,NEAR_1_DELETION,1,75924375,,FUN-DATION,2000-02-22,606,fundation,ABANDONED - NO STATEMENT OF USE FILED,Dead/Abandoned,False,036,False
157,NEAR_1_INSERTION,1,75848703,2523294,FOUNDATIONS,1999-11-16,710,foundations,CANCELLED - SECTION 8,Dead/Cancelled,False,,False
157,NEAR_1_DELETION,1,75835189,,FUNDATION,1999-11-15,602,fundation,ABANDONED-FAILURE TO RESPOND OR LATE RESPONSE,Dead/Abandoned,False,"035,036,042",True
157,NEAR_1_INSERTION,1,75804009,,I.FOUNDATION,1999-09-21,602,ifoundation,ABANDONED-FAILURE TO RESPOND OR LATE RESPONSE,Dead/Abandoned,False,009,False
157,NEAR_1_DELETION,1,75544953,,FUN-DATION,1998-08-28,602,fundation,ABANDONED-FAILURE TO RESPOND OR LATE RESPONSE,Dead/Abandoned,False,040,False
157,NEAR_1_INSERTION,1,75385626,,FOUNDATIONS,1997-11-06,602,foundations,ABANDONED-FAILURE TO RESPOND OR LATE RESPONSE,Dead/Abandoned,False,016,False
157,NEAR_1_INSERTION,1,75385680,,FOUNDATIONS,1997-11-06,602,foundations,ABANDONED-FAILURE TO RESPOND OR LATE RESPONSE,Dead/Abandoned,False,016,False
157,NEAR_1_INSERTION,1,75365695,,FOUNDATIONS,1997-09-30,602,foundations,ABANDONED-FAILURE TO RESPOND OR LATE RESPONSE,Dead/Abandoned,False,036,False
157,NEAR_1_INSERTION,1,75347718,2215489,FOUNDATIONS,1997-08-27,710,foundations,CANCELLED - SECTION 8,Dead/Cancelled,False,,False
157,NEAR_1_INSERTION,1,75167177,,FOUNDATIONS,1996-09-16,602,foundations,ABANDONED-FAILURE TO RESPOND OR LATE RESPONSE,Dead/Abandoned,False,,False
157,NEAR_1_INSERTION,1,75128356,2117565,FOUNDATIONS,1996-07-01,710,foundations,CANCELLED - SECTION 8,Dead/Cancelled,False,,False
157,NEAR_1_INSERTION,1,75041569,,FOUNDATIONS,1996-01-11,602,foundations,ABANDONED-FAILURE TO RESPOND OR LATE RESPONSE,Dead/Abandoned,False,,False
157,NEAR_1_INSERTION,1,75037334,2137741,FOUNDATIONS,1995-12-26,710,foundations,CANCELLED - SECTION 8,Dead/Cancelled,False,,False
157,NEAR_1_INSERTION,1,75004025,,FOUNDATIONS,1995-10-11,606,foundations,ABANDONED - NO STATEMENT OF USE FILED,Dead/Abandoned,False,009,False
157,NEAR_1_INSERTION,1,74434390,2004625,FOUNDATIONS,1993-09-09,710,foundations,CANCELLED - SECTION 8,Dead/Cancelled,False,,False
157,NEAR_1_INSERTION,1,74395974,1849414,FOUNDATIONS,1993-05-28,710,foundations,CANCELLED - SECTION 8,Dead/Cancelled,False,,False
157,NEAR_1_INSERTION,1,74338381,,FOUNDATIONS,1992-12-09,602,foundations,ABANDONED-FAILURE TO RESPOND OR LATE RESPONSE,Dead/Abandoned,False,,False
157,NEAR_1_INSERTION,1,74306147,1941932,FOUNDATIONS,1992-08-21,710,foundations,CANCELLED - SECTION 8,Dead/Cancelled,False,,False
157,NEAR_1_INSERTION,1,74019381,,FOUNDATIONS,1990-01-16,602,foundations,ABANDONED-FAILURE TO RESPOND OR LATE RESPONSE,Dead/Abandoned,False,,False
158,EXACT,0,99402099,,WORKLOAD,2025-09-19,688,workload,NOTICE OF ALLOWANCE - ISSUED,Live/Pending,True,012,False
158,EXACT,0,99383291,,WORK LOAD,2025-09-09,688,workload,NOTICE OF ALLOWANCE - ISSUED,Live/Pending,True,005,True
158,EXACT,0,90511035,,WORKLOAD,2021-02-04,606,workload,ABANDONED - NO STATEMENT OF USE FILED,Dead/Abandoned,False,025,False
158,EXACT,0,76377035,2706616,WORK LOAD,2002-03-04,710,workload,CANCELLED - SECTION 8,Dead/Cancelled,False,,False
158,EXACT,0,74536262,1908602,WORKLOAD,1994-06-10,710,workload,CANCELLED - SECTION 8,Dead/Cancelled,False,,False
158,NEAR_1_SUBSTITUTION,1,87124722,5216827,WORK LOUD,2016-08-02,710,workloud,CANCELLED - SECTION 8,Dead/Cancelled,False,,False
158,NEAR_1_SUBSTITUTION,1,86956986,5085775,WORKLOUD,2016-03-29,710,workloud,CANCELLED - SECTION 8,Dead/Cancelled,False,,False
158,NEAR_1_SUBSTITUTION,1,86135827,,WORKLOUD,2013-12-05,606,workloud,ABANDONED - NO STATEMENT OF USE FILED,Dead/Abandoned,False,042,False
159,EXACT,0,98701876,7786554,GRADE,2024-08-16,700,grade,REGISTERED,Live/Registered,True,025,False
159,EXACT,0,98193414,,GRADE,2023-09-22,732,grade,THIRD EXTENSION - GRANTED,Live/Pending,True,012,False
159,EXACT,0,97136632,7270677,GRADE,2021-11-22,700,grade,REGISTERED,Live/Registered,True,"009,010",True
159,EXACT,0,90328782,6625727,GRADE,2020-11-18,700,grade,REGISTERED,Live/Registered,True,035,True
159,EXACT,0,86521093,4949112,GRADE,2015-02-02,800,grade,REGISTERED AND RENEWED,Live/Registered,True,037,False
159,EXACT,0,77124353,3835477,GRADE,2007-03-07,800,grade,REGISTERED AND RENEWED,Live/Registered,True,009,False
159,EXACT,0,75811046,2456819,GRADE,1999-09-29,800,grade,REGISTERED AND RENEWED,Live/Registered,True,042,False
159,EXACT,0,74307657,1788113,GRADE,1992-08-26,800,grade,REGISTERED AND RENEWED,Live/Registered,True,036,False
159,EXACT,0,88029941,,GRADE,2018-07-09,602,grade,ABANDONED-FAILURE TO RESPOND OR LATE RESPONSE,Dead/Abandoned,False,009,False
159,EXACT,0,87335077,5285058,GRADE,2017-02-14,710,grade,CANCELLED - SECTION 8,Dead/Cancelled,False,,False
159,EXACT,0,86952628,5341536,GRADE,2016-03-25,710,grade,CANCELLED - SECTION 8,Dead/Cancelled,False,,False
159,EXACT,0,79157757,4725944,GRADE,2014-09-04,404,grade,IR CANCELLED; US REGISTRATION CANCELLED,Dead/Cancelled,False,,False
159,EXACT,0,76306879,2765868,GRADE,2001-08-30,710,grade,CANCELLED - SECTION 8,Dead/Cancelled,False,,False
159,NEAR_1_SUBSTITUTION,1,99911122,,GRACE,2026-06-29,630,grace,NEW APPLICATION - RECORD INITIALIZED NOT ASSIGNED TO EXAMINER,Live/Pending,True,"009,042",False
159,NEAR_1_SUBSTITUTION,1,99896850,,GRAXE,2026-06-22,630,graxe,NEW APPLICATION - RECORD INITIALIZED NOT ASSIGNED TO EXAMINER,Live/Pending,True,009,False
159,NEAR_1_SUBSTITUTION,1,99839997,,GRACE,2026-05-22,630,grace,NEW APPLICATION - RECORD INITIALIZED NOT ASSIGNED TO EXAMINER,Live/Pending,True,042,False
159,NEAR_1_SUBSTITUTION,1,99809896,,GRAZE,2026-05-07,630,graze,NEW APPLICATION - RECORD INITIALIZED NOT ASSIGNED TO EXAMINER,Live/Pending,True,"036,037",False
159,NEAR_1_SUBSTITUTION,1,99736344,,GRACE.,2026-03-31,630,grace,NEW APPLICATION - RECORD INITIALIZED NOT ASSIGNED TO EXAMINER,Live/Pending,True,"035,042",True
159,NEAR_1_SUBSTITUTION,1,99736357,,GRACE,2026-03-31,638,grace,NEW APPLICATION - ASSIGNED TO EXAMINER,Live/Pending,True,"035,042",True
159,NEAR_1_SUBSTITUTION,1,99708321,,GRACE,2026-03-17,630,grace,NEW APPLICATION - RECORD INITIALIZED NOT ASSIGNED TO EXAMINER,Live/Pending,True,030,False
159,NEAR_1_SUBSTITUTION,1,99663717,,TRADE,2026-02-21,641,trade,NON-FINAL ACTION - MAILED,Live/Pending,True,009,False
159,NEAR_1_SUBSTITUTION,1,99642656,,GRACE,2026-02-09,681,grace,PUBLICATION/ISSUE REVIEW COMPLETE,Live/Pending,True,042,False
159,NEAR_1_SUBSTITUTION,1,99636188,,GRACE,2026-02-05,653,grace,SUSPENSION LETTER - MAILED,Live/Pending,True,011,False
159,NEAR_1_SUBSTITUTION,1,99625471,,GRATE,2026-01-30,692,grate,WITHDRAWN BEFORE PUBLICATION,Live/Pending,True,"009,035,042",True
159,NEAR_1_SUBSTITUTION,1,99625476,,GRATE,2026-01-30,692,grate,WITHDRAWN BEFORE PUBLICATION,Live/Pending,True,"009,035,042",True
159,NEAR_1_SUBSTITUTION,1,99622211,,GRACE,2026-01-29,641,grace,NON-FINAL ACTION - MAILED,Live/Pending,True,025,False
159,NEAR_1_INSERTION,1,99573041,,UGRADE,2025-12-31,686,ugrade,PUBLISHED FOR OPPOSITION,Live/Pending,True,009,False
159,NEAR_1_INSERTION,1,99532491,,GRADEA,2025-12-05,680,gradea,APPROVED FOR PUBLICATION,Live/Pending,True,003,True
159,NEAR_1_DELETION,1,79439867,,RADE,2025-11-25,641,rade,NON-FINAL ACTION - MAILED,Live/Pending,True,"009,041",False
159,NEAR_1_INSERTION,1,99512012,,GRADIE,2025-11-23,653,gradie,SUSPENSION LETTER - MAILED,Live/Pending,True,"009,041",False
159,NEAR_1_SUBSTITUTION,1,79438087,,GRACE,2025-10-30,641,grace,NON-FINAL ACTION - MAILED,Live/Pending,True,"009,035,036,041,045",True
159,NEAR_1_SUBSTITUTION,1,99450578,8270867,GRADY,2025-10-18,700,grady,REGISTERED,Live/Registered,True,042,False
159,NEAR_1_SUBSTITUTION,1,79437560,8248855,GRACE,2025-07-11,700,grace,REGISTERED,Live/Registered,True,"020,021,024,025",True
159,NEAR_1_SUBSTITUTION,1,99100785,,BRADE,2025-03-24,688,brade,NOTICE OF ALLOWANCE - ISSUED,Live/Pending,True,"009,035,042",True
159,NEAR_1_SUBSTITUTION,1,99014224,,GRAZE,2025-01-21,688,graze,NOTICE OF ALLOWANCE - ISSUED,Live/Pending,True,035,True
159,NEAR_1_INSERTION,1,98696236,,GRANDE,2024-08-13,654,grande,REPORT COMPLETED SUSPENSION CHECK - CASE STILL SUSPENDED,Live/Pending,True,018,False
159,NEAR_1_TRANSPOSITION,1,98650148,,GARDE,2024-07-16,819,garde,SU - REGISTRATION REVIEW COMPLETE,Live/Pending,True,"007,008,016,020,021",True
159,NEAR_1_TRANSPOSITION,1,98650170,8336668,GARDE,2024-07-16,700,garde,REGISTERED,Live/Registered,True,"007,008,016,020,021",True
159,NEAR_1_SUBSTITUTION,1,98618638,,GRACE,2024-06-25,654,grace,REPORT COMPLETED SUSPENSION CHECK - CASE STILL SUSPENDED,Live/Pending,True,010,True
159,NEAR_1_SUBSTITUTION,1,79397526,,GRALE,2024-04-12,654,grale,REPORT COMPLETED SUSPENSION CHECK - CASE STILL SUSPENDED,Live/Pending,True,"007,016,021,025,040",True
159,NEAR_1_SUBSTITUTION,1,98414701,7621149,GRACE,2024-02-21,700,grace,REGISTERED,Live/Registered,True,003,True
159,NEAR_1_SUBSTITUTION,1,98349111,8274951,GRACE,2024-01-09,700,grace,REGISTERED,Live/Registered,True,025,False
159,NEAR_1_INSERTION,1,98338796,7845711,GRANDE,2024-01-02,700,grande,REGISTERED,Live/Registered,True,011,False
159,NEAR_1_INSERTION,1,98237322,,GRANDE,2023-10-24,732,grande,THIRD EXTENSION - GRANTED,Live/Pending,True,"012,037",False
159,NEAR_1_SUBSTITUTION,1,98224813,7605451,GRAPE,2023-10-16,700,grape,REGISTERED,Live/Registered,True,"007,009",False
159,NEAR_1_DELETION,1,79388688,7561681,GA-DE,2023-10-03,700,gade,REGISTERED,Live/Registered,True,009,False
159,NEAR_1_INSERTION,1,98183815,7594265,)) GRADED,2023-09-18,700,graded,REGISTERED,Live/Registered,True,018,False
159,NEAR_1_SUBSTITUTION,1,98091990,,GRACE,2023-07-19,807,grace,SU - NON-FINAL ACTION - MAILED,Live/Pending,True,012,False
159,NEAR_1_DELETION,1,79385951,7979616,GRAD,2023-07-07,700,grad,REGISTERED,Live/Registered,True,"006,017,019,035,037",True
159,NEAR_1_SUBSTITUTION,1,98065422,,GRACE,2023-06-29,730,grace,FIRST EXTENSION - GRANTED,Live/Pending,True,005,True
159,NEAR_1_SUBSTITUTION,1,98065480,,GRACE,2023-06-29,731,grace,SECOND EXTENSION - GRANTED,Live/Pending,True,009,False
159,NEAR_1_SUBSTITUTION,1,98975394,7820917,GRACE,2023-06-29,700,grace,REGISTERED,Live/Registered,True,"001,016,036,040,041,042",False
159,NEAR_1_SUBSTITUTION,1,98975681,7921775,GRACE,2023-06-29,700,grace,REGISTERED,Live/Registered,True,"001,002,009,016,036,040,041,042",False
159,NEAR_1_SUBSTITUTION,1,97924443,,GRACE,2023-05-07,733,grace,FOURTH EXTENSION - GRANTED,Live/Pending,True,010,True
159,NEAR_1_INSERTION,1,97838776,,GRAD ME,2023-03-14,645,gradme,FINAL REFUSAL - MAILED,Live/Pending,True,"009,035,041",True
159,NEAR_1_TRANSPOSITION,1,97672901,7496761,GARDE,2022-11-10,700,garde,REGISTERED,Live/Registered,True,043,False
159,NEAR_1_SUBSTITUTION,1,97341836,7318942,GRACE,2022-03-31,700,grace,REGISTERED,Live/Registered,True,"037,042",False
159,NEAR_1_SUBSTITUTION,1,97337644,7296597,GLADE,2022-03-30,700,glade,REGISTERED,Live/Registered,True,009,False
159,NEAR_1_SUBSTITUTION,1,79328570,6932787,GRAPE,2021-09-28,700,grape,REGISTERED,Live/Registered,True,042,False
159,NEAR_1_SUBSTITUTION,1,97047910,7444017,GRACE,2021-09-27,700,grace,REGISTERED,Live/Registered,True,005,True
159,NEAR_1_DELETION,1,79320477,6848885,RADE,2021-08-24,700,rade,REGISTERED,Live/Registered,True,025,False
159,NEAR_1_INSERTION,1,90889378,7140109,GRANDE,2021-08-18,700,grande,REGISTERED,Live/Registered,True,"009,010",True
159,NEAR_1_INSERTION,1,90881199,6850245,GRADE5,2021-08-13,700,grade5,REGISTERED,Live/Registered,True,016,False
159,NEAR_1_SUBSTITUTION,1,90777290,6779029,GRADY,2021-06-16,700,grady,REGISTERED,Live/Registered,True,"010,021,025,041",True
159,NEAR_1_SUBSTITUTION,1,90647677,6799028,GRADO,2021-04-15,700,grado,REGISTERED,Live/Registered,True,016,False
159,NEAR_1_INSERTION,1,90610080,6664182,AGRADE,2021-03-29,700,agrade,REGISTERED,Live/Registered,True,025,False
159,NEAR_1_SUBSTITUTION,1,90524880,6602652,GRAME,2021-02-11,700,grame,REGISTERED,Live/Registered,True,028,False
159,NEAR_1_SUBSTITUTION,1,90442093,7572648,GRAZE,2020-12-31,700,graze,REGISTERED,Live/Registered,True,007,False
159,NEAR_1_DELETION,1,90415641,6573475,GRDE,2020-12-26,700,grde,REGISTERED,Live/Registered,True,009,False
159,NEAR_1_DELETION,1,90412016,6648262,GRDE,2020-12-24,700,grde,REGISTERED,Live/Registered,True,011,False
159,NEAR_1_SUBSTITUTION,1,90321611,6669556,GRADA,2020-11-17,700,grada,REGISTERED,Live/Registered,True,"006,011,019",False
159,NEAR_1_DELETION,1,90272323,6389104,GRDE,2020-10-22,700,grde,REGISTERED,Live/Registered,True,009,False
159,NEAR_1_DELETION,1,90272329,6389105,GRDE,2020-10-22,700,grde,REGISTERED,Live/Registered,True,009,False
159,NEAR_1_INSERTION,1,90098817,6822731,GRAIDE,2020-08-07,700,graide,REGISTERED,Live/Registered,True,"009,035,041,042",True
159,NEAR_1_SUBSTITUTION,1,90043209,6265927,GRADO,2020-07-09,700,grado,REGISTERED,Live/Registered,True,020,False
159,NEAR_1_SUBSTITUTION,1,88935559,6571906,GRIDE,2020-05-27,700,gride,REGISTERED,Live/Registered,True,009,False
159,NEAR_1_SUBSTITUTION,1,88932805,6635453,GRIDE,2020-05-26,700,gride,REGISTERED,Live/Registered,True,009,False
159,NEAR_1_SUBSTITUTION,1,88833042,6168071,GZADE,2020-03-13,700,gzade,REGISTERED,Live/Registered,True,028,False
159,NEAR_1_TRANSPOSITION,1,79284233,6311345,GARDE,2020-03-09,700,garde,REGISTERED,Live/Registered,True,"037,042",False
159,NEAR_1_DELETION,1,79289601,6976170,GRAD,2020-03-02,700,grad,REGISTERED,Live/Registered,True,"006,017,019,020",False
159,NEAR_1_SUBSTITUTION,1,88672195,6242659,G.R.A.C.E.,2019-10-29,700,grace,REGISTERED,Live/Registered,True,"044,045",True
159,NEAR_1_INSERTION,1,88409581,6428821,GRANDE,2019-04-30,700,grande,REGISTERED,Live/Registered,True,042,False
159,NEAR_1_SUBSTITUTION,1,88357825,6015060,GRAZE,2019-03-26,702,graze,SECTION 8 & 15-ACCEPTED AND ACKNOWLEDGED,Live/Registered,True,011,False
159,NEAR_1_SUBSTITUTION,1,88132806,5970278,TRADE,2018-09-26,702,trade,SECTION 8 & 15-ACCEPTED AND ACKNOWLEDGED,Live/Registered,True,043,False
159,NEAR_1_TRANSPOSITION,1,88124963,5750481,GARDE,2018-09-20,702,garde,SECTION 8 & 15-ACCEPTED AND ACKNOWLEDGED,Live/Registered,True,"007,008,021",True
159,NEAR_1_INSERTION,1,88061832,5661614,GRADLE,2018-08-01,702,gradle,SECTION 8 & 15-ACCEPTED AND ACKNOWLEDGED,Live/Registered,True,009,False
159,NEAR_1_INSERTION,1,88061834,5649369,GRADLE,2018-08-01,702,gradle,SECTION 8 & 15-ACCEPTED AND ACKNOWLEDGED,Live/Registered,True,041,False
159,NEAR_1_INSERTION,1,88061839,5633079,GRADLE,2018-08-01,702,gradle,SECTION 8 & 15-ACCEPTED AND ACKNOWLEDGED,Live/Registered,True,042,False
159,NEAR_1_SUBSTITUTION,1,87804855,6048173,GRAZE,2018-02-21,700,graze,REGISTERED,Live/Registered,True,"029,030,035,039",True
159,NEAR_1_TRANSPOSITION,1,87760114,5513802,GARDE,2018-01-18,702,garde,SECTION 8 & 15-ACCEPTED AND ACKNOWLEDGED,Live/Registered,True,"007,008,021",True
159,NEAR_1_SUBSTITUTION,1,87715264,6872923,TRADE,2017-12-11,700,trade,REGISTERED,Live/Registered,True,035,True
159,NEAR_1_INSERTION,1,87578835,5736926,GRANDE,2017-08-22,702,grande,SECTION 8 & 15-ACCEPTED AND ACKNOWLEDGED,Live/Registered,True,"035,041",True
159,NEAR_1_SUBSTITUTION,1,87472390,5987148,GRAPE,2017-06-01,700,grape,REGISTERED,Live/Registered,True,"016,026,035,038,041",True
159,NEAR_1_INSERTION,1,87218817,5397457,GRANDE,2016-10-28,702,grande,SECTION 8 & 15-ACCEPTED AND ACKNOWLEDGED,Live/Registered,True,033,False
159,NEAR_1_SUBSTITUTION,1,87181289,5202022,GRADO,2016-09-23,701,grado,SECTION 8-ACCEPTED,Live/Registered,True,"035,041,042",True
159,NEAR_1_SUBSTITUTION,1,86937027,5117712,TRADE,2016-03-11,800,trade,REGISTERED AND RENEWED,Live/Registered,True,043,False
159,NEAR_1_INSERTION,1,86904477,5174485,GRANDE,2016-02-11,702,grande,SECTION 8 & 15-ACCEPTED AND ACKNOWLEDGED,Live/Registered,True,027,False
159,NEAR_1_DELETION,1,79186207,5043459,GA-DE,2016-01-29,739,gade,Section 71 & 15 ACCEPTED AND ACKNOWLEDGED,Live/Registered,True,"003,035",True
159,NEAR_1_SUBSTITUTION,1,86691628,5065379,GRAZE,2015-07-13,800,graze,REGISTERED AND RENEWED,Live/Registered,True,011,False
159,NEAR_1_SUBSTITUTION,1,86428811,4751868,GRADO,2014-10-20,800,grado,REGISTERED AND RENEWED,Live/Registered,True,009,False
159,NEAR_1_SUBSTITUTION,1,86377274,4703844,GLADE,2014-08-26,800,glade,REGISTERED AND RENEWED,Live/Registered,True,003,True
159,NEAR_1_SUBSTITUTION,1,86348074,4975894,G.R.A.C.E.,2014-07-25,800,grace,REGISTERED AND RENEWED,Live/Registered,True,041,False
159,NEAR_1_SUBSTITUTION,1,86302247,4715110,TRADE,2014-06-06,800,trade,REGISTERED AND RENEWED,Live/Registered,True,"037,040",False
159,NEAR_1_SUBSTITUTION,1,86976070,4721706,GLADE,2013-12-16,800,glade,REGISTERED AND RENEWED,Live/Registered,True,"003,004,011",True
159,NEAR_1_SUBSTITUTION,1,86978019,4902937,GLADE,2013-12-16,800,glade,REGISTERED AND RENEWED,Live/Registered,True,005,True
159,NEAR_1_SUBSTITUTION,1,86131085,4660892,GLADE,2013-11-27,800,glade,REGISTERED AND RENEWED,Live/Registered,True,004,False
159,NEAR_1_SUBSTITUTION,1,86129717,4914233,GRACE,2013-11-26,702,grace,SECTION 8 & 15-ACCEPTED AND ACKNOWLEDGED,Live/Registered,True,007,False
159,NEAR_1_SUBSTITUTION,1,86046038,4525038,GRACE,2013-08-23,800,grace,REGISTERED AND RENEWED,Live/Registered,True,035,True
159,NEAR_1_SUBSTITUTION,1,79134803,4535352,IRADE,2013-07-30,706,irade,SECTION 71 ACCEPTED,Live/Registered,True,023,False
159,NEAR_1_SUBSTITUTION,1,86012373,4633476,ARADÉ,2013-07-17,800,arade,REGISTERED AND RENEWED,Live/Registered,True,003,True
159,NEAR_1_SUBSTITUTION,1,85950611,4577211,GLADE,2013-06-04,800,glade,REGISTERED AND RENEWED,Live/Registered,True,005,True
159,NEAR_1_SUBSTITUTION,1,85981087,4523422,GLADE,2012-06-18,800,glade,REGISTERED AND RENEWED,Live/Registered,True,031,False
159,NEAR_1_INSERTION,1,85528122,4764847,GRADLE,2012-01-30,800,gradle,REGISTERED AND RENEWED,Live/Registered,True,"009,035",True
159,NEAR_1_SUBSTITUTION,1,79101810,4137494,GRADA,2011-03-11,707,grada,PARTIAL SECTION 71 ACCEPTED,Live/Registered,True,019,False
159,NEAR_1_INSERTION,1,79095032,4123591,E-GRADE,2010-03-16,706,egrade,SECTION 71 ACCEPTED,Live/Registered,True,"009,011",False
159,NEAR_1_INSERTION,1,77718669,3708533,GRADER,2009-04-21,800,grader,REGISTERED AND RENEWED,Live/Registered,True,042,False
159,NEAR_1_SUBSTITUTION,1,77501845,3751127,GREDE,2008-06-18,800,grede,REGISTERED AND RENEWED,Live/Registered,True,"006,040",False
159,NEAR_1_SUBSTITUTION,1,77451741,3610088,GLADE,2008-04-18,800,glade,REGISTERED AND RENEWED,Live/Registered,True,005,True
159,NEAR_1_TRANSPOSITION,1,77407719,3758219,GAR-DE,2008-02-27,800,garde,REGISTERED AND RENEWED,Live/Registered,True,025,False
159,NEAR_1_SUBSTITUTION,1,77380351,3745112,GRANE,2008-01-25,800,grane,REGISTERED AND RENEWED,Live/Registered,True,044,True
159,NEAR_1_SUBSTITUTION,1,77298640,3491661,GRACE,2007-10-08,800,grace,REGISTERED AND RENEWED,Live/Registered,True,044,True
159,NEAR_1_SUBSTITUTION,1,77205225,3585269,GRAZE,2007-06-13,800,graze,REGISTERED AND RENEWED,Live/Registered,True,043,False
159,NEAR_1_SUBSTITUTION,1,77203115,3444088,GRANE,2007-06-11,800,grane,REGISTERED AND RENEWED,Live/Registered,True,044,True
159,NEAR_1_SUBSTITUTION,1,77168153,4067363,GRACE,2007-04-27,800,grace,REGISTERED AND RENEWED,Live/Registered,True,016,False
159,NEAR_1_INSERTION,1,77166061,3509407,GRADE-X,2007-04-26,800,gradex,REGISTERED AND RENEWED,Live/Registered,True,009,False
159,NEAR_1_INSERTION,1,78708404,3269892,"GRADE ""A""",2005-09-07,800,gradea,REGISTERED AND RENEWED,Live/Registered,True,027,False
159,NEAR_1_SUBSTITUTION,1,78608253,3600200,GRACE,2005-04-13,800,grace,REGISTERED AND RENEWED,Live/Registered,True,"030,032",False
159,NEAR_1_SUBSTITUTION,1,76633787,3062016,GRACE,2005-03-21,800,grace,REGISTERED AND RENEWED,Live/Registered,True,031,False
159,NEAR_1_SUBSTITUTION,1,78545455,3648811,GRACE,2005-01-11,800,grace,REGISTERED AND RENEWED,Live/Registered,True,028,False
159,NEAR_1_SUBSTITUTION,1,78478566,3070322,GRACE,2004-09-03,800,grace,REGISTERED AND RENEWED,Live/Registered,True,023,False
159,NEAR_1_SUBSTITUTION,1,78385937,2933318,GLADE,2004-03-17,800,glade,REGISTERED AND RENEWED,Live/Registered,True,003,True
159,NEAR_1_INSERTION,1,78275131,2908448,GRADEN,2003-07-16,800,graden,REGISTERED AND RENEWED,Live/Registered,True,007,False
159,NEAR_1_INSERTION,1,78146916,2734848,GRANDE,2002-07-24,800,grande,REGISTERED AND RENEWED,Live/Registered,True,029,False
159,NEAR_1_SUBSTITUTION,1,76231549,2595893,GRACE,2001-03-27,800,grace,REGISTERED AND RENEWED,Live/Registered,True,042,False
159,NEAR_1_SUBSTITUTION,1,76227778,2600712,GRACE,2001-03-14,800,grace,REGISTERED AND RENEWED,Live/Registered,True,029,False
159,NEAR_1_INSERTION,1,76121120,2863077,E-GRADE,2000-09-01,800,egrade,REGISTERED AND RENEWED,Live/Registered,True,001,False
159,NEAR_1_SUBSTITUTION,1,76082133,2781042,GRACE,2000-07-03,800,grace,REGISTERED AND RENEWED,Live/Registered,True,025,False
159,NEAR_1_SUBSTITUTION,1,75061925,2027240,GLADE,1996-02-20,800,glade,REGISTERED AND RENEWED,Live/Registered,True,004,False
159,NEAR_1_SUBSTITUTION,1,74724700,2203422,GRACE,1995-09-05,800,grace,REGISTERED AND RENEWED,Live/Registered,True,016,False
159,NEAR_1_SUBSTITUTION,1,74724701,1998235,GRACE,1995-09-05,800,grace,REGISTERED AND RENEWED,Live/Registered,True,"006,021",True
159,NEAR_1_SUBSTITUTION,1,74724702,2206302,GRACE,1995-09-05,800,grace,REGISTERED AND RENEWED,Live/Registered,True,036,False
159,NEAR_1_SUBSTITUTION,1,74724703,2090421,GRACE,1995-09-05,800,grace,REGISTERED AND RENEWED,Live/Registered,True,042,False
159,NEAR_1_SUBSTITUTION,1,74724704,1995531,GRACE,1995-09-05,800,grace,REGISTERED AND RENEWED,Live/Registered,True,028,False
159,NEAR_1_SUBSTITUTION,1,74725339,1995539,GRACE,1995-09-05,800,grace,REGISTERED AND RENEWED,Live/Registered,True,018,False
159,NEAR_1_INSERTION,1,74322236,1800354,GRANDE,1992-10-14,800,grande,REGISTERED AND RENEWED,Live/Registered,True,"001,029",False
159,NEAR_1_SUBSTITUTION,1,74284097,1813264,GRACE,1992-06-12,800,grace,REGISTERED AND RENEWED,Live/Registered,True,001,False
159,NEAR_1_SUBSTITUTION,1,74283852,1758304,GRACE,1992-06-11,800,grace,REGISTERED AND RENEWED,Live/Registered,True,016,False
159,NEAR_1_SUBSTITUTION,1,74283853,1751126,GRACE,1992-06-11,800,grace,REGISTERED AND RENEWED,Live/Registered,True,009,False
159,NEAR_1_INSERTION,1,73744487,1571504,GRADE I,1988-08-05,800,gradei,REGISTERED AND RENEWED,Live/Registered,True,"003,005",True
159,NEAR_1_INSERTION,1,73604991,1426425,GRADEX,1986-06-18,800,gradex,REGISTERED AND RENEWED,Live/Registered,True,009,False
159,NEAR_1_SUBSTITUTION,1,73583490,1437819,GRACE,1986-02-18,800,grace,REGISTERED AND RENEWED,Live/Registered,True,009,False
159,NEAR_1_INSERTION,1,73548025,1391743,GRÄNDE,1985-07-15,800,grande,REGISTERED AND RENEWED,Live/Registered,True,029,False
159,NEAR_1_INSERTION,1,73466856,1320998,GRANDE,1984-02-23,800,grande,REGISTERED AND RENEWED,Live/Registered,True,029,False
159,NEAR_1_INSERTION,1,73466975,1321000,GRANDE,1984-02-23,800,grande,REGISTERED AND RENEWED,Live/Registered,True,029,False
159,NEAR_1_INSERTION,1,73457642,1318393,GRANDE,1983-12-19,800,grande,REGISTERED AND RENEWED,Live/Registered,True,029,False
159,NEAR_1_INSERTION,1,73049878,1051976,GRANDE,1975-04-18,800,grande,REGISTERED AND RENEWED,Live/Registered,True,029,False
159,NEAR_1_SUBSTITUTION,1,72010435,0642470,GLADE,1956-06-18,800,glade,REGISTERED AND RENEWED,Live/Registered,True,005,True
159,NEAR_1_SUBSTITUTION,1,99589897,,T.R.A.D.E.,2026-01-12,602,trade,ABANDONED-FAILURE TO RESPOND OR LATE RESPONSE,Dead/Abandoned,False,041,False
159,NEAR_1_SUBSTITUTION,1,99432075,,GRACE,2025-10-08,602,grace,ABANDONED-FAILURE TO RESPOND OR LATE RESPONSE,Dead/Abandoned,False,009,False
159,NEAR_1_SUBSTITUTION,1,99221742,,GRACE,2025-06-06,602,grace,ABANDONED-FAILURE TO RESPOND OR LATE RESPONSE,Dead/Abandoned,False,,False
159,NEAR_1_SUBSTITUTION,1,99013498,,GRACE,2025-01-21,606,grace,ABANDONED - NO STATEMENT OF USE FILED,Dead/Abandoned,False,025,False
159,NEAR_1_SUBSTITUTION,1,98963877,,GRAZE.,2025-01-15,602,graze,ABANDONED-FAILURE TO RESPOND OR LATE RESPONSE,Dead/Abandoned,False,003,True
159,NEAR_1_TRANSPOSITION,1,98930884,,GARDE,2024-12-31,602,garde,ABANDONED-FAILURE TO RESPOND OR LATE RESPONSE,Dead/Abandoned,False,"035,042",True
159,NEAR_1_SUBSTITUTION,1,98644003,,G.R.A.C.E.,2024-07-11,602,grace,ABANDONED-FAILURE TO RESPOND OR LATE RESPONSE,Dead/Abandoned,False,035,True
159,NEAR_1_SUBSTITUTION,1,98625939,,GRADA,2024-06-29,602,grada,ABANDONED-FAILURE TO RESPOND OR LATE RESPONSE,Dead/Abandoned,False,,False
159,NEAR_1_SUBSTITUTION,1,98233229,,GRADY,2023-10-20,602,grady,ABANDONED-FAILURE TO RESPOND OR LATE RESPONSE,Dead/Abandoned,False,019,False
159,NEAR_1_SUBSTITUTION,1,79381050,,GRADA,2023-09-25,604,grada,ABANDONED - AFTER INTER-PARTES DECISION,Dead/Abandoned,False,,False
159,NEAR_1_SUBSTITUTION,1,79381353,,GRADA,2023-09-25,604,grada,ABANDONED - AFTER INTER-PARTES DECISION,Dead/Abandoned,False,,False
159,NEAR_1_SUBSTITUTION,1,79379313,,GRACE,2023-08-11,602,grace,ABANDONED-FAILURE TO RESPOND OR LATE RESPONSE,Dead/Abandoned,False,036,False
159,NEAR_1_SUBSTITUTION,1,98087319,,GRACE,2023-07-17,602,grace,ABANDONED-FAILURE TO RESPOND OR LATE RESPONSE,Dead/Abandoned,False,028,False
159,NEAR_1_INSERTION,1,98085058,,S-GRADE,2023-07-14,601,sgrade,ABANDONED - EXPRESS,Dead/Abandoned,False,006,False
159,NEAR_1_INSERTION,1,98066826,,GRANDE,2023-06-30,602,grande,ABANDONED-FAILURE TO RESPOND OR LATE RESPONSE,Dead/Abandoned,False,009,False
159,NEAR_1_INSERTION,1,97454935,,GRANDE,2022-06-13,602,grande,ABANDONED-FAILURE TO RESPOND OR LATE RESPONSE,Dead/Abandoned,False,031,False
159,NEAR_1_SUBSTITUTION,1,97105205,,GRACE,2021-11-02,602,grace,ABANDONED-FAILURE TO RESPOND OR LATE RESPONSE,Dead/Abandoned,False,003,True
159,NEAR_1_SUBSTITUTION,1,90904533,,TRADE,2021-08-26,602,trade,ABANDONED-FAILURE TO RESPOND OR LATE RESPONSE,Dead/Abandoned,False,"035,043",True
159,NEAR_1_SUBSTITUTION,1,79319138,,GRACE,2021-08-03,602,grace,ABANDONED-FAILURE TO RESPOND OR LATE RESPONSE,Dead/Abandoned,False,031,False
159,NEAR_1_SUBSTITUTION,1,79316372,,GRACE,2021-06-14,602,grace,ABANDONED-FAILURE TO RESPOND OR LATE RESPONSE,Dead/Abandoned,False,031,False
159,NEAR_1_INSERTION,1,90701147,,GRADE A,2021-05-10,602,gradea,ABANDONED-FAILURE TO RESPOND OR LATE RESPONSE,Dead/Abandoned,False,041,False
159,NEAR_1_INSERTION,1,90666765,,GRANDE,2021-04-23,602,grande,ABANDONED-FAILURE TO RESPOND OR LATE RESPONSE,Dead/Abandoned,False,"005,010",True
159,NEAR_1_SUBSTITUTION,1,90566068,,G-RIDE,2021-03-08,606,gride,ABANDONED - NO STATEMENT OF USE FILED,Dead/Abandoned,False,"017,020",False
159,NEAR_1_SUBSTITUTION,1,90456225,,TRADE,2021-01-08,602,trade,ABANDONED-FAILURE TO RESPOND OR LATE RESPONSE,Dead/Abandoned,False,036,False
159,NEAR_1_SUBSTITUTION,1,90353918,,TRADE,2020-12-02,602,trade,ABANDONED-FAILURE TO RESPOND OR LATE RESPONSE,Dead/Abandoned,False,042,False
159,NEAR_1_SUBSTITUTION,1,90339400,,TRADE,2020-11-24,602,trade,ABANDONED-FAILURE TO RESPOND OR LATE RESPONSE,Dead/Abandoned,False,042,False
159,NEAR_1_TRANSPOSITION,1,90294330,,GARDE,2020-11-02,602,garde,ABANDONED-FAILURE TO RESPOND OR LATE RESPONSE,Dead/Abandoned,False,024,False
159,NEAR_1_SUBSTITUTION,1,90037012,,GRACE,2020-07-06,601,grace,ABANDONED - EXPRESS,Dead/Abandoned,False,"030,039,042,043",False
159,NEAR_1_SUBSTITUTION,1,90033647,,GRACE,2020-07-02,602,grace,ABANDONED-FAILURE TO RESPOND OR LATE RESPONSE,Dead/Abandoned,False,043,False
159,NEAR_1_SUBSTITUTION,1,90010220,,GRACE,2020-06-19,602,grace,ABANDONED-FAILURE TO RESPOND OR LATE RESPONSE,Dead/Abandoned,False,006,False
159,NEAR_1_SUBSTITUTION,1,88764936,,GRACE,2020-01-18,602,grace,ABANDONED-FAILURE TO RESPOND OR LATE RESPONSE,Dead/Abandoned,False,025,False
159,NEAR_1_SUBSTITUTION,1,88664096,,G.R.A.C.E.,2019-10-22,602,grace,ABANDONED-FAILURE TO RESPOND OR LATE RESPONSE,Dead/Abandoned,False,044,True
159,NEAR_1_SUBSTITUTION,1,88659634,,GRASE,2019-10-18,602,grase,ABANDONED-FAILURE TO RESPOND OR LATE RESPONSE,Dead/Abandoned,False,011,False
159,NEAR_1_SUBSTITUTION,1,88505095,,GRACE,2019-07-09,602,grace,ABANDONED-FAILURE TO RESPOND OR LATE RESPONSE,Dead/Abandoned,False,024,False
159,NEAR_1_SUBSTITUTION,1,88303154,,GRACE,2019-02-15,602,grace,ABANDONED-FAILURE TO RESPOND OR LATE RESPONSE,Dead/Abandoned,False,043,False
159,NEAR_1_SUBSTITUTION,1,88303163,,GRACE,2019-02-15,602,grace,ABANDONED-FAILURE TO RESPOND OR LATE RESPONSE,Dead/Abandoned,False,043,False
159,NEAR_1_INSERTION,1,88302004,,GRADEA,2019-02-14,602,gradea,ABANDONED-FAILURE TO RESPOND OR LATE RESPONSE,Dead/Abandoned,False,001,False
159,NEAR_1_SUBSTITUTION,1,88275106,,GRALE,2019-01-24,602,grale,ABANDONED-FAILURE TO RESPOND OR LATE RESPONSE,Dead/Abandoned,False,032,False
159,NEAR_1_SUBSTITUTION,1,88131257,,TRADE,2018-09-25,602,trade,ABANDONED-FAILURE TO RESPOND OR LATE RESPONSE,Dead/Abandoned,False,"003,008,021",True
159,NEAR_1_TRANSPOSITION,1,88085902,,GARDE,2018-08-21,602,garde,ABANDONED-FAILURE TO RESPOND OR LATE RESPONSE,Dead/Abandoned,False,"009,035,036,041,042",True
159,NEAR_1_SUBSTITUTION,1,79243400,5784305,FRADE,2018-08-08,709,frade,CANCELLED SECTION 71,Dead/Cancelled,False,,False
159,NEAR_1_DELETION,1,88031092,5712944,GRDE,2018-07-10,710,grde,CANCELLED - SECTION 8,Dead/Cancelled,False,,False
159,NEAR_1_DELETION,1,88016261,,GRAD,2018-06-26,602,grad,ABANDONED-FAILURE TO RESPOND OR LATE RESPONSE,Dead/Abandoned,False,034,False
159,NEAR_1_SUBSTITUTION,1,87932058,,GRAPE,2018-05-22,602,grape,ABANDONED-FAILURE TO RESPOND OR LATE RESPONSE,Dead/Abandoned,False,021,True
159,NEAR_1_TRANSPOSITION,1,87927691,,GARDE,2018-05-18,602,garde,ABANDONED-FAILURE TO RESPOND OR LATE RESPONSE,Dead/Abandoned,False,"009,035,036,041,042",True
159,NEAR_1_SUBSTITUTION,1,87754748,,GRAPE,2018-01-14,602,grape,ABANDONED-FAILURE TO RESPOND OR LATE RESPONSE,Dead/Abandoned,False,009,False
159,NEAR_1_INSERTION,1,79230965,5619755,GRANDE,2017-11-30,709,grande,CANCELLED SECTION 71,Dead/Cancelled,False,,False
159,NEAR_1_SUBSTITUTION,1,87608210,,GRADR,2017-09-14,602,gradr,ABANDONED-FAILURE TO RESPOND OR LATE RESPONSE,Dead/Abandoned,False,009,False
159,NEAR_1_SUBSTITUTION,1,87583447,,GRADY,2017-08-25,604,grady,ABANDONED - AFTER INTER-PARTES DECISION,Dead/Abandoned,False,,False
159,NEAR_1_DELETION,1,79221398,5876155,GRAD,2017-07-24,709,grad,CANCELLED SECTION 71,Dead/Cancelled,False,,False
159,NEAR_1_SUBSTITUTION,1,79220027,5893594,GRACE,2017-07-05,709,grace,CANCELLED SECTION 71,Dead/Cancelled,False,,False
159,NEAR_1_SUBSTITUTION,1,87509235,,GRACE,2017-06-28,602,grace,ABANDONED-FAILURE TO RESPOND OR LATE RESPONSE,Dead/Abandoned,False,035,True
159,NEAR_1_SUBSTITUTION,1,87490179,,GRATE,2017-06-15,602,grate,ABANDONED-FAILURE TO RESPOND OR LATE RESPONSE,Dead/Abandoned,False,025,False
159,NEAR_1_INSERTION,1,87436104,,IGRADE,2017-05-04,602,igrade,ABANDONED-FAILURE TO RESPOND OR LATE RESPONSE,Dead/Abandoned,False,042,False
159,NEAR_1_DELETION,1,87426266,,RADE,2017-04-26,606,rade,ABANDONED - NO STATEMENT OF USE FILED,Dead/Abandoned,False,021,True
159,NEAR_1_SUBSTITUTION,1,87402935,5482312,TRADE,2017-04-07,710,trade,CANCELLED - SECTION 8,Dead/Cancelled,False,,False
159,NEAR_1_INSERTION,1,87321904,,L-GRADE,2017-02-02,606,lgrade,ABANDONED - NO STATEMENT OF USE FILED,Dead/Abandoned,False,"001,037,040",False
159,NEAR_1_DELETION,1,87322024,,RADE,2017-02-02,602,rade,ABANDONED-FAILURE TO RESPOND OR LATE RESPONSE,Dead/Abandoned,False,025,False
159,NEAR_1_INSERTION,1,87294135,,AGRADE,2017-01-09,606,agrade,ABANDONED - NO STATEMENT OF USE FILED,Dead/Abandoned,False,009,False
159,NEAR_1_SUBSTITUTION,1,87251962,,TRADE.,2016-11-30,602,trade,ABANDONED-FAILURE TO RESPOND OR LATE RESPONSE,Dead/Abandoned,False,035,True
159,NEAR_1_SUBSTITUTION,1,87235949,,GFADE,2016-11-14,606,gfade,ABANDONED - NO STATEMENT OF USE FILED,Dead/Abandoned,False,009,False
159,NEAR_1_SUBSTITUTION,1,87223839,5366107,TRADE,2016-11-02,710,trade,CANCELLED - SECTION 8,Dead/Cancelled,False,,False
159,NEAR_1_SUBSTITUTION,1,87200410,,GRADO,2016-10-12,606,grado,ABANDONED - NO STATEMENT OF USE FILED,Dead/Abandoned,False,003,True
159,NEAR_1_SUBSTITUTION,1,87154166,5381666,GRATE,2016-08-29,710,grate,CANCELLED - SECTION 8,Dead/Cancelled,False,,False
159,NEAR_1_SUBSTITUTION,1,87065219,,GRACE,2016-06-08,608,grace,ABANDONED - AFTER PETITION DECISION,Dead/Abandoned,False,003,True
159,NEAR_1_SUBSTITUTION,1,86945017,,GRAPE,2016-03-18,606,grape,ABANDONED - NO STATEMENT OF USE FILED,Dead/Abandoned,False,009,False
159,NEAR_1_INSERTION,1,86919206,5054177,GRADEM,2016-02-25,710,gradem,CANCELLED - SECTION 8,Dead/Cancelled,False,,False
159,NEAR_1_SUBSTITUTION,1,86900595,,GRACE,2016-02-08,606,grace,ABANDONED - NO STATEMENT OF USE FILED,Dead/Abandoned,False,009,False
159,NEAR_1_SUBSTITUTION,1,86874820,,GRACE,2016-01-13,602,grace,ABANDONED-FAILURE TO RESPOND OR LATE RESPONSE,Dead/Abandoned,False,025,False
159,NEAR_1_SUBSTITUTION,1,86829440,,GRACE,2015-11-23,603,grace,ABANDONED - AFTER EX PARTE APPEAL,Dead/Abandoned,False,"010,025",True
159,NEAR_1_SUBSTITUTION,1,86708158,,GRACE,2015-07-29,602,grace,ABANDONED-FAILURE TO RESPOND OR LATE RESPONSE,Dead/Abandoned,False,033,False
159,NEAR_1_SUBSTITUTION,1,79178816,5488591,GRACE,2015-07-08,404,grace,IR CANCELLED; US REGISTRATION CANCELLED,Dead/Cancelled,False,,False
159,NEAR_1_SUBSTITUTION,1,86645232,,GRATE,2015-05-29,606,grate,ABANDONED - NO STATEMENT OF USE FILED,Dead/Abandoned,False,"009,035,045",True
159,NEAR_1_SUBSTITUTION,1,86628761,5420834,GRAZE,2015-05-13,710,graze,CANCELLED - SECTION 8,Dead/Cancelled,False,,False
159,NEAR_1_SUBSTITUTION,1,86628766,5420835,GRAZE,2015-05-13,710,graze,CANCELLED - SECTION 8,Dead/Cancelled,False,,False
159,NEAR_1_SUBSTITUTION,1,86594907,,GRATE,2015-04-13,602,grate,ABANDONED-FAILURE TO RESPOND OR LATE RESPONSE,Dead/Abandoned,False,030,False
159,NEAR_1_SUBSTITUTION,1,86561169,,G.R.A.D.S.,2015-03-11,602,grads,ABANDONED-FAILURE TO RESPOND OR LATE RESPONSE,Dead/Abandoned,False,035,True
159,NEAR_1_DELETION,1,86522134,4808044,GRDE,2015-02-03,710,grde,CANCELLED - SECTION 8,Dead/Cancelled,False,,False
159,NEAR_1_INSERTION,1,86503123,,AGRADE,2015-01-14,600,agrade,ABANDONED - INCOMPLETE RESPONSE,Dead/Abandoned,False,009,False
159,NEAR_1_SUBSTITUTION,1,86424896,4862042,GRAPE,2014-10-15,710,grape,CANCELLED - SECTION 8,Dead/Cancelled,False,,False
159,NEAR_1_SUBSTITUTION,1,86392785,,GRACE,2014-09-11,606,grace,ABANDONED - NO STATEMENT OF USE FILED,Dead/Abandoned,False,041,False
159,NEAR_1_SUBSTITUTION,1,86335420,,GRACE,2014-07-12,602,grace,ABANDONED-FAILURE TO RESPOND OR LATE RESPONSE,Dead/Abandoned,False,041,False
159,NEAR_1_INSERTION,1,86325675,,Y-GRADE,2014-07-01,602,ygrade,ABANDONED-FAILURE TO RESPOND OR LATE RESPONSE,Dead/Abandoned,False,037,False
159,NEAR_1_DELETION,1,86308679,4709662,GRDE,2014-06-13,710,grde,CANCELLED - SECTION 8,Dead/Cancelled,False,,False
159,NEAR_1_SUBSTITUTION,1,86260257,,GRADR,2014-04-23,602,gradr,ABANDONED-FAILURE TO RESPOND OR LATE RESPONSE,Dead/Abandoned,False,009,False
159,NEAR_1_SUBSTITUTION,1,86181017,4827811,GRANE,2014-01-31,710,grane,CANCELLED - SECTION 8,Dead/Cancelled,False,,False
159,NEAR_1_DELETION,1,86153968,4575579,G-RAD,2013-12-30,710,grad,CANCELLED - SECTION 8,Dead/Cancelled,False,,False
159,NEAR_1_SUBSTITUTION,1,86144374,5124638,GLADE,2013-12-16,710,glade,CANCELLED - SECTION 8,Dead/Cancelled,False,,False
159,NEAR_1_DELETION,1,86142009,4596100,GRAD,2013-12-12,710,grad,CANCELLED - SECTION 8,Dead/Cancelled,False,,False
159,NEAR_1_SUBSTITUTION,1,86076967,,GRACE,2013-09-27,606,grace,ABANDONED - NO STATEMENT OF USE FILED,Dead/Abandoned,False,001,False
159,NEAR_1_SUBSTITUTION,1,79137741,4634726,GRACE,2013-09-03,404,grace,IR CANCELLED; US REGISTRATION CANCELLED,Dead/Cancelled,False,,False
159,NEAR_1_DELETION,1,86047367,4600015,GA-DE,2013-08-25,710,gade,CANCELLED - SECTION 8,Dead/Cancelled,False,,False
159,NEAR_1_DELETION,1,86017723,4633510,GRAE,2013-07-23,710,grae,CANCELLED - SECTION 8,Dead/Cancelled,False,,False
159,NEAR_1_SUBSTITUTION,1,86016507,,GRACE,2013-07-22,602,grace,ABANDONED-FAILURE TO RESPOND OR LATE RESPONSE,Dead/Abandoned,False,033,False
159,NEAR_1_SUBSTITUTION,1,86008103,,GRACE,2013-07-11,606,grace,ABANDONED - NO STATEMENT OF USE FILED,Dead/Abandoned,False,011,False
159,NEAR_1_SUBSTITUTION,1,79135336,4607670,GRACE,2013-07-10,404,grace,IR CANCELLED; US REGISTRATION CANCELLED,Dead/Cancelled,False,,False
159,NEAR_1_INSERTION,1,85966458,4475016,GRADE A,2013-06-21,710,gradea,CANCELLED - SECTION 8,Dead/Cancelled,False,,False
159,NEAR_1_INSERTION,1,85906718,,MGRADE,2013-04-17,606,mgrade,ABANDONED - NO STATEMENT OF USE FILED,Dead/Abandoned,False,"009,010",True
159,NEAR_1_INSERTION,1,85849839,5677426,T-GRADE,2013-02-14,710,tgrade,CANCELLED - SECTION 8,Dead/Cancelled,False,,False
159,NEAR_1_SUBSTITUTION,1,85829016,,DRADE,2013-01-22,602,drade,ABANDONED-FAILURE TO RESPOND OR LATE RESPONSE,Dead/Abandoned,False,009,False
159,NEAR_1_SUBSTITUTION,1,85806585,,GLADE,2012-12-19,605,glade,ABANDONED EXPRESS AFTER PUB,Dead/Abandoned,False,,False
159,NEAR_1_SUBSTITUTION,1,85724580,4645616,GRACE,2012-09-10,710,grace,CANCELLED - SECTION 8,Dead/Cancelled,False,,False
159,NEAR_1_SUBSTITUTION,1,85711128,4467329,GRACE,2012-08-23,710,grace,CANCELLED - SECTION 8,Dead/Cancelled,False,,False
159,NEAR_1_INSERTION,1,85667090,,"GRADE ""A""",2012-07-02,602,gradea,ABANDONED-FAILURE TO RESPOND OR LATE RESPONSE,Dead/Abandoned,False,003,True
159,NEAR_1_INSERTION,1,85665997,4503924,GRANDE,2012-06-29,710,grande,CANCELLED - SECTION 8,Dead/Cancelled,False,,False
159,NEAR_1_SUBSTITUTION,1,85654220,,GLADE,2012-06-18,605,glade,ABANDONED EXPRESS AFTER PUB,Dead/Abandoned,False,,False
159,NEAR_1_INSERTION,1,85618078,4360059,GRADE A,2012-05-07,710,gradea,CANCELLED - SECTION 8,Dead/Cancelled,False,,False
159,NEAR_1_INSERTION,1,85508601,,GRADE A.,2012-01-04,602,gradea,ABANDONED-FAILURE TO RESPOND OR LATE RESPONSE,Dead/Abandoned,False,025,False
159,NEAR_1_SUBSTITUTION,1,85447730,4836992,GRACE,2011-10-14,710,grace,CANCELLED - SECTION 8,Dead/Cancelled,False,,False
159,NEAR_1_SUBSTITUTION,1,85981660,4581542,GRACE,2011-10-14,710,grace,CANCELLED - SECTION 8,Dead/Cancelled,False,,False
159,NEAR_1_INSERTION,1,85444673,,MGRADE,2011-10-11,606,mgrade,ABANDONED - NO STATEMENT OF USE FILED,Dead/Abandoned,False,"001,005",True
159,NEAR_1_SUBSTITUTION,1,85435620,,KRADE,2011-09-29,606,krade,ABANDONED - NO STATEMENT OF USE FILED,Dead/Abandoned,False,"009,042",False
159,NEAR_1_SUBSTITUTION,1,85396787,4170567,GRACE,2011-08-12,710,grace,CANCELLED - SECTION 8,Dead/Cancelled,False,,False
159,NEAR_1_SUBSTITUTION,1,85358475,,GRAZE,2011-06-28,602,graze,ABANDONED-FAILURE TO RESPOND OR LATE RESPONSE,Dead/Abandoned,False,029,False
159,NEAR_1_SUBSTITUTION,1,85358498,,GRAZE,2011-06-28,602,graze,ABANDONED-FAILURE TO RESPOND OR LATE RESPONSE,Dead/Abandoned,False,039,False
159,NEAR_1_SUBSTITUTION,1,85325534,4199607,GRACE,2011-05-20,710,grace,CANCELLED - SECTION 8,Dead/Cancelled,False,,False
159,NEAR_1_SUBSTITUTION,1,79100632,,GRACE,2011-05-03,402,grace,IR CANCELLED; US APPLICATION ABANDONED,Dead/Abandoned,False,,False
159,NEAR_1_SUBSTITUTION,1,85305147,4372967,GRAZE,2011-04-26,710,graze,CANCELLED - SECTION 8,Dead/Cancelled,False,,False
159,NEAR_1_SUBSTITUTION,1,85292008,,GLADE,2011-04-11,604,glade,ABANDONED - AFTER INTER-PARTES DECISION,Dead/Abandoned,False,,False
159,NEAR_1_SUBSTITUTION,1,85292056,,GLADE,2011-04-11,604,glade,ABANDONED - AFTER INTER-PARTES DECISION,Dead/Abandoned,False,,False
159,NEAR_1_SUBSTITUTION,1,85214989,,GRACE,2011-01-11,603,grace,ABANDONED - AFTER EX PARTE APPEAL,Dead/Abandoned,False,003,True
159,NEAR_1_SUBSTITUTION,1,85211480,,TRADE,2011-01-05,606,trade,ABANDONED - NO STATEMENT OF USE FILED,Dead/Abandoned,False,028,False
159,NEAR_1_INSERTION,1,85190412,4166490,T-GRADE,2010-12-03,710,tgrade,CANCELLED - SECTION 8,Dead/Cancelled,False,,False
159,NEAR_1_SUBSTITUTION,1,85147281,,GLADE,2010-10-07,605,glade,ABANDONED EXPRESS AFTER PUB,Dead/Abandoned,False,,False
159,NEAR_1_SUBSTITUTION,1,85100344,3919899,GLADE,2010-08-04,710,glade,CANCELLED - SECTION 8,Dead/Cancelled,False,,False
159,NEAR_1_SUBSTITUTION,1,85096972,,GRACE,2010-07-30,602,grace,ABANDONED-FAILURE TO RESPOND OR LATE RESPONSE,Dead/Abandoned,False,"025,028",False
159,NEAR_1_SUBSTITUTION,1,85063364,,GRACE,2010-06-15,602,grace,ABANDONED-FAILURE TO RESPOND OR LATE RESPONSE,Dead/Abandoned,False,044,True
159,NEAR_1_SUBSTITUTION,1,85060513,,GLADE,2010-06-11,601,glade,ABANDONED - EXPRESS,Dead/Abandoned,False,"003,005,016",True
159,NEAR_1_SUBSTITUTION,1,85055306,,GRACE,2010-06-04,602,grace,ABANDONED-FAILURE TO RESPOND OR LATE RESPONSE,Dead/Abandoned,False,009,False
159,NEAR_1_INSERTION,1,85011545,4074737,GRADES,2010-04-12,710,grades,CANCELLED - SECTION 8,Dead/Cancelled,False,,False
159,NEAR_1_SUBSTITUTION,1,85003086,,GRACE,2010-03-31,606,grace,ABANDONED - NO STATEMENT OF USE FILED,Dead/Abandoned,False,010,True
159,NEAR_1_INSERTION,1,77965715,4172118,X-GRADE,2010-03-23,710,xgrade,CANCELLED - SECTION 8,Dead/Cancelled,False,,False
159,NEAR_1_SUBSTITUTION,1,77931269,,@TRADE,2010-02-09,606,trade,ABANDONED - NO STATEMENT OF USE FILED,Dead/Abandoned,False,"009,035",True
159,NEAR_1_INSERTION,1,77872437,3813892,GTRADE,2009-11-13,710,gtrade,CANCELLED - SECTION 8,Dead/Cancelled,False,,False
159,NEAR_1_SUBSTITUTION,1,77849739,,GRACE,2009-10-15,602,grace,ABANDONED-FAILURE TO RESPOND OR LATE RESPONSE,Dead/Abandoned,False,041,False
159,NEAR_1_SUBSTITUTION,1,77818682,,GLADE,2009-09-02,605,glade,ABANDONED EXPRESS AFTER PUB,Dead/Abandoned,False,,False
159,NEAR_1_SUBSTITUTION,1,77982745,4187205,GLADE,2009-09-02,710,glade,CANCELLED - SECTION 8,Dead/Cancelled,False,,False
159,NEAR_1_SUBSTITUTION,1,77790819,,GRACE,2009-07-28,602,grace,ABANDONED-FAILURE TO RESPOND OR LATE RESPONSE,Dead/Abandoned,False,042,False
159,NEAR_1_INSERTION,1,77743762,3707212,IGRADE,2009-05-24,710,igrade,CANCELLED - SECTION 8,Dead/Cancelled,False,,False
159,NEAR_1_SUBSTITUTION,1,77667035,,GRAZE,2009-02-10,604,graze,ABANDONED - AFTER INTER-PARTES DECISION,Dead/Abandoned,False,,False
159,NEAR_1_SUBSTITUTION,1,77666656,3721235,TRADE+,2009-02-09,710,trade,CANCELLED - SECTION 8,Dead/Cancelled,False,,False
159,NEAR_1_SUBSTITUTION,1,77611883,,GRACE,2008-11-11,602,grace,ABANDONED-FAILURE TO RESPOND OR LATE RESPONSE,Dead/Abandoned,False,035,True
159,NEAR_1_SUBSTITUTION,1,77606403,3825887,GRACE,2008-11-03,710,grace,CANCELLED - SECTION 8,Dead/Cancelled,False,,False
159,NEAR_1_SUBSTITUTION,1,77546632,3743073,GRAZE,2008-08-13,710,graze,CANCELLED - SECTION 8,Dead/Cancelled,False,,False
159,NEAR_1_INSERTION,1,77524381,3693796,GRANDE,2008-07-17,710,grande,CANCELLED - SECTION 8,Dead/Cancelled,False,,False
159,NEAR_1_INSERTION,1,77524428,3693798,GRANDE,2008-07-17,710,grande,CANCELLED - SECTION 8,Dead/Cancelled,False,,False
159,NEAR_1_SUBSTITUTION,1,77523545,3550204,GRACE,2008-07-16,710,grace,CANCELLED - SECTION 8,Dead/Cancelled,False,,False
159,NEAR_1_INSERTION,1,77453079,,GRADLE,2008-04-21,602,gradle,ABANDONED-FAILURE TO RESPOND OR LATE RESPONSE,Dead/Abandoned,False,009,False
159,NEAR_1_SUBSTITUTION,1,76687523,,GRACE,2008-03-10,602,grace,ABANDONED-FAILURE TO RESPOND OR LATE RESPONSE,Dead/Abandoned,False,014,False
159,NEAR_1_SUBSTITUTION,1,77294196,,GRANE,2007-10-02,606,grane,ABANDONED - NO STATEMENT OF USE FILED,Dead/Abandoned,False,025,False
159,NEAR_1_INSERTION,1,77228060,,ZGRADE,2007-07-12,601,zgrade,ABANDONED - EXPRESS,Dead/Abandoned,False,036,False
159,NEAR_1_SUBSTITUTION,1,79046030,3431622,ARADE,2007-07-12,404,arade,IR CANCELLED; US REGISTRATION CANCELLED,Dead/Cancelled,False,,False
159,NEAR_1_SUBSTITUTION,1,77153132,3755077,GRACE,2007-04-10,710,grace,CANCELLED - SECTION 8,Dead/Cancelled,False,,False
159,NEAR_1_INSERTION,1,77124435,,GTRADE,2007-03-07,602,gtrade,ABANDONED-FAILURE TO RESPOND OR LATE RESPONSE,Dead/Abandoned,False,00B,False
159,NEAR_1_SUBSTITUTION,1,77097198,,TRADE,2007-02-01,602,trade,ABANDONED-FAILURE TO RESPOND OR LATE RESPONSE,Dead/Abandoned,False,033,False
159,NEAR_1_DELETION,1,77009391,,RADE,2006-09-28,606,rade,ABANDONED - NO STATEMENT OF USE FILED,Dead/Abandoned,False,032,False
159,NEAR_1_SUBSTITUTION,1,77006139,,GRACE,2006-09-24,602,grace,ABANDONED-FAILURE TO RESPOND OR LATE RESPONSE,Dead/Abandoned,False,035,True
159,NEAR_1_INSERTION,1,78942533,,GRANDE,2006-08-01,606,grande,ABANDONED - NO STATEMENT OF USE FILED,Dead/Abandoned,False,005,True
159,NEAR_1_DELETION,1,76652523,,GRAD+,2005-12-23,602,grad,ABANDONED-FAILURE TO RESPOND OR LATE RESPONSE,Dead/Abandoned,False,036,False
159,NEAR_1_INSERTION,1,78745373,3162284,GRANDE,2005-11-02,710,grande,CANCELLED - SECTION 8,Dead/Cancelled,False,,False
159,NEAR_1_SUBSTITUTION,1,78691234,3303844,GRANE,2005-08-12,710,grane,CANCELLED - SECTION 8,Dead/Cancelled,False,,False
159,NEAR_1_INSERTION,1,78679007,3472247,GRANDE,2005-07-26,710,grande,CANCELLED - SECTION 8,Dead/Cancelled,False,,False
159,NEAR_1_SUBSTITUTION,1,78659748,3254220,GRAZE,2005-06-28,710,graze,CANCELLED - SECTION 8,Dead/Cancelled,False,,False
159,NEAR_1_SUBSTITUTION,1,78659752,,GRAZE,2005-06-28,602,graze,ABANDONED-FAILURE TO RESPOND OR LATE RESPONSE,Dead/Abandoned,False,038,False
159,NEAR_1_SUBSTITUTION,1,78659753,,GRAZE,2005-06-28,606,graze,ABANDONED - NO STATEMENT OF USE FILED,Dead/Abandoned,False,043,False
159,NEAR_1_SUBSTITUTION,1,78659756,,GRAZE,2005-06-28,606,graze,ABANDONED - NO STATEMENT OF USE FILED,Dead/Abandoned,False,025,False
159,NEAR_1_SUBSTITUTION,1,78659758,,GRAZE,2005-06-28,606,graze,ABANDONED - NO STATEMENT OF USE FILED,Dead/Abandoned,False,016,False
159,NEAR_1_SUBSTITUTION,1,78659764,,GRAZE,2005-06-28,602,graze,ABANDONED-FAILURE TO RESPOND OR LATE RESPONSE,Dead/Abandoned,False,041,False
159,NEAR_1_SUBSTITUTION,1,78659766,,GRAZE,2005-06-28,606,graze,ABANDONED - NO STATEMENT OF USE FILED,Dead/Abandoned,False,009,False
159,NEAR_1_SUBSTITUTION,1,78659772,,GRAZE,2005-06-28,606,graze,ABANDONED - NO STATEMENT OF USE FILED,Dead/Abandoned,False,028,False
159,NEAR_1_SUBSTITUTION,1,76641681,,GRACE,2005-06-27,602,grace,ABANDONED-FAILURE TO RESPOND OR LATE RESPONSE,Dead/Abandoned,False,045,False
159,NEAR_1_SUBSTITUTION,1,78653422,,TRADE,2005-06-17,606,trade,ABANDONED - NO STATEMENT OF USE FILED,Dead/Abandoned,False,025,False
159,NEAR_1_SUBSTITUTION,1,78647946,,GRACE,2005-06-10,602,grace,ABANDONED-FAILURE TO RESPOND OR LATE RESPONSE,Dead/Abandoned,False,014,False
159,NEAR_1_INSERTION,1,78613768,,GRADE A,2005-04-21,606,gradea,ABANDONED - NO STATEMENT OF USE FILED,Dead/Abandoned,False,038,False
159,NEAR_1_INSERTION,1,78613772,,GRADE A,2005-04-21,606,gradea,ABANDONED - NO STATEMENT OF USE FILED,Dead/Abandoned,False,041,False
159,NEAR_1_SUBSTITUTION,1,78603853,3299051,GRANE,2005-04-07,710,grane,CANCELLED - SECTION 8,Dead/Cancelled,False,,False
159,NEAR_1_INSERTION,1,78532226,3100260,GRANDE,2004-12-14,710,grande,CANCELLED - SECTION 8,Dead/Cancelled,False,,False
159,NEAR_1_SUBSTITUTION,1,78528810,3362244,GRACE,2004-12-08,710,grace,CANCELLED - SECTION 8,Dead/Cancelled,False,,False
159,NEAR_1_INSERTION,1,78515669,,GRANDE,2004-11-11,606,grande,ABANDONED - NO STATEMENT OF USE FILED,Dead/Abandoned,False,016,False
159,NEAR_1_SUBSTITUTION,1,78514002,3078943,GRADY,2004-11-09,710,grady,CANCELLED - SECTION 8,Dead/Cancelled,False,,False
159,NEAR_1_INSERTION,1,79008638,3148866,MGRADE,2004-07-23,404,mgrade,IR CANCELLED; US REGISTRATION CANCELLED,Dead/Cancelled,False,,False
159,NEAR_1_SUBSTITUTION,1,78381614,,GRACE,2004-03-10,606,grace,ABANDONED - NO STATEMENT OF USE FILED,Dead/Abandoned,False,043,False
159,NEAR_1_DELETION,1,76578630,3031093,GA-DE,2004-03-01,710,gade,CANCELLED - SECTION 8,Dead/Cancelled,False,,False
159,NEAR_1_SUBSTITUTION,1,78274518,,GRACE,2003-07-15,602,grace,ABANDONED-FAILURE TO RESPOND OR LATE RESPONSE,Dead/Abandoned,False,036,False
159,NEAR_1_SUBSTITUTION,1,78245363,,GREDE,2003-05-03,606,grede,ABANDONED - NO STATEMENT OF USE FILED,Dead/Abandoned,False,024,False
159,NEAR_1_SUBSTITUTION,1,78242388,3177648,GRACE,2003-04-25,710,grace,CANCELLED - SECTION 8,Dead/Cancelled,False,,False
159,NEAR_1_INSERTION,1,76506670,,GRADEX,2003-04-14,602,gradex,ABANDONED-FAILURE TO RESPOND OR LATE RESPONSE,Dead/Abandoned,False,007,False
159,NEAR_1_SUBSTITUTION,1,76488917,2901174,GRAPE,2003-02-10,710,grape,CANCELLED - SECTION 8,Dead/Cancelled,False,,False
159,NEAR_1_SUBSTITUTION,1,78185736,3006369,GRACE,2002-11-15,710,grace,CANCELLED - SECTION 8,Dead/Cancelled,False,,False
159,NEAR_1_SUBSTITUTION,1,76453580,2746863,GRACE,2002-09-23,710,grace,CANCELLED - SECTION 8,Dead/Cancelled,False,,False
159,NEAR_1_INSERTION,1,76451269,3004702,MGRADE,2002-09-19,710,mgrade,CANCELLED - SECTION 8,Dead/Cancelled,False,,False
159,NEAR_1_SUBSTITUTION,1,76412389,2765462,GLADE,2002-05-22,710,glade,CANCELLED - SECTION 8,Dead/Cancelled,False,,False
159,NEAR_1_SUBSTITUTION,1,76351889,2781231,GRACE,2001-12-20,710,grace,CANCELLED - SECTION 8,Dead/Cancelled,False,,False
159,NEAR_1_SUBSTITUTION,1,76348311,,GRACE,2001-12-14,602,grace,ABANDONED-FAILURE TO RESPOND OR LATE RESPONSE,Dead/Abandoned,False,016,False
159,NEAR_1_SUBSTITUTION,1,76334005,,GRACE,2001-11-05,606,grace,ABANDONED - NO STATEMENT OF USE FILED,Dead/Abandoned,False,025,False
159,NEAR_1_INSERTION,1,76226948,2658225,D-GRADE,2001-03-14,710,dgrade,CANCELLED - SECTION 8,Dead/Cancelled,False,,False
159,NEAR_1_SUBSTITUTION,1,76186940,2618854,GRACE,2000-12-28,710,grace,CANCELLED - SECTION 8,Dead/Cancelled,False,,False
159,NEAR_1_INSERTION,1,78037165,,GRANDE,2000-11-30,602,grande,ABANDONED-FAILURE TO RESPOND OR LATE RESPONSE,Dead/Abandoned,False,042,False
159,NEAR_1_SUBSTITUTION,1,78034547,,GRACE,2000-11-09,602,grace,ABANDONED-FAILURE TO RESPOND OR LATE RESPONSE,Dead/Abandoned,False,016,False
159,NEAR_1_DELETION,1,76156120,2551331,GRAD,2000-10-30,710,grad,CANCELLED - SECTION 8,Dead/Cancelled,False,,False
159,NEAR_1_INSERTION,1,76138015,,GRANDE,2000-09-28,602,grande,ABANDONED-FAILURE TO RESPOND OR LATE RESPONSE,Dead/Abandoned,False,028,False
159,NEAR_1_INSERTION,1,76121300,,E-GRADE,2000-09-01,602,egrade,ABANDONED-FAILURE TO RESPOND OR LATE RESPONSE,Dead/Abandoned,False,001,False
159,NEAR_1_SUBSTITUTION,1,76114512,,GRADY,2000-08-22,606,grady,ABANDONED - NO STATEMENT OF USE FILED,Dead/Abandoned,False,"009,041",False
159,NEAR_1_DELETION,1,78007406,,RADE,2000-05-09,602,rade,ABANDONED-FAILURE TO RESPOND OR LATE RESPONSE,Dead/Abandoned,False,042,False
159,NEAR_1_INSERTION,1,78006383,,GRADEX,2000-05-01,602,gradex,ABANDONED-FAILURE TO RESPOND OR LATE RESPONSE,Dead/Abandoned,False,035,True
159,NEAR_1_SUBSTITUTION,1,78005103,2900535,GRACE,2000-04-21,710,grace,CANCELLED - SECTION 8,Dead/Cancelled,False,,False
159,NEAR_1_INSERTION,1,75915384,2622848,EGRADE,2000-02-02,710,egrade,CANCELLED - SECTION 8,Dead/Cancelled,False,,False
159,NEAR_1_SUBSTITUTION,1,75882683,,GRACE,1999-12-28,602,grace,ABANDONED-FAILURE TO RESPOND OR LATE RESPONSE,Dead/Abandoned,False,029,False
159,NEAR_1_INSERTION,1,75815163,,IGRADE,1999-10-25,602,igrade,ABANDONED-FAILURE TO RESPOND OR LATE RESPONSE,Dead/Abandoned,False,009,False
159,NEAR_1_INSERTION,1,75791301,2468955,G-TRADE,1999-09-02,710,gtrade,CANCELLED - SECTION 8,Dead/Cancelled,False,,False
159,NEAR_1_DELETION,1,75678720,,GRAD,1999-04-09,606,grad,ABANDONED - NO STATEMENT OF USE FILED,Dead/Abandoned,False,013,False
159,NEAR_1_SUBSTITUTION,1,75669477,,GRACE,1999-03-28,602,grace,ABANDONED-FAILURE TO RESPOND OR LATE RESPONSE,Dead/Abandoned,False,028,False
159,NEAR_1_SUBSTITUTION,1,75566196,,TRADE!,1998-10-06,602,trade,ABANDONED-FAILURE TO RESPOND OR LATE RESPONSE,Dead/Abandoned,False,042,False
159,NEAR_1_SUBSTITUTION,1,75559504,,GRATE,1998-09-25,602,grate,ABANDONED-FAILURE TO RESPOND OR LATE RESPONSE,Dead/Abandoned,False,"025,028",False
159,NEAR_1_INSERTION,1,75557542,,GRANDE,1998-09-24,602,grande,ABANDONED-FAILURE TO RESPOND OR LATE RESPONSE,Dead/Abandoned,False,021,True
159,NEAR_1_SUBSTITUTION,1,75475943,,GRADY,1998-04-28,602,grady,ABANDONED-FAILURE TO RESPOND OR LATE RESPONSE,Dead/Abandoned,False,010,True
159,NEAR_1_DELETION,1,75358171,2369711,RADE,1997-09-16,710,rade,CANCELLED - SECTION 8,Dead/Cancelled,False,,False
159,NEAR_1_INSERTION,1,75338049,,GRANDE,1997-08-08,606,grande,ABANDONED - NO STATEMENT OF USE FILED,Dead/Abandoned,False,010,True
159,NEAR_1_INSERTION,1,75335999,2501096,GRADE 1,1997-08-05,710,grade1,CANCELLED - SECTION 8,Dead/Cancelled,False,,False
159,NEAR_1_SUBSTITUTION,1,75329870,2240284,G.R.A.V.E.,1997-07-24,710,grave,CANCELLED - SECTION 8,Dead/Cancelled,False,,False
159,NEAR_1_SUBSTITUTION,1,75260199,3696208,GRACE,1997-03-19,710,grace,CANCELLED - SECTION 8,Dead/Cancelled,False,,False
159,NEAR_1_SUBSTITUTION,1,75977459,2240887,GRACE,1997-03-19,710,grace,CANCELLED - SECTION 8,Dead/Cancelled,False,,False
159,NEAR_1_SUBSTITUTION,1,75214247,,GRACE,1996-12-17,605,grace,ABANDONED EXPRESS AFTER PUB,Dead/Abandoned,False,010,True
159,NEAR_1_INSERTION,1,75185348,2184795,GRANDE,1996-10-22,710,grande,CANCELLED - SECTION 8,Dead/Cancelled,False,,False
159,NEAR_1_SUBSTITUTION,1,75157640,2240998,GLADE,1996-08-29,710,glade,CANCELLED - SECTION 8,Dead/Cancelled,False,,False
159,NEAR_1_SUBSTITUTION,1,75977250,2166639,GLADE,1996-08-29,710,glade,CANCELLED - SECTION 8,Dead/Cancelled,False,,False
159,NEAR_1_SUBSTITUTION,1,75156206,,GRACE,1996-08-26,601,grace,ABANDONED - EXPRESS,Dead/Abandoned,False,,False
159,NEAR_1_SUBSTITUTION,1,75121844,,GRAZE,1996-06-19,606,graze,ABANDONED - NO STATEMENT OF USE FILED,Dead/Abandoned,False,,False
159,NEAR_1_SUBSTITUTION,1,75119747,,GRACE,1996-06-17,606,grace,ABANDONED - NO STATEMENT OF USE FILED,Dead/Abandoned,False,,False
159,NEAR_1_SUBSTITUTION,1,75103123,,TRADE,1996-05-13,606,trade,ABANDONED - NO STATEMENT OF USE FILED,Dead/Abandoned,False,"025,041",False
159,NEAR_1_SUBSTITUTION,1,75099772,2148603,TRADE,1996-04-26,710,trade,CANCELLED - SECTION 8,Dead/Cancelled,False,,False
159,NEAR_1_SUBSTITUTION,1,75055644,2209410,GRAVE,1996-02-09,710,grave,CANCELLED - SECTION 8,Dead/Cancelled,False,,False
159,NEAR_1_SUBSTITUTION,1,75048086,2166217,TRADE,1996-01-24,710,trade,CANCELLED - SECTION 8,Dead/Cancelled,False,,False
159,NEAR_1_SUBSTITUTION,1,75041379,2252051,GRAPE,1996-01-11,710,grape,CANCELLED - SECTION 8,Dead/Cancelled,False,,False
159,NEAR_1_SUBSTITUTION,1,75025274,2221056,GRACE,1995-11-28,710,grace,CANCELLED - SECTION 8,Dead/Cancelled,False,,False
159,NEAR_1_DELETION,1,75007244,2008272,GRAD,1995-10-16,710,grad,CANCELLED - SECTION 8,Dead/Cancelled,False,,False
159,NEAR_1_SUBSTITUTION,1,74725329,2090422,GRACE,1995-09-05,900,grace,EXPIRED,Dead/Expired,False,,False
159,NEAR_1_SUBSTITUTION,1,74725340,2090423,GRACE,1995-09-05,710,grace,CANCELLED - SECTION 8,Dead/Cancelled,False,,False
159,NEAR_1_SUBSTITUTION,1,74704429,,GRACE,1995-07-24,602,grace,ABANDONED-FAILURE TO RESPOND OR LATE RESPONSE,Dead/Abandoned,False,,False
159,NEAR_1_DELETION,1,74690137,2143831,RADE,1995-06-01,710,rade,CANCELLED - SECTION 8,Dead/Cancelled,False,,False
159,NEAR_1_SUBSTITUTION,1,74680643,2047067,GRADS,1995-05-26,710,grads,CANCELLED - SECTION 8,Dead/Cancelled,False,,False
159,NEAR_1_INSERTION,1,74622063,,E-GRADE,1995-01-17,602,egrade,ABANDONED-FAILURE TO RESPOND OR LATE RESPONSE,Dead/Abandoned,False,,False
159,NEAR_1_SUBSTITUTION,1,74603772,,T.R.A.D.E.,1994-11-28,606,trade,ABANDONED - NO STATEMENT OF USE FILED,Dead/Abandoned,False,,False
159,NEAR_1_INSERTION,1,74558051,1994002,GRADE 1,1994-08-08,710,grade1,CANCELLED - SECTION 8,Dead/Cancelled,False,,False
159,NEAR_1_INSERTION,1,74547064,,GRANDE,1994-07-08,606,grande,ABANDONED - NO STATEMENT OF USE FILED,Dead/Abandoned,False,,False
159,NEAR_1_SUBSTITUTION,1,74537553,,GRACE,1994-06-14,605,grace,ABANDONED EXPRESS AFTER PUB,Dead/Abandoned,False,,False
159,NEAR_1_INSERTION,1,74441555,,GRANDE,1993-09-29,606,grande,ABANDONED - NO STATEMENT OF USE FILED,Dead/Abandoned,False,,False
159,NEAR_1_SUBSTITUTION,1,74437366,1972109,GRACE,1993-09-20,710,grace,CANCELLED - SECTION 8,Dead/Cancelled,False,,False
159,NEAR_1_SUBSTITUTION,1,74407087,,GRADS,1993-06-29,601,grads,ABANDONED - EXPRESS,Dead/Abandoned,False,,False
159,NEAR_1_INSERTION,1,74395355,1849789,GRANDE,1993-05-27,710,grande,CANCELLED - SECTION 8,Dead/Cancelled,False,,False
159,NEAR_1_SUBSTITUTION,1,74352710,1812460,TRADE,1993-01-26,710,trade,CANCELLED - SECTION 8,Dead/Cancelled,False,,False
159,NEAR_1_INSERTION,1,74339228,,A-GRADE,1992-12-11,602,agrade,ABANDONED-FAILURE TO RESPOND OR LATE RESPONSE,Dead/Abandoned,False,,False
159,NEAR_1_INSERTION,1,74322448,,GRANDE,1992-10-13,606,grande,ABANDONED - NO STATEMENT OF USE FILED,Dead/Abandoned,False,,False
159,NEAR_1_INSERTION,1,74302806,1814490,GRADE V,1992-08-10,710,gradev,CANCELLED - SECTION 8,Dead/Cancelled,False,,False
159,NEAR_1_INSERTION,1,74285225,,GRANDE,1992-06-16,602,grande,ABANDONED-FAILURE TO RESPOND OR LATE RESPONSE,Dead/Abandoned,False,,False
159,NEAR_1_SUBSTITUTION,1,74278352,1771049,GRACE,1992-05-26,710,grace,CANCELLED - SECTION 8,Dead/Cancelled,False,,False
159,NEAR_1_DELETION,1,74258777,1731086,G R A D,1992-03-23,710,grad,CANCELLED - SECTION 8,Dead/Cancelled,False,,False
159,NEAR_1_SUBSTITUTION,1,74249352,1721932,GRAD G,1992-02-25,710,gradg,CANCELLED - SECTION 8,Dead/Cancelled,False,,False
159,NEAR_1_SUBSTITUTION,1,74249356,1723757,GRAD G,1992-02-25,710,gradg,CANCELLED - SECTION 8,Dead/Cancelled,False,,False
159,NEAR_1_DELETION,1,74249365,1725644,GRAD,1992-02-25,710,grad,CANCELLED - SECTION 8,Dead/Cancelled,False,,False
159,NEAR_1_DELETION,1,74249366,1725645,GRAD,1992-02-25,710,grad,CANCELLED - SECTION 8,Dead/Cancelled,False,,False
159,NEAR_1_SUBSTITUTION,1,74229335,1804166,GRALE,1991-12-11,710,grale,CANCELLED - SECTION 8,Dead/Cancelled,False,,False
159,NEAR_1_SUBSTITUTION,1,74217035,1756420,GRACE,1991-10-28,710,grace,CANCELLED - SECTION 8,Dead/Cancelled,False,,False
159,NEAR_1_DELETION,1,74167438,,GRAD,1991-05-17,606,grad,ABANDONED - NO STATEMENT OF USE FILED,Dead/Abandoned,False,,False
159,NEAR_1_DELETION,1,74162794,,GRAD,1991-05-02,606,grad,ABANDONED - NO STATEMENT OF USE FILED,Dead/Abandoned,False,,False
159,NEAR_1_DELETION,1,74800923,1749400,GRAD,1991-05-02,710,grad,CANCELLED - SECTION 8,Dead/Cancelled,False,,False
159,NEAR_1_INSERTION,1,74151182,1742550,GRANDE,1991-03-25,710,grande,CANCELLED - SECTION 8,Dead/Cancelled,False,,False
159,NEAR_1_SUBSTITUTION,1,74106395,,GRACE,1990-10-16,605,grace,ABANDONED EXPRESS AFTER PUB,Dead/Abandoned,False,,False
159,NEAR_1_INSERTION,1,74100783,1663250,GRADE2,1990-09-27,710,grade2,CANCELLED - SECTION 8,Dead/Cancelled,False,,False
159,NEAR_1_SUBSTITUTION,1,74009101,1652551,TRADE,1989-12-08,710,trade,CANCELLED - SECTION 8,Dead/Cancelled,False,,False
159,NEAR_1_SUBSTITUTION,1,74009102,1652552,TRADE,1989-12-08,710,trade,CANCELLED - SECTION 8,Dead/Cancelled,False,,False
159,NEAR_1_SUBSTITUTION,1,74000469,,GRADY,1989-11-16,606,grady,ABANDONED - NO STATEMENT OF USE FILED,Dead/Abandoned,False,,False
159,NEAR_1_SUBSTITUTION,1,74000640,1607468,GRACE,1989-11-16,710,grace,CANCELLED - SECTION 8,Dead/Cancelled,False,,False
159,NEAR_1_DELETION,1,74001823,1679025,GRAD,1989-11-16,710,grad,CANCELLED - SECTION 8,Dead/Cancelled,False,,False
159,NEAR_1_INSERTION,1,73820086,1615669,E-GRADE,1989-08-16,710,egrade,CANCELLED - SECTION 8,Dead/Cancelled,False,,False
159,NEAR_1_SUBSTITUTION,1,73761054,1544126,GLADE,1988-10-31,710,glade,CANCELLED - SECTION 8,Dead/Cancelled,False,,False
159,NEAR_1_TRANSPOSITION,1,73759649,1560781,GARDE,1988-10-24,710,garde,CANCELLED - SECTION 8,Dead/Cancelled,False,,False
159,NEAR_1_SUBSTITUTION,1,73739782,1565369,GRACE,1988-07-14,710,grace,CANCELLED - SECTION 8,Dead/Cancelled,False,,False
159,NEAR_1_SUBSTITUTION,1,73715106,1543231,GRADY,1988-03-07,710,grady,CANCELLED - SECTION 8,Dead/Cancelled,False,,False
159,NEAR_1_INSERTION,1,73697580,1525783,GRADE A,1987-11-25,710,gradea,CANCELLED - SECTION 8,Dead/Cancelled,False,,False
159,NEAR_1_SUBSTITUTION,1,73696794,,GRACE,1987-11-23,601,grace,ABANDONED - EXPRESS,Dead/Abandoned,False,,False
159,NEAR_1_SUBSTITUTION,1,73677766,,GRACE,1987-08-10,602,grace,ABANDONED-FAILURE TO RESPOND OR LATE RESPONSE,Dead/Abandoned,False,,False
159,NEAR_1_SUBSTITUTION,1,73676144,1482039,GRACE,1987-08-03,710,grace,CANCELLED - SECTION 8,Dead/Cancelled,False,,False
159,NEAR_1_SUBSTITUTION,1,73551520,1386536,GRACE,1985-08-02,710,grace,CANCELLED - SECTION 8,Dead/Cancelled,False,,False
159,NEAR_1_SUBSTITUTION,1,73518023,,GRACE,1985-01-18,602,grace,ABANDONED-FAILURE TO RESPOND OR LATE RESPONSE,Dead/Abandoned,False,,False
159,NEAR_1_INSERTION,1,73509122,1380681,GRANDE,1984-11-16,710,grande,CANCELLED - SECTION 8,Dead/Cancelled,False,,False
159,NEAR_1_INSERTION,1,73493461,1337983,GRANDE,1984-08-06,710,grande,CANCELLED - SECTION 8,Dead/Cancelled,False,,False
159,NEAR_1_INSERTION,1,73482499,1368407,GRANDE,1984-05-29,710,grande,CANCELLED - SECTION 8,Dead/Cancelled,False,,False
159,NEAR_1_SUBSTITUTION,1,73479412,1344909,GRACE,1984-05-08,710,grace,CANCELLED - SECTION 8,Dead/Cancelled,False,,False
159,NEAR_1_INSERTION,1,73475888,1323547,GRANDE,1984-04-17,710,grande,CANCELLED - SECTION 8,Dead/Cancelled,False,,False
159,NEAR_1_INSERTION,1,73466857,,GRANDE,1984-02-23,602,grande,ABANDONED-FAILURE TO RESPOND OR LATE RESPONSE,Dead/Abandoned,False,,False
159,NEAR_1_TRANSPOSITION,1,73445932,1380512,GARDE,1983-09-30,710,garde,CANCELLED - SECTION 8,Dead/Cancelled,False,,False
159,NEAR_1_INSERTION,1,73392499,1296586,GRANDE,1982-09-29,710,grande,CANCELLED - SECTION 8,Dead/Cancelled,False,,False
159,NEAR_1_INSERTION,1,73336262,1216643,GRANDE,1981-11-09,710,grande,CANCELLED - SECTION 8,Dead/Cancelled,False,,False
159,NEAR_1_SUBSTITUTION,1,73327104,1223311,GRADA,1981-09-08,710,grada,CANCELLED - SECTION 8,Dead/Cancelled,False,,False
159,NEAR_1_INSERTION,1,73318436,1199487,GRANDE,1981-07-10,710,grande,CANCELLED - SECTION 8,Dead/Cancelled,False,,False
159,NEAR_1_INSERTION,1,73299949,1219245,"""GRANDE""",1981-03-06,710,grande,CANCELLED - SECTION 8,Dead/Cancelled,False,,False
159,NEAR_1_SUBSTITUTION,1,73273684,1178948,P-RADE,1980-08-11,710,prade,CANCELLED - SECTION 8,Dead/Cancelled,False,,False
159,NEAR_1_SUBSTITUTION,1,73262622,1180136,GRADA,1980-05-19,710,grada,CANCELLED - SECTION 8,Dead/Cancelled,False,,False
159,NEAR_1_SUBSTITUTION,1,73170388,1152197,GRACE,1978-05-15,710,grace,CANCELLED - SECTION 8,Dead/Cancelled,False,,False
159,NEAR_1_INSERTION,1,73160605,1125122,GRADE 1,1978-03-02,710,grade1,CANCELLED - SECTION 8,Dead/Cancelled,False,,False
159,NEAR_1_SUBSTITUTION,1,73130200,1107519,GRACE,1977-06-13,710,grace,CANCELLED - SECTION 8,Dead/Cancelled,False,,False
159,NEAR_1_SUBSTITUTION,1,73070494,1051360,GRACE,1975-11-28,711,grace,CANCELLED - SECTION 7,Dead/Cancelled,False,,False
159,NEAR_1_SUBSTITUTION,1,72379557,0924060,GLADE,1970-12-28,900,glade,EXPIRED,Dead/Expired,False,,False
159,NEAR_1_SUBSTITUTION,1,72354056,0899456,GRACE,1970-03-16,900,grace,EXPIRED,Dead/Expired,False,,False
159,NEAR_1_SUBSTITUTION,1,72343998,0912784,GRAPE,1969-11-19,900,grape,EXPIRED,Dead/Expired,False,,False
159,NEAR_1_SUBSTITUTION,1,72308113,0904802,GRACE,1968-09-24,900,grace,EXPIRED,Dead/Expired,False,,False
159,NEAR_1_INSERTION,1,72299290,0882702,GRADE 6,1968-05-29,900,grade6,EXPIRED,Dead/Expired,False,,False
159,NEAR_1_DELETION,1,72296163,0864629,GRAD,1968-04-22,900,grad,EXPIRED,Dead/Expired,False,,False
159,NEAR_1_SUBSTITUTION,1,72291735,0865874,GRACE,1968-02-23,900,grace,EXPIRED,Dead/Expired,False,,False
159,NEAR_1_SUBSTITUTION,1,72279550,0868889,GRACE,1967-09-01,900,grace,EXPIRED,Dead/Expired,False,,False
159,NEAR_1_INSERTION,1,72243928,0837793,GRADE A,1966-04-20,900,gradea,EXPIRED,Dead/Expired,False,,False
159,NEAR_1_SUBSTITUTION,1,72226952,0808275,GRAPE,1965-09-01,710,grape,CANCELLED - SECTION 8,Dead/Cancelled,False,,False
159,NEAR_1_SUBSTITUTION,1,72188727,0792573,GLADE,1964-03-16,900,glade,EXPIRED,Dead/Expired,False,,False
159,NEAR_1_SUBSTITUTION,1,72171911,0772303,GRACE,1963-06-26,900,grace,EXPIRED,Dead/Expired,False,,False
159,NEAR_1_SUBSTITUTION,1,72170993,0774457,TRADE,1963-06-14,710,trade,CANCELLED - SECTION 8,Dead/Cancelled,False,,False
159,NEAR_1_SUBSTITUTION,1,72167906,0777996,GRACE,1963-05-01,900,grace,EXPIRED,Dead/Expired,False,,False
159,NEAR_1_SUBSTITUTION,1,72134021,0745222,GRACE,1961-12-14,710,grace,CANCELLED - SECTION 8,Dead/Cancelled,False,,False
159,NEAR_1_SUBSTITUTION,1,72130693,0740775,GRACE,1961-10-26,900,grace,EXPIRED,Dead/Expired,False,,False
159,NEAR_1_SUBSTITUTION,1,72129768,0740194,GRACE,1961-10-12,900,grace,EXPIRED,Dead/Expired,False,,False
159,NEAR_1_INSERTION,1,72128534,0748581,GRANDE,1961-09-25,710,grande,CANCELLED - SECTION 8,Dead/Cancelled,False,,False
159,NEAR_1_SUBSTITUTION,1,72127006,0733638,GRACE,1961-08-31,900,grace,EXPIRED,Dead/Expired,False,,False
159,NEAR_1_SUBSTITUTION,1,72127007,0733284,GRACE,1961-08-31,710,grace,CANCELLED - SECTION 8,Dead/Cancelled,False,,False
159,NEAR_1_SUBSTITUTION,1,72126759,0735327,GRACE,1961-08-28,900,grace,EXPIRED,Dead/Expired,False,,False
159,NEAR_1_SUBSTITUTION,1,72126761,0735129,GRACE,1961-08-28,900,grace,EXPIRED,Dead/Expired,False,,False
159,NEAR_1_INSERTION,1,72109040,0726177,GRADES,1960-11-25,900,grades,EXPIRED,Dead/Expired,False,,False
159,NEAR_1_INSERTION,1,72077336,0726313,GRADE A,1959-07-08,900,gradea,EXPIRED,Dead/Expired,False,,False
159,NEAR_1_SUBSTITUTION,1,71464633,0406215,TRADE,1943-11-02,900,trade,EXPIRED,Dead/Expired,False,,False
159,NEAR_1_DELETION,1,71219474,0209264,GRAD,1925-08-28,900,grad,EXPIRED,Dead/Expired,False,,False
159,NEAR_1_SUBSTITUTION,1,71017022,0056195,TRADE,1906-02-14,900,trade,EXPIRED,Dead/Expired,False,,False
159,NEAR_1_INSERTION,1,73287386,,GRADE A,,602,gradea,ABANDONED-FAILURE TO RESPOND OR LATE RESPONSE,Dead/Abandoned,False,,False
159,NEAR_1_SUBSTITUTION,1,77059149,,GRAZE,,622,graze,MISASSIGNED SERIAL NUMBER,Indifferent,False,033,False
159,NEAR_1_INSERTION,1,80978540,0978540,GRADEX,,710,gradex,CANCELLED - SECTION 8,Dead/Cancelled,False,,False
159,NEAR_1_SUBSTITUTION,1,80993661,0993661,GRAPE,,710,grape,CANCELLED - SECTION 8,Dead/Cancelled,False,,False
159,NEAR_1_INSERTION,1,81004764,1004764,GRANDE,,710,grande,CANCELLED - SECTION 8,Dead/Cancelled,False,,False
160,EXACT,0,99697957,,OUTCOME,2026-03-12,630,outcome,NEW APPLICATION - RECORD INITIALIZED NOT ASSIGNED TO EXAMINER,Live/Pending,True,"035,042",True
160,EXACT,0,99697989,,OUTCOME,2026-03-12,630,outcome,NEW APPLICATION - RECORD INITIALIZED NOT ASSIGNED TO EXAMINER,Live/Pending,True,"035,042",True
160,EXACT,0,97138197,7002039,OUTCOME,2021-11-22,700,outcome,REGISTERED,Live/Registered,True,008,False
160,EXACT,0,90248506,6642170,OUTCOME,2020-10-12,700,outcome,REGISTERED,Live/Registered,True,"009,038,041,042",False
160,EXACT,0,88504648,6365061,OUTCOME,2019-07-08,700,outcome,REGISTERED,Live/Registered,True,036,False
160,EXACT,0,79263437,6987819,OUTCOME,2019-02-21,700,outcome,REGISTERED,Live/Registered,True,"014,018,025",False
160,EXACT,0,87387118,6187492,OUTCOME,2017-03-27,700,outcome,REGISTERED,Live/Registered,True,009,False
160,EXACT,0,86928950,5196890,OUTCOME,2016-03-04,702,outcome,SECTION 8 & 15-ACCEPTED AND ACKNOWLEDGED,Live/Registered,True,020,False
160,EXACT,0,99449088,,OUTCOME,2025-10-17,602,outcome,ABANDONED-FAILURE TO RESPOND OR LATE RESPONSE,Dead/Abandoned,False,042,False
160,EXACT,0,87443293,5558481,OUTCOME,2017-05-09,710,outcome,CANCELLED - SECTION 8,Dead/Cancelled,False,,False
160,EXACT,0,87382672,,OUTCOME,2017-03-23,606,outcome,ABANDONED - NO STATEMENT OF USE FILED,Dead/Abandoned,False,005,True
160,EXACT,0,85970309,,OUTCOME,2013-06-26,605,outcome,ABANDONED EXPRESS AFTER PUB,Dead/Abandoned,False,,False
160,EXACT,0,85440383,4460795,OUTCOME,2011-10-05,710,outcome,CANCELLED - SECTION 8,Dead/Cancelled,False,,False
160,EXACT,0,77771659,,OUTCOME,2009-07-01,606,outcome,ABANDONED - NO STATEMENT OF USE FILED,Dead/Abandoned,False,025,False
160,EXACT,0,77440412,3565790,OUTCOME,2008-04-04,710,outcome,CANCELLED - SECTION 8,Dead/Cancelled,False,,False
160,EXACT,0,76325717,,OUTCOME,2001-10-16,606,outcome,ABANDONED - NO STATEMENT OF USE FILED,Dead/Abandoned,False,009,False
160,EXACT,0,76005247,,OUTCOME,2000-03-20,602,outcome,ABANDONED-FAILURE TO RESPOND OR LATE RESPONSE,Dead/Abandoned,False,"009,042",False
160,EXACT,0,75396495,2235793,@OUTCOME,1997-11-24,710,outcome,CANCELLED - SECTION 8,Dead/Cancelled,False,,False
160,EXACT,0,74075379,1643299,OUTCOME,1990-07-05,710,outcome,CANCELLED - SECTION 8,Dead/Cancelled,False,,False
160,NEAR_1_INSERTION,1,99886215,,OUTCOMES,2026-06-15,630,outcomes,NEW APPLICATION - RECORD INITIALIZED NOT ASSIGNED TO EXAMINER,Live/Pending,True,"009,035,042,044",True
160,NEAR_1_SUBSTITUTION,1,99130295,,OUTCOMM,2025-04-10,688,outcomm,NOTICE OF ALLOWANCE - ISSUED,Live/Pending,True,035,True
160,NEAR_1_INSERTION,1,97259382,7165750,OUTCOMES,2022-02-09,700,outcomes,REGISTERED,Live/Registered,True,042,False
160,NEAR_1_INSERTION,1,90837147,7830859,OUTCOMES,2021-07-19,700,outcomes,REGISTERED,Live/Registered,True,"035,042,044",True
160,NEAR_1_INSERTION,1,90837152,7830860,OUTCOMES,2021-07-19,700,outcomes,REGISTERED,Live/Registered,True,"035,042,044",True
160,NEAR_1_DELETION,1,88897692,6412498,OUTO.ME,2020-05-01,700,outome,REGISTERED,Live/Registered,True,"009,035,042",True
160,NEAR_1_INSERTION,1,76663127,3310339,OUTCOMES,2006-07-17,800,outcomes,REGISTERED AND RENEWED,Live/Registered,True,035,True
160,NEAR_1_SUBSTITUTION,1,90312016,,OUTCOMM,2020-11-11,602,outcomm,ABANDONED-FAILURE TO RESPOND OR LATE RESPONSE,Dead/Abandoned,False,035,True
160,NEAR_1_INSERTION,1,87441142,,OUTCOMES,2017-05-08,602,outcomes,ABANDONED-FAILURE TO RESPOND OR LATE RESPONSE,Dead/Abandoned,False,"035,041",True
160,NEAR_1_INSERTION,1,77603348,3727313,OUTCOMES,2008-10-29,710,outcomes,CANCELLED - SECTION 8,Dead/Cancelled,False,,False
160,NEAR_1_INSERTION,1,77513259,,OUTCOMES,2008-07-02,606,outcomes,ABANDONED - NO STATEMENT OF USE FILED,Dead/Abandoned,False,009,False
160,NEAR_1_DELETION,1,77186203,3891681,OUTC ME,2007-05-21,710,outcme,CANCELLED - SECTION 8,Dead/Cancelled,False,,False
160,NEAR_1_INSERTION,1,78630696,,OUTCOMES,2005-05-16,602,outcomes,ABANDONED-FAILURE TO RESPOND OR LATE RESPONSE,Dead/Abandoned,False,041,False
160,NEAR_1_SUBSTITUTION,1,78513565,3357114,OUTCOMM,2004-11-09,710,outcomm,CANCELLED - SECTION 8,Dead/Cancelled,False,,False
160,NEAR_1_SUBSTITUTION,1,78513567,3370206,OUT COMM,2004-11-09,710,outcomm,CANCELLED - SECTION 8,Dead/Cancelled,False,,False
160,NEAR_1_INSERTION,1,78268706,2912859,OUTCOMES!,2003-06-30,710,outcomes,CANCELLED - SECTION 8,Dead/Cancelled,False,,False
160,NEAR_1_INSERTION,1,75730970,,OUTCOMES,1999-06-18,606,outcomes,ABANDONED - NO STATEMENT OF USE FILED,Dead/Abandoned,False,042,False
160,NEAR_1_INSERTION,1,75637492,2416884,OUTCOMES,1999-02-10,710,outcomes,CANCELLED - SECTION 8,Dead/Cancelled,False,,False
160,NEAR_1_INSERTION,1,75979371,2509042,OUTCOMES,1999-02-10,710,outcomes,CANCELLED - SECTION 8,Dead/Cancelled,False,,False
160,NEAR_1_INSERTION,1,75979372,2489646,OUTCOMES,1999-02-10,710,outcomes,CANCELLED - SECTION 8,Dead/Cancelled,False,,False
160,NEAR_1_DELETION,1,75009033,2052108,OUT.COM,1995-10-23,710,outcom,CANCELLED - SECTION 8,Dead/Cancelled,False,,False
160,NEAR_1_INSERTION,1,74456960,1906837,OUTCOMES,1993-11-05,710,outcomes,CANCELLED - SECTION 8,Dead/Cancelled,False,,False
160,NEAR_1_INSERTION,1,74457437,,OUTCOMES,1993-11-05,606,outcomes,ABANDONED - NO STATEMENT OF USE FILED,Dead/Abandoned,False,,False
161,EXACT,0,78699115,3323922,RANGEHOLDER,2005-08-24,710,rangeholder,CANCELLED - SECTION 8,Dead/Cancelled,False,,False
163,NEAR_1_DELETION,1,99488388,,LIGHT HOUR,2025-11-10,686,lighthour,PUBLISHED FOR OPPOSITION,Live/Pending,True,014,False
163,NEAR_1_DELETION,1,90645019,,LIGHT HOUR,2021-04-14,606,lighthour,ABANDONED - NO STATEMENT OF USE FILED,Dead/Abandoned,False,033,False
166,EXACT,0,76443734,3052023,MICROGRAPH,2002-08-26,800,micrograph,REGISTERED AND RENEWED,Live/Registered,True,014,False
166,EXACT,0,73099161,1090840,MICROGRAPH,1976-09-07,900,micrograph,EXPIRED,Dead/Expired,False,,False
166,EXACT,0,73061806,1088418,MICRO-GRAPH,1975-09-02,900,micrograph,EXPIRED,Dead/Expired,False,,False
166,NEAR_1_SUBSTITUTION,1,79450983,,MIKROGRAPH,2026-04-22,630,mikrograph,NEW APPLICATION - RECORD INITIALIZED NOT ASSIGNED TO EXAMINER,Live/Pending,True,014,False
166,NEAR_1_SUBSTITUTION,1,76596227,3014614,MACROGRAPH,2004-06-09,710,macrograph,CANCELLED - SECTION 8,Dead/Cancelled,False,,False
167,EXACT,0,90245061,6747872,SOURCEVIEW,2020-10-09,700,sourceview,REGISTERED,Live/Registered,True,042,False
167,EXACT,0,86614084,5131093,SOURCEVIEW,2015-04-29,710,sourceview,CANCELLED - SECTION 8,Dead/Cancelled,False,,False
167,EXACT,0,77476106,,SOURCEVIEW,2008-05-15,606,sourceview,ABANDONED - NO STATEMENT OF USE FILED,Dead/Abandoned,False,035,True
167,EXACT,0,78845719,3455527,SOURCEVIEW,2006-03-24,710,sourceview,CANCELLED - SECTION 8,Dead/Cancelled,False,,False
167,EXACT,0,78845731,,SOURCEVIEW,2006-03-24,606,sourceview,ABANDONED - NO STATEMENT OF USE FILED,Dead/Abandoned,False,036,False
167,EXACT,0,75654744,,SOURCEVIEW,1999-03-11,602,sourceview,ABANDONED-FAILURE TO RESPOND OR LATE RESPONSE,Dead/Abandoned,False,009,False
167,EXACT,0,75431186,2313035,SOURCEVIEW,1998-02-09,710,sourceview,CANCELLED - SECTION 8,Dead/Cancelled,False,,False
167,EXACT,0,74493685,,SOURCEVIEW,1994-02-23,602,sourceview,ABANDONED-FAILURE TO RESPOND OR LATE RESPONSE,Dead/Abandoned,False,,False
168,EXACT,0,88736165,6456656,WINDOW WALL,2019-12-20,700,windowwall,REGISTERED,Live/Registered,True,041,False
168,EXACT,0,75166146,2165151,WINDOW/WALL,1996-09-16,800,windowwall,REGISTERED AND RENEWED,Live/Registered,True,024,False
168,EXACT,0,73675662,1588946,WINDOW/WALL,1987-07-31,710,windowwall,CANCELLED - SECTION 8,Dead/Cancelled,False,,False
168,NEAR_1_DELETION,1,77596899,3696922,WINDOWALL,2008-10-21,800,windowall,REGISTERED AND RENEWED,Live/Registered,True,009,False
168,NEAR_1_DELETION,1,74050633,,WINDOWALL,1990-04-19,602,windowall,ABANDONED-FAILURE TO RESPOND OR LATE RESPONSE,Dead/Abandoned,False,,False
169,EXACT,0,90075369,,I-NSPECTION,2020-07-27,602,inspection,ABANDONED-FAILURE TO RESPOND OR LATE RESPONSE,Dead/Abandoned,False,035,True
169,EXACT,0,76251838,,INSPECTION,2001-05-04,606,inspection,ABANDONED - NO STATEMENT OF USE FILED,Dead/Abandoned,False,"009,016,028",False
169,NEAR_1_INSERTION,1,99539192,8324264,INSPECTIONS+,2025-12-10,700,inspections,REGISTERED,Live/Registered,True,025,False
169,NEAR_1_INSERTION,1,79339911,7129006,Z-INSPECTION,2022-04-04,700,zinspection,REGISTERED,Live/Registered,True,"041,042",False
169,NEAR_1_INSERTION,1,88436259,5975536,INSPECTION X,2019-05-17,700,inspectionx,REGISTERED,Live/Registered,True,042,False
169,NEAR_1_SUBSTITUTION,1,85882185,4544717,INSPECTRON,2013-03-21,800,inspectron,REGISTERED AND RENEWED,Live/Registered,True,009,False
169,NEAR_1_SUBSTITUTION,1,85882191,4544718,INSPECTRON,2013-03-21,800,inspectron,REGISTERED AND RENEWED,Live/Registered,True,009,False
169,NEAR_1_INSERTION,1,86156568,,E-INSPECTION,2014-01-02,602,einspection,ABANDONED-FAILURE TO RESPOND OR LATE RESPONSE,Dead/Abandoned,False,042,False
169,NEAR_1_DELETION,1,76251956,,INSECTION,2001-05-04,605,insection,ABANDONED EXPRESS AFTER PUB,Dead/Abandoned,False,"009,016,028",False
169,NEAR_1_DELETION,1,75629333,2513092,I-SPECTION,1999-01-28,710,ispection,CANCELLED - SECTION 8,Dead/Cancelled,False,,False
169,NEAR_1_INSERTION,1,74376701,,WINSPECTION,1993-04-07,606,winspection,ABANDONED - NO STATEMENT OF USE FILED,Dead/Abandoned,False,,False
169,NEAR_1_SUBSTITUTION,1,72140286,0773617,INSPECTRON,1962-03-20,900,inspectron,EXPIRED,Dead/Expired,False,,False
169,NEAR_1_SUBSTITUTION,1,73334358,,INSPECTRON,,602,inspectron,ABANDONED-FAILURE TO RESPOND OR LATE RESPONSE,Dead/Abandoned,False,,False
170,EXACT,0,97753481,,SECTION,2023-01-13,733,section,FOURTH EXTENSION - GRANTED,Live/Pending,True,"009,041,042",False
170,EXACT,0,88516420,6615820,SECTION,2019-07-16,700,section,REGISTERED,Live/Registered,True,042,False
170,EXACT,0,88516427,6615821,SECTION,2019-07-16,700,section,REGISTERED,Live/Registered,True,042,False
170,EXACT,0,78544770,3146724,SECTION,2005-01-10,800,section,REGISTERED AND RENEWED,Live/Registered,True,005,True
170,EXACT,0,87013653,5099885,SECTION,2016-04-26,710,section,CANCELLED - SECTION 8,Dead/Cancelled,False,,False
170,EXACT,0,85313644,,SECTION,2011-05-05,606,section,ABANDONED - NO STATEMENT OF USE FILED,Dead/Abandoned,False,010,True
170,EXACT,0,85098275,3914539,SECTION,2010-08-02,710,section,CANCELLED - SECTION 8,Dead/Cancelled,False,,False
170,EXACT,0,78259563,2995803,SECTION,2003-06-06,710,section,CANCELLED - SECTION 8,Dead/Cancelled,False,,False
170,NEAR_1_INSERTION,1,99569772,,SECTION 7,2025-12-29,641,section7,NON-FINAL ACTION - MAILED,Live/Pending,True,041,False
170,NEAR_1_INSERTION,1,99511019,8303336,SECTION 2,2025-11-21,700,section2,REGISTERED,Live/Registered,True,"036,041,042",False
170,NEAR_1_INSERTION,1,99456090,8281257,SECTION 8,2025-10-22,700,section8,REGISTERED,Live/Registered,True,035,True
170,NEAR_1_SUBSTITUTION,1,99121344,,FECTION,2025-04-04,688,fection,NOTICE OF ALLOWANCE - ISSUED,Live/Pending,True,025,False
170,NEAR_1_INSERTION,1,99020155,8091988,STECTION,2025-01-27,700,stection,REGISTERED,Live/Registered,True,017,False
170,NEAR_1_SUBSTITUTION,1,98294598,7544214,SEPTION,2023-12-01,700,seption,REGISTERED,Live/Registered,True,"037,042",False
170,NEAR_1_INSERTION,1,98166561,,S SECTION,2023-09-06,733,ssection,FOURTH EXTENSION - GRANTED,Live/Pending,True,"009,041,042",False
170,NEAR_1_SUBSTITUTION,1,98125539,7466990,AECTION,2023-08-10,700,aection,REGISTERED,Live/Registered,True,011,False
170,NEAR_1_SUBSTITUTION,1,79342697,7369370,NECTION,2022-03-23,700,nection,REGISTERED,Live/Registered,True,"035,036,037,039,041,043",True
170,NEAR_1_DELETION,1,79325069,7045314,SETION,2021-08-12,700,setion,REGISTERED,Live/Registered,True,"035,042",True
170,NEAR_1_INSERTION,1,90683720,6822527,SECTION X,2021-04-30,700,sectionx,REGISTERED,Live/Registered,True,025,False
170,NEAR_1_INSERTION,1,88752997,6392436,SECTION Z,2020-01-09,700,sectionz,REGISTERED,Live/Registered,True,"009,041",False
170,NEAR_1_SUBSTITUTION,1,88518383,5976142,SEMTION,2019-07-17,701,semtion,SECTION 8-ACCEPTED,Live/Registered,True,012,False
170,NEAR_1_INSERTION,1,88120984,6739694,SECTION4,2018-09-18,700,section4,REGISTERED,Live/Registered,True,041,False
170,NEAR_1_INSERTION,1,88977872,6115197,SECTION4,2018-09-18,700,section4,REGISTERED,Live/Registered,True,"009,041",False
170,NEAR_1_INSERTION,1,87491326,6086047,SECTIONS,2017-06-15,700,sections,REGISTERED,Live/Registered,True,"029,040",False
170,NEAR_1_INSERTION,1,77423027,3644534,SECTION 8,2008-03-15,800,section8,REGISTERED AND RENEWED,Live/Registered,True,"009,041",False
170,NEAR_1_SUBSTITUTION,1,78157523,3261737,TECTION,2002-08-24,800,tection,REGISTERED AND RENEWED,Live/Registered,True,004,False
170,NEAR_1_INSERTION,1,76033243,2595367,M-SECTION,2000-04-24,800,msection,REGISTERED AND RENEWED,Live/Registered,True,019,False
170,NEAR_1_INSERTION,1,98831526,,SECTION 2,2024-10-31,602,section2,ABANDONED-FAILURE TO RESPOND OR LATE RESPONSE,Dead/Abandoned,False,009,False
170,NEAR_1_INSERTION,1,98246978,,SECTION 8,2023-10-30,606,section8,ABANDONED - NO STATEMENT OF USE FILED,Dead/Abandoned,False,035,True
170,NEAR_1_SUBSTITUTION,1,97608306,,SECCION,2022-09-27,606,seccion,ABANDONED - NO STATEMENT OF USE FILED,Dead/Abandoned,False,043,False
170,NEAR_1_INSERTION,1,97428818,,SECTION 7,2022-05-27,602,section7,ABANDONED-FAILURE TO RESPOND OR LATE RESPONSE,Dead/Abandoned,False,041,False
170,NEAR_1_INSERTION,1,97054660,,SECTION 9,2021-09-30,606,section9,ABANDONED - NO STATEMENT OF USE FILED,Dead/Abandoned,False,033,False
170,NEAR_1_INSERTION,1,88895027,,SECTION1,2020-04-30,602,section1,ABANDONED-FAILURE TO RESPOND OR LATE RESPONSE,Dead/Abandoned,False,041,False
170,NEAR_1_INSERTION,1,88095940,,SECTION 8,2018-08-28,602,section8,ABANDONED-FAILURE TO RESPOND OR LATE RESPONSE,Dead/Abandoned,False,"009,041",False
170,NEAR_1_INSERTION,1,88038104,5708652,SECTION H,2018-07-15,710,sectionh,CANCELLED - SECTION 8,Dead/Cancelled,False,,False
170,NEAR_1_SUBSTITUTION,1,87343869,5338572,VECTION,2017-02-21,710,vection,CANCELLED - SECTION 8,Dead/Cancelled,False,,False
170,NEAR_1_INSERTION,1,87225257,,S SECTION,2016-11-03,602,ssection,ABANDONED-FAILURE TO RESPOND OR LATE RESPONSE,Dead/Abandoned,False,042,False
170,NEAR_1_INSERTION,1,79183258,,SPECTION,2015-11-29,402,spection,IR CANCELLED; US APPLICATION ABANDONED,Dead/Abandoned,False,,False
170,NEAR_1_INSERTION,1,86046327,4642242,SECTION 9,2013-08-23,710,section9,CANCELLED - SECTION 8,Dead/Cancelled,False,,False
170,NEAR_1_SUBSTITUTION,1,86032183,4619593,S ACTION,2013-08-08,710,saction,CANCELLED - SECTION 8,Dead/Cancelled,False,,False
170,NEAR_1_DELETION,1,85759106,,ECTION,2012-10-19,602,ection,ABANDONED-FAILURE TO RESPOND OR LATE RESPONSE,Dead/Abandoned,False,009,False
170,NEAR_1_SUBSTITUTION,1,85754880,4786190,SEKTION,2012-10-16,710,sektion,CANCELLED - SECTION 8,Dead/Cancelled,False,,False
170,NEAR_1_INSERTION,1,85316332,,4 SECTION,2011-05-09,606,4section,ABANDONED - NO STATEMENT OF USE FILED,Dead/Abandoned,False,010,True
170,NEAR_1_INSERTION,1,77961840,3983336,SECTION 8,2010-03-18,710,section8,CANCELLED - SECTION 8,Dead/Cancelled,False,,False
170,NEAR_1_INSERTION,1,77884410,,SECTION 8,2009-12-02,606,section8,ABANDONED - NO STATEMENT OF USE FILED,Dead/Abandoned,False,033,False
170,NEAR_1_INSERTION,1,77549357,,SECTION 8,2008-08-18,601,section8,ABANDONED - EXPRESS,Dead/Abandoned,False,025,False
170,NEAR_1_SUBSTITUTION,1,77516784,3741633,SENTION,2008-07-08,710,sention,CANCELLED - SECTION 8,Dead/Cancelled,False,,False
170,NEAR_1_INSERTION,1,77111416,,SECTION-8,2007-02-20,602,section8,ABANDONED-FAILURE TO RESPOND OR LATE RESPONSE,Dead/Abandoned,False,041,False
170,NEAR_1_INSERTION,1,76640911,,SECTION 8,2005-06-15,604,section8,ABANDONED - AFTER INTER-PARTES DECISION,Dead/Abandoned,False,,False
170,NEAR_1_INSERTION,1,78628080,3681498,SECTION 8,2005-05-11,710,section8,CANCELLED - SECTION 8,Dead/Cancelled,False,,False
170,NEAR_1_INSERTION,1,78576830,,SECTION L,2005-02-28,602,sectionl,ABANDONED-FAILURE TO RESPOND OR LATE RESPONSE,Dead/Abandoned,False,025,False
170,NEAR_1_INSERTION,1,78566077,3191168,SECTION8,2005-02-11,710,section8,CANCELLED - SECTION 8,Dead/Cancelled,False,,False
170,NEAR_1_INSERTION,1,76594739,,SECTIONZ,2004-05-28,602,sectionz,ABANDONED-FAILURE TO RESPOND OR LATE RESPONSE,Dead/Abandoned,False,035,True
170,NEAR_1_INSERTION,1,78302050,3386183,SECTION 1,2003-09-18,710,section1,CANCELLED - SECTION 8,Dead/Cancelled,False,,False
170,NEAR_1_SUBSTITUTION,1,76478531,,VECTION,2002-12-20,606,vection,ABANDONED - NO STATEMENT OF USE FILED,Dead/Abandoned,False,025,False
170,NEAR_1_SUBSTITUTION,1,76478532,,VECTION,2002-12-20,606,vection,ABANDONED - NO STATEMENT OF USE FILED,Dead/Abandoned,False,"018,025",False
170,NEAR_1_SUBSTITUTION,1,78070403,,SENTION,2001-06-21,606,sention,ABANDONED - NO STATEMENT OF USE FILED,Dead/Abandoned,False,042,False
170,NEAR_1_SUBSTITUTION,1,78975460,2872878,SENTION,2001-06-21,710,sention,CANCELLED - SECTION 8,Dead/Cancelled,False,,False
170,NEAR_1_INSERTION,1,75895371,,SECTION 8,2000-01-13,602,section8,ABANDONED-FAILURE TO RESPOND OR LATE RESPONSE,Dead/Abandoned,False,009,False
170,NEAR_1_DELETION,1,75733455,2541091,E-@CTION,1999-06-14,710,ection,CANCELLED - SECTION 8,Dead/Cancelled,False,,False
170,NEAR_1_DELETION,1,75733456,,E-@CTION,1999-06-14,606,ection,ABANDONED - NO STATEMENT OF USE FILED,Dead/Abandoned,False,009,False
170,NEAR_1_DELETION,1,75733469,2443406,E-@CTION,1999-06-14,710,ection,CANCELLED - SECTION 8,Dead/Cancelled,False,,False
170,NEAR_1_DELETION,1,75733470,2439423,E-@CTION,1999-06-14,710,ection,CANCELLED - SECTION 8,Dead/Cancelled,False,,False
170,NEAR_1_DELETION,1,75733471,2439424,E-@CTION,1999-06-14,710,ection,CANCELLED - SECTION 8,Dead/Cancelled,False,,False
170,NEAR_1_DELETION,1,75733472,,E-@CTION,1999-06-14,606,ection,ABANDONED - NO STATEMENT OF USE FILED,Dead/Abandoned,False,042,False
170,NEAR_1_SUBSTITUTION,1,75559193,2742239,VECTION,1998-09-25,710,vection,CANCELLED - SECTION 8,Dead/Cancelled,False,,False
170,NEAR_1_INSERTION,1,75161064,,SECTION 8,1996-09-03,602,section8,ABANDONED-FAILURE TO RESPOND OR LATE RESPONSE,Dead/Abandoned,False,,False
170,NEAR_1_INSERTION,1,74475294,,SECTION 8,1993-12-29,606,section8,ABANDONED - NO STATEMENT OF USE FILED,Dead/Abandoned,False,,False
170,NEAR_1_SUBSTITUTION,1,74208607,,JECTION,1991-10-01,606,jection,ABANDONED - NO STATEMENT OF USE FILED,Dead/Abandoned,False,,False
170,NEAR_1_SUBSTITUTION,1,74035106,1625805,LECTION,1990-03-05,710,lection,CANCELLED - SECTION 8,Dead/Cancelled,False,,False
170,NEAR_1_SUBSTITUTION,1,74035107,1625806,LECTION,1990-03-05,710,lection,CANCELLED - SECTION 8,Dead/Cancelled,False,,False
170,NEAR_1_INSERTION,1,74024230,1711800,SECTION X,1990-01-30,710,sectionx,CANCELLED - SECTION 8,Dead/Cancelled,False,,False
171,EXACT,0,98535488,7678949,CUTLINE,2024-05-06,700,cutline,REGISTERED,Live/Registered,True,032,False
171,EXACT,0,78876276,3413290,CUTLINE,2006-05-04,800,cutline,REGISTERED AND RENEWED,Live/Registered,True,035,True
171,EXACT,0,99399958,,CUT LINE,2025-09-18,602,cutline,ABANDONED-FAILURE TO RESPOND OR LATE RESPONSE,Dead/Abandoned,False,041,False
171,EXACT,0,77676344,,CUT LINE,2009-02-23,606,cutline,ABANDONED - NO STATEMENT OF USE FILED,Dead/Abandoned,False,041,False
171,EXACT,0,74421110,1864765,CUT LINE,1993-08-06,710,cutline,CANCELLED - SECTION 8,Dead/Cancelled,False,,False
171,EXACT,0,72266512,0871149,CUT-LINE,1967-03-13,900,cutline,EXPIRED,Dead/Expired,False,,False
171,NEAR_1_SUBSTITUTION,1,99885762,,CUTLITE,2026-06-15,630,cutlite,NEW APPLICATION - RECORD INITIALIZED NOT ASSIGNED TO EXAMINER,Live/Pending,True,009,False
171,NEAR_1_SUBSTITUTION,1,99590719,,CUTWINE,2026-01-12,641,cutwine,NON-FINAL ACTION - MAILED,Live/Pending,True,033,False
171,NEAR_1_SUBSTITUTION,1,98598169,7970826,OUTLINE,2024-06-12,700,outline,REGISTERED,Live/Registered,True,005,True
171,NEAR_1_SUBSTITUTION,1,98255097,7798197,OUTLINE,2023-11-04,700,outline,REGISTERED,Live/Registered,True,042,False
171,NEAR_1_SUBSTITUTION,1,98235429,7820373,OUTLINE,2023-10-23,700,outline,REGISTERED,Live/Registered,True,011,False
171,NEAR_1_SUBSTITUTION,1,98001303,7454086,OUTLINE,2023-05-17,700,outline,REGISTERED,Live/Registered,True,035,True
171,NEAR_1_SUBSTITUTION,1,79366584,7459168,OUTLINE,2022-12-07,700,outline,REGISTERED,Live/Registered,True,009,False
171,NEAR_1_SUBSTITUTION,1,97672514,7297339,CUILINE,2022-11-10,700,cuiline,REGISTERED,Live/Registered,True,030,False
171,NEAR_1_DELETION,1,97629935,7573168,CULINE,2022-10-12,700,culine,REGISTERED,Live/Registered,True,021,True
171,NEAR_1_SUBSTITUTION,1,97626512,7201863,CUTLINK,2022-10-10,700,cutlink,REGISTERED,Live/Registered,True,"007,009,037,041",False
171,NEAR_1_SUBSTITUTION,1,97278451,7572886,OUTLINE,2022-02-22,700,outline,REGISTERED,Live/Registered,True,"009,038,042",False
171,NEAR_1_SUBSTITUTION,1,97063780,6872426,CUTLINC,2021-10-07,700,cutlinc,REGISTERED,Live/Registered,True,009,False
171,NEAR_1_SUBSTITUTION,1,88959049,6243827,CUTNINE,2020-06-10,700,cutnine,REGISTERED,Live/Registered,True,028,False
171,NEAR_1_SUBSTITUTION,1,88848837,7349826,OUTLINE,2020-03-26,700,outline,REGISTERED,Live/Registered,True,005,True
171,NEAR_1_SUBSTITUTION,1,87680401,5748303,OUTLINE,2017-11-10,702,outline,SECTION 8 & 15-ACCEPTED AND ACKNOWLEDGED,Live/Registered,True,036,False
171,NEAR_1_SUBSTITUTION,1,77059874,3390784,OUTLINE,2006-12-08,800,outline,REGISTERED AND RENEWED,Live/Registered,True,009,False
171,NEAR_1_SUBSTITUTION,1,76492681,2875479,OUTLINE,2003-02-26,800,outline,REGISTERED AND RENEWED,Live/Registered,True,019,False
171,NEAR_1_SUBSTITUTION,1,75112550,2043839,OUTLINE,1996-05-31,800,outline,REGISTERED AND RENEWED,Live/Registered,True,018,False
171,NEAR_1_SUBSTITUTION,1,72026906,0654428,CUB-LINE,1957-03-25,800,cubline,REGISTERED AND RENEWED,Live/Registered,True,007,False
171,NEAR_1_SUBSTITUTION,1,71639693,0576127,CUTRINE,1952-12-18,800,cutrine,REGISTERED AND RENEWED,Live/Registered,True,"001,005",True
171,NEAR_1_SUBSTITUTION,1,97353101,,OUTLINE,2022-04-08,602,outline,ABANDONED-FAILURE TO RESPOND OR LATE RESPONSE,Dead/Abandoned,False,042,False
171,NEAR_1_SUBSTITUTION,1,90118784,,OUTLINE,2020-08-17,602,outline,ABANDONED-FAILURE TO RESPOND OR LATE RESPONSE,Dead/Abandoned,False,009,False
171,NEAR_1_SUBSTITUTION,1,88934678,,OUTLINE,2020-05-27,602,outline,ABANDONED-FAILURE TO RESPOND OR LATE RESPONSE,Dead/Abandoned,False,009,False
171,NEAR_1_SUBSTITUTION,1,88878599,,CUTLIFE,2020-04-20,602,cutlife,ABANDONED-FAILURE TO RESPOND OR LATE RESPONSE,Dead/Abandoned,False,025,False
171,NEAR_1_SUBSTITUTION,1,79252538,,OUTLINE,2019-01-11,602,outline,ABANDONED-FAILURE TO RESPOND OR LATE RESPONSE,Dead/Abandoned,False,025,False
171,NEAR_1_SUBSTITUTION,1,87845361,,OUTLINE,2018-03-22,605,outline,ABANDONED EXPRESS AFTER PUB,Dead/Abandoned,False,,False
171,NEAR_1_SUBSTITUTION,1,87204056,5387741,OUTLINE,2016-10-14,710,outline,CANCELLED - SECTION 8,Dead/Cancelled,False,,False
171,NEAR_1_SUBSTITUTION,1,79181163,5056905,CUTLINK,2015-11-05,404,cutlink,IR CANCELLED; US REGISTRATION CANCELLED,Dead/Cancelled,False,,False
171,NEAR_1_SUBSTITUTION,1,86193661,4744681,OUTLINE,2014-02-14,710,outline,CANCELLED - SECTION 8,Dead/Cancelled,False,,False
171,NEAR_1_SUBSTITUTION,1,86088961,,FUTLINE,2013-10-11,606,futline,ABANDONED - NO STATEMENT OF USE FILED,Dead/Abandoned,False,002,False
171,NEAR_1_SUBSTITUTION,1,79137315,,CATLINE,2013-08-06,402,catline,IR CANCELLED; US APPLICATION ABANDONED,Dead/Abandoned,False,,False
171,NEAR_1_SUBSTITUTION,1,76701645,3998329,OUTLINE,2010-02-16,710,outline,CANCELLED - SECTION 8,Dead/Cancelled,False,,False
171,NEAR_1_SUBSTITUTION,1,77723212,,OUTLINE,2009-04-27,602,outline,ABANDONED-FAILURE TO RESPOND OR LATE RESPONSE,Dead/Abandoned,False,035,True
171,NEAR_1_SUBSTITUTION,1,77723227,3714849,OUTLINE,2009-04-27,710,outline,CANCELLED - SECTION 8,Dead/Cancelled,False,,False
171,NEAR_1_SUBSTITUTION,1,77257417,,CURLINE,2007-08-16,606,curline,ABANDONED - NO STATEMENT OF USE FILED,Dead/Abandoned,False,020,False
171,NEAR_1_SUBSTITUTION,1,79024358,,OUTLINE,2006-03-22,402,outline,IR CANCELLED; US APPLICATION ABANDONED,Dead/Abandoned,False,,False
171,NEAR_1_SUBSTITUTION,1,78778116,3331819,OUTLINE,2005-12-21,710,outline,CANCELLED - SECTION 8,Dead/Cancelled,False,,False
171,NEAR_1_SUBSTITUTION,1,78749024,,OUTLINE,2005-11-08,602,outline,ABANDONED-FAILURE TO RESPOND OR LATE RESPONSE,Dead/Abandoned,False,009,False
171,NEAR_1_SUBSTITUTION,1,75252710,2147562,OUTLINE,1997-03-06,710,outline,CANCELLED - SECTION 8,Dead/Cancelled,False,,False
171,NEAR_1_SUBSTITUTION,1,75252711,2147563,OUTLINE,1997-03-06,710,outline,CANCELLED - SECTION 8,Dead/Cancelled,False,,False
171,NEAR_1_SUBSTITUTION,1,75166015,2097571,OUTLINE,1996-09-13,710,outline,CANCELLED - SECTION 8,Dead/Cancelled,False,,False
171,NEAR_1_SUBSTITUTION,1,75024290,2023630,OUTLINE,1995-11-27,710,outline,CANCELLED - SECTION 8,Dead/Cancelled,False,,False
171,NEAR_1_INSERTION,1,74379515,,CUT-N-LINE,1993-04-13,602,cutnline,ABANDONED-FAILURE TO RESPOND OR LATE RESPONSE,Dead/Abandoned,False,,False
171,NEAR_1_SUBSTITUTION,1,74171260,,CATLINE,1991-05-30,602,catline,ABANDONED-FAILURE TO RESPOND OR LATE RESPONSE,Dead/Abandoned,False,,False
171,NEAR_1_SUBSTITUTION,1,74171261,1717235,CATLINE,1991-05-30,710,catline,CANCELLED - SECTION 8,Dead/Cancelled,False,,False
171,NEAR_1_SUBSTITUTION,1,74171264,1728720,CATLINE,1991-05-30,710,catline,CANCELLED - SECTION 8,Dead/Cancelled,False,,False
171,NEAR_1_SUBSTITUTION,1,74148521,1717274,CATLINE,1991-03-18,710,catline,CANCELLED - SECTION 8,Dead/Cancelled,False,,False
171,NEAR_1_INSERTION,1,74081912,1648841,CUTLINES,1990-07-23,710,cutlines,CANCELLED - SECTION 8,Dead/Cancelled,False,,False
171,NEAR_1_SUBSTITUTION,1,73585231,,OUTLINE,1986-02-28,602,outline,ABANDONED-FAILURE TO RESPOND OR LATE RESPONSE,Dead/Abandoned,False,,False
171,NEAR_1_SUBSTITUTION,1,73516323,1389117,OUTLINE,1985-01-07,710,outline,CANCELLED - SECTION 8,Dead/Cancelled,False,,False
171,NEAR_1_DELETION,1,73309442,1249552,CUTINE,1981-05-11,710,cutine,CANCELLED - SECTION 8,Dead/Cancelled,False,,False
171,NEAR_1_SUBSTITUTION,1,73306602,1249508,OUTLINE,1981-04-20,710,outline,CANCELLED - SECTION 8,Dead/Cancelled,False,,False
171,NEAR_1_SUBSTITUTION,1,73252051,1171738,GUTLINE,1980-02-29,710,gutline,CANCELLED - SECTION 8,Dead/Cancelled,False,,False
171,NEAR_1_SUBSTITUTION,1,73237037,1165562,OUTLINE,1979-10-29,710,outline,CANCELLED - SECTION 8,Dead/Cancelled,False,,False
171,NEAR_1_SUBSTITUTION,1,73233916,1185212,OUTLINE,1979-10-04,710,outline,CANCELLED - SECTION 8,Dead/Cancelled,False,,False
171,NEAR_1_SUBSTITUTION,1,73096448,1071550,OUTLINE,1976-08-12,900,outline,EXPIRED,Dead/Expired,False,,False
171,NEAR_1_SUBSTITUTION,1,73000145,0996899,CATLINE,1973-09-04,900,catline,EXPIRED,Dead/Expired,False,,False
171,NEAR_1_SUBSTITUTION,1,71462502,0405161,OUTLINE,1943-08-04,710,outline,CANCELLED - SECTION 8,Dead/Cancelled,False,,False
171,NEAR_1_SUBSTITUTION,1,80988461,0988461,HUTLINE,,710,hutline,CANCELLED - SECTION 8,Dead/Cancelled,False,,False
175,EXACT,0,88737715,,UNDER GLASS,2019-12-23,601,underglass,ABANDONED - EXPRESS,Dead/Abandoned,False,041,False
175,EXACT,0,88460956,,UNDER GLASS,2019-06-05,604,underglass,ABANDONED - AFTER INTER-PARTES DECISION,Dead/Abandoned,False,,False
175,EXACT,0,85058532,3930805,UNDER GLASS,2010-06-09,710,underglass,CANCELLED - SECTION 8,Dead/Cancelled,False,,False
175,EXACT,0,76518660,2944554,UNDERGLASS,2003-06-02,710,underglass,CANCELLED - SECTION 8,Dead/Cancelled,False,,False
181,EXACT,0,87788520,5746806,SAME-BUT-DIFFERENT,2018-02-07,710,samebutdifferent,CANCELLED - SECTION 8,Dead/Cancelled,False,,False
181,EXACT,0,87061682,,SAME BUT DIFFERENT,2016-06-06,606,samebutdifferent,ABANDONED - NO STATEMENT OF USE FILED,Dead/Abandoned,False,043,False
195,NEAR_1_SUBSTITUTION,1,99003158,7958773,SUBLEER,2025-01-16,700,subleer,REGISTERED,Live/Registered,True,025,False
195,NEAR_1_SUBSTITUTION,1,87291285,5260517,SUBLEER,2017-01-06,701,subleer,SECTION 8-ACCEPTED,Live/Registered,True,007,False
195,NEAR_1_DELETION,1,75788282,,SUBEER,1999-08-30,606,subeer,ABANDONED - NO STATEMENT OF USE FILED,Dead/Abandoned,False,030,False
200,NEAR_1_SUBSTITUTION,1,98171270,7512112,KNOCKED,2023-09-08,700,knocked,REGISTERED,Live/Registered,True,005,True
200,NEAR_1_SUBSTITUTION,1,98863356,,KNOCKED,2024-11-20,606,knocked,ABANDONED - NO STATEMENT OF USE FILED,Dead/Abandoned,False,"025,041",False
200,NEAR_1_INSERTION,1,90139240,,KNOTCHED,2020-08-26,606,knotched,ABANDONED - NO STATEMENT OF USE FILED,Dead/Abandoned,False,028,False
201,NEAR_1_TRANSPOSITION,1,97669074,7319756,KONITY,2022-11-09,700,konity,REGISTERED,Live/Registered,True,009,False
201,NEAR_1_SUBSTITUTION,1,97548893,7375656,KNOTTY,2022-08-15,700,knotty,REGISTERED,Live/Registered,True,025,False
201,NEAR_1_DELETION,1,97422507,7093179,KOITY,2022-05-20,700,koity,REGISTERED,Live/Registered,True,022,False
201,NEAR_1_SUBSTITUTION,1,88204722,5947571,KNOTTY,2018-11-25,700,knotty,REGISTERED,Live/Registered,True,028,False
201,NEAR_1_DELETION,1,87729145,5625665,KNOIT,2017-12-20,710,knoit,CANCELLED - SECTION 8,Dead/Cancelled,False,,False
202,NEAR_1_SUBSTITUTION,1,99839789,,KNOMAGI,2026-05-22,630,knomagi,NEW APPLICATION - RECORD INITIALIZED NOT ASSIGNED TO EXAMINER,Live/Pending,True,018,False
202,NEAR_1_SUBSTITUTION,1,97641503,7224492,KNOMAGZ,2022-10-20,700,knomagz,REGISTERED,Live/Registered,True,009,False
204,NEAR_1_INSERTION,1,90421596,6520140,KIMATARY,2020-12-28,700,kimatary,REGISTERED,Live/Registered,True,006,False
205,NEAR_1_SUBSTITUTION,1,99334423,8193171,JMARES,2025-08-13,700,jmares,REGISTERED,Live/Registered,True,021,True
205,NEAR_1_DELETION,1,79380165,8026395,MARES,2023-04-17,700,mares,REGISTERED,Live/Registered,True,"008,009,011,013,018,028",False
205,NEAR_1_DELETION,1,97459740,7136709,I  MARS,2022-06-15,700,imars,REGISTERED,Live/Registered,True,025,False
205,NEAR_1_DELETION,1,88688789,6084212,I MARS,2019-11-12,700,imars,REGISTERED,Live/Registered,True,028,False
205,NEAR_1_DELETION,1,79255347,6191913,MARES,2019-01-10,700,mares,REGISTERED,Live/Registered,True,"009,012",False
205,NEAR_1_SUBSTITUTION,1,87451926,6392156,IMPRES,2017-05-16,700,impres,REGISTERED,Live/Registered,True,"002,007,009",False
205,NEAR_1_SUBSTITUTION,1,87253703,5481930,3 MARES,2016-12-01,701,3mares,SECTION 8-ACCEPTED,Live/Registered,True,014,False
205,NEAR_1_SUBSTITUTION,1,87071283,5124237,IMPRES,2016-06-14,702,impres,SECTION 8 & 15-ACCEPTED AND ACKNOWLEDGED,Live/Registered,True,009,False
205,NEAR_1_DELETION,1,86954575,5348548,IMARS,2016-03-28,704,imars,PARTIAL SECTION 8 ACCEPTED,Live/Registered,True,009,False
205,NEAR_1_SUBSTITUTION,1,86659524,4944626,IMAGES,2015-06-11,800,images,REGISTERED AND RENEWED,Live/Registered,True,009,False
205,NEAR_1_SUBSTITUTION,1,86326136,4681976,7 MARES,2014-07-01,800,7mares,REGISTERED AND RENEWED,Live/Registered,True,043,False
205,NEAR_1_SUBSTITUTION,1,86133768,5214366,3 MARES,2013-12-03,702,3mares,SECTION 8 & 15-ACCEPTED AND ACKNOWLEDGED,Live/Registered,True,018,False
205,NEAR_1_SUBSTITUTION,1,76586753,3268759,IMAGES,2004-04-14,800,images,REGISTERED AND RENEWED,Live/Registered,True,009,False
205,NEAR_1_SUBSTITUTION,1,75606756,2516124,IMARIS,1998-12-16,800,imaris,REGISTERED AND RENEWED,Live/Registered,True,"009,016,041,042",False
205,NEAR_1_SUBSTITUTION,1,74411449,2302309,IMAGES,1993-07-12,800,images,REGISTERED AND RENEWED,Live/Registered,True,021,True
205,NEAR_1_DELETION,1,74211101,1715257,MARES,1991-10-10,800,mares,REGISTERED AND RENEWED,Live/Registered,True,"009,028",False
205,NEAR_1_DELETION,1,73528044,1363375,MARES,1985-03-21,800,mares,REGISTERED AND RENEWED,Live/Registered,True,018,False
205,NEAR_1_SUBSTITUTION,1,97922860,,7 MARES,2023-05-05,602,7mares,ABANDONED-FAILURE TO RESPOND OR LATE RESPONSE,Dead/Abandoned,False,030,False
205,NEAR_1_SUBSTITUTION,1,90277986,,7 MARES,2020-10-26,602,7mares,ABANDONED-FAILURE TO RESPOND OR LATE RESPONSE,Dead/Abandoned,False,,False
205,NEAR_1_DELETION,1,88707109,,I MARS,2019-11-26,606,imars,ABANDONED - NO STATEMENT OF USE FILED,Dead/Abandoned,False,"016,018,025",False
205,NEAR_1_DELETION,1,88551138,,IMARS,2019-07-30,606,imars,ABANDONED - NO STATEMENT OF USE FILED,Dead/Abandoned,False,009,False
205,NEAR_1_SUBSTITUTION,1,88183257,5775093,M MARES,2018-11-06,710,mmares,CANCELLED - SECTION 8,Dead/Cancelled,False,,False
205,NEAR_1_DELETION,1,87600313,,MARES,2017-09-07,604,mares,ABANDONED - AFTER INTER-PARTES DECISION,Dead/Abandoned,False,,False
205,NEAR_1_DELETION,1,87289815,5255610,M-ARES,2017-01-05,710,mares,CANCELLED - SECTION 8,Dead/Cancelled,False,,False
205,NEAR_1_SUBSTITUTION,1,79182063,,IMPRÉS,2015-12-02,402,impres,IR CANCELLED; US APPLICATION ABANDONED,Dead/Abandoned,False,,False
205,NEAR_1_DELETION,1,85611495,,IMARS,2012-04-30,604,imars,ABANDONED - AFTER INTER-PARTES DECISION,Dead/Abandoned,False,,False
205,NEAR_1_SUBSTITUTION,1,85561924,4348848,7 MARES,2012-03-06,710,7mares,CANCELLED - SECTION 8,Dead/Cancelled,False,,False
205,NEAR_1_SUBSTITUTION,1,85558835,4269755,IMATES,2012-03-02,710,imates,CANCELLED - SECTION 8,Dead/Cancelled,False,,False
205,NEAR_1_INSERTION,1,85133654,,IMARESS,2010-09-20,606,imaress,ABANDONED - NO STATEMENT OF USE FILED,Dead/Abandoned,False,005,True
205,NEAR_1_DELETION,1,77816098,3883987,MARES,2009-08-31,710,mares,CANCELLED - SECTION 8,Dead/Cancelled,False,,False
205,NEAR_1_DELETION,1,77618425,,MARES,2008-11-20,602,mares,ABANDONED-FAILURE TO RESPOND OR LATE RESPONSE,Dead/Abandoned,False,041,False
205,NEAR_1_SUBSTITUTION,1,77301900,3448675,IMAGES,2007-10-11,710,images,CANCELLED - SECTION 8,Dead/Cancelled,False,,False
205,NEAR_1_SUBSTITUTION,1,77242222,,I-FARES,2007-07-30,606,ifares,ABANDONED - NO STATEMENT OF USE FILED,Dead/Abandoned,False,035,True
205,NEAR_1_SUBSTITUTION,1,77202423,3616646,I-CARES,2007-06-11,710,icares,CANCELLED - SECTION 8,Dead/Cancelled,False,,False
205,NEAR_1_SUBSTITUTION,1,77147515,,IMAGES,2007-04-03,602,images,ABANDONED-FAILURE TO RESPOND OR LATE RESPONSE,Dead/Abandoned,False,016,False
205,NEAR_1_SUBSTITUTION,1,77125639,,7 MARES,2007-03-08,606,7mares,ABANDONED - NO STATEMENT OF USE FILED,Dead/Abandoned,False,033,False
205,NEAR_1_DELETION,1,77073943,,IMARE,2006-12-31,602,imare,ABANDONED-FAILURE TO RESPOND OR LATE RESPONSE,Dead/Abandoned,False,"001,009,040,041,042",False
205,NEAR_1_SUBSTITUTION,1,77070039,3542411,IMAGES,2006-12-21,710,images,CANCELLED - SECTION 8,Dead/Cancelled,False,,False
205,NEAR_1_SUBSTITUTION,1,78968858,3464605,IMPRES,2006-09-07,710,impres,CANCELLED - SECTION 8,Dead/Cancelled,False,,False
205,NEAR_1_SUBSTITUTION,1,78863891,,IMAGES,2006-04-18,602,images,ABANDONED-FAILURE TO RESPOND OR LATE RESPONSE,Dead/Abandoned,False,044,True
205,NEAR_1_DELETION,1,78739724,,I MARS,2005-10-25,606,imars,ABANDONED - NO STATEMENT OF USE FILED,Dead/Abandoned,False,"009,016,025,028,030,032,041",False
205,NEAR_1_DELETION,1,78706550,3138690,IMARS,2005-09-02,710,imars,CANCELLED - SECTION 8,Dead/Cancelled,False,,False
205,NEAR_1_SUBSTITUTION,1,78577954,,7 MARES,2005-03-02,603,7mares,ABANDONED - AFTER EX PARTE APPEAL,Dead/Abandoned,False,030,False
205,NEAR_1_DELETION,1,78528159,,IMARS,2004-12-07,602,imars,ABANDONED-FAILURE TO RESPOND OR LATE RESPONSE,Dead/Abandoned,False,042,False
205,NEAR_1_SUBSTITUTION,1,76588529,2945716,IMAGES,2004-04-23,710,images,CANCELLED - SECTION 8,Dead/Cancelled,False,,False
205,NEAR_1_SUBSTITUTION,1,78221331,3074223,IMAGES,2003-03-04,710,images,CANCELLED - SECTION 8,Dead/Cancelled,False,,False
205,NEAR_1_SUBSTITUTION,1,78211734,2879207,IMAGES!,2003-02-06,710,images,CANCELLED - SECTION 8,Dead/Cancelled,False,,False
205,NEAR_1_SUBSTITUTION,1,76432734,,IMAGES,2002-07-18,606,images,ABANDONED - NO STATEMENT OF USE FILED,Dead/Abandoned,False,"020,024",False
205,NEAR_1_SUBSTITUTION,1,76362606,2770871,IMAGES,2002-01-23,710,images,CANCELLED - SECTION 8,Dead/Cancelled,False,,False
205,NEAR_1_SUBSTITUTION,1,76184502,2884606,IMAGES,2000-12-22,710,images,CANCELLED - SECTION 8,Dead/Cancelled,False,,False
205,NEAR_1_SUBSTITUTION,1,76048938,,7 MARES,2000-05-16,602,7mares,ABANDONED-FAILURE TO RESPOND OR LATE RESPONSE,Dead/Abandoned,False,042,False
205,NEAR_1_SUBSTITUTION,1,75939406,2638055,7 MARES,2000-03-09,710,7mares,CANCELLED - SECTION 8,Dead/Cancelled,False,,False
205,NEAR_1_SUBSTITUTION,1,75927877,,IPARES,2000-02-25,602,ipares,ABANDONED-FAILURE TO RESPOND OR LATE RESPONSE,Dead/Abandoned,False,042,False
205,NEAR_1_SUBSTITUTION,1,75743123,2336281,7 MARES,1999-07-06,710,7mares,CANCELLED - SECTION 8,Dead/Cancelled,False,,False
205,NEAR_1_SUBSTITUTION,1,75540517,2375973,IMAGES,1998-08-21,710,images,CANCELLED - SECTION 8,Dead/Cancelled,False,,False
205,NEAR_1_SUBSTITUTION,1,75419162,2380275,IMAGES,1998-01-16,710,images,CANCELLED - SECTION 8,Dead/Cancelled,False,,False
205,NEAR_1_SUBSTITUTION,1,75306714,2300420,IMAGES,1997-06-05,710,images,CANCELLED - SECTION 8,Dead/Cancelled,False,,False
205,NEAR_1_SUBSTITUTION,1,75283112,,IMAGES,1997-04-28,602,images,ABANDONED-FAILURE TO RESPOND OR LATE RESPONSE,Dead/Abandoned,False,042,False
205,NEAR_1_SUBSTITUTION,1,75269194,,IMAGES,1997-04-03,601,images,ABANDONED - EXPRESS,Dead/Abandoned,False,,False
205,NEAR_1_SUBSTITUTION,1,75185306,2181286,IMAGES,1996-10-22,710,images,CANCELLED - SECTION 8,Dead/Cancelled,False,,False
205,NEAR_1_SUBSTITUTION,1,75132596,,IMAGES,1996-07-11,606,images,ABANDONED - NO STATEMENT OF USE FILED,Dead/Abandoned,False,,False
205,NEAR_1_SUBSTITUTION,1,75112508,2216626,I.M.A.G.E.S.,1996-05-30,710,images,CANCELLED - SECTION 8,Dead/Cancelled,False,,False
205,NEAR_1_SUBSTITUTION,1,75062801,,IMAGES,1996-02-26,602,images,ABANDONED-FAILURE TO RESPOND OR LATE RESPONSE,Dead/Abandoned,False,,False
205,NEAR_1_SUBSTITUTION,1,75002410,2003038,IMAGES,1995-10-06,710,images,CANCELLED - SECTION 8,Dead/Cancelled,False,,False
205,NEAR_1_SUBSTITUTION,1,74611090,2144873,IMAGES,1994-12-14,710,images,CANCELLED - SECTION 8,Dead/Cancelled,False,,False
205,NEAR_1_SUBSTITUTION,1,74609010,1939784,IMAGES,1994-12-09,710,images,CANCELLED - SECTION 8,Dead/Cancelled,False,,False
205,NEAR_1_SUBSTITUTION,1,74487359,,IMAGES,1994-02-07,602,images,ABANDONED-FAILURE TO RESPOND OR LATE RESPONSE,Dead/Abandoned,False,,False
205,NEAR_1_SUBSTITUTION,1,74485376,2034085,IMAGES,1994-02-01,710,images,CANCELLED - SECTION 8,Dead/Cancelled,False,,False
205,NEAR_1_SUBSTITUTION,1,74459927,2053045,IMAGES,1993-11-18,710,images,CANCELLED - SECTION 8,Dead/Cancelled,False,,False
205,NEAR_1_SUBSTITUTION,1,74420443,1984424,IMAGES,1993-08-04,710,images,CANCELLED - SECTION 8,Dead/Cancelled,False,,False
205,NEAR_1_SUBSTITUTION,1,74307699,,IMAGES,1992-08-24,602,images,ABANDONED-FAILURE TO RESPOND OR LATE RESPONSE,Dead/Abandoned,False,,False
205,NEAR_1_SUBSTITUTION,1,74288352,,IMAGES,1992-06-26,602,images,ABANDONED-FAILURE TO RESPOND OR LATE RESPONSE,Dead/Abandoned,False,,False
205,NEAR_1_SUBSTITUTION,1,74287944,,IMAGES,1992-06-24,602,images,ABANDONED-FAILURE TO RESPOND OR LATE RESPONSE,Dead/Abandoned,False,,False
205,NEAR_1_SUBSTITUTION,1,74262776,1802897,IMAGES,1992-04-06,710,images,CANCELLED - SECTION 8,Dead/Cancelled,False,,False
205,NEAR_1_SUBSTITUTION,1,74254319,,IMAREX,1992-03-11,604,imarex,ABANDONED - AFTER INTER-PARTES DECISION,Dead/Abandoned,False,,False
205,NEAR_1_SUBSTITUTION,1,74223893,,IMAGES,1991-11-21,602,images,ABANDONED-FAILURE TO RESPOND OR LATE RESPONSE,Dead/Abandoned,False,,False
205,NEAR_1_SUBSTITUTION,1,74208790,1772466,IMAGES,1991-10-02,711,images,CANCELLED - SECTION 7,Dead/Cancelled,False,,False
205,NEAR_1_SUBSTITUTION,1,74191860,,IMAGES,1991-08-02,602,images,ABANDONED-FAILURE TO RESPOND OR LATE RESPONSE,Dead/Abandoned,False,,False
205,NEAR_1_SUBSTITUTION,1,74168874,,IMAGES,1991-05-21,602,images,ABANDONED-FAILURE TO RESPOND OR LATE RESPONSE,Dead/Abandoned,False,,False
205,NEAR_1_SUBSTITUTION,1,74129446,,IMAGES,1991-01-10,602,images,ABANDONED-FAILURE TO RESPOND OR LATE RESPONSE,Dead/Abandoned,False,,False
205,NEAR_1_SUBSTITUTION,1,74118153,,IMAGES,1990-11-26,602,images,ABANDONED-FAILURE TO RESPOND OR LATE RESPONSE,Dead/Abandoned,False,,False
205,NEAR_1_SUBSTITUTION,1,74083874,1692397,IMAGES,1990-08-01,710,images,CANCELLED - SECTION 8,Dead/Cancelled,False,,False
205,NEAR_1_SUBSTITUTION,1,74076264,,IMAGES,1990-07-09,602,images,ABANDONED-FAILURE TO RESPOND OR LATE RESPONSE,Dead/Abandoned,False,,False
205,NEAR_1_SUBSTITUTION,1,74021947,,IMAGES,1990-01-23,600,images,ABANDONED - INCOMPLETE RESPONSE,Dead/Abandoned,False,,False
205,NEAR_1_SUBSTITUTION,1,73831195,1630648,IMAGES,1989-10-13,710,images,CANCELLED - SECTION 8,Dead/Cancelled,False,,False
205,NEAR_1_SUBSTITUTION,1,73817360,1626398,IMAGES,1989-08-07,710,images,CANCELLED - SECTION 8,Dead/Cancelled,False,,False
205,NEAR_1_SUBSTITUTION,1,73811728,1590277,IMAGES,1989-07-10,710,images,CANCELLED - SECTION 8,Dead/Cancelled,False,,False
205,NEAR_1_SUBSTITUTION,1,73796058,1745844,IMAGES,1989-04-27,710,images,CANCELLED - SECTION 8,Dead/Cancelled,False,,False
205,NEAR_1_SUBSTITUTION,1,73796134,1587326,IMAGES,1989-04-27,710,images,CANCELLED - SECTION 8,Dead/Cancelled,False,,False
205,NEAR_1_DELETION,1,73789744,1736391,MARES,1989-03-28,710,mares,CANCELLED - SECTION 8,Dead/Cancelled,False,,False
205,NEAR_1_DELETION,1,73789778,1748360,MARES,1989-03-28,710,mares,CANCELLED - SECTION 8,Dead/Cancelled,False,,False
205,NEAR_1_SUBSTITUTION,1,73739865,1527989,IMAGES,1988-07-14,710,images,CANCELLED - SECTION 8,Dead/Cancelled,False,,False
205,NEAR_1_SUBSTITUTION,1,73724632,1518883,IMAGES,1988-04-25,710,images,CANCELLED - SECTION 8,Dead/Cancelled,False,,False
205,NEAR_1_SUBSTITUTION,1,73711575,,IMAGES,1988-02-11,602,images,ABANDONED-FAILURE TO RESPOND OR LATE RESPONSE,Dead/Abandoned,False,,False
205,NEAR_1_SUBSTITUTION,1,73703369,,IMAGES,1987-12-29,602,images,ABANDONED-FAILURE TO RESPOND OR LATE RESPONSE,Dead/Abandoned,False,,False
205,NEAR_1_SUBSTITUTION,1,73685664,,IMAGES,1987-09-22,602,images,ABANDONED-FAILURE TO RESPOND OR LATE RESPONSE,Dead/Abandoned,False,,False
205,NEAR_1_SUBSTITUTION,1,73674313,,IMAGES,1987-07-24,602,images,ABANDONED-FAILURE TO RESPOND OR LATE RESPONSE,Dead/Abandoned,False,,False
205,NEAR_1_SUBSTITUTION,1,73665811,1498375,IMPRES,1987-06-11,710,impres,CANCELLED - SECTION 8,Dead/Cancelled,False,,False
205,NEAR_1_SUBSTITUTION,1,73654557,,IMAGES,1987-04-13,602,images,ABANDONED-FAILURE TO RESPOND OR LATE RESPONSE,Dead/Abandoned,False,,False
205,NEAR_1_SUBSTITUTION,1,73654569,,IMAGES,1987-04-13,602,images,ABANDONED-FAILURE TO RESPOND OR LATE RESPONSE,Dead/Abandoned,False,,False
205,NEAR_1_SUBSTITUTION,1,73642039,1457799,IMAGES,1987-01-30,900,images,EXPIRED,Dead/Expired,False,,False
205,NEAR_1_SUBSTITUTION,1,73628226,1478737,IMAGES,1986-11-03,710,images,CANCELLED - SECTION 8,Dead/Cancelled,False,,False
205,NEAR_1_SUBSTITUTION,1,73622880,,IMAGES,1986-09-29,602,images,ABANDONED-FAILURE TO RESPOND OR LATE RESPONSE,Dead/Abandoned,False,,False
205,NEAR_1_SUBSTITUTION,1,73594820,,IMAGES,1986-04-23,602,images,ABANDONED-FAILURE TO RESPOND OR LATE RESPONSE,Dead/Abandoned,False,,False
205,NEAR_1_SUBSTITUTION,1,73562077,,IMAGES,1985-10-07,602,images,ABANDONED-FAILURE TO RESPOND OR LATE RESPONSE,Dead/Abandoned,False,,False
205,NEAR_1_SUBSTITUTION,1,73555407,,IMAGES,1985-08-26,602,images,ABANDONED-FAILURE TO RESPOND OR LATE RESPONSE,Dead/Abandoned,False,,False
205,NEAR_1_SUBSTITUTION,1,73524956,1393279,IMAGES,1985-03-04,710,images,CANCELLED - SECTION 8,Dead/Cancelled,False,,False
205,NEAR_1_SUBSTITUTION,1,73518024,,IMAGES,1985-01-18,602,images,ABANDONED-FAILURE TO RESPOND OR LATE RESPONSE,Dead/Abandoned,False,,False
205,NEAR_1_SUBSTITUTION,1,73518025,,IMAGES,1985-01-18,602,images,ABANDONED-FAILURE TO RESPOND OR LATE RESPONSE,Dead/Abandoned,False,,False
205,NEAR_1_SUBSTITUTION,1,73506757,,IMAGES,1984-11-01,604,images,ABANDONED - AFTER INTER-PARTES DECISION,Dead/Abandoned,False,,False
205,NEAR_1_SUBSTITUTION,1,73461565,,IMPRES,1984-01-19,602,impres,ABANDONED-FAILURE TO RESPOND OR LATE RESPONSE,Dead/Abandoned,False,,False
205,NEAR_1_SUBSTITUTION,1,73443164,,IMAGES,1983-09-09,602,images,ABANDONED-FAILURE TO RESPOND OR LATE RESPONSE,Dead/Abandoned,False,,False
205,NEAR_1_SUBSTITUTION,1,73400879,1275325,IMAGES,1982-10-26,710,images,CANCELLED - SECTION 8,Dead/Cancelled,False,,False
205,NEAR_1_SUBSTITUTION,1,73392103,1263621,IMAGES,1982-09-29,710,images,CANCELLED - SECTION 8,Dead/Cancelled,False,,False
205,NEAR_1_SUBSTITUTION,1,73382740,1253286,IMAGES,1982-08-30,710,images,CANCELLED - SECTION 8,Dead/Cancelled,False,,False
205,NEAR_1_SUBSTITUTION,1,73369017,1270704,IMAGES,1982-06-10,710,images,CANCELLED - SECTION 8,Dead/Cancelled,False,,False
205,NEAR_1_DELETION,1,73365642,1246463,MARE'S,1982-05-20,710,mares,CANCELLED - SECTION 8,Dead/Cancelled,False,,False
205,NEAR_1_SUBSTITUTION,1,73334006,1238878,IMAGES,1981-10-26,710,images,CANCELLED - SECTION 8,Dead/Cancelled,False,,False
205,NEAR_1_SUBSTITUTION,1,73302689,1194467,IMAGES,1981-03-25,710,images,CANCELLED - SECTION 8,Dead/Cancelled,False,,False
205,NEAR_1_SUBSTITUTION,1,73291587,1191156,IMAGES,1980-12-31,710,images,CANCELLED - SECTION 8,Dead/Cancelled,False,,False
205,NEAR_1_SUBSTITUTION,1,73262587,1201386,IMAGES,1980-05-19,710,images,CANCELLED - SECTION 8,Dead/Cancelled,False,,False
205,NEAR_1_SUBSTITUTION,1,73211663,1142540,IMAGES,1979-04-16,710,images,CANCELLED - SECTION 8,Dead/Cancelled,False,,False
205,NEAR_1_DELETION,1,73195832,1201801,MARES,1978-12-06,710,mares,CANCELLED - SECTION 8,Dead/Cancelled,False,,False
205,NEAR_1_SUBSTITUTION,1,73173193,1122357,IMAGES,1978-06-05,900,images,EXPIRED,Dead/Expired,False,,False
205,NEAR_1_SUBSTITUTION,1,73131378,1102152,IMAGES,1977-06-22,710,images,CANCELLED - SECTION 8,Dead/Cancelled,False,,False
206,NEAR_1_SUBSTITUTION,1,99193064,,I MATTER,2025-05-20,730,imatter,FIRST EXTENSION - GRANTED,Live/Pending,True,025,False
206,NEAR_1_SUBSTITUTION,1,98868677,7881785,I-MASTER,2024-11-22,700,imaster,REGISTERED,Live/Registered,True,028,False
206,NEAR_1_INSERTION,1,79390811,7756915,IMPACTER,2023-10-13,700,impacter,REGISTERED,Live/Registered,True,038,False
206,NEAR_1_SUBSTITUTION,1,98182673,7499779,IMASTER,2023-09-15,700,imaster,REGISTERED,Live/Registered,True,028,False
206,NEAR_1_SUBSTITUTION,1,90100938,6421776,I MASTER,2020-08-07,700,imaster,REGISTERED,Live/Registered,True,"027,028",False
206,NEAR_1_SUBSTITUTION,1,88803054,6247294,I MATTER,2020-02-19,701,imatter,SECTION 8-ACCEPTED,Live/Registered,True,005,True
206,NEAR_1_SUBSTITUTION,1,79275586,6350531,IMASTER,2019-10-30,700,imaster,REGISTERED,Live/Registered,True,"009,042",False
206,NEAR_1_SUBSTITUTION,1,86495668,4842838,I-MASTER,2015-01-05,800,imaster,REGISTERED AND RENEWED,Live/Registered,True,028,False
206,NEAR_1_SUBSTITUTION,1,86213717,4914326,I-MASTER,2014-03-06,800,imaster,REGISTERED AND RENEWED,Live/Registered,True,009,False
206,NEAR_1_SUBSTITUTION,1,77591558,3666053,I MATTER,2008-10-13,800,imatter,REGISTERED AND RENEWED,Live/Registered,True,035,True
206,NEAR_1_SUBSTITUTION,1,77182322,3561853,IMATTER,2007-05-16,800,imatter,REGISTERED AND RENEWED,Live/Registered,True,041,False
206,NEAR_1_SUBSTITUTION,1,90007684,,I MATTER,2020-06-18,602,imatter,ABANDONED-FAILURE TO RESPOND OR LATE RESPONSE,Dead/Abandoned,False,025,False
206,NEAR_1_SUBSTITUTION,1,79232979,5736188,IMASTER,2018-02-08,709,imaster,CANCELLED SECTION 71,Dead/Cancelled,False,,False
206,NEAR_1_SUBSTITUTION,1,87421901,,IMATTER,2017-04-23,602,imatter,ABANDONED-FAILURE TO RESPOND OR LATE RESPONSE,Dead/Abandoned,False,041,False
206,NEAR_1_SUBSTITUTION,1,87375686,5404910,IMASTER,2017-03-17,710,imaster,CANCELLED - SECTION 8,Dead/Cancelled,False,,False
206,NEAR_1_SUBSTITUTION,1,87173539,5234163,IMASTER,2016-09-16,710,imaster,CANCELLED - SECTION 8,Dead/Cancelled,False,,False
206,NEAR_1_SUBSTITUTION,1,87149510,5303032,IMATTER,2016-08-24,710,imatter,CANCELLED - SECTION 8,Dead/Cancelled,False,,False
206,NEAR_1_SUBSTITUTION,1,86943412,,I MATTER,2016-03-17,602,imatter,ABANDONED-FAILURE TO RESPOND OR LATE RESPONSE,Dead/Abandoned,False,025,False
206,NEAR_1_SUBSTITUTION,1,86786681,5202656,I MATTER!,2015-10-13,710,imatter,CANCELLED - SECTION 8,Dead/Cancelled,False,,False
206,NEAR_1_SUBSTITUTION,1,86784777,,I MATTER,2015-10-12,602,imatter,ABANDONED-FAILURE TO RESPOND OR LATE RESPONSE,Dead/Abandoned,False,025,False
206,NEAR_1_SUBSTITUTION,1,86556398,4974412,IMATTER,2015-03-06,710,imatter,CANCELLED - SECTION 8,Dead/Cancelled,False,,False
206,NEAR_1_SUBSTITUTION,1,86174308,4648090,I MATTER,2014-01-24,710,imatter,CANCELLED - SECTION 8,Dead/Cancelled,False,,False
206,NEAR_1_SUBSTITUTION,1,76707951,,IMASTER,2011-06-13,602,imaster,ABANDONED-FAILURE TO RESPOND OR LATE RESPONSE,Dead/Abandoned,False,035,True
206,NEAR_1_SUBSTITUTION,1,77946006,3845243,IMATTER,2010-02-26,710,imatter,CANCELLED - SECTION 8,Dead/Cancelled,False,,False
206,NEAR_1_SUBSTITUTION,1,77930777,4214368,IMATTER,2010-02-08,710,imatter,CANCELLED - SECTION 8,Dead/Cancelled,False,,False
206,NEAR_1_SUBSTITUTION,1,77734004,,IMASTER,2009-05-11,606,imaster,ABANDONED - NO STATEMENT OF USE FILED,Dead/Abandoned,False,012,False
206,NEAR_1_SUBSTITUTION,1,77348726,,IMASTER,2007-12-11,606,imaster,ABANDONED - NO STATEMENT OF USE FILED,Dead/Abandoned,False,009,False
206,NEAR_1_SUBSTITUTION,1,78204529,,IMASTER,2003-01-17,606,imaster,ABANDONED - NO STATEMENT OF USE FILED,Dead/Abandoned,False,009,False
206,NEAR_1_SUBSTITUTION,1,76281923,,IMATTER,2001-07-09,602,imatter,ABANDONED-FAILURE TO RESPOND OR LATE RESPONSE,Dead/Abandoned,False,009,False
206,NEAR_1_SUBSTITUTION,1,76113303,2989884,I-MASTER,2000-08-18,710,imaster,CANCELLED - SECTION 8,Dead/Cancelled,False,,False
206,NEAR_1_SUBSTITUTION,1,76064125,,IMASTER,2000-06-06,606,imaster,ABANDONED - NO STATEMENT OF USE FILED,Dead/Abandoned,False,009,False
206,NEAR_1_SUBSTITUTION,1,75784705,,I MATTER,1999-08-26,602,imatter,ABANDONED-FAILURE TO RESPOND OR LATE RESPONSE,Dead/Abandoned,False,035,True
206,NEAR_1_SUBSTITUTION,1,75759755,2420859,I MATTER,1999-07-26,710,imatter,CANCELLED - SECTION 8,Dead/Cancelled,False,,False
206,NEAR_1_SUBSTITUTION,1,75751957,2745531,I MATTER,1999-07-12,710,imatter,CANCELLED - SECTION 8,Dead/Cancelled,False,,False
206,NEAR_1_SUBSTITUTION,1,75743622,2713789,IMATTER,1999-06-23,710,imatter,CANCELLED - SECTION 8,Dead/Cancelled,False,,False
206,NEAR_1_SUBSTITUTION,1,75743623,2713790,IMATTER,1999-06-23,710,imatter,CANCELLED - SECTION 8,Dead/Cancelled,False,,False
206,NEAR_1_SUBSTITUTION,1,75743624,,IMATTER,1999-06-23,606,imatter,ABANDONED - NO STATEMENT OF USE FILED,Dead/Abandoned,False,042,False
206,NEAR_1_SUBSTITUTION,1,75738663,,I MATTER,1999-06-18,606,imatter,ABANDONED - NO STATEMENT OF USE FILED,Dead/Abandoned,False,"016,041",False
206,NEAR_1_SUBSTITUTION,1,75636954,,I.MASTER,1999-02-09,606,imaster,ABANDONED - NO STATEMENT OF USE FILED,Dead/Abandoned,False,009,False
206,NEAR_1_SUBSTITUTION,1,75553287,,IMASTER,1998-09-15,606,imaster,ABANDONED - NO STATEMENT OF USE FILED,Dead/Abandoned,False,009,False
206,NEAR_1_SUBSTITUTION,1,74602213,1974691,IMASTER,1994-11-23,710,imaster,CANCELLED - SECTION 8,Dead/Cancelled,False,,False
206,NEAR_1_SUBSTITUTION,1,74602214,1970994,IMASTER,1994-11-23,710,imaster,CANCELLED - SECTION 8,Dead/Cancelled,False,,False
206,NEAR_1_INSERTION,1,71627673,0571087,IMPACTER,1952-04-07,900,impacter,EXPIRED,Dead/Expired,False,,False
207,EXACT,0,78809006,,IMAAGE,2006-02-07,602,imaage,ABANDONED-FAILURE TO RESPOND OR LATE RESPONSE,Dead/Abandoned,False,003,True
207,EXACT,0,78768312,3263002,IMAAGE,2005-12-07,710,imaage,CANCELLED - SECTION 8,Dead/Cancelled,False,,False
207,EXACT,0,78749564,3262946,IMAAGE,2005-11-08,710,imaage,CANCELLED - SECTION 8,Dead/Cancelled,False,,False
207,NEAR_1_DELETION,1,99156948,8058050,IMAGE,2025-04-26,700,image,REGISTERED,Live/Registered,True,041,False
207,NEAR_1_DELETION,1,98451252,7758049,IMAGE,2024-03-15,700,image,REGISTERED,Live/Registered,True,"016,035,041",True
207,NEAR_1_SUBSTITUTION,1,98146506,7474137,IMAIGE,2023-08-23,700,imaige,REGISTERED,Live/Registered,True,042,False
207,NEAR_1_DELETION,1,97711645,7267934,IMAGE,2022-12-09,700,image,REGISTERED,Live/Registered,True,028,False
207,NEAR_1_DELETION,1,97669150,7068630,IMAGE,2022-11-09,700,image,REGISTERED,Live/Registered,True,"035,041",True
207,NEAR_1_DELETION,1,97406842,6859637,IMAGE,2022-05-12,700,image,REGISTERED,Live/Registered,True,044,True
207,NEAR_1_DELETION,1,87568960,5620132,IMAGE,2017-08-15,702,image,SECTION 8 & 15-ACCEPTED AND ACKNOWLEDGED,Live/Registered,True,035,True
207,NEAR_1_INSERTION,1,86866666,5022159,IMANAGE,2016-01-06,702,imanage,SECTION 8 & 15-ACCEPTED AND ACKNOWLEDGED,Live/Registered,True,042,False
207,NEAR_1_DELETION,1,85154294,3991354,IMAGE,2010-10-16,800,image,REGISTERED AND RENEWED,Live/Registered,True,"002,009",False
207,NEAR_1_DELETION,1,77186848,3487149,IMAGE,2007-05-22,800,image,REGISTERED AND RENEWED,Live/Registered,True,"015,021",True
207,NEAR_1_DELETION,1,78340812,3071841,IMAGE,2003-12-15,800,image,REGISTERED AND RENEWED,Live/Registered,True,005,True
207,NEAR_1_INSERTION,1,76000311,2566557,IMANAGE,2000-03-14,800,imanage,REGISTERED AND RENEWED,Live/Registered,True,009,False
207,NEAR_1_DELETION,1,75037135,2056953,IMAGE,1995-12-26,800,image,REGISTERED AND RENEWED,Live/Registered,True,037,False
207,NEAR_1_DELETION,1,75018194,2143122,IMAGE,1995-11-13,800,image,REGISTERED AND RENEWED,Live/Registered,True,009,False
207,NEAR_1_DELETION,1,74720836,1985782,IMAGE,1995-08-21,800,image,REGISTERED AND RENEWED,Live/Registered,True,003,True
207,NEAR_1_SUBSTITUTION,1,74649133,2101862,IMMAGE,1995-03-20,800,immage,REGISTERED AND RENEWED,Live/Registered,True,"005,009",True
207,NEAR_1_DELETION,1,74646083,1953293,IMAGE,1995-03-13,800,image,REGISTERED AND RENEWED,Live/Registered,True,016,False
207,NEAR_1_DELETION,1,74619155,1941111,IMAGE,1995-01-06,800,image,REGISTERED AND RENEWED,Live/Registered,True,016,False
207,NEAR_1_DELETION,1,74424932,1884871,IMAGE,1993-08-16,800,image,REGISTERED AND RENEWED,Live/Registered,True,016,False
207,NEAR_1_DELETION,1,74276225,1782412,IMAGE,1992-05-18,800,image,REGISTERED AND RENEWED,Live/Registered,True,007,False
207,NEAR_1_DELETION,1,73747760,1588570,IMAGE,1988-08-22,800,image,REGISTERED AND RENEWED,Live/Registered,True,009,False
207,NEAR_1_DELETION,1,73601386,1422502,IMAGE,1986-05-29,800,image,REGISTERED AND RENEWED,Live/Registered,True,005,True
207,NEAR_1_DELETION,1,98744935,,[ IMAGE ],2024-09-11,602,image,ABANDONED-FAILURE TO RESPOND OR LATE RESPONSE,Dead/Abandoned,False,035,True
207,NEAR_1_INSERTION,1,90638863,,IMANAGE,2021-04-12,602,imanage,ABANDONED-FAILURE TO RESPOND OR LATE RESPONSE,Dead/Abandoned,False,042,False
207,NEAR_1_DELETION,1,90532999,,IMAGE,2021-02-17,602,image,ABANDONED-FAILURE TO RESPOND OR LATE RESPONSE,Dead/Abandoned,False,009,False
207,NEAR_1_DELETION,1,88929512,,IMAGE,2020-05-22,602,image,ABANDONED-FAILURE TO RESPOND OR LATE RESPONSE,Dead/Abandoned,False,025,False
207,NEAR_1_DELETION,1,87940765,,IMAGE,2018-05-30,602,image,ABANDONED-FAILURE TO RESPOND OR LATE RESPONSE,Dead/Abandoned,False,003,True
207,NEAR_1_DELETION,1,87319262,,IMAGE,2017-01-31,602,image,ABANDONED-FAILURE TO RESPOND OR LATE RESPONSE,Dead/Abandoned,False,003,True
207,NEAR_1_DELETION,1,87186804,,IMAGE,2016-09-28,605,image,ABANDONED EXPRESS AFTER PUB,Dead/Abandoned,False,,False
207,NEAR_1_DELETION,1,79186986,,IMAGE++,2015-11-30,402,image,IR CANCELLED; US APPLICATION ABANDONED,Dead/Abandoned,False,,False
207,NEAR_1_DELETION,1,86803349,,IMAGE,2015-10-29,602,image,ABANDONED-FAILURE TO RESPOND OR LATE RESPONSE,Dead/Abandoned,False,012,False
207,NEAR_1_DELETION,1,86666965,,IMAGE,2015-06-18,601,image,ABANDONED - EXPRESS,Dead/Abandoned,False,005,True
207,NEAR_1_INSERTION,1,86421804,,IMANAGE,2014-10-13,602,imanage,ABANDONED-FAILURE TO RESPOND OR LATE RESPONSE,Dead/Abandoned,False,"016,041",False
207,NEAR_1_DELETION,1,86363869,,IMAGE,2014-08-12,602,image,ABANDONED-FAILURE TO RESPOND OR LATE RESPONSE,Dead/Abandoned,False,009,False
207,NEAR_1_DELETION,1,86363875,,IMAGE,2014-08-12,602,image,ABANDONED-FAILURE TO RESPOND OR LATE RESPONSE,Dead/Abandoned,False,035,True
207,NEAR_1_DELETION,1,86363880,,IMAGE,2014-08-12,602,image,ABANDONED-FAILURE TO RESPOND OR LATE RESPONSE,Dead/Abandoned,False,042,False
207,NEAR_1_DELETION,1,86315141,4787201,IMAGE,2014-06-19,710,image,CANCELLED - SECTION 8,Dead/Cancelled,False,,False
207,NEAR_1_DELETION,1,86261173,5137911,IMAGE,2014-04-24,710,image,CANCELLED - SECTION 8,Dead/Cancelled,False,,False
207,NEAR_1_DELETION,1,86224625,4734134,IMAGE,2014-03-18,710,image,CANCELLED - SECTION 8,Dead/Cancelled,False,,False
207,NEAR_1_DELETION,1,86006322,4594211,IMAGE,2013-07-10,710,image,CANCELLED - SECTION 8,Dead/Cancelled,False,,False
207,NEAR_1_DELETION,1,86002730,4604137,IMAGE,2013-07-04,710,image,CANCELLED - SECTION 8,Dead/Cancelled,False,,False
207,NEAR_1_DELETION,1,86002731,4604138,IMAGE,2013-07-04,710,image,CANCELLED - SECTION 8,Dead/Cancelled,False,,False
207,NEAR_1_INSERTION,1,85806558,,IMANAGE,2012-12-19,606,imanage,ABANDONED - NO STATEMENT OF USE FILED,Dead/Abandoned,False,"009,044",True
207,NEAR_1_DELETION,1,85800262,,IMAGE,2012-12-11,602,image,ABANDONED-FAILURE TO RESPOND OR LATE RESPONSE,Dead/Abandoned,False,003,True
207,NEAR_1_DELETION,1,85442499,4153792,IMAGE,2011-10-07,710,image,CANCELLED - SECTION 8,Dead/Cancelled,False,,False
207,NEAR_1_INSERTION,1,85404781,,IMANAGE,2011-08-23,602,imanage,ABANDONED-FAILURE TO RESPOND OR LATE RESPONSE,Dead/Abandoned,False,009,False
207,NEAR_1_DELETION,1,77846069,3840304,IMAGE,2009-10-10,710,image,CANCELLED - SECTION 8,Dead/Cancelled,False,,False
207,NEAR_1_INSERTION,1,77796163,3843903,I-MANAGE,2009-08-04,710,imanage,CANCELLED - SECTION 8,Dead/Cancelled,False,,False
207,NEAR_1_DELETION,1,77786443,,I.M.A.G.E.,2009-07-21,600,image,ABANDONED - INCOMPLETE RESPONSE,Dead/Abandoned,False,,False
207,NEAR_1_INSERTION,1,77771258,,IMANAGE,2009-06-30,606,imanage,ABANDONED - NO STATEMENT OF USE FILED,Dead/Abandoned,False,"005,009,010,044",True
207,NEAR_1_DELETION,1,77566203,3707578,IMAGE,2008-09-10,713,image,CANCELLED - SECTION 18,Dead/Cancelled,False,,False
207,NEAR_1_DELETION,1,77480057,,IMAGE,2008-05-21,606,image,ABANDONED - NO STATEMENT OF USE FILED,Dead/Abandoned,False,040,False
207,NEAR_1_DELETION,1,77424625,,IMAGE,2008-03-18,602,image,ABANDONED-FAILURE TO RESPOND OR LATE RESPONSE,Dead/Abandoned,False,009,False
207,NEAR_1_DELETION,1,77308064,,IMAGE,2007-10-19,606,image,ABANDONED - NO STATEMENT OF USE FILED,Dead/Abandoned,False,009,False
207,NEAR_1_DELETION,1,77302881,,IM·ÄGE,2007-10-12,602,image,ABANDONED-FAILURE TO RESPOND OR LATE RESPONSE,Dead/Abandoned,False,016,False
207,NEAR_1_DELETION,1,79045486,3587280,IMAGE,2007-07-17,404,image,IR CANCELLED; US REGISTRATION CANCELLED,Dead/Cancelled,False,,False
207,NEAR_1_DELETION,1,77223321,3391515,IMAGE,2007-07-06,710,image,CANCELLED - SECTION 8,Dead/Cancelled,False,,False
207,NEAR_1_DELETION,1,78931736,,IMAGE,2006-07-18,606,image,ABANDONED - NO STATEMENT OF USE FILED,Dead/Abandoned,False,035,True
207,NEAR_1_DELETION,1,78810509,4140648,IMAGE,2006-02-08,710,image,CANCELLED - SECTION 8,Dead/Cancelled,False,,False
207,NEAR_1_DELETION,1,78748579,,IMAGE,2005-11-07,601,image,ABANDONED - EXPRESS,Dead/Abandoned,False,"021,042",True
207,NEAR_1_INSERTION,1,78581427,,I-MANAGE,2005-03-07,602,imanage,ABANDONED-FAILURE TO RESPOND OR LATE RESPONSE,Dead/Abandoned,False,042,False
207,NEAR_1_DELETION,1,78576860,3495975,IMAGE,2005-02-28,710,image,CANCELLED - SECTION 8,Dead/Cancelled,False,,False
207,NEAR_1_DELETION,1,78576885,3567740,IMAGE,2005-02-28,710,image,CANCELLED - SECTION 8,Dead/Cancelled,False,,False
207,NEAR_1_DELETION,1,78576925,,IMAGE,2005-02-28,603,image,ABANDONED - AFTER EX PARTE APPEAL,Dead/Abandoned,False,040,False
207,NEAR_1_INSERTION,1,76594847,3171883,IMANAGE,2004-06-01,710,imanage,CANCELLED - SECTION 8,Dead/Cancelled,False,,False
207,NEAR_1_INSERTION,1,78422566,,I-MANAGE,2004-05-20,606,imanage,ABANDONED - NO STATEMENT OF USE FILED,Dead/Abandoned,False,041,False
207,NEAR_1_DELETION,1,78377430,,IMAGE,2004-03-02,606,image,ABANDONED - NO STATEMENT OF USE FILED,Dead/Abandoned,False,"009,016,035,036,041",True
207,NEAR_1_DELETION,1,76543374,2945579,IMAGE,2003-09-08,710,image,CANCELLED - SECTION 8,Dead/Cancelled,False,,False
207,NEAR_1_DELETION,1,78261471,2926972,IMAGE,2003-06-12,710,image,CANCELLED - SECTION 8,Dead/Cancelled,False,,False
207,NEAR_1_DELETION,1,78213342,,IMAGE,2003-02-11,606,image,ABANDONED - NO STATEMENT OF USE FILED,Dead/Abandoned,False,"009,028",False
207,NEAR_1_DELETION,1,76461054,,IMAGE,2002-10-21,602,image,ABANDONED-FAILURE TO RESPOND OR LATE RESPONSE,Dead/Abandoned,False,"006,009",False
207,NEAR_1_DELETION,1,78149894,2877018,IM-AGE,2002-08-01,710,image,CANCELLED - SECTION 8,Dead/Cancelled,False,,False
207,NEAR_1_DELETION,1,78147808,,I.M.A.G.E.,2002-07-26,602,image,ABANDONED-FAILURE TO RESPOND OR LATE RESPONSE,Dead/Abandoned,False,042,False
207,NEAR_1_DELETION,1,76345534,2601110,IMAGE,2001-12-05,710,image,CANCELLED - SECTION 8,Dead/Cancelled,False,,False
207,NEAR_1_DELETION,1,76333700,2905476,IMAGE+,2001-11-02,710,image,CANCELLED - SECTION 8,Dead/Cancelled,False,,False
207,NEAR_1_DELETION,1,76976308,2906110,IMAGE+,2001-11-02,710,image,CANCELLED - SECTION 8,Dead/Cancelled,False,,False
207,NEAR_1_DELETION,1,76293795,,IMAGE,2001-08-03,602,image,ABANDONED-FAILURE TO RESPOND OR LATE RESPONSE,Dead/Abandoned,False,041,False
207,NEAR_1_DELETION,1,78046321,2856662,IMAGE,2001-02-02,710,image,CANCELLED - SECTION 8,Dead/Cancelled,False,,False
207,NEAR_1_DELETION,1,76171655,,IMAGE,2000-11-27,604,image,ABANDONED - AFTER INTER-PARTES DECISION,Dead/Abandoned,False,,False
207,NEAR_1_DELETION,1,76158630,2754935,IMAGE +,2000-11-02,710,image,CANCELLED - SECTION 8,Dead/Cancelled,False,,False
207,NEAR_1_DELETION,1,76118706,,IMAGE,2000-08-29,601,image,ABANDONED - EXPRESS,Dead/Abandoned,False,027,False
207,NEAR_1_INSERTION,1,76055053,,IMANAGE,2000-05-23,601,imanage,ABANDONED - EXPRESS,Dead/Abandoned,False,"009,042",False
207,NEAR_1_DELETION,1,75904480,2511183,IMAGE,2000-01-28,710,image,CANCELLED - SECTION 8,Dead/Cancelled,False,,False
207,NEAR_1_DELETION,1,75843995,2501398,IMAGE,1999-11-08,710,image,CANCELLED - SECTION 8,Dead/Cancelled,False,,False
207,NEAR_1_INSERTION,1,75772425,,IMANAGE,1999-08-10,602,imanage,ABANDONED-FAILURE TO RESPOND OR LATE RESPONSE,Dead/Abandoned,False,009,False
207,NEAR_1_INSERTION,1,75725531,,I MANAGE,1999-07-07,602,imanage,ABANDONED-FAILURE TO RESPOND OR LATE RESPONSE,Dead/Abandoned,False,009,False
207,NEAR_1_DELETION,1,75726653,,IMAGE,1999-06-11,606,image,ABANDONED - NO STATEMENT OF USE FILED,Dead/Abandoned,False,009,False
207,NEAR_1_DELETION,1,75696664,,IMAGE,1999-05-03,602,image,ABANDONED-FAILURE TO RESPOND OR LATE RESPONSE,Dead/Abandoned,False,011,False
207,NEAR_1_DELETION,1,75696665,,IMAGE,1999-05-03,602,image,ABANDONED-FAILURE TO RESPOND OR LATE RESPONSE,Dead/Abandoned,False,019,False
207,NEAR_1_DELETION,1,75679808,,IMAGE,1999-04-08,606,image,ABANDONED - NO STATEMENT OF USE FILED,Dead/Abandoned,False,032,False
207,NEAR_1_DELETION,1,75631803,,IMAGE +,1999-02-01,602,image,ABANDONED-FAILURE TO RESPOND OR LATE RESPONSE,Dead/Abandoned,False,005,True
207,NEAR_1_DELETION,1,75578117,2320872,IMAGE,1998-10-23,710,image,CANCELLED - SECTION 8,Dead/Cancelled,False,,False
207,NEAR_1_INSERTION,1,75565423,2308932,I MANAGE,1998-10-07,710,imanage,CANCELLED - SECTION 8,Dead/Cancelled,False,,False
207,NEAR_1_DELETION,1,75561891,,IMAGE,1998-09-30,604,image,ABANDONED - AFTER INTER-PARTES DECISION,Dead/Abandoned,False,011,False
207,NEAR_1_DELETION,1,75429387,,IMAGE,1998-02-05,602,image,ABANDONED-FAILURE TO RESPOND OR LATE RESPONSE,Dead/Abandoned,False,,False
207,NEAR_1_DELETION,1,75398454,,I'MAGE,1997-12-01,606,image,ABANDONED - NO STATEMENT OF USE FILED,Dead/Abandoned,False,025,False
207,NEAR_1_DELETION,1,75348777,2247223,IMAGE,1997-08-28,710,image,CANCELLED - SECTION 8,Dead/Cancelled,False,,False
207,NEAR_1_DELETION,1,75250480,,IMAGE,1997-03-03,606,image,ABANDONED - NO STATEMENT OF USE FILED,Dead/Abandoned,False,,False
207,NEAR_1_DELETION,1,75250720,2213787,IMAGE,1997-02-19,710,image,CANCELLED - SECTION 8,Dead/Cancelled,False,,False
207,NEAR_1_DELETION,1,75176961,2535141,IMAGE,1996-10-04,710,image,CANCELLED - SECTION 8,Dead/Cancelled,False,,False
207,NEAR_1_INSERTION,1,75143280,2221933,I-MANAGE,1996-08-01,710,imanage,CANCELLED - SECTION 8,Dead/Cancelled,False,,False
207,NEAR_1_DELETION,1,75115801,,IMAGE,1996-06-07,601,image,ABANDONED - EXPRESS,Dead/Abandoned,False,,False
207,NEAR_1_DELETION,1,75031608,2243000,IMAGE,1995-12-12,710,image,CANCELLED - SECTION 8,Dead/Cancelled,False,,False
207,NEAR_1_DELETION,1,74729287,2005978,IMAGE,1995-09-14,710,image,CANCELLED - SECTION 8,Dead/Cancelled,False,,False
207,NEAR_1_DELETION,1,74658708,,IMAGE,1995-04-10,602,image,ABANDONED-FAILURE TO RESPOND OR LATE RESPONSE,Dead/Abandoned,False,,False
207,NEAR_1_SUBSTITUTION,1,74631264,,IMMAGE,1995-02-07,606,immage,ABANDONED - NO STATEMENT OF USE FILED,Dead/Abandoned,False,,False
207,NEAR_1_DELETION,1,74626966,,IMAGE,1995-01-30,604,image,ABANDONED - AFTER INTER-PARTES DECISION,Dead/Abandoned,False,,False
207,NEAR_1_DELETION,1,74613044,1990787,IMAGE,1994-12-20,710,image,CANCELLED - SECTION 8,Dead/Cancelled,False,,False
207,NEAR_1_DELETION,1,74498016,2018083,IMAGE,1994-03-07,710,image,CANCELLED - SECTION 8,Dead/Cancelled,False,,False
207,NEAR_1_DELETION,1,74491160,,IMAGE,1994-02-17,606,image,ABANDONED - NO STATEMENT OF USE FILED,Dead/Abandoned,False,,False
207,NEAR_1_DELETION,1,74478214,1872409,IMAGE,1994-01-10,710,image,CANCELLED - SECTION 8,Dead/Cancelled,False,,False
207,NEAR_1_DELETION,1,74424097,1882904,IMAGE,1993-08-11,710,image,CANCELLED - SECTION 8,Dead/Cancelled,False,,False
207,NEAR_1_DELETION,1,74407774,,"""IMAGE""",1993-06-30,602,image,ABANDONED-FAILURE TO RESPOND OR LATE RESPONSE,Dead/Abandoned,False,,False
207,NEAR_1_DELETION,1,74340597,1808923,IMAGE,1992-12-16,710,image,CANCELLED - SECTION 8,Dead/Cancelled,False,,False
207,NEAR_1_DELETION,1,74334032,1823761,IMAGE,1992-11-23,710,image,CANCELLED - SECTION 8,Dead/Cancelled,False,,False
207,NEAR_1_DELETION,1,74327727,,IMAGE,1992-10-28,602,image,ABANDONED-FAILURE TO RESPOND OR LATE RESPONSE,Dead/Abandoned,False,,False
207,NEAR_1_DELETION,1,74302532,1825509,IMAGE,1992-08-10,710,image,CANCELLED - SECTION 8,Dead/Cancelled,False,,False
207,NEAR_1_DELETION,1,74292725,2031333,IMAGE,1992-07-08,710,image,CANCELLED - SECTION 8,Dead/Cancelled,False,,False
207,NEAR_1_DELETION,1,74268118,1740748,IMAGE,1992-04-22,710,image,CANCELLED - SECTION 8,Dead/Cancelled,False,,False
207,NEAR_1_DELETION,1,74237302,1815524,IMAGE,1991-11-08,710,image,CANCELLED - SECTION 8,Dead/Cancelled,False,,False
207,NEAR_1_DELETION,1,74212141,1778049,IMAGE,1991-10-15,710,image,CANCELLED - SECTION 8,Dead/Cancelled,False,,False
207,NEAR_1_DELETION,1,74175439,1717113,IMAGE,1991-06-11,710,image,CANCELLED - SECTION 8,Dead/Cancelled,False,,False
207,NEAR_1_INSERTION,1,74159359,,I MANAGE ...,1991-04-22,606,imanage,ABANDONED - NO STATEMENT OF USE FILED,Dead/Abandoned,False,,False
207,NEAR_1_DELETION,1,74128987,,IMAGE,1991-01-09,604,image,ABANDONED - AFTER INTER-PARTES DECISION,Dead/Abandoned,False,,False
207,NEAR_1_DELETION,1,74105746,1658204,IMAGE,1990-10-15,710,image,CANCELLED - SECTION 8,Dead/Cancelled,False,,False
207,NEAR_1_DELETION,1,74087953,1930107,IMAGE,1990-08-14,710,image,CANCELLED - SECTION 8,Dead/Cancelled,False,,False
207,NEAR_1_DELETION,1,74078821,,IMAGE,1990-07-16,606,image,ABANDONED - NO STATEMENT OF USE FILED,Dead/Abandoned,False,,False
207,NEAR_1_DELETION,1,74078824,,IMAGE,1990-07-16,604,image,ABANDONED - AFTER INTER-PARTES DECISION,Dead/Abandoned,False,,False
207,NEAR_1_DELETION,1,74072203,,IMAGE,1990-06-25,602,image,ABANDONED-FAILURE TO RESPOND OR LATE RESPONSE,Dead/Abandoned,False,,False
207,NEAR_1_DELETION,1,74069011,,IMAGE,1990-06-14,602,image,ABANDONED-FAILURE TO RESPOND OR LATE RESPONSE,Dead/Abandoned,False,,False
207,NEAR_1_DELETION,1,74055801,,IMAGE,1990-05-04,602,image,ABANDONED-FAILURE TO RESPOND OR LATE RESPONSE,Dead/Abandoned,False,,False
207,NEAR_1_DELETION,1,74053702,1673859,IMAGE,1990-04-27,710,image,CANCELLED - SECTION 8,Dead/Cancelled,False,,False
207,NEAR_1_DELETION,1,74050309,1635239,IMAGE,1990-04-18,710,image,CANCELLED - SECTION 8,Dead/Cancelled,False,,False
207,NEAR_1_DELETION,1,74046634,,IMAGE,1990-04-06,601,image,ABANDONED - EXPRESS,Dead/Abandoned,False,,False
207,NEAR_1_DELETION,1,74038589,1659258,IMAGE,1990-03-15,710,image,CANCELLED - SECTION 8,Dead/Cancelled,False,,False
207,NEAR_1_DELETION,1,74025679,1638939,IMAGE,1990-02-05,710,image,CANCELLED - SECTION 8,Dead/Cancelled,False,,False
207,NEAR_1_DELETION,1,74019504,1710820,IMAGE,1990-01-16,710,image,CANCELLED - SECTION 8,Dead/Cancelled,False,,False
207,NEAR_1_DELETION,1,73838818,1681386,IMAGE,1989-11-13,710,image,CANCELLED - SECTION 8,Dead/Cancelled,False,,False
207,NEAR_1_DELETION,1,73833156,1648240,IMAGE,1989-10-23,710,image,CANCELLED - SECTION 8,Dead/Cancelled,False,,False
207,NEAR_1_DELETION,1,73813184,,IMAGE,1989-07-17,602,image,ABANDONED-FAILURE TO RESPOND OR LATE RESPONSE,Dead/Abandoned,False,,False
207,NEAR_1_DELETION,1,73808503,,IMAGE,1989-06-22,602,image,ABANDONED-FAILURE TO RESPOND OR LATE RESPONSE,Dead/Abandoned,False,,False
207,NEAR_1_DELETION,1,73776795,1609457,I.M.A.G.E.,1989-01-26,710,image,CANCELLED - SECTION 8,Dead/Cancelled,False,,False
207,NEAR_1_DELETION,1,73759997,1550907,IMAGE,1988-10-26,710,image,CANCELLED - SECTION 8,Dead/Cancelled,False,,False
207,NEAR_1_DELETION,1,73754548,,IMAGE,1988-09-28,602,image,ABANDONED-FAILURE TO RESPOND OR LATE RESPONSE,Dead/Abandoned,False,,False
207,NEAR_1_DELETION,1,73744663,,IMAGE +,1988-08-08,602,image,ABANDONED-FAILURE TO RESPOND OR LATE RESPONSE,Dead/Abandoned,False,,False
207,NEAR_1_DELETION,1,73737308,,IMAGE,1988-06-30,601,image,ABANDONED - EXPRESS,Dead/Abandoned,False,,False
207,NEAR_1_DELETION,1,73653787,1499725,IMAGE,1987-04-07,713,image,CANCELLED - SECTION 18,Dead/Cancelled,False,,False
207,NEAR_1_DELETION,1,73647526,,IMAGE,1987-03-03,601,image,ABANDONED - EXPRESS,Dead/Abandoned,False,,False
207,NEAR_1_DELETION,1,73647598,1532387,IMAGE,1987-03-03,710,image,CANCELLED - SECTION 8,Dead/Cancelled,False,,False
207,NEAR_1_DELETION,1,73627415,1483139,IMAGE,1986-10-28,710,image,CANCELLED - SECTION 8,Dead/Cancelled,False,,False
207,NEAR_1_DELETION,1,73624055,1443850,IMAGE,1986-10-03,710,image,CANCELLED - SECTION 8,Dead/Cancelled,False,,False
207,NEAR_1_DELETION,1,73616503,1464149,IMAGE,1986-08-25,710,image,CANCELLED - SECTION 8,Dead/Cancelled,False,,False
207,NEAR_1_DELETION,1,73612033,,IMAGE,1986-07-29,602,image,ABANDONED-FAILURE TO RESPOND OR LATE RESPONSE,Dead/Abandoned,False,,False
207,NEAR_1_DELETION,1,73594397,,IMAGE,1986-04-21,602,image,ABANDONED-FAILURE TO RESPOND OR LATE RESPONSE,Dead/Abandoned,False,,False
207,NEAR_1_DELETION,1,73594412,,IMAGE,1986-04-21,602,image,ABANDONED-FAILURE TO RESPOND OR LATE RESPONSE,Dead/Abandoned,False,,False
207,NEAR_1_DELETION,1,73562080,,IMAGE,1985-10-07,602,image,ABANDONED-FAILURE TO RESPOND OR LATE RESPONSE,Dead/Abandoned,False,,False
207,NEAR_1_DELETION,1,73551797,,IMAGE,1985-08-05,602,image,ABANDONED-FAILURE TO RESPOND OR LATE RESPONSE,Dead/Abandoned,False,,False
207,NEAR_1_DELETION,1,73549184,1420988,IMAGE,1985-07-22,710,image,CANCELLED - SECTION 8,Dead/Cancelled,False,,False
207,NEAR_1_DELETION,1,73546067,1431043,IMAGE,1985-07-02,710,image,CANCELLED - SECTION 8,Dead/Cancelled,False,,False
207,NEAR_1_DELETION,1,73527526,,IMAGE,1985-03-18,601,image,ABANDONED - EXPRESS,Dead/Abandoned,False,,False
207,NEAR_1_DELETION,1,73526022,1357937,IMAGE,1985-03-11,710,image,CANCELLED - SECTION 8,Dead/Cancelled,False,,False
207,NEAR_1_DELETION,1,73517925,1353238,IMAGE,1985-01-17,710,image,CANCELLED - SECTION 8,Dead/Cancelled,False,,False
207,NEAR_1_DELETION,1,73511427,1345484,IMAGE,1984-11-30,710,image,CANCELLED - SECTION 8,Dead/Cancelled,False,,False
207,NEAR_1_DELETION,1,73495251,,IMAGE,1984-08-17,602,image,ABANDONED-FAILURE TO RESPOND OR LATE RESPONSE,Dead/Abandoned,False,,False
207,NEAR_1_DELETION,1,73490171,1424494,IMAGE,1984-07-16,710,image,CANCELLED - SECTION 8,Dead/Cancelled,False,,False
207,NEAR_1_DELETION,1,73462509,1326655,IMAGE,1984-01-25,710,image,CANCELLED - SECTION 8,Dead/Cancelled,False,,False
207,NEAR_1_DELETION,1,73447357,,IMAGE,1983-10-11,603,image,ABANDONED - AFTER EX PARTE APPEAL,Dead/Abandoned,False,,False
207,NEAR_1_DELETION,1,73440456,1293870,IMAGE,1983-08-22,710,image,CANCELLED - SECTION 8,Dead/Cancelled,False,,False
207,NEAR_1_DELETION,1,73435411,1350362,IMAGE,1983-07-20,710,image,CANCELLED - SECTION 8,Dead/Cancelled,False,,False
207,NEAR_1_DELETION,1,73401551,1274997,IMAGE,1982-11-03,710,image,CANCELLED - SECTION 8,Dead/Cancelled,False,,False
207,NEAR_1_DELETION,1,73396706,,IMAGE,1982-09-30,601,image,ABANDONED - EXPRESS,Dead/Abandoned,False,,False
207,NEAR_1_DELETION,1,73383712,,IMAGE,1982-09-07,602,image,ABANDONED-FAILURE TO RESPOND OR LATE RESPONSE,Dead/Abandoned,False,,False
207,NEAR_1_DELETION,1,73355686,1222947,IMAGE,1982-03-22,710,image,CANCELLED - SECTION 8,Dead/Cancelled,False,,False
207,NEAR_1_DELETION,1,73248458,1225178,IMAGE,1980-02-01,710,image,CANCELLED - SECTION 8,Dead/Cancelled,False,,False
207,NEAR_1_DELETION,1,73226850,1144389,IMAGE,1979-08-09,710,image,CANCELLED - SECTION 8,Dead/Cancelled,False,,False
207,NEAR_1_DELETION,1,73210212,1206801,IMAGE,1979-04-03,710,image,CANCELLED - SECTION 8,Dead/Cancelled,False,,False
207,NEAR_1_DELETION,1,73162594,1132024,IMAGE,1978-03-17,710,image,CANCELLED - SECTION 8,Dead/Cancelled,False,,False
207,NEAR_1_DELETION,1,73157667,1100773,IMAGE,1978-02-06,710,image,CANCELLED - SECTION 8,Dead/Cancelled,False,,False
207,NEAR_1_DELETION,1,73122392,1111323,IMAGE,1977-04-11,900,image,EXPIRED,Dead/Expired,False,,False
207,NEAR_1_DELETION,1,73093544,1157370,IMAGE,1976-07-15,710,image,CANCELLED - SECTION 8,Dead/Cancelled,False,,False
207,NEAR_1_DELETION,1,73060968,1058288,IMAGE,1975-08-20,900,image,EXPIRED,Dead/Expired,False,,False
207,NEAR_1_DELETION,1,73012631,1016743,IMAGE,1974-02-04,900,image,EXPIRED,Dead/Expired,False,,False
207,NEAR_1_DELETION,1,72442108,1024972,IMAGE,1972-11-24,900,image,EXPIRED,Dead/Expired,False,,False
207,NEAR_1_DELETION,1,72247594,0824595,IMAGE,1966-06-08,900,image,EXPIRED,Dead/Expired,False,,False
207,NEAR_1_DELETION,1,72223288,0817151,IMAGE,1965-07-14,900,image,EXPIRED,Dead/Expired,False,,False
207,NEAR_1_DELETION,1,72153938,0750731,IMAGE,1962-09-26,900,image,EXPIRED,Dead/Expired,False,,False
207,NEAR_1_DELETION,1,71686809,0621580,IMAGE,1955-05-04,900,image,EXPIRED,Dead/Expired,False,,False
207,NEAR_1_DELETION,1,71624648,0567779,IMAGE,1952-02-07,710,image,CANCELLED - SECTION 8,Dead/Cancelled,False,,False
207,NEAR_1_DELETION,1,71488134,0421966,"""IMAGE""",1945-09-07,900,image,EXPIRED,Dead/Expired,False,,False
207,NEAR_1_DELETION,1,73325920,,IMAGE,,602,image,ABANDONED-FAILURE TO RESPOND OR LATE RESPONSE,Dead/Abandoned,False,,False
207,NEAR_1_DELETION,1,81015856,1015856,IMAGE,,710,image,CANCELLED - SECTION 8,Dead/Cancelled,False,,False
207,NEAR_1_DELETION,1,81044743,1044743,IMAGE,,710,image,CANCELLED - SECTION 8,Dead/Cancelled,False,,False
208,EXACT,0,99877547,,WORKBENCH,2026-06-10,630,workbench,NEW APPLICATION - RECORD INITIALIZED NOT ASSIGNED TO EXAMINER,Live/Pending,True,"009,038,042,044",True
208,EXACT,0,99877628,,WORKBENCH,2026-06-10,630,workbench,NEW APPLICATION - RECORD INITIALIZED NOT ASSIGNED TO EXAMINER,Live/Pending,True,"009,038,042,044",True
208,EXACT,0,99873848,,WORKBENCH,2026-06-09,630,workbench,NEW APPLICATION - RECORD INITIALIZED NOT ASSIGNED TO EXAMINER,Live/Pending,True,"009,038,042,044",True
208,EXACT,0,87128407,5146749,WORKBENCH,2016-08-05,701,workbench,SECTION 8-ACCEPTED,Live/Registered,True,009,False
208,EXACT,0,87128409,5146750,WORKBENCH,2016-08-05,701,workbench,SECTION 8-ACCEPTED,Live/Registered,True,042,False
208,EXACT,0,86563923,4970113,WORKBENCH,2015-03-13,702,workbench,SECTION 8 & 15-ACCEPTED AND ACKNOWLEDGED,Live/Registered,True,028,False
208,EXACT,0,86268764,4645243,WORKBENCH,2014-05-01,800,workbench,REGISTERED AND RENEWED,Live/Registered,True,"037,040",False
208,EXACT,0,77581296,3615694,WORKBENCH,2008-09-29,800,workbench,REGISTERED AND RENEWED,Live/Registered,True,016,False
208,EXACT,0,78907083,3946885,WORKBENCH,2006-06-13,800,workbench,REGISTERED AND RENEWED,Live/Registered,True,009,False
208,EXACT,0,76978188,3130439,WORKBENCH,2004-08-16,800,workbench,REGISTERED AND RENEWED,Live/Registered,True,008,False
208,EXACT,0,76124116,2614120,WORKBENCH,2000-09-07,800,workbench,REGISTERED AND RENEWED,Live/Registered,True,009,False
208,EXACT,0,88122349,,WORKBENCH,2018-09-18,606,workbench,ABANDONED - NO STATEMENT OF USE FILED,Dead/Abandoned,False,"020,021,024",True
208,EXACT,0,88010811,5674778,WORKBENCH,2018-06-22,710,workbench,CANCELLED - SECTION 8,Dead/Cancelled,False,,False
208,EXACT,0,87607004,,WORKBENCH,2017-09-13,606,workbench,ABANDONED - NO STATEMENT OF USE FILED,Dead/Abandoned,False,032,False
208,EXACT,0,87288337,,WORKBENCH,2017-01-04,602,workbench,ABANDONED-FAILURE TO RESPOND OR LATE RESPONSE,Dead/Abandoned,False,036,False
208,EXACT,0,87152526,,WORKBENCH,2016-08-26,602,workbench,ABANDONED-FAILURE TO RESPOND OR LATE RESPONSE,Dead/Abandoned,False,"038,042",False
208,EXACT,0,87056332,,WORKBENCH,2016-06-01,606,workbench,ABANDONED - NO STATEMENT OF USE FILED,Dead/Abandoned,False,009,False
208,EXACT,0,87975072,5218685,WORKBENCH,2016-06-01,710,workbench,CANCELLED - SECTION 8,Dead/Cancelled,False,,False
208,EXACT,0,85957125,4698003,WORK-BENCH,2013-06-11,710,workbench,CANCELLED - SECTION 8,Dead/Cancelled,False,,False
208,EXACT,0,77607284,3920275,WORKBENCH,2008-11-04,710,workbench,CANCELLED - SECTION 8,Dead/Cancelled,False,,False
208,EXACT,0,77418187,3512263,WORKBENCH,2008-03-10,710,workbench,CANCELLED - SECTION 8,Dead/Cancelled,False,,False
208,EXACT,0,78585638,3138232,WORKBENCH,2005-03-11,710,workbench,CANCELLED - SECTION 8,Dead/Cancelled,False,,False
208,EXACT,0,76607841,,WORKBENCH,2004-08-16,606,workbench,ABANDONED - NO STATEMENT OF USE FILED,Dead/Abandoned,False,009,False
208,EXACT,0,78185769,,WORKBENCH,2002-11-15,602,workbench,ABANDONED-FAILURE TO RESPOND OR LATE RESPONSE,Dead/Abandoned,False,028,False
208,EXACT,0,78004500,,WORKBENCH,2000-04-17,602,workbench,ABANDONED-FAILURE TO RESPOND OR LATE RESPONSE,Dead/Abandoned,False,028,False
208,EXACT,0,75442131,,WORKBENCH,1998-02-27,602,workbench,ABANDONED-FAILURE TO RESPOND OR LATE RESPONSE,Dead/Abandoned,False,009,False
208,EXACT,0,74054867,,WORKBENCH,1990-05-02,602,workbench,ABANDONED-FAILURE TO RESPOND OR LATE RESPONSE,Dead/Abandoned,False,,False
208,EXACT,0,74031353,1761068,WORKBENCH,1990-02-22,710,workbench,CANCELLED - SECTION 8,Dead/Cancelled,False,,False
208,EXACT,0,73699540,1526931,WORKBENCH,1987-12-07,710,workbench,CANCELLED - SECTION 8,Dead/Cancelled,False,,False
208,EXACT,0,73572112,,WORKBENCH,1985-10-21,602,workbench,ABANDONED-FAILURE TO RESPOND OR LATE RESPONSE,Dead/Abandoned,False,,False
208,EXACT,0,73353257,1232752,WORKBENCH,1982-03-08,710,workbench,CANCELLED - SECTION 8,Dead/Cancelled,False,,False
208,EXACT,0,73333651,1245379,WORKBENCH,1981-10-22,710,workbench,CANCELLED - SECTION 8,Dead/Cancelled,False,,False
208,EXACT,0,73257264,1165462,WORKBENCH,1980-04-08,710,workbench,CANCELLED - SECTION 8,Dead/Cancelled,False,,False
208,EXACT,0,73244160,1188613,WORKBENCH,1979-12-26,710,workbench,CANCELLED - SECTION 8,Dead/Cancelled,False,,False
208,EXACT,0,73111553,1076963,WORKBENCH,1977-03-02,900,workbench,EXPIRED,Dead/Expired,False,,False
208,EXACT,0,72019162,0648306,WORKBENCH,1956-11-13,900,workbench,EXPIRED,Dead/Expired,False,,False
208,NEAR_1_DELETION,1,88859903,,WORK BNCH,2020-04-04,606,workbnch,ABANDONED - NO STATEMENT OF USE FILED,Dead/Abandoned,False,009,False
208,NEAR_1_DELETION,1,86829255,,WRKBENCH,2015-11-23,606,wrkbench,ABANDONED - NO STATEMENT OF USE FILED,Dead/Abandoned,False,009,False
208,NEAR_1_DELETION,1,86829257,,WRKBENCH,2015-11-23,606,wrkbench,ABANDONED - NO STATEMENT OF USE FILED,Dead/Abandoned,False,042,False
208,NEAR_1_INSERTION,1,76177331,,EWORKBENCH,2000-12-07,602,eworkbench,ABANDONED-FAILURE TO RESPOND OR LATE RESPONSE,Dead/Abandoned,False,009,False
208,NEAR_1_SUBSTITUTION,1,73725375,1512559,WORDBENCH,1988-04-29,710,wordbench,CANCELLED - SECTION 8,Dead/Cancelled,False,,False
213,EXACT,0,88755956,7151187,LOAD MANAGEMENT,2020-01-12,700,loadmanagement,REGISTERED,Live/Registered,True,035,True
219,EXACT,0,99781278,,CUE,2026-04-22,630,cue,NEW APPLICATION - RECORD INITIALIZED NOT ASSIGNED TO EXAMINER,Live/Pending,True,005,True
219,EXACT,0,99630640,,CUE,2026-02-03,661,cue,RESPONSE AFTER NON-FINAL ACTION - ENTERED,Live/Pending,True,021,True
219,EXACT,0,99500923,,CUE,2025-11-17,653,cue,SUSPENSION LETTER - MAILED,Live/Pending,True,011,False
219,EXACT,0,99112851,,CUE,2025-03-31,730,cue,FIRST EXTENSION - GRANTED,Live/Pending,True,020,False
219,EXACT,0,98860349,8268979,CUE,2024-11-19,700,cue,REGISTERED,Live/Registered,True,025,False
219,EXACT,0,79391777,7674308,CUE,2024-01-11,700,cue,REGISTERED,Live/Registered,True,042,False
219,EXACT,0,98307711,,CUE,2023-12-11,732,cue,THIRD EXTENSION - GRANTED,Live/Pending,True,032,False
219,EXACT,0,98188405,,CUE,2023-09-20,630,cue,NEW APPLICATION - RECORD INITIALIZED NOT ASSIGNED TO EXAMINER,Live/Pending,True,026,False
219,EXACT,0,98188412,,CUE,2023-09-20,630,cue,NEW APPLICATION - RECORD INITIALIZED NOT ASSIGNED TO EXAMINER,Live/Pending,True,026,False
219,EXACT,0,97843085,7603795,CUE,2023-03-16,700,cue,REGISTERED,Live/Registered,True,"016,035,041",True
219,EXACT,0,79343434,7357621,CUE,2022-06-01,700,cue,REGISTERED,Live/Registered,True,035,True
219,EXACT,0,97285502,7017354,CUE+,2022-02-25,700,cue,REGISTERED,Live/Registered,True,035,True
219,EXACT,0,97285529,7017357,CUE+,2022-02-25,700,cue,REGISTERED,Live/Registered,True,035,True
219,EXACT,0,90808113,6793844,CUE,2021-07-02,700,cue,REGISTERED,Live/Registered,True,009,False
219,EXACT,0,88983725,6660499,CUE,2019-12-21,700,cue,REGISTERED,Live/Registered,True,"004,035",True
219,EXACT,0,88406585,6583966,CUE,2019-04-29,700,cue,REGISTERED,Live/Registered,True,"009,010",True
219,EXACT,0,88385602,5951803,CUE,2019-04-15,700,cue,REGISTERED,Live/Registered,True,009,False
219,EXACT,0,87792471,5683635,CUE,2018-02-09,702,cue,SECTION 8 & 15-ACCEPTED AND ACKNOWLEDGED,Live/Registered,True,"009,021",True
219,EXACT,0,87784017,5698971,CUE,2018-02-05,702,cue,SECTION 8 & 15-ACCEPTED AND ACKNOWLEDGED,Live/Registered,True,042,False
219,EXACT,0,87784027,5698972,CUE,2018-02-05,702,cue,SECTION 8 & 15-ACCEPTED AND ACKNOWLEDGED,Live/Registered,True,042,False
219,EXACT,0,87684321,5549160,CUE,2017-11-14,702,cue,SECTION 8 & 15-ACCEPTED AND ACKNOWLEDGED,Live/Registered,True,"011,021",True
219,EXACT,0,87593869,6086069,CUE,2017-09-01,700,cue,REGISTERED,Live/Registered,True,010,True
219,EXACT,0,87344291,5618128,CUE,2017-02-21,702,cue,SECTION 8 & 15-ACCEPTED AND ACKNOWLEDGED,Live/Registered,True,011,False
219,EXACT,0,87287781,5897563,CUE,2017-01-03,701,cue,SECTION 8-ACCEPTED,Live/Registered,True,042,False
219,EXACT,0,87022705,5113596,CUE,2016-05-03,701,cue,SECTION 8-ACCEPTED,Live/Registered,True,041,False
219,EXACT,0,86744532,5200731,CUE,2015-09-01,702,cue,SECTION 8 & 15-ACCEPTED AND ACKNOWLEDGED,Live/Registered,True,009,False
219,EXACT,0,85773214,4576610,CUE,2012-11-06,800,cue,REGISTERED AND RENEWED,Live/Registered,True,009,False
219,EXACT,0,79126392,4565894,CUE,2012-08-07,707,cue,PARTIAL SECTION 71 ACCEPTED,Live/Registered,True,"018,025",False
219,EXACT,0,77790811,3923818,CUE,2009-07-28,800,cue,REGISTERED AND RENEWED,Live/Registered,True,001,False
219,EXACT,0,77770067,3754186,CUE,2009-06-29,800,cue,REGISTERED AND RENEWED,Live/Registered,True,"016,041",False
219,EXACT,0,74642729,1954832,C.U.E.,1995-03-06,800,cue,REGISTERED AND RENEWED,Live/Registered,True,040,False
219,EXACT,0,99024185,,CUE,2025-01-30,602,cue,ABANDONED-FAILURE TO RESPOND OR LATE RESPONSE,Dead/Abandoned,False,"009,010",True
219,EXACT,0,97921032,,CUE,2023-05-04,606,cue,ABANDONED - NO STATEMENT OF USE FILED,Dead/Abandoned,False,"009,010,035,044",True
219,EXACT,0,97676943,,CUE,2022-11-14,606,cue,ABANDONED - NO STATEMENT OF USE FILED,Dead/Abandoned,False,038,False
219,EXACT,0,97573697,,CUE,2022-08-31,602,cue,ABANDONED-FAILURE TO RESPOND OR LATE RESPONSE,Dead/Abandoned,False,044,True
219,EXACT,0,97085373,,CUE,2021-10-21,602,cue,ABANDONED-FAILURE TO RESPOND OR LATE RESPONSE,Dead/Abandoned,False,009,False
219,EXACT,0,90160186,,C.U.E.,2020-09-04,606,cue,ABANDONED - NO STATEMENT OF USE FILED,Dead/Abandoned,False,041,False
219,EXACT,0,88952620,,CUE,2020-06-08,602,cue,ABANDONED-FAILURE TO RESPOND OR LATE RESPONSE,Dead/Abandoned,False,009,False
219,EXACT,0,88736199,,CUE,2019-12-21,606,cue,ABANDONED - NO STATEMENT OF USE FILED,Dead/Abandoned,False,"003,004,005,035",True
219,EXACT,0,88338666,5862496,CUE,2019-03-13,710,cue,CANCELLED - SECTION 8,Dead/Cancelled,False,,False
219,EXACT,0,79248746,,CUE,2018-11-06,602,cue,ABANDONED-FAILURE TO RESPOND OR LATE RESPONSE,Dead/Abandoned,False,"006,007",False
219,EXACT,0,79248976,,CUE,2018-10-08,402,cue,IR CANCELLED; US APPLICATION ABANDONED,Dead/Abandoned,False,,False
219,EXACT,0,88030716,,CUE,2018-07-09,600,cue,ABANDONED - INCOMPLETE RESPONSE,Dead/Abandoned,False,004,False
219,EXACT,0,88027807,,CUE,2018-07-06,602,cue,ABANDONED-FAILURE TO RESPOND OR LATE RESPONSE,Dead/Abandoned,False,009,False
219,EXACT,0,87557498,,CUE,2017-08-05,602,cue,ABANDONED-FAILURE TO RESPOND OR LATE RESPONSE,Dead/Abandoned,False,025,False
219,EXACT,0,87538578,,CUE,2017-07-21,606,cue,ABANDONED - NO STATEMENT OF USE FILED,Dead/Abandoned,False,009,False
219,EXACT,0,87493329,5429996,CUE,2017-06-16,710,cue,CANCELLED - SECTION 8,Dead/Cancelled,False,,False
219,EXACT,0,87404125,,CUE,2017-04-09,602,cue,ABANDONED-FAILURE TO RESPOND OR LATE RESPONSE,Dead/Abandoned,False,009,False
219,EXACT,0,87387361,,CUE,2017-03-27,605,cue,ABANDONED EXPRESS AFTER PUB,Dead/Abandoned,False,,False
219,EXACT,0,87268179,5410182,CUE,2016-12-14,710,cue,CANCELLED - SECTION 8,Dead/Cancelled,False,,False
219,EXACT,0,87043221,5476120,CUE,2016-05-19,710,cue,CANCELLED - SECTION 8,Dead/Cancelled,False,,False
219,EXACT,0,86861730,,CUE,2015-12-30,602,cue,ABANDONED-FAILURE TO RESPOND OR LATE RESPONSE,Dead/Abandoned,False,009,False
219,EXACT,0,86707170,,CUE,2015-07-28,602,cue,ABANDONED-FAILURE TO RESPOND OR LATE RESPONSE,Dead/Abandoned,False,"009,035,042",True
219,EXACT,0,86682524,,CUE,2015-07-02,602,cue,ABANDONED-FAILURE TO RESPOND OR LATE RESPONSE,Dead/Abandoned,False,038,False
219,EXACT,0,86682536,,CUE,2015-07-02,602,cue,ABANDONED-FAILURE TO RESPOND OR LATE RESPONSE,Dead/Abandoned,False,041,False
219,EXACT,0,86268161,5555970,CUE,2014-04-30,710,cue,CANCELLED - SECTION 8,Dead/Cancelled,False,,False
219,EXACT,0,86268167,5551029,CUE,2014-04-30,710,cue,CANCELLED - SECTION 8,Dead/Cancelled,False,,False
219,EXACT,0,86030918,4625975,CUE,2013-08-07,710,cue,CANCELLED - SECTION 8,Dead/Cancelled,False,,False
219,EXACT,0,85562946,5027319,CUE,2012-03-07,710,cue,CANCELLED - SECTION 8,Dead/Cancelled,False,,False
219,EXACT,0,85481310,,CUE,2011-11-28,602,cue,ABANDONED-FAILURE TO RESPOND OR LATE RESPONSE,Dead/Abandoned,False,"009,042",False
219,EXACT,0,85179310,4010568,CUE,2010-11-17,710,cue,CANCELLED - SECTION 8,Dead/Cancelled,False,,False
219,EXACT,0,85019801,3971769,CUE,2010-04-21,710,cue,CANCELLED - SECTION 8,Dead/Cancelled,False,,False
219,EXACT,0,85019832,3971770,CUE,2010-04-21,710,cue,CANCELLED - SECTION 8,Dead/Cancelled,False,,False
219,EXACT,0,85019846,4003494,CUE,2010-04-21,710,cue,CANCELLED - SECTION 8,Dead/Cancelled,False,,False
219,EXACT,0,85004379,3942085,CUE,2010-04-01,710,cue,CANCELLED - SECTION 8,Dead/Cancelled,False,,False
219,EXACT,0,77613510,4192334,CUE,2008-11-13,710,cue,CANCELLED - SECTION 8,Dead/Cancelled,False,,False
219,EXACT,0,77532819,,CUE,2008-07-28,602,cue,ABANDONED-FAILURE TO RESPOND OR LATE RESPONSE,Dead/Abandoned,False,"035,038",True
219,EXACT,0,77050809,,CUE,2006-11-27,606,cue,ABANDONED - NO STATEMENT OF USE FILED,Dead/Abandoned,False,009,False
219,EXACT,0,77040413,3322445,CUE,2006-11-09,710,cue,CANCELLED - SECTION 8,Dead/Cancelled,False,,False
219,EXACT,0,77009104,,CUE,2006-09-27,602,cue,ABANDONED-FAILURE TO RESPOND OR LATE RESPONSE,Dead/Abandoned,False,009,False
219,EXACT,0,78958046,,CUE,2006-08-22,602,cue,ABANDONED-FAILURE TO RESPOND OR LATE RESPONSE,Dead/Abandoned,False,009,False
219,EXACT,0,78259425,,CUE,2003-06-06,606,cue,ABANDONED - NO STATEMENT OF USE FILED,Dead/Abandoned,False,028,False
219,EXACT,0,76495051,,CUE,2003-03-06,601,cue,ABANDONED - EXPRESS,Dead/Abandoned,False,011,False
219,EXACT,0,76437255,2940493,CUE,2002-08-02,710,cue,CANCELLED - SECTION 8,Dead/Cancelled,False,,False
219,EXACT,0,76104715,2449333,CUE,2000-06-21,710,cue,CANCELLED - SECTION 8,Dead/Cancelled,False,,False
219,EXACT,0,75812655,2468997,CUE,1999-09-30,710,cue,CANCELLED - SECTION 8,Dead/Cancelled,False,,False
219,EXACT,0,75510150,,CUE,1998-06-29,606,cue,ABANDONED - NO STATEMENT OF USE FILED,Dead/Abandoned,False,010,True
219,EXACT,0,75409521,,CUE,1997-12-22,602,cue,ABANDONED-FAILURE TO RESPOND OR LATE RESPONSE,Dead/Abandoned,False,,False
219,EXACT,0,75078812,2052469,CUE,1996-03-26,710,cue,CANCELLED - SECTION 8,Dead/Cancelled,False,,False
219,EXACT,0,74723578,,CUE,1995-08-28,602,cue,ABANDONED-FAILURE TO RESPOND OR LATE RESPONSE,Dead/Abandoned,False,,False
219,EXACT,0,74351798,1794792,CUE,1993-01-25,710,cue,CANCELLED - SECTION 8,Dead/Cancelled,False,,False
219,EXACT,0,74339117,1848571,CUE,1992-12-11,710,cue,CANCELLED - SECTION 8,Dead/Cancelled,False,,False
219,EXACT,0,73826277,1629870,CUE,1989-09-19,710,cue,CANCELLED - SECTION 8,Dead/Cancelled,False,,False
219,EXACT,0,73695542,1496161,CUE,1987-11-16,710,cue,CANCELLED - SECTION 8,Dead/Cancelled,False,,False
219,EXACT,0,73606961,1431006,CUE,1986-06-30,710,cue,CANCELLED - SECTION 8,Dead/Cancelled,False,,False
219,EXACT,0,73588387,,CUE,1986-03-17,602,cue,ABANDONED-FAILURE TO RESPOND OR LATE RESPONSE,Dead/Abandoned,False,,False
219,EXACT,0,73575410,1429054,CUE,1985-12-27,710,cue,CANCELLED - SECTION 8,Dead/Cancelled,False,,False
219,EXACT,0,73376413,,CUE,1982-07-26,602,cue,ABANDONED-FAILURE TO RESPOND OR LATE RESPONSE,Dead/Abandoned,False,,False
219,EXACT,0,73328079,,CUE,1981-09-14,602,cue,ABANDONED-FAILURE TO RESPOND OR LATE RESPONSE,Dead/Abandoned,False,,False
219,EXACT,0,73155950,1151264,CUE,1978-01-20,710,cue,CANCELLED - SECTION 8,Dead/Cancelled,False,,False
219,EXACT,0,73155962,1128001,CUE,1978-01-20,710,cue,CANCELLED - SECTION 8,Dead/Cancelled,False,,False
219,EXACT,0,73143389,1108934,CUE,1977-10-03,900,cue,EXPIRED,Dead/Expired,False,,False
219,EXACT,0,73121293,1086632,CUE,1977-04-01,900,cue,EXPIRED,Dead/Expired,False,,False
219,EXACT,0,73102236,1069330,CUE,1976-10-06,900,cue,EXPIRED,Dead/Expired,False,,False
219,EXACT,0,72356477,0920734,CUE,1970-04-10,900,cue,EXPIRED,Dead/Expired,False,,False
219,EXACT,0,71649125,0588362,CUE,1953-06-22,900,cue,EXPIRED,Dead/Expired,False,,False
219,EXACT,0,71628474,0569577,CUE,1952-04-22,900,cue,EXPIRED,Dead/Expired,False,,False
219,EXACT,0,71568096,0535259,CUE,1948-11-03,900,cue,EXPIRED,Dead/Expired,False,,False
219,EXACT,0,71529235,0500083,CUE,1947-07-23,710,cue,CANCELLED - SECTION 8,Dead/Cancelled,False,,False
219,EXACT,0,71446578,0424689,CUE,1941-08-27,900,cue,EXPIRED,Dead/Expired,False,,False
219,EXACT,0,71429448,0379740,CUE,1940-03-11,710,cue,CANCELLED - SECTION 8,Dead/Cancelled,False,,False
219,EXACT,0,80685640,0685640,CUE,,711,cue,CANCELLED - SECTION 7,Dead/Cancelled,False,,False
223,NEAR_1_SUBSTITUTION,1,87139940,5175919,FOAMCYCLE,2016-08-16,701,foamcycle,SECTION 8-ACCEPTED,Live/Registered,True,006,False
223,NEAR_1_SUBSTITUTION,1,97682427,,FARMCYCLE,2022-11-17,606,farmcycle,ABANDONED - NO STATEMENT OF USE FILED,Dead/Abandoned,False,"035,044",True
223,NEAR_1_INSERTION,1,75278816,,FORMACYCLE,1997-04-21,606,formacycle,ABANDONED - NO STATEMENT OF USE FILED,Dead/Abandoned,False,010,True
226,EXACT,0,85777027,,NETCHANGE,2012-11-12,606,netchange,ABANDONED - NO STATEMENT OF USE FILED,Dead/Abandoned,False,"009,035,036,038",True
226,NEAR_1_SUBSTITUTION,1,99206419,,SET CHANGE,2025-05-28,688,setchange,NOTICE OF ALLOWANCE - ISSUED,Live/Pending,True,"035,042",True
226,NEAR_1_SUBSTITUTION,1,97900974,,NEXCHANGE,2023-04-21,732,nexchange,THIRD EXTENSION - GRANTED,Live/Pending,True,"005,010",True
226,NEAR_1_INSERTION,1,88562100,5961632,NEXTCHANGE,2019-08-02,700,nextchange,REGISTERED,Live/Registered,True,024,False
226,NEAR_1_INSERTION,1,97866608,,NET CHANGER,2023-03-31,602,netchanger,ABANDONED-FAILURE TO RESPOND OR LATE RESPONSE,Dead/Abandoned,False,028,False
226,NEAR_1_SUBSTITUTION,1,86672417,5481377,NEXCHANGE,2015-06-24,710,nexchange,CANCELLED - SECTION 8,Dead/Cancelled,False,,False
226,NEAR_1_SUBSTITUTION,1,86672421,5423790,NEXCHANGE,2015-06-24,710,nexchange,CANCELLED - SECTION 8,Dead/Cancelled,False,,False
226,NEAR_1_INSERTION,1,85779315,,N NETCHANGE,2012-11-14,606,nnetchange,ABANDONED - NO STATEMENT OF USE FILED,Dead/Abandoned,False,"009,035,036,038",True
226,NEAR_1_SUBSTITUTION,1,77680759,3679713,NEXCHANGE,2009-02-28,710,nexchange,CANCELLED - SECTION 8,Dead/Cancelled,False,,False
226,NEAR_1_SUBSTITUTION,1,77249050,3417557,NETCHARGE,2007-08-07,710,netcharge,CANCELLED - SECTION 8,Dead/Cancelled,False,,False
226,NEAR_1_SUBSTITUTION,1,78899664,,NEXCHANGE,2006-06-02,602,nexchange,ABANDONED-FAILURE TO RESPOND OR LATE RESPONSE,Dead/Abandoned,False,009,False
226,NEAR_1_INSERTION,1,76252083,2689265,NETXCHANGE,2001-05-04,710,netxchange,CANCELLED - SECTION 8,Dead/Cancelled,False,,False
226,NEAR_1_INSERTION,1,76212385,,NET*XCHANGE,2001-02-21,602,netxchange,ABANDONED-FAILURE TO RESPOND OR LATE RESPONSE,Dead/Abandoned,False,042,False
226,NEAR_1_SUBSTITUTION,1,78022881,2729132,NEWCHANGE,2000-08-24,710,newchange,CANCELLED - SECTION 8,Dead/Cancelled,False,,False
226,NEAR_1_SUBSTITUTION,1,75858437,2636106,NEOCHANGE,1999-11-29,710,neochange,CANCELLED - SECTION 8,Dead/Cancelled,False,,False
226,NEAR_1_SUBSTITUTION,1,75846181,,NETCHANCE,1999-11-10,606,netchance,ABANDONED - NO STATEMENT OF USE FILED,Dead/Abandoned,False,"035,041",True
226,NEAR_1_SUBSTITUTION,1,75843745,2592277,NETCHARGE,1999-11-09,710,netcharge,CANCELLED - SECTION 8,Dead/Cancelled,False,,False
226,NEAR_1_SUBSTITUTION,1,75704330,2565658,NETCHARGE,1999-05-17,710,netcharge,CANCELLED - SECTION 8,Dead/Cancelled,False,,False
226,NEAR_1_SUBSTITUTION,1,75501939,2491064,NEXCHANGE,1998-06-10,710,nexchange,CANCELLED - SECTION 8,Dead/Cancelled,False,,False
226,NEAR_1_SUBSTITUTION,1,75426965,2451285,N*EXCHANGE,1998-02-02,710,nexchange,CANCELLED - SECTION 8,Dead/Cancelled,False,,False
226,NEAR_1_INSERTION,1,75105051,2126666,NETXCHANGE,1996-05-16,710,netxchange,CANCELLED - SECTION 8,Dead/Cancelled,False,,False
226,NEAR_1_INSERTION,1,75105052,,NETXCHANGE,1996-05-16,602,netxchange,ABANDONED-FAILURE TO RESPOND OR LATE RESPONSE,Dead/Abandoned,False,,False
226,NEAR_1_INSERTION,1,75105053,2151727,NETXCHANGE,1996-05-16,710,netxchange,CANCELLED - SECTION 8,Dead/Cancelled,False,,False
226,NEAR_1_SUBSTITUTION,1,73773437,1570390,NETCHARGE,1989-01-09,710,netcharge,CANCELLED - SECTION 8,Dead/Cancelled,False,,False
235,EXACT,0,98431023,7728021,SOFT LIMIT,2024-03-03,700,softlimit,REGISTERED,Live/Registered,True,009,False
235,EXACT,0,85399238,4319582,SOFT LIMIT,2011-08-16,710,softlimit,CANCELLED - SECTION 8,Dead/Cancelled,False,,False
235,EXACT,0,74444150,2055695,SOFT LIMIT,1993-10-05,710,softlimit,CANCELLED - SECTION 8,Dead/Cancelled,False,,False
240,EXACT,0,87396429,,RECOVERYTIME,2017-04-03,606,recoverytime,ABANDONED - NO STATEMENT OF USE FILED,Dead/Abandoned,False,044,True
240,NEAR_1_DELETION,1,86708397,,RECOVER TIME,2015-07-29,606,recovertime,ABANDONED - NO STATEMENT OF USE FILED,Dead/Abandoned,False,"029,032",False
240,NEAR_1_INSERTION,1,75492106,,RECOVERY TIMES,1998-03-30,602,recoverytimes,ABANDONED-FAILURE TO RESPOND OR LATE RESPONSE,Dead/Abandoned,False,016,False
242,EXACT,0,90757919,,ADAPTIVE CONTROL,2021-06-07,602,adaptivecontrol,ABANDONED-FAILURE TO RESPOND OR LATE RESPONSE,Dead/Abandoned,False,005,True
242,EXACT,0,74679326,,ADAPTIVE CONTROL,1995-05-24,602,adaptivecontrol,ABANDONED-FAILURE TO RESPOND OR LATE RESPONSE,Dead/Abandoned,False,,False
243,NEAR_1_SUBSTITUTION,1,73126024,1100986,RETURNRADIO,1977-05-10,710,returnradio,CANCELLED - SECTION 8,Dead/Cancelled,False,,False
245,NEAR_1_SUBSTITUTION,1,75289484,2230009,LOAD SHAPING,1997-05-09,710,loadshaping,CANCELLED - SECTION 8,Dead/Cancelled,False,,False
248,EXACT,0,77492158,3914705,COMPLIANCE,2008-06-05,800,compliance,REGISTERED AND RENEWED,Live/Registered,True,010,True
248,EXACT,0,77492161,3805293,COMPLIANCE,2008-06-05,800,compliance,REGISTERED AND RENEWED,Live/Registered,True,"003,016,041",True
248,EXACT,0,77002017,3322278,COMPLIANCE,2006-09-19,800,compliance,REGISTERED AND RENEWED,Live/Registered,True,"003,005,010,042",True
248,EXACT,0,87729217,,COMPLIANCE,2017-12-20,602,compliance,ABANDONED-FAILURE TO RESPOND OR LATE RESPONSE,Dead/Abandoned,False,041,False
248,EXACT,0,87729221,,COMPLIANCE,2017-12-20,602,compliance,ABANDONED-FAILURE TO RESPOND OR LATE RESPONSE,Dead/Abandoned,False,009,False
248,EXACT,0,87381330,,COMPLIANCE,2017-03-22,606,compliance,ABANDONED - NO STATEMENT OF USE FILED,Dead/Abandoned,False,025,False
248,EXACT,0,87285244,,COMPLIANCE+,2016-12-30,602,compliance,ABANDONED-FAILURE TO RESPOND OR LATE RESPONSE,Dead/Abandoned,False,009,False
248,EXACT,0,85639904,,COMPLIANCE,2012-05-31,602,compliance,ABANDONED-FAILURE TO RESPOND OR LATE RESPONSE,Dead/Abandoned,False,035,True
248,EXACT,0,76700962,,COMPLIANCE,2009-12-22,602,compliance,ABANDONED-FAILURE TO RESPOND OR LATE RESPONSE,Dead/Abandoned,False,042,False
248,EXACT,0,77817814,3809679,COMPLIANCE,2009-09-01,710,compliance,CANCELLED - SECTION 8,Dead/Cancelled,False,,False
248,EXACT,0,77769014,,COMPLIANCE,2009-06-26,602,compliance,ABANDONED-FAILURE TO RESPOND OR LATE RESPONSE,Dead/Abandoned,False,"009,036",False
248,EXACT,0,77311753,3801545,COMPLIANCE,2007-10-24,710,compliance,CANCELLED - SECTION 8,Dead/Cancelled,False,,False
248,EXACT,0,77001959,,COMPLIANCE,2006-09-19,601,compliance,ABANDONED - EXPRESS,Dead/Abandoned,False,"009,037,041,042",False
248,EXACT,0,78952750,3318253,COMPLIANCE,2006-08-15,710,compliance,CANCELLED - SECTION 8,Dead/Cancelled,False,,False
248,EXACT,0,78708348,,COMPLIANCE,2005-09-07,606,compliance,ABANDONED - NO STATEMENT OF USE FILED,Dead/Abandoned,False,035,True
248,EXACT,0,78326205,,COMPLIANCE,2003-11-11,606,compliance,ABANDONED - NO STATEMENT OF USE FILED,Dead/Abandoned,False,016,False
248,EXACT,0,76552799,2914330,COMPLIANCE+,2003-10-01,710,compliance,CANCELLED - SECTION 8,Dead/Cancelled,False,,False
248,EXACT,0,78272389,,COMPLIANCE,2003-07-09,602,compliance,ABANDONED-FAILURE TO RESPOND OR LATE RESPONSE,Dead/Abandoned,False,005,True
248,EXACT,0,76108503,,COMPLIANCE,2000-08-14,606,compliance,ABANDONED - NO STATEMENT OF USE FILED,Dead/Abandoned,False,005,True
248,EXACT,0,75658832,,COMPLIANCE,1999-03-12,602,compliance,ABANDONED-FAILURE TO RESPOND OR LATE RESPONSE,Dead/Abandoned,False,009,False
248,EXACT,0,75403455,,COMPLIANCE,1997-12-08,602,compliance,ABANDONED-FAILURE TO RESPOND OR LATE RESPONSE,Dead/Abandoned,False,,False
248,EXACT,0,75403456,2552943,COMPLIANCE,1997-12-08,710,compliance,CANCELLED - SECTION 8,Dead/Cancelled,False,,False
248,EXACT,0,75403457,2296752,COMPLIANCE,1997-12-08,710,compliance,CANCELLED - SECTION 8,Dead/Cancelled,False,,False
248,EXACT,0,75403468,2294700,COMPLIANCE,1997-12-08,710,compliance,CANCELLED - SECTION 8,Dead/Cancelled,False,,False
248,EXACT,0,75191093,,COM.PLIANCE,1996-11-01,606,compliance,ABANDONED - NO STATEMENT OF USE FILED,Dead/Abandoned,False,,False
248,EXACT,0,75191095,,COMPLIANCE,1996-11-01,606,compliance,ABANDONED - NO STATEMENT OF USE FILED,Dead/Abandoned,False,,False
248,EXACT,0,75134855,2115562,COMPLIANCE,1996-07-16,710,compliance,CANCELLED - SECTION 8,Dead/Cancelled,False,,False
248,EXACT,0,74588780,,COMPLIANCE,1994-10-21,606,compliance,ABANDONED - NO STATEMENT OF USE FILED,Dead/Abandoned,False,,False
248,EXACT,0,74576616,1919559,COMPLIANCE +,1994-09-22,710,compliance,CANCELLED - SECTION 8,Dead/Cancelled,False,,False
248,EXACT,0,74522000,,COMPLIANCE,1994-05-05,606,compliance,ABANDONED - NO STATEMENT OF USE FILED,Dead/Abandoned,False,,False
248,EXACT,0,73801440,1616175,COMPLIANCE,1989-05-22,710,compliance,CANCELLED - SECTION 8,Dead/Cancelled,False,,False
248,EXACT,0,73792980,1583233,COMPLIANCE,1989-04-13,710,compliance,CANCELLED - SECTION 8,Dead/Cancelled,False,,False
248,EXACT,0,73626771,,COMPLIANCE,1986-10-24,601,compliance,ABANDONED - EXPRESS,Dead/Abandoned,False,,False
248,EXACT,0,73552718,1389759,COMPLIANCE,1985-08-09,710,compliance,CANCELLED - SECTION 8,Dead/Cancelled,False,,False
248,EXACT,0,73220030,1142449,COMPLIANCE,1979-06-18,710,compliance,CANCELLED - SECTION 8,Dead/Cancelled,False,,False
248,EXACT,0,73202403,1147923,COMPLIANCE,1979-02-02,710,compliance,CANCELLED - SECTION 8,Dead/Cancelled,False,,False
248,EXACT,0,72249390,0827173,COMPLIANCE,1966-07-01,900,compliance,EXPIRED,Dead/Expired,False,,False
248,NEAR_1_TRANSPOSITION,1,99772190,,COMPLAINCE,2026-04-18,630,complaince,NEW APPLICATION - RECORD INITIALIZED NOT ASSIGNED TO EXAMINER,Live/Pending,True,"009,042",False
248,NEAR_1_INSERTION,1,99743802,,COMPLISANCE,2026-04-03,630,complisance,NEW APPLICATION - RECORD INITIALIZED NOT ASSIGNED TO EXAMINER,Live/Pending,True,"035,045",True
248,NEAR_1_SUBSTITUTION,1,99556462,,COMPLYANCE,2025-12-18,641,complyance,NON-FINAL ACTION - MAILED,Live/Pending,True,"009,035,042",True
248,NEAR_1_DELETION,1,99424521,,COPLIANCE,2025-10-01,688,copliance,NOTICE OF ALLOWANCE - ISSUED,Live/Pending,True,042,False
248,NEAR_1_INSERTION,1,85579030,4389741,ECOMPLIANCE,2012-03-23,800,ecompliance,REGISTERED AND RENEWED,Live/Registered,True,"009,035",True
248,NEAR_1_SUBSTITUTION,1,85276316,4176635,CORPLIANCE,2011-03-24,800,corpliance,REGISTERED AND RENEWED,Live/Registered,True,035,True
248,NEAR_1_INSERTION,1,87271523,5264375,SCOMPLIANCE,2016-12-16,710,scompliance,CANCELLED - SECTION 8,Dead/Cancelled,False,,False
248,NEAR_1_INSERTION,1,85838792,,VCOMPLIANCE,2013-02-01,602,vcompliance,ABANDONED-FAILURE TO RESPOND OR LATE RESPONSE,Dead/Abandoned,False,009,False
248,NEAR_1_INSERTION,1,77817397,3931939,VCOMPLIANCE,2009-09-01,710,vcompliance,CANCELLED - SECTION 8,Dead/Cancelled,False,,False
248,NEAR_1_SUBSTITUTION,1,77715206,,COMPLYANCE,2009-04-16,602,complyance,ABANDONED-FAILURE TO RESPOND OR LATE RESPONSE,Dead/Abandoned,False,009,False
248,NEAR_1_INSERTION,1,78941729,,ECOMPLIANCE,2006-07-31,602,ecompliance,ABANDONED-FAILURE TO RESPOND OR LATE RESPONSE,Dead/Abandoned,False,042,False
248,NEAR_1_INSERTION,1,78667629,,ECOMPLIANCE!,2005-07-11,602,ecompliance,ABANDONED-FAILURE TO RESPOND OR LATE RESPONSE,Dead/Abandoned,False,037,False
248,NEAR_1_INSERTION,1,76473408,2962651,ECOMPLIANCE,2002-12-04,710,ecompliance,CANCELLED - SECTION 8,Dead/Cancelled,False,,False
248,NEAR_1_DELETION,1,76424924,2713327,C MPLIANCE,2002-06-26,710,cmpliance,CANCELLED - SECTION 8,Dead/Cancelled,False,,False
248,NEAR_1_INSERTION,1,76106427,,ECOMPLIANCE,2000-08-10,602,ecompliance,ABANDONED-FAILURE TO RESPOND OR LATE RESPONSE,Dead/Abandoned,False,042,False
248,NEAR_1_INSERTION,1,75942645,2436969,4COMPLIANCE,2000-03-13,710,4compliance,CANCELLED - SECTION 8,Dead/Cancelled,False,,False
248,NEAR_1_INSERTION,1,75763592,,ECOMPLIANCE,1999-07-29,602,ecompliance,ABANDONED-FAILURE TO RESPOND OR LATE RESPONSE,Dead/Abandoned,False,"035,036,041",True
248,NEAR_1_INSERTION,1,75680046,,ECOMPLIANCE,1999-04-29,602,ecompliance,ABANDONED-FAILURE TO RESPOND OR LATE RESPONSE,Dead/Abandoned,False,035,True
248,NEAR_1_INSERTION,1,75296178,,E-COMPLIANCE,1997-05-22,606,ecompliance,ABANDONED - NO STATEMENT OF USE FILED,Dead/Abandoned,False,,False
248,NEAR_1_INSERTION,1,75296179,,E-COMPLIANCE,1997-05-22,606,ecompliance,ABANDONED - NO STATEMENT OF USE FILED,Dead/Abandoned,False,,False
249,NEAR_1_DELETION,1,99746981,,AMPING,2026-04-06,630,amping,NEW APPLICATION - RECORD INITIALIZED NOT ASSIGNED TO EXAMINER,Live/Pending,True,"035,042",True
249,NEAR_1_SUBSTITUTION,1,79439522,,CAMPING,2025-10-09,641,camping,NON-FINAL ACTION - MAILED,Live/Pending,True,029,False
249,NEAR_1_SUBSTITUTION,1,90084249,6288785,DAMAING,2020-07-30,700,damaing,REGISTERED,Live/Registered,True,011,False
249,NEAR_1_SUBSTITUTION,1,90040751,6270735,DAMEING,2020-07-08,700,dameing,REGISTERED,Live/Registered,True,028,False
249,NEAR_1_SUBSTITUTION,1,98520864,,RAMPING,2024-04-26,605,ramping,ABANDONED EXPRESS AFTER PUB,Dead/Abandoned,False,,False
249,NEAR_1_SUBSTITUTION,1,97175303,,CAMPING,2021-12-16,602,camping,ABANDONED-FAILURE TO RESPOND OR LATE RESPONSE,Dead/Abandoned,False,024,False
249,NEAR_1_DELETION,1,90058027,,DAPING,2020-07-17,602,daping,ABANDONED-FAILURE TO RESPOND OR LATE RESPONSE,Dead/Abandoned,False,009,False
249,NEAR_1_SUBSTITUTION,1,88449828,,SAMPING,2019-05-28,602,samping,ABANDONED-FAILURE TO RESPOND OR LATE RESPONSE,Dead/Abandoned,False,025,False
249,NEAR_1_DELETION,1,87267974,,DAPING,2016-12-14,602,daping,ABANDONED-FAILURE TO RESPOND OR LATE RESPONSE,Dead/Abandoned,False,009,False
249,NEAR_1_DELETION,1,79082726,3936839,DAMING,2010-05-12,404,daming,IR CANCELLED; US REGISTRATION CANCELLED,Dead/Cancelled,False,,False
249,NEAR_1_SUBSTITUTION,1,76498938,2894406,RAMPING,2003-03-20,710,ramping,CANCELLED - SECTION 8,Dead/Cancelled,False,,False
249,NEAR_1_SUBSTITUTION,1,78124978,2902208,RAMPING,2002-04-29,710,ramping,CANCELLED - SECTION 8,Dead/Cancelled,False,,False
249,NEAR_1_SUBSTITUTION,1,76185019,2538052,DUMPING,2000-12-22,710,dumping,CANCELLED - SECTION 8,Dead/Cancelled,False,,False
250,EXACT,0,87655517,5639304,FLEXRESERVE,2017-10-23,710,flexreserve,CANCELLED - SECTION 8,Dead/Cancelled,False,,False
250,EXACT,0,77934894,3847788,FLEX RESERVE,2010-02-12,710,flexreserve,CANCELLED - SECTION 8,Dead/Cancelled,False,,False
250,NEAR_1_DELETION,1,98723336,,FLEXESERVE,2024-08-29,653,flexeserve,SUSPENSION LETTER - MAILED,Live/Pending,True,"011,016,020,037,039,040,042,043",False
253,NEAR_1_INSERTION,1,86712937,,LIVING ORANGE,2015-08-03,606,livingorange,ABANDONED - NO STATEMENT OF USE FILED,Dead/Abandoned,False,041,False
256,EXACT,0,77779561,,STRESS READY,2009-07-13,606,stressready,ABANDONED - NO STATEMENT OF USE FILED,Dead/Abandoned,False,005,True
259,EXACT,0,87096823,5141487,RADIOGRAPH,2016-07-08,702,radiograph,SECTION 8 & 15-ACCEPTED AND ACKNOWLEDGED,Live/Registered,True,041,False
259,NEAR_1_SUBSTITUTION,1,71203995,0195814,RADIAGRAPH,1924-10-17,900,radiagraph,EXPIRED,Dead/Expired,False,,False
260,NEAR_1_SUBSTITUTION,1,79394233,7962999,FIREFRAME,2023-12-15,700,fireframe,REGISTERED,Live/Registered,True,"035,041,042",True
260,NEAR_1_SUBSTITUTION,1,86524833,5196039,AIRE FRAME,2015-02-04,710,aireframe,CANCELLED - SECTION 8,Dead/Cancelled,False,,False
260,NEAR_1_SUBSTITUTION,1,76212282,,WIDEFRAME,2001-02-20,602,wideframe,ABANDONED-FAILURE TO RESPOND OR LATE RESPONSE,Dead/Abandoned,False,"035,036,041,042",True
260,NEAR_1_SUBSTITUTION,1,73601991,1439153,FIREFRAME,1986-06-02,710,fireframe,CANCELLED - SECTION 8,Dead/Cancelled,False,,False
263,NEAR_1_SUBSTITUTION,1,79095941,4116764,TRADESIGNAL,2010-05-12,706,tradesignal,SECTION 71 ACCEPTED,Live/Registered,True,"009,016,042",False
263,NEAR_1_SUBSTITUTION,1,79058746,3754836,TRADESIGNAL,2008-08-27,706,tradesignal,SECTION 71 ACCEPTED,Live/Registered,True,"009,016,042",False
265,NEAR_1_SUBSTITUTION,1,90468066,6689566,MICROSCOPE,2021-01-15,700,microscope,REGISTERED,Live/Registered,True,021,True
265,NEAR_1_SUBSTITUTION,1,90027117,6264951,MICROSCOPE,2020-06-29,700,microscope,REGISTERED,Live/Registered,True,"035,036,045",True
265,NEAR_1_INSERTION,1,79132106,4519747,MIXCROSCOPY,2013-05-24,706,mixcroscopy,SECTION 71 ACCEPTED,Live/Registered,True,009,False
265,NEAR_1_DELETION,1,85926467,4566465,MICROCOPY,2013-05-08,800,microcopy,REGISTERED AND RENEWED,Live/Registered,True,"001,005,010",True
265,NEAR_1_SUBSTITUTION,1,86088050,5220613,MICROSCOPE,2013-10-10,710,microscope,CANCELLED - SECTION 8,Dead/Cancelled,False,,False
265,NEAR_1_SUBSTITUTION,1,78119237,,MICRO SCOPE,2002-04-03,606,microscope,ABANDONED - NO STATEMENT OF USE FILED,Dead/Abandoned,False,003,True
265,NEAR_1_SUBSTITUTION,1,78026652,,MICROSCOPE,2000-09-19,606,microscope,ABANDONED - NO STATEMENT OF USE FILED,Dead/Abandoned,False,003,True
265,NEAR_1_SUBSTITUTION,1,75144039,,MICROSCOPE,1996-08-02,606,microscope,ABANDONED - NO STATEMENT OF USE FILED,Dead/Abandoned,False,009,False
265,NEAR_1_SUBSTITUTION,1,74657767,,MICRO-SCOPE,1995-04-07,602,microscope,ABANDONED-FAILURE TO RESPOND OR LATE RESPONSE,Dead/Abandoned,False,,False
265,NEAR_1_SUBSTITUTION,1,74584632,,MICROSCOPE,1994-10-12,602,microscope,ABANDONED-FAILURE TO RESPOND OR LATE RESPONSE,Dead/Abandoned,False,,False
265,NEAR_1_DELETION,1,74243444,1732810,MICROCOPY,1992-02-05,710,microcopy,CANCELLED - SECTION 8,Dead/Cancelled,False,,False
265,NEAR_1_SUBSTITUTION,1,74164883,1686188,MICRO-SCOPE,1991-05-09,710,microscope,CANCELLED - SECTION 8,Dead/Cancelled,False,,False
265,NEAR_1_DELETION,1,74092942,1666503,MICRO COPY,1990-08-30,710,microcopy,CANCELLED - SECTION 8,Dead/Cancelled,False,,False
265,NEAR_1_SUBSTITUTION,1,73411348,1269840,MICRO-SCOPE,1983-01-28,710,microscope,CANCELLED - SECTION 8,Dead/Cancelled,False,,False
266,EXACT,0,86502284,5005225,TOMOGRAPHY,2015-01-13,711,tomography,CANCELLED - SECTION 7,Dead/Cancelled,False,,False
266,NEAR_1_SUBSTITUTION,1,98790268,8008038,TOPOGRAPHY,2024-10-08,700,topography,REGISTERED,Live/Registered,True,025,False
266,NEAR_1_SUBSTITUTION,1,97256280,,TOPOGRAPHY,2022-02-07,733,topography,FOURTH EXTENSION - GRANTED,Live/Pending,True,"036,043",False
266,NEAR_1_SUBSTITUTION,1,79234935,5778037,LOMOGRAPHY,2017-11-28,739,lomography,Section 71 & 15 ACCEPTED AND ACKNOWLEDGED,Live/Registered,True,"001,009,016,035,038,040,041,042",True
266,NEAR_1_SUBSTITUTION,1,86881598,5140180,TOPOGRAPHY,2016-01-20,701,topography,SECTION 8-ACCEPTED,Live/Registered,True,042,False
266,NEAR_1_SUBSTITUTION,1,86258721,4648893,TOPOGRAPHY,2014-04-22,800,topography,REGISTERED AND RENEWED,Live/Registered,True,035,True
266,NEAR_1_INSERTION,1,85900447,4760752,ITOMOGRAPHY,2013-04-10,800,itomography,REGISTERED AND RENEWED,Live/Registered,True,009,False
266,NEAR_1_SUBSTITUTION,1,76329275,2993576,LOMOGRAPHY,2001-10-24,800,lomography,REGISTERED AND RENEWED,Live/Registered,True,"009,038,041",False
266,NEAR_1_SUBSTITUTION,1,90483225,,TOPOGRAPHY,2021-01-22,602,topography,ABANDONED-FAILURE TO RESPOND OR LATE RESPONSE,Dead/Abandoned,False,"035,041",True
266,NEAR_1_SUBSTITUTION,1,90163006,,TOPOGRAPHY,2020-09-07,602,topography,ABANDONED-FAILURE TO RESPOND OR LATE RESPONSE,Dead/Abandoned,False,029,False
266,NEAR_1_SUBSTITUTION,1,90163008,,TOPOGRAPHY,2020-09-07,602,topography,ABANDONED-FAILURE TO RESPOND OR LATE RESPONSE,Dead/Abandoned,False,030,False
266,NEAR_1_SUBSTITUTION,1,87883855,,TOPOGRAPHY,2018-04-19,606,topography,ABANDONED - NO STATEMENT OF USE FILED,Dead/Abandoned,False,009,False
266,NEAR_1_SUBSTITUTION,1,86882974,,TOPOGRAPHY,2016-01-21,602,topography,ABANDONED-FAILURE TO RESPOND OR LATE RESPONSE,Dead/Abandoned,False,044,True
266,NEAR_1_SUBSTITUTION,1,86744615,,TOLOGRAPHY,2015-09-01,606,tolography,ABANDONED - NO STATEMENT OF USE FILED,Dead/Abandoned,False,009,False
266,NEAR_1_SUBSTITUTION,1,86296534,,TOPOGRAPHY,2014-05-30,602,topography,ABANDONED-FAILURE TO RESPOND OR LATE RESPONSE,Dead/Abandoned,False,027,False
266,NEAR_1_SUBSTITUTION,1,79044479,3468285,LOMOGRAPHY,2007-07-30,404,lomography,IR CANCELLED; US REGISTRATION CANCELLED,Dead/Cancelled,False,,False
266,NEAR_1_SUBSTITUTION,1,76657000,3294510,TOP.OG.RAPHY,2006-03-21,710,topography,CANCELLED - SECTION 8,Dead/Cancelled,False,,False
266,NEAR_1_SUBSTITUTION,1,78469977,,TEMOGRAPHY,2004-08-19,606,temography,ABANDONED - NO STATEMENT OF USE FILED,Dead/Abandoned,False,009,False
266,NEAR_1_SUBSTITUTION,1,76291003,2985721,LOMOGRAPHY,2001-07-27,710,lomography,CANCELLED - SECTION 8,Dead/Cancelled,False,,False
266,NEAR_1_SUBSTITUTION,1,75486851,,LOMOGRAPHY,1998-05-19,602,lomography,ABANDONED-FAILURE TO RESPOND OR LATE RESPONSE,Dead/Abandoned,False,"009,016",False
266,NEAR_1_SUBSTITUTION,1,73652454,1488555,TOPOGRAPHY,1987-03-31,710,topography,CANCELLED - SECTION 8,Dead/Cancelled,False,,False
266,NEAR_1_SUBSTITUTION,1,73625197,1440038,TOPOGRAPHY,1986-10-14,710,topography,CANCELLED - SECTION 8,Dead/Cancelled,False,,False
266,NEAR_1_SUBSTITUTION,1,73613652,1439256,TOPOGRAPHY,1986-08-07,710,topography,CANCELLED - SECTION 8,Dead/Cancelled,False,,False
267,NEAR_1_DELETION,1,88348025,6045239,SEE THROUGH,2019-03-20,700,seethrough,REGISTERED,Live/Registered,True,038,False
267,NEAR_1_DELETION,1,79389346,,SEETHROUGH,2024-01-16,602,seethrough,ABANDONED-FAILURE TO RESPOND OR LATE RESPONSE,Dead/Abandoned,False,"009,010,042",True
267,NEAR_1_DELETION,1,98171493,,SEE-THROUGH,2023-09-08,602,seethrough,ABANDONED-FAILURE TO RESPOND OR LATE RESPONSE,Dead/Abandoned,False,010,True
267,NEAR_1_DELETION,1,79341585,,SEE THROUGH,2022-03-18,602,seethrough,ABANDONED-FAILURE TO RESPOND OR LATE RESPONSE,Dead/Abandoned,False,"009,016,035,041,042",True
267,NEAR_1_DELETION,1,87325111,,SEE_THROUGH,2017-02-06,602,seethrough,ABANDONED-FAILURE TO RESPOND OR LATE RESPONSE,Dead/Abandoned,False,009,False
267,NEAR_1_DELETION,1,87021380,,SEETHROUGH,2016-05-02,606,seethrough,ABANDONED - NO STATEMENT OF USE FILED,Dead/Abandoned,False,"007,009",False
267,NEAR_1_DELETION,1,85583377,,SEETHROUGH,2012-03-29,606,seethrough,ABANDONED - NO STATEMENT OF USE FILED,Dead/Abandoned,False,"007,009",False
267,NEAR_1_DELETION,1,77705457,,SEETHROUGH,2009-04-02,602,seethrough,ABANDONED-FAILURE TO RESPOND OR LATE RESPONSE,Dead/Abandoned,False,003,True
267,NEAR_1_DELETION,1,77491297,,SEETHROUGH,2008-06-04,606,seethrough,ABANDONED - NO STATEMENT OF USE FILED,Dead/Abandoned,False,"007,009",False
267,NEAR_1_DELETION,1,76266879,2708544,SEE THROUGH,2001-06-05,710,seethrough,CANCELLED - SECTION 8,Dead/Cancelled,False,,False
267,NEAR_1_DELETION,1,74094043,,SEE-THROUGH,1990-09-04,606,seethrough,ABANDONED - NO STATEMENT OF USE FILED,Dead/Abandoned,False,,False
268,EXACT,0,78830855,,CUECARD,2006-03-07,606,cuecard,ABANDONED - NO STATEMENT OF USE FILED,Dead/Abandoned,False,009,False
268,EXACT,0,78826562,3486366,CUECARD,2006-03-01,710,cuecard,CANCELLED - SECTION 8,Dead/Cancelled,False,,False
268,EXACT,0,78158781,,"""CUECARD""",2002-08-28,602,cuecard,ABANDONED-FAILURE TO RESPOND OR LATE RESPONSE,Dead/Abandoned,False,035,True
268,EXACT,0,75341990,,C.U E.CARD,1997-08-15,601,cuecard,ABANDONED - EXPRESS,Dead/Abandoned,False,,False
268,EXACT,0,75186365,,C.U E.CARD,1996-10-23,606,cuecard,ABANDONED - NO STATEMENT OF USE FILED,Dead/Abandoned,False,009,False
268,NEAR_1_INSERTION,1,98256673,7402163,C.U.E. CARDZ,2023-11-06,700,cuecardz,REGISTERED,Live/Registered,True,016,False
268,NEAR_1_SUBSTITUTION,1,97575646,7086944,CUE CARE,2022-09-01,700,cuecare,REGISTERED,Live/Registered,True,009,False
268,NEAR_1_INSERTION,1,97152609,6946881,CUECARDS,2021-12-02,700,cuecards,REGISTERED,Live/Registered,True,045,False
268,NEAR_1_SUBSTITUTION,1,87359533,5382349,CUE CART,2017-03-06,702,cuecart,SECTION 8 & 15-ACCEPTED AND ACKNOWLEDGED,Live/Registered,True,011,False
268,NEAR_1_DELETION,1,74407310,1852599,CUCARD,1993-06-29,800,cucard,REGISTERED AND RENEWED,Live/Registered,True,036,False
268,NEAR_1_SUBSTITUTION,1,97921052,,CUE CARE,2023-05-04,606,cuecare,ABANDONED - NO STATEMENT OF USE FILED,Dead/Abandoned,False,"009,010,035,042,044",True
268,NEAR_1_SUBSTITUTION,1,77838591,4088368,CUT CARD,2009-09-30,710,cutcard,CANCELLED - SECTION 8,Dead/Cancelled,False,,False
268,NEAR_1_INSERTION,1,76579562,,C.U.E. CARDZ,2004-03-04,606,cuecardz,ABANDONED - NO STATEMENT OF USE FILED,Dead/Abandoned,False,016,False
268,NEAR_1_INSERTION,1,75955124,,CUBE CARD,2000-03-06,602,cubecard,ABANDONED-FAILURE TO RESPOND OR LATE RESPONSE,Dead/Abandoned,False,036,False
268,NEAR_1_INSERTION,1,75607634,2453701,CUTECARD,1998-12-17,710,cutecard,CANCELLED - SECTION 8,Dead/Cancelled,False,,False
268,NEAR_1_DELETION,1,75526303,2472662,CUCARD,1998-07-27,710,cucard,CANCELLED - SECTION 8,Dead/Cancelled,False,,False
268,NEAR_1_DELETION,1,75264915,2457548,CUCARD,1997-03-27,710,cucard,CANCELLED - SECTION 8,Dead/Cancelled,False,,False
268,NEAR_1_INSERTION,1,75039240,2015786,CUE CARDS,1996-01-02,710,cuecards,CANCELLED - SECTION 8,Dead/Cancelled,False,,False
268,NEAR_1_INSERTION,1,74434695,,CUE CARDS,1993-09-13,606,cuecards,ABANDONED - NO STATEMENT OF USE FILED,Dead/Abandoned,False,,False
268,NEAR_1_SUBSTITUTION,1,74048511,1687305,QUE-CARD,1990-04-13,710,quecard,CANCELLED - SECTION 8,Dead/Cancelled,False,,False
268,NEAR_1_SUBSTITUTION,1,73824649,1621151,VUE-CARD,1989-09-11,710,vuecard,CANCELLED - SECTION 8,Dead/Cancelled,False,,False
268,NEAR_1_DELETION,1,73425149,,CUCARD,1983-05-09,602,cucard,ABANDONED-FAILURE TO RESPOND OR LATE RESPONSE,Dead/Abandoned,False,,False
268,NEAR_1_SUBSTITUTION,1,72264501,0853642,CUE-CART,1967-02-13,900,cuecart,EXPIRED,Dead/Expired,False,,False
268,NEAR_1_INSERTION,1,72184442,0782463,CUBE CARD,1964-01-13,900,cubecard,EXPIRED,Dead/Expired,False,,False
269,EXACT,0,78039986,2858712,WORKSET,2000-12-20,710,workset,CANCELLED - SECTION 8,Dead/Cancelled,False,,False
269,EXACT,0,75328361,,WORKSET,1997-07-22,602,workset,ABANDONED-FAILURE TO RESPOND OR LATE RESPONSE,Dead/Abandoned,False,009,False
269,NEAR_1_SUBSTITUTION,1,99768828,,WORKJET,2026-04-16,630,workjet,NEW APPLICATION - RECORD INITIALIZED NOT ASSIGNED TO EXAMINER,Live/Pending,True,042,False
269,NEAR_1_DELETION,1,98278835,7536311,WORKSE,2023-11-20,700,workse,REGISTERED,Live/Registered,True,028,False
269,NEAR_1_SUBSTITUTION,1,97463068,,WORDSET,2022-06-17,733,wordset,FOURTH EXTENSION - GRANTED,Live/Pending,True,028,False
269,NEAR_1_SUBSTITUTION,1,75170256,2113864,WORKNET,1996-09-23,800,worknet,REGISTERED AND RENEWED,Live/Registered,True,036,False
269,NEAR_1_SUBSTITUTION,1,86930897,5131783,WORKJET,2016-03-07,710,workjet,CANCELLED - SECTION 8,Dead/Cancelled,False,,False
269,NEAR_1_SUBSTITUTION,1,86501257,4924066,WORDSET,2015-01-12,710,wordset,CANCELLED - SECTION 8,Dead/Cancelled,False,,False
269,NEAR_1_SUBSTITUTION,1,76676085,3478547,WORKNET,2007-04-27,710,worknet,CANCELLED - SECTION 8,Dead/Cancelled,False,,False
269,NEAR_1_SUBSTITUTION,1,77067121,,WORKLET,2006-12-19,606,worklet,ABANDONED - NO STATEMENT OF USE FILED,Dead/Abandoned,False,016,False
269,NEAR_1_SUBSTITUTION,1,76137579,,WORKNET,2000-09-28,602,worknet,ABANDONED-FAILURE TO RESPOND OR LATE RESPONSE,Dead/Abandoned,False,009,False
269,NEAR_1_SUBSTITUTION,1,76050751,,WORKLET,2000-05-17,602,worklet,ABANDONED-FAILURE TO RESPOND OR LATE RESPONSE,Dead/Abandoned,False,009,False
269,NEAR_1_SUBSTITUTION,1,75683863,2343229,WORKNET,1999-04-16,710,worknet,CANCELLED - SECTION 8,Dead/Cancelled,False,,False
269,NEAR_1_INSERTION,1,75510569,2281204,WORKSNET,1998-06-26,710,worksnet,CANCELLED - SECTION 8,Dead/Cancelled,False,,False
269,NEAR_1_INSERTION,1,75152762,,WORKSNET,1996-08-19,606,worksnet,ABANDONED - NO STATEMENT OF USE FILED,Dead/Abandoned,False,,False
269,NEAR_1_SUBSTITUTION,1,75041433,,WORKNET,1996-01-11,606,worknet,ABANDONED - NO STATEMENT OF USE FILED,Dead/Abandoned,False,,False
269,NEAR_1_SUBSTITUTION,1,74544000,,WORKNET,1994-06-30,602,worknet,ABANDONED-FAILURE TO RESPOND OR LATE RESPONSE,Dead/Abandoned,False,,False
269,NEAR_1_SUBSTITUTION,1,74430671,,WORKNET,1993-08-31,606,worknet,ABANDONED - NO STATEMENT OF USE FILED,Dead/Abandoned,False,,False
269,NEAR_1_SUBSTITUTION,1,73745186,1568731,WORKNET,1988-08-10,710,worknet,CANCELLED - SECTION 8,Dead/Cancelled,False,,False
269,NEAR_1_INSERTION,1,73696017,1521387,WORKSEAT,1987-11-17,710,workseat,CANCELLED - SECTION 8,Dead/Cancelled,False,,False
269,NEAR_1_SUBSTITUTION,1,73514374,1394298,WORKNET,1984-12-19,713,worknet,CANCELLED - SECTION 18,Dead/Cancelled,False,,False
269,NEAR_1_SUBSTITUTION,1,73461455,1343946,WORKNET,1984-01-18,710,worknet,CANCELLED - SECTION 8,Dead/Cancelled,False,,False
269,NEAR_1_SUBSTITUTION,1,73299145,1219368,WORDSET,1981-03-02,710,wordset,CANCELLED - SECTION 8,Dead/Cancelled,False,,False
269,NEAR_1_SUBSTITUTION,1,72317067,0878667,YORK-SET,1969-01-21,900,yorkset,EXPIRED,Dead/Expired,False,,False
271,NEAR_1_SUBSTITUTION,1,90088821,,ROADPIN,2020-08-03,606,roadpin,ABANDONED - NO STATEMENT OF USE FILED,Dead/Abandoned,False,"009,039",False
271,NEAR_1_SUBSTITUTION,1,87452290,,ROADPIN,2017-05-16,606,roadpin,ABANDONED - NO STATEMENT OF USE FILED,Dead/Abandoned,False,009,False
272,NEAR_1_DELETION,1,99099690,,PACEMAKER,2025-03-24,748,pacemaker,STATEMENT OF USE - TO EXAMINER,Live/Pending,True,025,False
272,NEAR_1_DELETION,1,79319229,6966027,PACEMAKER,2021-06-14,700,pacemaker,REGISTERED,Live/Registered,True,"009,035,038,039",True
272,NEAR_1_DELETION,1,79278316,6197621,PACEMAKER,2019-12-30,700,pacemaker,REGISTERED,Live/Registered,True,036,False
272,NEAR_1_DELETION,1,87660927,5464629,PACEMAKER,2017-10-26,702,pacemaker,SECTION 8 & 15-ACCEPTED AND ACKNOWLEDGED,Live/Registered,True,028,False
272,NEAR_1_DELETION,1,77623957,3981920,PACEMAKER,2008-12-01,800,pacemaker,REGISTERED AND RENEWED,Live/Registered,True,007,False
272,NEAR_1_DELETION,1,79034725,3485101,PACEMAKER,2006-11-09,706,pacemaker,SECTION 71 ACCEPTED,Live/Registered,True,009,False
272,NEAR_1_DELETION,1,75329339,2176895,PACEMAKER,1997-07-23,800,pacemaker,REGISTERED AND RENEWED,Live/Registered,True,004,False
272,NEAR_1_DELETION,1,73130917,1104315,PACEMAKER,1977-06-20,800,pacemaker,REGISTERED AND RENEWED,Live/Registered,True,016,False
272,NEAR_1_DELETION,1,72348088,0913431,PACEMAKER,1970-01-09,800,pacemaker,REGISTERED AND RENEWED,Live/Registered,True,011,False
272,NEAR_1_DELETION,1,72248885,0833990,PACEMAKER,1966-06-24,800,pacemaker,REGISTERED AND RENEWED,Live/Registered,True,007,False
272,NEAR_1_DELETION,1,79303967,,PACEMAKER,2020-12-11,602,pacemaker,ABANDONED-FAILURE TO RESPOND OR LATE RESPONSE,Dead/Abandoned,False,025,False
272,NEAR_1_DELETION,1,79261117,,PACEMAKER,2019-05-17,602,pacemaker,ABANDONED-FAILURE TO RESPOND OR LATE RESPONSE,Dead/Abandoned,False,029,False
272,NEAR_1_DELETION,1,88406291,,PACEMAKER,2019-04-29,602,pacemaker,ABANDONED-FAILURE TO RESPOND OR LATE RESPONSE,Dead/Abandoned,False,011,False
272,NEAR_1_DELETION,1,87447465,5638779,PACE MAKER,2017-05-12,710,pacemaker,CANCELLED - SECTION 8,Dead/Cancelled,False,,False
272,NEAR_1_DELETION,1,86464233,,PACEMAKER,2014-11-25,606,pacemaker,ABANDONED - NO STATEMENT OF USE FILED,Dead/Abandoned,False,012,False
272,NEAR_1_INSERTION,1,85207393,,PLACEMARKER,2010-12-29,606,placemarker,ABANDONED - NO STATEMENT OF USE FILED,Dead/Abandoned,False,042,False
272,NEAR_1_DELETION,1,85160491,,PACEMAKER,2010-10-25,606,pacemaker,ABANDONED - NO STATEMENT OF USE FILED,Dead/Abandoned,False,012,False
272,NEAR_1_DELETION,1,76649635,,PACEMAKER,2005-11-02,606,pacemaker,ABANDONED - NO STATEMENT OF USE FILED,Dead/Abandoned,False,009,False
272,NEAR_1_DELETION,1,76536437,,PACEMAKER+,2003-07-30,604,pacemaker,ABANDONED - AFTER INTER-PARTES DECISION,Dead/Abandoned,False,,False
272,NEAR_1_DELETION,1,76395790,,PACEMAKER,2002-04-11,606,pacemaker,ABANDONED - NO STATEMENT OF USE FILED,Dead/Abandoned,False,041,False
272,NEAR_1_DELETION,1,78092718,2814069,PACEMAKER,2001-11-12,710,pacemaker,CANCELLED - SECTION 8,Dead/Cancelled,False,,False
272,NEAR_1_DELETION,1,76156742,2697054,PACEMAKER,2000-10-30,710,pacemaker,CANCELLED - SECTION 8,Dead/Cancelled,False,,False
272,NEAR_1_DELETION,1,76044084,,PACEMAKER,2000-05-08,606,pacemaker,ABANDONED - NO STATEMENT OF USE FILED,Dead/Abandoned,False,012,False
272,NEAR_1_DELETION,1,75652950,2462421,PACEMAKER,1999-03-03,710,pacemaker,CANCELLED - SECTION 8,Dead/Cancelled,False,,False
272,NEAR_1_SUBSTITUTION,1,75551287,,PAGEMARKER,1998-09-11,602,pagemarker,ABANDONED-FAILURE TO RESPOND OR LATE RESPONSE,Dead/Abandoned,False,021,True
272,NEAR_1_DELETION,1,75398708,,PACEMAKER,1997-12-02,606,pacemaker,ABANDONED - NO STATEMENT OF USE FILED,Dead/Abandoned,False,"009,016,042",False
272,NEAR_1_DELETION,1,75398991,,PACEMAKER,1997-12-02,601,pacemaker,ABANDONED - EXPRESS,Dead/Abandoned,False,,False
272,NEAR_1_DELETION,1,73735678,1531229,PACEMAKER,1988-06-21,710,pacemaker,CANCELLED - SECTION 8,Dead/Cancelled,False,,False
272,NEAR_1_DELETION,1,73717804,1552770,PACEMAKER,1988-03-21,710,pacemaker,CANCELLED - SECTION 8,Dead/Cancelled,False,,False
272,NEAR_1_DELETION,1,73572545,,PACEMAKER,1985-12-09,604,pacemaker,ABANDONED - AFTER INTER-PARTES DECISION,Dead/Abandoned,False,,False
272,NEAR_1_DELETION,1,73543399,1377972,PACEMAKER,1985-06-17,710,pacemaker,CANCELLED - SECTION 8,Dead/Cancelled,False,,False
272,NEAR_1_DELETION,1,73340580,1382188,PACEMAKER,1981-12-07,710,pacemaker,CANCELLED - SECTION 8,Dead/Cancelled,False,,False
272,NEAR_1_DELETION,1,73321651,1223459,PACEMAKER,1981-07-31,710,pacemaker,CANCELLED - SECTION 8,Dead/Cancelled,False,,False
272,NEAR_1_DELETION,1,73250914,1163559,PACEMAKER,1980-02-20,710,pacemaker,CANCELLED - SECTION 8,Dead/Cancelled,False,,False
272,NEAR_1_DELETION,1,73167260,1110984,PACEMAKER,1978-04-20,900,pacemaker,EXPIRED,Dead/Expired,False,,False
272,NEAR_1_DELETION,1,73116207,1106033,PACEMAKER,1977-02-17,710,pacemaker,CANCELLED - SECTION 8,Dead/Cancelled,False,,False
272,NEAR_1_DELETION,1,72440461,0985054,PACEMAKER,1972-11-02,900,pacemaker,EXPIRED,Dead/Expired,False,,False
272,NEAR_1_DELETION,1,72408015,0967011,PACEMAKER,1971-11-18,900,pacemaker,EXPIRED,Dead/Expired,False,,False
272,NEAR_1_DELETION,1,72400981,0953027,PACEMAKER,1971-08-24,900,pacemaker,EXPIRED,Dead/Expired,False,,False
272,NEAR_1_DELETION,1,72370911,0920638,PACEMAKER,1970-09-17,900,pacemaker,EXPIRED,Dead/Expired,False,,False
272,NEAR_1_DELETION,1,72353681,0932869,PACEMAKER,1970-03-10,900,pacemaker,EXPIRED,Dead/Expired,False,,False
272,NEAR_1_DELETION,1,72322049,0898175,PACEMAKER,1969-03-18,900,pacemaker,EXPIRED,Dead/Expired,False,,False
272,NEAR_1_DELETION,1,72302811,0893539,PACEMAKER,1968-07-16,900,pacemaker,EXPIRED,Dead/Expired,False,,False
272,NEAR_1_DELETION,1,72298207,0866261,PACEMAKER,1968-05-15,900,pacemaker,EXPIRED,Dead/Expired,False,,False
272,NEAR_1_DELETION,1,72273441,0859473,PACEMAKER,1967-06-09,900,pacemaker,EXPIRED,Dead/Expired,False,,False
272,NEAR_1_DELETION,1,72234205,0837065,PACEMAKER,1965-12-08,900,pacemaker,EXPIRED,Dead/Expired,False,,False
272,NEAR_1_DELETION,1,72228791,0839478,PACEMAKER,1965-09-27,900,pacemaker,EXPIRED,Dead/Expired,False,,False
272,NEAR_1_DELETION,1,72195865,0814508,PACEMAKER,1964-06-17,900,pacemaker,EXPIRED,Dead/Expired,False,,False
272,NEAR_1_DELETION,1,72178521,0771382,PACE MAKER,1963-10-08,900,pacemaker,EXPIRED,Dead/Expired,False,,False
272,NEAR_1_DELETION,1,72171221,0770297,PACEMAKER,1963-06-18,900,pacemaker,EXPIRED,Dead/Expired,False,,False
272,NEAR_1_DELETION,1,72169101,0765286,PACE MAKER,1963-05-17,900,pacemaker,EXPIRED,Dead/Expired,False,,False
272,NEAR_1_DELETION,1,72164833,0766802,PACEMAKER,1963-03-18,900,pacemaker,EXPIRED,Dead/Expired,False,,False
272,NEAR_1_DELETION,1,72160521,0765836,PACEMAKER,1963-01-10,900,pacemaker,EXPIRED,Dead/Expired,False,,False
272,NEAR_1_DELETION,1,72157199,0761890,PACEMAKER,1962-11-14,710,pacemaker,CANCELLED - SECTION 8,Dead/Cancelled,False,,False
272,NEAR_1_DELETION,1,72126038,0736740,PACEMAKER,1961-08-15,710,pacemaker,CANCELLED - SECTION 8,Dead/Cancelled,False,,False
272,NEAR_1_DELETION,1,72090348,0705077,PACEMAKER,1960-02-04,710,pacemaker,CANCELLED - SECTION 8,Dead/Cancelled,False,,False
272,NEAR_1_DELETION,1,72064612,0685667,PACEMAKER,1958-12-19,900,pacemaker,EXPIRED,Dead/Expired,False,,False
272,NEAR_1_DELETION,1,72058025,0685394,PACEMAKER,1958-08-28,710,pacemaker,CANCELLED - SECTION 8,Dead/Cancelled,False,,False
272,NEAR_1_DELETION,1,72044365,0672260,PACEMAKER,1958-01-21,900,pacemaker,EXPIRED,Dead/Expired,False,,False
272,NEAR_1_DELETION,1,72025868,0704203,PACEMAKER,1957-03-11,900,pacemaker,EXPIRED,Dead/Expired,False,,False
272,NEAR_1_DELETION,1,71700360,0643876,"""PACEMAKER""",1955-12-21,900,pacemaker,EXPIRED,Dead/Expired,False,,False
272,NEAR_1_DELETION,1,71659792,0607248,"""PACEMAKER""",1954-01-20,900,pacemaker,EXPIRED,Dead/Expired,False,,False
272,NEAR_1_DELETION,1,71601058,0546722,PACEMAKER,1950-07-21,900,pacemaker,EXPIRED,Dead/Expired,False,,False
272,NEAR_1_DELETION,1,71580668,0533693,PACEMAKER,1949-06-17,900,pacemaker,EXPIRED,Dead/Expired,False,,False
272,NEAR_1_DELETION,1,71571778,0555826,PACEMAKER,1949-01-07,900,pacemaker,EXPIRED,Dead/Expired,False,,False
272,NEAR_1_DELETION,1,71522159,0439107,PACEMAKER,1947-05-09,900,pacemaker,EXPIRED,Dead/Expired,False,,False
272,NEAR_1_DELETION,1,71493489,0423327,PACEMAKER,1945-12-18,900,pacemaker,EXPIRED,Dead/Expired,False,,False
272,NEAR_1_DELETION,1,71491690,0421847,PACEMAKER,1945-11-15,900,pacemaker,EXPIRED,Dead/Expired,False,,False
272,NEAR_1_DELETION,1,71489706,0430114,PACE MAKER,1945-10-10,900,pacemaker,EXPIRED,Dead/Expired,False,,False
272,NEAR_1_DELETION,1,71479316,0415225,PACEMAKER,1945-02-01,900,pacemaker,EXPIRED,Dead/Expired,False,,False
272,NEAR_1_DELETION,1,71474802,0412441,PACEMAKER,1944-10-02,900,pacemaker,EXPIRED,Dead/Expired,False,,False
272,NEAR_1_DELETION,1,71450889,0401959,PACEMAKER,1942-02-10,900,pacemaker,EXPIRED,Dead/Expired,False,,False
272,NEAR_1_DELETION,1,71234096,0232260,PACEMAKER,1926-07-03,900,pacemaker,EXPIRED,Dead/Expired,False,,False
272,NEAR_1_DELETION,1,71183295,0195296,PACEMAKER,1923-07-16,900,pacemaker,EXPIRED,Dead/Expired,False,,False
272,NEAR_1_DELETION,1,71141809,0163973,PACE MAKER,1921-01-03,900,pacemaker,EXPIRED,Dead/Expired,False,,False
272,NEAR_1_DELETION,1,71102851,0117521,PACEMAKER,1917-04-10,900,pacemaker,EXPIRED,Dead/Expired,False,,False
272,NEAR_1_DELETION,1,71097597,0114710,PACE MAKER,1916-08-24,900,pacemaker,EXPIRED,Dead/Expired,False,,False
272,NEAR_1_DELETION,1,80985884,0985884,PACEMAKER,,710,pacemaker,CANCELLED - SECTION 8,Dead/Cancelled,False,,False
272,NEAR_1_DELETION,1,81012999,1012999,PACEMAKER,,710,pacemaker,CANCELLED - SECTION 8,Dead/Cancelled,False,,False
272,NEAR_1_DELETION,1,81016789,1016789,PACEMAKER,,710,pacemaker,CANCELLED - SECTION 8,Dead/Cancelled,False,,False
273,EXACT,0,98720437,,REHEARSAL ROOM,2024-08-27,661,rehearsalroom,RESPONSE AFTER NON-FINAL ACTION - ENTERED,Live/Pending,True,041,False
274,NEAR_1_SUBSTITUTION,1,97316655,7674639,TRAINING LACE,2022-03-17,700,traininglace,REGISTERED,Live/Registered,True,028,False
274,NEAR_1_SUBSTITUTION,1,88039512,,TRAINING LACE,2018-07-16,602,traininglace,ABANDONED-FAILURE TO RESPOND OR LATE RESPONSE,Dead/Abandoned,False,025,False
274,NEAR_1_SUBSTITUTION,1,87327760,5337108,TRAINING LACE,2017-02-07,710,traininglace,CANCELLED - SECTION 8,Dead/Cancelled,False,,False
277,EXACT,0,74170334,1706679,RESPONSE LOG,1991-05-28,710,responselog,CANCELLED - SECTION 8,Dead/Cancelled,False,,False
282,EXACT,0,85490095,,PROGRESSIVE RESISTANCE,2011-12-08,602,progressiveresistance,ABANDONED-FAILURE TO RESPOND OR LATE RESPONSE,Dead/Abandoned,False,028,False
292,EXACT,0,97716135,7291482,LEARN & WORK,2022-12-13,700,learnwork,REGISTERED,Live/Registered,True,041,False
292,EXACT,0,88776016,6198681,LEARN + WORK,2020-01-28,700,learnwork,REGISTERED,Live/Registered,True,"035,042",True
292,NEAR_1_INSERTION,1,85219571,4036402,LEARNWORKS,2011-01-18,800,learnworks,REGISTERED AND RENEWED,Live/Registered,True,041,False
292,NEAR_1_SUBSTITUTION,1,90411043,,LEARNWORX,2020-12-24,602,learnworx,ABANDONED-FAILURE TO RESPOND OR LATE RESPONSE,Dead/Abandoned,False,016,False
292,NEAR_1_DELETION,1,77694157,3791210,LEAN@WORK,2009-03-18,710,leanwork,CANCELLED - SECTION 8,Dead/Cancelled,False,,False
292,NEAR_1_INSERTION,1,77313272,3453259,ELEARN@WORK,2007-10-25,710,elearnwork,CANCELLED - SECTION 8,Dead/Cancelled,False,,False
292,NEAR_1_INSERTION,1,78193061,2829970,LEARNWORKS,2002-12-10,710,learnworks,CANCELLED - SECTION 8,Dead/Cancelled,False,,False
293,NEAR_1_SUBSTITUTION,1,85842256,4403096,LEARN LIFE,2013-02-06,800,learnlife,REGISTERED AND RENEWED,Live/Registered,True,041,False
293,NEAR_1_SUBSTITUTION,1,98852415,,LEARNLING,2024-11-13,605,learnling,ABANDONED EXPRESS AFTER PUB,Dead/Abandoned,False,,False
293,NEAR_1_SUBSTITUTION,1,79390298,,LEARNLINK,2023-11-07,602,learnlink,ABANDONED-FAILURE TO RESPOND OR LATE RESPONSE,Dead/Abandoned,False,"009,035,038,041,042",True
293,NEAR_1_SUBSTITUTION,1,87327513,,LEARNLIFE,2017-02-07,602,learnlife,ABANDONED-FAILURE TO RESPOND OR LATE RESPONSE,Dead/Abandoned,False,035,True
293,NEAR_1_DELETION,1,85759555,,LEANLINE,2012-10-22,606,leanline,ABANDONED - NO STATEMENT OF USE FILED,Dead/Abandoned,False,"006,009,022",False
293,NEAR_1_DELETION,1,85371409,,LEAN LINE,2011-07-14,606,leanline,ABANDONED - NO STATEMENT OF USE FILED,Dead/Abandoned,False,"006,037",False
293,NEAR_1_DELETION,1,77506007,,LEAN LINE,2008-06-23,602,leanline,ABANDONED-FAILURE TO RESPOND OR LATE RESPONSE,Dead/Abandoned,False,"005,029",True
293,NEAR_1_SUBSTITUTION,1,78959126,3369446,LEARNLIVE,2006-08-23,710,learnlive,CANCELLED - SECTION 8,Dead/Cancelled,False,,False
293,NEAR_1_SUBSTITUTION,1,78346190,,LEARNLINC,2003-12-29,602,learnlinc,ABANDONED-FAILURE TO RESPOND OR LATE RESPONSE,Dead/Abandoned,False,042,False
293,NEAR_1_DELETION,1,76391939,,LEANLINE,2002-04-05,606,leanline,ABANDONED - NO STATEMENT OF USE FILED,Dead/Abandoned,False,005,True
293,NEAR_1_DELETION,1,75812886,2532729,LEANLINE,1999-10-01,710,leanline,CANCELLED - SECTION 8,Dead/Cancelled,False,,False
293,NEAR_1_DELETION,1,75813991,,LEANLINE,1999-10-01,606,leanline,ABANDONED - NO STATEMENT OF USE FILED,Dead/Abandoned,False,041,False
293,NEAR_1_DELETION,1,75813993,,LEANLINE,1999-10-01,606,leanline,ABANDONED - NO STATEMENT OF USE FILED,Dead/Abandoned,False,035,True
293,NEAR_1_SUBSTITUTION,1,74674912,1992905,LEARNLINC,1995-05-17,710,learnlinc,CANCELLED - SECTION 8,Dead/Cancelled,False,,False
293,NEAR_1_DELETION,1,73345083,1330578,LEAN LINE,1982-01-11,900,leanline,EXPIRED,Dead/Expired,False,,False
293,NEAR_1_DELETION,1,73480000,1416137,LEAN LINE,1982-01-11,710,leanline,CANCELLED - SECTION 8,Dead/Cancelled,False,,False
293,NEAR_1_DELETION,1,73486603,,LEAN LINE,1982-01-11,602,leanline,ABANDONED-FAILURE TO RESPOND OR LATE RESPONSE,Dead/Abandoned,False,,False
293,NEAR_1_DELETION,1,72430445,0968404,LEAN-LINE,1972-07-21,900,leanline,EXPIRED,Dead/Expired,False,,False
294,NEAR_1_DELETION,1,79263906,5986967,LEANWAY,2019-04-22,706,leanway,SECTION 71 ACCEPTED,Live/Registered,True,006,False
294,NEAR_1_SUBSTITUTION,1,97018982,,LEARNDAY,2021-09-09,602,learnday,ABANDONED-FAILURE TO RESPOND OR LATE RESPONSE,Dead/Abandoned,False,041,False
294,NEAR_1_INSERTION,1,74574410,,LEARNAWAY,1994-09-16,606,learnaway,ABANDONED - NO STATEMENT OF USE FILED,Dead/Abandoned,False,,False
295,NEAR_1_SUBSTITUTION,1,99913996,,TRAIN HARD!,2026-06-30,630,trainhard,NEW APPLICATION - RECORD INITIALIZED NOT ASSIGNED TO EXAMINER,Live/Pending,True,042,False
295,NEAR_1_SUBSTITUTION,1,99520587,,TRAILWARD,2025-11-28,688,trailward,NOTICE OF ALLOWANCE - ISSUED,Live/Pending,True,"009,042",False
295,NEAR_1_SUBSTITUTION,1,86900021,5950412,TRAIN HARD!,2016-02-07,700,trainhard,REGISTERED,Live/Registered,True,009,False
295,NEAR_1_SUBSTITUTION,1,86900022,6957822,TRAIN HARD!,2016-02-07,700,trainhard,REGISTERED,Live/Registered,True,021,True
295,NEAR_1_SUBSTITUTION,1,76463927,2740296,TRAINWARE,2002-11-01,800,trainware,REGISTERED AND RENEWED,Live/Registered,True,009,False
295,NEAR_1_SUBSTITUTION,1,85346548,4087868,TRAINYARD,2011-06-15,710,trainyard,CANCELLED - SECTION 8,Dead/Cancelled,False,,False
295,NEAR_1_SUBSTITUTION,1,77417111,,TRAIN HARD,2008-03-09,602,trainhard,ABANDONED-FAILURE TO RESPOND OR LATE RESPONSE,Dead/Abandoned,False,025,False
296,NEAR_1_DELETION,1,99659420,,RAINMADE,2026-02-18,641,rainmade,NON-FINAL ACTION - MAILED,Live/Pending,True,030,False
296,NEAR_1_SUBSTITUTION,1,79450339,,GRAINMADE,2025-12-15,640,grainmade,NON-FINAL ACTION COUNTED - NOT MAILED,Live/Pending,True,030,False
296,NEAR_1_SUBSTITUTION,1,87845521,5597611,TRAINMATE,2018-03-22,710,trainmate,CANCELLED - SECTION 8,Dead/Cancelled,False,,False
296,NEAR_1_SUBSTITUTION,1,87145635,5156169,TRAINMODE,2016-08-21,710,trainmode,CANCELLED - SECTION 8,Dead/Cancelled,False,,False
296,NEAR_1_SUBSTITUTION,1,76061637,,TRAINMATE,2000-06-02,602,trainmate,ABANDONED-FAILURE TO RESPOND OR LATE RESPONSE,Dead/Abandoned,False,"009,016,042",False
297,NEAR_1_SUBSTITUTION,1,77166418,3371904,COACH CARD,2007-04-26,800,coachcard,REGISTERED AND RENEWED,Live/Registered,True,016,False
297,NEAR_1_SUBSTITUTION,1,87031592,,COACHWARE,2016-05-10,602,coachware,ABANDONED-FAILURE TO RESPOND OR LATE RESPONSE,Dead/Abandoned,False,042,False
297,NEAR_1_SUBSTITUTION,1,86856219,,COACH CARD,2015-12-21,606,coachcard,ABANDONED - NO STATEMENT OF USE FILED,Dead/Abandoned,False,028,False
297,NEAR_1_SUBSTITUTION,1,86851762,,COACH CARD,2015-12-16,602,coachcard,ABANDONED-FAILURE TO RESPOND OR LATE RESPONSE,Dead/Abandoned,False,016,False
297,NEAR_1_SUBSTITUTION,1,77684612,3685771,COACHWARE,2009-03-05,710,coachware,CANCELLED - SECTION 8,Dead/Cancelled,False,,False
297,NEAR_1_SUBSTITUTION,1,75579981,2380516,COACHWARE,1999-06-15,710,coachware,CANCELLED - SECTION 8,Dead/Cancelled,False,,False
297,NEAR_1_SUBSTITUTION,1,74495577,,COACHWARE,1994-03-01,602,coachware,ABANDONED-FAILURE TO RESPOND OR LATE RESPONSE,Dead/Abandoned,False,,False
298,NEAR_1_SUBSTITUTION,1,86231972,,COACH SARK,2014-03-25,602,coachsark,ABANDONED-FAILURE TO RESPOND OR LATE RESPONSE,Dead/Abandoned,False,"025,041",False
299,NEAR_1_SUBSTITUTION,1,79274057,6182116,COACHMATE,2019-07-31,700,coachmate,REGISTERED,Live/Registered,True,"009,035,041,042",True
299,NEAR_1_SUBSTITUTION,1,75790283,2402931,COACHMATE,1999-09-27,710,coachmate,CANCELLED - SECTION 8,Dead/Cancelled,False,,False
300,NEAR_1_SUBSTITUTION,1,98127187,8111554,COACH FARM,2023-08-10,700,coachfarm,REGISTERED,Live/Registered,True,029,False
300,NEAR_1_SUBSTITUTION,1,86357361,,COACH FARM,2014-08-05,606,coachfarm,ABANDONED - NO STATEMENT OF USE FILED,Dead/Abandoned,False,003,True
300,NEAR_1_SUBSTITUTION,1,85223303,,COACH FARM,2011-01-21,606,coachfarm,ABANDONED - NO STATEMENT OF USE FILED,Dead/Abandoned,False,003,True
300,NEAR_1_SUBSTITUTION,1,77333044,3466963,COACH FARM,2007-11-19,713,coachfarm,CANCELLED - SECTION 18,Dead/Cancelled,False,,False
300,NEAR_1_SUBSTITUTION,1,77155435,,COACH FARM,2007-04-12,604,coachfarm,ABANDONED - AFTER INTER-PARTES DECISION,Dead/Abandoned,False,,False
300,NEAR_1_SUBSTITUTION,1,77111699,,COACH FARM,2007-02-20,601,coachfarm,ABANDONED - EXPRESS,Dead/Abandoned,False,003,True
300,NEAR_1_SUBSTITUTION,1,77021986,,COACH FARM,2006-10-16,601,coachfarm,ABANDONED - EXPRESS,Dead/Abandoned,False,003,True
300,NEAR_1_SUBSTITUTION,1,77021994,3491015,COACH FARM,2006-10-16,713,coachfarm,CANCELLED - SECTION 18,Dead/Cancelled,False,,False
300,NEAR_1_SUBSTITUTION,1,73540974,1416821,COACH FARM,1985-06-03,713,coachfarm,CANCELLED - SECTION 18,Dead/Cancelled,False,,False
301,NEAR_1_SUBSTITUTION,1,88787975,6235294,NOSEWORK,2020-02-06,702,nosework,SECTION 8 & 15-ACCEPTED AND ACKNOWLEDGED,Live/Registered,True,028,False
301,NEAR_1_SUBSTITUTION,1,88733585,,BOSE WORK,2019-12-19,604,bosework,ABANDONED - AFTER INTER-PARTES DECISION,Dead/Abandoned,False,,False
301,NEAR_1_SUBSTITUTION,1,88448879,5931583,ROSEWORK,2019-05-28,710,rosework,CANCELLED - SECTION 8,Dead/Cancelled,False,,False
302,EXACT,0,85657080,4356764,DOSEMARK,2012-06-20,710,dosemark,CANCELLED - SECTION 8,Dead/Cancelled,False,,False
302,NEAR_1_SUBSTITUTION,1,87934905,5817306,ROSEMARK,2018-05-24,702,rosemark,SECTION 8 & 15-ACCEPTED AND ACKNOWLEDGED,Live/Registered,True,043,False
302,NEAR_1_SUBSTITUTION,1,87934924,5817307,ROSEMARK,2018-05-24,702,rosemark,SECTION 8 & 15-ACCEPTED AND ACKNOWLEDGED,Live/Registered,True,043,False
302,NEAR_1_SUBSTITUTION,1,87216380,5402697,ROSEMARK,2016-10-26,702,rosemark,SECTION 8 & 15-ACCEPTED AND ACKNOWLEDGED,Live/Registered,True,028,False
302,NEAR_1_DELETION,1,74314755,,DOSMARK,1992-09-17,606,dosmark,ABANDONED - NO STATEMENT OF USE FILED,Dead/Abandoned,False,,False
302,NEAR_1_DELETION,1,74314778,,DOSMARK,1992-09-16,606,dosmark,ABANDONED - NO STATEMENT OF USE FILED,Dead/Abandoned,False,,False
302,NEAR_1_SUBSTITUTION,1,74107209,,ROSE MARK,1990-10-19,606,rosemark,ABANDONED - NO STATEMENT OF USE FILED,Dead/Abandoned,False,,False
302,NEAR_1_SUBSTITUTION,1,73018881,1026697,ROSE-MARK,1974-04-15,900,rosemark,EXPIRED,Dead/Expired,False,,False
303,NEAR_1_SUBSTITUTION,1,98268835,,DOSALINE,2023-11-14,686,dosaline,PUBLISHED FOR OPPOSITION,Live/Pending,True,001,False
303,NEAR_1_DELETION,1,97762970,7299323,DOSELIE,2023-01-20,700,doselie,REGISTERED,Live/Registered,True,021,True
303,NEAR_1_SUBSTITUTION,1,90402818,6611500,ROSELINE,2020-12-22,700,roseline,REGISTERED,Live/Registered,True,033,False
303,NEAR_1_SUBSTITUTION,1,79142497,4669206,ROSE LINE,2013-11-18,706,roseline,SECTION 71 ACCEPTED,Live/Registered,True,008,False
303,NEAR_1_SUBSTITUTION,1,99041863,,ROSELINE,2025-02-14,602,roseline,ABANDONED-FAILURE TO RESPOND OR LATE RESPONSE,Dead/Abandoned,False,025,False
303,NEAR_1_SUBSTITUTION,1,97915053,,ROSE LINE,2023-05-01,601,roseline,ABANDONED - EXPRESS,Dead/Abandoned,False,034,False
303,NEAR_1_SUBSTITUTION,1,90033570,,ROSELINE,2020-07-02,602,roseline,ABANDONED-FAILURE TO RESPOND OR LATE RESPONSE,Dead/Abandoned,False,025,False
303,NEAR_1_SUBSTITUTION,1,85229684,4055392,DODELINE,2011-01-30,710,dodeline,CANCELLED - SECTION 8,Dead/Cancelled,False,,False
303,NEAR_1_SUBSTITUTION,1,77281509,,DOSH LINE,2007-09-17,602,doshline,ABANDONED-FAILURE TO RESPOND OR LATE RESPONSE,Dead/Abandoned,False,025,False
303,NEAR_1_SUBSTITUTION,1,76629252,3037458,ROSELINE,2005-01-25,710,roseline,CANCELLED - SECTION 8,Dead/Cancelled,False,,False
303,NEAR_1_SUBSTITUTION,1,75813768,2447551,DOVELINE,1999-10-30,710,doveline,CANCELLED - SECTION 8,Dead/Cancelled,False,,False
304,EXACT,0,98518797,8070521,DOSEFORM,2024-04-25,700,doseform,REGISTERED,Live/Registered,True,042,False
304,NEAR_1_DELETION,1,90619295,,DOSE FOR,2021-04-01,748,dosefor,STATEMENT OF USE - TO EXAMINER,Live/Pending,True,005,True
304,NEAR_1_SUBSTITUTION,1,73056400,1056079,DOMEFORM,1975-06-27,900,domeform,EXPIRED,Dead/Expired,False,,False
304,NEAR_1_SUBSTITUTION,1,72138847,0738945,DOMEFORM,1962-03-01,710,domeform,CANCELLED - SECTION 8,Dead/Cancelled,False,,False
305,NEAR_1_SUBSTITUTION,1,97418595,7508534,ROSECRAFT,2022-05-19,700,rosecraft,REGISTERED,Live/Registered,True,008,False
305,NEAR_1_SUBSTITUTION,1,90491271,6581910,ROSECRAFT,2021-01-27,700,rosecraft,REGISTERED,Live/Registered,True,028,False
305,NEAR_1_SUBSTITUTION,1,88528544,5977122,DESECRAFT,2019-07-22,701,desecraft,SECTION 8-ACCEPTED,Live/Registered,True,016,False
305,NEAR_1_SUBSTITUTION,1,73171238,1112692,ROSECRAFT,1978-05-22,900,rosecraft,EXPIRED,Dead/Expired,False,,False
306,NEAR_1_SUBSTITUTION,1,77563716,3670741,D & A'S ESTATE,2008-09-05,710,dasestate,CANCELLED - SECTION 8,Dead/Cancelled,False,,False
307,NEAR_1_SUBSTITUTION,1,90254442,6409604,ROSEWAY,2020-10-14,700,roseway,REGISTERED,Live/Registered,True,024,False
307,NEAR_1_SUBSTITUTION,1,99050738,,ROSEWAY,2025-02-21,606,roseway,ABANDONED - NO STATEMENT OF USE FILED,Dead/Abandoned,False,032,False
307,NEAR_1_SUBSTITUTION,1,90443186,,DOSSWAY,2020-12-31,610,dossway,TERMINATED AFTER SANCTIONS,Dead,False,,False
307,NEAR_1_SUBSTITUTION,1,85875567,4418532,DOREWAY,2013-03-13,710,doreway,CANCELLED - SECTION 8,Dead/Cancelled,False,,False
307,NEAR_1_SUBSTITUTION,1,74592435,,ROSE WAY,1994-10-31,603,roseway,ABANDONED - AFTER EX PARTE APPEAL,Dead/Abandoned,False,,False
307,NEAR_1_SUBSTITUTION,1,99494181,,BOSEWAY,,622,boseway,MISASSIGNED SERIAL NUMBER,Indifferent,False,021,True
308,NEAR_1_DELETION,1,98779811,,CU@WORK,2024-10-01,606,cuwork,ABANDONED - NO STATEMENT OF USE FILED,Dead/Abandoned,False,036,False
308,NEAR_1_DELETION,1,85237483,4019458,CU@WORK,2011-02-09,710,cuwork,CANCELLED - SECTION 8,Dead/Cancelled,False,,False
308,NEAR_1_SUBSTITUTION,1,77534230,3667670,C ME WORK,2008-07-29,710,cmework,CANCELLED - SECTION 8,Dead/Cancelled,False,,False
308,NEAR_1_DELETION,1,78952610,,CU@WORK,2006-08-15,601,cuwork,ABANDONED - EXPRESS,Dead/Abandoned,False,036,False
308,NEAR_1_DELETION,1,78931185,,CU@WORK,2006-07-17,602,cuwork,ABANDONED-FAILURE TO RESPOND OR LATE RESPONSE,Dead/Abandoned,False,"009,035",True
308,NEAR_1_SUBSTITUTION,1,78803779,,CUTWORK,2006-01-31,602,cutwork,ABANDONED-FAILURE TO RESPOND OR LATE RESPONSE,Dead/Abandoned,False,"014,018,025",False
309,NEAR_1_INSERTION,1,99254054,8300537,CUREWISE,2025-06-26,700,curewise,REGISTERED,Live/Registered,True,"009,041,042,044",True
309,NEAR_1_INSERTION,1,98888373,,CUBEWISE,2024-12-06,819,cubewise,SU - REGISTRATION REVIEW COMPLETE,Live/Pending,True,020,False
309,NEAR_1_INSERTION,1,79392187,7789504,CUBEWISE,2024-02-20,700,cubewise,REGISTERED,Live/Registered,True,"009,042,045",False
309,NEAR_1_SUBSTITUTION,1,98358558,7701516,CHEWISE,2024-01-16,700,chewise,REGISTERED,Live/Registered,True,021,True
309,NEAR_1_SUBSTITUTION,1,98132224,,CREWISE,2023-08-14,606,crewise,ABANDONED - NO STATEMENT OF USE FILED,Dead/Abandoned,False,"035,039,041",True
309,NEAR_1_INSERTION,1,75266835,2213404,CUREWISE,1997-03-31,710,curewise,CANCELLED - SECTION 8,Dead/Cancelled,False,,False
309,NEAR_1_SUBSTITUTION,1,75003560,2062673,TUEWISE,1995-10-10,710,tuewise,CANCELLED - SECTION 8,Dead/Cancelled,False,,False
310,NEAR_1_DELETION,1,99459284,,CELINE,2025-10-23,688,celine,NOTICE OF ALLOWANCE - ISSUED,Live/Pending,True,043,False
310,NEAR_1_DELETION,1,98583247,,CELINE,2024-06-04,730,celine,FIRST EXTENSION - GRANTED,Live/Pending,True,003,True
310,NEAR_1_SUBSTITUTION,1,98535488,7678949,CUTLINE,2024-05-06,700,cutline,REGISTERED,Live/Registered,True,032,False
310,NEAR_1_DELETION,1,79376687,7525737,CELINE,2023-06-21,700,celine,REGISTERED,Live/Registered,True,021,True
310,NEAR_1_DELETION,1,98035386,7618221,CELINE,2023-06-09,700,celine,REGISTERED,Live/Registered,True,026,False
310,NEAR_1_SUBSTITUTION,1,97672514,7297339,CUILINE,2022-11-10,700,cuiline,REGISTERED,Live/Registered,True,030,False
310,NEAR_1_DELETION,1,97629935,7573168,CULINE,2022-10-12,700,culine,REGISTERED,Live/Registered,True,021,True
310,NEAR_1_DELETION,1,79345291,7256670,CELINE,2022-06-14,700,celine,REGISTERED,Live/Registered,True,006,False
310,NEAR_1_DELETION,1,97393320,7050666,CELINE,2022-05-03,700,celine,REGISTERED,Live/Registered,True,019,False
310,NEAR_1_DELETION,1,90880066,6910250,CELINE,2021-08-12,700,celine,REGISTERED,Live/Registered,True,026,False
310,NEAR_1_DELETION,1,79250392,5929320,CELINE,2018-12-06,739,celine,Section 71 & 15 ACCEPTED AND ACKNOWLEDGED,Live/Registered,True,004,False
310,NEAR_1_INSERTION,1,86699715,4931784,CURELINE,2015-07-21,800,cureline,REGISTERED AND RENEWED,Live/Registered,True,"001,042,044",True
310,NEAR_1_DELETION,1,79129883,4434530,CELINE,2013-02-15,706,celine,SECTION 71 ACCEPTED,Live/Registered,True,003,True
310,NEAR_1_SUBSTITUTION,1,78876276,3413290,CUTLINE,2006-05-04,800,cutline,REGISTERED AND RENEWED,Live/Registered,True,035,True
310,NEAR_1_DELETION,1,75822974,2475129,CELINE,1999-10-14,800,celine,REGISTERED AND RENEWED,Live/Registered,True,009,False
310,NEAR_1_DELETION,1,74149425,1772927,CELINE,1991-03-19,800,celine,REGISTERED AND RENEWED,Live/Registered,True,"014,025",False
310,NEAR_1_DELETION,1,74136550,1744898,CELINE,1991-02-05,800,celine,REGISTERED AND RENEWED,Live/Registered,True,042,False
310,NEAR_1_SUBSTITUTION,1,73168670,1107826,CLE-LINE,1978-05-01,800,cleline,REGISTERED AND RENEWED,Live/Registered,True,008,False
310,NEAR_1_SUBSTITUTION,1,73168671,1107816,CLE-LINE,1978-05-01,800,cleline,REGISTERED AND RENEWED,Live/Registered,True,007,False
310,NEAR_1_DELETION,1,72434949,1000156,CELINE,1972-09-07,800,celine,REGISTERED AND RENEWED,Live/Registered,True,018,False
310,NEAR_1_DELETION,1,72434950,0982010,CELINE,1972-09-07,800,celine,REGISTERED AND RENEWED,Live/Registered,True,"010,025,026",True
310,NEAR_1_SUBSTITUTION,1,72026906,0654428,CUB-LINE,1957-03-25,800,cubline,REGISTERED AND RENEWED,Live/Registered,True,007,False
310,NEAR_1_SUBSTITUTION,1,99399958,,CUT LINE,2025-09-18,602,cutline,ABANDONED-FAILURE TO RESPOND OR LATE RESPONSE,Dead/Abandoned,False,041,False
310,NEAR_1_INSERTION,1,98024358,,CUELINES,2023-06-01,606,cuelines,ABANDONED - NO STATEMENT OF USE FILED,Dead/Abandoned,False,025,False
310,NEAR_1_DELETION,1,97542695,,CÉLINE,2022-08-10,602,celine,ABANDONED-FAILURE TO RESPOND OR LATE RESPONSE,Dead/Abandoned,False,033,False
310,NEAR_1_DELETION,1,90259879,,CÉLINE,2020-10-16,605,celine,ABANDONED EXPRESS AFTER PUB,Dead/Abandoned,False,,False
310,NEAR_1_SUBSTITUTION,1,90003129,,FUELINE,2020-06-16,606,fueline,ABANDONED - NO STATEMENT OF USE FILED,Dead/Abandoned,False,025,False
310,NEAR_1_DELETION,1,79250049,,CELINE,2018-07-27,602,celine,ABANDONED-FAILURE TO RESPOND OR LATE RESPONSE,Dead/Abandoned,False,009,False
310,NEAR_1_DELETION,1,87001823,5320146,CELINE,2016-04-15,710,celine,CANCELLED - SECTION 8,Dead/Cancelled,False,,False
310,NEAR_1_SUBSTITUTION,1,86668326,5775769,QUELINE,2015-06-19,710,queline,CANCELLED - SECTION 8,Dead/Cancelled,False,,False
310,NEAR_1_SUBSTITUTION,1,85681242,4301099,HUELINE,2012-07-19,710,hueline,CANCELLED - SECTION 8,Dead/Cancelled,False,,False
310,NEAR_1_SUBSTITUTION,1,85321131,4079829,CUE NINE,2011-05-14,710,cuenine,CANCELLED - SECTION 8,Dead/Cancelled,False,,False
310,NEAR_1_DELETION,1,85171971,3970746,CELINE,2010-11-08,710,celine,CANCELLED - SECTION 8,Dead/Cancelled,False,,False
310,NEAR_1_SUBSTITUTION,1,77676344,,CUT LINE,2009-02-23,606,cutline,ABANDONED - NO STATEMENT OF USE FILED,Dead/Abandoned,False,041,False
310,NEAR_1_DELETION,1,79050710,3635469,CÉLINE,2008-02-13,404,celine,IR CANCELLED; US REGISTRATION CANCELLED,Dead/Cancelled,False,,False
310,NEAR_1_SUBSTITUTION,1,77257417,,CURLINE,2007-08-16,606,curline,ABANDONED - NO STATEMENT OF USE FILED,Dead/Abandoned,False,020,False
310,NEAR_1_SUBSTITUTION,1,77151005,,FUELINE,2007-04-06,606,fueline,ABANDONED - NO STATEMENT OF USE FILED,Dead/Abandoned,False,028,False
310,NEAR_1_SUBSTITUTION,1,77151017,,FUELINE,2007-04-06,606,fueline,ABANDONED - NO STATEMENT OF USE FILED,Dead/Abandoned,False,025,False
310,NEAR_1_SUBSTITUTION,1,77151035,,FUELINE,2007-04-06,606,fueline,ABANDONED - NO STATEMENT OF USE FILED,Dead/Abandoned,False,009,False
310,NEAR_1_SUBSTITUTION,1,77151049,,FUELINE,2007-04-06,606,fueline,ABANDONED - NO STATEMENT OF USE FILED,Dead/Abandoned,False,016,False
310,NEAR_1_SUBSTITUTION,1,77151061,,FUELINE,2007-04-06,606,fueline,ABANDONED - NO STATEMENT OF USE FILED,Dead/Abandoned,False,041,False
310,NEAR_1_DELETION,1,76572200,,CÉLINE,2004-01-23,606,celine,ABANDONED - NO STATEMENT OF USE FILED,Dead/Abandoned,False,"018,025",False
310,NEAR_1_DELETION,1,76403912,,CELINE,2002-05-02,601,celine,ABANDONED - EXPRESS,Dead/Abandoned,False,008,False
310,NEAR_1_DELETION,1,76374430,2796738,CELINE,2002-02-25,710,celine,CANCELLED - SECTION 8,Dead/Cancelled,False,,False
310,NEAR_1_DELETION,1,76374657,2760938,CELINE,2002-02-25,710,celine,CANCELLED - SECTION 8,Dead/Cancelled,False,,False
310,NEAR_1_DELETION,1,76359414,,CELINE,2002-01-14,604,celine,ABANDONED - AFTER INTER-PARTES DECISION,Dead/Abandoned,False,,False
310,NEAR_1_DELETION,1,76051367,2651089,CELINE,2000-05-18,710,celine,CANCELLED - SECTION 8,Dead/Cancelled,False,,False
310,NEAR_1_DELETION,1,76034618,2709750,CELINE,2000-04-25,710,celine,CANCELLED - SECTION 8,Dead/Cancelled,False,,False
310,NEAR_1_DELETION,1,74708610,,CELINE,1995-06-30,606,celine,ABANDONED - NO STATEMENT OF USE FILED,Dead/Abandoned,False,009,False
310,NEAR_1_SUBSTITUTION,1,74421110,1864765,CUT LINE,1993-08-06,710,cutline,CANCELLED - SECTION 8,Dead/Cancelled,False,,False
310,NEAR_1_DELETION,1,74298502,1795053,CELINE,1992-07-27,710,celine,CANCELLED - SECTION 8,Dead/Cancelled,False,,False
310,NEAR_1_SUBSTITUTION,1,74263312,1767368,CUELITE,1992-04-06,710,cuelite,CANCELLED - SECTION 8,Dead/Cancelled,False,,False
310,NEAR_1_SUBSTITUTION,1,74263313,1767369,CUELITE,1992-04-06,710,cuelite,CANCELLED - SECTION 8,Dead/Cancelled,False,,False
310,NEAR_1_DELETION,1,74261134,,CELINE,1992-03-31,606,celine,ABANDONED - NO STATEMENT OF USE FILED,Dead/Abandoned,False,,False
310,NEAR_1_DELETION,1,74195521,2385808,CELINE,1991-08-15,710,celine,CANCELLED - SECTION 8,Dead/Cancelled,False,,False
310,NEAR_1_DELETION,1,74148068,,CELINE,1991-03-15,603,celine,ABANDONED - AFTER EX PARTE APPEAL,Dead/Abandoned,False,,False
310,NEAR_1_DELETION,1,74124035,,CELINE,1990-12-13,614,celine,ABANDONED PETITION TO REVIVE-DENIED,Dead/Abandoned,False,,False
310,NEAR_1_DELETION,1,74035362,1658952,CELINE,1990-03-06,710,celine,CANCELLED - SECTION 8,Dead/Cancelled,False,,False
310,NEAR_1_DELETION,1,73826215,1754745,CELINE,1989-09-18,710,celine,CANCELLED - SECTION 8,Dead/Cancelled,False,,False
310,NEAR_1_DELETION,1,73493173,1372238,CELINE,1984-08-03,710,celine,CANCELLED - SECTION 8,Dead/Cancelled,False,,False
310,NEAR_1_DELETION,1,73460166,1803253,CELINE,1984-01-09,710,celine,CANCELLED - SECTION 8,Dead/Cancelled,False,,False
310,NEAR_1_DELETION,1,72434951,1214473,CELINE,1972-09-07,711,celine,CANCELLED - SECTION 7,Dead/Cancelled,False,,False
310,NEAR_1_SUBSTITUTION,1,72266512,0871149,CUT-LINE,1967-03-13,900,cutline,EXPIRED,Dead/Expired,False,,False
311,NEAR_1_SUBSTITUTION,1,99680081,,HUEKIND,2026-03-03,680,huekind,APPROVED FOR PUBLICATION,Live/Pending,True,"003,014",True
311,NEAR_1_DELETION,1,90012241,6249925,CU KIND,2020-06-20,700,cukind,REGISTERED,Live/Registered,True,035,True
311,NEAR_1_SUBSTITUTION,1,77841564,3790134,CUE KING,2009-10-05,800,cueking,REGISTERED AND RENEWED,Live/Registered,True,028,False
311,NEAR_1_SUBSTITUTION,1,98476048,,CUE-KING,2024-03-29,602,cueking,ABANDONED-FAILURE TO RESPOND OR LATE RESPONSE,Dead/Abandoned,False,028,False
311,NEAR_1_INSERTION,1,86466724,,CUTE & KIND,2014-11-28,602,cutekind,ABANDONED-FAILURE TO RESPOND OR LATE RESPONSE,Dead/Abandoned,False,025,False
311,NEAR_1_INSERTION,1,77464443,3674043,CUBEKIND,2008-05-02,710,cubekind,CANCELLED - SECTION 8,Dead/Cancelled,False,,False
312,EXACT,0,74456515,2007336,STIMULUS RESPONSE,1993-11-05,710,stimulusresponse,CANCELLED - SECTION 8,Dead/Cancelled,False,,False
312,EXACT,0,74454397,,STIMULUS RESPONSE,1993-10-29,602,stimulusresponse,ABANDONED-FAILURE TO RESPOND OR LATE RESPONSE,Dead/Abandoned,False,,False
312,EXACT,0,74294304,,STIMULUS RESPONSE,1992-07-13,600,stimulusresponse,ABANDONED - INCOMPLETE RESPONSE,Dead/Abandoned,False,,False
312,EXACT,0,74094661,,STIMULUS RESPONSE,1990-09-06,606,stimulusresponse,ABANDONED - NO STATEMENT OF USE FILED,Dead/Abandoned,False,,False
313,EXACT,0,85763963,,ADAPTIVE LEARNING,2012-10-25,602,adaptivelearning,ABANDONED-FAILURE TO RESPOND OR LATE RESPONSE,Dead/Abandoned,False,041,False
313,EXACT,0,77049061,,ADAPTIVE LEARNING,2006-11-21,602,adaptivelearning,ABANDONED-FAILURE TO RESPOND OR LATE RESPONSE,Dead/Abandoned,False,041,False
313,EXACT,0,75137289,,ADAPTIVE LEARNING,1996-07-22,600,adaptivelearning,ABANDONED - INCOMPLETE RESPONSE,Dead/Abandoned,False,,False
314,NEAR_1_INSERTION,1,76602792,,FOUNDATIONWORKS,2004-07-19,606,foundationworks,ABANDONED - NO STATEMENT OF USE FILED,Dead/Abandoned,False,"006,019",False
318,NEAR_1_DELETION,1,77261868,,PLAN PERFORMANCE,2007-08-22,602,planperformance,ABANDONED-FAILURE TO RESPOND OR LATE RESPONSE,Dead/Abandoned,False,036,False
321,NEAR_1_INSERTION,1,99504992,,PERFORMANCE MEASURED,2025-11-19,688,performancemeasured,NOTICE OF ALLOWANCE - ISSUED,Live/Pending,True,035,True
322,NEAR_1_DELETION,1,90744667,6758036,QUALITY GRAD,2021-05-31,700,qualitygrad,REGISTERED,Live/Registered,True,026,False
322,NEAR_1_INSERTION,1,86767224,,QUALITY GRADES,2015-09-24,602,qualitygrades,ABANDONED-FAILURE TO RESPOND OR LATE RESPONSE,Dead/Abandoned,False,042,False
322,NEAR_1_INSERTION,1,86767843,,QUALITY GRADES,2015-09-24,602,qualitygrades,ABANDONED-FAILURE TO RESPOND OR LATE RESPONSE,Dead/Abandoned,False,00A,False
327,NEAR_1_INSERTION,1,88068434,,CLEAROUTCOMES,2018-08-07,606,clearoutcomes,ABANDONED - NO STATEMENT OF USE FILED,Dead/Abandoned,False,009,False
336,NEAR_1_SUBSTITUTION,1,98571084,7704641,COMPLIANCEPOINT,2024-05-28,700,compliancepoint,REGISTERED,Live/Registered,True,035,True
336,NEAR_1_SUBSTITUTION,1,76681226,3561504,COMPLIANCEPOINT,2007-08-28,800,compliancepoint,REGISTERED AND RENEWED,Live/Registered,True,035,True
338,EXACT,0,99799116,,EXPANSION GAP,2026-05-01,630,expansiongap,NEW APPLICATION - RECORD INITIALIZED NOT ASSIGNED TO EXAMINER,Live/Pending,True,041,False
339,EXACT,0,86704765,5148878,BUFFERZONE,2015-07-25,702,bufferzone,SECTION 8 & 15-ACCEPTED AND ACKNOWLEDGED,Live/Registered,True,035,True
339,EXACT,0,78735153,3185100,BUFFERZONE,2005-10-18,800,bufferzone,REGISTERED AND RENEWED,Live/Registered,True,009,False
339,EXACT,0,76369447,2818049,BUFFERZONE,2002-02-11,800,bufferzone,REGISTERED AND RENEWED,Live/Registered,True,010,True
339,EXACT,0,76218156,2805318,BUFFER ZONE,2001-02-26,800,bufferzone,REGISTERED AND RENEWED,Live/Registered,True,030,False
339,EXACT,0,77869245,3998907,BUFFERZONE,2009-11-10,710,bufferzone,CANCELLED - SECTION 8,Dead/Cancelled,False,,False
339,EXACT,0,78717175,,BUFFERZONE,2005-09-21,601,bufferzone,ABANDONED - EXPRESS,Dead/Abandoned,False,009,False
339,EXACT,0,75248946,2229944,BUFFERZONE,1997-02-27,710,bufferzone,CANCELLED - SECTION 8,Dead/Cancelled,False,,False
339,EXACT,0,75069310,2066687,BUFFER ZONE,1996-03-08,710,bufferzone,CANCELLED - SECTION 8,Dead/Cancelled,False,,False
339,EXACT,0,74294840,,BUFFER ZONE,1992-07-15,606,bufferzone,ABANDONED - NO STATEMENT OF USE FILED,Dead/Abandoned,False,,False
339,NEAR_1_SUBSTITUTION,1,79273150,6311263,BUFFER-CONE,2019-07-01,404,buffercone,IR CANCELLED; US REGISTRATION CANCELLED,Dead/Cancelled,False,,False
343,EXACT,0,98736082,7864384,DYNAMIC JOINT,2024-09-05,700,dynamicjoint,REGISTERED,Live/Registered,True,005,True
343,NEAR_1_SUBSTITUTION,1,85119857,4046628,DYNAMIC JOIST,2010-08-31,800,dynamicjoist,REGISTERED AND RENEWED,Live/Registered,True,009,False
345,EXACT,0,98841972,,FLEXPLATE,2024-11-07,616,flexplate,REVIVED - AWAITING FURTHER ACTION,Live/Pending,True,006,False
345,EXACT,0,87335449,5498793,FLEXPLATE,2017-02-14,702,flexplate,SECTION 8 & 15-ACCEPTED AND ACKNOWLEDGED,Live/Registered,True,025,False
345,EXACT,0,85612003,4271278,FLEX PLATE,2012-04-30,800,flexplate,REGISTERED AND RENEWED,Live/Registered,True,011,False
345,EXACT,0,86540295,,FLEX PLATE,2015-02-19,606,flexplate,ABANDONED - NO STATEMENT OF USE FILED,Dead/Abandoned,False,028,False
345,EXACT,0,85676958,,FLEXPLATE,2012-07-13,602,flexplate,ABANDONED-FAILURE TO RESPOND OR LATE RESPONSE,Dead/Abandoned,False,010,True
345,EXACT,0,74496387,2037426,FLEXPLATE,1994-03-01,710,flexplate,CANCELLED - SECTION 8,Dead/Cancelled,False,,False
345,EXACT,0,74055046,1666428,FLEXPLATE,1990-05-02,710,flexplate,CANCELLED - SECTION 8,Dead/Cancelled,False,,False
345,EXACT,0,73398687,,FLEX-PLATE,1982-09-30,602,flexplate,ABANDONED-FAILURE TO RESPOND OR LATE RESPONSE,Dead/Abandoned,False,,False
345,EXACT,0,73351208,1222741,FLEX PLATE,1982-02-22,710,flexplate,CANCELLED - SECTION 8,Dead/Cancelled,False,,False
345,NEAR_1_SUBSTITUTION,1,85660374,4426334,FLEXPLACE,2012-06-25,800,flexplace,REGISTERED AND RENEWED,Live/Registered,True,007,False
345,NEAR_1_SUBSTITUTION,1,77916541,4135924,FLEXPLACE,2010-01-21,710,flexplace,CANCELLED - SECTION 8,Dead/Cancelled,False,,False
345,NEAR_1_INSERTION,1,76696432,3697379,FLEX-PALATE,2009-03-20,710,flexpalate,CANCELLED - SECTION 8,Dead/Cancelled,False,,False
345,NEAR_1_DELETION,1,78737359,,FLEXLATE,2005-10-20,602,flexlate,ABANDONED-FAILURE TO RESPOND OR LATE RESPONSE,Dead/Abandoned,False,035,True
345,NEAR_1_SUBSTITUTION,1,76283263,,FLEX SLATE,2001-07-11,602,flexslate,ABANDONED-FAILURE TO RESPOND OR LATE RESPONSE,Dead/Abandoned,False,020,False
345,NEAR_1_INSERTION,1,73835766,1631485,FLEXOPLATE,1989-11-03,710,flexoplate,CANCELLED - SECTION 8,Dead/Cancelled,False,,False
345,NEAR_1_SUBSTITUTION,1,72199552,0814867,FLEX.SLATE,1964-08-10,900,flexslate,EXPIRED,Dead/Expired,False,,False
345,NEAR_1_INSERTION,1,72131319,0757773,FLEXOPLATE,1961-11-03,710,flexoplate,CANCELLED - SECTION 8,Dead/Cancelled,False,,False
347,EXACT,0,77526239,,ADAPTIVE VALVE,2008-07-18,602,adaptivevalve,ABANDONED-FAILURE TO RESPOND OR LATE RESPONSE,Dead/Abandoned,False,007,False
352,EXACT,0,98463808,,SOFTCONTROL,2024-03-22,732,softcontrol,THIRD EXTENSION - GRANTED,Live/Pending,True,025,False
352,EXACT,0,97077045,,SOFTCONTROL,2021-10-15,606,softcontrol,ABANDONED - NO STATEMENT OF USE FILED,Dead/Abandoned,False,009,False
352,EXACT,0,97077050,,SOFTCONTROL,2021-10-15,606,softcontrol,ABANDONED - NO STATEMENT OF USE FILED,Dead/Abandoned,False,042,False
352,EXACT,0,86512506,4920713,SOFTCONTROL,2015-01-23,710,softcontrol,CANCELLED - SECTION 8,Dead/Cancelled,False,,False
356,NEAR_1_SUBSTITUTION,1,98782293,,OBSERVER,2024-10-02,688,observer,NOTICE OF ALLOWANCE - ISSUED,Live/Pending,True,042,False
356,NEAR_1_DELETION,1,98258294,7839591,BSERVED,2023-11-07,700,bserved,REGISTERED,Live/Registered,True,"035,044",True
356,NEAR_1_SUBSTITUTION,1,98074943,8170174,OBSERVER,2023-07-07,700,observer,REGISTERED,Live/Registered,True,009,False
356,NEAR_1_SUBSTITUTION,1,97444642,,OBSERVER,2022-06-06,720,observer,REQUEST FOR THIRD EXTENSION - FILED,Live/Pending,True,009,False
356,NEAR_1_DELETION,1,97369608,7061793,OBSERVE,2022-04-19,700,observe,REGISTERED,Live/Registered,True,035,True
356,NEAR_1_SUBSTITUTION,1,97086283,7172314,OBSERVER,2021-10-21,700,observer,REGISTERED,Live/Registered,True,041,False
356,NEAR_1_SUBSTITUTION,1,90008729,7109994,OBSERVER,2020-06-18,700,observer,REGISTERED,Live/Registered,True,009,False
356,NEAR_1_SUBSTITUTION,1,88512593,6873068,OBSERVER,2019-07-12,700,observer,REGISTERED,Live/Registered,True,009,False
356,NEAR_1_DELETION,1,88166246,5930184,OBSERVE,2018-10-23,702,observe,SECTION 8 & 15-ACCEPTED AND ACKNOWLEDGED,Live/Registered,True,012,False
356,NEAR_1_DELETION,1,87796346,5717353,OBSERVE,2018-02-13,702,observe,SECTION 8 & 15-ACCEPTED AND ACKNOWLEDGED,Live/Registered,True,012,False
356,NEAR_1_DELETION,1,87411036,5338966,OBSERVE,2017-04-13,702,observe,SECTION 8 & 15-ACCEPTED AND ACKNOWLEDGED,Live/Registered,True,009,False
356,NEAR_1_INSERTION,1,86416603,4787453,OBSERVEDU,2014-10-07,800,observedu,REGISTERED AND RENEWED,Live/Registered,True,042,False
356,NEAR_1_SUBSTITUTION,1,86301338,4628881,OBSERVER,2014-06-05,800,observer,REGISTERED AND RENEWED,Live/Registered,True,009,False
356,NEAR_1_SUBSTITUTION,1,86239945,4648429,OBSERVER,2014-04-02,800,observer,REGISTERED AND RENEWED,Live/Registered,True,009,False
356,NEAR_1_DELETION,1,85524710,4300202,!OBSERVE,2012-01-25,800,observe,REGISTERED AND RENEWED,Live/Registered,True,009,False
356,NEAR_1_SUBSTITUTION,1,77784691,3746792,OBSERVER,2009-07-20,800,observer,REGISTERED AND RENEWED,Live/Registered,True,009,False
356,NEAR_1_SUBSTITUTION,1,76654274,3383693,OBSERVER,2006-01-30,800,observer,REGISTERED AND RENEWED,Live/Registered,True,009,False
356,NEAR_1_SUBSTITUTION,1,75229946,2135633,OBSERVER,1997-01-23,800,observer,REGISTERED AND RENEWED,Live/Registered,True,009,False
356,NEAR_1_DELETION,1,90528029,,OBSERVE,2021-02-12,602,observe,ABANDONED-FAILURE TO RESPOND OR LATE RESPONSE,Dead/Abandoned,False,042,False
356,NEAR_1_SUBSTITUTION,1,87810898,,OBSERVER,2018-02-26,606,observer,ABANDONED - NO STATEMENT OF USE FILED,Dead/Abandoned,False,009,False
356,NEAR_1_SUBSTITUTION,1,87097053,,OBSERVER,2016-07-08,606,observer,ABANDONED - NO STATEMENT OF USE FILED,Dead/Abandoned,False,020,False
356,NEAR_1_SUBSTITUTION,1,86575568,,OBSERVER,2015-03-25,606,observer,ABANDONED - NO STATEMENT OF USE FILED,Dead/Abandoned,False,010,True
356,NEAR_1_SUBSTITUTION,1,86542347,,OBSERVER,2015-02-23,602,observer,ABANDONED-FAILURE TO RESPOND OR LATE RESPONSE,Dead/Abandoned,False,009,False
356,NEAR_1_SUBSTITUTION,1,86416788,4767730,OBSERVER,2014-10-07,710,observer,CANCELLED - SECTION 8,Dead/Cancelled,False,,False
356,NEAR_1_SUBSTITUTION,1,86416969,4701721,OBSERVER,2014-10-07,710,observer,CANCELLED - SECTION 8,Dead/Cancelled,False,,False
356,NEAR_1_DELETION,1,86217911,,OBSERVE,2014-03-11,606,observe,ABANDONED - NO STATEMENT OF USE FILED,Dead/Abandoned,False,009,False
356,NEAR_1_DELETION,1,85602600,4653247,OBSERVE,2012-04-19,710,observe,CANCELLED - SECTION 8,Dead/Cancelled,False,,False
356,NEAR_1_SUBSTITUTION,1,85444497,4289864,OBSERVER,2011-10-11,710,observer,CANCELLED - SECTION 8,Dead/Cancelled,False,,False
356,NEAR_1_DELETION,1,85434317,,OBSERVE,2011-09-28,604,observe,ABANDONED - AFTER INTER-PARTES DECISION,Dead/Abandoned,False,,False
356,NEAR_1_SUBSTITUTION,1,85147014,,OBSERVE-5,2010-10-07,606,observe5,ABANDONED - NO STATEMENT OF USE FILED,Dead/Abandoned,False,042,False
356,NEAR_1_DELETION,1,79075802,3835348,OBSERVE,2009-10-16,404,observe,IR CANCELLED; US REGISTRATION CANCELLED,Dead/Cancelled,False,,False
356,NEAR_1_SUBSTITUTION,1,78869316,,OBSERVE-5,2006-04-25,606,observe5,ABANDONED - NO STATEMENT OF USE FILED,Dead/Abandoned,False,042,False
356,NEAR_1_DELETION,1,78826691,3750784,OBSERVE,2006-03-01,710,observe,CANCELLED - SECTION 8,Dead/Cancelled,False,,False
356,NEAR_1_SUBSTITUTION,1,78779675,,OBSERVE-5,2005-12-22,606,observe5,ABANDONED - NO STATEMENT OF USE FILED,Dead/Abandoned,False,042,False
356,NEAR_1_SUBSTITUTION,1,76625300,3325242,OBSERVER,2004-12-21,710,observer,CANCELLED - SECTION 8,Dead/Cancelled,False,,False
356,NEAR_1_SUBSTITUTION,1,78353248,3207307,OBSERVER,2004-01-16,710,observer,CANCELLED - SECTION 8,Dead/Cancelled,False,,False
356,NEAR_1_SUBSTITUTION,1,76520981,2847371,OBSERVER,2003-06-02,710,observer,CANCELLED - SECTION 8,Dead/Cancelled,False,,False
356,NEAR_1_DELETION,1,76388892,,OBSERVE,2002-03-28,606,observe,ABANDONED - NO STATEMENT OF USE FILED,Dead/Abandoned,False,005,True
356,NEAR_1_SUBSTITUTION,1,78060900,,OBSERVER,2001-04-27,602,observer,ABANDONED-FAILURE TO RESPOND OR LATE RESPONSE,Dead/Abandoned,False,009,False
356,NEAR_1_DELETION,1,76197441,,OBSERVE,2001-01-22,606,observe,ABANDONED - NO STATEMENT OF USE FILED,Dead/Abandoned,False,001,False
356,NEAR_1_SUBSTITUTION,1,75866808,,OBSERVER,1999-12-08,602,observer,ABANDONED-FAILURE TO RESPOND OR LATE RESPONSE,Dead/Abandoned,False,009,False
356,NEAR_1_SUBSTITUTION,1,75511245,2267187,OBSERVER,1998-06-30,710,observer,CANCELLED - SECTION 8,Dead/Cancelled,False,,False
356,NEAR_1_SUBSTITUTION,1,75263868,2231412,OBSERVER,1997-03-20,710,observer,CANCELLED - SECTION 8,Dead/Cancelled,False,,False
356,NEAR_1_DELETION,1,75091900,,OBSERVE,1996-04-22,606,observe,ABANDONED - NO STATEMENT OF USE FILED,Dead/Abandoned,False,005,True
356,NEAR_1_SUBSTITUTION,1,75042921,,OBSERVER,1996-01-16,602,observer,ABANDONED-FAILURE TO RESPOND OR LATE RESPONSE,Dead/Abandoned,False,,False
356,NEAR_1_SUBSTITUTION,1,74725635,2188061,OBSERVER,1995-09-06,710,observer,CANCELLED - SECTION 8,Dead/Cancelled,False,,False
356,NEAR_1_SUBSTITUTION,1,74665439,,OBSERVER,1995-04-24,601,observer,ABANDONED - EXPRESS,Dead/Abandoned,False,,False
356,NEAR_1_SUBSTITUTION,1,74534272,2157068,OBSERVER,1994-06-06,710,observer,CANCELLED - SECTION 8,Dead/Cancelled,False,,False
356,NEAR_1_SUBSTITUTION,1,74453168,,OBSERVEX,1993-10-27,606,observex,ABANDONED - NO STATEMENT OF USE FILED,Dead/Abandoned,False,,False
356,NEAR_1_SUBSTITUTION,1,73786682,1653619,OBSERVER,1989-03-14,710,observer,CANCELLED - SECTION 8,Dead/Cancelled,False,,False
356,NEAR_1_DELETION,1,72179289,0775546,OBSERVE,1963-10-17,710,observe,CANCELLED - SECTION 8,Dead/Cancelled,False,,False
356,NEAR_1_SUBSTITUTION,1,72138932,0742525,OBSERVER,1962-03-02,900,observer,EXPIRED,Dead/Expired,False,,False
356,NEAR_1_SUBSTITUTION,1,72002339,0635113,OBSERVER,1956-02-09,900,observer,EXPIRED,Dead/Expired,False,,False
356,NEAR_1_SUBSTITUTION,1,71563474,0546797,OBSERVER,1948-08-16,900,observer,EXPIRED,Dead/Expired,False,,False
360,EXACT,0,85491263,4232779,SOURCEMAP,2011-12-09,800,sourcemap,REGISTERED AND RENEWED,Live/Registered,True,042,False
360,EXACT,0,85783920,,SOURCE MAP,2012-11-20,606,sourcemap,ABANDONED - NO STATEMENT OF USE FILED,Dead/Abandoned,False,"041,042",False
360,NEAR_1_SUBSTITUTION,1,87273362,5245498,SOURCECAP,2016-12-19,702,sourcecap,SECTION 8 & 15-ACCEPTED AND ACKNOWLEDGED,Live/Registered,True,"006,035",True
360,NEAR_1_SUBSTITUTION,1,86085946,4650256,SOURCECAP,2013-10-08,800,sourcecap,REGISTERED AND RENEWED,Live/Registered,True,010,True
360,NEAR_1_SUBSTITUTION,1,79071521,3807266,SOURCEMAN,2009-05-25,404,sourceman,IR CANCELLED; US REGISTRATION CANCELLED,Dead/Cancelled,False,,False
362,EXACT,0,87803503,6082721,GLASSWALL,2018-02-20,700,glasswall,REGISTERED,Live/Registered,True,"009,037,042",False
362,NEAR_1_SUBSTITUTION,1,99435193,,GLASSWELL,2025-10-09,641,glasswell,NON-FINAL ACTION - MAILED,Live/Pending,True,032,False
362,NEAR_1_INSERTION,1,74732953,2009944,GLASSWALLS,1995-09-22,800,glasswalls,REGISTERED AND RENEWED,Live/Registered,True,006,False
362,NEAR_1_SUBSTITUTION,1,85884760,,GLASSWALK,2013-03-24,606,glasswalk,ABANDONED - NO STATEMENT OF USE FILED,Dead/Abandoned,False,042,False
362,NEAR_1_SUBSTITUTION,1,76613946,,GLASSWALK,2004-09-27,602,glasswalk,ABANDONED-FAILURE TO RESPOND OR LATE RESPONSE,Dead/Abandoned,False,019,False
362,NEAR_1_INSERTION,1,73445305,,GLASSWALLS,1983-09-26,602,glasswalls,ABANDONED-FAILURE TO RESPOND OR LATE RESPONSE,Dead/Abandoned,False,,False
370,EXACT,0,86983795,5461658,SOURCETREE,2016-01-29,700,sourcetree,REGISTERED,Live/Registered,True,009,False
370,EXACT,0,86891084,,SOURCETREE,2016-01-29,606,sourcetree,ABANDONED - NO STATEMENT OF USE FILED,Dead/Abandoned,False,"038,042",False
370,NEAR_1_DELETION,1,97351581,7054639,SOURCEREE,2022-04-07,700,sourceree,REGISTERED,Live/Registered,True,042,False
370,NEAR_1_DELETION,1,90771773,6801410,SOURCEREE,2021-06-14,700,sourceree,REGISTERED,Live/Registered,True,042,False
370,NEAR_1_DELETION,1,90771802,6801411,SOURCEREE,2021-06-14,700,sourceree,REGISTERED,Live/Registered,True,042,False
370,NEAR_1_DELETION,1,78051050,,SOURCEREE,2001-03-02,601,sourceree,ABANDONED - EXPRESS,Dead/Abandoned,False,"009,035,039,042",True
374,EXACT,0,78172549,2769281,DEPTHMAP,2002-10-09,710,depthmap,CANCELLED - SECTION 8,Dead/Cancelled,False,,False
378,EXACT,0,97334081,7250447,VIEWSCREEN,2022-03-28,700,viewscreen,REGISTERED,Live/Registered,True,041,False
378,EXACT,0,77165899,,VIEWSCREEN,2007-04-25,602,viewscreen,ABANDONED-FAILURE TO RESPOND OR LATE RESPONSE,Dead/Abandoned,False,"020,024",False
380,EXACT,0,88840490,,INSPECTWISE,2020-03-19,606,inspectwise,ABANDONED - NO STATEMENT OF USE FILED,Dead/Abandoned,False,009,False
381,NEAR_1_SUBSTITUTION,1,76097458,2914067,INSPECTLINK,2000-07-24,710,inspectlink,CANCELLED - SECTION 8,Dead/Cancelled,False,,False
384,NEAR_1_SUBSTITUTION,1,77801966,3884858,TRACKWISE,2009-08-11,800,trackwise,REGISTERED AND RENEWED,Live/Registered,True,"009,041,042",False
384,NEAR_1_SUBSTITUTION,1,75026202,2117303,TRACKWISE,1995-11-30,800,trackwise,REGISTERED AND RENEWED,Live/Registered,True,009,False
384,NEAR_1_SUBSTITUTION,1,86770335,5319908,TRADEWISE,2015-09-28,710,tradewise,CANCELLED - SECTION 8,Dead/Cancelled,False,,False
384,NEAR_1_SUBSTITUTION,1,85822336,,TRADEWISE,2013-01-14,602,tradewise,ABANDONED-FAILURE TO RESPOND OR LATE RESPONSE,Dead/Abandoned,False,"009,016,041,042,044",True
384,NEAR_1_SUBSTITUTION,1,76072741,2640461,TRADEWISE,2000-06-19,710,tradewise,CANCELLED - SECTION 8,Dead/Cancelled,False,,False
384,NEAR_1_SUBSTITUTION,1,76016815,,TRADEWISE,2000-04-04,602,tradewise,ABANDONED-FAILURE TO RESPOND OR LATE RESPONSE,Dead/Abandoned,False,"009,016,035,038,041,042",True
384,NEAR_1_SUBSTITUTION,1,74452175,,TRADEWISE,1993-10-25,601,tradewise,ABANDONED - EXPRESS,Dead/Abandoned,False,,False
385,NEAR_1_DELETION,1,98021589,7860268,TRACE WAR,2023-05-31,700,tracewar,REGISTERED,Live/Registered,True,"009,016",False
385,NEAR_1_SUBSTITUTION,1,75578475,2432671,TRACEWARE,1998-10-28,710,traceware,CANCELLED - SECTION 8,Dead/Cancelled,False,,False
385,NEAR_1_SUBSTITUTION,1,73700817,1506844,TRACEGARD,1987-12-14,710,tracegard,CANCELLED - SECTION 8,Dead/Cancelled,False,,False
385,NEAR_1_SUBSTITUTION,1,73408333,1283143,TRACEGARD,1983-11-16,710,tracegard,CANCELLED - SECTION 8,Dead/Cancelled,False,,False
386,NEAR_1_SUBSTITUTION,1,97104814,,TRACEFIND,2021-11-02,602,tracefind,ABANDONED-FAILURE TO RESPOND OR LATE RESPONSE,Dead/Abandoned,False,009,False
386,NEAR_1_SUBSTITUTION,1,85744001,4689101,TRACEFIND,2012-10-02,710,tracefind,CANCELLED - SECTION 8,Dead/Cancelled,False,,False
386,NEAR_1_SUBSTITUTION,1,76686797,,TRACEFIND,2008-02-14,606,tracefind,ABANDONED - NO STATEMENT OF USE FILED,Dead/Abandoned,False,"009,042",False
387,NEAR_1_SUBSTITUTION,1,99406020,,TRADE MADE,2025-09-22,688,trademade,NOTICE OF ALLOWANCE - ISSUED,Live/Pending,True,025,False
387,NEAR_1_SUBSTITUTION,1,99038390,8307577,TRACEMATE,2025-02-12,700,tracemate,REGISTERED,Live/Registered,True,009,False
387,NEAR_1_SUBSTITUTION,1,90178241,6354841,GRACEMADE,2020-09-14,700,gracemade,REGISTERED,Live/Registered,True,025,False
387,NEAR_1_SUBSTITUTION,1,75928629,,TRACE MODE,2000-02-28,602,tracemode,ABANDONED-FAILURE TO RESPOND OR LATE RESPONSE,Dead/Abandoned,False,"009,042",False
387,NEAR_1_SUBSTITUTION,1,74462681,1872259,TRACEMATE,1993-11-24,710,tracemate,CANCELLED - SECTION 8,Dead/Cancelled,False,,False
387,NEAR_1_SUBSTITUTION,1,74285010,,TRACEMATE,1992-06-15,602,tracemate,ABANDONED-FAILURE TO RESPOND OR LATE RESPONSE,Dead/Abandoned,False,,False
388,NEAR_1_SUBSTITUTION,1,79122810,4434394,SCANWARE,2012-06-06,706,scanware,SECTION 71 ACCEPTED,Live/Registered,True,"009,037,041,042",False
388,NEAR_1_SUBSTITUTION,1,75368596,,SCANWARE,1997-10-06,602,scanware,ABANDONED-FAILURE TO RESPOND OR LATE RESPONSE,Dead/Abandoned,False,,False
388,NEAR_1_SUBSTITUTION,1,75240867,2258431,SCANCARD,1997-02-12,710,scancard,CANCELLED - SECTION 8,Dead/Cancelled,False,,False
388,NEAR_1_SUBSTITUTION,1,74612472,,SCANWARE,1994-12-19,602,scanware,ABANDONED-FAILURE TO RESPOND OR LATE RESPONSE,Dead/Abandoned,False,009,False
388,NEAR_1_SUBSTITUTION,1,74554905,1967772,SCANWARE,1994-07-29,710,scanware,CANCELLED - SECTION 8,Dead/Cancelled,False,,False
388,NEAR_1_SUBSTITUTION,1,74530902,,SCANWARE,1994-05-31,602,scanware,ABANDONED-FAILURE TO RESPOND OR LATE RESPONSE,Dead/Abandoned,False,,False
388,NEAR_1_SUBSTITUTION,1,73719867,,SCANWARE,1988-03-31,602,scanware,ABANDONED-FAILURE TO RESPOND OR LATE RESPONSE,Dead/Abandoned,False,,False
388,NEAR_1_SUBSTITUTION,1,73674928,1477523,SCANWARE,1987-07-27,710,scanware,CANCELLED - SECTION 8,Dead/Cancelled,False,,False
388,NEAR_1_SUBSTITUTION,1,73466145,1319343,SCAN CARD,1984-02-17,710,scancard,CANCELLED - SECTION 8,Dead/Cancelled,False,,False
389,EXACT,0,85473808,,SCAN-MARK,2011-11-16,601,scanmark,ABANDONED - EXPRESS,Dead/Abandoned,False,"009,035,042",True
389,EXACT,0,74294774,1781192,SCANMARK,1992-07-16,710,scanmark,CANCELLED - SECTION 8,Dead/Cancelled,False,,False
389,EXACT,0,73682038,1528270,SCANMARK,1987-09-01,710,scanmark,CANCELLED - SECTION 8,Dead/Cancelled,False,,False
389,EXACT,0,73049454,1047522,SCANMARK,1975-04-14,900,scanmark,EXPIRED,Dead/Expired,False,,False
389,NEAR_1_SUBSTITUTION,1,88015494,5684839,SCAN MASK,2018-06-26,701,scanmask,SECTION 8-ACCEPTED,Live/Registered,True,031,False
389,NEAR_1_DELETION,1,77302811,3515162,SANMARK,2007-10-12,800,sanmark,REGISTERED AND RENEWED,Live/Registered,True,"003,029",True
389,NEAR_1_DELETION,1,98603363,,CANMARK,2024-06-16,606,canmark,ABANDONED - NO STATEMENT OF USE FILED,Dead/Abandoned,False,"035,045",True
389,NEAR_1_DELETION,1,87634684,5537272,CANMARK,2017-10-05,710,canmark,CANCELLED - SECTION 8,Dead/Cancelled,False,,False
389,NEAR_1_SUBSTITUTION,1,85384747,,SCANMART,2011-07-29,602,scanmart,ABANDONED-FAILURE TO RESPOND OR LATE RESPONSE,Dead/Abandoned,False,009,False
389,NEAR_1_DELETION,1,77300797,4043640,CANMARK,2007-10-10,710,canmark,CANCELLED - SECTION 8,Dead/Cancelled,False,,False
389,NEAR_1_DELETION,1,76204602,,SANMARK,2001-02-01,602,sanmark,ABANDONED-FAILURE TO RESPOND OR LATE RESPONSE,Dead/Abandoned,False,025,False
389,NEAR_1_DELETION,1,76067440,,SANMARK,2000-06-09,606,sanmark,ABANDONED - NO STATEMENT OF USE FILED,Dead/Abandoned,False,009,False
389,NEAR_1_DELETION,1,75804149,,SANMARK,1999-09-16,602,sanmark,ABANDONED-FAILURE TO RESPOND OR LATE RESPONSE,Dead/Abandoned,False,009,False
389,NEAR_1_SUBSTITUTION,1,75030525,,SPANMARK,1995-12-04,606,spanmark,ABANDONED - NO STATEMENT OF USE FILED,Dead/Abandoned,False,,False
389,NEAR_1_SUBSTITUTION,1,74591906,,SPANMARK,1994-10-28,602,spanmark,ABANDONED-FAILURE TO RESPOND OR LATE RESPONSE,Dead/Abandoned,False,,False
389,NEAR_1_SUBSTITUTION,1,73673113,1481351,SCANMASK,1987-07-20,710,scanmask,CANCELLED - SECTION 8,Dead/Cancelled,False,,False
389,NEAR_1_DELETION,1,73478163,1344239,SCANMAR,1984-04-30,710,scanmar,CANCELLED - SECTION 8,Dead/Cancelled,False,,False
389,NEAR_1_SUBSTITUTION,1,73222178,1153566,STANMARK,1979-07-05,710,stanmark,CANCELLED - SECTION 8,Dead/Cancelled,False,,False
389,NEAR_1_SUBSTITUTION,1,73166320,1164120,SPANMARK,1978-04-14,710,spanmark,CANCELLED - SECTION 8,Dead/Cancelled,False,,False
389,NEAR_1_INSERTION,1,72252109,0838350,SCANOMARK,1966-08-10,900,scanomark,EXPIRED,Dead/Expired,False,,False
390,NEAR_1_SUBSTITUTION,1,77353353,3772214,SCANMATE,2007-12-17,800,scanmate,REGISTERED AND RENEWED,Live/Registered,True,009,False
390,NEAR_1_SUBSTITUTION,1,88012994,5674892,SCAN-MATE,2018-06-25,710,scanmate,CANCELLED - SECTION 8,Dead/Cancelled,False,,False
390,NEAR_1_SUBSTITUTION,1,79223379,5651917,SCANMATE,2017-10-19,709,scanmate,CANCELLED SECTION 71,Dead/Cancelled,False,,False
390,NEAR_1_SUBSTITUTION,1,86293912,4740731,SCANMATE,2014-05-28,710,scanmate,CANCELLED - SECTION 8,Dead/Cancelled,False,,False
390,NEAR_1_SUBSTITUTION,1,85684504,4304995,SCANMODE,2012-07-23,710,scanmode,CANCELLED - SECTION 8,Dead/Cancelled,False,,False
390,NEAR_1_SUBSTITUTION,1,76616100,,SCANMATE,2004-10-15,602,scanmate,ABANDONED-FAILURE TO RESPOND OR LATE RESPONSE,Dead/Abandoned,False,010,True
390,NEAR_1_SUBSTITUTION,1,76239353,,SCANMATE,2001-04-10,606,scanmate,ABANDONED - NO STATEMENT OF USE FILED,Dead/Abandoned,False,009,False
390,NEAR_1_SUBSTITUTION,1,76083404,2708354,SCANMATE,2000-07-06,713,scanmate,CANCELLED - SECTION 18,Dead/Cancelled,False,,False
390,NEAR_1_DELETION,1,75059687,2057027,SCANMAD,1996-02-20,710,scanmad,CANCELLED - SECTION 8,Dead/Cancelled,False,,False
390,NEAR_1_SUBSTITUTION,1,74493119,1971720,SCANMATE,1994-02-22,710,scanmate,CANCELLED - SECTION 8,Dead/Cancelled,False,,False
390,NEAR_1_SUBSTITUTION,1,74148295,,SCANMATE,1991-03-18,606,scanmate,ABANDONED - NO STATEMENT OF USE FILED,Dead/Abandoned,False,,False
390,NEAR_1_SUBSTITUTION,1,74147330,1727161,SCANMATE,1991-03-13,710,scanmate,CANCELLED - SECTION 8,Dead/Cancelled,False,,False
390,NEAR_1_SUBSTITUTION,1,73609876,1429126,SCANMATE,1986-07-17,710,scanmate,CANCELLED - SECTION 8,Dead/Cancelled,False,,False
391,EXACT,0,79357809,,SCANFORM,2022-10-13,602,scanform,ABANDONED-FAILURE TO RESPOND OR LATE RESPONSE,Dead/Abandoned,False,009,False
391,EXACT,0,87380965,5278616,SCANFORM,2017-03-22,710,scanform,CANCELLED - SECTION 8,Dead/Cancelled,False,,False
391,EXACT,0,73733464,1540234,SCANFORM,1988-06-10,710,scanform,CANCELLED - SECTION 8,Dead/Cancelled,False,,False
391,NEAR_1_SUBSTITUTION,1,85973153,,SWANFORM,2013-06-28,602,swanform,ABANDONED-FAILURE TO RESPOND OR LATE RESPONSE,Dead/Abandoned,False,"011,017,019",False
391,NEAR_1_DELETION,1,85954400,,SCAN FOR,2013-06-07,606,scanfor,ABANDONED - NO STATEMENT OF USE FILED,Dead/Abandoned,False,035,True
391,NEAR_1_DELETION,1,75777113,,SCANFOR,1999-08-16,606,scanfor,ABANDONED - NO STATEMENT OF USE FILED,Dead/Abandoned,False,035,True
391,NEAR_1_SUBSTITUTION,1,75613268,,SPANFORM,1998-12-29,606,spanform,ABANDONED - NO STATEMENT OF USE FILED,Dead/Abandoned,False,006,False
391,NEAR_1_SUBSTITUTION,1,73056403,1039675,SPANFORM,1975-06-27,900,spanform,EXPIRED,Dead/Expired,False,,False
391,NEAR_1_INSERTION,1,72354521,0918943,SCANFORMS,1970-03-18,900,scanforms,EXPIRED,Dead/Expired,False,,False
391,NEAR_1_SUBSTITUTION,1,72142281,0747897,SPANFORM,1962-04-16,900,spanform,EXPIRED,Dead/Expired,False,,False
393,EXACT,0,74419722,1837361,SOURCECRAFT,1993-08-02,710,sourcecraft,CANCELLED - SECTION 8,Dead/Cancelled,False,,False
394,NEAR_1_SUBSTITUTION,1,87204161,5204990,SOURCEDAY,2016-10-14,701,sourceday,SECTION 8-ACCEPTED,Live/Registered,True,042,False
395,NEAR_1_INSERTION,1,97334321,7059519,WINDOW WORKS,2022-03-28,700,windowworks,REGISTERED,Live/Registered,True,035,True
395,NEAR_1_SUBSTITUTION,1,75357166,,WINDOWWORX,1997-09-15,606,windowworx,ABANDONED - NO STATEMENT OF USE FILED,Dead/Abandoned,False,037,False
395,NEAR_1_INSERTION,1,74162253,1705708,WINDOW WORKS,1991-04-29,710,windowworks,CANCELLED - SECTION 8,Dead/Cancelled,False,,False
395,NEAR_1_INSERTION,1,73787486,1600013,WINDOW WORKS,1989-03-20,710,windowworks,CANCELLED - SECTION 8,Dead/Cancelled,False,,False
395,NEAR_1_INSERTION,1,73688390,1492209,WINDOW WORKS,1987-10-05,710,windowworks,CANCELLED - SECTION 8,Dead/Cancelled,False,,False
395,NEAR_1_INSERTION,1,73253815,1170722,WINDOW WORKS,1980-03-13,710,windowworks,CANCELLED - SECTION 8,Dead/Cancelled,False,,False
396,NEAR_1_DELETION,1,77819150,,WINDOWISE,2009-09-03,606,windowise,ABANDONED - NO STATEMENT OF USE FILED,Dead/Abandoned,False,017,False
396,NEAR_1_DELETION,1,75746660,,WINDOWISE,1999-07-09,606,windowise,ABANDONED - NO STATEMENT OF USE FILED,Dead/Abandoned,False,"009,041",False
397,NEAR_1_SUBSTITUTION,1,73834515,1600669,WINDOW-LITE,1989-10-30,710,windowlite,CANCELLED - SECTION 8,Dead/Cancelled,False,,False
397,NEAR_1_DELETION,1,72316866,0882524,WIND-O-LINE,1969-01-17,900,windoline,EXPIRED,Dead/Expired,False,,False
398,NEAR_1_SUBSTITUTION,1,75381804,2298744,WINDOW KING,1997-10-30,710,windowking,CANCELLED - SECTION 8,Dead/Cancelled,False,,False
399,EXACT,0,75492451,2358412,WINDOWCRAFT,1998-05-26,710,windowcraft,CANCELLED - SECTION 8,Dead/Cancelled,False,,False
399,EXACT,0,74244890,1720052,WINDOWCRAFT,1992-02-10,710,windowcraft,CANCELLED - SECTION 8,Dead/Cancelled,False,,False
399,EXACT,0,74082223,1693009,WINDOW CRAFT,1990-07-26,710,windowcraft,CANCELLED - SECTION 8,Dead/Cancelled,False,,False
401,EXACT,0,90867119,,TRANSPARENCY INDEX,2021-08-05,606,transparencyindex,ABANDONED - NO STATEMENT OF USE FILED,Dead/Abandoned,False,036,False
404,EXACT,0,90174213,6422070,OPEN ARCHITECTURE,2020-09-11,700,openarchitecture,REGISTERED,Live/Registered,True,035,True
404,EXACT,0,88658688,,OPEN ARCHITECTURE,2019-10-17,602,openarchitecture,ABANDONED-FAILURE TO RESPOND OR LATE RESPONSE,Dead/Abandoned,False,035,True
404,EXACT,0,85662121,,OPEN ARCHITECTURE,2012-06-26,602,openarchitecture,ABANDONED-FAILURE TO RESPOND OR LATE RESPONSE,Dead/Abandoned,False,011,False
404,EXACT,0,78449954,,OPEN ARCHITECTURE,2004-07-13,606,openarchitecture,ABANDONED - NO STATEMENT OF USE FILED,Dead/Abandoned,False,036,False
404,EXACT,0,78254817,2838788,OPEN ARCHITECTURE,2003-05-27,710,openarchitecture,CANCELLED - SECTION 8,Dead/Cancelled,False,,False
404,EXACT,0,75197462,,OPEN ARCHITECTURE,1996-11-13,606,openarchitecture,ABANDONED - NO STATEMENT OF USE FILED,Dead/Abandoned,False,,False
405,EXACT,0,86023091,4565714,OPEN ASSEMBLY,2013-07-30,710,openassembly,CANCELLED - SECTION 8,Dead/Cancelled,False,,False
405,EXACT,0,85542942,,OPEN ASSEMBLY,2012-02-15,602,openassembly,ABANDONED-FAILURE TO RESPOND OR LATE RESPONSE,Dead/Abandoned,False,042,False
409,EXACT,0,77017547,,BUILDSHEET,2006-10-10,606,buildsheet,ABANDONED - NO STATEMENT OF USE FILED,Dead/Abandoned,False,"038,041",False
409,EXACT,0,78221766,,BUILD SHEET,2003-03-05,606,buildsheet,ABANDONED - NO STATEMENT OF USE FILED,Dead/Abandoned,False,028,False
414,NEAR_1_SUBSTITUTION,1,99606208,,TRADESCALE,2026-01-21,686,tradescale,PUBLISHED FOR OPPOSITION,Live/Pending,True,035,True
419,EXACT,0,74626467,1971076,SCORE SHEET,1995-01-27,710,scoresheet,CANCELLED - SECTION 8,Dead/Cancelled,False,,False
419,EXACT,0,74418642,,SCORE SHEET,1993-07-30,602,scoresheet,ABANDONED-FAILURE TO RESPOND OR LATE RESPONSE,Dead/Abandoned,False,,False
419,EXACT,0,73256299,1178221,SCORE SHEET,1980-03-31,710,scoresheet,CANCELLED - SECTION 8,Dead/Cancelled,False,,False
419,EXACT,0,73038312,1029567,SCORESHEET,1974-11-27,900,scoresheet,EXPIRED,Dead/Expired,False,,False
419,NEAR_1_SUBSTITUTION,1,87827087,5886171,SKORESHEET,2018-03-09,710,skoresheet,CANCELLED - SECTION 8,Dead/Cancelled,False,,False
420,NEAR_1_SUBSTITUTION,1,74009029,,REFERENCE FILE,1989-12-08,602,referencefile,ABANDONED-FAILURE TO RESPOND OR LATE RESPONSE,Dead/Abandoned,False,,False
425,EXACT,0,98466274,,UNDERSTOOD,2024-03-25,732,understood,THIRD EXTENSION - GRANTED,Live/Pending,True,"009,042",False
425,EXACT,0,97875358,7511093,UNDERSTOOD,2023-04-06,700,understood,REGISTERED,Live/Registered,True,009,False
425,EXACT,0,88814193,6542006,UNDERSTOOD,2020-02-28,700,understood,REGISTERED,Live/Registered,True,035,True
425,EXACT,0,86981949,5188176,UNDERSTOOD,2014-08-04,705,understood,PARTIAL SECTION 8 & 15 ACCEPTED AND ACKNOWLEDGED,Live/Registered,True,"041,044",True
425,EXACT,0,88814197,,UNDERSTOOD,2020-02-28,606,understood,ABANDONED - NO STATEMENT OF USE FILED,Dead/Abandoned,False,042,False
425,EXACT,0,86949062,5375912,UNDERSTOOD,2016-03-22,710,understood,CANCELLED - SECTION 8,Dead/Cancelled,False,,False
425,EXACT,0,86357105,,UNDERSTOOD,2014-08-04,602,understood,ABANDONED-FAILURE TO RESPOND OR LATE RESPONSE,Dead/Abandoned,False,036,False
425,EXACT,0,86106147,,UNDERSTOOD,2013-10-30,605,understood,ABANDONED EXPRESS AFTER PUB,Dead/Abandoned,False,,False
425,NEAR_1_INSERTION,1,98130658,7541065,FUNDERSTOOD,2023-08-14,700,funderstood,REGISTERED,Live/Registered,True,"007,011",False
425,NEAR_1_INSERTION,1,97781720,7445984,FUNDERSTOOD,2023-02-06,700,funderstood,REGISTERED,Live/Registered,True,006,False
425,NEAR_1_INSERTION,1,90243129,,FUNDERSTOOD,2020-10-08,602,funderstood,ABANDONED-FAILURE TO RESPOND OR LATE RESPONSE,Dead/Abandoned,False,028,False
435,NEAR_1_DELETION,1,99365446,,PROOFRAIL,2025-08-29,688,proofrail,NOTICE OF ALLOWANCE - ISSUED,Live/Pending,True,042,False
436,EXACT,0,99313432,,ONRECORD,2025-07-31,661,onrecord,RESPONSE AFTER NON-FINAL ACTION - ENTERED,Live/Pending,True,"035,042",True
436,EXACT,0,87893397,,ONRECORD,2018-04-25,606,onrecord,ABANDONED - NO STATEMENT OF USE FILED,Dead/Abandoned,False,041,False
436,EXACT,0,85883884,,ON RECORD,2013-03-22,606,onrecord,ABANDONED - NO STATEMENT OF USE FILED,Dead/Abandoned,False,035,True
436,EXACT,0,85870183,,ON RECORD,2013-03-07,606,onrecord,ABANDONED - NO STATEMENT OF USE FILED,Dead/Abandoned,False,"025,041",False
436,EXACT,0,85640508,4389283,ONRECORD,2012-06-01,710,onrecord,CANCELLED - SECTION 8,Dead/Cancelled,False,,False
436,EXACT,0,74175431,,ON RECORD,1991-06-11,606,onrecord,ABANDONED - NO STATEMENT OF USE FILED,Dead/Abandoned,False,,False
436,EXACT,0,72164252,0766733,ON RECORD,1963-03-08,900,onrecord,EXPIRED,Dead/Expired,False,,False
436,NEAR_1_SUBSTITUTION,1,99681858,,UNRECORD,2026-03-04,680,unrecord,APPROVED FOR PUBLICATION,Live/Pending,True,"009,028,041",False
436,NEAR_1_SUBSTITUTION,1,79378655,7646473,UNRECORD,2023-05-23,700,unrecord,REGISTERED,Live/Registered,True,"009,028,041",False
436,NEAR_1_INSERTION,1,87759057,6295578,ONERECORD,2018-01-17,700,onerecord,REGISTERED,Live/Registered,True,009,False
436,NEAR_1_INSERTION,1,87983019,6064863,ONERECORD,2018-01-17,700,onerecord,REGISTERED,Live/Registered,True,042,False
436,NEAR_1_INSERTION,1,87983020,6064864,ONERECORD,2018-01-17,700,onerecord,REGISTERED,Live/Registered,True,042,False
436,NEAR_1_SUBSTITUTION,1,79385650,,UNRECORD,2023-09-14,602,unrecord,ABANDONED-FAILURE TO RESPOND OR LATE RESPONSE,Dead/Abandoned,False,"009,025,028,041",False
436,NEAR_1_INSERTION,1,87759006,,ONERECORD,2018-01-17,606,onerecord,ABANDONED - NO STATEMENT OF USE FILED,Dead/Abandoned,False,009,False
436,NEAR_1_DELETION,1,87182876,5387680,ONE CORD,2016-09-26,710,onecord,CANCELLED - SECTION 8,Dead/Cancelled,False,,False
436,NEAR_1_INSERTION,1,86822885,,ONERECORD,2015-11-17,602,onerecord,ABANDONED-FAILURE TO RESPOND OR LATE RESPONSE,Dead/Abandoned,False,"038,042,044",True
436,NEAR_1_DELETION,1,86018245,,ONECORD,2013-07-24,606,onecord,ABANDONED - NO STATEMENT OF USE FILED,Dead/Abandoned,False,009,False
436,NEAR_1_SUBSTITUTION,1,77572606,,OF RECORD,2008-09-17,602,ofrecord,ABANDONED-FAILURE TO RESPOND OR LATE RESPONSE,Dead/Abandoned,False,045,False
436,NEAR_1_INSERTION,1,77332204,,ONERECORD,2007-11-16,604,onerecord,ABANDONED - AFTER INTER-PARTES DECISION,Dead/Abandoned,False,,False
440,NEAR_1_SUBSTITUTION,1,88876863,6189342,CLAIMTRACK,2020-04-17,701,claimtrack,SECTION 8-ACCEPTED,Live/Registered,True,045,False
440,NEAR_1_SUBSTITUTION,1,75427715,2346399,CLAIMTRACK,1998-02-02,710,claimtrack,CANCELLED - SECTION 8,Dead/Cancelled,False,,False
440,NEAR_1_SUBSTITUTION,1,75426105,2327750,CLAIMTRACK,1998-01-30,710,claimtrack,CANCELLED - SECTION 8,Dead/Cancelled,False,,False
440,NEAR_1_SUBSTITUTION,1,74702681,2068431,CLAIM TRACS,1995-07-13,710,claimtracs,CANCELLED - SECTION 8,Dead/Cancelled,False,,False
440,NEAR_1_SUBSTITUTION,1,74426998,1855581,CLAIMTRACK,1993-08-23,710,claimtrack,CANCELLED - SECTION 8,Dead/Cancelled,False,,False
442,EXACT,0,75116870,2090911,CHECKED TWICE,1996-06-10,710,checkedtwice,CANCELLED - SECTION 8,Dead/Cancelled,False,,False
444,EXACT,0,85407731,4269144,AUDITMARK,2011-08-25,800,auditmark,REGISTERED AND RENEWED,Live/Registered,True,009,False
444,NEAR_1_SUBSTITUTION,1,78238553,,AUDIO MARK,2003-04-16,606,audiomark,ABANDONED - NO STATEMENT OF USE FILED,Dead/Abandoned,False,009,False
445,NEAR_1_SUBSTITUTION,1,86941481,5454065,TRACKRECORD,2016-03-15,710,trackrecord,CANCELLED - SECTION 8,Dead/Cancelled,False,,False
445,NEAR_1_SUBSTITUTION,1,78623828,3331013,TRACKRECORD,2005-05-05,710,trackrecord,CANCELLED - SECTION 8,Dead/Cancelled,False,,False
445,NEAR_1_SUBSTITUTION,1,76195082,2527294,TRACKRECORD,2001-01-17,710,trackrecord,CANCELLED - SECTION 8,Dead/Cancelled,False,,False
445,NEAR_1_SUBSTITUTION,1,75911668,,TRACKRECORD,2000-02-07,606,trackrecord,ABANDONED - NO STATEMENT OF USE FILED,Dead/Abandoned,False,009,False
445,NEAR_1_SUBSTITUTION,1,75461390,2443025,TRACKRECORD,1998-04-02,710,trackrecord,CANCELLED - SECTION 8,Dead/Cancelled,False,,False
445,NEAR_1_SUBSTITUTION,1,74659548,1986853,TRACK RECORD,1995-04-03,710,trackrecord,CANCELLED - SECTION 8,Dead/Cancelled,False,,False
445,NEAR_1_SUBSTITUTION,1,74611398,,TRACK RECORD,1994-12-15,606,trackrecord,ABANDONED - NO STATEMENT OF USE FILED,Dead/Abandoned,False,,False
445,NEAR_1_SUBSTITUTION,1,74525224,,TRACKRECORD,1994-05-16,606,trackrecord,ABANDONED - NO STATEMENT OF USE FILED,Dead/Abandoned,False,,False
445,NEAR_1_SUBSTITUTION,1,74395800,1826225,TRACK RECORD,1993-05-27,710,trackrecord,CANCELLED - SECTION 8,Dead/Cancelled,False,,False
445,NEAR_1_SUBSTITUTION,1,74154866,,"""TRACKRECORD""",1991-04-08,606,trackrecord,ABANDONED - NO STATEMENT OF USE FILED,Dead/Abandoned,False,,False
445,NEAR_1_SUBSTITUTION,1,73731035,1520130,TRACK RECORD,1988-05-27,710,trackrecord,CANCELLED - SECTION 8,Dead/Cancelled,False,,False
445,NEAR_1_SUBSTITUTION,1,73698669,,TRACK RECORD,1987-11-19,604,trackrecord,ABANDONED - AFTER INTER-PARTES DECISION,Dead/Abandoned,False,,False
446,NEAR_1_SUBSTITUTION,1,99310999,,SOURCETRAIT,2025-07-30,802,sourcetrait,REQUEST FOR EXTENSION OF TIME TO FILE OPPOSITION,Live/Pending,True,009,False
459,EXACT,0,97196499,7052357,SOURCETRACE.,2021-12-30,700,sourcetrace,REGISTERED,Live/Registered,True,042,False
459,EXACT,0,86863881,5057914,SOURCETRACE,2016-01-02,710,sourcetrace,CANCELLED - SECTION 8,Dead/Cancelled,False,,False
459,EXACT,0,77196171,3448039,SOURCETRACE,2007-06-02,710,sourcetrace,CANCELLED - SECTION 8,Dead/Cancelled,False,,False
459,NEAR_1_INSERTION,1,99796940,,SOURCETRACER,2026-04-30,630,sourcetracer,NEW APPLICATION - RECORD INITIALIZED NOT ASSIGNED TO EXAMINER,Live/Pending,True,042,False
459,NEAR_1_DELETION,1,77377565,3495386,SOURCETRAC,2008-01-22,800,sourcetrac,REGISTERED AND RENEWED,Live/Registered,True,042,False
459,NEAR_1_SUBSTITUTION,1,75915922,,SOURCETRACK,2000-02-10,601,sourcetrack,ABANDONED - EXPRESS,Dead/Abandoned,False,"009,035",True
459,NEAR_1_SUBSTITUTION,1,75909408,,SOURCETRACK,2000-02-04,601,sourcetrack,ABANDONED - EXPRESS,Dead/Abandoned,False,"009,035",True
459,NEAR_1_SUBSTITUTION,1,75080341,2098851,SOURCETRACK,1996-03-28,710,sourcetrack,CANCELLED - SECTION 8,Dead/Cancelled,False,,False
461,EXACT,0,73159041,1121348,CALIBRATION STANDARD,1978-02-17,900,calibrationstandard,EXPIRED,Dead/Expired,False,,False
463,EXACT,0,88157632,,DECISION QUALITY,2018-10-16,602,decisionquality,ABANDONED-FAILURE TO RESPOND OR LATE RESPONSE,Dead/Abandoned,False,042,False
464,NEAR_1_INSERTION,1,77800701,3763082,CHOICESETS,2009-08-10,800,choicesets,REGISTERED AND RENEWED,Live/Registered,True,009,False
464,NEAR_1_SUBSTITUTION,1,85337765,4222781,CHOICENET,2011-06-03,710,choicenet,CANCELLED - SECTION 8,Dead/Cancelled,False,,False
464,NEAR_1_INSERTION,1,75323877,2202386,CHOICESEAT,1997-07-14,710,choiceseat,CANCELLED - SECTION 8,Dead/Cancelled,False,,False
464,NEAR_1_SUBSTITUTION,1,75189318,2380183,CHOICENET,1996-10-29,710,choicenet,CANCELLED - SECTION 8,Dead/Cancelled,False,,False
464,NEAR_1_SUBSTITUTION,1,75141937,2126790,CHOICENET,1996-07-30,710,choicenet,CANCELLED - SECTION 8,Dead/Cancelled,False,,False
464,NEAR_1_SUBSTITUTION,1,75109465,,CHOICE.NET,1996-05-24,603,choicenet,ABANDONED - AFTER EX PARTE APPEAL,Dead/Abandoned,False,038,False
464,NEAR_1_SUBSTITUTION,1,75102063,2096975,CHOICENET,1996-05-10,710,choicenet,CANCELLED - SECTION 8,Dead/Cancelled,False,,False
464,NEAR_1_SUBSTITUTION,1,75078599,2104767,CHOICENET,1996-03-26,710,choicenet,CANCELLED - SECTION 8,Dead/Cancelled,False,,False
464,NEAR_1_SUBSTITUTION,1,74529546,,CHOICENET,1994-05-25,606,choicenet,ABANDONED - NO STATEMENT OF USE FILED,Dead/Abandoned,False,,False
469,EXACT,0,78472527,,DECISIONPATH,2004-08-24,602,decisionpath,ABANDONED-FAILURE TO RESPOND OR LATE RESPONSE,Dead/Abandoned,False,"035,042",True
469,EXACT,0,78299318,3291478,DECISIONPATH,2003-09-11,710,decisionpath,CANCELLED - SECTION 8,Dead/Cancelled,False,,False
469,EXACT,0,75333647,2252568,DECISIONPATH,1997-07-31,710,decisionpath,CANCELLED - SECTION 8,Dead/Cancelled,False,,False
478,EXACT,0,99773844,,GOODSENSE,2026-04-20,686,goodsense,PUBLISHED FOR OPPOSITION,Live/Pending,True,"003,005,008,010,021,025",True
478,EXACT,0,98095588,7449549,GOOD SENSE,2023-07-21,700,goodsense,REGISTERED,Live/Registered,True,009,False
478,EXACT,0,98095610,7449551,GOOD SENSE,2023-07-21,700,goodsense,REGISTERED,Live/Registered,True,009,False
478,EXACT,0,97278443,7052602,GOOD SENSE,2022-02-22,700,goodsense,REGISTERED,Live/Registered,True,"009,016,041",False
478,EXACT,0,90845482,6718715,GOODSENSE,2021-07-23,700,goodsense,REGISTERED,Live/Registered,True,"003,005",True
478,EXACT,0,88929274,6571897,GOOD SENSE,2020-05-22,700,goodsense,REGISTERED,Live/Registered,True,"029,030,031",False
478,EXACT,0,87572564,5392027,GOODSENSE,2017-08-17,705,goodsense,PARTIAL SECTION 8 & 15 ACCEPTED AND ACKNOWLEDGED,Live/Registered,True,005,True
478,EXACT,0,85643777,4282338,GOODSENSE,2012-06-05,800,goodsense,REGISTERED AND RENEWED,Live/Registered,True,016,False
478,EXACT,0,85007995,3999237,GOODSENSE,2010-04-07,800,goodsense,REGISTERED AND RENEWED,Live/Registered,True,008,False
478,EXACT,0,77888522,3962760,GOODSENSE,2009-12-08,800,goodsense,REGISTERED AND RENEWED,Live/Registered,True,"003,008",True
478,EXACT,0,79067698,3761454,GOODSENSE,2009-02-18,706,goodsense,SECTION 71 ACCEPTED,Live/Registered,True,012,False
478,EXACT,0,77641060,3775870,GOODSENSE,2008-12-30,800,goodsense,REGISTERED AND RENEWED,Live/Registered,True,021,True
478,EXACT,0,78704449,3129568,GOODSENSE,2005-08-31,800,goodsense,REGISTERED AND RENEWED,Live/Registered,True,"016,021,025",True
478,EXACT,0,78596889,3068259,GOOD SENSE,2005-03-29,800,goodsense,REGISTERED AND RENEWED,Live/Registered,True,016,False
478,EXACT,0,76619904,3163213,GOODSENSE,2004-11-09,800,goodsense,REGISTERED AND RENEWED,Live/Registered,True,"005,010",True
478,EXACT,0,78183090,2855175,GOOD SENSE,2002-11-08,800,goodsense,REGISTERED AND RENEWED,Live/Registered,True,041,False
478,EXACT,0,76139699,2549505,GOODSENSE,2000-10-02,800,goodsense,REGISTERED AND RENEWED,Live/Registered,True,"003,005,008,021,025",True
478,EXACT,0,73840195,1763914,GOODSENSE,1989-11-15,800,goodsense,REGISTERED AND RENEWED,Live/Registered,True,"003,005",True
478,EXACT,0,73674398,1609925,GOOD SENSE,1987-07-24,800,goodsense,REGISTERED AND RENEWED,Live/Registered,True,"029,030,031",False
478,EXACT,0,73650112,1460105,GOOD SENSE,1987-03-19,800,goodsense,REGISTERED AND RENEWED,Live/Registered,True,022,False
478,EXACT,0,72335871,0917464,GOOD SENSE,1969-08-21,800,goodsense,REGISTERED AND RENEWED,Live/Registered,True,005,True
478,EXACT,0,99369076,,GOODSENSE,2025-09-02,601,goodsense,ABANDONED - EXPRESS,Dead/Abandoned,False,"003,005,008,010,021,025",True
478,EXACT,0,85698435,4413243,GOODSENSE,2012-08-08,710,goodsense,CANCELLED - SECTION 8,Dead/Cancelled,False,,False
478,EXACT,0,79097328,4181278,GOODSENSE,2011-04-21,709,goodsense,CANCELLED SECTION 71,Dead/Cancelled,False,,False
478,EXACT,0,79097736,4184739,GOODSENSE,2011-04-11,404,goodsense,IR CANCELLED; US REGISTRATION CANCELLED,Dead/Cancelled,False,,False
478,EXACT,0,77702858,3692520,GOOD SENSE,2009-03-31,710,goodsense,CANCELLED - SECTION 8,Dead/Cancelled,False,,False
478,EXACT,0,77599258,,GOOD SENSE,2008-10-23,605,goodsense,ABANDONED EXPRESS AFTER PUB,Dead/Abandoned,False,,False
478,EXACT,0,77178095,,GOOD SENSE,2007-05-10,606,goodsense,ABANDONED - NO STATEMENT OF USE FILED,Dead/Abandoned,False,030,False
478,EXACT,0,78596758,3178338,GOOD SENSE,2005-03-29,710,goodsense,CANCELLED - SECTION 8,Dead/Cancelled,False,,False
478,EXACT,0,78183081,2867888,GOOD SENSE,2002-11-08,710,goodsense,CANCELLED - SECTION 8,Dead/Cancelled,False,,False
478,EXACT,0,75981699,,GOOD SENSE,2000-09-21,603,goodsense,ABANDONED - AFTER EX PARTE APPEAL,Dead/Abandoned,False,010,True
478,EXACT,0,76133186,,GOOD SENSE,2000-09-21,606,goodsense,ABANDONED - NO STATEMENT OF USE FILED,Dead/Abandoned,False,003,True
478,EXACT,0,75015849,2056313,GOOD SENSE,1995-11-07,710,goodsense,CANCELLED - SECTION 8,Dead/Cancelled,False,,False
478,EXACT,0,74612806,2152692,GOOD SENSE,1994-12-19,710,goodsense,CANCELLED - SECTION 8,Dead/Cancelled,False,,False
478,EXACT,0,74409069,1836819,GOOD SENSE,1993-07-06,710,goodsense,CANCELLED - SECTION 8,Dead/Cancelled,False,,False
478,EXACT,0,74290943,,GOOD SENSE,1992-07-06,606,goodsense,ABANDONED - NO STATEMENT OF USE FILED,Dead/Abandoned,False,,False
478,EXACT,0,74801827,1860396,GOOD SENSE,1992-07-06,710,goodsense,CANCELLED - SECTION 8,Dead/Cancelled,False,,False
478,EXACT,0,74280006,1762802,GOOD SENSE,1992-06-01,710,goodsense,CANCELLED - SECTION 8,Dead/Cancelled,False,,False
478,EXACT,0,74269484,1988742,GOOD-SENSE,1992-04-27,710,goodsense,CANCELLED - SECTION 8,Dead/Cancelled,False,,False
478,EXACT,0,74086686,,GOOD SENSE,1990-08-10,601,goodsense,ABANDONED - EXPRESS,Dead/Abandoned,False,,False
478,EXACT,0,74071064,,GOOD SENSE,1990-06-20,606,goodsense,ABANDONED - NO STATEMENT OF USE FILED,Dead/Abandoned,False,,False
478,EXACT,0,73768683,1609250,GOOD SENSE,1988-12-12,710,goodsense,CANCELLED - SECTION 8,Dead/Cancelled,False,,False
478,EXACT,0,73450420,,GOOD SENSE,1983-10-31,602,goodsense,ABANDONED-FAILURE TO RESPOND OR LATE RESPONSE,Dead/Abandoned,False,,False
478,EXACT,0,73435159,,GOOD SENSE,1983-07-18,603,goodsense,ABANDONED - AFTER EX PARTE APPEAL,Dead/Abandoned,False,,False
478,EXACT,0,73411475,1282944,GOOD SENSE,1983-01-31,713,goodsense,CANCELLED - SECTION 18,Dead/Cancelled,False,,False
478,EXACT,0,73044964,1022797,GOOD SENSE,1975-02-24,900,goodsense,EXPIRED,Dead/Expired,False,,False
478,EXACT,0,72438225,0968705,GOOD SENSE,1972-10-13,900,goodsense,EXPIRED,Dead/Expired,False,,False
478,NEAR_1_SUBSTITUTION,1,99579694,,WOODSENSE,2026-01-06,686,woodsense,PUBLISHED FOR OPPOSITION,Live/Pending,True,009,False
478,NEAR_1_SUBSTITUTION,1,98833209,7973498,MOODSENSE,2024-11-01,700,moodsense,REGISTERED,Live/Registered,True,005,True
478,NEAR_1_SUBSTITUTION,1,88186230,5973871,FOODSENSE,2018-11-08,701,foodsense,SECTION 8-ACCEPTED,Live/Registered,True,009,False
478,NEAR_1_SUBSTITUTION,1,86849852,5021241,FOODSENSE,2015-12-15,701,foodsense,SECTION 8-ACCEPTED,Live/Registered,True,016,False
478,NEAR_1_SUBSTITUTION,1,75648677,2326189,FOODSENSE,1999-02-25,800,foodsense,REGISTERED AND RENEWED,Live/Registered,True,"041,042",False
478,NEAR_1_SUBSTITUTION,1,87926345,5817212,FOODSENSE,2018-05-17,710,foodsense,CANCELLED - SECTION 8,Dead/Cancelled,False,,False
478,NEAR_1_SUBSTITUTION,1,87391343,5602206,MOODSENSE,2017-03-29,710,moodsense,CANCELLED - SECTION 8,Dead/Cancelled,False,,False
478,NEAR_1_SUBSTITUTION,1,86092588,5000898,WOODSENSE,2013-10-16,710,woodsense,CANCELLED - SECTION 8,Dead/Cancelled,False,,False
478,NEAR_1_SUBSTITUTION,1,85922880,,FOODSENSE,2013-05-03,602,foodsense,ABANDONED-FAILURE TO RESPOND OR LATE RESPONSE,Dead/Abandoned,False,"016,041",False
478,NEAR_1_SUBSTITUTION,1,85057217,,MOOD SENSE,2010-06-08,602,moodsense,ABANDONED-FAILURE TO RESPOND OR LATE RESPONSE,Dead/Abandoned,False,003,True
478,NEAR_1_SUBSTITUTION,1,74090031,,FOOD SENSE,1990-08-20,602,foodsense,ABANDONED-FAILURE TO RESPOND OR LATE RESPONSE,Dead/Abandoned,False,,False
478,NEAR_1_SUBSTITUTION,1,74075294,,FOODSENSE,1990-07-05,606,foodsense,ABANDONED - NO STATEMENT OF USE FILED,Dead/Abandoned,False,,False
478,NEAR_1_SUBSTITUTION,1,74075296,,FOODSENSE,1990-07-05,602,foodsense,ABANDONED-FAILURE TO RESPOND OR LATE RESPONSE,Dead/Abandoned,False,,False
478,NEAR_1_SUBSTITUTION,1,74005939,1604684,WOODSENSE,1989-11-29,710,woodsense,CANCELLED - SECTION 8,Dead/Cancelled,False,,False
480,NEAR_1_SUBSTITUTION,1,99791588,,LEADFORWARD,2026-04-28,630,leadforward,NEW APPLICATION - RECORD INITIALIZED NOT ASSIGNED TO EXAMINER,Live/Pending,True,041,False
480,NEAR_1_SUBSTITUTION,1,90544581,,LEADFORWARD,2021-02-24,602,leadforward,ABANDONED-FAILURE TO RESPOND OR LATE RESPONSE,Dead/Abandoned,False,035,True
480,NEAR_1_SUBSTITUTION,1,86803041,,LEAD FORWARD,2015-10-29,606,leadforward,ABANDONED - NO STATEMENT OF USE FILED,Dead/Abandoned,False,035,True
480,NEAR_1_SUBSTITUTION,1,86982494,5242557,LEAD FORWARD,2015-10-29,710,leadforward,CANCELLED - SECTION 8,Dead/Cancelled,False,,False
480,NEAR_1_SUBSTITUTION,1,76412578,2711151,LEAD FORWARD,2002-05-24,710,leadforward,CANCELLED - SECTION 8,Dead/Cancelled,False,,False
482,EXACT,0,88694440,6075030,DECISION TREE,2019-11-15,700,decisiontree,REGISTERED,Live/Registered,True,044,True
482,EXACT,0,87271462,5449443,DECISION TREE,2016-12-16,702,decisiontree,SECTION 8 & 15-ACCEPTED AND ACKNOWLEDGED,Live/Registered,True,042,False
482,EXACT,0,78479874,3023445,DECISIONTREE,2004-09-07,710,decisiontree,CANCELLED - SECTION 8,Dead/Cancelled,False,,False
482,EXACT,0,78151329,2770415,DECISION TREE,2002-08-06,710,decisiontree,CANCELLED - SECTION 8,Dead/Cancelled,False,,False
482,EXACT,0,78100550,,DECISION TREE,2002-01-02,602,decisiontree,ABANDONED-FAILURE TO RESPOND OR LATE RESPONSE,Dead/Abandoned,False,035,True
482,EXACT,0,75510022,,DECISION TREE,1998-06-29,602,decisiontree,ABANDONED-FAILURE TO RESPOND OR LATE RESPONSE,Dead/Abandoned,False,009,False
482,EXACT,0,74682232,,DECISION TREE,1995-05-30,602,decisiontree,ABANDONED-FAILURE TO RESPOND OR LATE RESPONSE,Dead/Abandoned,False,,False
482,EXACT,0,74047600,,DECISIONTREE,1990-04-10,602,decisiontree,ABANDONED-FAILURE TO RESPOND OR LATE RESPONSE,Dead/Abandoned,False,,False
482,EXACT,0,73593768,1413202,DECISION TREE,1986-04-16,710,decisiontree,CANCELLED - SECTION 8,Dead/Cancelled,False,,False
482,NEAR_1_SUBSTITUTION,1,77607941,3634893,DECISION-FREE,2008-11-05,800,decisionfree,REGISTERED AND RENEWED,Live/Registered,True,044,True
489,NEAR_1_SUBSTITUTION,1,87656745,5485638,ROUTEMARKET,2017-10-23,710,routemarket,CANCELLED - SECTION 8,Dead/Cancelled,False,,False
489,NEAR_1_DELETION,1,74201093,1759557,ROUTEMAKER,1991-09-06,710,routemaker,CANCELLED - SECTION 8,Dead/Cancelled,False,,False
490,EXACT,0,86727218,5046776,QUESTIONCARD,2015-08-17,800,questioncard,REGISTERED AND RENEWED,Live/Registered,True,036,False
490,EXACT,0,90536188,,QUESTION CARD,2021-02-19,602,questioncard,ABANDONED-FAILURE TO RESPOND OR LATE RESPONSE,Dead/Abandoned,False,028,False
492,NEAR_1_INSERTION,1,73499641,,READING KEYS,1984-09-17,602,readingkeys,ABANDONED-FAILURE TO RESPOND OR LATE RESPONSE,Dead/Abandoned,False,,False
493,EXACT,0,79229457,5583040,SENSEMAP,2018-01-10,709,sensemap,CANCELLED SECTION 71,Dead/Cancelled,False,,False
493,NEAR_1_SUBSTITUTION,1,97150672,6941437,SENSECAP,2021-12-01,700,sensecap,REGISTERED,Live/Registered,True,009,False
493,NEAR_1_SUBSTITUTION,1,87143885,5239913,SENSE MAX,2016-08-19,710,sensemax,CANCELLED - SECTION 8,Dead/Cancelled,False,,False
493,NEAR_1_SUBSTITUTION,1,87143887,5249057,SENSEMAX,2016-08-19,710,sensemax,CANCELLED - SECTION 8,Dead/Cancelled,False,,False
493,NEAR_1_SUBSTITUTION,1,87143892,5175977,SENSEMAX,2016-08-19,713,sensemax,CANCELLED - SECTION 18,Dead/Cancelled,False,,False
493,NEAR_1_SUBSTITUTION,1,87143899,5254464,SENSEMAX,2016-08-19,710,sensemax,CANCELLED - SECTION 8,Dead/Cancelled,False,,False
493,NEAR_1_TRANSPOSITION,1,76612502,,SENSEAMP,2004-09-08,601,senseamp,ABANDONED - EXPRESS,Dead/Abandoned,False,001,False
493,NEAR_1_TRANSPOSITION,1,76579104,,SENSEAMP,2004-03-04,602,senseamp,ABANDONED-FAILURE TO RESPOND OR LATE RESPONSE,Dead/Abandoned,False,001,False
