candidate_id,hit_type,distance,serial_no,registration_no,mark_id_char,filing_dt,status_cd,mark_norm,status_description,live_dead_indicator,is_live,active_classes,has_relevant_class
0,NEAR_1_DELETION,1,99682554,,ABSOLUTE,2026-03-04,641,absolute,NON-FINAL ACTION - MAILED,Live/Pending,True,012,False
0,NEAR_1_DELETION,1,98669159,7762007,ABSOLUTE,2024-07-26,700,absolute,REGISTERED,Live/Registered,True,008,False
0,NEAR_1_DELETION,1,98289457,7999002,ABSOLUTE,2023-11-29,700,absolute,REGISTERED,Live/Registered,True,041,False
0,NEAR_1_DELETION,1,97581233,7375740,ABSOLUTE,2022-09-07,700,absolute,REGISTERED,Live/Registered,True,005,True
0,NEAR_1_DELETION,1,97051072,6879037,ABSOLUTE,2021-09-29,700,absolute,REGISTERED,Live/Registered,True,037,False
0,NEAR_1_DELETION,1,97051079,6879038,ABSOLUTE,2021-09-29,700,absolute,REGISTERED,Live/Registered,True,042,False
0,NEAR_1_DELETION,1,97051084,6879040,ABSOLUTE,2021-09-29,700,absolute,REGISTERED,Live/Registered,True,037,False
0,NEAR_1_DELETION,1,97051090,6879041,ABSOLUTE,2021-09-29,700,absolute,REGISTERED,Live/Registered,True,042,False
0,NEAR_1_DELETION,1,90630057,6741230,ABSOLUTE,2021-04-07,700,absolute,REGISTERED,Live/Registered,True,003,True
0,NEAR_1_DELETION,1,90286696,7031561,ABSOLUTE,2020-10-29,700,absolute,REGISTERED,Live/Registered,True,"003,004",True
0,NEAR_1_DELETION,1,79294934,6285478,ABSOLUTE,2020-07-24,700,absolute,REGISTERED,Live/Registered,True,012,False
0,NEAR_1_DELETION,1,88937608,6406749,ABSOLUTE,2020-05-28,700,absolute,REGISTERED,Live/Registered,True,016,False
0,NEAR_1_DELETION,1,88918583,6215914,ABSOLUTE,2020-05-15,700,absolute,REGISTERED,Live/Registered,True,042,False
0,NEAR_1_DELETION,1,86867576,5481500,ABSOLUTE,2016-01-06,702,absolute,SECTION 8 & 15-ACCEPTED AND ACKNOWLEDGED,Live/Registered,True,"010,044",True
0,NEAR_1_DELETION,1,86717471,5656052,ABSOLUTE,2015-08-06,702,absolute,SECTION 8 & 15-ACCEPTED AND ACKNOWLEDGED,Live/Registered,True,"009,042,045",False
0,NEAR_1_DELETION,1,86511335,5324160,ABSOLUTE,2015-01-22,702,absolute,SECTION 8 & 15-ACCEPTED AND ACKNOWLEDGED,Live/Registered,True,"009,042",False
0,NEAR_1_DELETION,1,86472209,5027790,ABSOLUTE,2014-12-05,702,absolute,SECTION 8 & 15-ACCEPTED AND ACKNOWLEDGED,Live/Registered,True,021,True
0,NEAR_1_DELETION,1,86043558,4475399,ABSOLUTE,2013-08-21,800,absolute,REGISTERED AND RENEWED,Live/Registered,True,"009,010,042",True
0,NEAR_1_DELETION,1,85973422,4500870,ABSOLUTE,2013-06-28,800,absolute,REGISTERED AND RENEWED,Live/Registered,True,036,False
0,NEAR_1_SUBSTITUTION,1,85857163,4562293,A ABSOLUTE,2013-02-22,800,aabsolute,REGISTERED AND RENEWED,Live/Registered,True,"012,037,039",False
0,NEAR_1_DELETION,1,85780102,4456403,ABSOLUTE,2012-11-15,800,absolute,REGISTERED AND RENEWED,Live/Registered,True,010,True
0,NEAR_1_DELETION,1,85766035,4948789,ABSOLUTE,2012-10-29,702,absolute,SECTION 8 & 15-ACCEPTED AND ACKNOWLEDGED,Live/Registered,True,005,True
0,NEAR_1_DELETION,1,85758494,4948788,ABSOLUTE,2012-10-19,702,absolute,SECTION 8 & 15-ACCEPTED AND ACKNOWLEDGED,Live/Registered,True,005,True
0,NEAR_1_DELETION,1,77308105,4468128,ABSOLUTE,2007-10-19,800,absolute,REGISTERED AND RENEWED,Live/Registered,True,"006,020,042",False
0,NEAR_1_DELETION,1,78531635,3103334,ABSOLUTE,2004-12-13,800,absolute,REGISTERED AND RENEWED,Live/Registered,True,011,False
0,NEAR_1_DELETION,1,78510467,3223837,ABSOLUTE,2004-11-03,800,absolute,REGISTERED AND RENEWED,Live/Registered,True,009,False
0,NEAR_1_DELETION,1,78490445,3402948,ABSOLUTE,2004-09-28,800,absolute,REGISTERED AND RENEWED,Live/Registered,True,005,True
0,NEAR_1_DELETION,1,78400659,2942054,ABSOLUTE,2004-04-13,800,absolute,REGISTERED AND RENEWED,Live/Registered,True,001,False
0,NEAR_1_DELETION,1,76343025,2662681,ABSOLUTE,2001-11-30,800,absolute,REGISTERED AND RENEWED,Live/Registered,True,003,True
0,NEAR_1_DELETION,1,76342524,2932248,ABSOLUTE,2001-11-27,800,absolute,REGISTERED AND RENEWED,Live/Registered,True,003,True
0,NEAR_1_DELETION,1,76268099,2765018,ABSOLUTE,2001-06-07,800,absolute,REGISTERED AND RENEWED,Live/Registered,True,042,False
0,NEAR_1_DELETION,1,76176315,2542699,ABSOLUTE,2000-12-06,800,absolute,REGISTERED AND RENEWED,Live/Registered,True,021,True
0,NEAR_1_DELETION,1,75332327,2246638,ABSOLUTE,1997-07-29,800,absolute,REGISTERED AND RENEWED,Live/Registered,True,015,False
0,NEAR_1_DELETION,1,74544188,1931028,ABSOLUTE,1994-06-28,800,absolute,REGISTERED AND RENEWED,Live/Registered,True,009,False
0,NEAR_1_DELETION,1,73602237,1428295,ABSOLUTE,1986-06-03,800,absolute,REGISTERED AND RENEWED,Live/Registered,True,012,False
0,NEAR_1_DELETION,1,99199365,,ABSOLUTE,2025-05-23,602,absolute,ABANDONED-FAILURE TO RESPOND OR LATE RESPONSE,Dead/Abandoned,False,001,False
0,NEAR_1_DELETION,1,97351764,,ABSO-LUTE,2022-04-07,606,absolute,ABANDONED - NO STATEMENT OF USE FILED,Dead/Abandoned,False,009,False
0,NEAR_1_DELETION,1,79326282,,ABSOLUTE,2021-10-22,602,absolute,ABANDONED-FAILURE TO RESPOND OR LATE RESPONSE,Dead/Abandoned,False,031,False
0,NEAR_1_DELETION,1,97051074,,ABSOLUTE,2021-09-29,602,absolute,ABANDONED-FAILURE TO RESPOND OR LATE RESPONSE,Dead/Abandoned,False,009,False
0,NEAR_1_DELETION,1,97051085,,ABSOLUTE,2021-09-29,602,absolute,ABANDONED-FAILURE TO RESPOND OR LATE RESPONSE,Dead/Abandoned,False,009,False
0,NEAR_1_DELETION,1,90875583,,ABSOLUTE,2021-08-10,606,absolute,ABANDONED - NO STATEMENT OF USE FILED,Dead/Abandoned,False,"001,005,009",True
0,NEAR_1_DELETION,1,88695195,,ABSOLUTE,2019-11-16,604,absolute,ABANDONED - AFTER INTER-PARTES DECISION,Dead/Abandoned,False,,False
0,NEAR_1_DELETION,1,88167370,,ABSOLUTE,2018-10-24,602,absolute,ABANDONED-FAILURE TO RESPOND OR LATE RESPONSE,Dead/Abandoned,False,010,True
0,NEAR_1_DELETION,1,88067349,,ABSOLUTE,2018-08-06,605,absolute,ABANDONED EXPRESS AFTER PUB,Dead/Abandoned,False,,False
0,NEAR_1_DELETION,1,87947098,5837460,ABSOLUTE,2018-06-04,710,absolute,CANCELLED - SECTION 8,Dead/Cancelled,False,,False
0,NEAR_1_DELETION,1,87933940,,ABSOLUTE,2018-05-23,602,absolute,ABANDONED-FAILURE TO RESPOND OR LATE RESPONSE,Dead/Abandoned,False,025,False
0,NEAR_1_DELETION,1,79231939,5682702,ABSOLUTE,2018-03-26,709,absolute,CANCELLED SECTION 71,Dead/Cancelled,False,,False
0,NEAR_1_DELETION,1,87743682,,ABSOLUTE,2018-01-04,602,absolute,ABANDONED-FAILURE TO RESPOND OR LATE RESPONSE,Dead/Abandoned,False,031,False
0,NEAR_1_DELETION,1,87718278,,ABSOLUTE,2017-12-12,604,absolute,ABANDONED - AFTER INTER-PARTES DECISION,Dead/Abandoned,False,,False
0,NEAR_1_DELETION,1,87584350,,ABSOLUTE,2017-08-25,601,absolute,ABANDONED - EXPRESS,Dead/Abandoned,False,003,True
0,NEAR_1_DELETION,1,87263616,,ABSOLUTE,2016-12-09,601,absolute,ABANDONED - EXPRESS,Dead/Abandoned,False,025,False
0,NEAR_1_DELETION,1,87193272,,ABSOLUTE,2016-10-05,606,absolute,ABANDONED - NO STATEMENT OF USE FILED,Dead/Abandoned,False,011,False
0,NEAR_1_DELETION,1,87005639,,ABSOLUTE,2016-04-19,602,absolute,ABANDONED-FAILURE TO RESPOND OR LATE RESPONSE,Dead/Abandoned,False,007,False
0,NEAR_1_DELETION,1,86642670,,A.B.S.O.L.U.T.E,2015-05-27,602,absolute,ABANDONED-FAILURE TO RESPOND OR LATE RESPONSE,Dead/Abandoned,False,016,False
0,NEAR_1_DELETION,1,79135104,,ABSOLUTE,2013-06-14,402,absolute,IR CANCELLED; US APPLICATION ABANDONED,Dead/Abandoned,False,,False
0,NEAR_1_DELETION,1,85766316,,ABSOLUTE,2012-10-29,602,absolute,ABANDONED-FAILURE TO RESPOND OR LATE RESPONSE,Dead/Abandoned,False,009,False
0,NEAR_1_DELETION,1,85644993,4679263,ABSOLUTE,2012-06-06,710,absolute,CANCELLED - SECTION 8,Dead/Cancelled,False,,False
0,NEAR_1_DELETION,1,85584276,,ABSOLUTE,2012-03-29,602,absolute,ABANDONED-FAILURE TO RESPOND OR LATE RESPONSE,Dead/Abandoned,False,025,False
0,NEAR_1_SUBSTITUTION,1,85227042,,C . ABSOLUTE,2011-01-26,604,cabsolute,ABANDONED - AFTER INTER-PARTES DECISION,Dead/Abandoned,False,,False
0,NEAR_1_DELETION,1,85014390,3980368,ABSOLUTE!,2010-04-15,710,absolute,CANCELLED - SECTION 8,Dead/Cancelled,False,,False
0,NEAR_1_DELETION,1,79079079,4008108,ABSOLUTE,2010-01-15,404,absolute,IR CANCELLED; US REGISTRATION CANCELLED,Dead/Cancelled,False,,False
0,NEAR_1_DELETION,1,77757331,3820455,ABSOLUTE,2009-06-11,710,absolute,CANCELLED - SECTION 8,Dead/Cancelled,False,,False
0,NEAR_1_DELETION,1,77708070,,ABSOLUTE,2009-04-06,602,absolute,ABANDONED-FAILURE TO RESPOND OR LATE RESPONSE,Dead/Abandoned,False,041,False
0,NEAR_1_DELETION,1,77316765,,ABSOLUTE,2007-10-30,606,absolute,ABANDONED - NO STATEMENT OF USE FILED,Dead/Abandoned,False,005,True
0,NEAR_1_DELETION,1,77015633,3373518,ABSOLUTE,2006-10-06,710,absolute,CANCELLED - SECTION 8,Dead/Cancelled,False,,False
0,NEAR_1_DELETION,1,78803569,3174180,ABSOLUTE,2006-01-31,710,absolute,CANCELLED - SECTION 8,Dead/Cancelled,False,,False
0,NEAR_1_DELETION,1,78770163,3186445,ABSOLUTE,2005-12-09,710,absolute,CANCELLED - SECTION 8,Dead/Cancelled,False,,False
0,NEAR_1_DELETION,1,78688574,,ABSOLUTE!,2005-08-09,602,absolute,ABANDONED-FAILURE TO RESPOND OR LATE RESPONSE,Dead/Abandoned,False,035,True
0,NEAR_1_DELETION,1,78444680,,ABSOLUTE,2004-07-01,606,absolute,ABANDONED - NO STATEMENT OF USE FILED,Dead/Abandoned,False,"008,009,021",True
0,NEAR_1_DELETION,1,78368244,,ABSOLUTE,2004-02-14,606,absolute,ABANDONED - NO STATEMENT OF USE FILED,Dead/Abandoned,False,011,False
0,NEAR_1_DELETION,1,76564181,,ABSOLUTE,2003-12-09,602,absolute,ABANDONED-FAILURE TO RESPOND OR LATE RESPONSE,Dead/Abandoned,False,005,True
0,NEAR_1_DELETION,1,78331513,,ABSOLUTE ----,2003-11-21,602,absolute,ABANDONED-FAILURE TO RESPOND OR LATE RESPONSE,Dead/Abandoned,False,041,False
0,NEAR_1_DELETION,1,78316756,,ABSOLUTE,2003-10-21,606,absolute,ABANDONED - NO STATEMENT OF USE FILED,Dead/Abandoned,False,009,False
0,NEAR_1_DELETION,1,78314016,,ABSOLUTE,2003-10-15,601,absolute,ABANDONED - EXPRESS,Dead/Abandoned,False,016,False
0,NEAR_1_DELETION,1,76551362,,ABSOLUTE,2003-09-24,601,absolute,ABANDONED - EXPRESS,Dead/Abandoned,False,005,True
0,NEAR_1_DELETION,1,76504937,2987798,ABSOLUTE,2003-04-07,710,absolute,CANCELLED - SECTION 8,Dead/Cancelled,False,,False
0,NEAR_1_DELETION,1,76455775,,ABSOLUTE,2002-10-04,602,absolute,ABANDONED-FAILURE TO RESPOND OR LATE RESPONSE,Dead/Abandoned,False,042,False
0,NEAR_1_DELETION,1,76456043,,ABSOLUTE,2002-10-04,602,absolute,ABANDONED-FAILURE TO RESPOND OR LATE RESPONSE,Dead/Abandoned,False,009,False
0,NEAR_1_DELETION,1,76387107,,ABSOLUTE,2002-03-22,602,absolute,ABANDONED-FAILURE TO RESPOND OR LATE RESPONSE,Dead/Abandoned,False,025,False
0,NEAR_1_DELETION,1,76334602,,ABSOLUTE,2001-11-06,602,absolute,ABANDONED-FAILURE TO RESPOND OR LATE RESPONSE,Dead/Abandoned,False,035,True
0,NEAR_1_DELETION,1,78077123,,ABSOLUTE,2001-08-02,606,absolute,ABANDONED - NO STATEMENT OF USE FILED,Dead/Abandoned,False,040,False
0,NEAR_1_DELETION,1,78077125,,ABSOLUTE,2001-08-02,606,absolute,ABANDONED - NO STATEMENT OF USE FILED,Dead/Abandoned,False,009,False
0,NEAR_1_DELETION,1,76268098,,ABSOLUTE,2001-06-07,601,absolute,ABANDONED - EXPRESS,Dead/Abandoned,False,009,False
0,NEAR_1_DELETION,1,76251810,2561691,ABSOLUTE,2001-04-30,710,absolute,CANCELLED - SECTION 8,Dead/Cancelled,False,,False
0,NEAR_1_DELETION,1,76199822,2510112,ABSOLUTE,2001-01-25,710,absolute,CANCELLED - SECTION 8,Dead/Cancelled,False,,False
0,NEAR_1_DELETION,1,76199823,2510113,ABSOLUTE,2001-01-25,710,absolute,CANCELLED - SECTION 8,Dead/Cancelled,False,,False
0,NEAR_1_DELETION,1,76194316,,ABSOLUTE,2001-01-16,606,absolute,ABANDONED - NO STATEMENT OF USE FILED,Dead/Abandoned,False,005,True
0,NEAR_1_DELETION,1,78018231,2475960,ABSOLUTE,2000-07-25,710,absolute,CANCELLED - SECTION 8,Dead/Cancelled,False,,False
0,NEAR_1_DELETION,1,75688125,,ABSOLUTE,1999-04-21,602,absolute,ABANDONED-FAILURE TO RESPOND OR LATE RESPONSE,Dead/Abandoned,False,042,False
0,NEAR_1_DELETION,1,75385462,2283932,ABSOLUTE,1997-11-05,710,absolute,CANCELLED - SECTION 8,Dead/Cancelled,False,,False
0,NEAR_1_DELETION,1,75274307,2134597,ABSOLUTE,1997-04-14,710,absolute,CANCELLED - SECTION 8,Dead/Cancelled,False,,False
0,NEAR_1_DELETION,1,75211895,2114247,ABSOLUTE,1996-12-12,710,absolute,CANCELLED - SECTION 8,Dead/Cancelled,False,,False
0,NEAR_1_DELETION,1,75202017,2116129,ABSOLUTE,1996-11-20,710,absolute,CANCELLED - SECTION 8,Dead/Cancelled,False,,False
0,NEAR_1_DELETION,1,75033795,,ABSOLUTE,1995-12-18,606,absolute,ABANDONED - NO STATEMENT OF USE FILED,Dead/Abandoned,False,003,True
0,NEAR_1_DELETION,1,74733282,,ABSOLUTE,1995-09-22,606,absolute,ABANDONED - NO STATEMENT OF USE FILED,Dead/Abandoned,False,,False
0,NEAR_1_DELETION,1,74711417,,ABSOLUTE,1995-08-04,602,absolute,ABANDONED-FAILURE TO RESPOND OR LATE RESPONSE,Dead/Abandoned,False,,False
0,NEAR_1_DELETION,1,74487834,2275069,ABSOLUTE,1994-02-07,710,absolute,CANCELLED - SECTION 8,Dead/Cancelled,False,,False
0,NEAR_1_DELETION,1,74406704,1854735,ABSOLUTE,1993-06-28,710,absolute,CANCELLED - SECTION 8,Dead/Cancelled,False,,False
0,NEAR_1_DELETION,1,74391866,,ABSOLUTE,1993-05-18,606,absolute,ABANDONED - NO STATEMENT OF USE FILED,Dead/Abandoned,False,,False
0,NEAR_1_DELETION,1,74337597,,ABSOLUTE,1992-12-07,602,absolute,ABANDONED-FAILURE TO RESPOND OR LATE RESPONSE,Dead/Abandoned,False,,False
0,NEAR_1_DELETION,1,74313942,1805095,ABSOLUTE,1992-09-15,710,absolute,CANCELLED - SECTION 8,Dead/Cancelled,False,,False
0,NEAR_1_DELETION,1,74245990,1770589,ABSOLUTE,1992-02-13,900,absolute,EXPIRED,Dead/Expired,False,,False
0,NEAR_1_DELETION,1,74222585,,ABSOLUTE,1991-11-15,602,absolute,ABANDONED-FAILURE TO RESPOND OR LATE RESPONSE,Dead/Abandoned,False,,False
0,NEAR_1_DELETION,1,74190269,1738782,ABSOLUTE,1991-08-01,710,absolute,CANCELLED - SECTION 8,Dead/Cancelled,False,,False
0,NEAR_1_DELETION,1,74074614,,ABSOLUTE,1990-07-02,602,absolute,ABANDONED-FAILURE TO RESPOND OR LATE RESPONSE,Dead/Abandoned,False,,False
0,NEAR_1_DELETION,1,73770059,,ABSOLUTE,1988-12-19,603,absolute,ABANDONED - AFTER EX PARTE APPEAL,Dead/Abandoned,False,,False
0,NEAR_1_DELETION,1,73764443,1583267,ABSOLUTE,1988-11-18,710,absolute,CANCELLED - SECTION 8,Dead/Cancelled,False,,False
0,NEAR_1_DELETION,1,73743653,,ABSOLUTE,1988-08-01,604,absolute,ABANDONED - AFTER INTER-PARTES DECISION,Dead/Abandoned,False,,False
0,NEAR_1_DELETION,1,73715602,1531845,ABSOLUTE,1988-03-08,710,absolute,CANCELLED - SECTION 8,Dead/Cancelled,False,,False
0,NEAR_1_DELETION,1,73708877,,ABSOLUTE,1988-02-01,601,absolute,ABANDONED - EXPRESS,Dead/Abandoned,False,,False
0,NEAR_1_DELETION,1,73705734,1501180,ABSOLUTE,1988-01-15,710,absolute,CANCELLED - SECTION 8,Dead/Cancelled,False,,False
0,NEAR_1_DELETION,1,73625487,1439803,ABSOLUTE,1986-10-16,710,absolute,CANCELLED - SECTION 8,Dead/Cancelled,False,,False
0,NEAR_1_DELETION,1,73599646,,ABSOLUTE,1986-05-19,604,absolute,ABANDONED - AFTER INTER-PARTES DECISION,Dead/Abandoned,False,,False
0,NEAR_1_DELETION,1,73500819,1383379,ABSOLUTE,1984-09-24,710,absolute,CANCELLED - SECTION 8,Dead/Cancelled,False,,False
0,NEAR_1_DELETION,1,73300750,,ABSOLUTE,1981-03-11,618,absolute,ABANDONED FILE - BACKFILE,Dead/Abandoned,False,,False
0,NEAR_1_DELETION,1,71424454,0376476,ABSOLUTE,1939-10-12,710,absolute,CANCELLED - SECTION 8,Dead/Cancelled,False,,False
0,NEAR_1_DELETION,1,71354420,0320513,ABSOLUTE,1934-07-28,710,absolute,CANCELLED - SECTION 8,Dead/Cancelled,False,,False
1,NEAR_1_SUBSTITUTION,1,99830725,,LABLUNE,2026-05-18,630,lablune,NEW APPLICATION - RECORD INITIALIZED NOT ASSIGNED TO EXAMINER,Live/Pending,True,009,False
1,NEAR_1_SUBSTITUTION,1,99771643,,TABLUME,2026-04-17,630,tablume,NEW APPLICATION - RECORD INITIALIZED NOT ASSIGNED TO EXAMINER,Live/Pending,True,"009,042",False
1,NEAR_1_DELETION,1,98705955,7855752,LALUME,2024-08-19,700,lalume,REGISTERED,Live/Registered,True,044,True
1,NEAR_1_DELETION,1,98595451,7806933,LALUME,2024-06-11,700,lalume,REGISTERED,Live/Registered,True,"014,035",True
1,NEAR_1_SUBSTITUTION,1,90384302,6543971,LA PLUME,2020-12-15,700,laplume,REGISTERED,Live/Registered,True,025,False
1,NEAR_1_DELETION,1,88794829,6398490,L.A. BLUE,2020-02-12,700,lablue,REGISTERED,Live/Registered,True,041,False
1,NEAR_1_SUBSTITUTION,1,76352167,2840918,LA BRUME,2001-12-20,800,labrume,REGISTERED AND RENEWED,Live/Registered,True,033,False
1,NEAR_1_SUBSTITUTION,1,75032521,2173373,LA BAUME,1995-12-14,800,labaume,REGISTERED AND RENEWED,Live/Registered,True,033,False
1,NEAR_1_DELETION,1,98581180,,LA LUME,2024-06-03,606,lalume,ABANDONED - NO STATEMENT OF USE FILED,Dead/Abandoned,False,044,True
1,NEAR_1_SUBSTITUTION,1,97726723,,LAB LUXE,2022-12-21,606,labluxe,ABANDONED - NO STATEMENT OF USE FILED,Dead/Abandoned,False,003,True
1,NEAR_1_SUBSTITUTION,1,79092316,,LA PLUME,2010-11-26,402,laplume,IR CANCELLED; US APPLICATION ABANDONED,Dead/Abandoned,False,,False
1,NEAR_1_DELETION,1,78234933,,LALUME,2003-04-07,602,lalume,ABANDONED-FAILURE TO RESPOND OR LATE RESPONSE,Dead/Abandoned,False,011,False
1,NEAR_1_SUBSTITUTION,1,74685437,,LA PLUME,1995-06-06,602,laplume,ABANDONED-FAILURE TO RESPOND OR LATE RESPONSE,Dead/Abandoned,False,,False
1,NEAR_1_SUBSTITUTION,1,74252763,1904760,LA PLUME,1992-03-06,710,laplume,CANCELLED - SECTION 8,Dead/Cancelled,False,,False
1,NEAR_1_SUBSTITUTION,1,73346565,1226042,LA PLUME,1982-01-21,710,laplume,CANCELLED - SECTION 8,Dead/Cancelled,False,,False
2,EXACT,0,97511737,,LABLOOM,2022-07-20,602,labloom,ABANDONED-FAILURE TO RESPOND OR LATE RESPONSE,Dead/Abandoned,False,014,False
2,NEAR_1_DELETION,1,98759663,7864539,LA BOOM,2024-09-19,700,laboom,REGISTERED,Live/Registered,True,"030,043",False
2,NEAR_1_DELETION,1,98649901,8034573,ABLOOM,2024-07-16,700,abloom,REGISTERED,Live/Registered,True,033,False
2,NEAR_1_SUBSTITUTION,1,98094982,7449436,KABLOOM,2023-07-20,700,kabloom,REGISTERED,Live/Registered,True,035,True
2,NEAR_1_SUBSTITUTION,1,97670957,7324069,LE BLOOM,2022-11-09,700,lebloom,REGISTERED,Live/Registered,True,"004,031",False
2,NEAR_1_SUBSTITUTION,1,97413043,7092231,7ABLOOM,2022-05-16,700,7abloom,REGISTERED,Live/Registered,True,003,True
2,NEAR_1_SUBSTITUTION,1,90631903,7147716,KABLOOM,2021-04-08,700,kabloom,REGISTERED,Live/Registered,True,035,True
2,NEAR_1_SUBSTITUTION,1,90611490,6658882,BABLOOM,2021-03-30,700,babloom,REGISTERED,Live/Registered,True,011,False
2,NEAR_1_DELETION,1,90212615,6579505,LABOOM,2020-09-26,700,laboom,REGISTERED,Live/Registered,True,009,False
2,NEAR_1_DELETION,1,90181571,,LABOOM,2020-09-15,654,laboom,REPORT COMPLETED SUSPENSION CHECK - CASE STILL SUSPENDED,Live/Pending,True,011,False
2,NEAR_1_SUBSTITUTION,1,90058466,6366170,KABLOOM,2020-07-17,700,kabloom,REGISTERED,Live/Registered,True,041,False
2,NEAR_1_SUBSTITUTION,1,88612048,6229273,LABLOOT,2019-09-11,700,labloot,REGISTERED,Live/Registered,True,009,False
2,NEAR_1_DELETION,1,98450979,,ABLOOM,2024-03-15,602,abloom,ABANDONED-FAILURE TO RESPOND OR LATE RESPONSE,Dead/Abandoned,False,,False
2,NEAR_1_DELETION,1,98277156,,ABLOOM.,2023-11-19,602,abloom,ABANDONED-FAILURE TO RESPOND OR LATE RESPONSE,Dead/Abandoned,False,014,False
2,NEAR_1_DELETION,1,90654694,,ABLOOM,2021-04-19,606,abloom,ABANDONED - NO STATEMENT OF USE FILED,Dead/Abandoned,False,030,False
2,NEAR_1_DELETION,1,87511019,,ABLOOM,2017-06-29,606,abloom,ABANDONED - NO STATEMENT OF USE FILED,Dead/Abandoned,False,003,True
2,NEAR_1_DELETION,1,87315870,,LA BOOM,2017-01-27,602,laboom,ABANDONED-FAILURE TO RESPOND OR LATE RESPONSE,Dead/Abandoned,False,041,False
2,NEAR_1_DELETION,1,86696968,5219107,LABOOM,2015-07-17,710,laboom,CANCELLED - SECTION 8,Dead/Cancelled,False,,False
2,NEAR_1_DELETION,1,85142509,,LA BOOM!,2010-09-30,606,laboom,ABANDONED - NO STATEMENT OF USE FILED,Dead/Abandoned,False,041,False
2,NEAR_1_SUBSTITUTION,1,77545027,,KA-BLOOM,2008-08-12,602,kabloom,ABANDONED-FAILURE TO RESPOND OR LATE RESPONSE,Dead/Abandoned,False,001,False
2,NEAR_1_SUBSTITUTION,1,76296952,,KABLOOM,2001-08-09,602,kabloom,ABANDONED-FAILURE TO RESPOND OR LATE RESPONSE,Dead/Abandoned,False,001,False
2,NEAR_1_DELETION,1,76226362,,LA BOOM,2001-03-19,602,laboom,ABANDONED-FAILURE TO RESPOND OR LATE RESPONSE,Dead/Abandoned,False,038,False
2,NEAR_1_DELETION,1,76115245,,LA BOOM,2000-08-22,602,laboom,ABANDONED-FAILURE TO RESPOND OR LATE RESPONSE,Dead/Abandoned,False,025,False
2,NEAR_1_SUBSTITUTION,1,76052675,,KABLOOM,2000-05-19,602,kabloom,ABANDONED-FAILURE TO RESPOND OR LATE RESPONSE,Dead/Abandoned,False,030,False
2,NEAR_1_SUBSTITUTION,1,76052678,,KABLOOM,2000-05-19,606,kabloom,ABANDONED - NO STATEMENT OF USE FILED,Dead/Abandoned,False,003,True
2,NEAR_1_SUBSTITUTION,1,76063633,,KABLOOM,2000-05-19,606,kabloom,ABANDONED - NO STATEMENT OF USE FILED,Dead/Abandoned,False,005,True
2,NEAR_1_SUBSTITUTION,1,76063635,,KABLOOM,2000-05-19,606,kabloom,ABANDONED - NO STATEMENT OF USE FILED,Dead/Abandoned,False,004,False
2,NEAR_1_SUBSTITUTION,1,75462251,2288276,KABLOOM,1998-04-06,710,kabloom,CANCELLED - SECTION 8,Dead/Cancelled,False,,False
2,NEAR_1_SUBSTITUTION,1,75463274,2286681,KABLOOM,1998-04-06,710,kabloom,CANCELLED - SECTION 8,Dead/Cancelled,False,,False
2,NEAR_1_DELETION,1,75312347,2214043,LA BOOM,1997-06-20,710,laboom,CANCELLED - SECTION 8,Dead/Cancelled,False,,False
2,NEAR_1_DELETION,1,74182304,1743253,LA BOOM,1991-07-05,713,laboom,CANCELLED - SECTION 18,Dead/Cancelled,False,,False
2,NEAR_1_SUBSTITUTION,1,73305811,,MA BLOOM,1981-04-15,618,mabloom,ABANDONED FILE - BACKFILE,Dead/Abandoned,False,,False
2,NEAR_1_SUBSTITUTION,1,73164702,1121311,LAP-LOOM,1978-04-03,710,laploom,CANCELLED - SECTION 8,Dead/Cancelled,False,,False
2,NEAR_1_SUBSTITUTION,1,73164703,1121312,LAP-LOOM,1978-04-03,710,laploom,CANCELLED - SECTION 8,Dead/Cancelled,False,,False
3,EXACT,0,99549095,,LABORA,2025-12-15,641,labora,NON-FINAL ACTION - MAILED,Live/Pending,True,,False
3,EXACT,0,98228740,7594598,LABORA,2023-10-18,700,labora,REGISTERED,Live/Registered,True,"035,036,037",True
3,EXACT,0,75054286,2204727,LABORA,1996-02-06,710,labora,CANCELLED - SECTION 8,Dead/Cancelled,False,,False
3,NEAR_1_SUBSTITUTION,1,99892834,,LAVORA,2026-06-18,630,lavora,NEW APPLICATION - RECORD INITIALIZED NOT ASSIGNED TO EXAMINER,Live/Pending,True,003,True
3,NEAR_1_DELETION,1,99758634,,LABRA,2026-04-12,630,labra,NEW APPLICATION - RECORD INITIALIZED NOT ASSIGNED TO EXAMINER,Live/Pending,True,010,True
3,NEAR_1_SUBSTITUTION,1,99731795,,LAVORA,2026-03-29,641,lavora,NON-FINAL ACTION - MAILED,Live/Pending,True,,False
3,NEAR_1_DELETION,1,99597640,,LBORA,2026-01-15,686,lbora,PUBLISHED FOR OPPOSITION,Live/Pending,True,025,False
3,NEAR_1_SUBSTITUTION,1,99544956,,LAMORA,2025-12-12,688,lamora,NOTICE OF ALLOWANCE - ISSUED,Live/Pending,True,019,False
3,NEAR_1_SUBSTITUTION,1,99448609,,LABORÉ,2025-10-17,661,labore,RESPONSE AFTER NON-FINAL ACTION - ENTERED,Live/Pending,True,,False
3,NEAR_1_SUBSTITUTION,1,99209512,8339014,LAKORA,2025-05-30,700,lakora,REGISTERED,Live/Registered,True,024,False
3,NEAR_1_SUBSTITUTION,1,99209515,8339015,LAKORA,2025-05-30,700,lakora,REGISTERED,Live/Registered,True,011,False
3,NEAR_1_SUBSTITUTION,1,99129908,8277937,LA BODA,2025-04-10,700,laboda,REGISTERED,Live/Registered,True,020,False
3,NEAR_1_SUBSTITUTION,1,98898569,7918534,LAVORA,2024-12-12,700,lavora,REGISTERED,Live/Registered,True,025,False
3,NEAR_1_SUBSTITUTION,1,98210840,7512766,LA BOCA,2023-10-05,700,laboca,REGISTERED,Live/Registered,True,030,False
3,NEAR_1_TRANSPOSITION,1,97646719,,LAOBRA,2022-10-25,730,laobra,FIRST EXTENSION - GRANTED,Live/Pending,True,"035,040",True
3,NEAR_1_TRANSPOSITION,1,97978488,8223449,LAOBRA,2022-10-25,700,laobra,REGISTERED,Live/Registered,True,"041,043",False
3,NEAR_1_INSERTION,1,79347745,7349348,LABIORA,2022-07-08,700,labiora,REGISTERED,Live/Registered,True,003,True
3,NEAR_1_DELETION,1,97192342,6962782,ABORA,2021-12-28,700,abora,REGISTERED,Live/Registered,True,009,False
3,NEAR_1_SUBSTITUTION,1,90735859,6751517,LIBORA,2021-05-26,700,libora,REGISTERED,Live/Registered,True,011,False
3,NEAR_1_DELETION,1,79267704,6218861,LABOR,2019-07-31,700,labor,REGISTERED,Live/Registered,True,009,False
3,NEAR_1_SUBSTITUTION,1,88523672,5976612,LARORA,2019-07-19,700,larora,REGISTERED,Live/Registered,True,025,False
3,NEAR_1_SUBSTITUTION,1,88467418,5948833,LAZORA,2019-06-11,701,lazora,SECTION 8-ACCEPTED,Live/Registered,True,028,False
3,NEAR_1_SUBSTITUTION,1,88387267,6098830,LABORX,2019-04-16,700,laborx,REGISTERED,Live/Registered,True,"009,035,042",True
3,NEAR_1_DELETION,1,88261517,5980925,LA B RA,2019-01-15,700,labra,REGISTERED,Live/Registered,True,025,False
3,NEAR_1_SUBSTITUTION,1,87908446,5678284,LAMORA,2018-05-04,701,lamora,SECTION 8-ACCEPTED,Live/Registered,True,"003,021",True
3,NEAR_1_SUBSTITUTION,1,87903244,5632207,LABOTA,2018-05-02,701,labota,SECTION 8-ACCEPTED,Live/Registered,True,026,False
3,NEAR_1_SUBSTITUTION,1,87095156,5239746,TABORA,2016-07-06,702,tabora,SECTION 8 & 15-ACCEPTED AND ACKNOWLEDGED,Live/Registered,True,030,False
3,NEAR_1_DELETION,1,86727740,4927008,LABOR,2015-08-17,800,labor,REGISTERED AND RENEWED,Live/Registered,True,028,False
3,NEAR_1_SUBSTITUTION,1,76536074,2969255,LA BOTA,2003-07-28,800,labota,REGISTERED AND RENEWED,Live/Registered,True,028,False
3,NEAR_1_SUBSTITUTION,1,75054023,2066599,SABORA,1996-02-06,800,sabora,REGISTERED AND RENEWED,Live/Registered,True,030,False
3,NEAR_1_INSERTION,1,99041617,,LABORAI,2025-02-14,602,laborai,ABANDONED-FAILURE TO RESPOND OR LATE RESPONSE,Dead/Abandoned,False,042,False
3,NEAR_1_DELETION,1,98942036,,LABOR,2025-01-07,602,labor,ABANDONED-FAILURE TO RESPOND OR LATE RESPONSE,Dead/Abandoned,False,"041,042",False
3,NEAR_1_DELETION,1,98513307,,LABOR,2024-04-22,622,labor,MISASSIGNED SERIAL NUMBER,Indifferent,False,025,False
3,NEAR_1_SUBSTITUTION,1,98143526,,LA BODA,2023-08-21,602,laboda,ABANDONED-FAILURE TO RESPOND OR LATE RESPONSE,Dead/Abandoned,False,020,False
3,NEAR_1_TRANSPOSITION,1,97642811,,LA OBRA,2022-10-21,602,laobra,ABANDONED-FAILURE TO RESPOND OR LATE RESPONSE,Dead/Abandoned,False,034,False
3,NEAR_1_SUBSTITUTION,1,79355778,,LA MORA,2022-10-12,602,lamora,ABANDONED-FAILURE TO RESPOND OR LATE RESPONSE,Dead/Abandoned,False,033,False
3,NEAR_1_SUBSTITUTION,1,88592456,,LA CORA,2019-08-26,602,lacora,ABANDONED-FAILURE TO RESPOND OR LATE RESPONSE,Dead/Abandoned,False,039,False
3,NEAR_1_SUBSTITUTION,1,88351067,,LAVORA,2019-03-21,601,lavora,ABANDONED - EXPRESS,Dead/Abandoned,False,025,False
3,NEAR_1_DELETION,1,88179213,,LABOR,2018-11-02,602,labor,ABANDONED-FAILURE TO RESPOND OR LATE RESPONSE,Dead/Abandoned,False,"007,008",False
3,NEAR_1_SUBSTITUTION,1,88150711,5779528,LAMORA,2018-10-11,710,lamora,CANCELLED - SECTION 8,Dead/Cancelled,False,,False
3,NEAR_1_TRANSPOSITION,1,88119327,,LA OBRA,2018-09-17,602,laobra,ABANDONED-FAILURE TO RESPOND OR LATE RESPONSE,Dead/Abandoned,False,030,False
3,NEAR_1_SUBSTITUTION,1,88118765,5818219,L.A. BORN,2018-09-16,710,laborn,CANCELLED - SECTION 8,Dead/Cancelled,False,,False
3,NEAR_1_SUBSTITUTION,1,88118568,5909841,NABORA,2018-09-15,710,nabora,CANCELLED - SECTION 8,Dead/Cancelled,False,,False
3,NEAR_1_DELETION,1,88070814,5858640,LABRA,2018-08-08,710,labra,CANCELLED - SECTION 8,Dead/Cancelled,False,,False
3,NEAR_1_SUBSTITUTION,1,87789187,,LADORA,2018-02-08,602,ladora,ABANDONED-FAILURE TO RESPOND OR LATE RESPONSE,Dead/Abandoned,False,035,True
3,NEAR_1_SUBSTITUTION,1,87789197,,LADORA,2018-02-08,602,ladora,ABANDONED-FAILURE TO RESPOND OR LATE RESPONSE,Dead/Abandoned,False,035,True
3,NEAR_1_INSERTION,1,87765118,,LA BORJA,2018-01-22,602,laborja,ABANDONED-FAILURE TO RESPOND OR LATE RESPONSE,Dead/Abandoned,False,016,False
3,NEAR_1_SUBSTITUTION,1,87620963,5458444,LA BOCA,2017-09-25,710,laboca,CANCELLED - SECTION 8,Dead/Cancelled,False,,False
3,NEAR_1_SUBSTITUTION,1,87591112,,LADORA,2017-08-31,604,ladora,ABANDONED - AFTER INTER-PARTES DECISION,Dead/Abandoned,False,,False
3,NEAR_1_SUBSTITUTION,1,87465009,,LADORA,2017-05-25,602,ladora,ABANDONED-FAILURE TO RESPOND OR LATE RESPONSE,Dead/Abandoned,False,028,False
3,NEAR_1_SUBSTITUTION,1,79200320,5420362,LAGORA,2016-06-17,709,lagora,CANCELLED SECTION 71,Dead/Cancelled,False,,False
3,NEAR_1_SUBSTITUTION,1,86905133,,LA BOYA,2016-02-11,602,laboya,ABANDONED-FAILURE TO RESPOND OR LATE RESPONSE,Dead/Abandoned,False,025,False
3,NEAR_1_SUBSTITUTION,1,86875153,5153973,L.A. BORN,2016-01-14,710,laborn,CANCELLED - SECTION 8,Dead/Cancelled,False,,False
3,NEAR_1_SUBSTITUTION,1,86848071,5003329,LANORA,2015-12-14,710,lanora,CANCELLED - SECTION 8,Dead/Cancelled,False,,False
3,NEAR_1_SUBSTITUTION,1,86712296,4906549,L.A. BORN,2015-08-02,713,laborn,CANCELLED - SECTION 18,Dead/Cancelled,False,,False
3,NEAR_1_SUBSTITUTION,1,79169431,4985865,LAVORA,2015-06-08,404,lavora,IR CANCELLED; US REGISTRATION CANCELLED,Dead/Cancelled,False,,False
3,NEAR_1_SUBSTITUTION,1,79140993,4586598,LABOLA,2013-08-09,404,labola,IR CANCELLED; US REGISTRATION CANCELLED,Dead/Cancelled,False,,False
3,NEAR_1_SUBSTITUTION,1,79110886,4290687,SABORA,2011-04-19,404,sabora,IR CANCELLED; US REGISTRATION CANCELLED,Dead/Cancelled,False,,False
3,NEAR_1_SUBSTITUTION,1,78968041,,TABORA,2006-09-06,606,tabora,ABANDONED - NO STATEMENT OF USE FILED,Dead/Abandoned,False,003,True
3,NEAR_1_SUBSTITUTION,1,78746290,,LABOR W,2005-11-03,606,laborw,ABANDONED - NO STATEMENT OF USE FILED,Dead/Abandoned,False,009,False
3,NEAR_1_SUBSTITUTION,1,78672799,3186079,LA BODA,2005-07-18,710,laboda,CANCELLED - SECTION 8,Dead/Cancelled,False,,False
3,NEAR_1_SUBSTITUTION,1,78636187,3228738,LABOPA,2005-05-24,710,labopa,CANCELLED - SECTION 8,Dead/Cancelled,False,,False
3,NEAR_1_DELETION,1,78404573,3031545,LABRA,2004-04-20,710,labra,CANCELLED - SECTION 8,Dead/Cancelled,False,,False
3,NEAR_1_SUBSTITUTION,1,76429484,,LA BOCA,2002-07-09,602,laboca,ABANDONED-FAILURE TO RESPOND OR LATE RESPONSE,Dead/Abandoned,False,033,False
3,NEAR_1_SUBSTITUTION,1,76139403,,DABORA,2000-10-02,602,dabora,ABANDONED-FAILURE TO RESPOND OR LATE RESPONSE,Dead/Abandoned,False,016,False
3,NEAR_1_SUBSTITUTION,1,75601898,2354830,LACORA,1998-12-08,710,lacora,CANCELLED - SECTION 8,Dead/Cancelled,False,,False
3,NEAR_1_SUBSTITUTION,1,74270209,1745478,LACORA,1992-04-28,710,lacora,CANCELLED - SECTION 8,Dead/Cancelled,False,,False
3,NEAR_1_SUBSTITUTION,1,74240091,1735186,LABOR 1,1992-01-21,710,labor1,CANCELLED - SECTION 8,Dead/Cancelled,False,,False
3,NEAR_1_INSERTION,1,73537816,1367859,LAMBORA,1985-05-15,710,lambora,CANCELLED - SECTION 8,Dead/Cancelled,False,,False
3,NEAR_1_SUBSTITUTION,1,73389502,1266279,LAPORA,1982-09-27,710,lapora,CANCELLED - SECTION 8,Dead/Cancelled,False,,False
3,NEAR_1_SUBSTITUTION,1,72440578,0984966,LABOFA,1972-11-08,710,labofa,CANCELLED - SECTION 8,Dead/Cancelled,False,,False
3,NEAR_1_SUBSTITUTION,1,72008626,0641438,LAMORA,1956-05-21,900,lamora,EXPIRED,Dead/Expired,False,,False
4,NEAR_1_SUBSTITUTION,1,99431583,8270336,LAVRYN,2025-10-07,700,lavryn,REGISTERED,Live/Registered,True,003,True
4,NEAR_1_SUBSTITUTION,1,87570443,5435171,LABRON,2017-08-15,701,labron,SECTION 8-ACCEPTED,Live/Registered,True,003,True
4,NEAR_1_DELETION,1,90264722,,LABRY,2020-10-20,602,labry,ABANDONED-FAILURE TO RESPOND OR LATE RESPONSE,Dead/Abandoned,False,028,False
4,NEAR_1_SUBSTITUTION,1,88039948,,LABRON,2018-07-16,602,labron,ABANDONED-FAILURE TO RESPOND OR LATE RESPONSE,Dead/Abandoned,False,025,False
4,NEAR_1_SUBSTITUTION,1,88037527,,LABRON,2018-07-13,602,labron,ABANDONED-FAILURE TO RESPOND OR LATE RESPONSE,Dead/Abandoned,False,025,False
4,NEAR_1_SUBSTITUTION,1,88028687,,LABRON,2018-07-06,602,labron,ABANDONED-FAILURE TO RESPOND OR LATE RESPONSE,Dead/Abandoned,False,"025,041",False
4,NEAR_1_SUBSTITUTION,1,88022346,,LA BRON,2018-07-02,602,labron,ABANDONED-FAILURE TO RESPOND OR LATE RESPONSE,Dead/Abandoned,False,,False
4,NEAR_1_SUBSTITUTION,1,87959402,,LA BRON,2018-06-12,602,labron,ABANDONED-FAILURE TO RESPOND OR LATE RESPONSE,Dead/Abandoned,False,025,False
4,NEAR_1_SUBSTITUTION,1,87845093,,LABRON,2018-03-22,602,labron,ABANDONED-FAILURE TO RESPOND OR LATE RESPONSE,Dead/Abandoned,False,025,False
4,NEAR_1_SUBSTITUTION,1,87779964,,LAVRYN,2018-02-01,604,lavryn,ABANDONED - AFTER INTER-PARTES DECISION,Dead/Abandoned,False,,False
4,NEAR_1_SUBSTITUTION,1,85076993,,L A BRON,2010-07-02,602,labron,ABANDONED-FAILURE TO RESPOND OR LATE RESPONSE,Dead/Abandoned,False,025,False
4,NEAR_1_SUBSTITUTION,1,76103484,,LABRYS,2000-08-04,606,labrys,ABANDONED - NO STATEMENT OF USE FILED,Dead/Abandoned,False,009,False
4,NEAR_1_SUBSTITUTION,1,72416199,0955394,LABSYN,1972-02-22,900,labsyn,EXPIRED,Dead/Expired,False,,False
5,NEAR_1_DELETION,1,99591563,,MOLCURA,2026-01-13,686,molcura,PUBLISHED FOR OPPOSITION,Live/Pending,True,042,False
5,NEAR_1_SUBSTITUTION,1,99160612,8308018,MOLECURE,2025-04-29,700,molecure,REGISTERED,Live/Registered,True,001,False
5,NEAR_1_SUBSTITUTION,1,97180459,7599933,MOLECURE,2021-12-20,700,molecure,REGISTERED,Live/Registered,True,042,False
5,NEAR_1_SUBSTITUTION,1,98197478,,SOLECURA,2023-09-26,606,solecura,ABANDONED - NO STATEMENT OF USE FILED,Dead/Abandoned,False,"003,005",True
5,NEAR_1_SUBSTITUTION,1,90538504,,MOLECURE,2021-02-22,602,molecure,ABANDONED-FAILURE TO RESPOND OR LATE RESPONSE,Dead/Abandoned,False,"005,011",True
5,NEAR_1_SUBSTITUTION,1,90483217,,MOLECULA,2021-01-22,602,molecula,ABANDONED-FAILURE TO RESPOND OR LATE RESPONSE,Dead/Abandoned,False,"009,042",False
5,NEAR_1_SUBSTITUTION,1,88650311,,MOLECULA,2019-10-10,602,molecula,ABANDONED-FAILURE TO RESPOND OR LATE RESPONSE,Dead/Abandoned,False,009,False
5,NEAR_1_SUBSTITUTION,1,86337827,,MOLECULA,2014-07-15,606,molecula,ABANDONED - NO STATEMENT OF USE FILED,Dead/Abandoned,False,028,False
5,NEAR_1_SUBSTITUTION,1,79020501,3247741,MOLECTRA,2005-11-24,404,molectra,IR CANCELLED; US REGISTRATION CANCELLED,Dead/Cancelled,False,,False
5,NEAR_1_DELETION,1,78610892,,MOLECRA,2005-04-18,602,molecra,ABANDONED-FAILURE TO RESPOND OR LATE RESPONSE,Dead/Abandoned,False,005,True
5,NEAR_1_SUBSTITUTION,1,72300234,0864027,MOLECTRA,1968-06-12,900,molectra,EXPIRED,Dead/Expired,False,,False
6,NEAR_1_SUBSTITUTION,1,77593105,,MOLEKULA,2008-10-15,602,molekula,ABANDONED-FAILURE TO RESPOND OR LATE RESPONSE,Dead/Abandoned,False,,False
6,NEAR_1_SUBSTITUTION,1,77592685,,MOLEKULA,2008-10-14,602,molekula,ABANDONED-FAILURE TO RESPOND OR LATE RESPONSE,Dead/Abandoned,False,,False
6,NEAR_1_SUBSTITUTION,1,77258276,,MOL-E-KULA,2007-08-17,606,molekula,ABANDONED - NO STATEMENT OF USE FILED,Dead/Abandoned,False,025,False
7,NEAR_1_SUBSTITUTION,1,99313311,,MILEVIA,2025-07-31,688,milevia,NOTICE OF ALLOWANCE - ISSUED,Live/Pending,True,025,False
7,NEAR_1_SUBSTITUTION,1,99207842,8094775,SOLEVIA,2025-05-29,700,solevia,REGISTERED,Live/Registered,True,008,False
7,NEAR_1_SUBSTITUTION,1,98822042,7899859,MOLENIA,2024-10-26,700,molenia,REGISTERED,Live/Registered,True,014,False
7,NEAR_1_DELETION,1,98422711,7622283,OLEVIA,2024-02-27,700,olevia,REGISTERED,Live/Registered,True,010,True
7,NEAR_1_SUBSTITUTION,1,97836389,7827654,MOLUVIA,2023-03-13,700,moluvia,REGISTERED,Live/Registered,True,035,True
7,NEAR_1_DELETION,1,86972798,5915144,OLEVIA,2016-04-12,702,olevia,SECTION 8 & 15-ACCEPTED AND ACKNOWLEDGED,Live/Registered,True,009,False
7,NEAR_1_SUBSTITUTION,1,88554868,,MALEVIA,2019-07-31,606,malevia,ABANDONED - NO STATEMENT OF USE FILED,Dead/Abandoned,False,"003,005",True
7,NEAR_1_SUBSTITUTION,1,86512273,,MOLIVIA,2015-01-23,606,molivia,ABANDONED - NO STATEMENT OF USE FILED,Dead/Abandoned,False,005,True
7,NEAR_1_DELETION,1,78303833,3325578,OLEVIA,2003-09-22,710,olevia,CANCELLED - SECTION 8,Dead/Cancelled,False,,False
10,EXACT,0,88246210,,CHYMISTRY,2018-12-31,602,chymistry,ABANDONED-FAILURE TO RESPOND OR LATE RESPONSE,Dead/Abandoned,False,032,False
10,NEAR_1_SUBSTITUTION,1,99377502,,CHEMISTRY,2025-09-05,688,chemistry,NOTICE OF ALLOWANCE - ISSUED,Live/Pending,True,003,True
10,NEAR_1_SUBSTITUTION,1,99262044,,CHEMISTRY,2025-07-01,645,chemistry,FINAL REFUSAL - MAILED,Live/Pending,True,019,False
10,NEAR_1_SUBSTITUTION,1,99064258,,CHEMISTRY,2025-03-03,688,chemistry,NOTICE OF ALLOWANCE - ISSUED,Live/Pending,True,036,False
10,NEAR_1_SUBSTITUTION,1,98679466,,CHEMISTRY,2024-08-02,730,chemistry,FIRST EXTENSION - GRANTED,Live/Pending,True,036,False
10,NEAR_1_SUBSTITUTION,1,79282252,6155893,CHEMISTRY,2020-02-24,700,chemistry,REGISTERED,Live/Registered,True,020,False
10,NEAR_1_SUBSTITUTION,1,88632739,6111623,CHEMISTRY.,2019-09-26,700,chemistry,REGISTERED,Live/Registered,True,035,True
10,NEAR_1_SUBSTITUTION,1,88213613,5987571,CHEMISTRY.,2018-12-02,700,chemistry,REGISTERED,Live/Registered,True,025,False
10,NEAR_1_SUBSTITUTION,1,85105990,3944094,CHEMISTRY,2010-08-12,800,chemistry,REGISTERED AND RENEWED,Live/Registered,True,033,False
10,NEAR_1_SUBSTITUTION,1,77412266,3637513,CHEMISTRY,2008-03-04,800,chemistry,REGISTERED AND RENEWED,Live/Registered,True,045,False
10,NEAR_1_SUBSTITUTION,1,75041956,2023849,CHEMISTRY,1996-01-11,800,chemistry,REGISTERED AND RENEWED,Live/Registered,True,003,True
10,NEAR_1_SUBSTITUTION,1,90579172,,CHEMISTRY,2021-03-15,606,chemistry,ABANDONED - NO STATEMENT OF USE FILED,Dead/Abandoned,False,003,True
10,NEAR_1_SUBSTITUTION,1,90545279,,CHEMISTRY,2021-02-24,602,chemistry,ABANDONED-FAILURE TO RESPOND OR LATE RESPONSE,Dead/Abandoned,False,003,True
10,NEAR_1_SUBSTITUTION,1,88089328,,CHEMISTRY,2018-08-23,606,chemistry,ABANDONED - NO STATEMENT OF USE FILED,Dead/Abandoned,False,033,False
10,NEAR_1_SUBSTITUTION,1,87598195,,CHEMISTRY.,2017-09-06,602,chemistry,ABANDONED-FAILURE TO RESPOND OR LATE RESPONSE,Dead/Abandoned,False,009,False
10,NEAR_1_SUBSTITUTION,1,87568257,,CHEMISTRY,2017-08-14,600,chemistry,ABANDONED - INCOMPLETE RESPONSE,Dead/Abandoned,False,025,False
10,NEAR_1_SUBSTITUTION,1,87318977,,CHEMISTRY,2017-01-31,602,chemistry,ABANDONED-FAILURE TO RESPOND OR LATE RESPONSE,Dead/Abandoned,False,025,False
10,NEAR_1_SUBSTITUTION,1,86818813,,CHEMISTRY,2015-11-12,606,chemistry,ABANDONED - NO STATEMENT OF USE FILED,Dead/Abandoned,False,033,False
10,NEAR_1_SUBSTITUTION,1,86644264,,CHEMISTRY,2015-05-28,602,chemistry,ABANDONED-FAILURE TO RESPOND OR LATE RESPONSE,Dead/Abandoned,False,020,False
10,NEAR_1_SUBSTITUTION,1,86471989,,CHEMISTRY,2014-12-04,602,chemistry,ABANDONED-FAILURE TO RESPOND OR LATE RESPONSE,Dead/Abandoned,False,025,False
10,NEAR_1_SUBSTITUTION,1,86254698,4641117,CHEMISTRY,2014-04-17,710,chemistry,CANCELLED - SECTION 8,Dead/Cancelled,False,,False
10,NEAR_1_SUBSTITUTION,1,86142172,,CHEMISTRY,2013-12-12,606,chemistry,ABANDONED - NO STATEMENT OF USE FILED,Dead/Abandoned,False,043,False
10,NEAR_1_SUBSTITUTION,1,86081003,,CHEMISTRY,2013-10-02,602,chemistry,ABANDONED-FAILURE TO RESPOND OR LATE RESPONSE,Dead/Abandoned,False,025,False
10,NEAR_1_SUBSTITUTION,1,85897195,,CHEMISTRY,2013-04-06,602,chemistry,ABANDONED-FAILURE TO RESPOND OR LATE RESPONSE,Dead/Abandoned,False,033,False
10,NEAR_1_SUBSTITUTION,1,85364808,,CHEMISTRY,2011-07-06,602,chemistry,ABANDONED-FAILURE TO RESPOND OR LATE RESPONSE,Dead/Abandoned,False,025,False
10,NEAR_1_SUBSTITUTION,1,77899517,,CHEMISTRY,2009-12-22,606,chemistry,ABANDONED - NO STATEMENT OF USE FILED,Dead/Abandoned,False,033,False
10,NEAR_1_SUBSTITUTION,1,77464887,,CHEMISTRY,2008-05-02,606,chemistry,ABANDONED - NO STATEMENT OF USE FILED,Dead/Abandoned,False,"041,043",False
10,NEAR_1_SUBSTITUTION,1,77263246,,CHEMISTRY,2007-08-23,602,chemistry,ABANDONED-FAILURE TO RESPOND OR LATE RESPONSE,Dead/Abandoned,False,025,False
10,NEAR_1_SUBSTITUTION,1,77191870,3497822,CHEMISTRY,2007-05-29,710,chemistry,CANCELLED - SECTION 8,Dead/Cancelled,False,,False
10,NEAR_1_SUBSTITUTION,1,77065918,,CHEMISTRY,2006-12-17,602,chemistry,ABANDONED-FAILURE TO RESPOND OR LATE RESPONSE,Dead/Abandoned,False,003,True
10,NEAR_1_SUBSTITUTION,1,78939522,3358025,CHEMISTRY,2006-07-27,710,chemistry,CANCELLED - SECTION 8,Dead/Cancelled,False,,False
10,NEAR_1_SUBSTITUTION,1,78727178,3584693,CHEMISTRY,2005-10-05,710,chemistry,CANCELLED - SECTION 8,Dead/Cancelled,False,,False
10,NEAR_1_SUBSTITUTION,1,76427338,,CHEMISTRY,2002-06-26,602,chemistry,ABANDONED-FAILURE TO RESPOND OR LATE RESPONSE,Dead/Abandoned,False,"035,041",True
10,NEAR_1_SUBSTITUTION,1,76427339,,CHEMISTRY,2002-06-26,602,chemistry,ABANDONED-FAILURE TO RESPOND OR LATE RESPONSE,Dead/Abandoned,False,016,False
10,NEAR_1_SUBSTITUTION,1,75833835,2462759,CHEMISTRY,1999-10-28,710,chemistry,CANCELLED - SECTION 8,Dead/Cancelled,False,,False
10,NEAR_1_SUBSTITUTION,1,74512605,,CHEMISTRY,1994-04-14,606,chemistry,ABANDONED - NO STATEMENT OF USE FILED,Dead/Abandoned,False,,False
10,NEAR_1_SUBSTITUTION,1,73774723,,CHEMISTRY,1989-01-17,602,chemistry,ABANDONED-FAILURE TO RESPOND OR LATE RESPONSE,Dead/Abandoned,False,,False
10,NEAR_1_SUBSTITUTION,1,73698203,1504923,CHEMISTRY,1987-11-30,710,chemistry,CANCELLED - SECTION 8,Dead/Cancelled,False,,False
10,NEAR_1_SUBSTITUTION,1,73350441,,CHEMISTRY,1982-02-16,602,chemistry,ABANDONED-FAILURE TO RESPOND OR LATE RESPONSE,Dead/Abandoned,False,,False
10,NEAR_1_SUBSTITUTION,1,72172038,0780634,CHEMISTRY,1963-06-28,710,chemistry,CANCELLED - SECTION 8,Dead/Cancelled,False,,False
11,EXACT,0,75918647,2428404,CHEMENCE,2000-02-14,800,chemence,REGISTERED AND RENEWED,Live/Registered,True,001,False
11,EXACT,0,74171253,1808283,CHEMENCE,1991-05-30,710,chemence,CANCELLED - SECTION 8,Dead/Cancelled,False,,False
11,NEAR_1_SUBSTITUTION,1,88510161,,CLEMENCE,2019-07-11,602,clemence,ABANDONED-FAILURE TO RESPOND OR LATE RESPONSE,Dead/Abandoned,False,,False
11,NEAR_1_DELETION,1,77927590,,CHEMENE,2010-02-03,602,chemene,ABANDONED-FAILURE TO RESPOND OR LATE RESPONSE,Dead/Abandoned,False,009,False
11,NEAR_1_SUBSTITUTION,1,74067524,1724540,CLEMENCE,1990-06-11,710,clemence,CANCELLED - SECTION 8,Dead/Cancelled,False,,False
12,NEAR_1_SUBSTITUTION,1,99762942,,CHEFÓRA,2026-04-14,630,chefora,NEW APPLICATION - RECORD INITIALIZED NOT ASSIGNED TO EXAMINER,Live/Pending,True,021,True
12,NEAR_1_SUBSTITUTION,1,99762973,,CHEFORA,2026-04-14,630,chefora,NEW APPLICATION - RECORD INITIALIZED NOT ASSIGNED TO EXAMINER,Live/Pending,True,021,True
12,NEAR_1_SUBSTITUTION,1,99742013,,CLEMORA,2026-04-02,630,clemora,NEW APPLICATION - RECORD INITIALIZED NOT ASSIGNED TO EXAMINER,Live/Pending,True,003,True
12,NEAR_1_SUBSTITUTION,1,99668282,,CHEWORA,2026-03-03,681,chewora,PUBLICATION/ISSUE REVIEW COMPLETE,Live/Pending,True,"005,031",True
12,NEAR_1_SUBSTITUTION,1,99514777,,CHAMORA,2025-11-25,688,chamora,NOTICE OF ALLOWANCE - ISSUED,Live/Pending,True,003,True
12,NEAR_1_SUBSTITUTION,1,99503779,,PHEMORA,2025-11-18,688,phemora,NOTICE OF ALLOWANCE - ISSUED,Live/Pending,True,015,False
12,NEAR_1_SUBSTITUTION,1,99391509,,CHYMORA,2025-09-13,688,chymora,NOTICE OF ALLOWANCE - ISSUED,Live/Pending,True,020,False
12,NEAR_1_SUBSTITUTION,1,79433445,,CHEMIRA,2025-08-11,641,chemira,NON-FINAL ACTION - MAILED,Live/Pending,True,"010,044",True
12,NEAR_1_SUBSTITUTION,1,99238515,,CUEMORA,2025-06-17,748,cuemora,STATEMENT OF USE - TO EXAMINER,Live/Pending,True,003,True
12,NEAR_1_SUBSTITUTION,1,79426822,,THE MORA,2025-05-22,645,themora,FINAL REFUSAL - MAILED,Live/Pending,True,"039,041,043,044",True
12,NEAR_1_SUBSTITUTION,1,79426823,,THE MORA,2025-05-22,681,themora,PUBLICATION/ISSUE REVIEW COMPLETE,Live/Pending,True,"039,041,043,044",True
12,NEAR_1_SUBSTITUTION,1,79414799,,CHEMIRA,2024-04-19,686,chemira,PUBLISHED FOR OPPOSITION,Live/Pending,True,"010,044",True
12,NEAR_1_SUBSTITUTION,1,98257202,7528937,CHEMORI,2023-11-06,700,chemori,REGISTERED,Live/Registered,True,009,False
12,NEAR_1_INSERTION,1,97319689,7035941,CHEWMORA,2022-03-18,700,chewmora,REGISTERED,Live/Registered,True,028,False
12,NEAR_1_SUBSTITUTION,1,88670528,6471693,CHEMERA,2019-10-28,700,chemera,REGISTERED,Live/Registered,True,009,False
12,NEAR_1_SUBSTITUTION,1,87287679,5250904,CREMORA,2017-01-03,702,cremora,SECTION 8 & 15-ACCEPTED AND ACKNOWLEDGED,Live/Registered,True,029,False
12,NEAR_1_DELETION,1,79149271,4779446,CHEMRA,2014-02-06,706,chemra,SECTION 71 ACCEPTED,Live/Registered,True,"009,042",False
12,NEAR_1_DELETION,1,79149312,4801604,CHEMRA,2014-02-06,706,chemra,SECTION 71 ACCEPTED,Live/Registered,True,"009,042",False
12,NEAR_1_SUBSTITUTION,1,85729942,4424210,CHEMOLA,2012-09-14,800,chemola,REGISTERED AND RENEWED,Live/Registered,True,"003,004",True
12,NEAR_1_SUBSTITUTION,1,73571337,1410798,CREMORA,1985-12-02,800,cremora,REGISTERED AND RENEWED,Live/Registered,True,029,False
12,NEAR_1_SUBSTITUTION,1,86140664,4630130,CHEMORI,2013-12-11,710,chemori,CANCELLED - SECTION 8,Dead/Cancelled,False,,False
12,NEAR_1_SUBSTITUTION,1,85915869,,CREMORA,2013-04-26,606,cremora,ABANDONED - NO STATEMENT OF USE FILED,Dead/Abandoned,False,030,False
12,NEAR_1_SUBSTITUTION,1,78498516,,CREMORA,2004-10-12,606,cremora,ABANDONED - NO STATEMENT OF USE FILED,Dead/Abandoned,False,030,False
12,NEAR_1_SUBSTITUTION,1,78465834,3077717,CREMORA,2004-08-11,710,cremora,CANCELLED - SECTION 8,Dead/Cancelled,False,,False
12,NEAR_1_SUBSTITUTION,1,78030279,,CHEMERA,2000-10-12,602,chemera,ABANDONED-FAILURE TO RESPOND OR LATE RESPONSE,Dead/Abandoned,False,007,False
12,NEAR_1_INSERTION,1,75557321,,CHEMO'RAD,1998-09-23,606,chemorad,ABANDONED - NO STATEMENT OF USE FILED,Dead/Abandoned,False,010,True
12,NEAR_1_SUBSTITUTION,1,73762296,1548501,CREMORA,1988-11-07,710,cremora,CANCELLED - SECTION 8,Dead/Cancelled,False,,False
12,NEAR_1_SUBSTITUTION,1,73577513,1438827,CHEMURA,1986-01-13,710,chemura,CANCELLED - SECTION 8,Dead/Cancelled,False,,False
12,NEAR_1_SUBSTITUTION,1,73485941,,CHEMURA,1984-06-19,602,chemura,ABANDONED-FAILURE TO RESPOND OR LATE RESPONSE,Dead/Abandoned,False,,False
12,NEAR_1_SUBSTITUTION,1,73291098,1218323,CHEMERA,1980-12-29,710,chemera,CANCELLED - SECTION 8,Dead/Cancelled,False,,False
12,NEAR_1_SUBSTITUTION,1,71042114,0076584,CREMORA,1909-04-28,900,cremora,EXPIRED,Dead/Expired,False,,False
13,NEAR_1_SUBSTITUTION,1,79433445,,CHEMIRA,2025-08-11,641,chemira,NON-FINAL ACTION - MAILED,Live/Pending,True,"010,044",True
13,NEAR_1_SUBSTITUTION,1,79414799,,CHEMIRA,2024-04-19,686,chemira,PUBLISHED FOR OPPOSITION,Live/Pending,True,"010,044",True
13,NEAR_1_SUBSTITUTION,1,88670528,6471693,CHEMERA,2019-10-28,700,chemera,REGISTERED,Live/Registered,True,009,False
13,NEAR_1_DELETION,1,79149271,4779446,CHEMRA,2014-02-06,706,chemra,SECTION 71 ACCEPTED,Live/Registered,True,"009,042",False
13,NEAR_1_DELETION,1,79149312,4801604,CHEMRA,2014-02-06,706,chemra,SECTION 71 ACCEPTED,Live/Registered,True,"009,042",False
13,NEAR_1_SUBSTITUTION,1,78030279,,CHEMERA,2000-10-12,602,chemera,ABANDONED-FAILURE TO RESPOND OR LATE RESPONSE,Dead/Abandoned,False,007,False
13,NEAR_1_SUBSTITUTION,1,73577513,1438827,CHEMURA,1986-01-13,710,chemura,CANCELLED - SECTION 8,Dead/Cancelled,False,,False
13,NEAR_1_SUBSTITUTION,1,73485941,,CHEMURA,1984-06-19,602,chemura,ABANDONED-FAILURE TO RESPOND OR LATE RESPONSE,Dead/Abandoned,False,,False
13,NEAR_1_SUBSTITUTION,1,73291098,1218323,CHEMERA,1980-12-29,710,chemera,CANCELLED - SECTION 8,Dead/Cancelled,False,,False
14,NEAR_1_SUBSTITUTION,1,90213769,6393999,CHEMENO,2020-09-27,700,chemeno,REGISTERED,Live/Registered,True,028,False
14,NEAR_1_SUBSTITUTION,1,87772300,,CHEF UNO,2018-01-26,602,chefuno,ABANDONED-FAILURE TO RESPOND OR LATE RESPONSE,Dead/Abandoned,False,043,False
14,NEAR_1_SUBSTITUTION,1,85547475,4384910,CHEMONO,2012-02-20,710,chemono,CANCELLED - SECTION 8,Dead/Cancelled,False,,False
14,NEAR_1_SUBSTITUTION,1,72061107,0696497,CHEMUNG,1958-10-22,710,chemung,CANCELLED - SECTION 8,Dead/Cancelled,False,,False
15,NEAR_1_SUBSTITUTION,1,99913615,,SYNTRESS,2026-06-30,630,syntress,NEW APPLICATION - RECORD INITIALIZED NOT ASSIGNED TO EXAMINER,Live/Pending,True,026,False
15,NEAR_1_INSERTION,1,99516330,,SYNTHESIS+,2025-11-25,641,synthesis,NON-FINAL ACTION - MAILED,Live/Pending,True,003,True
15,NEAR_1_INSERTION,1,99283942,8180894,SYNTHESIS,2025-07-15,700,synthesis,REGISTERED,Live/Registered,True,001,False
15,NEAR_1_INSERTION,1,99197262,,SYNTHESIS,2025-05-22,688,synthesis,NOTICE OF ALLOWANCE - ISSUED,Live/Pending,True,032,False
15,NEAR_1_INSERTION,1,99197288,8147468,SYNTHESIS,2025-05-22,700,synthesis,REGISTERED,Live/Registered,True,005,True
15,NEAR_1_INSERTION,1,98451798,8170524,SYNTHESIS,2024-03-15,700,synthesis,REGISTERED,Live/Registered,True,"009,042,044",True
15,NEAR_1_INSERTION,1,98371629,,SYNTHESYS,2024-01-23,654,synthesys,REPORT COMPLETED SUSPENSION CHECK - CASE STILL SUSPENDED,Live/Pending,True,"009,016,028,041",False
15,NEAR_1_INSERTION,1,98169224,7322903,SYNTHESIS,2023-09-07,700,synthesis,REGISTERED,Live/Registered,True,042,False
15,NEAR_1_INSERTION,1,98130799,7627997,SYNTHESIS,2023-08-14,700,synthesis,REGISTERED,Live/Registered,True,041,False
15,NEAR_1_INSERTION,1,97576440,,SYNTHESIS,2022-09-02,654,synthesis,REPORT COMPLETED SUSPENSION CHECK - CASE STILL SUSPENDED,Live/Pending,True,042,False
15,NEAR_1_INSERTION,1,97387048,,SYNTHESIS,2022-04-28,748,synthesis,STATEMENT OF USE - TO EXAMINER,Live/Pending,True,"041,042",False
15,NEAR_1_INSERTION,1,97387056,,SYNTHESIS,2022-04-28,748,synthesis,STATEMENT OF USE - TO EXAMINER,Live/Pending,True,"041,042",False
15,NEAR_1_INSERTION,1,97279729,8042944,SYNTHESIS,2022-02-23,700,synthesis,REGISTERED,Live/Registered,True,"038,042",False
15,NEAR_1_INSERTION,1,97021744,7027450,SYNTHESIS,2021-09-10,700,synthesis,REGISTERED,Live/Registered,True,016,False
15,NEAR_1_INSERTION,1,90357503,6966335,SYNTHESIS,2020-12-03,700,synthesis,REGISTERED,Live/Registered,True,"009,037,042",False
15,NEAR_1_SUBSTITUTION,1,90210586,7697712,SYNTHESE,2020-09-25,700,synthese,REGISTERED,Live/Registered,True,042,False
15,NEAR_1_INSERTION,1,88901345,6204929,SYNTHESIS,2020-05-05,700,synthesis,REGISTERED,Live/Registered,True,036,False
15,NEAR_1_INSERTION,1,88554472,7026136,SYNTHESIS,2019-07-31,700,synthesis,REGISTERED,Live/Registered,True,042,False
15,NEAR_1_INSERTION,1,88443911,6043947,SYNTHESIS,2019-05-23,702,synthesis,SECTION 8 & 15-ACCEPTED AND ACKNOWLEDGED,Live/Registered,True,036,False
15,NEAR_1_INSERTION,1,86496539,4825695,SYNTHESIS,2015-01-06,800,synthesis,REGISTERED AND RENEWED,Live/Registered,True,042,False
15,NEAR_1_INSERTION,1,86277471,4828044,SYNTHESIS,2014-05-09,800,synthesis,REGISTERED AND RENEWED,Live/Registered,True,010,True
15,NEAR_1_INSERTION,1,86264971,4765716,SYNTHESIS,2014-04-29,800,synthesis,REGISTERED AND RENEWED,Live/Registered,True,009,False
15,NEAR_1_INSERTION,1,85079615,3900772,SYNTHESIS,2010-07-07,800,synthesis,REGISTERED AND RENEWED,Live/Registered,True,009,False
15,NEAR_1_INSERTION,1,78802494,3220859,SYNTHESIS,2006-01-30,800,synthesis,REGISTERED AND RENEWED,Live/Registered,True,020,False
15,NEAR_1_INSERTION,1,78603953,4071313,SYNTHESIS,2005-04-07,800,synthesis,REGISTERED AND RENEWED,Live/Registered,True,033,False
15,NEAR_1_DELETION,1,76357989,2788064,SYNTHES,2002-01-10,800,synthes,REGISTERED AND RENEWED,Live/Registered,True,010,True
15,NEAR_1_DELETION,1,76309308,2561835,SYNTHES,2001-09-05,800,synthes,REGISTERED AND RENEWED,Live/Registered,True,011,False
15,NEAR_1_INSERTION,1,73501825,1378917,SYNTHESIS,1984-10-01,800,synthesis,REGISTERED AND RENEWED,Live/Registered,True,009,False
15,NEAR_1_DELETION,1,72424694,0999397,SYNTHES,1972-05-17,800,synthes,REGISTERED AND RENEWED,Live/Registered,True,010,True
15,NEAR_1_INSERTION,1,98260314,,SYNTHESIS,2023-11-08,602,synthesis,ABANDONED-FAILURE TO RESPOND OR LATE RESPONSE,Dead/Abandoned,False,025,False
15,NEAR_1_INSERTION,1,97892501,,SYNTHESIS,2023-04-17,602,synthesis,ABANDONED-FAILURE TO RESPOND OR LATE RESPONSE,Dead/Abandoned,False,001,False
15,NEAR_1_INSERTION,1,90426412,,SYNTHESIS,2020-12-29,602,synthesis,ABANDONED-FAILURE TO RESPOND OR LATE RESPONSE,Dead/Abandoned,False,012,False
15,NEAR_1_INSERTION,1,90118443,,SYNTHESIS,2020-08-17,606,synthesis,ABANDONED - NO STATEMENT OF USE FILED,Dead/Abandoned,False,043,False
15,NEAR_1_SUBSTITUTION,1,88746462,,SYNTHESE,2020-01-03,606,synthese,ABANDONED - NO STATEMENT OF USE FILED,Dead/Abandoned,False,"005,042",True
15,NEAR_1_INSERTION,1,88558887,,SYNTHESIS,2019-08-01,602,synthesis,ABANDONED-FAILURE TO RESPOND OR LATE RESPONSE,Dead/Abandoned,False,001,False
15,NEAR_1_INSERTION,1,88554458,,SYN THE SIS,2019-07-31,602,synthesis,ABANDONED-FAILURE TO RESPOND OR LATE RESPONSE,Dead/Abandoned,False,042,False
15,NEAR_1_INSERTION,1,88444422,,SYNTHESIS,2019-05-23,602,synthesis,ABANDONED-FAILURE TO RESPOND OR LATE RESPONSE,Dead/Abandoned,False,003,True
15,NEAR_1_INSERTION,1,88234720,5864354,SYNTHESIS,2018-12-19,710,synthesis,CANCELLED - SECTION 8,Dead/Cancelled,False,,False
15,NEAR_1_INSERTION,1,87776231,5603285,SYNTHESIS,2018-01-30,713,synthesis,CANCELLED - SECTION 18,Dead/Cancelled,False,,False
15,NEAR_1_INSERTION,1,87699316,,SYNTHESIS,2017-11-28,606,synthesis,ABANDONED - NO STATEMENT OF USE FILED,Dead/Abandoned,False,042,False
15,NEAR_1_INSERTION,1,86665523,,SYNTHESIS,2015-06-17,606,synthesis,ABANDONED - NO STATEMENT OF USE FILED,Dead/Abandoned,False,028,False
15,NEAR_1_INSERTION,1,86240869,,SYNTHESIS,2014-04-03,606,synthesis,ABANDONED - NO STATEMENT OF USE FILED,Dead/Abandoned,False,003,True
15,NEAR_1_INSERTION,1,86196637,4657713,SYNTHESIS,2014-02-18,710,synthesis,CANCELLED - SECTION 8,Dead/Cancelled,False,,False
15,NEAR_1_INSERTION,1,85806817,,SYNTHESIS,2012-12-19,606,synthesis,ABANDONED - NO STATEMENT OF USE FILED,Dead/Abandoned,False,020,False
15,NEAR_1_INSERTION,1,85533572,,SYNTHESIS,2012-02-03,606,synthesis,ABANDONED - NO STATEMENT OF USE FILED,Dead/Abandoned,False,011,False
15,NEAR_1_INSERTION,1,85533591,,SYNTHESIS,2012-02-03,606,synthesis,ABANDONED - NO STATEMENT OF USE FILED,Dead/Abandoned,False,007,False
15,NEAR_1_INSERTION,1,85533658,,SYNTHESIS,2012-02-03,606,synthesis,ABANDONED - NO STATEMENT OF USE FILED,Dead/Abandoned,False,009,False
15,NEAR_1_INSERTION,1,85533680,,SYNTHESIS,2012-02-03,606,synthesis,ABANDONED - NO STATEMENT OF USE FILED,Dead/Abandoned,False,035,True
15,NEAR_1_DELETION,1,85471545,4358711,SYNTHES,2011-11-14,710,synthes,CANCELLED - SECTION 8,Dead/Cancelled,False,,False
15,NEAR_1_INSERTION,1,85233429,4019117,SYNTHESYS,2011-02-03,710,synthesys,CANCELLED - SECTION 8,Dead/Cancelled,False,,False
15,NEAR_1_INSERTION,1,77898146,,SYNTHESIS,2009-12-21,606,synthesis,ABANDONED - NO STATEMENT OF USE FILED,Dead/Abandoned,False,"009,011",False
15,NEAR_1_INSERTION,1,77573155,3890620,SYNTHESIS,2008-09-18,710,synthesis,CANCELLED - SECTION 8,Dead/Cancelled,False,,False
15,NEAR_1_SUBSTITUTION,1,77269511,,SYNTH OSS,2007-08-31,605,synthoss,ABANDONED EXPRESS AFTER PUB,Dead/Abandoned,False,,False
15,NEAR_1_INSERTION,1,77066386,3486963,SYNTHESYS,2006-12-18,710,synthesys,CANCELLED - SECTION 8,Dead/Cancelled,False,,False
15,NEAR_1_INSERTION,1,76664682,,SYNTHESIS,2006-08-16,606,synthesis,ABANDONED - NO STATEMENT OF USE FILED,Dead/Abandoned,False,025,False
15,NEAR_1_INSERTION,1,78691705,3173580,SYNTHESIS,2005-08-12,710,synthesis,CANCELLED - SECTION 8,Dead/Cancelled,False,,False
15,NEAR_1_INSERTION,1,79020533,3280087,SYNTHESIS,2005-01-07,404,synthesis,IR CANCELLED; US REGISTRATION CANCELLED,Dead/Cancelled,False,,False
15,NEAR_1_INSERTION,1,76566105,,SYNTHESIS,2003-12-18,604,synthesis,ABANDONED - AFTER INTER-PARTES DECISION,Dead/Abandoned,False,,False
15,NEAR_1_INSERTION,1,76505508,,SYNTHESIS,2003-04-10,606,synthesis,ABANDONED - NO STATEMENT OF USE FILED,Dead/Abandoned,False,005,True
15,NEAR_1_SUBSTITUTION,1,76381773,2744543,SYNTRESS,2002-03-12,710,syntress,CANCELLED - SECTION 8,Dead/Cancelled,False,,False
15,NEAR_1_INSERTION,1,78107242,2751410,SYNTHESIS,2002-02-06,710,synthesis,CANCELLED - SECTION 8,Dead/Cancelled,False,,False
15,NEAR_1_INSERTION,1,75853696,2516374,SYNTHESIS,1999-11-19,710,synthesis,CANCELLED - SECTION 8,Dead/Cancelled,False,,False
15,NEAR_1_INSERTION,1,75780284,,SYNTHESIS,1999-09-14,601,synthesis,ABANDONED - EXPRESS,Dead/Abandoned,False,041,False
15,NEAR_1_INSERTION,1,75555125,,SYNTHESIS,1998-09-18,602,synthesis,ABANDONED-FAILURE TO RESPOND OR LATE RESPONSE,Dead/Abandoned,False,003,True
15,NEAR_1_INSERTION,1,75554780,2482896,SYNTHESYS,1998-09-17,710,synthesys,CANCELLED - SECTION 8,Dead/Cancelled,False,,False
15,NEAR_1_INSERTION,1,75488552,2371569,SYNTHESIS,1998-05-20,713,synthesis,CANCELLED - SECTION 18,Dead/Cancelled,False,,False
15,NEAR_1_INSERTION,1,75443153,2317794,SYNTHESYS,1998-03-02,710,synthesys,CANCELLED - SECTION 8,Dead/Cancelled,False,,False
15,NEAR_1_INSERTION,1,75377724,,SYNTHESIS,1997-10-22,606,synthesis,ABANDONED - NO STATEMENT OF USE FILED,Dead/Abandoned,False,,False
15,NEAR_1_INSERTION,1,75255997,2140860,SYNTHESIS,1997-03-12,710,synthesis,CANCELLED - SECTION 8,Dead/Cancelled,False,,False
15,NEAR_1_INSERTION,1,74667833,2011530,SYNTHESIS,1995-05-01,710,synthesis,CANCELLED - SECTION 8,Dead/Cancelled,False,,False
15,NEAR_1_INSERTION,1,74646686,2076727,SYNTHESIS,1995-03-14,710,synthesis,CANCELLED - SECTION 8,Dead/Cancelled,False,,False
15,NEAR_1_INSERTION,1,74631103,,SYNTHESIS,1995-02-07,606,synthesis,ABANDONED - NO STATEMENT OF USE FILED,Dead/Abandoned,False,,False
15,NEAR_1_INSERTION,1,74585290,,SYNTHESYS,1994-10-13,604,synthesys,ABANDONED - AFTER INTER-PARTES DECISION,Dead/Abandoned,False,,False
15,NEAR_1_INSERTION,1,74584303,,SYNTHESYS,1994-10-11,604,synthesys,ABANDONED - AFTER INTER-PARTES DECISION,Dead/Abandoned,False,"009,035",True
15,NEAR_1_INSERTION,1,74235650,,SYNTHESYS,1992-01-07,602,synthesys,ABANDONED-FAILURE TO RESPOND OR LATE RESPONSE,Dead/Abandoned,False,,False
15,NEAR_1_INSERTION,1,74167423,1722961,SYNTHESIS,1991-05-17,710,synthesis,CANCELLED - SECTION 8,Dead/Cancelled,False,,False
15,NEAR_1_INSERTION,1,73838814,1602558,SYNTHESIS,1989-11-13,710,synthesis,CANCELLED - SECTION 8,Dead/Cancelled,False,,False
15,NEAR_1_INSERTION,1,73817633,,SYNTHESIS,1989-08-07,602,synthesis,ABANDONED-FAILURE TO RESPOND OR LATE RESPONSE,Dead/Abandoned,False,,False
15,NEAR_1_INSERTION,1,73724651,,SYNTHESIS,1988-04-25,603,synthesis,ABANDONED - AFTER EX PARTE APPEAL,Dead/Abandoned,False,,False
15,NEAR_1_SUBSTITUTION,1,73639657,1474706,SYNTHESO,1987-01-13,710,syntheso,CANCELLED - SECTION 8,Dead/Cancelled,False,,False
15,NEAR_1_INSERTION,1,73576720,1438882,SYNTHESIS,1986-01-08,710,synthesis,CANCELLED - SECTION 8,Dead/Cancelled,False,,False
15,NEAR_1_INSERTION,1,73539234,1414658,SYNTHESIS,1985-05-23,710,synthesis,CANCELLED - SECTION 8,Dead/Cancelled,False,,False
15,NEAR_1_INSERTION,1,73450369,1350366,SYNTHESIS,1983-10-31,710,synthesis,CANCELLED - SECTION 8,Dead/Cancelled,False,,False
15,NEAR_1_INSERTION,1,73366547,1240381,SYNTHESIS,1982-07-14,710,synthesis,CANCELLED - SECTION 8,Dead/Cancelled,False,,False
15,NEAR_1_INSERTION,1,73173734,1132398,SYNTHESIS,1978-06-09,710,synthesis,CANCELLED - SECTION 8,Dead/Cancelled,False,,False
15,NEAR_1_INSERTION,1,73127487,1095319,SYNTHESIS,1977-05-20,710,synthesis,CANCELLED - SECTION 8,Dead/Cancelled,False,,False
15,NEAR_1_INSERTION,1,73111509,1094552,SYNTHESIS,1977-01-05,710,synthesis,CANCELLED - SECTION 8,Dead/Cancelled,False,,False
15,NEAR_1_INSERTION,1,73105220,1098384,SYNTHESIS,1976-11-03,710,synthesis,CANCELLED - SECTION 8,Dead/Cancelled,False,,False
15,NEAR_1_INSERTION,1,72380138,0936115,SYNTHESIS,1971-01-04,900,synthesis,EXPIRED,Dead/Expired,False,,False
16,NEAR_1_SUBSTITUTION,1,99635491,,SYNTHEMA,2026-02-05,686,synthema,PUBLISHED FOR OPPOSITION,Live/Pending,True,042,False
16,NEAR_1_SUBSTITUTION,1,99266879,,SYNTHERA,2025-07-03,653,synthera,SUSPENSION LETTER - MAILED,Live/Pending,True,042,False
16,NEAR_1_INSERTION,1,79410060,7943167,SYNTHESIA,2024-09-26,700,synthesia,REGISTERED,Live/Registered,True,"009,035,038,041,042",True
16,NEAR_1_INSERTION,1,79380917,7789408,SYNTHESIA,2023-08-16,700,synthesia,REGISTERED,Live/Registered,True,"009,035,038,041,042",True
16,NEAR_1_INSERTION,1,79380919,7789409,SYNTHESIA,2023-08-16,700,synthesia,REGISTERED,Live/Registered,True,"009,035,038,041,042",True
16,NEAR_1_SUBSTITUTION,1,90210586,7697712,SYNTHESE,2020-09-25,700,synthese,REGISTERED,Live/Registered,True,042,False
16,NEAR_1_DELETION,1,87686582,6096800,SYNTHEA,2017-11-15,700,synthea,REGISTERED,Live/Registered,True,"009,042",False
16,NEAR_1_INSERTION,1,85522238,4198396,SYNTHESIA,2012-01-22,800,synthesia,REGISTERED AND RENEWED,Live/Registered,True,009,False
16,NEAR_1_SUBSTITUTION,1,79019516,3206422,SYNTHERA,2005-10-24,706,synthera,SECTION 71 ACCEPTED,Live/Registered,True,010,True
16,NEAR_1_DELETION,1,76357989,2788064,SYNTHES,2002-01-10,800,synthes,REGISTERED AND RENEWED,Live/Registered,True,010,True
16,NEAR_1_DELETION,1,76309308,2561835,SYNTHES,2001-09-05,800,synthes,REGISTERED AND RENEWED,Live/Registered,True,011,False
16,NEAR_1_DELETION,1,72424694,0999397,SYNTHES,1972-05-17,800,synthes,REGISTERED AND RENEWED,Live/Registered,True,010,True
16,NEAR_1_SUBSTITUTION,1,90342518,,SYNTHENA,2020-11-25,606,synthena,ABANDONED - NO STATEMENT OF USE FILED,Dead/Abandoned,False,009,False
16,NEAR_1_INSERTION,1,88798568,,SYNTHESIA,2020-02-14,601,synthesia,ABANDONED - EXPRESS,Dead/Abandoned,False,"001,002,017",False
16,NEAR_1_SUBSTITUTION,1,88746462,,SYNTHESE,2020-01-03,606,synthese,ABANDONED - NO STATEMENT OF USE FILED,Dead/Abandoned,False,"005,042",True
16,NEAR_1_DELETION,1,85471545,4358711,SYNTHES,2011-11-14,710,synthes,CANCELLED - SECTION 8,Dead/Cancelled,False,,False
16,NEAR_1_SUBSTITUTION,1,74347565,,SYNTHERA,1993-01-11,602,synthera,ABANDONED-FAILURE TO RESPOND OR LATE RESPONSE,Dead/Abandoned,False,,False
16,NEAR_1_SUBSTITUTION,1,74029647,,SYNTHEIA,1990-02-16,604,syntheia,ABANDONED - AFTER INTER-PARTES DECISION,Dead/Abandoned,False,,False
16,NEAR_1_SUBSTITUTION,1,74002451,,SYNTH-EIA,1989-11-16,604,syntheia,ABANDONED - AFTER INTER-PARTES DECISION,Dead/Abandoned,False,,False
16,NEAR_1_SUBSTITUTION,1,73639657,1474706,SYNTHESO,1987-01-13,710,syntheso,CANCELLED - SECTION 8,Dead/Cancelled,False,,False
17,EXACT,0,99266879,,SYNTHERA,2025-07-03,653,synthera,SUSPENSION LETTER - MAILED,Live/Pending,True,042,False
17,EXACT,0,79019516,3206422,SYNTHERA,2005-10-24,706,synthera,SECTION 71 ACCEPTED,Live/Registered,True,010,True
17,EXACT,0,74347565,,SYNTHERA,1993-01-11,602,synthera,ABANDONED-FAILURE TO RESPOND OR LATE RESPONSE,Dead/Abandoned,False,,False
17,NEAR_1_DELETION,1,99718307,,SYNTERA,2026-03-23,630,syntera,NEW APPLICATION - RECORD INITIALIZED NOT ASSIGNED TO EXAMINER,Live/Pending,True,010,True
17,NEAR_1_SUBSTITUTION,1,99635491,,SYNTHEMA,2026-02-05,686,synthema,PUBLISHED FOR OPPOSITION,Live/Pending,True,042,False
17,NEAR_1_SUBSTITUTION,1,99473351,8282225,SYNTHORA,2025-10-31,700,synthora,REGISTERED,Live/Registered,True,014,False
17,NEAR_1_SUBSTITUTION,1,99428403,,QYNTHERA,2025-10-05,688,qynthera,NOTICE OF ALLOWANCE - ISSUED,Live/Pending,True,"035,042",True
17,NEAR_1_SUBSTITUTION,1,99152074,8050849,XYNTHERA,2025-04-23,700,xynthera,REGISTERED,Live/Registered,True,014,False
17,NEAR_1_INSERTION,1,99016433,,SYNTHERNA,2025-01-23,730,syntherna,FIRST EXTENSION - GRANTED,Live/Pending,True,"005,042",True
17,NEAR_1_SUBSTITUTION,1,79417536,,SYNTHARA,2024-08-13,680,synthara,APPROVED FOR PUBLICATION,Live/Pending,True,"009,016,035,041,042,045",True
17,NEAR_1_SUBSTITUTION,1,97638731,,SANTHERA,2022-10-19,733,santhera,FOURTH EXTENSION - GRANTED,Live/Pending,True,005,True
17,NEAR_1_SUBSTITUTION,1,97977473,7357364,SANTHERA,2022-10-19,700,santhera,REGISTERED,Live/Registered,True,005,True
17,NEAR_1_DELETION,1,87686582,6096800,SYNTHEA,2017-11-15,700,synthea,REGISTERED,Live/Registered,True,"009,042",False
17,NEAR_1_SUBSTITUTION,1,86408355,5050311,SANTHERA,2014-09-29,701,santhera,SECTION 8-ACCEPTED,Live/Registered,True,005,True
17,NEAR_1_DELETION,1,76239147,3076996,SYNTERA,2001-04-11,800,syntera,REGISTERED AND RENEWED,Live/Registered,True,009,False
17,NEAR_1_SUBSTITUTION,1,74240834,1784837,SYNTHERM,1992-01-28,800,syntherm,REGISTERED AND RENEWED,Live/Registered,True,016,False
17,NEAR_1_SUBSTITUTION,1,98360196,,SYNTHARA,2024-01-16,606,synthara,ABANDONED - NO STATEMENT OF USE FILED,Dead/Abandoned,False,025,False
17,NEAR_1_SUBSTITUTION,1,90342518,,SYNTHENA,2020-11-25,606,synthena,ABANDONED - NO STATEMENT OF USE FILED,Dead/Abandoned,False,009,False
17,NEAR_1_SUBSTITUTION,1,77320647,,SANTHERA,2007-11-02,606,santhera,ABANDONED - NO STATEMENT OF USE FILED,Dead/Abandoned,False,005,True
17,NEAR_1_SUBSTITUTION,1,79006361,3066149,SANTHERA,2004-09-16,404,santhera,IR CANCELLED; US REGISTRATION CANCELLED,Dead/Cancelled,False,,False
17,NEAR_1_DELETION,1,76123989,,SYNTERA,2000-09-07,606,syntera,ABANDONED - NO STATEMENT OF USE FILED,Dead/Abandoned,False,009,False
17,NEAR_1_SUBSTITUTION,1,78019527,2522743,SYNTHERM,2000-08-03,710,syntherm,CANCELLED - SECTION 8,Dead/Cancelled,False,,False
17,NEAR_1_SUBSTITUTION,1,74029647,,SYNTHEIA,1990-02-16,604,syntheia,ABANDONED - AFTER INTER-PARTES DECISION,Dead/Abandoned,False,,False
17,NEAR_1_SUBSTITUTION,1,74002451,,SYNTH-EIA,1989-11-16,604,syntheia,ABANDONED - AFTER INTER-PARTES DECISION,Dead/Abandoned,False,,False
18,EXACT,0,99286814,,SYNTHOME,2025-07-16,688,synthome,NOTICE OF ALLOWANCE - ISSUED,Live/Pending,True,"009,042",False
18,NEAR_1_SUBSTITUTION,1,99356163,8194374,SYNAHOME,2025-08-25,700,synahome,REGISTERED,Live/Registered,True,016,False
18,NEAR_1_SUBSTITUTION,1,97200251,7334481,SYNTH ONE,2022-01-03,700,synthone,REGISTERED,Live/Registered,True,"009,015",False
18,NEAR_1_INSERTION,1,75747184,2460959,SYNTHOMER,1999-07-09,800,synthomer,REGISTERED AND RENEWED,Live/Registered,True,001,False
18,NEAR_1_SUBSTITUTION,1,85650335,4288597,SANTHOME,2012-06-13,710,santhome,CANCELLED - SECTION 8,Dead/Cancelled,False,,False
18,NEAR_1_SUBSTITUTION,1,78214507,2900709,SAN THOME,2003-02-13,710,santhome,CANCELLED - SECTION 8,Dead/Cancelled,False,,False
19,EXACT,0,76621311,3319032,ACTALYST,2004-11-18,710,actalyst,CANCELLED - SECTION 8,Dead/Cancelled,False,,False
19,NEAR_1_TRANSPOSITION,1,99922059,,CATALYST,2026-07-04,630,catalyst,NEW APPLICATION - RECORD INITIALIZED NOT ASSIGNED TO EXAMINER,Live/Pending,True,044,True
19,NEAR_1_SUBSTITUTION,1,99918277,,ARTALYST,2026-07-02,630,artalyst,NEW APPLICATION - RECORD INITIALIZED NOT ASSIGNED TO EXAMINER,Live/Pending,True,020,False
19,NEAR_1_SUBSTITUTION,1,99906804,,ARTALYST,2026-06-25,630,artalyst,NEW APPLICATION - RECORD INITIALIZED NOT ASSIGNED TO EXAMINER,Live/Pending,True,011,False
19,NEAR_1_TRANSPOSITION,1,99885358,,CATALYST,2026-06-15,630,catalyst,NEW APPLICATION - RECORD INITIALIZED NOT ASSIGNED TO EXAMINER,Live/Pending,True,"010,020",True
19,NEAR_1_TRANSPOSITION,1,99885678,,CATALYST,2026-06-15,630,catalyst,NEW APPLICATION - RECORD INITIALIZED NOT ASSIGNED TO EXAMINER,Live/Pending,True,"010,020",True
19,NEAR_1_TRANSPOSITION,1,99879060,,CATALYST,2026-06-11,630,catalyst,NEW APPLICATION - RECORD INITIALIZED NOT ASSIGNED TO EXAMINER,Live/Pending,True,"006,019",False
19,NEAR_1_TRANSPOSITION,1,99626186,,CATALYST,2026-01-31,686,catalyst,PUBLISHED FOR OPPOSITION,Live/Pending,True,009,False
19,NEAR_1_TRANSPOSITION,1,99607858,,CATALYST,2026-01-21,645,catalyst,FINAL REFUSAL - MAILED,Live/Pending,True,003,True
19,NEAR_1_TRANSPOSITION,1,99587568,,CATALYST,2026-01-10,686,catalyst,PUBLISHED FOR OPPOSITION,Live/Pending,True,"002,007,009",False
19,NEAR_1_TRANSPOSITION,1,79439535,8290363,CATALYST,2025-11-19,700,catalyst,REGISTERED,Live/Registered,True,042,False
19,NEAR_1_TRANSPOSITION,1,99441027,,CATALYST,2025-10-13,686,catalyst,PUBLISHED FOR OPPOSITION,Live/Pending,True,039,False
19,NEAR_1_TRANSPOSITION,1,99423567,,CATALYST,2025-10-01,653,catalyst,SUSPENSION LETTER - MAILED,Live/Pending,True,"005,030",True
19,NEAR_1_TRANSPOSITION,1,99313102,,CATALYST,2025-07-31,681,catalyst,PUBLICATION/ISSUE REVIEW COMPLETE,Live/Pending,True,042,False
19,NEAR_1_TRANSPOSITION,1,79444545,,CATALYST,2025-06-25,641,catalyst,NON-FINAL ACTION - MAILED,Live/Pending,True,"009,035,037,042,045",True
19,NEAR_1_TRANSPOSITION,1,99139837,,CATALYST,2025-04-16,653,catalyst,SUSPENSION LETTER - MAILED,Live/Pending,True,"009,036,041,045",False
19,NEAR_1_TRANSPOSITION,1,99104559,8084121,CATALYST,2025-03-26,700,catalyst,REGISTERED,Live/Registered,True,010,True
19,NEAR_1_TRANSPOSITION,1,98784846,,CATALYST,2024-10-03,654,catalyst,REPORT COMPLETED SUSPENSION CHECK - CASE STILL SUSPENDED,Live/Pending,True,041,False
19,NEAR_1_TRANSPOSITION,1,98700068,,CATALYST,2024-08-15,731,catalyst,SECOND EXTENSION - GRANTED,Live/Pending,True,012,False
19,NEAR_1_TRANSPOSITION,1,98677986,,CATALYST,2024-08-01,653,catalyst,SUSPENSION LETTER - MAILED,Live/Pending,True,"009,042",False
19,NEAR_1_TRANSPOSITION,1,98606318,,CATALYST,2024-06-18,774,catalyst,OPPOSITION PENDING,Live/Pending,True,"016,042",False
19,NEAR_1_TRANSPOSITION,1,98508129,,CATALYST,2024-04-18,748,catalyst,STATEMENT OF USE - TO EXAMINER,Live/Pending,True,042,False
19,NEAR_1_TRANSPOSITION,1,98415936,,CATALYST,2024-02-22,688,catalyst,NOTICE OF ALLOWANCE - ISSUED,Live/Pending,True,042,False
19,NEAR_1_TRANSPOSITION,1,98302982,7893179,CATALYST,2023-12-07,700,catalyst,REGISTERED,Live/Registered,True,031,False
19,NEAR_1_TRANSPOSITION,1,98214560,,CATALYST,2023-10-09,654,catalyst,REPORT COMPLETED SUSPENSION CHECK - CASE STILL SUSPENDED,Live/Pending,True,041,False
19,NEAR_1_TRANSPOSITION,1,98087430,,CATALYST,2023-07-17,819,catalyst,SU - REGISTRATION REVIEW COMPLETE,Live/Pending,True,"009,035,042",True
19,NEAR_1_TRANSPOSITION,1,97836438,7378132,CATALYST,2023-03-13,700,catalyst,REGISTERED,Live/Registered,True,"010,020",True
19,NEAR_1_TRANSPOSITION,1,97720478,7698272,CATALYST,2022-12-16,700,catalyst,REGISTERED,Live/Registered,True,"007,009",False
19,NEAR_1_TRANSPOSITION,1,97704197,,CATALYST,2022-12-05,653,catalyst,SUSPENSION LETTER - MAILED,Live/Pending,True,001,False
19,NEAR_1_TRANSPOSITION,1,97585722,7392879,CATALYST,2022-09-09,700,catalyst,REGISTERED,Live/Registered,True,019,False
19,NEAR_1_TRANSPOSITION,1,97428216,7237875,CATALYST,2022-05-25,700,catalyst,REGISTERED,Live/Registered,True,011,False
19,NEAR_1_TRANSPOSITION,1,97367965,7347923,CATALYST,2022-04-18,700,catalyst,REGISTERED,Live/Registered,True,012,False
19,NEAR_1_TRANSPOSITION,1,97189685,7732441,CATALYST,2021-12-24,700,catalyst,REGISTERED,Live/Registered,True,"032,033",False
19,NEAR_1_TRANSPOSITION,1,97065851,6977300,CATALYST,2021-10-08,700,catalyst,REGISTERED,Live/Registered,True,042,False
19,NEAR_1_TRANSPOSITION,1,97014286,6820843,CATALYST,2021-09-07,700,catalyst,REGISTERED,Live/Registered,True,012,False
19,NEAR_1_TRANSPOSITION,1,90821191,6796102,CATALYST,2021-07-10,700,catalyst,REGISTERED,Live/Registered,True,031,False
19,NEAR_1_TRANSPOSITION,1,90713597,6938705,CATALYST,2021-05-15,700,catalyst,REGISTERED,Live/Registered,True,041,False
19,NEAR_1_TRANSPOSITION,1,90703769,7056268,CATALYST,2021-05-11,700,catalyst,REGISTERED,Live/Registered,True,009,False
19,NEAR_1_TRANSPOSITION,1,90606116,6853706,CATALYST,2021-03-26,700,catalyst,REGISTERED,Live/Registered,True,028,False
19,NEAR_1_TRANSPOSITION,1,88921656,6640108,CATALYST,2020-05-18,700,catalyst,REGISTERED,Live/Registered,True,009,False
19,NEAR_1_TRANSPOSITION,1,88903381,6472121,CATALYST,2020-05-06,700,catalyst,REGISTERED,Live/Registered,True,009,False
19,NEAR_1_TRANSPOSITION,1,88824112,7055724,CATALYST,2020-03-06,700,catalyst,REGISTERED,Live/Registered,True,009,False
19,NEAR_1_TRANSPOSITION,1,88575404,6006954,CATALYST,2019-08-12,702,catalyst,SECTION 8 & 15-ACCEPTED AND ACKNOWLEDGED,Live/Registered,True,041,False
19,NEAR_1_TRANSPOSITION,1,88565111,7002847,CATALYST,2019-08-02,700,catalyst,REGISTERED,Live/Registered,True,044,True
19,NEAR_1_TRANSPOSITION,1,88498286,5960801,CATALYST,2019-07-02,700,catalyst,REGISTERED,Live/Registered,True,"035,041",True
19,NEAR_1_TRANSPOSITION,1,88399307,5979715,CATALYST,2019-04-24,702,catalyst,SECTION 8 & 15-ACCEPTED AND ACKNOWLEDGED,Live/Registered,True,031,False
19,NEAR_1_TRANSPOSITION,1,88201859,5939714,CATALYST,2018-11-20,700,catalyst,REGISTERED,Live/Registered,True,021,True
19,NEAR_1_TRANSPOSITION,1,87913602,5632894,CATALYST,2018-05-09,702,catalyst,SECTION 8 & 15-ACCEPTED AND ACKNOWLEDGED,Live/Registered,True,036,False
19,NEAR_1_TRANSPOSITION,1,87798412,6034289,CATALYST,2018-02-15,702,catalyst,SECTION 8 & 15-ACCEPTED AND ACKNOWLEDGED,Live/Registered,True,010,True
19,NEAR_1_TRANSPOSITION,1,87614205,6373254,CATALYST,2017-09-19,700,catalyst,REGISTERED,Live/Registered,True,007,False
19,NEAR_1_TRANSPOSITION,1,87585998,6061348,CATALYST,2017-08-28,700,catalyst,REGISTERED,Live/Registered,True,009,False
19,NEAR_1_TRANSPOSITION,1,87517845,5386471,CATALYST,2017-07-06,702,catalyst,SECTION 8 & 15-ACCEPTED AND ACKNOWLEDGED,Live/Registered,True,041,False
19,NEAR_1_TRANSPOSITION,1,87496932,5587332,CATALYST,2017-06-20,702,catalyst,SECTION 8 & 15-ACCEPTED AND ACKNOWLEDGED,Live/Registered,True,028,False
19,NEAR_1_TRANSPOSITION,1,87390182,5807340,CATALYST,2017-03-29,702,catalyst,SECTION 8 & 15-ACCEPTED AND ACKNOWLEDGED,Live/Registered,True,009,False
19,NEAR_1_TRANSPOSITION,1,87366933,5444697,CATALYST,2017-03-10,702,catalyst,SECTION 8 & 15-ACCEPTED AND ACKNOWLEDGED,Live/Registered,True,035,True
19,NEAR_1_TRANSPOSITION,1,87367029,5439529,CATALYST,2017-03-10,702,catalyst,SECTION 8 & 15-ACCEPTED AND ACKNOWLEDGED,Live/Registered,True,036,False
19,NEAR_1_TRANSPOSITION,1,87315961,5270836,CATALYST,2017-01-27,702,catalyst,SECTION 8 & 15-ACCEPTED AND ACKNOWLEDGED,Live/Registered,True,010,True
19,NEAR_1_TRANSPOSITION,1,87255786,5566414,CATALYST,2016-12-02,702,catalyst,SECTION 8 & 15-ACCEPTED AND ACKNOWLEDGED,Live/Registered,True,042,False
19,NEAR_1_TRANSPOSITION,1,87244598,5240563,CATALYST,2016-11-22,701,catalyst,SECTION 8-ACCEPTED,Live/Registered,True,039,False
19,NEAR_1_TRANSPOSITION,1,87109263,5576366,CATALYST,2016-07-19,702,catalyst,SECTION 8 & 15-ACCEPTED AND ACKNOWLEDGED,Live/Registered,True,"009,041,042",False
19,NEAR_1_TRANSPOSITION,1,87006055,5090630,CATALYST,2016-04-19,702,catalyst,SECTION 8 & 15-ACCEPTED AND ACKNOWLEDGED,Live/Registered,True,009,False
19,NEAR_1_TRANSPOSITION,1,86918390,5131747,CATALYST,2016-02-24,702,catalyst,SECTION 8 & 15-ACCEPTED AND ACKNOWLEDGED,Live/Registered,True,010,True
19,NEAR_1_TRANSPOSITION,1,86884394,5193960,CATALYST,2016-01-23,704,catalyst,PARTIAL SECTION 8 ACCEPTED,Live/Registered,True,045,False
19,NEAR_1_TRANSPOSITION,1,86871449,5177577,CATALYST,2016-01-11,702,catalyst,SECTION 8 & 15-ACCEPTED AND ACKNOWLEDGED,Live/Registered,True,016,False
19,NEAR_1_DELETION,1,86765622,4976882,ATALYST,2015-09-23,702,atalyst,SECTION 8 & 15-ACCEPTED AND ACKNOWLEDGED,Live/Registered,True,036,False
19,NEAR_1_TRANSPOSITION,1,86728766,5317585,CATALYST,2015-08-18,701,catalyst,SECTION 8-ACCEPTED,Live/Registered,True,013,False
19,NEAR_1_TRANSPOSITION,1,86697618,5001539,CATALYST,2015-07-19,800,catalyst,REGISTERED AND RENEWED,Live/Registered,True,016,False
19,NEAR_1_TRANSPOSITION,1,86431491,4933399,CATALYST,2014-10-22,800,catalyst,REGISTERED AND RENEWED,Live/Registered,True,042,False
19,NEAR_1_TRANSPOSITION,1,86396525,5091687,CATALYST,2014-09-16,702,catalyst,SECTION 8 & 15-ACCEPTED AND ACKNOWLEDGED,Live/Registered,True,009,False
19,NEAR_1_TRANSPOSITION,1,86305986,5586427,CATALYST,2014-06-10,701,catalyst,SECTION 8-ACCEPTED,Live/Registered,True,033,False
19,NEAR_1_TRANSPOSITION,1,86238714,4640475,CATALYST,2014-04-01,800,catalyst,REGISTERED AND RENEWED,Live/Registered,True,035,True
19,NEAR_1_TRANSPOSITION,1,85911957,4554457,CATALYST,2013-04-23,800,catalyst,REGISTERED AND RENEWED,Live/Registered,True,005,True
19,NEAR_1_TRANSPOSITION,1,85571999,4407858,CATALYST,2012-03-16,800,catalyst,REGISTERED AND RENEWED,Live/Registered,True,031,False
19,NEAR_1_TRANSPOSITION,1,85529329,4278431,CATALYST,2012-01-31,800,catalyst,REGISTERED AND RENEWED,Live/Registered,True,009,False
19,NEAR_1_TRANSPOSITION,1,85529347,4278432,CATALYST,2012-01-31,800,catalyst,REGISTERED AND RENEWED,Live/Registered,True,009,False
19,NEAR_1_TRANSPOSITION,1,85412677,4204717,CATALYST,2011-09-01,800,catalyst,REGISTERED AND RENEWED,Live/Registered,True,009,False
19,NEAR_1_TRANSPOSITION,1,85412681,4220626,CATALYST,2011-09-01,800,catalyst,REGISTERED AND RENEWED,Live/Registered,True,016,False
19,NEAR_1_TRANSPOSITION,1,85412684,4216590,CATALYST,2011-09-01,800,catalyst,REGISTERED AND RENEWED,Live/Registered,True,035,True
19,NEAR_1_TRANSPOSITION,1,85412687,4208904,CATALYST,2011-09-01,800,catalyst,REGISTERED AND RENEWED,Live/Registered,True,041,False
19,NEAR_1_TRANSPOSITION,1,85389579,4114805,CATALYST,2011-08-04,800,catalyst,REGISTERED AND RENEWED,Live/Registered,True,009,False
19,NEAR_1_TRANSPOSITION,1,85383617,4265313,CATALYST,2011-07-28,800,catalyst,REGISTERED AND RENEWED,Live/Registered,True,009,False
19,NEAR_1_TRANSPOSITION,1,85095177,4023764,CATALYST,2010-07-28,800,catalyst,REGISTERED AND RENEWED,Live/Registered,True,035,True
19,NEAR_1_TRANSPOSITION,1,77771032,3949727,CATALYST,2009-06-30,800,catalyst,REGISTERED AND RENEWED,Live/Registered,True,042,False
19,NEAR_1_TRANSPOSITION,1,77380804,3625374,CATALYST,2008-01-25,800,catalyst,REGISTERED AND RENEWED,Live/Registered,True,028,False
19,NEAR_1_TRANSPOSITION,1,77051844,3612894,CATALYST,2006-11-28,800,catalyst,REGISTERED AND RENEWED,Live/Registered,True,009,False
19,NEAR_1_TRANSPOSITION,1,78921220,3292314,CATALYST,2006-06-30,800,catalyst,REGISTERED AND RENEWED,Live/Registered,True,034,False
19,NEAR_1_TRANSPOSITION,1,78860226,3183911,CATALYST,2006-04-12,800,catalyst,REGISTERED AND RENEWED,Live/Registered,True,003,True
19,NEAR_1_TRANSPOSITION,1,78762874,3295349,CATALYST,2005-11-29,800,catalyst,REGISTERED AND RENEWED,Live/Registered,True,033,False
19,NEAR_1_TRANSPOSITION,1,78602167,3164721,CATALYST,2005-04-05,800,catalyst,REGISTERED AND RENEWED,Live/Registered,True,"035,042",True
19,NEAR_1_TRANSPOSITION,1,78566417,3596555,CATALYST,2005-02-14,800,catalyst,REGISTERED AND RENEWED,Live/Registered,True,028,False
19,NEAR_1_TRANSPOSITION,1,76591090,2954547,CATALYST,2004-05-07,800,catalyst,REGISTERED AND RENEWED,Live/Registered,True,028,False
19,NEAR_1_TRANSPOSITION,1,78322089,2986341,CATALYST,2003-11-03,800,catalyst,REGISTERED AND RENEWED,Live/Registered,True,028,False
19,NEAR_1_TRANSPOSITION,1,76426595,3220992,CATALYST,2002-07-01,800,catalyst,REGISTERED AND RENEWED,Live/Registered,True,"009,016,041",False
19,NEAR_1_TRANSPOSITION,1,76326614,2981319,CATALYST,2001-10-17,800,catalyst,REGISTERED AND RENEWED,Live/Registered,True,009,False
19,NEAR_1_TRANSPOSITION,1,76034201,2551835,CATALYST,2000-04-25,800,catalyst,REGISTERED AND RENEWED,Live/Registered,True,009,False
19,NEAR_1_TRANSPOSITION,1,75938680,3197816,CATALYST,2000-03-08,800,catalyst,REGISTERED AND RENEWED,Live/Registered,True,"001,016,042",False
19,NEAR_1_DELETION,1,75122979,2234672,ACTALYS,1996-06-20,800,actalys,REGISTERED AND RENEWED,Live/Registered,True,001,False
19,NEAR_1_TRANSPOSITION,1,74631644,1946868,CATALYST,1995-02-08,800,catalyst,REGISTERED AND RENEWED,Live/Registered,True,016,False
19,NEAR_1_TRANSPOSITION,1,74537177,2029461,CATALYST,1994-06-13,800,catalyst,REGISTERED AND RENEWED,Live/Registered,True,009,False
19,NEAR_1_TRANSPOSITION,1,74457353,2164209,CATALYST,1993-11-08,800,catalyst,REGISTERED AND RENEWED,Live/Registered,True,005,True
19,NEAR_1_TRANSPOSITION,1,74187235,1823612,CATALYST,1991-07-22,800,catalyst,REGISTERED AND RENEWED,Live/Registered,True,009,False
19,NEAR_1_TRANSPOSITION,1,73381295,1265713,CATALYST,1982-08-23,800,catalyst,REGISTERED AND RENEWED,Live/Registered,True,"016,042",False
19,NEAR_1_TRANSPOSITION,1,99394364,,CATALYST,2025-09-16,602,catalyst,ABANDONED-FAILURE TO RESPOND OR LATE RESPONSE,Dead/Abandoned,False,035,True
19,NEAR_1_TRANSPOSITION,1,99292445,,CATALYST,2025-07-19,602,catalyst,ABANDONED-FAILURE TO RESPOND OR LATE RESPONSE,Dead/Abandoned,False,003,True
19,NEAR_1_TRANSPOSITION,1,99122521,,CATALYST,2025-04-05,602,catalyst,ABANDONED-FAILURE TO RESPOND OR LATE RESPONSE,Dead/Abandoned,False,007,False
19,NEAR_1_TRANSPOSITION,1,98948091,,CATALYST,2025-01-09,602,catalyst,ABANDONED-FAILURE TO RESPOND OR LATE RESPONSE,Dead/Abandoned,False,018,False
19,NEAR_1_TRANSPOSITION,1,98784854,,CATALYST,2024-10-03,602,catalyst,ABANDONED-FAILURE TO RESPOND OR LATE RESPONSE,Dead/Abandoned,False,041,False
19,NEAR_1_TRANSPOSITION,1,98700380,,CATALYST,2024-08-15,602,catalyst,ABANDONED-FAILURE TO RESPOND OR LATE RESPONSE,Dead/Abandoned,False,025,False
19,NEAR_1_TRANSPOSITION,1,98662690,,CATALYST,2024-07-23,606,catalyst,ABANDONED - NO STATEMENT OF USE FILED,Dead/Abandoned,False,"006,019",False
19,NEAR_1_TRANSPOSITION,1,98565447,,CATALYST,2024-05-23,605,catalyst,ABANDONED EXPRESS AFTER PUB,Dead/Abandoned,False,,False
19,NEAR_1_TRANSPOSITION,1,98508136,,CATALYST,2024-04-18,606,catalyst,ABANDONED - NO STATEMENT OF USE FILED,Dead/Abandoned,False,042,False
19,NEAR_1_TRANSPOSITION,1,98433801,,CATALYST,2024-03-05,602,catalyst,ABANDONED-FAILURE TO RESPOND OR LATE RESPONSE,Dead/Abandoned,False,042,False
19,NEAR_1_TRANSPOSITION,1,98102303,,CATALYST,2023-07-26,602,catalyst,ABANDONED-FAILURE TO RESPOND OR LATE RESPONSE,Dead/Abandoned,False,002,False
19,NEAR_1_TRANSPOSITION,1,98064693,,CATALYST,2023-06-29,602,catalyst,ABANDONED-FAILURE TO RESPOND OR LATE RESPONSE,Dead/Abandoned,False,042,False
19,NEAR_1_TRANSPOSITION,1,98056853,,CATALYST,2023-06-23,605,catalyst,ABANDONED EXPRESS AFTER PUB,Dead/Abandoned,False,,False
19,NEAR_1_TRANSPOSITION,1,97256477,,CATALYST,2022-02-07,602,catalyst,ABANDONED-FAILURE TO RESPOND OR LATE RESPONSE,Dead/Abandoned,False,042,False
19,NEAR_1_TRANSPOSITION,1,97205289,,CATALYST,2022-01-06,602,catalyst,ABANDONED-FAILURE TO RESPOND OR LATE RESPONSE,Dead/Abandoned,False,042,False
19,NEAR_1_TRANSPOSITION,1,97074968,,CATALYST,2021-10-14,602,catalyst,ABANDONED-FAILURE TO RESPOND OR LATE RESPONSE,Dead/Abandoned,False,032,False
19,NEAR_1_TRANSPOSITION,1,97074976,,CATALYST,2021-10-14,602,catalyst,ABANDONED-FAILURE TO RESPOND OR LATE RESPONSE,Dead/Abandoned,False,033,False
19,NEAR_1_TRANSPOSITION,1,90838356,,CATALYST,2021-07-20,602,catalyst,ABANDONED-FAILURE TO RESPOND OR LATE RESPONSE,Dead/Abandoned,False,033,False
19,NEAR_1_TRANSPOSITION,1,90322706,,CATALYST,2020-11-16,601,catalyst,ABANDONED - EXPRESS,Dead/Abandoned,False,035,True
19,NEAR_1_TRANSPOSITION,1,90157786,,CATALYST,2020-09-03,606,catalyst,ABANDONED - NO STATEMENT OF USE FILED,Dead/Abandoned,False,042,False
19,NEAR_1_TRANSPOSITION,1,90150465,,CATALYST,2020-09-01,602,catalyst,ABANDONED-FAILURE TO RESPOND OR LATE RESPONSE,Dead/Abandoned,False,042,False
19,NEAR_1_TRANSPOSITION,1,88884024,,CATALYST,2020-04-23,606,catalyst,ABANDONED - NO STATEMENT OF USE FILED,Dead/Abandoned,False,010,True
19,NEAR_1_TRANSPOSITION,1,88876159,,CATALYST,2020-04-17,602,catalyst,ABANDONED-FAILURE TO RESPOND OR LATE RESPONSE,Dead/Abandoned,False,"016,041",False
19,NEAR_1_TRANSPOSITION,1,88778119,,CATALYST,2020-01-29,602,catalyst,ABANDONED-FAILURE TO RESPOND OR LATE RESPONSE,Dead/Abandoned,False,"025,034",False
19,NEAR_1_TRANSPOSITION,1,88715137,,CATALYST,2019-12-04,602,catalyst,ABANDONED-FAILURE TO RESPOND OR LATE RESPONSE,Dead/Abandoned,False,"041,043",False
19,NEAR_1_TRANSPOSITION,1,88670914,,CATALYST,2019-10-28,606,catalyst,ABANDONED - NO STATEMENT OF USE FILED,Dead/Abandoned,False,009,False
19,NEAR_1_TRANSPOSITION,1,88437849,,CATALYST,2019-05-20,602,catalyst,ABANDONED-FAILURE TO RESPOND OR LATE RESPONSE,Dead/Abandoned,False,012,False
19,NEAR_1_TRANSPOSITION,1,88218409,,CATALYST,2018-12-05,602,catalyst,ABANDONED-FAILURE TO RESPOND OR LATE RESPONSE,Dead/Abandoned,False,041,False
19,NEAR_1_TRANSPOSITION,1,88154825,,CATALYST,2018-10-15,602,catalyst,ABANDONED-FAILURE TO RESPOND OR LATE RESPONSE,Dead/Abandoned,False,009,False
19,NEAR_1_TRANSPOSITION,1,88102085,,CATALYST,2018-09-02,602,catalyst,ABANDONED-FAILURE TO RESPOND OR LATE RESPONSE,Dead/Abandoned,False,025,False
19,NEAR_1_TRANSPOSITION,1,87820522,5594827,CATALYST,2018-03-05,710,catalyst,CANCELLED - SECTION 8,Dead/Cancelled,False,,False
19,NEAR_1_TRANSPOSITION,1,87769971,,CATALYST,2018-01-25,601,catalyst,ABANDONED - EXPRESS,Dead/Abandoned,False,009,False
19,NEAR_1_TRANSPOSITION,1,87622554,5644720,CATALYST,2017-09-26,710,catalyst,CANCELLED - SECTION 8,Dead/Cancelled,False,,False
19,NEAR_1_TRANSPOSITION,1,87600093,5652502,CATALYST,2017-09-07,710,catalyst,CANCELLED - SECTION 8,Dead/Cancelled,False,,False
19,NEAR_1_TRANSPOSITION,1,87566316,,CATALYST,2017-08-11,602,catalyst,ABANDONED-FAILURE TO RESPOND OR LATE RESPONSE,Dead/Abandoned,False,020,False
19,NEAR_1_TRANSPOSITION,1,87548156,5407225,CATALYST,2017-07-29,710,catalyst,CANCELLED - SECTION 8,Dead/Cancelled,False,,False
19,NEAR_1_TRANSPOSITION,1,79222667,,CATALYST,2017-06-28,602,catalyst,ABANDONED-FAILURE TO RESPOND OR LATE RESPONSE,Dead/Abandoned,False,009,False
19,NEAR_1_TRANSPOSITION,1,87461471,5516770,CATALYST,2017-05-23,710,catalyst,CANCELLED - SECTION 8,Dead/Cancelled,False,,False
19,NEAR_1_TRANSPOSITION,1,87396557,,CATALYST,2017-04-03,606,catalyst,ABANDONED - NO STATEMENT OF USE FILED,Dead/Abandoned,False,035,True
19,NEAR_1_TRANSPOSITION,1,87367063,,CATALYST,2017-03-10,602,catalyst,ABANDONED-FAILURE TO RESPOND OR LATE RESPONSE,Dead/Abandoned,False,037,False
19,NEAR_1_TRANSPOSITION,1,87363111,,CATALYST,2017-03-08,602,catalyst,ABANDONED-FAILURE TO RESPOND OR LATE RESPONSE,Dead/Abandoned,False,035,True
19,NEAR_1_TRANSPOSITION,1,87151920,,CATALYST,2016-08-26,604,catalyst,ABANDONED - AFTER INTER-PARTES DECISION,Dead/Abandoned,False,,False
19,NEAR_1_TRANSPOSITION,1,87107670,5159781,CATALYST,2016-07-18,710,catalyst,CANCELLED - SECTION 8,Dead/Cancelled,False,,False
19,NEAR_1_TRANSPOSITION,1,87086327,,CATALYST,2016-06-28,606,catalyst,ABANDONED - NO STATEMENT OF USE FILED,Dead/Abandoned,False,009,False
19,NEAR_1_TRANSPOSITION,1,87082925,5287497,CATALYST,2016-06-24,710,catalyst,CANCELLED - SECTION 8,Dead/Cancelled,False,,False
19,NEAR_1_TRANSPOSITION,1,86954396,,CATALYST,2016-03-27,602,catalyst,ABANDONED-FAILURE TO RESPOND OR LATE RESPONSE,Dead/Abandoned,False,028,False
19,NEAR_1_DELETION,1,86854943,5098806,CTALYST,2015-12-20,710,ctalyst,CANCELLED - SECTION 8,Dead/Cancelled,False,,False
19,NEAR_1_TRANSPOSITION,1,86838617,5357481,CATALYST,2015-12-03,710,catalyst,CANCELLED - SECTION 8,Dead/Cancelled,False,,False
19,NEAR_1_TRANSPOSITION,1,86794871,5283461,CATALYST,2015-10-21,710,catalyst,CANCELLED - SECTION 8,Dead/Cancelled,False,,False
19,NEAR_1_TRANSPOSITION,1,86730380,,CATALYST,2015-08-19,603,catalyst,ABANDONED - AFTER EX PARTE APPEAL,Dead/Abandoned,False,013,False
19,NEAR_1_TRANSPOSITION,1,86665865,,CATALYST,2015-06-17,602,catalyst,ABANDONED-FAILURE TO RESPOND OR LATE RESPONSE,Dead/Abandoned,False,"035,042",True
19,NEAR_1_TRANSPOSITION,1,86611754,4831980,CATALYST,2015-04-28,710,catalyst,CANCELLED - SECTION 8,Dead/Cancelled,False,,False
19,NEAR_1_TRANSPOSITION,1,86612178,4866368,CATALYST,2015-04-28,710,catalyst,CANCELLED - SECTION 8,Dead/Cancelled,False,,False
19,NEAR_1_TRANSPOSITION,1,86535407,,CATALYST,2015-02-14,602,catalyst,ABANDONED-FAILURE TO RESPOND OR LATE RESPONSE,Dead/Abandoned,False,"009,042",False
19,NEAR_1_TRANSPOSITION,1,86507833,,CATALYST,2015-01-20,602,catalyst,ABANDONED-FAILURE TO RESPOND OR LATE RESPONSE,Dead/Abandoned,False,010,True
19,NEAR_1_TRANSPOSITION,1,86452466,,CATALYST,2014-11-12,602,catalyst,ABANDONED-FAILURE TO RESPOND OR LATE RESPONSE,Dead/Abandoned,False,005,True
19,NEAR_1_TRANSPOSITION,1,86369843,4801035,CATALYST,2014-08-18,710,catalyst,CANCELLED - SECTION 8,Dead/Cancelled,False,,False
19,NEAR_1_TRANSPOSITION,1,86367191,4801022,CATALYST,2014-08-14,710,catalyst,CANCELLED - SECTION 8,Dead/Cancelled,False,,False
19,NEAR_1_TRANSPOSITION,1,86301469,4819041,CATALYST,2014-06-05,710,catalyst,CANCELLED - SECTION 8,Dead/Cancelled,False,,False
19,NEAR_1_TRANSPOSITION,1,86185684,,CATALYST,2014-02-05,602,catalyst,ABANDONED-FAILURE TO RESPOND OR LATE RESPONSE,Dead/Abandoned,False,035,True
19,NEAR_1_TRANSPOSITION,1,86155131,,CATALYST,2013-12-31,606,catalyst,ABANDONED - NO STATEMENT OF USE FILED,Dead/Abandoned,False,028,False
19,NEAR_1_TRANSPOSITION,1,86018290,,CATALYST,2013-07-24,602,catalyst,ABANDONED-FAILURE TO RESPOND OR LATE RESPONSE,Dead/Abandoned,False,009,False
19,NEAR_1_TRANSPOSITION,1,85920992,4679459,CATALYST,2013-05-02,710,catalyst,CANCELLED - SECTION 8,Dead/Cancelled,False,,False
19,NEAR_1_TRANSPOSITION,1,85765986,,CATALYST,2012-10-29,602,catalyst,ABANDONED-FAILURE TO RESPOND OR LATE RESPONSE,Dead/Abandoned,False,043,False
19,NEAR_1_TRANSPOSITION,1,85730452,4324435,CATALYST,2012-09-17,710,catalyst,CANCELLED - SECTION 8,Dead/Cancelled,False,,False
19,NEAR_1_TRANSPOSITION,1,85646606,,CATALYST,2012-06-08,602,catalyst,ABANDONED-FAILURE TO RESPOND OR LATE RESPONSE,Dead/Abandoned,False,"009,041",False
19,NEAR_1_TRANSPOSITION,1,79121555,4336882,CATALYST,2012-06-07,404,catalyst,IR CANCELLED; US REGISTRATION CANCELLED,Dead/Cancelled,False,,False
19,NEAR_1_TRANSPOSITION,1,85424890,,CATALYST,2011-09-16,606,catalyst,ABANDONED - NO STATEMENT OF USE FILED,Dead/Abandoned,False,035,True
19,NEAR_1_TRANSPOSITION,1,85377454,,CATALYST,2011-07-21,601,catalyst,ABANDONED - EXPRESS,Dead/Abandoned,False,009,False
19,NEAR_1_TRANSPOSITION,1,85356296,,CATALYST,2011-06-25,606,catalyst,ABANDONED - NO STATEMENT OF USE FILED,Dead/Abandoned,False,009,False
19,NEAR_1_TRANSPOSITION,1,85247553,,CATALYST,2011-02-21,602,catalyst,ABANDONED-FAILURE TO RESPOND OR LATE RESPONSE,Dead/Abandoned,False,005,True
19,NEAR_1_TRANSPOSITION,1,85242216,,CATALYST,2011-02-15,602,catalyst,ABANDONED-FAILURE TO RESPOND OR LATE RESPONSE,Dead/Abandoned,False,036,False
19,NEAR_1_TRANSPOSITION,1,85105799,4061096,CATALYST,2010-08-12,710,catalyst,CANCELLED - SECTION 8,Dead/Cancelled,False,,False
19,NEAR_1_TRANSPOSITION,1,85083522,,CATALYST,2010-07-13,606,catalyst,ABANDONED - NO STATEMENT OF USE FILED,Dead/Abandoned,False,"035,042",True
19,NEAR_1_TRANSPOSITION,1,85046496,,CATALYST,2010-05-24,606,catalyst,ABANDONED - NO STATEMENT OF USE FILED,Dead/Abandoned,False,035,True
19,NEAR_1_TRANSPOSITION,1,77945311,,CATALYST,2010-02-25,605,catalyst,ABANDONED EXPRESS AFTER PUB,Dead/Abandoned,False,,False
19,NEAR_1_TRANSPOSITION,1,77615736,,CATALYST,2008-11-17,606,catalyst,ABANDONED - NO STATEMENT OF USE FILED,Dead/Abandoned,False,010,True
19,NEAR_1_INSERTION,1,77613840,,ACTALYSTB,2008-11-13,606,actalystb,ABANDONED - NO STATEMENT OF USE FILED,Dead/Abandoned,False,005,True
19,NEAR_1_TRANSPOSITION,1,77477655,3671649,CATALYST,2008-05-19,710,catalyst,CANCELLED - SECTION 8,Dead/Cancelled,False,,False
19,NEAR_1_TRANSPOSITION,1,77477659,3671651,CATALYST,2008-05-19,710,catalyst,CANCELLED - SECTION 8,Dead/Cancelled,False,,False
19,NEAR_1_TRANSPOSITION,1,77419556,3877320,CATALYST,2008-03-12,710,catalyst,CANCELLED - SECTION 8,Dead/Cancelled,False,,False
19,NEAR_1_TRANSPOSITION,1,77359588,,CATALYST,2007-12-26,602,catalyst,ABANDONED-FAILURE TO RESPOND OR LATE RESPONSE,Dead/Abandoned,False,036,False
19,NEAR_1_TRANSPOSITION,1,77347703,3541513,CATALYST,2007-12-10,710,catalyst,CANCELLED - SECTION 8,Dead/Cancelled,False,,False
19,NEAR_1_TRANSPOSITION,1,77322911,,CATALYST,2007-11-06,602,catalyst,ABANDONED-FAILURE TO RESPOND OR LATE RESPONSE,Dead/Abandoned,False,035,True
19,NEAR_1_TRANSPOSITION,1,77302837,,CATALYST,2007-10-12,602,catalyst,ABANDONED-FAILURE TO RESPOND OR LATE RESPONSE,Dead/Abandoned,False,003,True
19,NEAR_1_TRANSPOSITION,1,77254428,,CATALYST,2007-08-14,602,catalyst,ABANDONED-FAILURE TO RESPOND OR LATE RESPONSE,Dead/Abandoned,False,024,False
19,NEAR_1_TRANSPOSITION,1,77235712,3658680,CATALYST,2007-07-23,710,catalyst,CANCELLED - SECTION 8,Dead/Cancelled,False,,False
19,NEAR_1_TRANSPOSITION,1,77229433,3702115,CATALYST,2007-07-13,710,catalyst,CANCELLED - SECTION 8,Dead/Cancelled,False,,False
19,NEAR_1_TRANSPOSITION,1,77220580,,CATALYST,2007-07-02,602,catalyst,ABANDONED-FAILURE TO RESPOND OR LATE RESPONSE,Dead/Abandoned,False,044,True
19,NEAR_1_TRANSPOSITION,1,77206552,,CATALYST,2007-06-14,606,catalyst,ABANDONED - NO STATEMENT OF USE FILED,Dead/Abandoned,False,012,False
19,NEAR_1_TRANSPOSITION,1,77144180,4364931,CATALYST,2007-03-29,710,catalyst,CANCELLED - SECTION 8,Dead/Cancelled,False,,False
19,NEAR_1_TRANSPOSITION,1,77055231,3750172,CATALYST,2006-12-01,710,catalyst,CANCELLED - SECTION 8,Dead/Cancelled,False,,False
19,NEAR_1_TRANSPOSITION,1,77052346,3635733,CATALYST,2006-11-28,710,catalyst,CANCELLED - SECTION 8,Dead/Cancelled,False,,False
19,NEAR_1_TRANSPOSITION,1,77005302,3337892,CAT-ALYST,2006-09-22,710,catalyst,CANCELLED - SECTION 8,Dead/Cancelled,False,,False
19,NEAR_1_TRANSPOSITION,1,78917595,,CATALYST,2006-06-27,606,catalyst,ABANDONED - NO STATEMENT OF USE FILED,Dead/Abandoned,False,"009,016,041",False
19,NEAR_1_TRANSPOSITION,1,78904391,3290902,CATALYST,2006-06-08,710,catalyst,CANCELLED - SECTION 8,Dead/Cancelled,False,,False
19,NEAR_1_TRANSPOSITION,1,78882022,3309743,CATALYST,2006-05-12,710,catalyst,CANCELLED - SECTION 8,Dead/Cancelled,False,,False
19,NEAR_1_TRANSPOSITION,1,76659114,3358345,CATALYST,2006-04-26,710,catalyst,CANCELLED - SECTION 8,Dead/Cancelled,False,,False
19,NEAR_1_TRANSPOSITION,1,76659121,3358346,CATALYST,2006-04-26,710,catalyst,CANCELLED - SECTION 8,Dead/Cancelled,False,,False
19,NEAR_1_TRANSPOSITION,1,78844075,,CATALYST,2006-03-23,602,catalyst,ABANDONED-FAILURE TO RESPOND OR LATE RESPONSE,Dead/Abandoned,False,028,False
19,NEAR_1_TRANSPOSITION,1,78802766,3508682,CATALYST,2006-01-30,710,catalyst,CANCELLED - SECTION 8,Dead/Cancelled,False,,False
19,NEAR_1_TRANSPOSITION,1,78744693,,CATALYST,2005-11-01,602,catalyst,ABANDONED-FAILURE TO RESPOND OR LATE RESPONSE,Dead/Abandoned,False,"025,035",True
19,NEAR_1_TRANSPOSITION,1,78590143,3065912,CATALYST,2005-03-18,710,catalyst,CANCELLED - SECTION 8,Dead/Cancelled,False,,False
19,NEAR_1_TRANSPOSITION,1,78438419,,CATALYST,2004-06-21,602,catalyst,ABANDONED-FAILURE TO RESPOND OR LATE RESPONSE,Dead/Abandoned,False,009,False
19,NEAR_1_TRANSPOSITION,1,76588321,,CATALYST,2004-04-23,606,catalyst,ABANDONED - NO STATEMENT OF USE FILED,Dead/Abandoned,False,009,False
19,NEAR_1_TRANSPOSITION,1,76573118,2922436,CATALYST,2004-01-30,710,catalyst,CANCELLED - SECTION 8,Dead/Cancelled,False,,False
19,NEAR_1_TRANSPOSITION,1,78351747,2990554,CATALYST,2004-01-14,713,catalyst,CANCELLED - SECTION 18,Dead/Cancelled,False,,False
19,NEAR_1_TRANSPOSITION,1,78342975,3114923,CATALYST,2003-12-18,710,catalyst,CANCELLED - SECTION 8,Dead/Cancelled,False,,False
19,NEAR_1_TRANSPOSITION,1,78319695,,CATALYST,2003-10-28,602,catalyst,ABANDONED-FAILURE TO RESPOND OR LATE RESPONSE,Dead/Abandoned,False,"009,035,042",True
19,NEAR_1_TRANSPOSITION,1,78300237,3114867,CATALYST,2003-09-15,710,catalyst,CANCELLED - SECTION 8,Dead/Cancelled,False,,False
19,NEAR_1_TRANSPOSITION,1,78295770,2973699,CATALYST,2003-09-03,710,catalyst,CANCELLED - SECTION 8,Dead/Cancelled,False,,False
19,NEAR_1_TRANSPOSITION,1,76483140,,CATALYST,2003-01-17,606,catalyst,ABANDONED - NO STATEMENT OF USE FILED,Dead/Abandoned,False,010,True
19,NEAR_1_TRANSPOSITION,1,78188595,2771841,CATALYST,2002-11-25,710,catalyst,CANCELLED - SECTION 8,Dead/Cancelled,False,,False
19,NEAR_1_TRANSPOSITION,1,76460900,2750056,CATALYST,2002-10-22,710,catalyst,CANCELLED - SECTION 8,Dead/Cancelled,False,,False
19,NEAR_1_TRANSPOSITION,1,78168412,,CATALYST,2002-09-26,602,catalyst,ABANDONED-FAILURE TO RESPOND OR LATE RESPONSE,Dead/Abandoned,False,001,False
19,NEAR_1_TRANSPOSITION,1,76451447,,CATALYST,2002-09-20,602,catalyst,ABANDONED-FAILURE TO RESPOND OR LATE RESPONSE,Dead/Abandoned,False,011,False
19,NEAR_1_TRANSPOSITION,1,76408782,2848496,CATALYST,2002-05-16,710,catalyst,CANCELLED - SECTION 8,Dead/Cancelled,False,,False
19,NEAR_1_TRANSPOSITION,1,76406702,,CATALYST,2002-05-01,606,catalyst,ABANDONED - NO STATEMENT OF USE FILED,Dead/Abandoned,False,012,False
19,NEAR_1_TRANSPOSITION,1,78124970,2695885,CATALYST,2002-04-29,710,catalyst,CANCELLED - SECTION 8,Dead/Cancelled,False,,False
19,NEAR_1_TRANSPOSITION,1,76370152,2656468,CATALYST,2002-02-11,710,catalyst,CANCELLED - SECTION 8,Dead/Cancelled,False,,False
19,NEAR_1_TRANSPOSITION,1,76297890,2900175,CATALYST,2001-08-10,710,catalyst,CANCELLED - SECTION 8,Dead/Cancelled,False,,False
19,NEAR_1_TRANSPOSITION,1,76297403,2690113,CATALYST,2001-08-09,710,catalyst,CANCELLED - SECTION 8,Dead/Cancelled,False,,False
19,NEAR_1_TRANSPOSITION,1,76256092,2633179,CATALYST,2001-05-10,710,catalyst,CANCELLED - SECTION 8,Dead/Cancelled,False,,False
19,NEAR_1_TRANSPOSITION,1,76143177,2490740,CATALYST,2000-10-10,710,catalyst,CANCELLED - SECTION 8,Dead/Cancelled,False,,False
19,NEAR_1_TRANSPOSITION,1,76124283,,CATALYST,2000-09-07,602,catalyst,ABANDONED-FAILURE TO RESPOND OR LATE RESPONSE,Dead/Abandoned,False,024,False
19,NEAR_1_TRANSPOSITION,1,76122581,,CATALYST,2000-09-05,602,catalyst,ABANDONED-FAILURE TO RESPOND OR LATE RESPONSE,Dead/Abandoned,False,042,False
19,NEAR_1_TRANSPOSITION,1,78019736,,CATALYST,2000-08-04,606,catalyst,ABANDONED - NO STATEMENT OF USE FILED,Dead/Abandoned,False,009,False
19,NEAR_1_TRANSPOSITION,1,76005531,,CATALYST,2000-03-16,606,catalyst,ABANDONED - NO STATEMENT OF USE FILED,Dead/Abandoned,False,"038,039",False
19,NEAR_1_TRANSPOSITION,1,75906267,,CATALYST,2000-01-31,606,catalyst,ABANDONED - NO STATEMENT OF USE FILED,Dead/Abandoned,False,010,True
19,NEAR_1_TRANSPOSITION,1,75874455,,CATALYST,1999-12-18,606,catalyst,ABANDONED - NO STATEMENT OF USE FILED,Dead/Abandoned,False,010,True
19,NEAR_1_TRANSPOSITION,1,75857951,,CATALYST,1999-11-24,602,catalyst,ABANDONED-FAILURE TO RESPOND OR LATE RESPONSE,Dead/Abandoned,False,009,False
19,NEAR_1_TRANSPOSITION,1,75846684,,CATALYST,1999-11-12,602,catalyst,ABANDONED-FAILURE TO RESPOND OR LATE RESPONSE,Dead/Abandoned,False,009,False
19,NEAR_1_TRANSPOSITION,1,75801624,2541212,CATALYST,1999-09-17,710,catalyst,CANCELLED - SECTION 8,Dead/Cancelled,False,,False
19,NEAR_1_TRANSPOSITION,1,75676933,,CATALYST,1999-04-07,605,catalyst,ABANDONED EXPRESS AFTER PUB,Dead/Abandoned,False,"011,021",True
19,NEAR_1_TRANSPOSITION,1,75660028,,CATALYST,1999-03-15,602,catalyst,ABANDONED-FAILURE TO RESPOND OR LATE RESPONSE,Dead/Abandoned,False,031,False
19,NEAR_1_TRANSPOSITION,1,75654121,2378179,CATALYST,1999-03-05,710,catalyst,CANCELLED - SECTION 8,Dead/Cancelled,False,,False
19,NEAR_1_TRANSPOSITION,1,75624619,2423954,CATALYST,1999-01-20,710,catalyst,CANCELLED - SECTION 8,Dead/Cancelled,False,,False
19,NEAR_1_TRANSPOSITION,1,75586424,2436204,CATALYST,1998-11-11,710,catalyst,CANCELLED - SECTION 8,Dead/Cancelled,False,,False
19,NEAR_1_TRANSPOSITION,1,75584416,2302101,CATALYST,1998-11-06,710,catalyst,CANCELLED - SECTION 8,Dead/Cancelled,False,,False
19,NEAR_1_TRANSPOSITION,1,75490425,,CATALYST,1998-05-26,602,catalyst,ABANDONED-FAILURE TO RESPOND OR LATE RESPONSE,Dead/Abandoned,False,009,False
19,NEAR_1_TRANSPOSITION,1,75328738,2176885,CATALYST,1997-07-22,710,catalyst,CANCELLED - SECTION 8,Dead/Cancelled,False,,False
19,NEAR_1_TRANSPOSITION,1,75298864,,CATALYST,1997-05-27,606,catalyst,ABANDONED - NO STATEMENT OF USE FILED,Dead/Abandoned,False,,False
19,NEAR_1_TRANSPOSITION,1,75270156,,CATALYST,1997-04-07,602,catalyst,ABANDONED-FAILURE TO RESPOND OR LATE RESPONSE,Dead/Abandoned,False,,False
19,NEAR_1_TRANSPOSITION,1,75266750,2206540,CATALYST,1997-03-31,710,catalyst,CANCELLED - SECTION 8,Dead/Cancelled,False,,False
19,NEAR_1_TRANSPOSITION,1,75129174,,CATALYST,1996-07-02,606,catalyst,ABANDONED - NO STATEMENT OF USE FILED,Dead/Abandoned,False,"006,018,020,021,028",True
19,NEAR_1_TRANSPOSITION,1,75100898,,CATALYST,1996-05-08,606,catalyst,ABANDONED - NO STATEMENT OF USE FILED,Dead/Abandoned,False,,False
19,NEAR_1_TRANSPOSITION,1,75050252,2084899,CATALYST,1996-01-30,710,catalyst,CANCELLED - SECTION 8,Dead/Cancelled,False,,False
19,NEAR_1_TRANSPOSITION,1,75014167,2058357,CATALYST,1995-11-02,710,catalyst,CANCELLED - SECTION 8,Dead/Cancelled,False,,False
19,NEAR_1_TRANSPOSITION,1,74667488,2016476,CATALYST,1995-04-28,710,catalyst,CANCELLED - SECTION 8,Dead/Cancelled,False,,False
19,NEAR_1_TRANSPOSITION,1,74653593,1951555,CATALYST,1995-03-30,710,catalyst,CANCELLED - SECTION 8,Dead/Cancelled,False,,False
19,NEAR_1_TRANSPOSITION,1,74653594,2005268,CATALYST,1995-03-30,710,catalyst,CANCELLED - SECTION 8,Dead/Cancelled,False,,False
19,NEAR_1_TRANSPOSITION,1,74625141,2041129,CATALYST,1995-01-24,710,catalyst,CANCELLED - SECTION 8,Dead/Cancelled,False,,False
19,NEAR_1_TRANSPOSITION,1,74610605,2050179,CATALYST,1994-12-13,710,catalyst,CANCELLED - SECTION 8,Dead/Cancelled,False,,False
19,NEAR_1_TRANSPOSITION,1,74569441,,CATALYST,1994-09-02,604,catalyst,ABANDONED - AFTER INTER-PARTES DECISION,Dead/Abandoned,False,,False
19,NEAR_1_TRANSPOSITION,1,74538372,1987537,CATALYST,1994-06-16,710,catalyst,CANCELLED - SECTION 8,Dead/Cancelled,False,,False
19,NEAR_1_TRANSPOSITION,1,74535511,1958360,CATALYST,1994-06-09,710,catalyst,CANCELLED - SECTION 8,Dead/Cancelled,False,,False
19,NEAR_1_TRANSPOSITION,1,74504108,1896129,CATALYST,1994-03-23,710,catalyst,CANCELLED - SECTION 8,Dead/Cancelled,False,,False
19,NEAR_1_TRANSPOSITION,1,74485521,,CATALYST,1994-02-02,602,catalyst,ABANDONED-FAILURE TO RESPOND OR LATE RESPONSE,Dead/Abandoned,False,,False
19,NEAR_1_TRANSPOSITION,1,74476381,,CATALYST,1993-12-27,606,catalyst,ABANDONED - NO STATEMENT OF USE FILED,Dead/Abandoned,False,,False
19,NEAR_1_TRANSPOSITION,1,74467916,1918830,CATALYST,1993-12-08,710,catalyst,CANCELLED - SECTION 8,Dead/Cancelled,False,,False
19,NEAR_1_TRANSPOSITION,1,74459506,1862619,CATALYST,1993-11-18,710,catalyst,CANCELLED - SECTION 8,Dead/Cancelled,False,,False
19,NEAR_1_TRANSPOSITION,1,74407148,,CATALYST,1993-06-29,602,catalyst,ABANDONED-FAILURE TO RESPOND OR LATE RESPONSE,Dead/Abandoned,False,,False
19,NEAR_1_TRANSPOSITION,1,74406871,,CATALYST,1993-06-25,606,catalyst,ABANDONED - NO STATEMENT OF USE FILED,Dead/Abandoned,False,,False
19,NEAR_1_TRANSPOSITION,1,74393058,,CATALYST,1993-05-21,603,catalyst,ABANDONED - AFTER EX PARTE APPEAL,Dead/Abandoned,False,,False
19,NEAR_1_TRANSPOSITION,1,74386970,,CATALYST,1993-05-06,602,catalyst,ABANDONED-FAILURE TO RESPOND OR LATE RESPONSE,Dead/Abandoned,False,,False
19,NEAR_1_TRANSPOSITION,1,74344543,1832190,CATALYST,1992-12-30,710,catalyst,CANCELLED - SECTION 8,Dead/Cancelled,False,,False
19,NEAR_1_TRANSPOSITION,1,74344544,1896994,CATALYST,1992-12-30,710,catalyst,CANCELLED - SECTION 8,Dead/Cancelled,False,,False
19,NEAR_1_TRANSPOSITION,1,74344545,1823657,CATALYST,1992-12-30,710,catalyst,CANCELLED - SECTION 8,Dead/Cancelled,False,,False
19,NEAR_1_TRANSPOSITION,1,74315143,,CATALYST,1992-09-17,604,catalyst,ABANDONED - AFTER INTER-PARTES DECISION,Dead/Abandoned,False,016,False
19,NEAR_1_TRANSPOSITION,1,74315144,,CATALYST,1992-09-17,604,catalyst,ABANDONED - AFTER INTER-PARTES DECISION,Dead/Abandoned,False,009,False
19,NEAR_1_TRANSPOSITION,1,74309777,,CATALYST,1992-09-01,602,catalyst,ABANDONED-FAILURE TO RESPOND OR LATE RESPONSE,Dead/Abandoned,False,,False
19,NEAR_1_TRANSPOSITION,1,74216270,,CATALYST,1991-10-24,601,catalyst,ABANDONED - EXPRESS,Dead/Abandoned,False,,False
19,NEAR_1_TRANSPOSITION,1,74116341,,CATALYST,1990-11-19,602,catalyst,ABANDONED-FAILURE TO RESPOND OR LATE RESPONSE,Dead/Abandoned,False,,False
19,NEAR_1_TRANSPOSITION,1,74115460,,CATALYST,1990-11-15,606,catalyst,ABANDONED - NO STATEMENT OF USE FILED,Dead/Abandoned,False,,False
19,NEAR_1_TRANSPOSITION,1,74047460,1676608,CATALYST,1990-04-10,710,catalyst,CANCELLED - SECTION 8,Dead/Cancelled,False,,False
19,NEAR_1_TRANSPOSITION,1,74047468,1673749,CATALYST,1990-04-10,710,catalyst,CANCELLED - SECTION 8,Dead/Cancelled,False,,False
19,NEAR_1_TRANSPOSITION,1,74019934,,CATALYST,1990-01-17,602,catalyst,ABANDONED-FAILURE TO RESPOND OR LATE RESPONSE,Dead/Abandoned,False,,False
19,NEAR_1_TRANSPOSITION,1,74001877,,CATALYST,1989-11-16,614,catalyst,ABANDONED PETITION TO REVIVE-DENIED,Dead/Abandoned,False,,False
19,NEAR_1_TRANSPOSITION,1,73711492,1506285,CATALYST,1988-02-16,710,catalyst,CANCELLED - SECTION 8,Dead/Cancelled,False,,False
19,NEAR_1_TRANSPOSITION,1,73709054,1538182,CATALYST,1988-02-01,710,catalyst,CANCELLED - SECTION 8,Dead/Cancelled,False,,False
19,NEAR_1_TRANSPOSITION,1,73661297,1473495,CATALYST,1987-05-18,710,catalyst,CANCELLED - SECTION 8,Dead/Cancelled,False,,False
19,NEAR_1_TRANSPOSITION,1,73457618,1631090,CATALYST,1983-12-19,710,catalyst,CANCELLED - SECTION 8,Dead/Cancelled,False,,False
19,NEAR_1_TRANSPOSITION,1,73430534,1323647,CATALYST,1983-06-16,710,catalyst,CANCELLED - SECTION 8,Dead/Cancelled,False,,False
19,NEAR_1_TRANSPOSITION,1,73418131,1294486,CATALYST,1983-03-21,710,catalyst,CANCELLED - SECTION 8,Dead/Cancelled,False,,False
19,NEAR_1_TRANSPOSITION,1,73351018,1354996,CATALYST,1982-02-19,713,catalyst,CANCELLED - SECTION 18,Dead/Cancelled,False,,False
19,NEAR_1_TRANSPOSITION,1,73104892,1072593,CATALYST,1976-10-29,710,catalyst,CANCELLED - SECTION 8,Dead/Cancelled,False,,False
20,NEAR_1_SUBSTITUTION,1,99922059,,CATALYST,2026-07-04,630,catalyst,NEW APPLICATION - RECORD INITIALIZED NOT ASSIGNED TO EXAMINER,Live/Pending,True,044,True
20,NEAR_1_SUBSTITUTION,1,99885358,,CATALYST,2026-06-15,630,catalyst,NEW APPLICATION - RECORD INITIALIZED NOT ASSIGNED TO EXAMINER,Live/Pending,True,"010,020",True
20,NEAR_1_SUBSTITUTION,1,99885678,,CATALYST,2026-06-15,630,catalyst,NEW APPLICATION - RECORD INITIALIZED NOT ASSIGNED TO EXAMINER,Live/Pending,True,"010,020",True
20,NEAR_1_SUBSTITUTION,1,99879060,,CATALYST,2026-06-11,630,catalyst,NEW APPLICATION - RECORD INITIALIZED NOT ASSIGNED TO EXAMINER,Live/Pending,True,"006,019",False
20,NEAR_1_DELETION,1,99705763,,CATALYS,2026-03-16,638,catalys,NEW APPLICATION - ASSIGNED TO EXAMINER,Live/Pending,True,005,True
20,NEAR_1_SUBSTITUTION,1,99626186,,CATALYST,2026-01-31,686,catalyst,PUBLISHED FOR OPPOSITION,Live/Pending,True,009,False
20,NEAR_1_SUBSTITUTION,1,99607858,,CATALYST,2026-01-21,645,catalyst,FINAL REFUSAL - MAILED,Live/Pending,True,003,True
20,NEAR_1_SUBSTITUTION,1,99587568,,CATALYST,2026-01-10,686,catalyst,PUBLISHED FOR OPPOSITION,Live/Pending,True,"002,007,009",False
20,NEAR_1_SUBSTITUTION,1,79439535,8290363,CATALYST,2025-11-19,700,catalyst,REGISTERED,Live/Registered,True,042,False
20,NEAR_1_SUBSTITUTION,1,99441027,,CATALYST,2025-10-13,686,catalyst,PUBLISHED FOR OPPOSITION,Live/Pending,True,039,False
20,NEAR_1_SUBSTITUTION,1,99423567,,CATALYST,2025-10-01,653,catalyst,SUSPENSION LETTER - MAILED,Live/Pending,True,"005,030",True
20,NEAR_1_SUBSTITUTION,1,99313102,,CATALYST,2025-07-31,681,catalyst,PUBLICATION/ISSUE REVIEW COMPLETE,Live/Pending,True,042,False
20,NEAR_1_SUBSTITUTION,1,79444545,,CATALYST,2025-06-25,641,catalyst,NON-FINAL ACTION - MAILED,Live/Pending,True,"009,035,037,042,045",True
20,NEAR_1_SUBSTITUTION,1,99139837,,CATALYST,2025-04-16,653,catalyst,SUSPENSION LETTER - MAILED,Live/Pending,True,"009,036,041,045",False
20,NEAR_1_SUBSTITUTION,1,99104559,8084121,CATALYST,2025-03-26,700,catalyst,REGISTERED,Live/Registered,True,010,True
20,NEAR_1_SUBSTITUTION,1,98784846,,CATALYST,2024-10-03,654,catalyst,REPORT COMPLETED SUSPENSION CHECK - CASE STILL SUSPENDED,Live/Pending,True,041,False
20,NEAR_1_SUBSTITUTION,1,98700068,,CATALYST,2024-08-15,731,catalyst,SECOND EXTENSION - GRANTED,Live/Pending,True,012,False
20,NEAR_1_SUBSTITUTION,1,98677986,,CATALYST,2024-08-01,653,catalyst,SUSPENSION LETTER - MAILED,Live/Pending,True,"009,042",False
20,NEAR_1_SUBSTITUTION,1,98606318,,CATALYST,2024-06-18,774,catalyst,OPPOSITION PENDING,Live/Pending,True,"016,042",False
20,NEAR_1_SUBSTITUTION,1,98508129,,CATALYST,2024-04-18,748,catalyst,STATEMENT OF USE - TO EXAMINER,Live/Pending,True,042,False
20,NEAR_1_SUBSTITUTION,1,98415936,,CATALYST,2024-02-22,688,catalyst,NOTICE OF ALLOWANCE - ISSUED,Live/Pending,True,042,False
20,NEAR_1_SUBSTITUTION,1,98302982,7893179,CATALYST,2023-12-07,700,catalyst,REGISTERED,Live/Registered,True,031,False
20,NEAR_1_SUBSTITUTION,1,98214560,,CATALYST,2023-10-09,654,catalyst,REPORT COMPLETED SUSPENSION CHECK - CASE STILL SUSPENDED,Live/Pending,True,041,False
20,NEAR_1_SUBSTITUTION,1,98191772,7961579,CATALYCS,2023-09-21,700,catalycs,REGISTERED,Live/Registered,True,036,False
20,NEAR_1_SUBSTITUTION,1,98087430,,CATALYST,2023-07-17,819,catalyst,SU - REGISTRATION REVIEW COMPLETE,Live/Pending,True,"009,035,042",True
20,NEAR_1_SUBSTITUTION,1,97836438,7378132,CATALYST,2023-03-13,700,catalyst,REGISTERED,Live/Registered,True,"010,020",True
20,NEAR_1_SUBSTITUTION,1,97720478,7698272,CATALYST,2022-12-16,700,catalyst,REGISTERED,Live/Registered,True,"007,009",False
20,NEAR_1_SUBSTITUTION,1,97704197,,CATALYST,2022-12-05,653,catalyst,SUSPENSION LETTER - MAILED,Live/Pending,True,001,False
20,NEAR_1_SUBSTITUTION,1,97585722,7392879,CATALYST,2022-09-09,700,catalyst,REGISTERED,Live/Registered,True,019,False
20,NEAR_1_SUBSTITUTION,1,97428216,7237875,CATALYST,2022-05-25,700,catalyst,REGISTERED,Live/Registered,True,011,False
20,NEAR_1_SUBSTITUTION,1,97367965,7347923,CATALYST,2022-04-18,700,catalyst,REGISTERED,Live/Registered,True,012,False
20,NEAR_1_SUBSTITUTION,1,97189685,7732441,CATALYST,2021-12-24,700,catalyst,REGISTERED,Live/Registered,True,"032,033",False
20,NEAR_1_SUBSTITUTION,1,97065851,6977300,CATALYST,2021-10-08,700,catalyst,REGISTERED,Live/Registered,True,042,False
20,NEAR_1_SUBSTITUTION,1,97014286,6820843,CATALYST,2021-09-07,700,catalyst,REGISTERED,Live/Registered,True,012,False
20,NEAR_1_SUBSTITUTION,1,90821191,6796102,CATALYST,2021-07-10,700,catalyst,REGISTERED,Live/Registered,True,031,False
20,NEAR_1_SUBSTITUTION,1,90713597,6938705,CATALYST,2021-05-15,700,catalyst,REGISTERED,Live/Registered,True,041,False
20,NEAR_1_SUBSTITUTION,1,90703769,7056268,CATALYST,2021-05-11,700,catalyst,REGISTERED,Live/Registered,True,009,False
20,NEAR_1_SUBSTITUTION,1,90606116,6853706,CATALYST,2021-03-26,700,catalyst,REGISTERED,Live/Registered,True,028,False
20,NEAR_1_SUBSTITUTION,1,88921656,6640108,CATALYST,2020-05-18,700,catalyst,REGISTERED,Live/Registered,True,009,False
20,NEAR_1_SUBSTITUTION,1,88903381,6472121,CATALYST,2020-05-06,700,catalyst,REGISTERED,Live/Registered,True,009,False
20,NEAR_1_SUBSTITUTION,1,88824112,7055724,CATALYST,2020-03-06,700,catalyst,REGISTERED,Live/Registered,True,009,False
20,NEAR_1_INSERTION,1,79283182,6541543,CATALYSIS,2020-02-20,700,catalysis,REGISTERED,Live/Registered,True,035,True
20,NEAR_1_SUBSTITUTION,1,88575404,6006954,CATALYST,2019-08-12,702,catalyst,SECTION 8 & 15-ACCEPTED AND ACKNOWLEDGED,Live/Registered,True,041,False
20,NEAR_1_SUBSTITUTION,1,88565111,7002847,CATALYST,2019-08-02,700,catalyst,REGISTERED,Live/Registered,True,044,True
20,NEAR_1_SUBSTITUTION,1,88498286,5960801,CATALYST,2019-07-02,700,catalyst,REGISTERED,Live/Registered,True,"035,041",True
20,NEAR_1_SUBSTITUTION,1,88399307,5979715,CATALYST,2019-04-24,702,catalyst,SECTION 8 & 15-ACCEPTED AND ACKNOWLEDGED,Live/Registered,True,031,False
20,NEAR_1_SUBSTITUTION,1,88201859,5939714,CATALYST,2018-11-20,700,catalyst,REGISTERED,Live/Registered,True,021,True
20,NEAR_1_SUBSTITUTION,1,87913602,5632894,CATALYST,2018-05-09,702,catalyst,SECTION 8 & 15-ACCEPTED AND ACKNOWLEDGED,Live/Registered,True,036,False
20,NEAR_1_SUBSTITUTION,1,87798412,6034289,CATALYST,2018-02-15,702,catalyst,SECTION 8 & 15-ACCEPTED AND ACKNOWLEDGED,Live/Registered,True,010,True
20,NEAR_1_SUBSTITUTION,1,87614205,6373254,CATALYST,2017-09-19,700,catalyst,REGISTERED,Live/Registered,True,007,False
20,NEAR_1_SUBSTITUTION,1,87585998,6061348,CATALYST,2017-08-28,700,catalyst,REGISTERED,Live/Registered,True,009,False
20,NEAR_1_SUBSTITUTION,1,87517845,5386471,CATALYST,2017-07-06,702,catalyst,SECTION 8 & 15-ACCEPTED AND ACKNOWLEDGED,Live/Registered,True,041,False
20,NEAR_1_SUBSTITUTION,1,87496932,5587332,CATALYST,2017-06-20,702,catalyst,SECTION 8 & 15-ACCEPTED AND ACKNOWLEDGED,Live/Registered,True,028,False
20,NEAR_1_SUBSTITUTION,1,87390182,5807340,CATALYST,2017-03-29,702,catalyst,SECTION 8 & 15-ACCEPTED AND ACKNOWLEDGED,Live/Registered,True,009,False
20,NEAR_1_SUBSTITUTION,1,87366933,5444697,CATALYST,2017-03-10,702,catalyst,SECTION 8 & 15-ACCEPTED AND ACKNOWLEDGED,Live/Registered,True,035,True
20,NEAR_1_SUBSTITUTION,1,87367029,5439529,CATALYST,2017-03-10,702,catalyst,SECTION 8 & 15-ACCEPTED AND ACKNOWLEDGED,Live/Registered,True,036,False
20,NEAR_1_SUBSTITUTION,1,87315961,5270836,CATALYST,2017-01-27,702,catalyst,SECTION 8 & 15-ACCEPTED AND ACKNOWLEDGED,Live/Registered,True,010,True
20,NEAR_1_SUBSTITUTION,1,87255786,5566414,CATALYST,2016-12-02,702,catalyst,SECTION 8 & 15-ACCEPTED AND ACKNOWLEDGED,Live/Registered,True,042,False
20,NEAR_1_SUBSTITUTION,1,87244598,5240563,CATALYST,2016-11-22,701,catalyst,SECTION 8-ACCEPTED,Live/Registered,True,039,False
20,NEAR_1_INSERTION,1,87230258,5419277,CATALYSIS,2016-11-08,702,catalysis,SECTION 8 & 15-ACCEPTED AND ACKNOWLEDGED,Live/Registered,True,"009,035,041",True
20,NEAR_1_SUBSTITUTION,1,87109263,5576366,CATALYST,2016-07-19,702,catalyst,SECTION 8 & 15-ACCEPTED AND ACKNOWLEDGED,Live/Registered,True,"009,041,042",False
20,NEAR_1_SUBSTITUTION,1,87006055,5090630,CATALYST,2016-04-19,702,catalyst,SECTION 8 & 15-ACCEPTED AND ACKNOWLEDGED,Live/Registered,True,009,False
20,NEAR_1_SUBSTITUTION,1,86918390,5131747,CATALYST,2016-02-24,702,catalyst,SECTION 8 & 15-ACCEPTED AND ACKNOWLEDGED,Live/Registered,True,010,True
20,NEAR_1_SUBSTITUTION,1,86884394,5193960,CATALYST,2016-01-23,704,catalyst,PARTIAL SECTION 8 ACCEPTED,Live/Registered,True,045,False
20,NEAR_1_SUBSTITUTION,1,86871449,5177577,CATALYST,2016-01-11,702,catalyst,SECTION 8 & 15-ACCEPTED AND ACKNOWLEDGED,Live/Registered,True,016,False
20,NEAR_1_SUBSTITUTION,1,86728766,5317585,CATALYST,2015-08-18,701,catalyst,SECTION 8-ACCEPTED,Live/Registered,True,013,False
20,NEAR_1_SUBSTITUTION,1,86697618,5001539,CATALYST,2015-07-19,800,catalyst,REGISTERED AND RENEWED,Live/Registered,True,016,False
20,NEAR_1_SUBSTITUTION,1,86431491,4933399,CATALYST,2014-10-22,800,catalyst,REGISTERED AND RENEWED,Live/Registered,True,042,False
20,NEAR_1_SUBSTITUTION,1,86396525,5091687,CATALYST,2014-09-16,702,catalyst,SECTION 8 & 15-ACCEPTED AND ACKNOWLEDGED,Live/Registered,True,009,False
20,NEAR_1_SUBSTITUTION,1,86305986,5586427,CATALYST,2014-06-10,701,catalyst,SECTION 8-ACCEPTED,Live/Registered,True,033,False
20,NEAR_1_SUBSTITUTION,1,86238714,4640475,CATALYST,2014-04-01,800,catalyst,REGISTERED AND RENEWED,Live/Registered,True,035,True
20,NEAR_1_SUBSTITUTION,1,85911957,4554457,CATALYST,2013-04-23,800,catalyst,REGISTERED AND RENEWED,Live/Registered,True,005,True
20,NEAR_1_SUBSTITUTION,1,85571999,4407858,CATALYST,2012-03-16,800,catalyst,REGISTERED AND RENEWED,Live/Registered,True,031,False
20,NEAR_1_SUBSTITUTION,1,85529329,4278431,CATALYST,2012-01-31,800,catalyst,REGISTERED AND RENEWED,Live/Registered,True,009,False
20,NEAR_1_SUBSTITUTION,1,85529347,4278432,CATALYST,2012-01-31,800,catalyst,REGISTERED AND RENEWED,Live/Registered,True,009,False
20,NEAR_1_SUBSTITUTION,1,85412677,4204717,CATALYST,2011-09-01,800,catalyst,REGISTERED AND RENEWED,Live/Registered,True,009,False
20,NEAR_1_SUBSTITUTION,1,85412681,4220626,CATALYST,2011-09-01,800,catalyst,REGISTERED AND RENEWED,Live/Registered,True,016,False
20,NEAR_1_SUBSTITUTION,1,85412684,4216590,CATALYST,2011-09-01,800,catalyst,REGISTERED AND RENEWED,Live/Registered,True,035,True
20,NEAR_1_SUBSTITUTION,1,85412687,4208904,CATALYST,2011-09-01,800,catalyst,REGISTERED AND RENEWED,Live/Registered,True,041,False
20,NEAR_1_SUBSTITUTION,1,85389579,4114805,CATALYST,2011-08-04,800,catalyst,REGISTERED AND RENEWED,Live/Registered,True,009,False
20,NEAR_1_SUBSTITUTION,1,85383617,4265313,CATALYST,2011-07-28,800,catalyst,REGISTERED AND RENEWED,Live/Registered,True,009,False
20,NEAR_1_DELETION,1,85107557,4206551,CATALYS,2010-08-13,800,catalys,REGISTERED AND RENEWED,Live/Registered,True,010,True
20,NEAR_1_SUBSTITUTION,1,85095177,4023764,CATALYST,2010-07-28,800,catalyst,REGISTERED AND RENEWED,Live/Registered,True,035,True
20,NEAR_1_SUBSTITUTION,1,77771032,3949727,CATALYST,2009-06-30,800,catalyst,REGISTERED AND RENEWED,Live/Registered,True,042,False
20,NEAR_1_SUBSTITUTION,1,77380804,3625374,CATALYST,2008-01-25,800,catalyst,REGISTERED AND RENEWED,Live/Registered,True,028,False
20,NEAR_1_SUBSTITUTION,1,77051844,3612894,CATALYST,2006-11-28,800,catalyst,REGISTERED AND RENEWED,Live/Registered,True,009,False
20,NEAR_1_SUBSTITUTION,1,78921220,3292314,CATALYST,2006-06-30,800,catalyst,REGISTERED AND RENEWED,Live/Registered,True,034,False
20,NEAR_1_SUBSTITUTION,1,78860226,3183911,CATALYST,2006-04-12,800,catalyst,REGISTERED AND RENEWED,Live/Registered,True,003,True
20,NEAR_1_SUBSTITUTION,1,78762874,3295349,CATALYST,2005-11-29,800,catalyst,REGISTERED AND RENEWED,Live/Registered,True,033,False
20,NEAR_1_SUBSTITUTION,1,78602167,3164721,CATALYST,2005-04-05,800,catalyst,REGISTERED AND RENEWED,Live/Registered,True,"035,042",True
20,NEAR_1_SUBSTITUTION,1,78566417,3596555,CATALYST,2005-02-14,800,catalyst,REGISTERED AND RENEWED,Live/Registered,True,028,False
20,NEAR_1_SUBSTITUTION,1,76591090,2954547,CATALYST,2004-05-07,800,catalyst,REGISTERED AND RENEWED,Live/Registered,True,028,False
20,NEAR_1_INSERTION,1,78341851,2959554,CATALYSIS,2003-12-16,800,catalysis,REGISTERED AND RENEWED,Live/Registered,True,035,True
20,NEAR_1_INSERTION,1,78341853,2916414,CATALYSIS,2003-12-16,800,catalysis,REGISTERED AND RENEWED,Live/Registered,True,035,True
20,NEAR_1_SUBSTITUTION,1,78322089,2986341,CATALYST,2003-11-03,800,catalyst,REGISTERED AND RENEWED,Live/Registered,True,028,False
20,NEAR_1_SUBSTITUTION,1,76426595,3220992,CATALYST,2002-07-01,800,catalyst,REGISTERED AND RENEWED,Live/Registered,True,"009,016,041",False
20,NEAR_1_SUBSTITUTION,1,76326614,2981319,CATALYST,2001-10-17,800,catalyst,REGISTERED AND RENEWED,Live/Registered,True,009,False
20,NEAR_1_SUBSTITUTION,1,76034201,2551835,CATALYST,2000-04-25,800,catalyst,REGISTERED AND RENEWED,Live/Registered,True,009,False
20,NEAR_1_SUBSTITUTION,1,75938680,3197816,CATALYST,2000-03-08,800,catalyst,REGISTERED AND RENEWED,Live/Registered,True,"001,016,042",False
20,NEAR_1_SUBSTITUTION,1,74631644,1946868,CATALYST,1995-02-08,800,catalyst,REGISTERED AND RENEWED,Live/Registered,True,016,False
20,NEAR_1_SUBSTITUTION,1,74537177,2029461,CATALYST,1994-06-13,800,catalyst,REGISTERED AND RENEWED,Live/Registered,True,009,False
20,NEAR_1_SUBSTITUTION,1,74457353,2164209,CATALYST,1993-11-08,800,catalyst,REGISTERED AND RENEWED,Live/Registered,True,005,True
20,NEAR_1_SUBSTITUTION,1,74187235,1823612,CATALYST,1991-07-22,800,catalyst,REGISTERED AND RENEWED,Live/Registered,True,009,False
20,NEAR_1_SUBSTITUTION,1,73381295,1265713,CATALYST,1982-08-23,800,catalyst,REGISTERED AND RENEWED,Live/Registered,True,"016,042",False
20,NEAR_1_SUBSTITUTION,1,99394364,,CATALYST,2025-09-16,602,catalyst,ABANDONED-FAILURE TO RESPOND OR LATE RESPONSE,Dead/Abandoned,False,035,True
20,NEAR_1_SUBSTITUTION,1,99292445,,CATALYST,2025-07-19,602,catalyst,ABANDONED-FAILURE TO RESPOND OR LATE RESPONSE,Dead/Abandoned,False,003,True
20,NEAR_1_SUBSTITUTION,1,99122521,,CATALYST,2025-04-05,602,catalyst,ABANDONED-FAILURE TO RESPOND OR LATE RESPONSE,Dead/Abandoned,False,007,False
20,NEAR_1_SUBSTITUTION,1,98948091,,CATALYST,2025-01-09,602,catalyst,ABANDONED-FAILURE TO RESPOND OR LATE RESPONSE,Dead/Abandoned,False,018,False
20,NEAR_1_SUBSTITUTION,1,98784854,,CATALYST,2024-10-03,602,catalyst,ABANDONED-FAILURE TO RESPOND OR LATE RESPONSE,Dead/Abandoned,False,041,False
20,NEAR_1_SUBSTITUTION,1,98700380,,CATALYST,2024-08-15,602,catalyst,ABANDONED-FAILURE TO RESPOND OR LATE RESPONSE,Dead/Abandoned,False,025,False
20,NEAR_1_SUBSTITUTION,1,98662690,,CATALYST,2024-07-23,606,catalyst,ABANDONED - NO STATEMENT OF USE FILED,Dead/Abandoned,False,"006,019",False
20,NEAR_1_SUBSTITUTION,1,98565447,,CATALYST,2024-05-23,605,catalyst,ABANDONED EXPRESS AFTER PUB,Dead/Abandoned,False,,False
20,NEAR_1_SUBSTITUTION,1,98508136,,CATALYST,2024-04-18,606,catalyst,ABANDONED - NO STATEMENT OF USE FILED,Dead/Abandoned,False,042,False
20,NEAR_1_SUBSTITUTION,1,98433801,,CATALYST,2024-03-05,602,catalyst,ABANDONED-FAILURE TO RESPOND OR LATE RESPONSE,Dead/Abandoned,False,042,False
20,NEAR_1_SUBSTITUTION,1,98102303,,CATALYST,2023-07-26,602,catalyst,ABANDONED-FAILURE TO RESPOND OR LATE RESPONSE,Dead/Abandoned,False,002,False
20,NEAR_1_SUBSTITUTION,1,98064693,,CATALYST,2023-06-29,602,catalyst,ABANDONED-FAILURE TO RESPOND OR LATE RESPONSE,Dead/Abandoned,False,042,False
20,NEAR_1_SUBSTITUTION,1,98056853,,CATALYST,2023-06-23,605,catalyst,ABANDONED EXPRESS AFTER PUB,Dead/Abandoned,False,,False
20,NEAR_1_INSERTION,1,97798718,,CATALYSTS,2023-02-16,601,catalysts,ABANDONED - EXPRESS,Dead/Abandoned,False,"025,041",False
20,NEAR_1_SUBSTITUTION,1,97256477,,CATALYST,2022-02-07,602,catalyst,ABANDONED-FAILURE TO RESPOND OR LATE RESPONSE,Dead/Abandoned,False,042,False
20,NEAR_1_SUBSTITUTION,1,97205289,,CATALYST,2022-01-06,602,catalyst,ABANDONED-FAILURE TO RESPOND OR LATE RESPONSE,Dead/Abandoned,False,042,False
20,NEAR_1_SUBSTITUTION,1,97074968,,CATALYST,2021-10-14,602,catalyst,ABANDONED-FAILURE TO RESPOND OR LATE RESPONSE,Dead/Abandoned,False,032,False
20,NEAR_1_SUBSTITUTION,1,97074976,,CATALYST,2021-10-14,602,catalyst,ABANDONED-FAILURE TO RESPOND OR LATE RESPONSE,Dead/Abandoned,False,033,False
20,NEAR_1_SUBSTITUTION,1,90838356,,CATALYST,2021-07-20,602,catalyst,ABANDONED-FAILURE TO RESPOND OR LATE RESPONSE,Dead/Abandoned,False,033,False
20,NEAR_1_SUBSTITUTION,1,90322706,,CATALYST,2020-11-16,601,catalyst,ABANDONED - EXPRESS,Dead/Abandoned,False,035,True
20,NEAR_1_SUBSTITUTION,1,90157786,,CATALYST,2020-09-03,606,catalyst,ABANDONED - NO STATEMENT OF USE FILED,Dead/Abandoned,False,042,False
20,NEAR_1_SUBSTITUTION,1,90150465,,CATALYST,2020-09-01,602,catalyst,ABANDONED-FAILURE TO RESPOND OR LATE RESPONSE,Dead/Abandoned,False,042,False
20,NEAR_1_SUBSTITUTION,1,88884024,,CATALYST,2020-04-23,606,catalyst,ABANDONED - NO STATEMENT OF USE FILED,Dead/Abandoned,False,010,True
20,NEAR_1_SUBSTITUTION,1,88876159,,CATALYST,2020-04-17,602,catalyst,ABANDONED-FAILURE TO RESPOND OR LATE RESPONSE,Dead/Abandoned,False,"016,041",False
20,NEAR_1_SUBSTITUTION,1,88778119,,CATALYST,2020-01-29,602,catalyst,ABANDONED-FAILURE TO RESPOND OR LATE RESPONSE,Dead/Abandoned,False,"025,034",False
20,NEAR_1_SUBSTITUTION,1,88715137,,CATALYST,2019-12-04,602,catalyst,ABANDONED-FAILURE TO RESPOND OR LATE RESPONSE,Dead/Abandoned,False,"041,043",False
20,NEAR_1_SUBSTITUTION,1,88670914,,CATALYST,2019-10-28,606,catalyst,ABANDONED - NO STATEMENT OF USE FILED,Dead/Abandoned,False,009,False
20,NEAR_1_SUBSTITUTION,1,88437849,,CATALYST,2019-05-20,602,catalyst,ABANDONED-FAILURE TO RESPOND OR LATE RESPONSE,Dead/Abandoned,False,012,False
20,NEAR_1_SUBSTITUTION,1,88218409,,CATALYST,2018-12-05,602,catalyst,ABANDONED-FAILURE TO RESPOND OR LATE RESPONSE,Dead/Abandoned,False,041,False
20,NEAR_1_SUBSTITUTION,1,88154825,,CATALYST,2018-10-15,602,catalyst,ABANDONED-FAILURE TO RESPOND OR LATE RESPONSE,Dead/Abandoned,False,009,False
20,NEAR_1_SUBSTITUTION,1,88102085,,CATALYST,2018-09-02,602,catalyst,ABANDONED-FAILURE TO RESPOND OR LATE RESPONSE,Dead/Abandoned,False,025,False
20,NEAR_1_SUBSTITUTION,1,87820522,5594827,CATALYST,2018-03-05,710,catalyst,CANCELLED - SECTION 8,Dead/Cancelled,False,,False
20,NEAR_1_SUBSTITUTION,1,87769971,,CATALYST,2018-01-25,601,catalyst,ABANDONED - EXPRESS,Dead/Abandoned,False,009,False
20,NEAR_1_SUBSTITUTION,1,87622554,5644720,CATALYST,2017-09-26,710,catalyst,CANCELLED - SECTION 8,Dead/Cancelled,False,,False
20,NEAR_1_SUBSTITUTION,1,87600093,5652502,CATALYST,2017-09-07,710,catalyst,CANCELLED - SECTION 8,Dead/Cancelled,False,,False
20,NEAR_1_SUBSTITUTION,1,87566316,,CATALYST,2017-08-11,602,catalyst,ABANDONED-FAILURE TO RESPOND OR LATE RESPONSE,Dead/Abandoned,False,020,False
20,NEAR_1_SUBSTITUTION,1,87548156,5407225,CATALYST,2017-07-29,710,catalyst,CANCELLED - SECTION 8,Dead/Cancelled,False,,False
20,NEAR_1_SUBSTITUTION,1,79222667,,CATALYST,2017-06-28,602,catalyst,ABANDONED-FAILURE TO RESPOND OR LATE RESPONSE,Dead/Abandoned,False,009,False
20,NEAR_1_SUBSTITUTION,1,87461471,5516770,CATALYST,2017-05-23,710,catalyst,CANCELLED - SECTION 8,Dead/Cancelled,False,,False
20,NEAR_1_SUBSTITUTION,1,87396557,,CATALYST,2017-04-03,606,catalyst,ABANDONED - NO STATEMENT OF USE FILED,Dead/Abandoned,False,035,True
20,NEAR_1_SUBSTITUTION,1,87367063,,CATALYST,2017-03-10,602,catalyst,ABANDONED-FAILURE TO RESPOND OR LATE RESPONSE,Dead/Abandoned,False,037,False
20,NEAR_1_SUBSTITUTION,1,87363111,,CATALYST,2017-03-08,602,catalyst,ABANDONED-FAILURE TO RESPOND OR LATE RESPONSE,Dead/Abandoned,False,035,True
20,NEAR_1_SUBSTITUTION,1,87151920,,CATALYST,2016-08-26,604,catalyst,ABANDONED - AFTER INTER-PARTES DECISION,Dead/Abandoned,False,,False
20,NEAR_1_SUBSTITUTION,1,87107670,5159781,CATALYST,2016-07-18,710,catalyst,CANCELLED - SECTION 8,Dead/Cancelled,False,,False
20,NEAR_1_SUBSTITUTION,1,87086327,,CATALYST,2016-06-28,606,catalyst,ABANDONED - NO STATEMENT OF USE FILED,Dead/Abandoned,False,009,False
20,NEAR_1_SUBSTITUTION,1,87082925,5287497,CATALYST,2016-06-24,710,catalyst,CANCELLED - SECTION 8,Dead/Cancelled,False,,False
20,NEAR_1_SUBSTITUTION,1,86954396,,CATALYST,2016-03-27,602,catalyst,ABANDONED-FAILURE TO RESPOND OR LATE RESPONSE,Dead/Abandoned,False,028,False
20,NEAR_1_SUBSTITUTION,1,86838617,5357481,CATALYST,2015-12-03,710,catalyst,CANCELLED - SECTION 8,Dead/Cancelled,False,,False
20,NEAR_1_SUBSTITUTION,1,86794871,5283461,CATALYST,2015-10-21,710,catalyst,CANCELLED - SECTION 8,Dead/Cancelled,False,,False
20,NEAR_1_SUBSTITUTION,1,86730380,,CATALYST,2015-08-19,603,catalyst,ABANDONED - AFTER EX PARTE APPEAL,Dead/Abandoned,False,013,False
20,NEAR_1_SUBSTITUTION,1,86665865,,CATALYST,2015-06-17,602,catalyst,ABANDONED-FAILURE TO RESPOND OR LATE RESPONSE,Dead/Abandoned,False,"035,042",True
20,NEAR_1_SUBSTITUTION,1,86611754,4831980,CATALYST,2015-04-28,710,catalyst,CANCELLED - SECTION 8,Dead/Cancelled,False,,False
20,NEAR_1_SUBSTITUTION,1,86612178,4866368,CATALYST,2015-04-28,710,catalyst,CANCELLED - SECTION 8,Dead/Cancelled,False,,False
20,NEAR_1_SUBSTITUTION,1,86535407,,CATALYST,2015-02-14,602,catalyst,ABANDONED-FAILURE TO RESPOND OR LATE RESPONSE,Dead/Abandoned,False,"009,042",False
20,NEAR_1_SUBSTITUTION,1,86507833,,CATALYST,2015-01-20,602,catalyst,ABANDONED-FAILURE TO RESPOND OR LATE RESPONSE,Dead/Abandoned,False,010,True
20,NEAR_1_SUBSTITUTION,1,86452466,,CATALYST,2014-11-12,602,catalyst,ABANDONED-FAILURE TO RESPOND OR LATE RESPONSE,Dead/Abandoned,False,005,True
20,NEAR_1_SUBSTITUTION,1,86369843,4801035,CATALYST,2014-08-18,710,catalyst,CANCELLED - SECTION 8,Dead/Cancelled,False,,False
20,NEAR_1_SUBSTITUTION,1,86367191,4801022,CATALYST,2014-08-14,710,catalyst,CANCELLED - SECTION 8,Dead/Cancelled,False,,False
20,NEAR_1_SUBSTITUTION,1,86301469,4819041,CATALYST,2014-06-05,710,catalyst,CANCELLED - SECTION 8,Dead/Cancelled,False,,False
20,NEAR_1_SUBSTITUTION,1,86185684,,CATALYST,2014-02-05,602,catalyst,ABANDONED-FAILURE TO RESPOND OR LATE RESPONSE,Dead/Abandoned,False,035,True
20,NEAR_1_SUBSTITUTION,1,86155131,,CATALYST,2013-12-31,606,catalyst,ABANDONED - NO STATEMENT OF USE FILED,Dead/Abandoned,False,028,False
20,NEAR_1_SUBSTITUTION,1,86018290,,CATALYST,2013-07-24,602,catalyst,ABANDONED-FAILURE TO RESPOND OR LATE RESPONSE,Dead/Abandoned,False,009,False
20,NEAR_1_SUBSTITUTION,1,85920992,4679459,CATALYST,2013-05-02,710,catalyst,CANCELLED - SECTION 8,Dead/Cancelled,False,,False
20,NEAR_1_SUBSTITUTION,1,85765986,,CATALYST,2012-10-29,602,catalyst,ABANDONED-FAILURE TO RESPOND OR LATE RESPONSE,Dead/Abandoned,False,043,False
20,NEAR_1_SUBSTITUTION,1,85730452,4324435,CATALYST,2012-09-17,710,catalyst,CANCELLED - SECTION 8,Dead/Cancelled,False,,False
20,NEAR_1_SUBSTITUTION,1,85646606,,CATALYST,2012-06-08,602,catalyst,ABANDONED-FAILURE TO RESPOND OR LATE RESPONSE,Dead/Abandoned,False,"009,041",False
20,NEAR_1_SUBSTITUTION,1,79121555,4336882,CATALYST,2012-06-07,404,catalyst,IR CANCELLED; US REGISTRATION CANCELLED,Dead/Cancelled,False,,False
20,NEAR_1_SUBSTITUTION,1,85424890,,CATALYST,2011-09-16,606,catalyst,ABANDONED - NO STATEMENT OF USE FILED,Dead/Abandoned,False,035,True
20,NEAR_1_SUBSTITUTION,1,85377454,,CATALYST,2011-07-21,601,catalyst,ABANDONED - EXPRESS,Dead/Abandoned,False,009,False
20,NEAR_1_SUBSTITUTION,1,85356296,,CATALYST,2011-06-25,606,catalyst,ABANDONED - NO STATEMENT OF USE FILED,Dead/Abandoned,False,009,False
20,NEAR_1_SUBSTITUTION,1,85247553,,CATALYST,2011-02-21,602,catalyst,ABANDONED-FAILURE TO RESPOND OR LATE RESPONSE,Dead/Abandoned,False,005,True
20,NEAR_1_SUBSTITUTION,1,85242216,,CATALYST,2011-02-15,602,catalyst,ABANDONED-FAILURE TO RESPOND OR LATE RESPONSE,Dead/Abandoned,False,036,False
20,NEAR_1_DELETION,1,85107591,,CATALYS,2010-08-13,606,catalys,ABANDONED - NO STATEMENT OF USE FILED,Dead/Abandoned,False,"037,041,042,044",True
20,NEAR_1_SUBSTITUTION,1,85105799,4061096,CATALYST,2010-08-12,710,catalyst,CANCELLED - SECTION 8,Dead/Cancelled,False,,False
20,NEAR_1_SUBSTITUTION,1,85083522,,CATALYST,2010-07-13,606,catalyst,ABANDONED - NO STATEMENT OF USE FILED,Dead/Abandoned,False,"035,042",True
20,NEAR_1_SUBSTITUTION,1,85046496,,CATALYST,2010-05-24,606,catalyst,ABANDONED - NO STATEMENT OF USE FILED,Dead/Abandoned,False,035,True
20,NEAR_1_SUBSTITUTION,1,77945311,,CATALYST,2010-02-25,605,catalyst,ABANDONED EXPRESS AFTER PUB,Dead/Abandoned,False,,False
20,NEAR_1_SUBSTITUTION,1,77615736,,CATALYST,2008-11-17,606,catalyst,ABANDONED - NO STATEMENT OF USE FILED,Dead/Abandoned,False,010,True
20,NEAR_1_SUBSTITUTION,1,77477655,3671649,CATALYST,2008-05-19,710,catalyst,CANCELLED - SECTION 8,Dead/Cancelled,False,,False
20,NEAR_1_SUBSTITUTION,1,77477659,3671651,CATALYST,2008-05-19,710,catalyst,CANCELLED - SECTION 8,Dead/Cancelled,False,,False
20,NEAR_1_SUBSTITUTION,1,77419556,3877320,CATALYST,2008-03-12,710,catalyst,CANCELLED - SECTION 8,Dead/Cancelled,False,,False
20,NEAR_1_SUBSTITUTION,1,77359588,,CATALYST,2007-12-26,602,catalyst,ABANDONED-FAILURE TO RESPOND OR LATE RESPONSE,Dead/Abandoned,False,036,False
20,NEAR_1_SUBSTITUTION,1,77347703,3541513,CATALYST,2007-12-10,710,catalyst,CANCELLED - SECTION 8,Dead/Cancelled,False,,False
20,NEAR_1_SUBSTITUTION,1,77322911,,CATALYST,2007-11-06,602,catalyst,ABANDONED-FAILURE TO RESPOND OR LATE RESPONSE,Dead/Abandoned,False,035,True
20,NEAR_1_SUBSTITUTION,1,77302837,,CATALYST,2007-10-12,602,catalyst,ABANDONED-FAILURE TO RESPOND OR LATE RESPONSE,Dead/Abandoned,False,003,True
20,NEAR_1_SUBSTITUTION,1,77254428,,CATALYST,2007-08-14,602,catalyst,ABANDONED-FAILURE TO RESPOND OR LATE RESPONSE,Dead/Abandoned,False,024,False
20,NEAR_1_SUBSTITUTION,1,77235712,3658680,CATALYST,2007-07-23,710,catalyst,CANCELLED - SECTION 8,Dead/Cancelled,False,,False
20,NEAR_1_SUBSTITUTION,1,77229433,3702115,CATALYST,2007-07-13,710,catalyst,CANCELLED - SECTION 8,Dead/Cancelled,False,,False
20,NEAR_1_SUBSTITUTION,1,77220580,,CATALYST,2007-07-02,602,catalyst,ABANDONED-FAILURE TO RESPOND OR LATE RESPONSE,Dead/Abandoned,False,044,True
20,NEAR_1_SUBSTITUTION,1,77206552,,CATALYST,2007-06-14,606,catalyst,ABANDONED - NO STATEMENT OF USE FILED,Dead/Abandoned,False,012,False
20,NEAR_1_SUBSTITUTION,1,77144180,4364931,CATALYST,2007-03-29,710,catalyst,CANCELLED - SECTION 8,Dead/Cancelled,False,,False
20,NEAR_1_SUBSTITUTION,1,77055231,3750172,CATALYST,2006-12-01,710,catalyst,CANCELLED - SECTION 8,Dead/Cancelled,False,,False
20,NEAR_1_SUBSTITUTION,1,77052346,3635733,CATALYST,2006-11-28,710,catalyst,CANCELLED - SECTION 8,Dead/Cancelled,False,,False
20,NEAR_1_SUBSTITUTION,1,77005302,3337892,CAT-ALYST,2006-09-22,710,catalyst,CANCELLED - SECTION 8,Dead/Cancelled,False,,False
20,NEAR_1_SUBSTITUTION,1,78917595,,CATALYST,2006-06-27,606,catalyst,ABANDONED - NO STATEMENT OF USE FILED,Dead/Abandoned,False,"009,016,041",False
20,NEAR_1_INSERTION,1,79026760,3344419,CATALYSIS,2006-06-19,404,catalysis,IR CANCELLED; US REGISTRATION CANCELLED,Dead/Cancelled,False,,False
20,NEAR_1_SUBSTITUTION,1,78904391,3290902,CATALYST,2006-06-08,710,catalyst,CANCELLED - SECTION 8,Dead/Cancelled,False,,False
20,NEAR_1_SUBSTITUTION,1,78882022,3309743,CATALYST,2006-05-12,710,catalyst,CANCELLED - SECTION 8,Dead/Cancelled,False,,False
20,NEAR_1_SUBSTITUTION,1,76659114,3358345,CATALYST,2006-04-26,710,catalyst,CANCELLED - SECTION 8,Dead/Cancelled,False,,False
20,NEAR_1_SUBSTITUTION,1,76659121,3358346,CATALYST,2006-04-26,710,catalyst,CANCELLED - SECTION 8,Dead/Cancelled,False,,False
20,NEAR_1_SUBSTITUTION,1,78844075,,CATALYST,2006-03-23,602,catalyst,ABANDONED-FAILURE TO RESPOND OR LATE RESPONSE,Dead/Abandoned,False,028,False
20,NEAR_1_SUBSTITUTION,1,78802766,3508682,CATALYST,2006-01-30,710,catalyst,CANCELLED - SECTION 8,Dead/Cancelled,False,,False
20,NEAR_1_SUBSTITUTION,1,78744693,,CATALYST,2005-11-01,602,catalyst,ABANDONED-FAILURE TO RESPOND OR LATE RESPONSE,Dead/Abandoned,False,"025,035",True
20,NEAR_1_SUBSTITUTION,1,78590143,3065912,CATALYST,2005-03-18,710,catalyst,CANCELLED - SECTION 8,Dead/Cancelled,False,,False
20,NEAR_1_SUBSTITUTION,1,78438419,,CATALYST,2004-06-21,602,catalyst,ABANDONED-FAILURE TO RESPOND OR LATE RESPONSE,Dead/Abandoned,False,009,False
20,NEAR_1_SUBSTITUTION,1,76588321,,CATALYST,2004-04-23,606,catalyst,ABANDONED - NO STATEMENT OF USE FILED,Dead/Abandoned,False,009,False
20,NEAR_1_SUBSTITUTION,1,76573118,2922436,CATALYST,2004-01-30,710,catalyst,CANCELLED - SECTION 8,Dead/Cancelled,False,,False
20,NEAR_1_SUBSTITUTION,1,78351747,2990554,CATALYST,2004-01-14,713,catalyst,CANCELLED - SECTION 18,Dead/Cancelled,False,,False
20,NEAR_1_SUBSTITUTION,1,78342975,3114923,CATALYST,2003-12-18,710,catalyst,CANCELLED - SECTION 8,Dead/Cancelled,False,,False
20,NEAR_1_SUBSTITUTION,1,78319695,,CATALYST,2003-10-28,602,catalyst,ABANDONED-FAILURE TO RESPOND OR LATE RESPONSE,Dead/Abandoned,False,"009,035,042",True
20,NEAR_1_SUBSTITUTION,1,78300237,3114867,CATALYST,2003-09-15,710,catalyst,CANCELLED - SECTION 8,Dead/Cancelled,False,,False
20,NEAR_1_SUBSTITUTION,1,78295770,2973699,CATALYST,2003-09-03,710,catalyst,CANCELLED - SECTION 8,Dead/Cancelled,False,,False
20,NEAR_1_SUBSTITUTION,1,76483140,,CATALYST,2003-01-17,606,catalyst,ABANDONED - NO STATEMENT OF USE FILED,Dead/Abandoned,False,010,True
20,NEAR_1_SUBSTITUTION,1,78188595,2771841,CATALYST,2002-11-25,710,catalyst,CANCELLED - SECTION 8,Dead/Cancelled,False,,False
20,NEAR_1_SUBSTITUTION,1,76460900,2750056,CATALYST,2002-10-22,710,catalyst,CANCELLED - SECTION 8,Dead/Cancelled,False,,False
20,NEAR_1_SUBSTITUTION,1,78168412,,CATALYST,2002-09-26,602,catalyst,ABANDONED-FAILURE TO RESPOND OR LATE RESPONSE,Dead/Abandoned,False,001,False
20,NEAR_1_SUBSTITUTION,1,76451447,,CATALYST,2002-09-20,602,catalyst,ABANDONED-FAILURE TO RESPOND OR LATE RESPONSE,Dead/Abandoned,False,011,False
20,NEAR_1_SUBSTITUTION,1,76408782,2848496,CATALYST,2002-05-16,710,catalyst,CANCELLED - SECTION 8,Dead/Cancelled,False,,False
20,NEAR_1_SUBSTITUTION,1,76406702,,CATALYST,2002-05-01,606,catalyst,ABANDONED - NO STATEMENT OF USE FILED,Dead/Abandoned,False,012,False
20,NEAR_1_SUBSTITUTION,1,78124970,2695885,CATALYST,2002-04-29,710,catalyst,CANCELLED - SECTION 8,Dead/Cancelled,False,,False
20,NEAR_1_SUBSTITUTION,1,76370152,2656468,CATALYST,2002-02-11,710,catalyst,CANCELLED - SECTION 8,Dead/Cancelled,False,,False
20,NEAR_1_INSERTION,1,76355164,,CATALYSIS,2001-09-28,606,catalysis,ABANDONED - NO STATEMENT OF USE FILED,Dead/Abandoned,False,016,False
20,NEAR_1_SUBSTITUTION,1,76297890,2900175,CATALYST,2001-08-10,710,catalyst,CANCELLED - SECTION 8,Dead/Cancelled,False,,False
20,NEAR_1_SUBSTITUTION,1,76297403,2690113,CATALYST,2001-08-09,710,catalyst,CANCELLED - SECTION 8,Dead/Cancelled,False,,False
20,NEAR_1_SUBSTITUTION,1,76256092,2633179,CATALYST,2001-05-10,710,catalyst,CANCELLED - SECTION 8,Dead/Cancelled,False,,False
20,NEAR_1_SUBSTITUTION,1,76143177,2490740,CATALYST,2000-10-10,710,catalyst,CANCELLED - SECTION 8,Dead/Cancelled,False,,False
20,NEAR_1_SUBSTITUTION,1,76124283,,CATALYST,2000-09-07,602,catalyst,ABANDONED-FAILURE TO RESPOND OR LATE RESPONSE,Dead/Abandoned,False,024,False
20,NEAR_1_SUBSTITUTION,1,76122581,,CATALYST,2000-09-05,602,catalyst,ABANDONED-FAILURE TO RESPOND OR LATE RESPONSE,Dead/Abandoned,False,042,False
20,NEAR_1_SUBSTITUTION,1,78019736,,CATALYST,2000-08-04,606,catalyst,ABANDONED - NO STATEMENT OF USE FILED,Dead/Abandoned,False,009,False
20,NEAR_1_DELETION,1,76030152,2484825,CATALYS,2000-04-20,710,catalys,CANCELLED - SECTION 8,Dead/Cancelled,False,,False
20,NEAR_1_SUBSTITUTION,1,76005531,,CATALYST,2000-03-16,606,catalyst,ABANDONED - NO STATEMENT OF USE FILED,Dead/Abandoned,False,"038,039",False
20,NEAR_1_SUBSTITUTION,1,75906267,,CATALYST,2000-01-31,606,catalyst,ABANDONED - NO STATEMENT OF USE FILED,Dead/Abandoned,False,010,True
20,NEAR_1_SUBSTITUTION,1,75874455,,CATALYST,1999-12-18,606,catalyst,ABANDONED - NO STATEMENT OF USE FILED,Dead/Abandoned,False,010,True
20,NEAR_1_SUBSTITUTION,1,75857951,,CATALYST,1999-11-24,602,catalyst,ABANDONED-FAILURE TO RESPOND OR LATE RESPONSE,Dead/Abandoned,False,009,False
20,NEAR_1_SUBSTITUTION,1,75846684,,CATALYST,1999-11-12,602,catalyst,ABANDONED-FAILURE TO RESPOND OR LATE RESPONSE,Dead/Abandoned,False,009,False
20,NEAR_1_DELETION,1,75820317,2475115,CATALYS,1999-11-01,710,catalys,CANCELLED - SECTION 8,Dead/Cancelled,False,,False
20,NEAR_1_DELETION,1,75818785,,CATALYS,1999-10-08,606,catalys,ABANDONED - NO STATEMENT OF USE FILED,Dead/Abandoned,False,003,True
20,NEAR_1_SUBSTITUTION,1,75801624,2541212,CATALYST,1999-09-17,710,catalyst,CANCELLED - SECTION 8,Dead/Cancelled,False,,False
20,NEAR_1_SUBSTITUTION,1,75676933,,CATALYST,1999-04-07,605,catalyst,ABANDONED EXPRESS AFTER PUB,Dead/Abandoned,False,"011,021",True
20,NEAR_1_SUBSTITUTION,1,75660028,,CATALYST,1999-03-15,602,catalyst,ABANDONED-FAILURE TO RESPOND OR LATE RESPONSE,Dead/Abandoned,False,031,False
20,NEAR_1_SUBSTITUTION,1,75654121,2378179,CATALYST,1999-03-05,710,catalyst,CANCELLED - SECTION 8,Dead/Cancelled,False,,False
20,NEAR_1_SUBSTITUTION,1,75624619,2423954,CATALYST,1999-01-20,710,catalyst,CANCELLED - SECTION 8,Dead/Cancelled,False,,False
20,NEAR_1_SUBSTITUTION,1,75586424,2436204,CATALYST,1998-11-11,710,catalyst,CANCELLED - SECTION 8,Dead/Cancelled,False,,False
20,NEAR_1_SUBSTITUTION,1,75584416,2302101,CATALYST,1998-11-06,710,catalyst,CANCELLED - SECTION 8,Dead/Cancelled,False,,False
20,NEAR_1_SUBSTITUTION,1,75490425,,CATALYST,1998-05-26,602,catalyst,ABANDONED-FAILURE TO RESPOND OR LATE RESPONSE,Dead/Abandoned,False,009,False
20,NEAR_1_INSERTION,1,75383726,2287089,CATALYSIS,1997-11-03,710,catalysis,CANCELLED - SECTION 8,Dead/Cancelled,False,,False
20,NEAR_1_INSERTION,1,75376089,,CATALYSIS,1997-10-20,602,catalysis,ABANDONED-FAILURE TO RESPOND OR LATE RESPONSE,Dead/Abandoned,False,,False
20,NEAR_1_INSERTION,1,75368484,2205595,CATALYSIS,1997-10-06,710,catalysis,CANCELLED - SECTION 8,Dead/Cancelled,False,,False
20,NEAR_1_SUBSTITUTION,1,75328738,2176885,CATALYST,1997-07-22,710,catalyst,CANCELLED - SECTION 8,Dead/Cancelled,False,,False
20,NEAR_1_SUBSTITUTION,1,75298864,,CATALYST,1997-05-27,606,catalyst,ABANDONED - NO STATEMENT OF USE FILED,Dead/Abandoned,False,,False
20,NEAR_1_SUBSTITUTION,1,75270156,,CATALYST,1997-04-07,602,catalyst,ABANDONED-FAILURE TO RESPOND OR LATE RESPONSE,Dead/Abandoned,False,,False
20,NEAR_1_SUBSTITUTION,1,75266750,2206540,CATALYST,1997-03-31,710,catalyst,CANCELLED - SECTION 8,Dead/Cancelled,False,,False
20,NEAR_1_SUBSTITUTION,1,75129174,,CATALYST,1996-07-02,606,catalyst,ABANDONED - NO STATEMENT OF USE FILED,Dead/Abandoned,False,"006,018,020,021,028",True
20,NEAR_1_SUBSTITUTION,1,75100898,,CATALYST,1996-05-08,606,catalyst,ABANDONED - NO STATEMENT OF USE FILED,Dead/Abandoned,False,,False
20,NEAR_1_SUBSTITUTION,1,75050252,2084899,CATALYST,1996-01-30,710,catalyst,CANCELLED - SECTION 8,Dead/Cancelled,False,,False
20,NEAR_1_SUBSTITUTION,1,75014167,2058357,CATALYST,1995-11-02,710,catalyst,CANCELLED - SECTION 8,Dead/Cancelled,False,,False
20,NEAR_1_SUBSTITUTION,1,74667488,2016476,CATALYST,1995-04-28,710,catalyst,CANCELLED - SECTION 8,Dead/Cancelled,False,,False
20,NEAR_1_SUBSTITUTION,1,74653593,1951555,CATALYST,1995-03-30,710,catalyst,CANCELLED - SECTION 8,Dead/Cancelled,False,,False
20,NEAR_1_SUBSTITUTION,1,74653594,2005268,CATALYST,1995-03-30,710,catalyst,CANCELLED - SECTION 8,Dead/Cancelled,False,,False
20,NEAR_1_SUBSTITUTION,1,74625141,2041129,CATALYST,1995-01-24,710,catalyst,CANCELLED - SECTION 8,Dead/Cancelled,False,,False
20,NEAR_1_SUBSTITUTION,1,74610605,2050179,CATALYST,1994-12-13,710,catalyst,CANCELLED - SECTION 8,Dead/Cancelled,False,,False
20,NEAR_1_SUBSTITUTION,1,74569441,,CATALYST,1994-09-02,604,catalyst,ABANDONED - AFTER INTER-PARTES DECISION,Dead/Abandoned,False,,False
20,NEAR_1_SUBSTITUTION,1,74538372,1987537,CATALYST,1994-06-16,710,catalyst,CANCELLED - SECTION 8,Dead/Cancelled,False,,False
20,NEAR_1_SUBSTITUTION,1,74535511,1958360,CATALYST,1994-06-09,710,catalyst,CANCELLED - SECTION 8,Dead/Cancelled,False,,False
20,NEAR_1_SUBSTITUTION,1,74504108,1896129,CATALYST,1994-03-23,710,catalyst,CANCELLED - SECTION 8,Dead/Cancelled,False,,False
20,NEAR_1_SUBSTITUTION,1,74485521,,CATALYST,1994-02-02,602,catalyst,ABANDONED-FAILURE TO RESPOND OR LATE RESPONSE,Dead/Abandoned,False,,False
20,NEAR_1_SUBSTITUTION,1,74476381,,CATALYST,1993-12-27,606,catalyst,ABANDONED - NO STATEMENT OF USE FILED,Dead/Abandoned,False,,False
20,NEAR_1_SUBSTITUTION,1,74467916,1918830,CATALYST,1993-12-08,710,catalyst,CANCELLED - SECTION 8,Dead/Cancelled,False,,False
20,NEAR_1_SUBSTITUTION,1,74459506,1862619,CATALYST,1993-11-18,710,catalyst,CANCELLED - SECTION 8,Dead/Cancelled,False,,False
20,NEAR_1_SUBSTITUTION,1,74407148,,CATALYST,1993-06-29,602,catalyst,ABANDONED-FAILURE TO RESPOND OR LATE RESPONSE,Dead/Abandoned,False,,False
20,NEAR_1_SUBSTITUTION,1,74406871,,CATALYST,1993-06-25,606,catalyst,ABANDONED - NO STATEMENT OF USE FILED,Dead/Abandoned,False,,False
20,NEAR_1_SUBSTITUTION,1,74393058,,CATALYST,1993-05-21,603,catalyst,ABANDONED - AFTER EX PARTE APPEAL,Dead/Abandoned,False,,False
20,NEAR_1_SUBSTITUTION,1,74386970,,CATALYST,1993-05-06,602,catalyst,ABANDONED-FAILURE TO RESPOND OR LATE RESPONSE,Dead/Abandoned,False,,False
20,NEAR_1_SUBSTITUTION,1,74344543,1832190,CATALYST,1992-12-30,710,catalyst,CANCELLED - SECTION 8,Dead/Cancelled,False,,False
20,NEAR_1_SUBSTITUTION,1,74344544,1896994,CATALYST,1992-12-30,710,catalyst,CANCELLED - SECTION 8,Dead/Cancelled,False,,False
20,NEAR_1_SUBSTITUTION,1,74344545,1823657,CATALYST,1992-12-30,710,catalyst,CANCELLED - SECTION 8,Dead/Cancelled,False,,False
20,NEAR_1_SUBSTITUTION,1,74315143,,CATALYST,1992-09-17,604,catalyst,ABANDONED - AFTER INTER-PARTES DECISION,Dead/Abandoned,False,016,False
20,NEAR_1_SUBSTITUTION,1,74315144,,CATALYST,1992-09-17,604,catalyst,ABANDONED - AFTER INTER-PARTES DECISION,Dead/Abandoned,False,009,False
20,NEAR_1_SUBSTITUTION,1,74309777,,CATALYST,1992-09-01,602,catalyst,ABANDONED-FAILURE TO RESPOND OR LATE RESPONSE,Dead/Abandoned,False,,False
20,NEAR_1_SUBSTITUTION,1,74216270,,CATALYST,1991-10-24,601,catalyst,ABANDONED - EXPRESS,Dead/Abandoned,False,,False
20,NEAR_1_DELETION,1,74186782,,CATALYS,1991-07-22,602,catalys,ABANDONED-FAILURE TO RESPOND OR LATE RESPONSE,Dead/Abandoned,False,,False
20,NEAR_1_SUBSTITUTION,1,74116341,,CATALYST,1990-11-19,602,catalyst,ABANDONED-FAILURE TO RESPOND OR LATE RESPONSE,Dead/Abandoned,False,,False
20,NEAR_1_SUBSTITUTION,1,74115460,,CATALYST,1990-11-15,606,catalyst,ABANDONED - NO STATEMENT OF USE FILED,Dead/Abandoned,False,,False
20,NEAR_1_SUBSTITUTION,1,74047460,1676608,CATALYST,1990-04-10,710,catalyst,CANCELLED - SECTION 8,Dead/Cancelled,False,,False
20,NEAR_1_SUBSTITUTION,1,74047468,1673749,CATALYST,1990-04-10,710,catalyst,CANCELLED - SECTION 8,Dead/Cancelled,False,,False
20,NEAR_1_SUBSTITUTION,1,74019934,,CATALYST,1990-01-17,602,catalyst,ABANDONED-FAILURE TO RESPOND OR LATE RESPONSE,Dead/Abandoned,False,,False
20,NEAR_1_SUBSTITUTION,1,74001877,,CATALYST,1989-11-16,614,catalyst,ABANDONED PETITION TO REVIVE-DENIED,Dead/Abandoned,False,,False
20,NEAR_1_SUBSTITUTION,1,73711492,1506285,CATALYST,1988-02-16,710,catalyst,CANCELLED - SECTION 8,Dead/Cancelled,False,,False
20,NEAR_1_SUBSTITUTION,1,73709054,1538182,CATALYST,1988-02-01,710,catalyst,CANCELLED - SECTION 8,Dead/Cancelled,False,,False
20,NEAR_1_SUBSTITUTION,1,73661297,1473495,CATALYST,1987-05-18,710,catalyst,CANCELLED - SECTION 8,Dead/Cancelled,False,,False
20,NEAR_1_SUBSTITUTION,1,73457618,1631090,CATALYST,1983-12-19,710,catalyst,CANCELLED - SECTION 8,Dead/Cancelled,False,,False
20,NEAR_1_SUBSTITUTION,1,73430534,1323647,CATALYST,1983-06-16,710,catalyst,CANCELLED - SECTION 8,Dead/Cancelled,False,,False
20,NEAR_1_SUBSTITUTION,1,73418131,1294486,CATALYST,1983-03-21,710,catalyst,CANCELLED - SECTION 8,Dead/Cancelled,False,,False
20,NEAR_1_SUBSTITUTION,1,73351018,1354996,CATALYST,1982-02-19,713,catalyst,CANCELLED - SECTION 18,Dead/Cancelled,False,,False
20,NEAR_1_SUBSTITUTION,1,73104892,1072593,CATALYST,1976-10-29,710,catalyst,CANCELLED - SECTION 8,Dead/Cancelled,False,,False
21,NEAR_1_SUBSTITUTION,1,99360668,,REACTIV8+,2025-08-27,688,reactiv8,NOTICE OF ALLOWANCE - ISSUED,Live/Pending,True,010,True
21,NEAR_1_DELETION,1,99191218,,REACTIV,2025-05-19,653,reactiv,SUSPENSION LETTER - MAILED,Live/Pending,True,025,False
21,NEAR_1_DELETION,1,99191230,7996888,REACTIV,2025-05-19,700,reactiv,REGISTERED,Live/Registered,True,025,False
21,NEAR_1_DELETION,1,99153822,,REACTIV,2025-04-24,686,reactiv,PUBLISHED FOR OPPOSITION,Live/Pending,True,009,False
21,NEAR_1_DELETION,1,98559880,8055561,REACTIV,2024-05-20,700,reactiv,REGISTERED,Live/Registered,True,013,False
21,NEAR_1_SUBSTITUTION,1,98312957,7780533,REACTIVE,2023-12-13,700,reactive,REGISTERED,Live/Registered,True,"025,028",False
21,NEAR_1_DELETION,1,90747705,8279168,REACTIV,2021-06-01,700,reactiv,REGISTERED,Live/Registered,True,"009,038,042",False
21,NEAR_1_SUBSTITUTION,1,90239377,8178482,REACTIV8,2020-10-07,700,reactiv8,REGISTERED,Live/Registered,True,"019,037,040",False
21,NEAR_1_SUBSTITUTION,1,88759769,7002865,REACTIVE,2020-01-15,700,reactive,REGISTERED,Live/Registered,True,"014,018,020,021,022",True
21,NEAR_1_SUBSTITUTION,1,88757347,6254729,REACTIVE,2020-01-13,700,reactive,REGISTERED,Live/Registered,True,010,True
21,NEAR_1_SUBSTITUTION,1,88718552,,REACTIV8,2019-12-06,654,reactiv8,REPORT COMPLETED SUSPENSION CHECK - CASE STILL SUSPENDED,Live/Pending,True,003,True
21,NEAR_1_DELETION,1,88691827,6074902,REACTIV,2019-11-13,700,reactiv,REGISTERED,Live/Registered,True,036,False
21,NEAR_1_DELETION,1,88507650,6004224,REACTIV,2019-07-10,700,reactiv,REGISTERED,Live/Registered,True,020,False
21,NEAR_1_DELETION,1,88292654,5796367,REACTIV,2019-02-07,701,reactiv,SECTION 8-ACCEPTED,Live/Registered,True,009,False
21,NEAR_1_DELETION,1,86701392,5033023,REACTIV,2015-07-22,702,reactiv,SECTION 8 & 15-ACCEPTED AND ACKNOWLEDGED,Live/Registered,True,020,False
21,NEAR_1_SUBSTITUTION,1,85855367,4645771,RÉACTIVE,2013-02-20,800,reactive,REGISTERED AND RENEWED,Live/Registered,True,003,True
21,NEAR_1_SUBSTITUTION,1,85757858,5156325,REACTIV8,2012-10-18,702,reactiv8,SECTION 8 & 15-ACCEPTED AND ACKNOWLEDGED,Live/Registered,True,010,True
21,NEAR_1_SUBSTITUTION,1,90349352,,REACTIVE,2020-11-30,602,reactive,ABANDONED-FAILURE TO RESPOND OR LATE RESPONSE,Dead/Abandoned,False,025,False
21,NEAR_1_DELETION,1,88786235,,REACTIV,2020-02-05,606,reactiv,ABANDONED - NO STATEMENT OF USE FILED,Dead/Abandoned,False,024,False
21,NEAR_1_DELETION,1,87299892,,REACTIV,2017-01-13,602,reactiv,ABANDONED-FAILURE TO RESPOND OR LATE RESPONSE,Dead/Abandoned,False,028,False
21,NEAR_1_SUBSTITUTION,1,86876980,,REACTIVE,2016-01-15,602,reactive,ABANDONED-FAILURE TO RESPOND OR LATE RESPONSE,Dead/Abandoned,False,025,False
21,NEAR_1_SUBSTITUTION,1,86824627,5089407,REACTIVR,2015-11-18,710,reactivr,CANCELLED - SECTION 8,Dead/Cancelled,False,,False
21,NEAR_1_SUBSTITUTION,1,79103539,4244000,REACTIVE,2011-05-06,404,reactive,IR CANCELLED; US REGISTRATION CANCELLED,Dead/Cancelled,False,,False
21,NEAR_1_DELETION,1,79105051,4130386,REACTIV,2011-03-17,404,reactiv,IR CANCELLED; US REGISTRATION CANCELLED,Dead/Cancelled,False,,False
21,NEAR_1_SUBSTITUTION,1,77611058,3635159,RE:ACTIVE,2008-11-10,710,reactive,CANCELLED - SECTION 8,Dead/Cancelled,False,,False
21,NEAR_1_SUBSTITUTION,1,77404387,3652116,REACTIVE,2008-02-22,710,reactive,CANCELLED - SECTION 8,Dead/Cancelled,False,,False
21,NEAR_1_INSERTION,1,76676591,3606359,CREACTIVA,2007-05-09,710,creactiva,CANCELLED - SECTION 8,Dead/Cancelled,False,,False
21,NEAR_1_SUBSTITUTION,1,77012281,3496381,REACTIVE,2006-10-03,710,reactive,CANCELLED - SECTION 8,Dead/Cancelled,False,,False
21,NEAR_1_DELETION,1,78929937,3486479,REACTIV,2006-07-14,710,reactiv,CANCELLED - SECTION 8,Dead/Cancelled,False,,False
21,NEAR_1_SUBSTITUTION,1,79033854,3307628,REACTIVE,2006-07-07,404,reactive,IR CANCELLED; US REGISTRATION CANCELLED,Dead/Cancelled,False,,False
21,NEAR_1_SUBSTITUTION,1,79015012,,REACTIVE,2005-05-17,402,reactive,IR CANCELLED; US APPLICATION ABANDONED,Dead/Abandoned,False,,False
21,NEAR_1_SUBSTITUTION,1,79003341,,REACTIVE,2004-06-18,404,reactive,IR CANCELLED; US REGISTRATION CANCELLED,Dead/Cancelled,False,025,False
21,NEAR_1_SUBSTITUTION,1,76196367,,RE>ACTIVE,2001-01-17,606,reactive,ABANDONED - NO STATEMENT OF USE FILED,Dead/Abandoned,False,009,False
21,NEAR_1_INSERTION,1,76194812,,REACTIVAR,2001-01-16,602,reactivar,ABANDONED-FAILURE TO RESPOND OR LATE RESPONSE,Dead/Abandoned,False,009,False
21,NEAR_1_DELETION,1,76115737,2947098,REACTIV,2000-08-24,710,reactiv,CANCELLED - SECTION 8,Dead/Cancelled,False,,False
21,NEAR_1_INSERTION,1,76104935,2539710,REACTIVAR,2000-08-07,710,reactivar,CANCELLED - SECTION 8,Dead/Cancelled,False,,False
21,NEAR_1_INSERTION,1,75572001,,REACTIVAR,1998-10-16,602,reactivar,ABANDONED-FAILURE TO RESPOND OR LATE RESPONSE,Dead/Abandoned,False,009,False
21,NEAR_1_SUBSTITUTION,1,75463604,2349328,REACTIVE,1998-04-07,710,reactive,CANCELLED - SECTION 8,Dead/Cancelled,False,,False
22,NEAR_1_SUBSTITUTION,1,98091984,7408547,REACTORE,2023-07-19,700,reactore,REGISTERED,Live/Registered,True,"009,042",False
22,NEAR_1_INSERTION,1,88812393,6895754,REFACTURE,2020-02-26,700,refacture,REGISTERED,Live/Registered,True,040,False
22,NEAR_1_SUBSTITUTION,1,78357151,,REALTURE,2004-01-25,601,realture,ABANDONED - EXPRESS,Dead/Abandoned,False,016,False
23,NEAR_1_DELETION,1,90544105,6695710,REGENCE,2021-02-24,700,regence,REGISTERED,Live/Registered,True,027,False
23,NEAR_1_DELETION,1,75191844,2209549,REGENCE,1996-11-04,800,regence,REGISTERED AND RENEWED,Live/Registered,True,035,True
23,NEAR_1_DELETION,1,75977771,2206267,REGENCE,1996-11-04,800,regence,REGISTERED AND RENEWED,Live/Registered,True,042,False
23,NEAR_1_SUBSTITUTION,1,86687968,,REALENCE,2015-07-09,602,realence,ABANDONED-FAILURE TO RESPOND OR LATE RESPONSE,Dead/Abandoned,False,042,False
23,NEAR_1_DELETION,1,85010719,,REGENCE,2010-04-09,602,regence,ABANDONED-FAILURE TO RESPOND OR LATE RESPONSE,Dead/Abandoned,False,014,False
23,NEAR_1_DELETION,1,75208221,2112385,REGENCE,1996-12-03,710,regence,CANCELLED - SECTION 8,Dead/Cancelled,False,,False
23,NEAR_1_DELETION,1,75191845,,REGENCE,1996-11-04,606,regence,ABANDONED - NO STATEMENT OF USE FILED,Dead/Abandoned,False,036,False
23,NEAR_1_DELETION,1,75192550,,REGENCE,1996-11-04,606,regence,ABANDONED - NO STATEMENT OF USE FILED,Dead/Abandoned,False,042,False
23,NEAR_1_DELETION,1,75977770,2204585,REGENCE,1996-11-04,710,regence,CANCELLED - SECTION 8,Dead/Cancelled,False,,False
23,NEAR_1_DELETION,1,74013785,,REGENCE,1989-12-26,602,regence,ABANDONED-FAILURE TO RESPOND OR LATE RESPONSE,Dead/Abandoned,False,,False
23,NEAR_1_DELETION,1,73242362,,REGENCE,1979-12-10,618,regence,ABANDONED FILE - BACKFILE,Dead/Abandoned,False,,False
23,NEAR_1_DELETION,1,72246081,0836312,REGENCE,1966-05-19,900,regence,EXPIRED,Dead/Expired,False,,False
23,NEAR_1_DELETION,1,71394931,0357410,REGENCE,1937-07-07,900,regence,EXPIRED,Dead/Expired,False,,False
23,NEAR_1_DELETION,1,73328161,,REGENCE,,602,regence,ABANDONED-FAILURE TO RESPOND OR LATE RESPONSE,Dead/Abandoned,False,,False
24,NEAR_1_SUBSTITUTION,1,99670357,,RE:AGENT,2026-02-25,661,reagent,RESPONSE AFTER NON-FINAL ACTION - ENTERED,Live/Pending,True,"009,042,045",False
24,NEAR_1_SUBSTITUTION,1,97187886,7356204,REAGENT,2021-12-23,700,reagent,REGISTERED,Live/Registered,True,042,False
24,NEAR_1_SUBSTITUTION,1,97175173,7356191,REAGENT,2021-12-16,700,reagent,REGISTERED,Live/Registered,True,042,False
24,NEAR_1_SUBSTITUTION,1,85374890,4332441,REAGENT,2011-07-19,710,reagent,CANCELLED - SECTION 8,Dead/Cancelled,False,,False
25,EXACT,0,97201984,6901123,ELEMENCE,2022-01-04,700,elemence,REGISTERED,Live/Registered,True,003,True
25,EXACT,0,88910156,,ELEMENCE,2020-05-11,602,elemence,ABANDONED-FAILURE TO RESPOND OR LATE RESPONSE,Dead/Abandoned,False,003,True
25,EXACT,0,85250626,,ELEMENCE,2011-02-24,602,elemence,ABANDONED-FAILURE TO RESPOND OR LATE RESPONSE,Dead/Abandoned,False,012,False
25,EXACT,0,75771943,2387609,ELEMENCE,1999-08-09,710,elemence,CANCELLED - SECTION 8,Dead/Cancelled,False,,False
25,NEAR_1_SUBSTITUTION,1,99556957,,ELEFENCE,2025-12-19,686,elefence,PUBLISHED FOR OPPOSITION,Live/Pending,True,037,False
25,NEAR_1_SUBSTITUTION,1,98526760,,ELEMENTÉ,2024-04-30,654,elemente,REPORT COMPLETED SUSPENSION CHECK - CASE STILL SUSPENDED,Live/Pending,True,"035,036,037",True
25,NEAR_1_SUBSTITUTION,1,88616301,6073354,ELEMENSE,2019-09-13,700,elemense,REGISTERED,Live/Registered,True,003,True
25,NEAR_1_SUBSTITUTION,1,87958850,6380666,ELEMENSE,2018-06-12,700,elemense,REGISTERED,Live/Registered,True,004,False
25,NEAR_1_SUBSTITUTION,1,87407088,5368474,ELEMENSE,2017-04-11,702,elemense,SECTION 8 & 15-ACCEPTED AND ACKNOWLEDGED,Live/Registered,True,021,True
25,NEAR_1_INSERTION,1,77497442,3670574,E ELEMENCE,2008-06-12,800,eelemence,REGISTERED AND RENEWED,Live/Registered,True,003,True
25,NEAR_1_SUBSTITUTION,1,77230229,3463771,ELEMENSE,2007-07-16,800,elemense,REGISTERED AND RENEWED,Live/Registered,True,003,True
25,NEAR_1_SUBSTITUTION,1,75589238,2759139,ELEMENTE,1998-11-16,800,elemente,REGISTERED AND RENEWED,Live/Registered,True,003,True
25,NEAR_1_TRANSPOSITION,1,90184475,,LEEMENCE,2020-09-16,610,leemence,TERMINATED AFTER SANCTIONS,Dead,False,,False
25,NEAR_1_SUBSTITUTION,1,88510161,,CLEMENCE,2019-07-11,602,clemence,ABANDONED-FAILURE TO RESPOND OR LATE RESPONSE,Dead/Abandoned,False,,False
25,NEAR_1_SUBSTITUTION,1,75807173,,ELEMENTE,1999-09-24,602,elemente,ABANDONED-FAILURE TO RESPOND OR LATE RESPONSE,Dead/Abandoned,False,003,True
25,NEAR_1_SUBSTITUTION,1,74233991,,ELEGENCE,1991-12-30,602,elegence,ABANDONED-FAILURE TO RESPOND OR LATE RESPONSE,Dead/Abandoned,False,,False
25,NEAR_1_SUBSTITUTION,1,74067524,1724540,CLEMENCE,1990-06-11,710,clemence,CANCELLED - SECTION 8,Dead/Cancelled,False,,False
26,EXACT,0,99086640,,ELEMYNT,2025-03-16,774,elemynt,OPPOSITION PENDING,Live/Pending,True,005,True
26,NEAR_1_SUBSTITUTION,1,99913816,,ELEMENT,2026-06-30,630,element,NEW APPLICATION - RECORD INITIALIZED NOT ASSIGNED TO EXAMINER,Live/Pending,True,021,True
26,NEAR_1_SUBSTITUTION,1,99867600,,ELEMENT,2026-06-05,630,element,NEW APPLICATION - RECORD INITIALIZED NOT ASSIGNED TO EXAMINER,Live/Pending,True,011,False
26,NEAR_1_SUBSTITUTION,1,99758138,,ELEMENT,2026-04-11,630,element,NEW APPLICATION - RECORD INITIALIZED NOT ASSIGNED TO EXAMINER,Live/Pending,True,009,False
26,NEAR_1_SUBSTITUTION,1,99727025,,ELEMENT,2026-03-26,681,element,PUBLICATION/ISSUE REVIEW COMPLETE,Live/Pending,True,009,False
26,NEAR_1_SUBSTITUTION,1,99650974,,ELEMENT,2026-02-12,681,element,PUBLICATION/ISSUE REVIEW COMPLETE,Live/Pending,True,009,False
26,NEAR_1_DELETION,1,79452230,,ELEMNT,2025-12-31,640,elemnt,NON-FINAL ACTION COUNTED - NOT MAILED,Live/Pending,True,"035,041,043",True
26,NEAR_1_SUBSTITUTION,1,99558325,,ELEMENT,2025-12-19,641,element,NON-FINAL ACTION - MAILED,Live/Pending,True,"035,041",True
26,NEAR_1_INSERTION,1,99513860,,ELEMYNTZ,2025-11-24,688,elemyntz,NOTICE OF ALLOWANCE - ISSUED,Live/Pending,True,035,True
26,NEAR_1_SUBSTITUTION,1,99431972,,ELEMENT,2025-10-07,688,element,NOTICE OF ALLOWANCE - ISSUED,Live/Pending,True,009,False
26,NEAR_1_SUBSTITUTION,1,99294433,,ELEMENT,2025-07-21,645,element,FINAL REFUSAL - MAILED,Live/Pending,True,028,False
26,NEAR_1_SUBSTITUTION,1,99237985,,ELEMENT,2025-06-17,688,element,NOTICE OF ALLOWANCE - ISSUED,Live/Pending,True,020,False
26,NEAR_1_SUBSTITUTION,1,99192972,,ELEMENT,2025-05-20,730,element,FIRST EXTENSION - GRANTED,Live/Pending,True,007,False
26,NEAR_1_SUBSTITUTION,1,79419854,8217410,ELEMENT,2025-02-27,700,element,REGISTERED,Live/Registered,True,"035,041,042,045",True
26,NEAR_1_SUBSTITUTION,1,98920936,,ELEMENT,2024-12-24,688,element,NOTICE OF ALLOWANCE - ISSUED,Live/Pending,True,"009,035,036,037,038,039,041,042,045",True
26,NEAR_1_SUBSTITUTION,1,98851113,,ELEMENT,2024-11-13,731,element,SECOND EXTENSION - GRANTED,Live/Pending,True,011,False
26,NEAR_1_SUBSTITUTION,1,98778006,,ELEMENT,2024-09-30,654,element,REPORT COMPLETED SUSPENSION CHECK - CASE STILL SUSPENDED,Live/Pending,True,009,False
26,NEAR_1_SUBSTITUTION,1,98778846,,ELEMENT,2024-09-30,654,element,REPORT COMPLETED SUSPENSION CHECK - CASE STILL SUSPENDED,Live/Pending,True,009,False
26,NEAR_1_SUBSTITUTION,1,98743244,8140566,ELEMENT,2024-09-10,700,element,REGISTERED,Live/Registered,True,"006,016,018,020,021,039,042",True
26,NEAR_1_SUBSTITUTION,1,98678753,,ELEMINT,2024-08-01,654,elemint,REPORT COMPLETED SUSPENSION CHECK - CASE STILL SUSPENDED,Live/Pending,True,042,False
26,NEAR_1_SUBSTITUTION,1,98373240,,ELEMENT,2024-01-24,654,element,REPORT COMPLETED SUSPENSION CHECK - CASE STILL SUSPENDED,Live/Pending,True,009,False
26,NEAR_1_SUBSTITUTION,1,98258321,7868962,ELEMENT,2023-11-07,700,element,REGISTERED,Live/Registered,True,016,False
26,NEAR_1_SUBSTITUTION,1,98191339,7494740,ELEMENT,2023-09-21,700,element,REGISTERED,Live/Registered,True,"025,028",False
26,NEAR_1_SUBSTITUTION,1,98171764,,ELEMENT,2023-09-08,732,element,THIRD EXTENSION - GRANTED,Live/Pending,True,009,False
26,NEAR_1_SUBSTITUTION,1,98101173,7539365,ELEMENT,2023-07-25,700,element,REGISTERED,Live/Registered,True,012,False
26,NEAR_1_SUBSTITUTION,1,98047397,7509761,ELEMENT,2023-06-16,700,element,REGISTERED,Live/Registered,True,010,True
26,NEAR_1_SUBSTITUTION,1,97876058,,ELEMENT,2023-04-06,733,element,FOURTH EXTENSION - GRANTED,Live/Pending,True,009,False
26,NEAR_1_SUBSTITUTION,1,97744676,7425044,ELEMENT,2023-01-06,700,element,REGISTERED,Live/Registered,True,036,False
26,NEAR_1_SUBSTITUTION,1,79362331,7483863,ELEMENT+,2022-12-19,700,element,REGISTERED,Live/Registered,True,"006,019",False
26,NEAR_1_SUBSTITUTION,1,97703339,,ELEMENT,2022-12-04,641,element,NON-FINAL ACTION - MAILED,Live/Pending,True,035,True
26,NEAR_1_SUBSTITUTION,1,97654767,7235665,ELEMENT,2022-10-31,700,element,REGISTERED,Live/Registered,True,023,False
26,NEAR_1_SUBSTITUTION,1,97978708,7531923,ELEMENT,2022-10-31,700,element,REGISTERED,Live/Registered,True,011,False
26,NEAR_1_SUBSTITUTION,1,97393894,7489576,ELEMENT,2022-05-03,700,element,REGISTERED,Live/Registered,True,011,False
26,NEAR_1_SUBSTITUTION,1,97354415,,ELEMINT,2022-04-08,654,elemint,REPORT COMPLETED SUSPENSION CHECK - CASE STILL SUSPENDED,Live/Pending,True,"009,035,036,041,042,045",True
26,NEAR_1_SUBSTITUTION,1,97310959,,ELEMENT,2022-03-14,748,element,STATEMENT OF USE - TO EXAMINER,Live/Pending,True,007,False
26,NEAR_1_SUBSTITUTION,1,97281599,7671949,ELEMENT,2022-02-23,700,element,REGISTERED,Live/Registered,True,005,True
26,NEAR_1_SUBSTITUTION,1,97263413,,ELEMENT,2022-02-11,733,element,FOURTH EXTENSION - GRANTED,Live/Pending,True,042,False
26,NEAR_1_SUBSTITUTION,1,97263419,,ELEMENT,2022-02-11,733,element,FOURTH EXTENSION - GRANTED,Live/Pending,True,"009,010",True
26,NEAR_1_SUBSTITUTION,1,97980038,7804314,ELEMENT,2022-02-11,700,element,REGISTERED,Live/Registered,True,009,False
26,NEAR_1_SUBSTITUTION,1,97119214,7116529,ELEMENT,2021-11-10,790,element,CANCELLATION PENDING,Live/Registered,True,040,False
26,NEAR_1_SUBSTITUTION,1,97089635,,ELEMENT,2021-10-23,734,element,FIFTH EXTENSION - GRANTED,Live/Pending,True,011,False
26,NEAR_1_SUBSTITUTION,1,97978876,7871110,ELEMENT,2021-10-23,700,element,REGISTERED,Live/Registered,True,011,False
26,NEAR_1_SUBSTITUTION,1,90870176,6827192,ELEMENT,2021-08-06,700,element,REGISTERED,Live/Registered,True,032,False
26,NEAR_1_SUBSTITUTION,1,90840882,6850021,ELEMINT,2021-07-21,700,elemint,REGISTERED,Live/Registered,True,"035,037",True
26,NEAR_1_SUBSTITUTION,1,90719635,6701056,ELEMENT,2021-05-18,700,element,REGISTERED,Live/Registered,True,010,True
26,NEAR_1_SUBSTITUTION,1,79305895,6829619,ELEMENT,2020-12-30,700,element,REGISTERED,Live/Registered,True,"009,038,042",False
26,NEAR_1_SUBSTITUTION,1,90352582,6732865,ELEMENT,2020-12-01,700,element,REGISTERED,Live/Registered,True,025,False
26,NEAR_1_SUBSTITUTION,1,90267269,6944002,ELEMENT,2020-10-20,700,element,REGISTERED,Live/Registered,True,031,False
26,NEAR_1_SUBSTITUTION,1,90254203,6702552,ELEMENT,2020-10-14,700,element,REGISTERED,Live/Registered,True,011,False
26,NEAR_1_SUBSTITUTION,1,90030697,7002894,ELEMENT,2020-07-01,700,element,REGISTERED,Live/Registered,True,042,False
26,NEAR_1_SUBSTITUTION,1,90013673,6523150,ELEMENT,2020-06-22,700,element,REGISTERED,Live/Registered,True,009,False
26,NEAR_1_SUBSTITUTION,1,90004454,,ELEMENT,2020-06-16,774,element,OPPOSITION PENDING,Live/Pending,True,009,False
26,NEAR_1_SUBSTITUTION,1,88681982,6358956,ELEMENT,2019-11-06,700,element,REGISTERED,Live/Registered,True,045,False
26,NEAR_1_SUBSTITUTION,1,88678701,6068836,ELEMENT,2019-11-04,700,element,REGISTERED,Live/Registered,True,"035,043",True
26,NEAR_1_SUBSTITUTION,1,79273832,6218924,E LEMENT,2019-10-14,700,element,REGISTERED,Live/Registered,True,027,False
26,NEAR_1_SUBSTITUTION,1,88299593,7031265,ELEMENT,2019-02-13,700,element,REGISTERED,Live/Registered,True,007,False
26,NEAR_1_SUBSTITUTION,1,88984287,6804626,ELEMENT,2019-02-13,700,element,REGISTERED,Live/Registered,True,007,False
26,NEAR_1_SUBSTITUTION,1,88977889,6098017,ELEMENT,2019-02-07,702,element,SECTION 8 & 15-ACCEPTED AND ACKNOWLEDGED,Live/Registered,True,011,False
26,NEAR_1_SUBSTITUTION,1,88984192,6775522,ELEMENT,2019-02-07,700,element,REGISTERED,Live/Registered,True,011,False
26,NEAR_1_SUBSTITUTION,1,88983380,6623381,ELEMENT,2019-01-26,700,element,REGISTERED,Live/Registered,True,009,False
26,NEAR_1_DELETION,1,88158764,7255326,ELEMNT,2018-10-17,700,elemnt,REGISTERED,Live/Registered,True,003,True
26,NEAR_1_SUBSTITUTION,1,88002585,5814864,ELEMENT,2018-06-15,701,element,SECTION 8-ACCEPTED,Live/Registered,True,009,False
26,NEAR_1_SUBSTITUTION,1,87718490,5758600,ELEMENT,2017-12-13,702,element,SECTION 8 & 15-ACCEPTED AND ACKNOWLEDGED,Live/Registered,True,038,False
26,NEAR_1_SUBSTITUTION,1,87718492,5758601,ELEMENT,2017-12-13,702,element,SECTION 8 & 15-ACCEPTED AND ACKNOWLEDGED,Live/Registered,True,041,False
26,NEAR_1_SUBSTITUTION,1,87718493,5758602,ELEMENT,2017-12-13,702,element,SECTION 8 & 15-ACCEPTED AND ACKNOWLEDGED,Live/Registered,True,042,False
26,NEAR_1_SUBSTITUTION,1,87984097,6713601,ELEMENT,2017-12-13,700,element,REGISTERED,Live/Registered,True,009,False
26,NEAR_1_SUBSTITUTION,1,87984143,6872948,ELEMENT,2017-12-13,700,element,REGISTERED,Live/Registered,True,009,False
26,NEAR_1_SUBSTITUTION,1,87615167,5760327,ELEMENT,2017-09-20,702,element,SECTION 8 & 15-ACCEPTED AND ACKNOWLEDGED,Live/Registered,True,043,False
26,NEAR_1_SUBSTITUTION,1,87417759,6098493,ELEMENT,2017-04-19,701,element,SECTION 8-ACCEPTED,Live/Registered,True,035,True
26,NEAR_1_SUBSTITUTION,1,87247052,6142111,ELEMENT,2016-11-23,700,element,REGISTERED,Live/Registered,True,009,False
26,NEAR_1_SUBSTITUTION,1,87976687,5434920,ELEMENT,2016-11-23,702,element,SECTION 8 & 15-ACCEPTED AND ACKNOWLEDGED,Live/Registered,True,009,False
26,NEAR_1_SUBSTITUTION,1,87979662,5687660,ELEMENT,2016-11-23,702,element,SECTION 8 & 15-ACCEPTED AND ACKNOWLEDGED,Live/Registered,True,009,False
26,NEAR_1_SUBSTITUTION,1,87244333,5450914,ELEMENT,2016-11-21,701,element,SECTION 8-ACCEPTED,Live/Registered,True,012,False
26,NEAR_1_SUBSTITUTION,1,87183155,6880204,ELEMENT,2016-09-26,700,element,REGISTERED,Live/Registered,True,009,False
26,NEAR_1_SUBSTITUTION,1,87001895,5086461,ELEMENT,2016-04-15,701,element,SECTION 8-ACCEPTED,Live/Registered,True,024,False
26,NEAR_1_SUBSTITUTION,1,86911341,5127133,ELEMENT,2016-02-17,702,element,SECTION 8 & 15-ACCEPTED AND ACKNOWLEDGED,Live/Registered,True,030,False
26,NEAR_1_SUBSTITUTION,1,86911343,5272084,ELEMENT,2016-02-17,702,element,SECTION 8 & 15-ACCEPTED AND ACKNOWLEDGED,Live/Registered,True,030,False
26,NEAR_1_SUBSTITUTION,1,86822566,5131307,ELEMENT,2015-11-17,702,element,SECTION 8 & 15-ACCEPTED AND ACKNOWLEDGED,Live/Registered,True,"035,036,039,045",True
26,NEAR_1_SUBSTITUTION,1,86822706,5131308,ELEMENT,2015-11-17,702,element,SECTION 8 & 15-ACCEPTED AND ACKNOWLEDGED,Live/Registered,True,"035,036,039,045",True
26,NEAR_1_SUBSTITUTION,1,86528690,4957036,ELEMENT,2015-02-09,800,element,REGISTERED AND RENEWED,Live/Registered,True,006,False
26,NEAR_1_SUBSTITUTION,1,76716604,4936943,ELEMENT,2014-07-07,800,element,REGISTERED AND RENEWED,Live/Registered,True,013,False
26,NEAR_1_SUBSTITUTION,1,85984059,4946577,ELEMENT,2013-05-29,800,element,REGISTERED AND RENEWED,Live/Registered,True,009,False
26,NEAR_1_SUBSTITUTION,1,85984337,5508753,ELEMENT,2013-05-29,702,element,SECTION 8 & 15-ACCEPTED AND ACKNOWLEDGED,Live/Registered,True,009,False
26,NEAR_1_SUBSTITUTION,1,85928780,4504384,ELEMENT,2013-05-10,800,element,REGISTERED AND RENEWED,Live/Registered,True,039,False
26,NEAR_1_SUBSTITUTION,1,85841533,4492393,ELEMENT,2013-02-05,800,element,REGISTERED AND RENEWED,Live/Registered,True,009,False
26,NEAR_1_SUBSTITUTION,1,85806438,4379695,ELEMENT,2012-12-19,800,element,REGISTERED AND RENEWED,Live/Registered,True,042,False
26,NEAR_1_SUBSTITUTION,1,85766056,5003614,ELEMENT,2012-10-29,702,element,SECTION 8 & 15-ACCEPTED AND ACKNOWLEDGED,Live/Registered,True,042,False
26,NEAR_1_SUBSTITUTION,1,85757755,4641712,ELEMENT,2012-10-18,800,element,REGISTERED AND RENEWED,Live/Registered,True,011,False
26,NEAR_1_SUBSTITUTION,1,85686032,4305051,ELEMENT,2012-07-25,800,element,REGISTERED AND RENEWED,Live/Registered,True,012,False
26,NEAR_1_SUBSTITUTION,1,85550421,4217453,ELEMENT,2012-02-23,800,element,REGISTERED AND RENEWED,Live/Registered,True,009,False
26,NEAR_1_SUBSTITUTION,1,85523665,4201924,ELEMENT,2012-01-24,800,element,REGISTERED AND RENEWED,Live/Registered,True,042,False
26,NEAR_1_SUBSTITUTION,1,85393474,4228727,ELEMENT,2011-08-09,800,element,REGISTERED AND RENEWED,Live/Registered,True,011,False
26,NEAR_1_SUBSTITUTION,1,85301969,4056468,ELEMENT,2011-04-22,800,element,REGISTERED AND RENEWED,Live/Registered,True,043,False
26,NEAR_1_SUBSTITUTION,1,85271469,4041837,ELEMENT,2011-03-19,800,element,REGISTERED AND RENEWED,Live/Registered,True,010,True
26,NEAR_1_SUBSTITUTION,1,85042992,4176179,ELEMENT,2010-05-19,800,element,REGISTERED AND RENEWED,Live/Registered,True,007,False
26,NEAR_1_SUBSTITUTION,1,77805302,3829502,ELEMENT,2009-08-14,800,element,REGISTERED AND RENEWED,Live/Registered,True,"029,030",False
26,NEAR_1_SUBSTITUTION,1,77982715,4080675,ELEMENT,2009-07-16,800,element,REGISTERED AND RENEWED,Live/Registered,True,017,False
26,NEAR_1_SUBSTITUTION,1,77750115,4293811,ELEMENT,2009-06-02,800,element,REGISTERED AND RENEWED,Live/Registered,True,009,False
26,NEAR_1_SUBSTITUTION,1,77631030,3755874,ELEMENT,2008-12-11,800,element,REGISTERED AND RENEWED,Live/Registered,True,019,False
26,NEAR_1_SUBSTITUTION,1,77334068,3467046,ELEMENT,2007-11-20,800,element,REGISTERED AND RENEWED,Live/Registered,True,009,False
26,NEAR_1_SUBSTITUTION,1,77271189,3517708,ELEMENT,2007-09-04,800,element,REGISTERED AND RENEWED,Live/Registered,True,010,True
26,NEAR_1_SUBSTITUTION,1,77213971,4130106,ELEMENT,2007-06-24,800,element,REGISTERED AND RENEWED,Live/Registered,True,041,False
26,NEAR_1_SUBSTITUTION,1,77211066,4158002,ELEMENT,2007-06-20,800,element,REGISTERED AND RENEWED,Live/Registered,True,009,False
26,NEAR_1_SUBSTITUTION,1,77169675,3460428,ELEMENT,2007-05-01,800,element,REGISTERED AND RENEWED,Live/Registered,True,011,False
26,NEAR_1_SUBSTITUTION,1,78968711,3455843,ELEMENT,2006-09-07,800,element,REGISTERED AND RENEWED,Live/Registered,True,005,True
26,NEAR_1_SUBSTITUTION,1,78933525,3490585,ELEMENT,2006-07-20,800,element,REGISTERED AND RENEWED,Live/Registered,True,020,False
26,NEAR_1_SUBSTITUTION,1,78904602,3304645,ELEMENT,2006-06-09,800,element,REGISTERED AND RENEWED,Live/Registered,True,009,False
26,NEAR_1_SUBSTITUTION,1,76644596,3785063,ELEMENT,2005-08-08,800,element,REGISTERED AND RENEWED,Live/Registered,True,008,False
26,NEAR_1_SUBSTITUTION,1,78655615,3730034,ELEMENT,2005-06-21,700,element,REGISTERED,Live/Registered,True,036,False
26,NEAR_1_SUBSTITUTION,1,76641130,3346567,ELEMENT,2005-06-20,800,element,REGISTERED AND RENEWED,Live/Registered,True,035,True
26,NEAR_1_SUBSTITUTION,1,78581433,3469336,ELEMENT,2005-03-07,800,element,REGISTERED AND RENEWED,Live/Registered,True,009,False
26,NEAR_1_SUBSTITUTION,1,76600053,3303104,ELEMENT,2004-07-01,800,element,REGISTERED AND RENEWED,Live/Registered,True,028,False
26,NEAR_1_SUBSTITUTION,1,78319372,3681448,ELEMENT,2003-10-28,800,element,REGISTERED AND RENEWED,Live/Registered,True,009,False
26,NEAR_1_SUBSTITUTION,1,78977938,3240773,ELEMENT,2003-10-28,800,element,REGISTERED AND RENEWED,Live/Registered,True,009,False
26,NEAR_1_SUBSTITUTION,1,76385442,2765385,ELEMENT,2002-03-19,800,element,REGISTERED AND RENEWED,Live/Registered,True,012,False
26,NEAR_1_SUBSTITUTION,1,76354476,3190386,ELEMENT,2001-10-18,800,element,REGISTERED AND RENEWED,Live/Registered,True,018,False
26,NEAR_1_SUBSTITUTION,1,76226805,3055790,ELEMENT,2001-03-12,800,element,REGISTERED AND RENEWED,Live/Registered,True,025,False
26,NEAR_1_SUBSTITUTION,1,75803029,2403911,ELEMENT,1999-09-17,800,element,REGISTERED AND RENEWED,Live/Registered,True,012,False
26,NEAR_1_SUBSTITUTION,1,99264388,,ELEMINT,2025-07-02,604,elemint,ABANDONED - AFTER INTER-PARTES DECISION,Dead/Abandoned,False,,False
26,NEAR_1_SUBSTITUTION,1,99134195,,ELEMENT,2025-04-12,602,element,ABANDONED-FAILURE TO RESPOND OR LATE RESPONSE,Dead/Abandoned,False,016,False
26,NEAR_1_SUBSTITUTION,1,98851117,,ELEMENT,2024-11-13,606,element,ABANDONED - NO STATEMENT OF USE FILED,Dead/Abandoned,False,021,True
26,NEAR_1_SUBSTITUTION,1,98760720,,ELEMENT,2024-09-20,602,element,ABANDONED-FAILURE TO RESPOND OR LATE RESPONSE,Dead/Abandoned,False,036,False
26,NEAR_1_SUBSTITUTION,1,98672272,,ELEMENT,2024-07-29,606,element,ABANDONED - NO STATEMENT OF USE FILED,Dead/Abandoned,False,036,False
26,NEAR_1_SUBSTITUTION,1,98524095,,ELEMENT,2024-04-29,604,element,ABANDONED - AFTER INTER-PARTES DECISION,Dead/Abandoned,False,,False
26,NEAR_1_DELETION,1,98359978,,ELEMNT,2024-01-16,602,elemnt,ABANDONED-FAILURE TO RESPOND OR LATE RESPONSE,Dead/Abandoned,False,005,True
26,NEAR_1_DELETION,1,98360001,,ELEMNT,2024-01-16,600,elemnt,ABANDONED - INCOMPLETE RESPONSE,Dead/Abandoned,False,005,True
26,NEAR_1_SUBSTITUTION,1,97807833,,ELEMENT,2023-02-23,601,element,ABANDONED - EXPRESS,Dead/Abandoned,False,"009,010",True
26,NEAR_1_SUBSTITUTION,1,97807281,,ELEMENT,2023-02-22,602,element,ABANDONED-FAILURE TO RESPOND OR LATE RESPONSE,Dead/Abandoned,False,025,False
26,NEAR_1_SUBSTITUTION,1,97654875,,ELEMENT,2022-10-31,606,element,ABANDONED - NO STATEMENT OF USE FILED,Dead/Abandoned,False,011,False
26,NEAR_1_SUBSTITUTION,1,97333048,,ELEMENT,2022-03-28,604,element,ABANDONED - AFTER INTER-PARTES DECISION,Dead/Abandoned,False,,False
26,NEAR_1_SUBSTITUTION,1,97318733,,ELEMENT,2022-03-18,600,element,ABANDONED - INCOMPLETE RESPONSE,Dead/Abandoned,False,"016,025",False
26,NEAR_1_SUBSTITUTION,1,97263424,,ELEMENT,2022-02-11,604,element,ABANDONED - AFTER INTER-PARTES DECISION,Dead/Abandoned,False,,False
26,NEAR_1_SUBSTITUTION,1,97260212,,ELEMENT,2022-02-09,606,element,ABANDONED - NO STATEMENT OF USE FILED,Dead/Abandoned,False,010,True
26,NEAR_1_SUBSTITUTION,1,97140568,,ELEMENT,2021-11-23,602,element,ABANDONED-FAILURE TO RESPOND OR LATE RESPONSE,Dead/Abandoned,False,009,False
26,NEAR_1_SUBSTITUTION,1,97104298,,ELEMENT,2021-11-02,601,element,ABANDONED - EXPRESS,Dead/Abandoned,False,036,False
26,NEAR_1_SUBSTITUTION,1,97089639,,ELEMENT,2021-10-24,606,element,ABANDONED - NO STATEMENT OF USE FILED,Dead/Abandoned,False,007,False
26,NEAR_1_SUBSTITUTION,1,97089634,,ELEMENT,2021-10-23,606,element,ABANDONED - NO STATEMENT OF USE FILED,Dead/Abandoned,False,021,True
26,NEAR_1_SUBSTITUTION,1,90900187,,ELEMENT,2021-08-24,602,element,ABANDONED-FAILURE TO RESPOND OR LATE RESPONSE,Dead/Abandoned,False,"038,042",False
26,NEAR_1_SUBSTITUTION,1,90786570,,/EL·E·MENT/,2021-06-21,606,element,ABANDONED - NO STATEMENT OF USE FILED,Dead/Abandoned,False,003,True
26,NEAR_1_SUBSTITUTION,1,90759966,,ELEMENT,2021-06-07,606,element,ABANDONED - NO STATEMENT OF USE FILED,Dead/Abandoned,False,007,False
26,NEAR_1_SUBSTITUTION,1,90453798,,ELEMENT,2021-01-07,602,element,ABANDONED-FAILURE TO RESPOND OR LATE RESPONSE,Dead/Abandoned,False,009,False
26,NEAR_1_SUBSTITUTION,1,90327308,,ELEMENT,2020-11-18,606,element,ABANDONED - NO STATEMENT OF USE FILED,Dead/Abandoned,False,"009,011,042",False
26,NEAR_1_SUBSTITUTION,1,90280777,,ELEMENT,2020-10-27,602,element,ABANDONED-FAILURE TO RESPOND OR LATE RESPONSE,Dead/Abandoned,False,003,True
26,NEAR_1_SUBSTITUTION,1,90092561,,ELEMENT,2020-08-04,602,element,ABANDONED-FAILURE TO RESPOND OR LATE RESPONSE,Dead/Abandoned,False,045,False
26,NEAR_1_SUBSTITUTION,1,90079238,,ELEMENT,2020-07-28,606,element,ABANDONED - NO STATEMENT OF USE FILED,Dead/Abandoned,False,009,False
26,NEAR_1_SUBSTITUTION,1,90075434,,ELEMENT,2020-07-27,602,element,ABANDONED-FAILURE TO RESPOND OR LATE RESPONSE,Dead/Abandoned,False,040,False
26,NEAR_1_SUBSTITUTION,1,90003176,,ELEMENT,2020-06-16,602,element,ABANDONED-FAILURE TO RESPOND OR LATE RESPONSE,Dead/Abandoned,False,002,False
26,NEAR_1_SUBSTITUTION,1,88766516,,ELEMENT,2020-01-20,602,element,ABANDONED-FAILURE TO RESPOND OR LATE RESPONSE,Dead/Abandoned,False,042,False
26,NEAR_1_SUBSTITUTION,1,88721096,,ELEMENT,2019-12-10,606,element,ABANDONED - NO STATEMENT OF USE FILED,Dead/Abandoned,False,"009,010",True
26,NEAR_1_SUBSTITUTION,1,88641820,,ELEMENT,2019-10-04,606,element,ABANDONED - NO STATEMENT OF USE FILED,Dead/Abandoned,False,028,False
26,NEAR_1_SUBSTITUTION,1,88484738,,ELEMENT,2019-06-22,602,element,ABANDONED-FAILURE TO RESPOND OR LATE RESPONSE,Dead/Abandoned,False,"010,011,025,030,031,035",True
26,NEAR_1_SUBSTITUTION,1,88456801,,ELEMENT,2019-06-03,602,element,ABANDONED-FAILURE TO RESPOND OR LATE RESPONSE,Dead/Abandoned,False,"035,036,042",True
26,NEAR_1_SUBSTITUTION,1,88397072,,ELEMENT,2019-04-22,606,element,ABANDONED - NO STATEMENT OF USE FILED,Dead/Abandoned,False,021,True
26,NEAR_1_SUBSTITUTION,1,88397099,,ELEMENT,2019-04-22,602,element,ABANDONED-FAILURE TO RESPOND OR LATE RESPONSE,Dead/Abandoned,False,011,False
26,NEAR_1_SUBSTITUTION,1,88348194,,ELEMENT,2019-03-20,602,element,ABANDONED-FAILURE TO RESPOND OR LATE RESPONSE,Dead/Abandoned,False,013,False
26,NEAR_1_SUBSTITUTION,1,88977887,,ELEMENT,2019-02-13,602,element,ABANDONED-FAILURE TO RESPOND OR LATE RESPONSE,Dead/Abandoned,False,007,False
26,NEAR_1_SUBSTITUTION,1,88292060,,ELEMENT,2019-02-07,606,element,ABANDONED - NO STATEMENT OF USE FILED,Dead/Abandoned,False,011,False
26,NEAR_1_SUBSTITUTION,1,88277729,,ELEMENT,2019-01-26,606,element,ABANDONED - NO STATEMENT OF USE FILED,Dead/Abandoned,False,009,False
26,NEAR_1_SUBSTITUTION,1,88277731,,ELEMENT,2019-01-26,606,element,ABANDONED - NO STATEMENT OF USE FILED,Dead/Abandoned,False,016,False
26,NEAR_1_SUBSTITUTION,1,88277733,,ELEMENT,2019-01-26,602,element,ABANDONED-FAILURE TO RESPOND OR LATE RESPONSE,Dead/Abandoned,False,020,False
26,NEAR_1_SUBSTITUTION,1,88273055,,ELEMENT,2019-01-23,601,element,ABANDONED - EXPRESS,Dead/Abandoned,False,012,False
26,NEAR_1_SUBSTITUTION,1,88244396,5933847,ELEMENT,2018-12-28,710,element,CANCELLED - SECTION 8,Dead/Cancelled,False,,False
26,NEAR_1_SUBSTITUTION,1,88209160,,ELEMENT,2018-11-28,602,element,ABANDONED-FAILURE TO RESPOND OR LATE RESPONSE,Dead/Abandoned,False,009,False
26,NEAR_1_SUBSTITUTION,1,87958269,,ELEMENT,2018-06-12,601,element,ABANDONED - EXPRESS,Dead/Abandoned,False,005,True
26,NEAR_1_SUBSTITUTION,1,87954314,,ELEMENT,2018-06-08,602,element,ABANDONED-FAILURE TO RESPOND OR LATE RESPONSE,Dead/Abandoned,False,014,False
26,NEAR_1_SUBSTITUTION,1,87950481,,ELEMENT,2018-06-06,606,element,ABANDONED - NO STATEMENT OF USE FILED,Dead/Abandoned,False,009,False
26,NEAR_1_SUBSTITUTION,1,87841051,,ELEMENT,2018-03-20,606,element,ABANDONED - NO STATEMENT OF USE FILED,Dead/Abandoned,False,028,False
26,NEAR_1_SUBSTITUTION,1,87775889,5555103,ELEMENT,2018-01-30,710,element,CANCELLED - SECTION 8,Dead/Cancelled,False,,False
26,NEAR_1_SUBSTITUTION,1,87756899,5605036,ELEMENT,2018-01-16,710,element,CANCELLED - SECTION 8,Dead/Cancelled,False,,False
26,NEAR_1_SUBSTITUTION,1,87718495,,ELEMENT,2017-12-13,606,element,ABANDONED - NO STATEMENT OF USE FILED,Dead/Abandoned,False,009,False
26,NEAR_1_SUBSTITUTION,1,87584851,,ELE.MENT,2017-08-25,604,element,ABANDONED - AFTER INTER-PARTES DECISION,Dead/Abandoned,False,,False
26,NEAR_1_SUBSTITUTION,1,87464877,,ELEMENT,2017-05-25,602,element,ABANDONED-FAILURE TO RESPOND OR LATE RESPONSE,Dead/Abandoned,False,042,False
26,NEAR_1_SUBSTITUTION,1,87402963,5334230,ELEMENT,2017-04-07,710,element,CANCELLED - SECTION 8,Dead/Cancelled,False,,False
26,NEAR_1_SUBSTITUTION,1,87313812,5536591,ELEMENT,2017-01-25,710,element,CANCELLED - SECTION 8,Dead/Cancelled,False,,False
26,NEAR_1_SUBSTITUTION,1,87313896,5536594,ELEMENT,2017-01-25,710,element,CANCELLED - SECTION 8,Dead/Cancelled,False,,False
26,NEAR_1_SUBSTITUTION,1,87240009,5227905,ELEMENT,2016-11-17,710,element,CANCELLED - SECTION 8,Dead/Cancelled,False,,False
26,NEAR_1_SUBSTITUTION,1,87054591,5816343,ELEMENT,2016-05-31,710,element,CANCELLED - SECTION 8,Dead/Cancelled,False,,False
26,NEAR_1_SUBSTITUTION,1,86959163,,ELEMENT,2016-03-31,606,element,ABANDONED - NO STATEMENT OF USE FILED,Dead/Abandoned,False,"009,010",True
26,NEAR_1_SUBSTITUTION,1,86902950,,ELEMENT,2016-02-10,602,element,ABANDONED-FAILURE TO RESPOND OR LATE RESPONSE,Dead/Abandoned,False,014,False
26,NEAR_1_SUBSTITUTION,1,86896984,,ELEMENT,2016-02-04,602,element,ABANDONED-FAILURE TO RESPOND OR LATE RESPONSE,Dead/Abandoned,False,009,False
26,NEAR_1_SUBSTITUTION,1,86757999,,ELEMENT,2015-09-16,601,element,ABANDONED - EXPRESS,Dead/Abandoned,False,"013,025",False
26,NEAR_1_SUBSTITUTION,1,86728207,5220735,ELEMENT,2015-08-18,713,element,CANCELLED - SECTION 18,Dead/Cancelled,False,,False
26,NEAR_1_SUBSTITUTION,1,86702969,,ELEMENT,2015-07-23,602,element,ABANDONED-FAILURE TO RESPOND OR LATE RESPONSE,Dead/Abandoned,False,042,False
26,NEAR_1_SUBSTITUTION,1,86671875,4929174,ELEMENT,2015-06-23,710,element,CANCELLED - SECTION 8,Dead/Cancelled,False,,False
26,NEAR_1_SUBSTITUTION,1,86597432,4855592,ELEMENT,2015-04-14,710,element,CANCELLED - SECTION 8,Dead/Cancelled,False,,False
26,NEAR_1_SUBSTITUTION,1,86459670,,ELEMENT,2014-11-20,606,element,ABANDONED - NO STATEMENT OF USE FILED,Dead/Abandoned,False,033,False
26,NEAR_1_SUBSTITUTION,1,86408267,,ELEMENT,2014-09-29,602,element,ABANDONED-FAILURE TO RESPOND OR LATE RESPONSE,Dead/Abandoned,False,030,False
26,NEAR_1_SUBSTITUTION,1,86352614,,ELEMENT,2014-07-30,606,element,ABANDONED - NO STATEMENT OF USE FILED,Dead/Abandoned,False,022,False
26,NEAR_1_SUBSTITUTION,1,86348139,,ELEMENT,2014-07-25,606,element,ABANDONED - NO STATEMENT OF USE FILED,Dead/Abandoned,False,005,True
26,NEAR_1_SUBSTITUTION,1,86346600,,ELEMENT,2014-07-24,602,element,ABANDONED-FAILURE TO RESPOND OR LATE RESPONSE,Dead/Abandoned,False,011,False
26,NEAR_1_SUBSTITUTION,1,86308651,,ELEMENT,2014-06-13,602,element,ABANDONED-FAILURE TO RESPOND OR LATE RESPONSE,Dead/Abandoned,False,009,False
26,NEAR_1_SUBSTITUTION,1,86193511,,ELEMENT,2014-02-13,604,element,ABANDONED - AFTER INTER-PARTES DECISION,Dead/Abandoned,False,,False
26,NEAR_1_SUBSTITUTION,1,86078958,,ELEMENT,2013-09-30,602,element,ABANDONED-FAILURE TO RESPOND OR LATE RESPONSE,Dead/Abandoned,False,009,False
26,NEAR_1_SUBSTITUTION,1,86018341,,ELEMENT,2013-07-24,602,element,ABANDONED-FAILURE TO RESPOND OR LATE RESPONSE,Dead/Abandoned,False,009,False
26,NEAR_1_SUBSTITUTION,1,85944955,5921141,ELEMENT,2013-05-29,710,element,CANCELLED - SECTION 8,Dead/Cancelled,False,,False
26,NEAR_1_SUBSTITUTION,1,85944963,5607295,ELEMENT,2013-05-29,710,element,CANCELLED - SECTION 8,Dead/Cancelled,False,,False
26,NEAR_1_SUBSTITUTION,1,85983400,,ELEMENT,2013-05-29,606,element,ABANDONED - NO STATEMENT OF USE FILED,Dead/Abandoned,False,011,False
26,NEAR_1_SUBSTITUTION,1,85935866,4462073,ELEMENT,2013-05-17,710,element,CANCELLED - SECTION 8,Dead/Cancelled,False,,False
26,NEAR_1_SUBSTITUTION,1,85859521,,ELEMENT,2013-02-25,602,element,ABANDONED-FAILURE TO RESPOND OR LATE RESPONSE,Dead/Abandoned,False,003,True
26,NEAR_1_SUBSTITUTION,1,85835710,,ELEMENT,2013-01-29,604,element,ABANDONED - AFTER INTER-PARTES DECISION,Dead/Abandoned,False,,False
26,NEAR_1_SUBSTITUTION,1,85777553,,ELEMENT,2012-11-12,606,element,ABANDONED - NO STATEMENT OF USE FILED,Dead/Abandoned,False,028,False
26,NEAR_1_SUBSTITUTION,1,85766043,5003613,ELEMENT,2012-10-29,710,element,CANCELLED - SECTION 8,Dead/Cancelled,False,,False
26,NEAR_1_SUBSTITUTION,1,85766053,5237310,ELEMENT,2012-10-29,710,element,CANCELLED - SECTION 8,Dead/Cancelled,False,,False
26,NEAR_1_SUBSTITUTION,1,85766059,5237311,ELEMENT,2012-10-29,710,element,CANCELLED - SECTION 8,Dead/Cancelled,False,,False
26,NEAR_1_SUBSTITUTION,1,85751690,,ELEMENT,2012-10-11,601,element,ABANDONED - EXPRESS,Dead/Abandoned,False,034,False
26,NEAR_1_SUBSTITUTION,1,85670476,,ELEMENT,2012-07-06,602,element,ABANDONED-FAILURE TO RESPOND OR LATE RESPONSE,Dead/Abandoned,False,010,True
26,NEAR_1_SUBSTITUTION,1,85670483,,ELEMENT,2012-07-06,602,element,ABANDONED-FAILURE TO RESPOND OR LATE RESPONSE,Dead/Abandoned,False,010,True
26,NEAR_1_SUBSTITUTION,1,85621992,4522545,ELEMENT,2012-05-10,710,element,CANCELLED - SECTION 8,Dead/Cancelled,False,,False
26,NEAR_1_SUBSTITUTION,1,85618125,4294937,ELEMENT,2012-05-07,711,element,CANCELLED - SECTION 7,Dead/Cancelled,False,,False
26,NEAR_1_SUBSTITUTION,1,85492131,4689008,ELEMENT,2011-12-09,710,element,CANCELLED - SECTION 8,Dead/Cancelled,False,,False
26,NEAR_1_SUBSTITUTION,1,85438655,4149973,ELEMENT,2011-10-04,710,element,CANCELLED - SECTION 8,Dead/Cancelled,False,,False
26,NEAR_1_SUBSTITUTION,1,85418338,,ELEMENT,2011-09-09,601,element,ABANDONED - EXPRESS,Dead/Abandoned,False,035,True
26,NEAR_1_SUBSTITUTION,1,76707733,4085497,ELEMENT,2011-05-24,710,element,CANCELLED - SECTION 8,Dead/Cancelled,False,,False
26,NEAR_1_SUBSTITUTION,1,85272184,,ELEMENT,2011-03-21,602,element,ABANDONED-FAILURE TO RESPOND OR LATE RESPONSE,Dead/Abandoned,False,032,False
26,NEAR_1_SUBSTITUTION,1,85271425,,ELEMENT,2011-03-19,602,element,ABANDONED-FAILURE TO RESPOND OR LATE RESPONSE,Dead/Abandoned,False,032,False
26,NEAR_1_SUBSTITUTION,1,85146629,,ELEMENT,2010-10-06,605,element,ABANDONED EXPRESS AFTER PUB,Dead/Abandoned,False,,False
26,NEAR_1_SUBSTITUTION,1,85120357,,ELEMENT,2010-08-31,602,element,ABANDONED-FAILURE TO RESPOND OR LATE RESPONSE,Dead/Abandoned,False,009,False
26,NEAR_1_SUBSTITUTION,1,85009081,,ELEMENT,2010-04-08,601,element,ABANDONED - EXPRESS,Dead/Abandoned,False,034,False
26,NEAR_1_SUBSTITUTION,1,77944050,,ELEMENT,2010-02-24,602,element,ABANDONED-FAILURE TO RESPOND OR LATE RESPONSE,Dead/Abandoned,False,020,False
26,NEAR_1_SUBSTITUTION,1,79079154,3828580,ELEMENT,2009-12-21,404,element,IR CANCELLED; US REGISTRATION CANCELLED,Dead/Cancelled,False,,False
26,NEAR_1_SUBSTITUTION,1,77889274,3837178,ELEMENT,2009-12-09,710,element,CANCELLED - SECTION 8,Dead/Cancelled,False,,False
26,NEAR_1_SUBSTITUTION,1,77869721,4372801,ELEMENT,2009-11-10,710,element,CANCELLED - SECTION 8,Dead/Cancelled,False,,False
26,NEAR_1_SUBSTITUTION,1,77806730,,ELEMENT,2009-08-18,606,element,ABANDONED - NO STATEMENT OF USE FILED,Dead/Abandoned,False,017,False
26,NEAR_1_SUBSTITUTION,1,77782990,,ELEMENT,2009-07-16,606,element,ABANDONED - NO STATEMENT OF USE FILED,Dead/Abandoned,False,"006,021",True
26,NEAR_1_SUBSTITUTION,1,77716045,4154417,ELEMENT,2009-04-17,710,element,CANCELLED - SECTION 8,Dead/Cancelled,False,,False
26,NEAR_1_SUBSTITUTION,1,77669489,,ELEMENT,2009-02-12,602,element,ABANDONED-FAILURE TO RESPOND OR LATE RESPONSE,Dead/Abandoned,False,009,False
26,NEAR_1_SUBSTITUTION,1,77618323,,ELEMENT,2008-11-20,601,element,ABANDONED - EXPRESS,Dead/Abandoned,False,009,False
26,NEAR_1_SUBSTITUTION,1,77593697,,ELEMENT,2008-10-15,606,element,ABANDONED - NO STATEMENT OF USE FILED,Dead/Abandoned,False,009,False
26,NEAR_1_SUBSTITUTION,1,77593700,,ELEMENT,2008-10-15,602,element,ABANDONED-FAILURE TO RESPOND OR LATE RESPONSE,Dead/Abandoned,False,028,False
26,NEAR_1_SUBSTITUTION,1,77593705,,ELEMENT,2008-10-15,602,element,ABANDONED-FAILURE TO RESPOND OR LATE RESPONSE,Dead/Abandoned,False,041,False
26,NEAR_1_SUBSTITUTION,1,77518537,3575908,ELEMENT,2008-07-09,710,element,CANCELLED - SECTION 8,Dead/Cancelled,False,,False
26,NEAR_1_SUBSTITUTION,1,79058761,,ELEMENT,2008-07-08,402,element,IR CANCELLED; US APPLICATION ABANDONED,Dead/Abandoned,False,,False
26,NEAR_1_SUBSTITUTION,1,77458227,,ELEMENT,2008-04-25,602,element,ABANDONED-FAILURE TO RESPOND OR LATE RESPONSE,Dead/Abandoned,False,009,False
26,NEAR_1_SUBSTITUTION,1,77455783,3673993,ELEMENT,2008-04-23,710,element,CANCELLED - SECTION 8,Dead/Cancelled,False,,False
26,NEAR_1_SUBSTITUTION,1,77450639,3536832,ELEMENT,2008-04-17,710,element,CANCELLED - SECTION 8,Dead/Cancelled,False,,False
26,NEAR_1_SUBSTITUTION,1,77412528,3523741,ELEMENT,2008-03-04,710,element,CANCELLED - SECTION 8,Dead/Cancelled,False,,False
26,NEAR_1_SUBSTITUTION,1,77384107,4035284,ELEMENT,2008-01-30,710,element,CANCELLED - SECTION 8,Dead/Cancelled,False,,False
26,NEAR_1_SUBSTITUTION,1,77340365,,ELEMENT,2007-11-29,602,element,ABANDONED-FAILURE TO RESPOND OR LATE RESPONSE,Dead/Abandoned,False,011,False
26,NEAR_1_SUBSTITUTION,1,77293276,,ELEMENT,2007-10-01,601,element,ABANDONED - EXPRESS,Dead/Abandoned,False,038,False
26,NEAR_1_SUBSTITUTION,1,77208862,,ELEMENT,2007-06-18,602,element,ABANDONED-FAILURE TO RESPOND OR LATE RESPONSE,Dead/Abandoned,False,"005,029,030",True
26,NEAR_1_SUBSTITUTION,1,76675654,,ELEMENT,2007-04-18,606,element,ABANDONED - NO STATEMENT OF USE FILED,Dead/Abandoned,False,027,False
26,NEAR_1_SUBSTITUTION,1,78971936,,ELEMENT,2006-09-11,606,element,ABANDONED - NO STATEMENT OF USE FILED,Dead/Abandoned,False,043,False
26,NEAR_1_SUBSTITUTION,1,78953947,,ELEMENT,2006-08-16,601,element,ABANDONED - EXPRESS,Dead/Abandoned,False,009,False
26,NEAR_1_SUBSTITUTION,1,78868062,3591273,ELEMENT,2006-04-24,710,element,CANCELLED - SECTION 8,Dead/Cancelled,False,,False
26,NEAR_1_SUBSTITUTION,1,78852899,3357712,ELEMENT,2006-04-03,710,element,CANCELLED - SECTION 8,Dead/Cancelled,False,,False
26,NEAR_1_SUBSTITUTION,1,78793177,3174145,ELEMENT,2006-01-17,710,element,CANCELLED - SECTION 8,Dead/Cancelled,False,,False
26,NEAR_1_SUBSTITUTION,1,78791517,,ELEMENT,2006-01-13,606,element,ABANDONED - NO STATEMENT OF USE FILED,Dead/Abandoned,False,009,False
26,NEAR_1_SUBSTITUTION,1,78779080,,ELEMENT,2005-12-22,606,element,ABANDONED - NO STATEMENT OF USE FILED,Dead/Abandoned,False,"005,010",True
26,NEAR_1_SUBSTITUTION,1,78770145,,ELEMENT,2005-12-09,606,element,ABANDONED - NO STATEMENT OF USE FILED,Dead/Abandoned,False,"005,010",True
26,NEAR_1_SUBSTITUTION,1,78748434,,ELEMENT,2005-11-07,602,element,ABANDONED-FAILURE TO RESPOND OR LATE RESPONSE,Dead/Abandoned,False,009,False
26,NEAR_1_SUBSTITUTION,1,78714113,3175587,ELEMENT,2005-09-15,710,element,CANCELLED - SECTION 8,Dead/Cancelled,False,,False
26,NEAR_1_SUBSTITUTION,1,78695866,,ELEMENT,2005-08-18,602,element,ABANDONED-FAILURE TO RESPOND OR LATE RESPONSE,Dead/Abandoned,False,041,False
26,NEAR_1_SUBSTITUTION,1,78689400,,ELEMENT,2005-08-10,604,element,ABANDONED - AFTER INTER-PARTES DECISION,Dead/Abandoned,False,,False
26,NEAR_1_SUBSTITUTION,1,78677900,,ELEMENT,2005-07-25,606,element,ABANDONED - NO STATEMENT OF USE FILED,Dead/Abandoned,False,009,False
26,NEAR_1_SUBSTITUTION,1,78496428,,ELEMENT,2004-10-07,602,element,ABANDONED-FAILURE TO RESPOND OR LATE RESPONSE,Dead/Abandoned,False,011,False
26,NEAR_1_SUBSTITUTION,1,78422476,,ELEMENT,2004-05-20,602,element,ABANDONED-FAILURE TO RESPOND OR LATE RESPONSE,Dead/Abandoned,False,009,False
26,NEAR_1_SUBSTITUTION,1,78408607,,ELEMENT,2004-04-27,606,element,ABANDONED - NO STATEMENT OF USE FILED,Dead/Abandoned,False,005,True
26,NEAR_1_SUBSTITUTION,1,76552765,,ELEMINT,2003-10-01,602,elemint,ABANDONED-FAILURE TO RESPOND OR LATE RESPONSE,Dead/Abandoned,False,030,False
26,NEAR_1_SUBSTITUTION,1,78303884,,ELEMENT,2003-09-22,602,element,ABANDONED-FAILURE TO RESPOND OR LATE RESPONSE,Dead/Abandoned,False,041,False
26,NEAR_1_SUBSTITUTION,1,78278053,,ELEMENT,2003-07-23,602,element,ABANDONED-FAILURE TO RESPOND OR LATE RESPONSE,Dead/Abandoned,False,041,False
26,NEAR_1_SUBSTITUTION,1,78238646,,ELEMENT,2003-04-17,602,element,ABANDONED-FAILURE TO RESPOND OR LATE RESPONSE,Dead/Abandoned,False,028,False
26,NEAR_1_SUBSTITUTION,1,76503381,,ELEMENT,2003-04-02,602,element,ABANDONED-FAILURE TO RESPOND OR LATE RESPONSE,Dead/Abandoned,False,021,True
26,NEAR_1_SUBSTITUTION,1,76440941,,ELEMENT,2002-08-16,602,element,ABANDONED-FAILURE TO RESPOND OR LATE RESPONSE,Dead/Abandoned,False,043,False
26,NEAR_1_SUBSTITUTION,1,76365178,2976845,ELEMENT,2002-01-30,713,element,CANCELLED - SECTION 18,Dead/Cancelled,False,,False
26,NEAR_1_SUBSTITUTION,1,76290732,,ELEMENT,2001-07-26,602,element,ABANDONED-FAILURE TO RESPOND OR LATE RESPONSE,Dead/Abandoned,False,033,False
26,NEAR_1_SUBSTITUTION,1,78042436,2786208,ELEMENT,2001-01-09,710,element,CANCELLED - SECTION 8,Dead/Cancelled,False,,False
26,NEAR_1_SUBSTITUTION,1,76184577,,ELEMENT,2000-12-21,602,element,ABANDONED-FAILURE TO RESPOND OR LATE RESPONSE,Dead/Abandoned,False,028,False
26,NEAR_1_SUBSTITUTION,1,78015917,,ELEMENT,2000-07-08,606,element,ABANDONED - NO STATEMENT OF USE FILED,Dead/Abandoned,False,042,False
26,NEAR_1_SUBSTITUTION,1,75860473,,ELEMENT,1999-12-15,602,element,ABANDONED-FAILURE TO RESPOND OR LATE RESPONSE,Dead/Abandoned,False,012,False
26,NEAR_1_SUBSTITUTION,1,75799801,2372889,ELEMENT,1999-09-15,710,element,CANCELLED - SECTION 8,Dead/Cancelled,False,,False
26,NEAR_1_SUBSTITUTION,1,75800692,2541209,ELEMENT,1999-09-15,710,element,CANCELLED - SECTION 8,Dead/Cancelled,False,,False
26,NEAR_1_SUBSTITUTION,1,75736588,2641494,ELEMENT,1999-06-24,710,element,CANCELLED - SECTION 8,Dead/Cancelled,False,,False
26,NEAR_1_SUBSTITUTION,1,75656428,,ELEMENT,1999-03-09,602,element,ABANDONED-FAILURE TO RESPOND OR LATE RESPONSE,Dead/Abandoned,False,016,False
26,NEAR_1_SUBSTITUTION,1,75544302,2493028,ELEMENT,1998-08-28,713,element,CANCELLED - SECTION 18,Dead/Cancelled,False,,False
26,NEAR_1_SUBSTITUTION,1,75544303,,ELEMENT,1998-08-28,602,element,ABANDONED-FAILURE TO RESPOND OR LATE RESPONSE,Dead/Abandoned,False,011,False
26,NEAR_1_SUBSTITUTION,1,75513802,,ELEMENT,1998-07-01,602,element,ABANDONED-FAILURE TO RESPOND OR LATE RESPONSE,Dead/Abandoned,False,,False
26,NEAR_1_SUBSTITUTION,1,74723614,2004252,ELEMENT,1995-08-31,710,element,CANCELLED - SECTION 8,Dead/Cancelled,False,,False
26,NEAR_1_SUBSTITUTION,1,74705311,,ELEMENT,1995-07-24,601,element,ABANDONED - EXPRESS,Dead/Abandoned,False,,False
26,NEAR_1_SUBSTITUTION,1,74409623,1833738,ELEMENT,1993-07-06,710,element,CANCELLED - SECTION 8,Dead/Cancelled,False,,False
26,NEAR_1_SUBSTITUTION,1,74178958,,ELEMENT,1991-06-24,602,element,ABANDONED-FAILURE TO RESPOND OR LATE RESPONSE,Dead/Abandoned,False,,False
26,NEAR_1_SUBSTITUTION,1,73820695,,ELEMENT,1989-08-03,602,element,ABANDONED-FAILURE TO RESPOND OR LATE RESPONSE,Dead/Abandoned,False,,False
27,NEAR_1_SUBSTITUTION,1,99913816,,ELEMENT,2026-06-30,630,element,NEW APPLICATION - RECORD INITIALIZED NOT ASSIGNED TO EXAMINER,Live/Pending,True,021,True
27,NEAR_1_SUBSTITUTION,1,99867600,,ELEMENT,2026-06-05,630,element,NEW APPLICATION - RECORD INITIALIZED NOT ASSIGNED TO EXAMINER,Live/Pending,True,011,False
27,NEAR_1_SUBSTITUTION,1,99758138,,ELEMENT,2026-04-11,630,element,NEW APPLICATION - RECORD INITIALIZED NOT ASSIGNED TO EXAMINER,Live/Pending,True,009,False
27,NEAR_1_SUBSTITUTION,1,99727025,,ELEMENT,2026-03-26,681,element,PUBLICATION/ISSUE REVIEW COMPLETE,Live/Pending,True,009,False
27,NEAR_1_SUBSTITUTION,1,99702209,,E-LUMEN8,2026-03-13,630,elumen8,NEW APPLICATION - RECORD INITIALIZED NOT ASSIGNED TO EXAMINER,Live/Pending,True,042,False
27,NEAR_1_SUBSTITUTION,1,99650974,,ELEMENT,2026-02-12,681,element,PUBLICATION/ISSUE REVIEW COMPLETE,Live/Pending,True,009,False
27,NEAR_1_SUBSTITUTION,1,99558325,,ELEMENT,2025-12-19,641,element,NON-FINAL ACTION - MAILED,Live/Pending,True,"035,041",True
27,NEAR_1_DELETION,1,99493735,,ELUMEN,2025-11-12,688,elumen,NOTICE OF ALLOWANCE - ISSUED,Live/Pending,True,"009,042",False
27,NEAR_1_SUBSTITUTION,1,99445749,8270651,ELURENT,2025-10-15,700,elurent,REGISTERED,Live/Registered,True,014,False
27,NEAR_1_SUBSTITUTION,1,99431972,,ELEMENT,2025-10-07,688,element,NOTICE OF ALLOWANCE - ISSUED,Live/Pending,True,009,False
27,NEAR_1_SUBSTITUTION,1,99294433,,ELEMENT,2025-07-21,645,element,FINAL REFUSAL - MAILED,Live/Pending,True,028,False
27,NEAR_1_SUBSTITUTION,1,99237985,,ELEMENT,2025-06-17,688,element,NOTICE OF ALLOWANCE - ISSUED,Live/Pending,True,020,False
27,NEAR_1_SUBSTITUTION,1,99192972,,ELEMENT,2025-05-20,730,element,FIRST EXTENSION - GRANTED,Live/Pending,True,007,False
27,NEAR_1_SUBSTITUTION,1,79419854,8217410,ELEMENT,2025-02-27,700,element,REGISTERED,Live/Registered,True,"035,041,042,045",True
27,NEAR_1_DELETION,1,98964758,,ELMENT,2025-01-15,653,elment,SUSPENSION LETTER - MAILED,Live/Pending,True,"009,042,045",False
27,NEAR_1_SUBSTITUTION,1,98920936,,ELEMENT,2024-12-24,688,element,NOTICE OF ALLOWANCE - ISSUED,Live/Pending,True,"009,035,036,037,038,039,041,042,045",True
27,NEAR_1_SUBSTITUTION,1,98851113,,ELEMENT,2024-11-13,731,element,SECOND EXTENSION - GRANTED,Live/Pending,True,011,False
27,NEAR_1_SUBSTITUTION,1,98778006,,ELEMENT,2024-09-30,654,element,REPORT COMPLETED SUSPENSION CHECK - CASE STILL SUSPENDED,Live/Pending,True,009,False
27,NEAR_1_SUBSTITUTION,1,98778846,,ELEMENT,2024-09-30,654,element,REPORT COMPLETED SUSPENSION CHECK - CASE STILL SUSPENDED,Live/Pending,True,009,False
27,NEAR_1_SUBSTITUTION,1,98743244,8140566,ELEMENT,2024-09-10,700,element,REGISTERED,Live/Registered,True,"006,016,018,020,021,039,042",True
27,NEAR_1_SUBSTITUTION,1,98478141,,EL3MENT.,2024-04-01,654,el3ment,REPORT COMPLETED SUSPENSION CHECK - CASE STILL SUSPENDED,Live/Pending,True,009,False
27,NEAR_1_SUBSTITUTION,1,98373240,,ELEMENT,2024-01-24,654,element,REPORT COMPLETED SUSPENSION CHECK - CASE STILL SUSPENDED,Live/Pending,True,009,False
27,NEAR_1_SUBSTITUTION,1,98258321,7868962,ELEMENT,2023-11-07,700,element,REGISTERED,Live/Registered,True,016,False
27,NEAR_1_SUBSTITUTION,1,98191339,7494740,ELEMENT,2023-09-21,700,element,REGISTERED,Live/Registered,True,"025,028",False
27,NEAR_1_SUBSTITUTION,1,98171764,,ELEMENT,2023-09-08,732,element,THIRD EXTENSION - GRANTED,Live/Pending,True,009,False
27,NEAR_1_SUBSTITUTION,1,98101173,7539365,ELEMENT,2023-07-25,700,element,REGISTERED,Live/Registered,True,012,False
27,NEAR_1_SUBSTITUTION,1,98047397,7509761,ELEMENT,2023-06-16,700,element,REGISTERED,Live/Registered,True,010,True
27,NEAR_1_SUBSTITUTION,1,97876058,,ELEMENT,2023-04-06,733,element,FOURTH EXTENSION - GRANTED,Live/Pending,True,009,False
27,NEAR_1_SUBSTITUTION,1,97810155,,EL3MENT.,2023-02-24,654,el3ment,REPORT COMPLETED SUSPENSION CHECK - CASE STILL SUSPENDED,Live/Pending,True,"035,042",True
27,NEAR_1_SUBSTITUTION,1,97744676,7425044,ELEMENT,2023-01-06,700,element,REGISTERED,Live/Registered,True,036,False
27,NEAR_1_SUBSTITUTION,1,79362331,7483863,ELEMENT+,2022-12-19,700,element,REGISTERED,Live/Registered,True,"006,019",False
27,NEAR_1_SUBSTITUTION,1,97703339,,ELEMENT,2022-12-04,641,element,NON-FINAL ACTION - MAILED,Live/Pending,True,035,True
27,NEAR_1_SUBSTITUTION,1,97654767,7235665,ELEMENT,2022-10-31,700,element,REGISTERED,Live/Registered,True,023,False
27,NEAR_1_SUBSTITUTION,1,97978708,7531923,ELEMENT,2022-10-31,700,element,REGISTERED,Live/Registered,True,011,False
27,NEAR_1_SUBSTITUTION,1,97393894,7489576,ELEMENT,2022-05-03,700,element,REGISTERED,Live/Registered,True,011,False
27,NEAR_1_SUBSTITUTION,1,97310959,,ELEMENT,2022-03-14,748,element,STATEMENT OF USE - TO EXAMINER,Live/Pending,True,007,False
27,NEAR_1_SUBSTITUTION,1,97281599,7671949,ELEMENT,2022-02-23,700,element,REGISTERED,Live/Registered,True,005,True
27,NEAR_1_SUBSTITUTION,1,97263413,,ELEMENT,2022-02-11,733,element,FOURTH EXTENSION - GRANTED,Live/Pending,True,042,False
27,NEAR_1_SUBSTITUTION,1,97263419,,ELEMENT,2022-02-11,733,element,FOURTH EXTENSION - GRANTED,Live/Pending,True,"009,010",True
27,NEAR_1_SUBSTITUTION,1,97980038,7804314,ELEMENT,2022-02-11,700,element,REGISTERED,Live/Registered,True,009,False
27,NEAR_1_SUBSTITUTION,1,97119214,7116529,ELEMENT,2021-11-10,790,element,CANCELLATION PENDING,Live/Registered,True,040,False
27,NEAR_1_SUBSTITUTION,1,97089635,,ELEMENT,2021-10-23,734,element,FIFTH EXTENSION - GRANTED,Live/Pending,True,011,False
27,NEAR_1_SUBSTITUTION,1,97978876,7871110,ELEMENT,2021-10-23,700,element,REGISTERED,Live/Registered,True,011,False
27,NEAR_1_SUBSTITUTION,1,90870176,6827192,ELEMENT,2021-08-06,700,element,REGISTERED,Live/Registered,True,032,False
27,NEAR_1_SUBSTITUTION,1,90774008,7270309,ELIMENT,2021-06-15,700,eliment,REGISTERED,Live/Registered,True,009,False
27,NEAR_1_SUBSTITUTION,1,90719635,6701056,ELEMENT,2021-05-18,700,element,REGISTERED,Live/Registered,True,010,True
27,NEAR_1_SUBSTITUTION,1,79305895,6829619,ELEMENT,2020-12-30,700,element,REGISTERED,Live/Registered,True,"009,038,042",False
27,NEAR_1_SUBSTITUTION,1,90352582,6732865,ELEMENT,2020-12-01,700,element,REGISTERED,Live/Registered,True,025,False
27,NEAR_1_SUBSTITUTION,1,90267269,6944002,ELEMENT,2020-10-20,700,element,REGISTERED,Live/Registered,True,031,False
27,NEAR_1_SUBSTITUTION,1,90254203,6702552,ELEMENT,2020-10-14,700,element,REGISTERED,Live/Registered,True,011,False
27,NEAR_1_SUBSTITUTION,1,90240672,6438077,EL3MENT.,2020-10-07,700,el3ment,REGISTERED,Live/Registered,True,035,True
27,NEAR_1_SUBSTITUTION,1,90030697,7002894,ELEMENT,2020-07-01,700,element,REGISTERED,Live/Registered,True,042,False
27,NEAR_1_SUBSTITUTION,1,90013673,6523150,ELEMENT,2020-06-22,700,element,REGISTERED,Live/Registered,True,009,False
27,NEAR_1_SUBSTITUTION,1,90004454,,ELEMENT,2020-06-16,774,element,OPPOSITION PENDING,Live/Pending,True,009,False
27,NEAR_1_SUBSTITUTION,1,88689578,6466132,ELUCENT,2019-11-12,700,elucent,REGISTERED,Live/Registered,True,011,False
27,NEAR_1_SUBSTITUTION,1,88681982,6358956,ELEMENT,2019-11-06,700,element,REGISTERED,Live/Registered,True,045,False
27,NEAR_1_SUBSTITUTION,1,88678701,6068836,ELEMENT,2019-11-04,700,element,REGISTERED,Live/Registered,True,"035,043",True
27,NEAR_1_SUBSTITUTION,1,79273832,6218924,E LEMENT,2019-10-14,700,element,REGISTERED,Live/Registered,True,027,False
27,NEAR_1_DELETION,1,88530951,6030984,ELUMEN,2019-07-23,700,elumen,REGISTERED,Live/Registered,True,011,False
27,NEAR_1_SUBSTITUTION,1,88299593,7031265,ELEMENT,2019-02-13,700,element,REGISTERED,Live/Registered,True,007,False
27,NEAR_1_SUBSTITUTION,1,88984287,6804626,ELEMENT,2019-02-13,700,element,REGISTERED,Live/Registered,True,007,False
27,NEAR_1_SUBSTITUTION,1,88977889,6098017,ELEMENT,2019-02-07,702,element,SECTION 8 & 15-ACCEPTED AND ACKNOWLEDGED,Live/Registered,True,011,False
27,NEAR_1_SUBSTITUTION,1,88984192,6775522,ELEMENT,2019-02-07,700,element,REGISTERED,Live/Registered,True,011,False
27,NEAR_1_SUBSTITUTION,1,88983380,6623381,ELEMENT,2019-01-26,700,element,REGISTERED,Live/Registered,True,009,False
27,NEAR_1_SUBSTITUTION,1,88193382,6707703,ELIMENT,2018-11-14,700,eliment,REGISTERED,Live/Registered,True,009,False
27,NEAR_1_SUBSTITUTION,1,88002585,5814864,ELEMENT,2018-06-15,701,element,SECTION 8-ACCEPTED,Live/Registered,True,009,False
27,NEAR_1_SUBSTITUTION,1,87718490,5758600,ELEMENT,2017-12-13,702,element,SECTION 8 & 15-ACCEPTED AND ACKNOWLEDGED,Live/Registered,True,038,False
27,NEAR_1_SUBSTITUTION,1,87718492,5758601,ELEMENT,2017-12-13,702,element,SECTION 8 & 15-ACCEPTED AND ACKNOWLEDGED,Live/Registered,True,041,False
27,NEAR_1_SUBSTITUTION,1,87718493,5758602,ELEMENT,2017-12-13,702,element,SECTION 8 & 15-ACCEPTED AND ACKNOWLEDGED,Live/Registered,True,042,False
27,NEAR_1_SUBSTITUTION,1,87984097,6713601,ELEMENT,2017-12-13,700,element,REGISTERED,Live/Registered,True,009,False
27,NEAR_1_SUBSTITUTION,1,87984143,6872948,ELEMENT,2017-12-13,700,element,REGISTERED,Live/Registered,True,009,False
27,NEAR_1_SUBSTITUTION,1,87615167,5760327,ELEMENT,2017-09-20,702,element,SECTION 8 & 15-ACCEPTED AND ACKNOWLEDGED,Live/Registered,True,043,False
27,NEAR_1_SUBSTITUTION,1,87417759,6098493,ELEMENT,2017-04-19,701,element,SECTION 8-ACCEPTED,Live/Registered,True,035,True
27,NEAR_1_SUBSTITUTION,1,87247052,6142111,ELEMENT,2016-11-23,700,element,REGISTERED,Live/Registered,True,009,False
27,NEAR_1_SUBSTITUTION,1,87976687,5434920,ELEMENT,2016-11-23,702,element,SECTION 8 & 15-ACCEPTED AND ACKNOWLEDGED,Live/Registered,True,009,False
27,NEAR_1_SUBSTITUTION,1,87979662,5687660,ELEMENT,2016-11-23,702,element,SECTION 8 & 15-ACCEPTED AND ACKNOWLEDGED,Live/Registered,True,009,False
27,NEAR_1_SUBSTITUTION,1,87244333,5450914,ELEMENT,2016-11-21,701,element,SECTION 8-ACCEPTED,Live/Registered,True,012,False
27,NEAR_1_SUBSTITUTION,1,87183155,6880204,ELEMENT,2016-09-26,700,element,REGISTERED,Live/Registered,True,009,False
27,NEAR_1_SUBSTITUTION,1,87001895,5086461,ELEMENT,2016-04-15,701,element,SECTION 8-ACCEPTED,Live/Registered,True,024,False
27,NEAR_1_SUBSTITUTION,1,86911341,5127133,ELEMENT,2016-02-17,702,element,SECTION 8 & 15-ACCEPTED AND ACKNOWLEDGED,Live/Registered,True,030,False
27,NEAR_1_SUBSTITUTION,1,86911343,5272084,ELEMENT,2016-02-17,702,element,SECTION 8 & 15-ACCEPTED AND ACKNOWLEDGED,Live/Registered,True,030,False
27,NEAR_1_SUBSTITUTION,1,86822566,5131307,ELEMENT,2015-11-17,702,element,SECTION 8 & 15-ACCEPTED AND ACKNOWLEDGED,Live/Registered,True,"035,036,039,045",True
27,NEAR_1_SUBSTITUTION,1,86822706,5131308,ELEMENT,2015-11-17,702,element,SECTION 8 & 15-ACCEPTED AND ACKNOWLEDGED,Live/Registered,True,"035,036,039,045",True
27,NEAR_1_SUBSTITUTION,1,86528690,4957036,ELEMENT,2015-02-09,800,element,REGISTERED AND RENEWED,Live/Registered,True,006,False
27,NEAR_1_SUBSTITUTION,1,76716604,4936943,ELEMENT,2014-07-07,800,element,REGISTERED AND RENEWED,Live/Registered,True,013,False
27,NEAR_1_SUBSTITUTION,1,85984059,4946577,ELEMENT,2013-05-29,800,element,REGISTERED AND RENEWED,Live/Registered,True,009,False
27,NEAR_1_SUBSTITUTION,1,85984337,5508753,ELEMENT,2013-05-29,702,element,SECTION 8 & 15-ACCEPTED AND ACKNOWLEDGED,Live/Registered,True,009,False
27,NEAR_1_SUBSTITUTION,1,85928780,4504384,ELEMENT,2013-05-10,800,element,REGISTERED AND RENEWED,Live/Registered,True,039,False
27,NEAR_1_SUBSTITUTION,1,85841533,4492393,ELEMENT,2013-02-05,800,element,REGISTERED AND RENEWED,Live/Registered,True,009,False
27,NEAR_1_SUBSTITUTION,1,85806438,4379695,ELEMENT,2012-12-19,800,element,REGISTERED AND RENEWED,Live/Registered,True,042,False
27,NEAR_1_SUBSTITUTION,1,85766056,5003614,ELEMENT,2012-10-29,702,element,SECTION 8 & 15-ACCEPTED AND ACKNOWLEDGED,Live/Registered,True,042,False
27,NEAR_1_SUBSTITUTION,1,85757755,4641712,ELEMENT,2012-10-18,800,element,REGISTERED AND RENEWED,Live/Registered,True,011,False
27,NEAR_1_SUBSTITUTION,1,85686032,4305051,ELEMENT,2012-07-25,800,element,REGISTERED AND RENEWED,Live/Registered,True,012,False
27,NEAR_1_SUBSTITUTION,1,85550421,4217453,ELEMENT,2012-02-23,800,element,REGISTERED AND RENEWED,Live/Registered,True,009,False
27,NEAR_1_SUBSTITUTION,1,85523665,4201924,ELEMENT,2012-01-24,800,element,REGISTERED AND RENEWED,Live/Registered,True,042,False
27,NEAR_1_SUBSTITUTION,1,85393474,4228727,ELEMENT,2011-08-09,800,element,REGISTERED AND RENEWED,Live/Registered,True,011,False
27,NEAR_1_SUBSTITUTION,1,85301969,4056468,ELEMENT,2011-04-22,800,element,REGISTERED AND RENEWED,Live/Registered,True,043,False
27,NEAR_1_SUBSTITUTION,1,85271469,4041837,ELEMENT,2011-03-19,800,element,REGISTERED AND RENEWED,Live/Registered,True,010,True
27,NEAR_1_SUBSTITUTION,1,85042992,4176179,ELEMENT,2010-05-19,800,element,REGISTERED AND RENEWED,Live/Registered,True,007,False
27,NEAR_1_DELETION,1,77880856,3817662,ELUMEN,2009-11-25,800,elumen,REGISTERED AND RENEWED,Live/Registered,True,009,False
27,NEAR_1_SUBSTITUTION,1,77805302,3829502,ELEMENT,2009-08-14,800,element,REGISTERED AND RENEWED,Live/Registered,True,"029,030",False
27,NEAR_1_SUBSTITUTION,1,77982715,4080675,ELEMENT,2009-07-16,800,element,REGISTERED AND RENEWED,Live/Registered,True,017,False
27,NEAR_1_SUBSTITUTION,1,77750115,4293811,ELEMENT,2009-06-02,800,element,REGISTERED AND RENEWED,Live/Registered,True,009,False
27,NEAR_1_SUBSTITUTION,1,77631030,3755874,ELEMENT,2008-12-11,800,element,REGISTERED AND RENEWED,Live/Registered,True,019,False
27,NEAR_1_SUBSTITUTION,1,77334068,3467046,ELEMENT,2007-11-20,800,element,REGISTERED AND RENEWED,Live/Registered,True,009,False
27,NEAR_1_SUBSTITUTION,1,77271189,3517708,ELEMENT,2007-09-04,800,element,REGISTERED AND RENEWED,Live/Registered,True,010,True
27,NEAR_1_SUBSTITUTION,1,77213971,4130106,ELEMENT,2007-06-24,800,element,REGISTERED AND RENEWED,Live/Registered,True,041,False
27,NEAR_1_SUBSTITUTION,1,77211066,4158002,ELEMENT,2007-06-20,800,element,REGISTERED AND RENEWED,Live/Registered,True,009,False
27,NEAR_1_SUBSTITUTION,1,77169675,3460428,ELEMENT,2007-05-01,800,element,REGISTERED AND RENEWED,Live/Registered,True,011,False
27,NEAR_1_SUBSTITUTION,1,78968711,3455843,ELEMENT,2006-09-07,800,element,REGISTERED AND RENEWED,Live/Registered,True,005,True
27,NEAR_1_SUBSTITUTION,1,78933525,3490585,ELEMENT,2006-07-20,800,element,REGISTERED AND RENEWED,Live/Registered,True,020,False
27,NEAR_1_SUBSTITUTION,1,78904602,3304645,ELEMENT,2006-06-09,800,element,REGISTERED AND RENEWED,Live/Registered,True,009,False
27,NEAR_1_SUBSTITUTION,1,76644596,3785063,ELEMENT,2005-08-08,800,element,REGISTERED AND RENEWED,Live/Registered,True,008,False
27,NEAR_1_SUBSTITUTION,1,78655615,3730034,ELEMENT,2005-06-21,700,element,REGISTERED,Live/Registered,True,036,False
27,NEAR_1_SUBSTITUTION,1,76641130,3346567,ELEMENT,2005-06-20,800,element,REGISTERED AND RENEWED,Live/Registered,True,035,True
27,NEAR_1_SUBSTITUTION,1,78581433,3469336,ELEMENT,2005-03-07,800,element,REGISTERED AND RENEWED,Live/Registered,True,009,False
27,NEAR_1_SUBSTITUTION,1,76600053,3303104,ELEMENT,2004-07-01,800,element,REGISTERED AND RENEWED,Live/Registered,True,028,False
27,NEAR_1_SUBSTITUTION,1,78319372,3681448,ELEMENT,2003-10-28,800,element,REGISTERED AND RENEWED,Live/Registered,True,009,False
27,NEAR_1_SUBSTITUTION,1,78977938,3240773,ELEMENT,2003-10-28,800,element,REGISTERED AND RENEWED,Live/Registered,True,009,False
27,NEAR_1_SUBSTITUTION,1,76385442,2765385,ELEMENT,2002-03-19,800,element,REGISTERED AND RENEWED,Live/Registered,True,012,False
27,NEAR_1_SUBSTITUTION,1,76354476,3190386,ELEMENT,2001-10-18,800,element,REGISTERED AND RENEWED,Live/Registered,True,018,False
27,NEAR_1_SUBSTITUTION,1,76226805,3055790,ELEMENT,2001-03-12,800,element,REGISTERED AND RENEWED,Live/Registered,True,025,False
27,NEAR_1_DELETION,1,76086951,2854157,ELUMEN,2000-07-12,800,elumen,REGISTERED AND RENEWED,Live/Registered,True,003,True
27,NEAR_1_SUBSTITUTION,1,75803029,2403911,ELEMENT,1999-09-17,800,element,REGISTERED AND RENEWED,Live/Registered,True,012,False
27,NEAR_1_SUBSTITUTION,1,99134195,,ELEMENT,2025-04-12,602,element,ABANDONED-FAILURE TO RESPOND OR LATE RESPONSE,Dead/Abandoned,False,016,False
27,NEAR_1_SUBSTITUTION,1,99031509,,EL3MENT.,2025-02-06,602,el3ment,ABANDONED-FAILURE TO RESPOND OR LATE RESPONSE,Dead/Abandoned,False,041,False
27,NEAR_1_SUBSTITUTION,1,98851117,,ELEMENT,2024-11-13,606,element,ABANDONED - NO STATEMENT OF USE FILED,Dead/Abandoned,False,021,True
27,NEAR_1_SUBSTITUTION,1,98760720,,ELEMENT,2024-09-20,602,element,ABANDONED-FAILURE TO RESPOND OR LATE RESPONSE,Dead/Abandoned,False,036,False
27,NEAR_1_SUBSTITUTION,1,98672272,,ELEMENT,2024-07-29,606,element,ABANDONED - NO STATEMENT OF USE FILED,Dead/Abandoned,False,036,False
27,NEAR_1_SUBSTITUTION,1,98524095,,ELEMENT,2024-04-29,604,element,ABANDONED - AFTER INTER-PARTES DECISION,Dead/Abandoned,False,,False
27,NEAR_1_SUBSTITUTION,1,98478143,,EL3MENT.,2024-04-01,601,el3ment,ABANDONED - EXPRESS,Dead/Abandoned,False,"039,041,042",False
27,NEAR_1_SUBSTITUTION,1,97807833,,ELEMENT,2023-02-23,601,element,ABANDONED - EXPRESS,Dead/Abandoned,False,"009,010",True
27,NEAR_1_SUBSTITUTION,1,97807281,,ELEMENT,2023-02-22,602,element,ABANDONED-FAILURE TO RESPOND OR LATE RESPONSE,Dead/Abandoned,False,025,False
27,NEAR_1_SUBSTITUTION,1,97654875,,ELEMENT,2022-10-31,606,element,ABANDONED - NO STATEMENT OF USE FILED,Dead/Abandoned,False,011,False
27,NEAR_1_SUBSTITUTION,1,97333048,,ELEMENT,2022-03-28,604,element,ABANDONED - AFTER INTER-PARTES DECISION,Dead/Abandoned,False,,False
27,NEAR_1_SUBSTITUTION,1,97318733,,ELEMENT,2022-03-18,600,element,ABANDONED - INCOMPLETE RESPONSE,Dead/Abandoned,False,"016,025",False
27,NEAR_1_SUBSTITUTION,1,97263424,,ELEMENT,2022-02-11,604,element,ABANDONED - AFTER INTER-PARTES DECISION,Dead/Abandoned,False,,False
27,NEAR_1_SUBSTITUTION,1,97260212,,ELEMENT,2022-02-09,606,element,ABANDONED - NO STATEMENT OF USE FILED,Dead/Abandoned,False,010,True
27,NEAR_1_SUBSTITUTION,1,97140568,,ELEMENT,2021-11-23,602,element,ABANDONED-FAILURE TO RESPOND OR LATE RESPONSE,Dead/Abandoned,False,009,False
27,NEAR_1_SUBSTITUTION,1,97104298,,ELEMENT,2021-11-02,601,element,ABANDONED - EXPRESS,Dead/Abandoned,False,036,False
27,NEAR_1_SUBSTITUTION,1,97089639,,ELEMENT,2021-10-24,606,element,ABANDONED - NO STATEMENT OF USE FILED,Dead/Abandoned,False,007,False
27,NEAR_1_SUBSTITUTION,1,97089634,,ELEMENT,2021-10-23,606,element,ABANDONED - NO STATEMENT OF USE FILED,Dead/Abandoned,False,021,True
27,NEAR_1_DELETION,1,97075306,,LUMENT,2021-10-14,602,lument,ABANDONED-FAILURE TO RESPOND OR LATE RESPONSE,Dead/Abandoned,False,036,False
27,NEAR_1_SUBSTITUTION,1,90900187,,ELEMENT,2021-08-24,602,element,ABANDONED-FAILURE TO RESPOND OR LATE RESPONSE,Dead/Abandoned,False,"038,042",False
27,NEAR_1_SUBSTITUTION,1,90786570,,/EL·E·MENT/,2021-06-21,606,element,ABANDONED - NO STATEMENT OF USE FILED,Dead/Abandoned,False,003,True
27,NEAR_1_SUBSTITUTION,1,90759966,,ELEMENT,2021-06-07,606,element,ABANDONED - NO STATEMENT OF USE FILED,Dead/Abandoned,False,007,False
27,NEAR_1_SUBSTITUTION,1,90453798,,ELEMENT,2021-01-07,602,element,ABANDONED-FAILURE TO RESPOND OR LATE RESPONSE,Dead/Abandoned,False,009,False
27,NEAR_1_SUBSTITUTION,1,90327308,,ELEMENT,2020-11-18,606,element,ABANDONED - NO STATEMENT OF USE FILED,Dead/Abandoned,False,"009,011,042",False
27,NEAR_1_SUBSTITUTION,1,90280777,,ELEMENT,2020-10-27,602,element,ABANDONED-FAILURE TO RESPOND OR LATE RESPONSE,Dead/Abandoned,False,003,True
27,NEAR_1_SUBSTITUTION,1,90274685,,EL3MENT.,2020-10-23,606,el3ment,ABANDONED - NO STATEMENT OF USE FILED,Dead/Abandoned,False,009,False
27,NEAR_1_DELETION,1,90211577,,LUMENT,2020-09-25,603,lument,ABANDONED - AFTER EX PARTE APPEAL,Dead/Abandoned,False,036,False
27,NEAR_1_SUBSTITUTION,1,90190176,,ELIMENT,2020-09-18,602,eliment,ABANDONED-FAILURE TO RESPOND OR LATE RESPONSE,Dead/Abandoned,False,035,True
27,NEAR_1_SUBSTITUTION,1,90092561,,ELEMENT,2020-08-04,602,element,ABANDONED-FAILURE TO RESPOND OR LATE RESPONSE,Dead/Abandoned,False,045,False
27,NEAR_1_SUBSTITUTION,1,90079238,,ELEMENT,2020-07-28,606,element,ABANDONED - NO STATEMENT OF USE FILED,Dead/Abandoned,False,009,False
27,NEAR_1_SUBSTITUTION,1,90075434,,ELEMENT,2020-07-27,602,element,ABANDONED-FAILURE TO RESPOND OR LATE RESPONSE,Dead/Abandoned,False,040,False
27,NEAR_1_SUBSTITUTION,1,90003176,,ELEMENT,2020-06-16,602,element,ABANDONED-FAILURE TO RESPOND OR LATE RESPONSE,Dead/Abandoned,False,002,False
27,NEAR_1_SUBSTITUTION,1,88766516,,ELEMENT,2020-01-20,602,element,ABANDONED-FAILURE TO RESPOND OR LATE RESPONSE,Dead/Abandoned,False,042,False
27,NEAR_1_SUBSTITUTION,1,88721096,,ELEMENT,2019-12-10,606,element,ABANDONED - NO STATEMENT OF USE FILED,Dead/Abandoned,False,"009,010",True
27,NEAR_1_SUBSTITUTION,1,88641820,,ELEMENT,2019-10-04,606,element,ABANDONED - NO STATEMENT OF USE FILED,Dead/Abandoned,False,028,False
27,NEAR_1_SUBSTITUTION,1,88484738,,ELEMENT,2019-06-22,602,element,ABANDONED-FAILURE TO RESPOND OR LATE RESPONSE,Dead/Abandoned,False,"010,011,025,030,031,035",True
27,NEAR_1_SUBSTITUTION,1,88456801,,ELEMENT,2019-06-03,602,element,ABANDONED-FAILURE TO RESPOND OR LATE RESPONSE,Dead/Abandoned,False,"035,036,042",True
27,NEAR_1_SUBSTITUTION,1,88397072,,ELEMENT,2019-04-22,606,element,ABANDONED - NO STATEMENT OF USE FILED,Dead/Abandoned,False,021,True
27,NEAR_1_SUBSTITUTION,1,88397099,,ELEMENT,2019-04-22,602,element,ABANDONED-FAILURE TO RESPOND OR LATE RESPONSE,Dead/Abandoned,False,011,False
27,NEAR_1_SUBSTITUTION,1,88348194,,ELEMENT,2019-03-20,602,element,ABANDONED-FAILURE TO RESPOND OR LATE RESPONSE,Dead/Abandoned,False,013,False
27,NEAR_1_SUBSTITUTION,1,88977887,,ELEMENT,2019-02-13,602,element,ABANDONED-FAILURE TO RESPOND OR LATE RESPONSE,Dead/Abandoned,False,007,False
27,NEAR_1_SUBSTITUTION,1,88292060,,ELEMENT,2019-02-07,606,element,ABANDONED - NO STATEMENT OF USE FILED,Dead/Abandoned,False,011,False
27,NEAR_1_SUBSTITUTION,1,88277729,,ELEMENT,2019-01-26,606,element,ABANDONED - NO STATEMENT OF USE FILED,Dead/Abandoned,False,009,False
27,NEAR_1_SUBSTITUTION,1,88277731,,ELEMENT,2019-01-26,606,element,ABANDONED - NO STATEMENT OF USE FILED,Dead/Abandoned,False,016,False
27,NEAR_1_SUBSTITUTION,1,88277733,,ELEMENT,2019-01-26,602,element,ABANDONED-FAILURE TO RESPOND OR LATE RESPONSE,Dead/Abandoned,False,020,False
27,NEAR_1_SUBSTITUTION,1,88273055,,ELEMENT,2019-01-23,601,element,ABANDONED - EXPRESS,Dead/Abandoned,False,012,False
27,NEAR_1_SUBSTITUTION,1,88244396,5933847,ELEMENT,2018-12-28,710,element,CANCELLED - SECTION 8,Dead/Cancelled,False,,False
27,NEAR_1_SUBSTITUTION,1,88209160,,ELEMENT,2018-11-28,602,element,ABANDONED-FAILURE TO RESPOND OR LATE RESPONSE,Dead/Abandoned,False,009,False
27,NEAR_1_SUBSTITUTION,1,87958269,,ELEMENT,2018-06-12,601,element,ABANDONED - EXPRESS,Dead/Abandoned,False,005,True
27,NEAR_1_SUBSTITUTION,1,87954314,,ELEMENT,2018-06-08,602,element,ABANDONED-FAILURE TO RESPOND OR LATE RESPONSE,Dead/Abandoned,False,014,False
27,NEAR_1_SUBSTITUTION,1,87950481,,ELEMENT,2018-06-06,606,element,ABANDONED - NO STATEMENT OF USE FILED,Dead/Abandoned,False,009,False
27,NEAR_1_SUBSTITUTION,1,87841051,,ELEMENT,2018-03-20,606,element,ABANDONED - NO STATEMENT OF USE FILED,Dead/Abandoned,False,028,False
27,NEAR_1_SUBSTITUTION,1,87775889,5555103,ELEMENT,2018-01-30,710,element,CANCELLED - SECTION 8,Dead/Cancelled,False,,False
27,NEAR_1_SUBSTITUTION,1,87756899,5605036,ELEMENT,2018-01-16,710,element,CANCELLED - SECTION 8,Dead/Cancelled,False,,False
27,NEAR_1_SUBSTITUTION,1,87718495,,ELEMENT,2017-12-13,606,element,ABANDONED - NO STATEMENT OF USE FILED,Dead/Abandoned,False,009,False
27,NEAR_1_SUBSTITUTION,1,87584851,,ELE.MENT,2017-08-25,604,element,ABANDONED - AFTER INTER-PARTES DECISION,Dead/Abandoned,False,,False
27,NEAR_1_SUBSTITUTION,1,87464877,,ELEMENT,2017-05-25,602,element,ABANDONED-FAILURE TO RESPOND OR LATE RESPONSE,Dead/Abandoned,False,042,False
27,NEAR_1_SUBSTITUTION,1,87402963,5334230,ELEMENT,2017-04-07,710,element,CANCELLED - SECTION 8,Dead/Cancelled,False,,False
27,NEAR_1_SUBSTITUTION,1,87313812,5536591,ELEMENT,2017-01-25,710,element,CANCELLED - SECTION 8,Dead/Cancelled,False,,False
27,NEAR_1_SUBSTITUTION,1,87313896,5536594,ELEMENT,2017-01-25,710,element,CANCELLED - SECTION 8,Dead/Cancelled,False,,False
27,NEAR_1_SUBSTITUTION,1,87240009,5227905,ELEMENT,2016-11-17,710,element,CANCELLED - SECTION 8,Dead/Cancelled,False,,False
27,NEAR_1_SUBSTITUTION,1,87054591,5816343,ELEMENT,2016-05-31,710,element,CANCELLED - SECTION 8,Dead/Cancelled,False,,False
27,NEAR_1_SUBSTITUTION,1,86959163,,ELEMENT,2016-03-31,606,element,ABANDONED - NO STATEMENT OF USE FILED,Dead/Abandoned,False,"009,010",True
27,NEAR_1_SUBSTITUTION,1,86930989,,E-LUMEN-8,2016-03-07,602,elumen8,ABANDONED-FAILURE TO RESPOND OR LATE RESPONSE,Dead/Abandoned,False,009,False
27,NEAR_1_SUBSTITUTION,1,86902950,,ELEMENT,2016-02-10,602,element,ABANDONED-FAILURE TO RESPOND OR LATE RESPONSE,Dead/Abandoned,False,014,False
27,NEAR_1_SUBSTITUTION,1,86896984,,ELEMENT,2016-02-04,602,element,ABANDONED-FAILURE TO RESPOND OR LATE RESPONSE,Dead/Abandoned,False,009,False
27,NEAR_1_SUBSTITUTION,1,86757999,,ELEMENT,2015-09-16,601,element,ABANDONED - EXPRESS,Dead/Abandoned,False,"013,025",False
27,NEAR_1_SUBSTITUTION,1,86728207,5220735,ELEMENT,2015-08-18,713,element,CANCELLED - SECTION 18,Dead/Cancelled,False,,False
27,NEAR_1_SUBSTITUTION,1,86702969,,ELEMENT,2015-07-23,602,element,ABANDONED-FAILURE TO RESPOND OR LATE RESPONSE,Dead/Abandoned,False,042,False
27,NEAR_1_SUBSTITUTION,1,86671875,4929174,ELEMENT,2015-06-23,710,element,CANCELLED - SECTION 8,Dead/Cancelled,False,,False
27,NEAR_1_SUBSTITUTION,1,86597432,4855592,ELEMENT,2015-04-14,710,element,CANCELLED - SECTION 8,Dead/Cancelled,False,,False
27,NEAR_1_SUBSTITUTION,1,86459670,,ELEMENT,2014-11-20,606,element,ABANDONED - NO STATEMENT OF USE FILED,Dead/Abandoned,False,033,False
27,NEAR_1_SUBSTITUTION,1,86408267,,ELEMENT,2014-09-29,602,element,ABANDONED-FAILURE TO RESPOND OR LATE RESPONSE,Dead/Abandoned,False,030,False
27,NEAR_1_SUBSTITUTION,1,86352614,,ELEMENT,2014-07-30,606,element,ABANDONED - NO STATEMENT OF USE FILED,Dead/Abandoned,False,022,False
27,NEAR_1_SUBSTITUTION,1,86348139,,ELEMENT,2014-07-25,606,element,ABANDONED - NO STATEMENT OF USE FILED,Dead/Abandoned,False,005,True
27,NEAR_1_SUBSTITUTION,1,86346600,,ELEMENT,2014-07-24,602,element,ABANDONED-FAILURE TO RESPOND OR LATE RESPONSE,Dead/Abandoned,False,011,False
27,NEAR_1_SUBSTITUTION,1,86308651,,ELEMENT,2014-06-13,602,element,ABANDONED-FAILURE TO RESPOND OR LATE RESPONSE,Dead/Abandoned,False,009,False
27,NEAR_1_SUBSTITUTION,1,86193511,,ELEMENT,2014-02-13,604,element,ABANDONED - AFTER INTER-PARTES DECISION,Dead/Abandoned,False,,False
27,NEAR_1_SUBSTITUTION,1,86078958,,ELEMENT,2013-09-30,602,element,ABANDONED-FAILURE TO RESPOND OR LATE RESPONSE,Dead/Abandoned,False,009,False
27,NEAR_1_SUBSTITUTION,1,86018341,,ELEMENT,2013-07-24,602,element,ABANDONED-FAILURE TO RESPOND OR LATE RESPONSE,Dead/Abandoned,False,009,False
27,NEAR_1_SUBSTITUTION,1,85944955,5921141,ELEMENT,2013-05-29,710,element,CANCELLED - SECTION 8,Dead/Cancelled,False,,False
27,NEAR_1_SUBSTITUTION,1,85944963,5607295,ELEMENT,2013-05-29,710,element,CANCELLED - SECTION 8,Dead/Cancelled,False,,False
27,NEAR_1_SUBSTITUTION,1,85983400,,ELEMENT,2013-05-29,606,element,ABANDONED - NO STATEMENT OF USE FILED,Dead/Abandoned,False,011,False
27,NEAR_1_SUBSTITUTION,1,85935866,4462073,ELEMENT,2013-05-17,710,element,CANCELLED - SECTION 8,Dead/Cancelled,False,,False
27,NEAR_1_SUBSTITUTION,1,85859521,,ELEMENT,2013-02-25,602,element,ABANDONED-FAILURE TO RESPOND OR LATE RESPONSE,Dead/Abandoned,False,003,True
27,NEAR_1_SUBSTITUTION,1,85835710,,ELEMENT,2013-01-29,604,element,ABANDONED - AFTER INTER-PARTES DECISION,Dead/Abandoned,False,,False
27,NEAR_1_SUBSTITUTION,1,85777553,,ELEMENT,2012-11-12,606,element,ABANDONED - NO STATEMENT OF USE FILED,Dead/Abandoned,False,028,False
27,NEAR_1_SUBSTITUTION,1,85766043,5003613,ELEMENT,2012-10-29,710,element,CANCELLED - SECTION 8,Dead/Cancelled,False,,False
27,NEAR_1_SUBSTITUTION,1,85766053,5237310,ELEMENT,2012-10-29,710,element,CANCELLED - SECTION 8,Dead/Cancelled,False,,False
27,NEAR_1_SUBSTITUTION,1,85766059,5237311,ELEMENT,2012-10-29,710,element,CANCELLED - SECTION 8,Dead/Cancelled,False,,False
27,NEAR_1_SUBSTITUTION,1,85751690,,ELEMENT,2012-10-11,601,element,ABANDONED - EXPRESS,Dead/Abandoned,False,034,False
27,NEAR_1_SUBSTITUTION,1,85670476,,ELEMENT,2012-07-06,602,element,ABANDONED-FAILURE TO RESPOND OR LATE RESPONSE,Dead/Abandoned,False,010,True
27,NEAR_1_SUBSTITUTION,1,85670483,,ELEMENT,2012-07-06,602,element,ABANDONED-FAILURE TO RESPOND OR LATE RESPONSE,Dead/Abandoned,False,010,True
27,NEAR_1_SUBSTITUTION,1,85621992,4522545,ELEMENT,2012-05-10,710,element,CANCELLED - SECTION 8,Dead/Cancelled,False,,False
27,NEAR_1_SUBSTITUTION,1,85618125,4294937,ELEMENT,2012-05-07,711,element,CANCELLED - SECTION 7,Dead/Cancelled,False,,False
27,NEAR_1_SUBSTITUTION,1,85492131,4689008,ELEMENT,2011-12-09,710,element,CANCELLED - SECTION 8,Dead/Cancelled,False,,False
27,NEAR_1_SUBSTITUTION,1,85438655,4149973,ELEMENT,2011-10-04,710,element,CANCELLED - SECTION 8,Dead/Cancelled,False,,False
27,NEAR_1_SUBSTITUTION,1,85418338,,ELEMENT,2011-09-09,601,element,ABANDONED - EXPRESS,Dead/Abandoned,False,035,True
27,NEAR_1_SUBSTITUTION,1,76707733,4085497,ELEMENT,2011-05-24,710,element,CANCELLED - SECTION 8,Dead/Cancelled,False,,False
27,NEAR_1_SUBSTITUTION,1,85272184,,ELEMENT,2011-03-21,602,element,ABANDONED-FAILURE TO RESPOND OR LATE RESPONSE,Dead/Abandoned,False,032,False
27,NEAR_1_SUBSTITUTION,1,85271425,,ELEMENT,2011-03-19,602,element,ABANDONED-FAILURE TO RESPOND OR LATE RESPONSE,Dead/Abandoned,False,032,False
27,NEAR_1_SUBSTITUTION,1,85146629,,ELEMENT,2010-10-06,605,element,ABANDONED EXPRESS AFTER PUB,Dead/Abandoned,False,,False
27,NEAR_1_SUBSTITUTION,1,85120357,,ELEMENT,2010-08-31,602,element,ABANDONED-FAILURE TO RESPOND OR LATE RESPONSE,Dead/Abandoned,False,009,False
27,NEAR_1_DELETION,1,85082468,3930897,LUMENT,2010-07-12,710,lument,CANCELLED - SECTION 8,Dead/Cancelled,False,,False
27,NEAR_1_SUBSTITUTION,1,85009081,,ELEMENT,2010-04-08,601,element,ABANDONED - EXPRESS,Dead/Abandoned,False,034,False
27,NEAR_1_SUBSTITUTION,1,77944050,,ELEMENT,2010-02-24,602,element,ABANDONED-FAILURE TO RESPOND OR LATE RESPONSE,Dead/Abandoned,False,020,False
27,NEAR_1_SUBSTITUTION,1,79079154,3828580,ELEMENT,2009-12-21,404,element,IR CANCELLED; US REGISTRATION CANCELLED,Dead/Cancelled,False,,False
27,NEAR_1_SUBSTITUTION,1,77889274,3837178,ELEMENT,2009-12-09,710,element,CANCELLED - SECTION 8,Dead/Cancelled,False,,False
27,NEAR_1_SUBSTITUTION,1,77869721,4372801,ELEMENT,2009-11-10,710,element,CANCELLED - SECTION 8,Dead/Cancelled,False,,False
27,NEAR_1_SUBSTITUTION,1,77806730,,ELEMENT,2009-08-18,606,element,ABANDONED - NO STATEMENT OF USE FILED,Dead/Abandoned,False,017,False
27,NEAR_1_SUBSTITUTION,1,77782990,,ELEMENT,2009-07-16,606,element,ABANDONED - NO STATEMENT OF USE FILED,Dead/Abandoned,False,"006,021",True
27,NEAR_1_SUBSTITUTION,1,77716045,4154417,ELEMENT,2009-04-17,710,element,CANCELLED - SECTION 8,Dead/Cancelled,False,,False
27,NEAR_1_SUBSTITUTION,1,77671756,3852121,ELUCENT,2009-02-17,710,elucent,CANCELLED - SECTION 8,Dead/Cancelled,False,,False
27,NEAR_1_SUBSTITUTION,1,77669489,,ELEMENT,2009-02-12,602,element,ABANDONED-FAILURE TO RESPOND OR LATE RESPONSE,Dead/Abandoned,False,009,False
27,NEAR_1_SUBSTITUTION,1,77618323,,ELEMENT,2008-11-20,601,element,ABANDONED - EXPRESS,Dead/Abandoned,False,009,False
27,NEAR_1_SUBSTITUTION,1,77593697,,ELEMENT,2008-10-15,606,element,ABANDONED - NO STATEMENT OF USE FILED,Dead/Abandoned,False,009,False
27,NEAR_1_SUBSTITUTION,1,77593700,,ELEMENT,2008-10-15,602,element,ABANDONED-FAILURE TO RESPOND OR LATE RESPONSE,Dead/Abandoned,False,028,False
27,NEAR_1_SUBSTITUTION,1,77593705,,ELEMENT,2008-10-15,602,element,ABANDONED-FAILURE TO RESPOND OR LATE RESPONSE,Dead/Abandoned,False,041,False
27,NEAR_1_SUBSTITUTION,1,77518537,3575908,ELEMENT,2008-07-09,710,element,CANCELLED - SECTION 8,Dead/Cancelled,False,,False
27,NEAR_1_SUBSTITUTION,1,79058761,,ELEMENT,2008-07-08,402,element,IR CANCELLED; US APPLICATION ABANDONED,Dead/Abandoned,False,,False
27,NEAR_1_SUBSTITUTION,1,77458227,,ELEMENT,2008-04-25,602,element,ABANDONED-FAILURE TO RESPOND OR LATE RESPONSE,Dead/Abandoned,False,009,False
27,NEAR_1_SUBSTITUTION,1,77455783,3673993,ELEMENT,2008-04-23,710,element,CANCELLED - SECTION 8,Dead/Cancelled,False,,False
27,NEAR_1_SUBSTITUTION,1,77450639,3536832,ELEMENT,2008-04-17,710,element,CANCELLED - SECTION 8,Dead/Cancelled,False,,False
27,NEAR_1_SUBSTITUTION,1,77412528,3523741,ELEMENT,2008-03-04,710,element,CANCELLED - SECTION 8,Dead/Cancelled,False,,False
27,NEAR_1_SUBSTITUTION,1,77384107,4035284,ELEMENT,2008-01-30,710,element,CANCELLED - SECTION 8,Dead/Cancelled,False,,False
27,NEAR_1_SUBSTITUTION,1,77340365,,ELEMENT,2007-11-29,602,element,ABANDONED-FAILURE TO RESPOND OR LATE RESPONSE,Dead/Abandoned,False,011,False
27,NEAR_1_SUBSTITUTION,1,77293276,,ELEMENT,2007-10-01,601,element,ABANDONED - EXPRESS,Dead/Abandoned,False,038,False
27,NEAR_1_SUBSTITUTION,1,77208862,,ELEMENT,2007-06-18,602,element,ABANDONED-FAILURE TO RESPOND OR LATE RESPONSE,Dead/Abandoned,False,"005,029,030",True
27,NEAR_1_SUBSTITUTION,1,76675654,,ELEMENT,2007-04-18,606,element,ABANDONED - NO STATEMENT OF USE FILED,Dead/Abandoned,False,027,False
27,NEAR_1_SUBSTITUTION,1,77101558,3421444,BLUMENT,2007-02-07,710,blument,CANCELLED - SECTION 8,Dead/Cancelled,False,,False
27,NEAR_1_SUBSTITUTION,1,78971936,,ELEMENT,2006-09-11,606,element,ABANDONED - NO STATEMENT OF USE FILED,Dead/Abandoned,False,043,False
27,NEAR_1_SUBSTITUTION,1,78953947,,ELEMENT,2006-08-16,601,element,ABANDONED - EXPRESS,Dead/Abandoned,False,009,False
27,NEAR_1_SUBSTITUTION,1,78868062,3591273,ELEMENT,2006-04-24,710,element,CANCELLED - SECTION 8,Dead/Cancelled,False,,False
27,NEAR_1_SUBSTITUTION,1,78852899,3357712,ELEMENT,2006-04-03,710,element,CANCELLED - SECTION 8,Dead/Cancelled,False,,False
27,NEAR_1_SUBSTITUTION,1,78853003,3208397,ALUMENT,2006-04-03,710,alument,CANCELLED - SECTION 8,Dead/Cancelled,False,,False
27,NEAR_1_SUBSTITUTION,1,78793177,3174145,ELEMENT,2006-01-17,710,element,CANCELLED - SECTION 8,Dead/Cancelled,False,,False
27,NEAR_1_SUBSTITUTION,1,78791517,,ELEMENT,2006-01-13,606,element,ABANDONED - NO STATEMENT OF USE FILED,Dead/Abandoned,False,009,False
27,NEAR_1_SUBSTITUTION,1,78779080,,ELEMENT,2005-12-22,606,element,ABANDONED - NO STATEMENT OF USE FILED,Dead/Abandoned,False,"005,010",True
27,NEAR_1_SUBSTITUTION,1,78770145,,ELEMENT,2005-12-09,606,element,ABANDONED - NO STATEMENT OF USE FILED,Dead/Abandoned,False,"005,010",True
27,NEAR_1_SUBSTITUTION,1,78748434,,ELEMENT,2005-11-07,602,element,ABANDONED-FAILURE TO RESPOND OR LATE RESPONSE,Dead/Abandoned,False,009,False
27,NEAR_1_SUBSTITUTION,1,78714113,3175587,ELEMENT,2005-09-15,710,element,CANCELLED - SECTION 8,Dead/Cancelled,False,,False
27,NEAR_1_SUBSTITUTION,1,78695866,,ELEMENT,2005-08-18,602,element,ABANDONED-FAILURE TO RESPOND OR LATE RESPONSE,Dead/Abandoned,False,041,False
27,NEAR_1_SUBSTITUTION,1,78689400,,ELEMENT,2005-08-10,604,element,ABANDONED - AFTER INTER-PARTES DECISION,Dead/Abandoned,False,,False
27,NEAR_1_SUBSTITUTION,1,78677900,,ELEMENT,2005-07-25,606,element,ABANDONED - NO STATEMENT OF USE FILED,Dead/Abandoned,False,009,False
27,NEAR_1_SUBSTITUTION,1,78496428,,ELEMENT,2004-10-07,602,element,ABANDONED-FAILURE TO RESPOND OR LATE RESPONSE,Dead/Abandoned,False,011,False
27,NEAR_1_SUBSTITUTION,1,78422476,,ELEMENT,2004-05-20,602,element,ABANDONED-FAILURE TO RESPOND OR LATE RESPONSE,Dead/Abandoned,False,009,False
27,NEAR_1_SUBSTITUTION,1,78408607,,ELEMENT,2004-04-27,606,element,ABANDONED - NO STATEMENT OF USE FILED,Dead/Abandoned,False,005,True
27,NEAR_1_SUBSTITUTION,1,78303884,,ELEMENT,2003-09-22,602,element,ABANDONED-FAILURE TO RESPOND OR LATE RESPONSE,Dead/Abandoned,False,041,False
27,NEAR_1_SUBSTITUTION,1,78278053,,ELEMENT,2003-07-23,602,element,ABANDONED-FAILURE TO RESPOND OR LATE RESPONSE,Dead/Abandoned,False,041,False
27,NEAR_1_SUBSTITUTION,1,78238646,,ELEMENT,2003-04-17,602,element,ABANDONED-FAILURE TO RESPOND OR LATE RESPONSE,Dead/Abandoned,False,028,False
27,NEAR_1_SUBSTITUTION,1,76503381,,ELEMENT,2003-04-02,602,element,ABANDONED-FAILURE TO RESPOND OR LATE RESPONSE,Dead/Abandoned,False,021,True
27,NEAR_1_SUBSTITUTION,1,76440941,,ELEMENT,2002-08-16,602,element,ABANDONED-FAILURE TO RESPOND OR LATE RESPONSE,Dead/Abandoned,False,043,False
27,NEAR_1_SUBSTITUTION,1,76365178,2976845,ELEMENT,2002-01-30,713,element,CANCELLED - SECTION 18,Dead/Cancelled,False,,False
27,NEAR_1_SUBSTITUTION,1,76290732,,ELEMENT,2001-07-26,602,element,ABANDONED-FAILURE TO RESPOND OR LATE RESPONSE,Dead/Abandoned,False,033,False
27,NEAR_1_TRANSPOSITION,1,76193501,,E-LUMNET,2001-01-12,602,elumnet,ABANDONED-FAILURE TO RESPOND OR LATE RESPONSE,Dead/Abandoned,False,041,False
27,NEAR_1_SUBSTITUTION,1,78042436,2786208,ELEMENT,2001-01-09,710,element,CANCELLED - SECTION 8,Dead/Cancelled,False,,False
27,NEAR_1_SUBSTITUTION,1,76184577,,ELEMENT,2000-12-21,602,element,ABANDONED-FAILURE TO RESPOND OR LATE RESPONSE,Dead/Abandoned,False,028,False
27,NEAR_1_SUBSTITUTION,1,78015917,,ELEMENT,2000-07-08,606,element,ABANDONED - NO STATEMENT OF USE FILED,Dead/Abandoned,False,042,False
27,NEAR_1_SUBSTITUTION,1,76011366,2970938,ELUMENS,2000-03-28,711,elumens,CANCELLED - SECTION 7,Dead/Cancelled,False,,False
27,NEAR_1_SUBSTITUTION,1,75860473,,ELEMENT,1999-12-15,602,element,ABANDONED-FAILURE TO RESPOND OR LATE RESPONSE,Dead/Abandoned,False,012,False
27,NEAR_1_SUBSTITUTION,1,75799801,2372889,ELEMENT,1999-09-15,710,element,CANCELLED - SECTION 8,Dead/Cancelled,False,,False
27,NEAR_1_SUBSTITUTION,1,75800692,2541209,ELEMENT,1999-09-15,710,element,CANCELLED - SECTION 8,Dead/Cancelled,False,,False
27,NEAR_1_INSERTION,1,75793569,,ELUMIENT,1999-09-07,606,elumient,ABANDONED - NO STATEMENT OF USE FILED,Dead/Abandoned,False,"035,036",True
27,NEAR_1_SUBSTITUTION,1,75736588,2641494,ELEMENT,1999-06-24,710,element,CANCELLED - SECTION 8,Dead/Cancelled,False,,False
27,NEAR_1_SUBSTITUTION,1,75656428,,ELEMENT,1999-03-09,602,element,ABANDONED-FAILURE TO RESPOND OR LATE RESPONSE,Dead/Abandoned,False,016,False
27,NEAR_1_SUBSTITUTION,1,75544302,2493028,ELEMENT,1998-08-28,713,element,CANCELLED - SECTION 18,Dead/Cancelled,False,,False
27,NEAR_1_SUBSTITUTION,1,75544303,,ELEMENT,1998-08-28,602,element,ABANDONED-FAILURE TO RESPOND OR LATE RESPONSE,Dead/Abandoned,False,011,False
27,NEAR_1_SUBSTITUTION,1,75513802,,ELEMENT,1998-07-01,602,element,ABANDONED-FAILURE TO RESPOND OR LATE RESPONSE,Dead/Abandoned,False,,False
27,NEAR_1_DELETION,1,75386030,2416109,ELUMEN,1997-11-03,710,elumen,CANCELLED - SECTION 8,Dead/Cancelled,False,,False
27,NEAR_1_SUBSTITUTION,1,75271331,2147716,ELUCENT,1997-04-08,710,elucent,CANCELLED - SECTION 8,Dead/Cancelled,False,,False
27,NEAR_1_SUBSTITUTION,1,74723614,2004252,ELEMENT,1995-08-31,710,element,CANCELLED - SECTION 8,Dead/Cancelled,False,,False
27,NEAR_1_SUBSTITUTION,1,74705311,,ELEMENT,1995-07-24,601,element,ABANDONED - EXPRESS,Dead/Abandoned,False,,False
27,NEAR_1_SUBSTITUTION,1,74409623,1833738,ELEMENT,1993-07-06,710,element,CANCELLED - SECTION 8,Dead/Cancelled,False,,False
27,NEAR_1_SUBSTITUTION,1,74178958,,ELEMENT,1991-06-24,602,element,ABANDONED-FAILURE TO RESPOND OR LATE RESPONSE,Dead/Abandoned,False,,False
27,NEAR_1_SUBSTITUTION,1,73820695,,ELEMENT,1989-08-03,602,element,ABANDONED-FAILURE TO RESPOND OR LATE RESPONSE,Dead/Abandoned,False,,False
28,EXACT,0,99647149,,ELEMENTRA,2026-02-11,680,elementra,APPROVED FOR PUBLICATION,Live/Pending,True,042,False
28,EXACT,0,79406067,,ELEMENTRA,2024-08-23,601,elementra,ABANDONED - EXPRESS,Dead/Abandoned,False,"009,021,044",True
28,EXACT,0,74313739,1848952,ELEMENTRA,1992-09-14,710,elementra,CANCELLED - SECTION 8,Dead/Cancelled,False,,False
28,NEAR_1_DELETION,1,99771668,,ELEMENTA,2026-04-17,630,elementa,NEW APPLICATION - RECORD INITIALIZED NOT ASSIGNED TO EXAMINER,Live/Pending,True,"003,006,014,015,016,018,020,021,024,025,026,028,035,038,042,043",True
28,NEAR_1_DELETION,1,99228250,,ELEMENTA,2025-06-11,641,elementa,NON-FINAL ACTION - MAILED,Live/Pending,True,"003,035",True
28,NEAR_1_DELETION,1,99182068,,ELEMENTA,2025-05-13,654,elementa,REPORT COMPLETED SUSPENSION CHECK - CASE STILL SUSPENDED,Live/Pending,True,009,False
28,NEAR_1_DELETION,1,99182114,,ELEMENTA,2025-05-13,654,elementa,REPORT COMPLETED SUSPENSION CHECK - CASE STILL SUSPENDED,Live/Pending,True,041,False
28,NEAR_1_DELETION,1,99059423,,ELEMENTA,2025-02-27,653,elementa,SUSPENSION LETTER - MAILED,Live/Pending,True,009,False
28,NEAR_1_DELETION,1,99059427,,ELEMENTA,2025-02-27,653,elementa,SUSPENSION LETTER - MAILED,Live/Pending,True,041,False
28,NEAR_1_DELETION,1,98949308,,ELEMENTA,2025-01-09,645,elementa,FINAL REFUSAL - MAILED,Live/Pending,True,021,True
28,NEAR_1_SUBSTITUTION,1,79412122,8139863,ELEMENT_RY,2024-10-23,700,elementry,REGISTERED,Live/Registered,True,"003,021",True
28,NEAR_1_SUBSTITUTION,1,98504134,,ELEMENTIA,2024-04-17,731,elementia,SECOND EXTENSION - GRANTED,Live/Pending,True,035,True
28,NEAR_1_DELETION,1,97656018,,ELEMENTA,2022-10-31,973,elementa,SUSPENDED PENDING ADMINISTRATIVE REVIEW,Live/Pending,True,021,True
28,NEAR_1_TRANSPOSITION,1,79352018,7307314,ELEMENTAR,2022-09-08,700,elementar,REGISTERED,Live/Registered,True,009,False
28,NEAR_1_DELETION,1,97531332,7252139,ELEMENTA,2022-08-02,700,elementa,REGISTERED,Live/Registered,True,009,False
28,NEAR_1_SUBSTITUTION,1,79308303,6635162,ELEMENTRE,2020-12-01,700,elementre,REGISTERED,Live/Registered,True,003,True
28,NEAR_1_DELETION,1,79298089,6783981,ELEMENTA,2020-08-18,700,elementa,REGISTERED,Live/Registered,True,"005,009,010,012,014,016,018,020,021,022,024,025,026,028,029,030,032,033,035,039,041,042,044",True
28,NEAR_1_SUBSTITUTION,1,88111269,5853191,ELEMENT RC,2018-09-10,702,elementrc,SECTION 8 & 15-ACCEPTED AND ACKNOWLEDGED,Live/Registered,True,028,False
28,NEAR_1_DELETION,1,87370242,6839594,ELEMENT A,2017-03-14,700,elementa,REGISTERED,Live/Registered,True,009,False
28,NEAR_1_INSERTION,1,86587990,4944408,ELEMENTRAC,2015-04-06,800,elementrac,REGISTERED AND RENEWED,Live/Registered,True,009,False
28,NEAR_1_DELETION,1,75860690,2495589,ELEMENTA,1999-12-01,800,elementa,REGISTERED AND RENEWED,Live/Registered,True,009,False
28,NEAR_1_DELETION,1,99482638,,ELEMENTA,2025-11-06,602,elementa,ABANDONED-FAILURE TO RESPOND OR LATE RESPONSE,Dead/Abandoned,False,005,True
28,NEAR_1_DELETION,1,98562924,,ELEMENTA,2024-05-22,614,elementa,ABANDONED PETITION TO REVIVE-DENIED,Dead/Abandoned,False,005,True
28,NEAR_1_SUBSTITUTION,1,88514905,,ELEMENTIA,2019-07-15,602,elementia,ABANDONED-FAILURE TO RESPOND OR LATE RESPONSE,Dead/Abandoned,False,035,True
28,NEAR_1_DELETION,1,88274313,,ELEMENTA,2019-01-24,602,elementa,ABANDONED-FAILURE TO RESPOND OR LATE RESPONSE,Dead/Abandoned,False,003,True
28,NEAR_1_DELETION,1,88205737,,ELEMENTA,2018-11-26,602,elementa,ABANDONED-FAILURE TO RESPOND OR LATE RESPONSE,Dead/Abandoned,False,003,True
28,NEAR_1_DELETION,1,88196910,,ELEMENT A,2018-11-16,606,elementa,ABANDONED - NO STATEMENT OF USE FILED,Dead/Abandoned,False,020,False
28,NEAR_1_SUBSTITUTION,1,87193324,,ELEMENTIA,2016-10-05,606,elementia,ABANDONED - NO STATEMENT OF USE FILED,Dead/Abandoned,False,"006,011,016,019,020,035,037",True
28,NEAR_1_SUBSTITUTION,1,87193335,,ELEMENTIA,2016-10-05,606,elementia,ABANDONED - NO STATEMENT OF USE FILED,Dead/Abandoned,False,"006,011,016,019,020,035,037",True
28,NEAR_1_SUBSTITUTION,1,87156625,,ELEMENTIA,2016-08-31,606,elementia,ABANDONED - NO STATEMENT OF USE FILED,Dead/Abandoned,False,"006,011,016,019,020,037",False
28,NEAR_1_SUBSTITUTION,1,87979073,,ELEMENTIA,2016-08-31,602,elementia,ABANDONED-FAILURE TO RESPOND OR LATE RESPONSE,Dead/Abandoned,False,035,True
28,NEAR_1_TRANSPOSITION,1,79088472,3947011,ELEMENTAR,2010-07-21,709,elementar,CANCELLED SECTION 71,Dead/Cancelled,False,,False
28,NEAR_1_DELETION,1,85044748,,ELEMENTA,2010-05-21,606,elementa,ABANDONED - NO STATEMENT OF USE FILED,Dead/Abandoned,False,"007,040,042",False
28,NEAR_1_DELETION,1,77772521,,ELEMETRA,2009-07-01,606,elemetra,ABANDONED - NO STATEMENT OF USE FILED,Dead/Abandoned,False,005,True
28,NEAR_1_SUBSTITUTION,1,77718575,3711751,ELEMENTIA,2009-04-21,710,elementia,CANCELLED - SECTION 8,Dead/Cancelled,False,,False
28,NEAR_1_DELETION,1,78866772,,ELEMETRA,2006-04-21,606,elemetra,ABANDONED - NO STATEMENT OF USE FILED,Dead/Abandoned,False,005,True
28,NEAR_1_TRANSPOSITION,1,79030403,3449626,ELEMENTAR,2006-03-11,404,elementar,IR CANCELLED; US REGISTRATION CANCELLED,Dead/Cancelled,False,,False
28,NEAR_1_DELETION,1,78778597,3665120,ELEMENTA,2005-12-21,710,elementa,CANCELLED - SECTION 8,Dead/Cancelled,False,,False
28,NEAR_1_SUBSTITUTION,1,76154583,2634191,ELEMENT RE,2000-10-26,710,elementre,CANCELLED - SECTION 8,Dead/Cancelled,False,,False
28,NEAR_1_DELETION,1,75721383,,ELEMETRA,1999-06-02,606,elemetra,ABANDONED - NO STATEMENT OF USE FILED,Dead/Abandoned,False,005,True
28,NEAR_1_DELETION,1,73134664,1084455,ELEMENT A,1977-07-20,710,elementa,CANCELLED - SECTION 8,Dead/Cancelled,False,,False
29,EXACT,0,99594604,,CELLUMÉ,2026-01-14,661,cellume,RESPONSE AFTER NON-FINAL ACTION - ENTERED,Live/Pending,True,010,True
29,EXACT,0,99407008,,CELLUMÉ,2025-09-22,688,cellume,NOTICE OF ALLOWANCE - ISSUED,Live/Pending,True,003,True
29,NEAR_1_DELETION,1,99818892,,CELLUM,2026-05-12,630,cellum,NEW APPLICATION - RECORD INITIALIZED NOT ASSIGNED TO EXAMINER,Live/Pending,True,"003,042",True
29,NEAR_1_SUBSTITUTION,1,99814139,,VELLUME,2026-05-10,630,vellume,NEW APPLICATION - RECORD INITIALIZED NOT ASSIGNED TO EXAMINER,Live/Pending,True,009,False
29,NEAR_1_SUBSTITUTION,1,99497304,,CELLURE,2025-11-14,661,cellure,RESPONSE AFTER NON-FINAL ACTION - ENTERED,Live/Pending,True,005,True
29,NEAR_1_SUBSTITUTION,1,99368271,,CELLURE,2025-09-01,653,cellure,SUSPENSION LETTER - MAILED,Live/Pending,True,003,True
29,NEAR_1_SUBSTITUTION,1,98348037,7684674,CALLUME,2024-01-09,700,callume,REGISTERED,Live/Registered,True,012,False
29,NEAR_1_DELETION,1,97844314,,ELLUME,2023-03-17,732,ellume,THIRD EXTENSION - GRANTED,Live/Pending,True,025,False
29,NEAR_1_DELETION,1,79312978,6874511,ELLUME,2021-04-29,700,ellume,REGISTERED,Live/Registered,True,"009,042",False
29,NEAR_1_DELETION,1,79312805,6886477,ELLUME,2021-04-28,700,ellume,REGISTERED,Live/Registered,True,"005,009,010,042",True
29,NEAR_1_SUBSTITUTION,1,88612594,6149242,CELLUXE,2019-09-11,700,celluxe,REGISTERED,Live/Registered,True,003,True
29,NEAR_1_SUBSTITUTION,1,88352195,6076003,COLLUME,2019-03-22,702,collume,SECTION 8 & 15-ACCEPTED AND ACKNOWLEDGED,Live/Registered,True,001,False
29,NEAR_1_SUBSTITUTION,1,87398550,5316416,DEL LUME,2017-04-04,701,dellume,SECTION 8-ACCEPTED,Live/Registered,True,"016,041",False
29,NEAR_1_SUBSTITUTION,1,87000404,5238021,CEILUME,2016-04-14,705,ceilume,PARTIAL SECTION 8 & 15 ACCEPTED AND ACKNOWLEDGED,Live/Registered,True,"001,017,019",False
29,NEAR_1_SUBSTITUTION,1,85475731,4299058,CELLUMA,2011-11-17,800,celluma,REGISTERED AND RENEWED,Live/Registered,True,010,True
29,NEAR_1_SUBSTITUTION,1,77396060,3504575,CEILUME,2008-02-13,800,ceilume,REGISTERED AND RENEWED,Live/Registered,True,019,False
29,NEAR_1_SUBSTITUTION,1,75032135,2175335,CELLU M6,1995-12-13,800,cellum6,REGISTERED AND RENEWED,Live/Registered,True,010,True
29,NEAR_1_SUBSTITUTION,1,90764061,,CELLUXE,2021-06-09,606,celluxe,ABANDONED - NO STATEMENT OF USE FILED,Dead/Abandoned,False,005,True
29,NEAR_1_SUBSTITUTION,1,90136521,,DEL LUME,2020-08-25,606,dellume,ABANDONED - NO STATEMENT OF USE FILED,Dead/Abandoned,False,014,False
29,NEAR_1_SUBSTITUTION,1,87403895,,DEL LUME,2017-04-08,606,dellume,ABANDONED - NO STATEMENT OF USE FILED,Dead/Abandoned,False,014,False
29,NEAR_1_SUBSTITUTION,1,87403904,,DEL LUME,2017-04-08,606,dellume,ABANDONED - NO STATEMENT OF USE FILED,Dead/Abandoned,False,042,False
29,NEAR_1_DELETION,1,86845105,5781954,ELLUME,2015-12-10,710,ellume,CANCELLED - SECTION 8,Dead/Cancelled,False,,False
29,NEAR_1_DELETION,1,86068203,4653999,CELLUM,2013-09-18,710,cellum,CANCELLED - SECTION 8,Dead/Cancelled,False,,False
29,NEAR_1_DELETION,1,79143836,4677031,ELLUME,2013-09-11,404,ellume,IR CANCELLED; US REGISTRATION CANCELLED,Dead/Cancelled,False,,False
29,NEAR_1_INSERTION,1,85970787,,XCELLUME,2013-06-26,602,xcellume,ABANDONED-FAILURE TO RESPOND OR LATE RESPONSE,Dead/Abandoned,False,011,False
29,NEAR_1_INSERTION,1,85188041,,XCELLUME,2010-12-01,601,xcellume,ABANDONED - EXPRESS,Dead/Abandoned,False,011,False
29,NEAR_1_SUBSTITUTION,1,77292647,,CELLU M6,2007-10-01,606,cellum6,ABANDONED - NO STATEMENT OF USE FILED,Dead/Abandoned,False,044,True
29,NEAR_1_INSERTION,1,77119974,3483060,CELLUMEN,2007-03-01,710,cellumen,CANCELLED - SECTION 8,Dead/Cancelled,False,,False
29,NEAR_1_DELETION,1,78792008,,CELL ME,2006-01-15,606,cellme,ABANDONED - NO STATEMENT OF USE FILED,Dead/Abandoned,False,035,True
29,NEAR_1_DELETION,1,76031391,,CELL ME,2000-04-21,606,cellme,ABANDONED - NO STATEMENT OF USE FILED,Dead/Abandoned,False,042,False
29,NEAR_1_SUBSTITUTION,1,75265110,2438748,CELLU M6,1997-03-27,710,cellum6,CANCELLED - SECTION 8,Dead/Cancelled,False,,False
30,EXACT,0,99889003,,CELLURA,2026-06-16,630,cellura,NEW APPLICATION - RECORD INITIALIZED NOT ASSIGNED TO EXAMINER,Live/Pending,True,003,True
30,EXACT,0,99535297,,CELLURA,2025-12-08,641,cellura,NON-FINAL ACTION - MAILED,Live/Pending,True,016,False
30,EXACT,0,98906237,,CELLURA,2024-12-16,602,cellura,ABANDONED-FAILURE TO RESPOND OR LATE RESPONSE,Dead/Abandoned,False,,False
30,NEAR_1_SUBSTITUTION,1,99868106,,CELLARA,2026-06-05,630,cellara,NEW APPLICATION - RECORD INITIALIZED NOT ASSIGNED TO EXAMINER,Live/Pending,True,010,True
30,NEAR_1_SUBSTITUTION,1,99835733,,CELLORA,2026-05-20,630,cellora,NEW APPLICATION - RECORD INITIALIZED NOT ASSIGNED TO EXAMINER,Live/Pending,True,001,False
30,NEAR_1_SUBSTITUTION,1,99810203,,TELLURA,2026-05-07,630,tellura,NEW APPLICATION - RECORD INITIALIZED NOT ASSIGNED TO EXAMINER,Live/Pending,True,029,False
30,NEAR_1_SUBSTITUTION,1,99810511,,CELLYRA,2026-05-07,630,cellyra,NEW APPLICATION - RECORD INITIALIZED NOT ASSIGNED TO EXAMINER,Live/Pending,True,041,False
30,NEAR_1_SUBSTITUTION,1,99797844,,CYLLURA,2026-04-30,630,cyllura,NEW APPLICATION - RECORD INITIALIZED NOT ASSIGNED TO EXAMINER,Live/Pending,True,005,True
30,NEAR_1_SUBSTITUTION,1,99737381,,CELLORA,2026-04-01,630,cellora,NEW APPLICATION - RECORD INITIALIZED NOT ASSIGNED TO EXAMINER,Live/Pending,True,003,True
30,NEAR_1_SUBSTITUTION,1,79445924,,CELLERA,2026-02-10,640,cellera,NON-FINAL ACTION COUNTED - NOT MAILED,Live/Pending,True,007,False
30,NEAR_1_SUBSTITUTION,1,99637600,,CELLURO,2026-02-06,653,celluro,SUSPENSION LETTER - MAILED,Live/Pending,True,003,True
30,NEAR_1_SUBSTITUTION,1,99622253,,CELLARA,2026-01-29,686,cellara,PUBLISHED FOR OPPOSITION,Live/Pending,True,041,False
30,NEAR_1_SUBSTITUTION,1,99576181,,VELLURA,2026-01-03,653,vellura,SUSPENSION LETTER - MAILED,Live/Pending,True,003,True
30,NEAR_1_SUBSTITUTION,1,99497304,,CELLURE,2025-11-14,661,cellure,RESPONSE AFTER NON-FINAL ACTION - ENTERED,Live/Pending,True,005,True
30,NEAR_1_SUBSTITUTION,1,99368271,,CELLURE,2025-09-01,653,cellure,SUSPENSION LETTER - MAILED,Live/Pending,True,003,True
30,NEAR_1_INSERTION,1,99302295,,CELLCURA,2025-07-25,688,cellcura,NOTICE OF ALLOWANCE - ISSUED,Live/Pending,True,005,True
30,NEAR_1_INSERTION,1,99302316,,CELLCURA,2025-07-25,686,cellcura,PUBLISHED FOR OPPOSITION,Live/Pending,True,005,True
30,NEAR_1_SUBSTITUTION,1,99244816,,CELLARA,2025-06-20,688,cellara,NOTICE OF ALLOWANCE - ISSUED,Live/Pending,True,003,True
30,NEAR_1_SUBSTITUTION,1,99034824,7992062,WELLURA,2025-02-10,700,wellura,REGISTERED,Live/Registered,True,005,True
30,NEAR_1_SUBSTITUTION,1,99034931,7992068,WELLURA,2025-02-10,700,wellura,REGISTERED,Live/Registered,True,005,True
30,NEAR_1_SUBSTITUTION,1,98838465,7770043,CELTURA,2024-11-05,700,celtura,REGISTERED,Live/Registered,True,005,True
30,NEAR_1_SUBSTITUTION,1,98662816,7761435,CALLURA,2024-07-23,700,callura,REGISTERED,Live/Registered,True,014,False
30,NEAR_1_SUBSTITUTION,1,79373046,7341952,CELLULA,2023-03-28,700,cellula,REGISTERED,Live/Registered,True,009,False
30,NEAR_1_SUBSTITUTION,1,85475731,4299058,CELLUMA,2011-11-17,800,celluma,REGISTERED AND RENEWED,Live/Registered,True,010,True
30,NEAR_1_DELETION,1,77201008,3745045,ELLURA,2007-06-08,800,ellura,REGISTERED AND RENEWED,Live/Registered,True,005,True
30,NEAR_1_DELETION,1,98464086,,CELLUA,2024-03-22,606,cellua,ABANDONED - NO STATEMENT OF USE FILED,Dead/Abandoned,False,003,True
30,NEAR_1_SUBSTITUTION,1,79310448,,CELLULA+,2021-03-26,602,cellula,ABANDONED-FAILURE TO RESPOND OR LATE RESPONSE,Dead/Abandoned,False,"003,044",True
30,NEAR_1_SUBSTITUTION,1,79258177,,CELLULA+,2018-10-17,602,cellula,ABANDONED-FAILURE TO RESPOND OR LATE RESPONSE,Dead/Abandoned,False,"003,044",True
30,NEAR_1_SUBSTITUTION,1,88103118,,CELLUNA,2018-09-04,602,celluna,ABANDONED-FAILURE TO RESPOND OR LATE RESPONSE,Dead/Abandoned,False,003,True
30,NEAR_1_SUBSTITUTION,1,87621488,5583961,CELTURA,2017-09-25,710,celtura,CANCELLED - SECTION 8,Dead/Cancelled,False,,False
30,NEAR_1_DELETION,1,86302774,4784382,ELLURA,2014-06-06,711,ellura,CANCELLED - SECTION 7,Dead/Cancelled,False,,False
30,NEAR_1_INSERTION,1,86118373,,CELLAURA,2013-11-13,606,cellaura,ABANDONED - NO STATEMENT OF USE FILED,Dead/Abandoned,False,009,False
30,NEAR_1_SUBSTITUTION,1,85516107,,CELLORA,2012-01-13,606,cellora,ABANDONED - NO STATEMENT OF USE FILED,Dead/Abandoned,False,005,True
30,NEAR_1_SUBSTITUTION,1,77777166,3958516,CELLERA,2009-07-09,710,cellera,CANCELLED - SECTION 8,Dead/Cancelled,False,,False
30,NEAR_1_INSERTION,1,79059719,3683330,CELLCURA,2008-03-14,404,cellcura,IR CANCELLED; US REGISTRATION CANCELLED,Dead/Cancelled,False,,False
30,NEAR_1_SUBSTITUTION,1,79027061,3298281,CELTURA,2006-05-31,709,celtura,CANCELLED SECTION 71,Dead/Cancelled,False,,False
30,NEAR_1_SUBSTITUTION,1,76244969,2589888,PELLURA,2001-04-23,710,pellura,CANCELLED - SECTION 8,Dead/Cancelled,False,,False
30,NEAR_1_SUBSTITUTION,1,74420508,,CELLUSA,1993-08-02,606,cellusa,ABANDONED - NO STATEMENT OF USE FILED,Dead/Abandoned,False,,False
30,NEAR_1_INSERTION,1,72223454,0803274,CELLURAY,1965-07-15,900,celluray,EXPIRED,Dead/Expired,False,,False
31,EXACT,0,99810511,,CELLYRA,2026-05-07,630,cellyra,NEW APPLICATION - RECORD INITIALIZED NOT ASSIGNED TO EXAMINER,Live/Pending,True,041,False
31,NEAR_1_SUBSTITUTION,1,99889003,,CELLURA,2026-06-16,630,cellura,NEW APPLICATION - RECORD INITIALIZED NOT ASSIGNED TO EXAMINER,Live/Pending,True,003,True
31,NEAR_1_SUBSTITUTION,1,99868106,,CELLARA,2026-06-05,630,cellara,NEW APPLICATION - RECORD INITIALIZED NOT ASSIGNED TO EXAMINER,Live/Pending,True,010,True
31,NEAR_1_SUBSTITUTION,1,99835733,,CELLORA,2026-05-20,630,cellora,NEW APPLICATION - RECORD INITIALIZED NOT ASSIGNED TO EXAMINER,Live/Pending,True,001,False
31,NEAR_1_SUBSTITUTION,1,99737381,,CELLORA,2026-04-01,630,cellora,NEW APPLICATION - RECORD INITIALIZED NOT ASSIGNED TO EXAMINER,Live/Pending,True,003,True
31,NEAR_1_SUBSTITUTION,1,79445924,,CELLERA,2026-02-10,640,cellera,NON-FINAL ACTION COUNTED - NOT MAILED,Live/Pending,True,007,False
31,NEAR_1_SUBSTITUTION,1,99622253,,CELLARA,2026-01-29,686,cellara,PUBLISHED FOR OPPOSITION,Live/Pending,True,041,False
31,NEAR_1_SUBSTITUTION,1,99535297,,CELLURA,2025-12-08,641,cellura,NON-FINAL ACTION - MAILED,Live/Pending,True,016,False
31,NEAR_1_DELETION,1,99353437,8187310,CELYRA,2025-08-22,700,celyra,REGISTERED,Live/Registered,True,027,False
31,NEAR_1_SUBSTITUTION,1,99244816,,CELLARA,2025-06-20,688,cellara,NOTICE OF ALLOWANCE - ISSUED,Live/Pending,True,003,True
31,NEAR_1_SUBSTITUTION,1,97979505,7645528,CELLYEA,2023-03-07,700,cellyea,REGISTERED,Live/Registered,True,"005,032",True
31,NEAR_1_SUBSTITUTION,1,98906237,,CELLURA,2024-12-16,602,cellura,ABANDONED-FAILURE TO RESPOND OR LATE RESPONSE,Dead/Abandoned,False,,False
31,NEAR_1_SUBSTITUTION,1,97827509,,CELLYEA,2023-03-07,606,cellyea,ABANDONED - NO STATEMENT OF USE FILED,Dead/Abandoned,False,003,True
31,NEAR_1_SUBSTITUTION,1,85516107,,CELLORA,2012-01-13,606,cellora,ABANDONED - NO STATEMENT OF USE FILED,Dead/Abandoned,False,005,True
31,NEAR_1_SUBSTITUTION,1,77777166,3958516,CELLERA,2009-07-09,710,cellera,CANCELLED - SECTION 8,Dead/Cancelled,False,,False
32,EXACT,0,98620300,,CELLECT,2024-06-26,645,cellect,FINAL REFUSAL - MAILED,Live/Pending,True,010,True
32,EXACT,0,97302032,7237581,CELLECT,2022-03-08,700,cellect,REGISTERED,Live/Registered,True,010,True
32,EXACT,0,85348885,4098714,CELLECT,2011-06-17,800,cellect,REGISTERED AND RENEWED,Live/Registered,True,005,True
32,EXACT,0,97709666,,CELLECT,2022-12-08,602,cellect,ABANDONED-FAILURE TO RESPOND OR LATE RESPONSE,Dead/Abandoned,False,042,False
32,EXACT,0,97298305,,CELLECT,2022-03-07,602,cellect,ABANDONED-FAILURE TO RESPOND OR LATE RESPONSE,Dead/Abandoned,False,"010,044",True
32,EXACT,0,85542176,,CELLECT,2012-02-14,606,cellect,ABANDONED - NO STATEMENT OF USE FILED,Dead/Abandoned,False,009,False
32,EXACT,0,85495374,4278333,CELLECT,2011-12-14,710,cellect,CANCELLED - SECTION 8,Dead/Cancelled,False,,False
32,EXACT,0,85129222,,CELLECT,2010-09-14,602,cellect,ABANDONED-FAILURE TO RESPOND OR LATE RESPONSE,Dead/Abandoned,False,044,True
32,EXACT,0,77374945,3488222,CELLECT,2008-01-18,710,cellect,CANCELLED - SECTION 8,Dead/Cancelled,False,,False
32,EXACT,0,76503710,,CELLECT,2003-04-03,602,cellect,ABANDONED-FAILURE TO RESPOND OR LATE RESPONSE,Dead/Abandoned,False,009,False
32,EXACT,0,78151075,2986079,CELLECT,2002-08-05,710,cellect,CANCELLED - SECTION 8,Dead/Cancelled,False,,False
32,EXACT,0,76182768,2875199,CELLECT,2000-12-19,710,cellect,CANCELLED - SECTION 8,Dead/Cancelled,False,,False
32,EXACT,0,76160436,,CELLECT,2000-11-03,602,cellect,ABANDONED-FAILURE TO RESPOND OR LATE RESPONSE,Dead/Abandoned,False,017,False
32,EXACT,0,75672356,,CELLECT,1999-03-31,601,cellect,ABANDONED - EXPRESS,Dead/Abandoned,False,001,False
32,EXACT,0,75521717,,CELLECT,1998-07-20,602,cellect,ABANDONED-FAILURE TO RESPOND OR LATE RESPONSE,Dead/Abandoned,False,005,True
32,EXACT,0,75081860,2120449,CELLECT,1996-04-01,710,cellect,CANCELLED - SECTION 8,Dead/Cancelled,False,,False
32,EXACT,0,74446818,1951752,CELLECT,1993-10-08,710,cellect,CANCELLED - SECTION 8,Dead/Cancelled,False,,False
32,EXACT,0,74236999,,CELLECT,1992-01-13,602,cellect,ABANDONED-FAILURE TO RESPOND OR LATE RESPONSE,Dead/Abandoned,False,,False
32,EXACT,0,73693874,1552727,CELLECT,1987-11-06,713,cellect,CANCELLED - SECTION 18,Dead/Cancelled,False,,False
32,EXACT,0,73602993,1432672,CELLECT,1986-06-09,710,cellect,CANCELLED - SECTION 8,Dead/Cancelled,False,,False
32,EXACT,0,73368470,,CELL-ECT,1982-06-07,602,cellect,ABANDONED-FAILURE TO RESPOND OR LATE RESPONSE,Dead/Abandoned,False,,False
32,NEAR_1_DELETION,1,98716364,7964169,CELECT,2024-08-26,700,celect,REGISTERED,Live/Registered,True,021,True
32,NEAR_1_SUBSTITUTION,1,98656159,8180220,CELLE CI,2024-07-18,700,celleci,REGISTERED,Live/Registered,True,003,True
32,NEAR_1_SUBSTITUTION,1,97920778,7725006,COLLECT,2023-05-04,700,collect,REGISTERED,Live/Registered,True,042,False
32,NEAR_1_SUBSTITUTION,1,97794298,7458693,COLLECT,2023-02-14,700,collect,REGISTERED,Live/Registered,True,009,False
32,NEAR_1_SUBSTITUTION,1,97186852,6956173,CELLENT,2021-12-23,700,cellent,REGISTERED,Live/Registered,True,014,False
32,NEAR_1_DELETION,1,90284181,7882718,CELL-CT,2020-10-28,700,cellct,REGISTERED,Live/Registered,True,042,False
32,NEAR_1_SUBSTITUTION,1,87804292,5719432,COLLECT,2018-02-20,702,collect,SECTION 8 & 15-ACCEPTED AND ACKNOWLEDGED,Live/Registered,True,009,False
32,NEAR_1_DELETION,1,86706587,5015991,CELECT,2015-07-28,702,celect,SECTION 8 & 15-ACCEPTED AND ACKNOWLEDGED,Live/Registered,True,019,False
32,NEAR_1_DELETION,1,86514557,5311750,CELECT,2015-01-26,702,celect,SECTION 8 & 15-ACCEPTED AND ACKNOWLEDGED,Live/Registered,True,001,False
32,NEAR_1_SUBSTITUTION,1,76712822,4441557,COLLECT,2012-11-13,800,collect,REGISTERED AND RENEWED,Live/Registered,True,005,True
32,NEAR_1_SUBSTITUTION,1,85321427,4226737,SELLECT,2011-05-16,800,sellect,REGISTERED AND RENEWED,Live/Registered,True,035,True
32,NEAR_1_SUBSTITUTION,1,77705004,3835906,COLLECT,2009-04-02,800,collect,REGISTERED AND RENEWED,Live/Registered,True,021,True
32,NEAR_1_DELETION,1,77043007,3284828,CELLET,2006-11-13,800,cellet,REGISTERED AND RENEWED,Live/Registered,True,009,False
32,NEAR_1_SUBSTITUTION,1,98327594,,COLLECT,2023-12-22,602,collect,ABANDONED-FAILURE TO RESPOND OR LATE RESPONSE,Dead/Abandoned,False,"035,042",True
32,NEAR_1_SUBSTITUTION,1,98098304,,COLLECT,2023-07-24,602,collect,ABANDONED-FAILURE TO RESPOND OR LATE RESPONSE,Dead/Abandoned,False,005,True
32,NEAR_1_SUBSTITUTION,1,88573440,,COLLECT,2019-08-09,606,collect,ABANDONED - NO STATEMENT OF USE FILED,Dead/Abandoned,False,"007,035",True
32,NEAR_1_SUBSTITUTION,1,88556987,,COLLECT,2019-08-01,602,collect,ABANDONED-FAILURE TO RESPOND OR LATE RESPONSE,Dead/Abandoned,False,026,False
32,NEAR_1_SUBSTITUTION,1,79221701,5582876,CELLACT,2017-08-10,709,cellact,CANCELLED SECTION 71,Dead/Cancelled,False,,False
32,NEAR_1_DELETION,1,86834752,,CELL-CT,2015-11-30,606,cellct,ABANDONED - NO STATEMENT OF USE FILED,Dead/Abandoned,False,042,False
32,NEAR_1_DELETION,1,79178191,5024617,CELECT,2015-10-21,404,celect,IR CANCELLED; US REGISTRATION CANCELLED,Dead/Cancelled,False,,False
32,NEAR_1_DELETION,1,86471056,4781594,CELECT,2014-12-04,710,celect,CANCELLED - SECTION 8,Dead/Cancelled,False,,False
32,NEAR_1_SUBSTITUTION,1,79160594,4899848,COLLECT,2014-12-02,404,collect,IR CANCELLED; US REGISTRATION CANCELLED,Dead/Cancelled,False,,False
32,NEAR_1_SUBSTITUTION,1,79161537,,COLLECT,2014-12-02,402,collect,IR CANCELLED; US APPLICATION ABANDONED,Dead/Abandoned,False,,False
32,NEAR_1_SUBSTITUTION,1,86435804,,RELLECT,2014-10-27,602,rellect,ABANDONED-FAILURE TO RESPOND OR LATE RESPONSE,Dead/Abandoned,False,005,True
32,NEAR_1_SUBSTITUTION,1,79161055,4810688,COLLECT,2014-09-19,404,collect,IR CANCELLED; US REGISTRATION CANCELLED,Dead/Cancelled,False,,False
32,NEAR_1_SUBSTITUTION,1,85242795,4073225,COLLECT,2011-02-15,710,collect,CANCELLED - SECTION 8,Dead/Cancelled,False,,False
32,NEAR_1_INSERTION,1,77851563,3869361,CELLECTA,2009-10-19,710,cellecta,CANCELLED - SECTION 8,Dead/Cancelled,False,,False
32,NEAR_1_DELETION,1,79039822,3676544,CELECT,2007-04-17,404,celect,IR CANCELLED; US REGISTRATION CANCELLED,Dead/Cancelled,False,,False
32,NEAR_1_DELETION,1,78932226,3636922,CELL-CT,2006-07-18,710,cellct,CANCELLED - SECTION 8,Dead/Cancelled,False,,False
32,NEAR_1_DELETION,1,78327450,,CELLET,2003-11-13,602,cellet,ABANDONED-FAILURE TO RESPOND OR LATE RESPONSE,Dead/Abandoned,False,009,False
32,NEAR_1_SUBSTITUTION,1,76025982,,COLLECT,2000-04-14,606,collect,ABANDONED - NO STATEMENT OF USE FILED,Dead/Abandoned,False,009,False
32,NEAR_1_SUBSTITUTION,1,75578637,,CALLECT,1998-10-28,602,callect,ABANDONED-FAILURE TO RESPOND OR LATE RESPONSE,Dead/Abandoned,False,"009,036",False
32,NEAR_1_SUBSTITUTION,1,75016291,2090486,COLLECT,1995-10-27,710,collect,CANCELLED - SECTION 8,Dead/Cancelled,False,,False
32,NEAR_1_SUBSTITUTION,1,74507154,,COLLECT!,1994-03-30,601,collect,ABANDONED - EXPRESS,Dead/Abandoned,False,,False
32,NEAR_1_DELETION,1,74182257,1793142,CELECT,1991-05-29,710,celect,CANCELLED - SECTION 8,Dead/Cancelled,False,,False
32,NEAR_1_SUBSTITUTION,1,73820810,1633780,COLLECT,1989-08-22,710,collect,CANCELLED - SECTION 8,Dead/Cancelled,False,,False
32,NEAR_1_SUBSTITUTION,1,73810746,1581302,COLLECT,1989-07-05,710,collect,CANCELLED - SECTION 8,Dead/Cancelled,False,,False
32,NEAR_1_DELETION,1,73505850,1339213,CELECT,1984-10-26,710,celect,CANCELLED - SECTION 8,Dead/Cancelled,False,,False
32,NEAR_1_DELETION,1,73122567,1097565,CELLEC,1977-04-13,710,cellec,CANCELLED - SECTION 8,Dead/Cancelled,False,,False
32,NEAR_1_DELETION,1,73122581,1098196,CELLEC,1977-04-13,710,cellec,CANCELLED - SECTION 8,Dead/Cancelled,False,,False
32,NEAR_1_SUBSTITUTION,1,72457259,0982318,CEE-LECT,1973-05-11,900,ceelect,EXPIRED,Dead/Expired,False,,False
33,EXACT,0,99835733,,CELLORA,2026-05-20,630,cellora,NEW APPLICATION - RECORD INITIALIZED NOT ASSIGNED TO EXAMINER,Live/Pending,True,001,False
33,EXACT,0,99737381,,CELLORA,2026-04-01,630,cellora,NEW APPLICATION - RECORD INITIALIZED NOT ASSIGNED TO EXAMINER,Live/Pending,True,003,True
33,EXACT,0,85516107,,CELLORA,2012-01-13,606,cellora,ABANDONED - NO STATEMENT OF USE FILED,Dead/Abandoned,False,005,True
33,NEAR_1_SUBSTITUTION,1,99905943,,HELLORA,2026-06-25,630,hellora,NEW APPLICATION - RECORD INITIALIZED NOT ASSIGNED TO EXAMINER,Live/Pending,True,042,False
33,NEAR_1_SUBSTITUTION,1,99889003,,CELLURA,2026-06-16,630,cellura,NEW APPLICATION - RECORD INITIALIZED NOT ASSIGNED TO EXAMINER,Live/Pending,True,003,True
33,NEAR_1_SUBSTITUTION,1,99866970,,CELVORA,2026-06-05,630,celvora,NEW APPLICATION - RECORD INITIALIZED NOT ASSIGNED TO EXAMINER,Live/Pending,True,024,False
33,NEAR_1_SUBSTITUTION,1,99868106,,CELLARA,2026-06-05,630,cellara,NEW APPLICATION - RECORD INITIALIZED NOT ASSIGNED TO EXAMINER,Live/Pending,True,010,True
33,NEAR_1_DELETION,1,99852833,,CELLÔA,2026-05-29,630,celloa,NEW APPLICATION - RECORD INITIALIZED NOT ASSIGNED TO EXAMINER,Live/Pending,True,003,True
33,NEAR_1_SUBSTITUTION,1,99850374,,VELLORA,2026-05-28,630,vellora,NEW APPLICATION - RECORD INITIALIZED NOT ASSIGNED TO EXAMINER,Live/Pending,True,020,False
33,NEAR_1_SUBSTITUTION,1,99810511,,CELLYRA,2026-05-07,630,cellyra,NEW APPLICATION - RECORD INITIALIZED NOT ASSIGNED TO EXAMINER,Live/Pending,True,041,False
33,NEAR_1_SUBSTITUTION,1,99754896,,CELEORA,2026-04-09,630,celeora,NEW APPLICATION - RECORD INITIALIZED NOT ASSIGNED TO EXAMINER,Live/Pending,True,026,False
33,NEAR_1_DELETION,1,99732995,,CELORA,2026-03-30,630,celora,NEW APPLICATION - RECORD INITIALIZED NOT ASSIGNED TO EXAMINER,Live/Pending,True,009,False
33,NEAR_1_DELETION,1,99722650,,CELLOA,2026-03-25,681,celloa,PUBLICATION/ISSUE REVIEW COMPLETE,Live/Pending,True,003,True
33,NEAR_1_SUBSTITUTION,1,79445924,,CELLERA,2026-02-10,640,cellera,NON-FINAL ACTION COUNTED - NOT MAILED,Live/Pending,True,007,False
33,NEAR_1_SUBSTITUTION,1,99622253,,CELLARA,2026-01-29,686,cellara,PUBLISHED FOR OPPOSITION,Live/Pending,True,041,False
33,NEAR_1_SUBSTITUTION,1,99605365,,WELLORA,2026-01-20,641,wellora,NON-FINAL ACTION - MAILED,Live/Pending,True,005,True
33,NEAR_1_DELETION,1,99557106,,ELLORA,2025-12-19,653,ellora,SUSPENSION LETTER - MAILED,Live/Pending,True,005,True
33,NEAR_1_SUBSTITUTION,1,99535297,,CELLURA,2025-12-08,641,cellura,NON-FINAL ACTION - MAILED,Live/Pending,True,016,False
33,NEAR_1_DELETION,1,99443571,,ELLORA,2025-10-14,653,ellora,SUSPENSION LETTER - MAILED,Live/Pending,True,005,True
33,NEAR_1_SUBSTITUTION,1,99432688,,CELIORA,2025-10-08,686,celiora,PUBLISHED FOR OPPOSITION,Live/Pending,True,"009,010",True
33,NEAR_1_SUBSTITUTION,1,99244816,,CELLARA,2025-06-20,688,cellara,NOTICE OF ALLOWANCE - ISSUED,Live/Pending,True,003,True
33,NEAR_1_DELETION,1,99116322,,ELLORA,2025-04-02,819,ellora,SU - REGISTRATION REVIEW COMPLETE,Live/Pending,True,"009,010",True
33,NEAR_1_SUBSTITUTION,1,98744093,,VELLORA,2024-09-10,641,vellora,NON-FINAL ACTION - MAILED,Live/Pending,True,003,True
33,NEAR_1_SUBSTITUTION,1,98667116,,BELLORA,2024-07-25,681,bellora,PUBLICATION/ISSUE REVIEW COMPLETE,Live/Pending,True,044,True
33,NEAR_1_SUBSTITUTION,1,98123679,7788325,VELLORA,2023-08-09,700,vellora,REGISTERED,Live/Registered,True,006,False
33,NEAR_1_SUBSTITUTION,1,90896789,6958877,WELLORA,2021-08-23,700,wellora,REGISTERED,Live/Registered,True,020,False
33,NEAR_1_SUBSTITUTION,1,90788123,6780615,ZELLORA,2021-06-22,700,zellora,REGISTERED,Live/Registered,True,037,False
33,NEAR_1_SUBSTITUTION,1,90378439,6499561,YELLORA,2020-12-13,700,yellora,REGISTERED,Live/Registered,True,028,False
33,NEAR_1_SUBSTITUTION,1,79271814,6207931,CELSORA,2019-09-13,700,celsora,REGISTERED,Live/Registered,True,009,False
33,NEAR_1_SUBSTITUTION,1,88403176,6185994,CELLOVA,2019-04-26,700,cellova,REGISTERED,Live/Registered,True,025,False
33,NEAR_1_DELETION,1,77706309,3815443,ELLORA,2009-04-03,800,ellora,REGISTERED AND RENEWED,Live/Registered,True,009,False
33,NEAR_1_SUBSTITUTION,1,79012866,3139313,CELLONA,2005-05-06,706,cellona,SECTION 71 ACCEPTED,Live/Registered,True,"005,010",True
33,NEAR_1_SUBSTITUTION,1,99558674,,SELLORA,2025-12-19,601,sellora,ABANDONED - EXPRESS,Dead/Abandoned,False,035,True
33,NEAR_1_SUBSTITUTION,1,99250628,,SELLORA,2025-06-24,605,sellora,ABANDONED EXPRESS AFTER PUB,Dead/Abandoned,False,,False
33,NEAR_1_SUBSTITUTION,1,99049585,,AELLORA,2025-02-20,606,aellora,ABANDONED - NO STATEMENT OF USE FILED,Dead/Abandoned,False,"003,005",True
33,NEAR_1_SUBSTITUTION,1,98906237,,CELLURA,2024-12-16,602,cellura,ABANDONED-FAILURE TO RESPOND OR LATE RESPONSE,Dead/Abandoned,False,,False
33,NEAR_1_SUBSTITUTION,1,98846175,,SELLORA,2024-11-10,605,sellora,ABANDONED EXPRESS AFTER PUB,Dead/Abandoned,False,,False
33,NEAR_1_SUBSTITUTION,1,98699990,,SELLORA,2024-08-15,606,sellora,ABANDONED - NO STATEMENT OF USE FILED,Dead/Abandoned,False,035,True
33,NEAR_1_SUBSTITUTION,1,97574275,,RELLORA,2022-09-01,610,rellora,TERMINATED AFTER SANCTIONS,Dead,False,,False
33,NEAR_1_SUBSTITUTION,1,88228914,,VELLORA,2018-12-13,602,vellora,ABANDONED-FAILURE TO RESPOND OR LATE RESPONSE,Dead/Abandoned,False,025,False
33,NEAR_1_DELETION,1,85516122,,CELORA,2012-01-13,606,celora,ABANDONED - NO STATEMENT OF USE FILED,Dead/Abandoned,False,005,True
33,NEAR_1_SUBSTITUTION,1,85487832,,YELL' ORA,2011-12-06,606,yellora,ABANDONED - NO STATEMENT OF USE FILED,Dead/Abandoned,False,014,False
33,NEAR_1_SUBSTITUTION,1,77777166,3958516,CELLERA,2009-07-09,710,cellera,CANCELLED - SECTION 8,Dead/Cancelled,False,,False
33,NEAR_1_SUBSTITUTION,1,77102619,,AELLORA,2007-02-08,606,aellora,ABANDONED - NO STATEMENT OF USE FILED,Dead/Abandoned,False,007,False
33,NEAR_1_SUBSTITUTION,1,76457320,,BELLORA,2002-10-07,603,bellora,ABANDONED - AFTER EX PARTE APPEAL,Dead/Abandoned,False,014,False
33,NEAR_1_DELETION,1,76447041,,ELLORA,2002-09-05,606,ellora,ABANDONED - NO STATEMENT OF USE FILED,Dead/Abandoned,False,034,False
33,NEAR_1_DELETION,1,75409047,,CELORA,1997-12-22,605,celora,ABANDONED EXPRESS AFTER PUB,Dead/Abandoned,False,,False
33,NEAR_1_SUBSTITUTION,1,74456448,1917521,CELLONA,1993-11-04,710,cellona,CANCELLED - SECTION 8,Dead/Cancelled,False,,False
33,NEAR_1_SUBSTITUTION,1,73025240,1018367,CELLONA,1974-06-25,900,cellona,EXPIRED,Dead/Expired,False,,False
33,NEAR_1_DELETION,1,73293202,,ELLORA,,602,ellora,ABANDONED-FAILURE TO RESPOND OR LATE RESPONSE,Dead/Abandoned,False,,False
34,NEAR_1_SUBSTITUTION,1,99580581,,POPTURE,2026-01-06,686,popture,PUBLISHED FOR OPPOSITION,Live/Pending,True,008,False
34,NEAR_1_DELETION,1,97562028,7233871,PETURE,2022-08-24,700,peture,REGISTERED,Live/Registered,True,009,False
34,NEAR_1_SUBSTITUTION,1,88936886,6221875,PERTURE,2020-05-28,700,perture,REGISTERED,Live/Registered,True,003,True
34,NEAR_1_SUBSTITUTION,1,88704735,6134621,PEOTURE,2019-11-24,700,peoture,REGISTERED,Live/Registered,True,009,False
34,NEAR_1_INSERTION,1,88143529,6043377,PEPTPURE,2018-10-04,700,peptpure,REGISTERED,Live/Registered,True,001,False
34,NEAR_1_TRANSPOSITION,1,87253883,5292899,PET PURE,2016-12-01,702,petpure,SECTION 8 & 15-ACCEPTED AND ACKNOWLEDGED,Live/Registered,True,011,False
34,NEAR_1_TRANSPOSITION,1,99430981,,PETPURE,2025-10-07,602,petpure,ABANDONED-FAILURE TO RESPOND OR LATE RESPONSE,Dead/Abandoned,False,003,True
34,NEAR_1_TRANSPOSITION,1,98359536,,PETPURE,2024-01-16,602,petpure,ABANDONED-FAILURE TO RESPOND OR LATE RESPONSE,Dead/Abandoned,False,018,False
34,NEAR_1_SUBSTITUTION,1,90750995,6758701,PEUTURE,2021-06-02,782,peuture,CANCELLED - SECTION 16B,Dead/Cancelled,False,,False
34,NEAR_1_INSERTION,1,88880435,,PEPTPURE,2020-04-21,606,peptpure,ABANDONED - NO STATEMENT OF USE FILED,Dead/Abandoned,False,005,True
34,NEAR_1_TRANSPOSITION,1,86196017,6039513,PET PURE,2014-02-18,713,petpure,CANCELLED - SECTION 18,Dead/Cancelled,False,,False
34,NEAR_1_SUBSTITUTION,1,85430515,4325190,PIPTURE,2011-09-23,710,pipture,CANCELLED - SECTION 8,Dead/Cancelled,False,,False
34,NEAR_1_TRANSPOSITION,1,77406172,3575117,PETPURE,2008-02-26,710,petpure,CANCELLED - SECTION 8,Dead/Cancelled,False,,False
34,NEAR_1_DELETION,1,76042532,,EPTURE,2000-05-08,606,epture,ABANDONED - NO STATEMENT OF USE FILED,Dead/Abandoned,False,005,True
34,NEAR_1_TRANSPOSITION,1,75661968,2633426,PET PURE,1999-03-17,710,petpure,CANCELLED - SECTION 8,Dead/Cancelled,False,,False
34,NEAR_1_TRANSPOSITION,1,75632403,,PETPURE,1999-02-04,606,petpure,ABANDONED - NO STATEMENT OF USE FILED,Dead/Abandoned,False,005,True
35,EXACT,0,99387767,8205617,PEPTARA,2025-09-11,700,peptara,REGISTERED,Live/Registered,True,005,True
35,NEAR_1_SUBSTITUTION,1,99883504,,PEPTANA,2026-06-13,630,peptana,NEW APPLICATION - RECORD INITIALIZED NOT ASSIGNED TO EXAMINER,Live/Pending,True,001,False
35,NEAR_1_SUBSTITUTION,1,99753295,,PEPTORA,2026-04-09,630,peptora,NEW APPLICATION - RECORD INITIALIZED NOT ASSIGNED TO EXAMINER,Live/Pending,True,001,False
35,NEAR_1_DELETION,1,99335169,8176839,PEPTRA,2025-08-13,700,peptra,REGISTERED,Live/Registered,True,005,True
35,NEAR_1_SUBSTITUTION,1,99292652,8150408,SEPTARA,2025-07-19,700,septara,REGISTERED,Live/Registered,True,024,False
35,NEAR_1_SUBSTITUTION,1,88609402,6046129,PENTARA,2019-09-09,700,pentara,REGISTERED,Live/Registered,True,042,False
35,NEAR_1_SUBSTITUTION,1,77845923,3806197,CEPTARA,2009-10-09,800,ceptara,REGISTERED AND RENEWED,Live/Registered,True,035,True
35,NEAR_1_SUBSTITUTION,1,75088688,,PENTARA,1996-04-15,605,pentara,ABANDONED EXPRESS AFTER PUB,Dead/Abandoned,False,,False
36,EXACT,0,87402591,5356666,PEPTIVA,2017-04-07,702,peptiva,SECTION 8 & 15-ACCEPTED AND ACKNOWLEDGED,Live/Registered,True,005,True
36,EXACT,0,86659699,4885872,PEPTIVA,2015-06-11,800,peptiva,REGISTERED AND RENEWED,Live/Registered,True,005,True
36,EXACT,0,76432360,2971477,PEPTIVA,2002-07-19,710,peptiva,CANCELLED - SECTION 8,Dead/Cancelled,False,,False
36,NEAR_1_DELETION,1,97846126,7747538,PETIVA,2023-03-19,700,petiva,REGISTERED,Live/Registered,True,031,False
36,NEAR_1_SUBSTITUTION,1,98286395,,TEPTIVA,2023-11-27,606,teptiva,ABANDONED - NO STATEMENT OF USE FILED,Dead/Abandoned,False,009,False
36,NEAR_1_DELETION,1,85086902,,PETIVA,2010-07-16,602,petiva,ABANDONED-FAILURE TO RESPOND OR LATE RESPONSE,Dead/Abandoned,False,031,False
36,NEAR_1_SUBSTITUTION,1,76083775,2592630,PENTIVA,2000-06-29,710,pentiva,CANCELLED - SECTION 8,Dead/Cancelled,False,,False
36,NEAR_1_SUBSTITUTION,1,75892909,,CEPTIVA,2000-01-10,606,ceptiva,ABANDONED - NO STATEMENT OF USE FILED,Dead/Abandoned,False,005,True
36,NEAR_1_DELETION,1,74416153,1836889,PETIVA,1993-07-23,710,petiva,CANCELLED - SECTION 8,Dead/Cancelled,False,,False
37,NEAR_1_SUBSTITUTION,1,78252224,2830205,PEPTIME,2003-05-20,800,peptime,REGISTERED AND RENEWED,Live/Registered,True,005,True
37,NEAR_1_SUBSTITUTION,1,74135041,1669116,PEPTIME,1991-01-31,710,peptime,CANCELLED - SECTION 8,Dead/Cancelled,False,,False
38,EXACT,0,99642278,,PEPTIQ,2026-02-09,641,peptiq,NON-FINAL ACTION - MAILED,Live/Pending,True,005,True
38,EXACT,0,99590542,,PEPTIQ,2026-01-12,653,peptiq,SUSPENSION LETTER - MAILED,Live/Pending,True,003,True
38,NEAR_1_DELETION,1,99140998,8057287,PEPTI,2025-04-16,700,pepti,REGISTERED,Live/Registered,True,044,True
38,NEAR_1_SUBSTITUTION,1,90597839,6683202,PEST IQ,2021-03-23,700,pestiq,REGISTERED,Live/Registered,True,042,False
38,NEAR_1_DELETION,1,88866249,6747390,PET IQ,2020-04-09,700,petiq,REGISTERED,Live/Registered,True,044,True
38,NEAR_1_SUBSTITUTION,1,98873170,,PEPTIX,2024-11-26,604,peptix,ABANDONED - AFTER INTER-PARTES DECISION,Dead/Abandoned,False,,False
38,NEAR_1_DELETION,1,97030410,,PET IQ,2021-09-16,606,petiq,ABANDONED - NO STATEMENT OF USE FILED,Dead/Abandoned,False,003,True
38,NEAR_1_SUBSTITUTION,1,79293682,,PEPT-IN,2020-07-10,603,peptin,ABANDONED - AFTER EX PARTE APPEAL,Dead/Abandoned,False,"005,042",True
38,NEAR_1_DELETION,1,88867153,,PET IQ,2020-04-10,606,petiq,ABANDONED - NO STATEMENT OF USE FILED,Dead/Abandoned,False,005,True
38,NEAR_1_DELETION,1,88867156,,PET IQ,2020-04-10,606,petiq,ABANDONED - NO STATEMENT OF USE FILED,Dead/Abandoned,False,031,False
38,NEAR_1_DELETION,1,86676201,4990174,PET IQ,2015-06-26,710,petiq,CANCELLED - SECTION 8,Dead/Cancelled,False,,False
38,NEAR_1_DELETION,1,75421976,2358231,PET IQ,1998-01-22,710,petiq,CANCELLED - SECTION 8,Dead/Cancelled,False,,False
38,NEAR_1_SUBSTITUTION,1,73542848,1398219,PEPTIL,1985-06-13,710,peptil,CANCELLED - SECTION 8,Dead/Cancelled,False,,False
40,NEAR_1_SUBSTITUTION,1,98108030,7505732,DISENCE,2023-07-29,700,disence,REGISTERED,Live/Registered,True,012,False
40,NEAR_1_SUBSTITUTION,1,97073610,6760366,DORENCE,2021-10-13,700,dorence,REGISTERED,Live/Registered,True,011,False
40,NEAR_1_SUBSTITUTION,1,97073614,6760367,DORENCE,2021-10-13,700,dorence,REGISTERED,Live/Registered,True,006,False
40,NEAR_1_SUBSTITUTION,1,97073616,6768118,DORENCE,2021-10-13,700,dorence,REGISTERED,Live/Registered,True,021,True
40,NEAR_1_SUBSTITUTION,1,90733843,6718543,DOGENCE,2021-05-25,700,dogence,REGISTERED,Live/Registered,True,025,False
40,NEAR_1_SUBSTITUTION,1,90276947,6425363,LOSENCE,2020-10-25,700,losence,REGISTERED,Live/Registered,True,028,False
40,NEAR_1_SUBSTITUTION,1,87860998,5610977,DORENCE,2018-04-03,702,dorence,SECTION 8 & 15-ACCEPTED AND ACKNOWLEDGED,Live/Registered,True,006,False
40,NEAR_1_SUBSTITUTION,1,98796882,,DOS ONCE,2024-10-11,606,dosonce,ABANDONED - NO STATEMENT OF USE FILED,Dead/Abandoned,False,033,False
40,NEAR_1_INSERTION,1,98650642,,DUOSENCE,2024-07-16,602,duosence,ABANDONED-FAILURE TO RESPOND OR LATE RESPONSE,Dead/Abandoned,False,009,False
40,NEAR_1_SUBSTITUTION,1,87576250,5428052,LOSENCE,2017-08-20,710,losence,CANCELLED - SECTION 8,Dead/Cancelled,False,,False
40,NEAR_1_SUBSTITUTION,1,87109602,5146674,LOSENCE,2016-07-20,710,losence,CANCELLED - SECTION 8,Dead/Cancelled,False,,False
40,NEAR_1_DELETION,1,79185186,5088959,OSENCE,2016-01-13,709,osence,CANCELLED SECTION 71,Dead/Cancelled,False,,False
41,EXACT,0,97272455,,DOSERA,2022-02-17,602,dosera,ABANDONED-FAILURE TO RESPOND OR LATE RESPONSE,Dead/Abandoned,False,005,True
41,NEAR_1_DELETION,1,99907621,,OSERA,2026-06-26,630,osera,NEW APPLICATION - RECORD INITIALIZED NOT ASSIGNED TO EXAMINER,Live/Pending,True,"035,042",True
41,NEAR_1_DELETION,1,99907732,,OSERA,2026-06-26,630,osera,NEW APPLICATION - RECORD INITIALIZED NOT ASSIGNED TO EXAMINER,Live/Pending,True,"035,042",True
41,NEAR_1_SUBSTITUTION,1,98891890,7918040,DORERA,2024-12-09,700,dorera,REGISTERED,Live/Registered,True,009,False
41,NEAR_1_SUBSTITUTION,1,98535279,7678906,DOWERA,2024-05-06,700,dowera,REGISTERED,Live/Registered,True,014,False
41,NEAR_1_SUBSTITUTION,1,97265312,8118690,ROSERA,2022-02-14,700,rosera,REGISTERED,Live/Registered,True,036,False
41,NEAR_1_SUBSTITUTION,1,97070613,7078161,DOSERT,2021-10-12,700,dosert,REGISTERED,Live/Registered,True,009,False
41,NEAR_1_SUBSTITUTION,1,79282093,6104434,JOSERA,2019-12-16,700,josera,REGISTERED,Live/Registered,True,031,False
41,NEAR_1_SUBSTITUTION,1,88707773,6654245,DASERA,2019-11-26,700,dasera,REGISTERED,Live/Registered,True,"009,035,042",True
41,NEAR_1_DELETION,1,88660732,6248502,OSERA,2019-10-18,700,osera,REGISTERED,Live/Registered,True,"003,025",True
41,NEAR_1_SUBSTITUTION,1,88519049,6057157,COSERA,2019-07-17,700,cosera,REGISTERED,Live/Registered,True,021,True
41,NEAR_1_SUBSTITUTION,1,87189748,5318476,DOSERX,2016-09-30,701,doserx,SECTION 8-ACCEPTED,Live/Registered,True,035,True
41,NEAR_1_SUBSTITUTION,1,79197795,5278892,DISERA,2016-07-22,706,disera,SECTION 71 ACCEPTED,Live/Registered,True,033,False
41,NEAR_1_SUBSTITUTION,1,86851035,5257062,EOSERA,2015-12-16,702,eosera,SECTION 8 & 15-ACCEPTED AND ACKNOWLEDGED,Live/Registered,True,005,True
41,NEAR_1_INSERTION,1,86134447,4567700,DOXSERÁ,2013-12-04,800,doxsera,REGISTERED AND RENEWED,Live/Registered,True,009,False
41,NEAR_1_SUBSTITUTION,1,77050768,3468593,BOSERA,2006-11-27,800,bosera,REGISTERED AND RENEWED,Live/Registered,True,036,False
41,NEAR_1_DELETION,1,75059265,2120870,DOSER,1996-02-16,800,doser,REGISTERED AND RENEWED,Live/Registered,True,010,True
41,NEAR_1_DELETION,1,98444238,,OSERA,2024-03-11,602,osera,ABANDONED-FAILURE TO RESPOND OR LATE RESPONSE,Dead/Abandoned,False,014,False
41,NEAR_1_DELETION,1,98444241,,OSERA,2024-03-11,602,osera,ABANDONED-FAILURE TO RESPOND OR LATE RESPONSE,Dead/Abandoned,False,014,False
41,NEAR_1_SUBSTITUTION,1,98146215,,JOSERA,2023-08-23,602,josera,ABANDONED-FAILURE TO RESPOND OR LATE RESPONSE,Dead/Abandoned,False,028,False
41,NEAR_1_SUBSTITUTION,1,90335916,6483018,SOSERA,2020-11-23,783,sosera,CANCELLED RECONSIDERED,Dead/Cancelled,False,,False
41,NEAR_1_SUBSTITUTION,1,88354069,5895105,DONERA,2019-03-25,710,donera,CANCELLED - SECTION 8,Dead/Cancelled,False,,False
41,NEAR_1_SUBSTITUTION,1,79111914,4311117,FOSERA,2012-02-03,404,fosera,IR CANCELLED; US REGISTRATION CANCELLED,Dead/Cancelled,False,,False
41,NEAR_1_SUBSTITUTION,1,85277886,4206968,DOG ERA,2011-03-26,710,dogera,CANCELLED - SECTION 8,Dead/Cancelled,False,,False
41,NEAR_1_SUBSTITUTION,1,79071547,3828478,DOMERA,2009-06-17,404,domera,IR CANCELLED; US REGISTRATION CANCELLED,Dead/Cancelled,False,,False
41,NEAR_1_SUBSTITUTION,1,77492409,,QOSERA,2008-06-05,602,qosera,ABANDONED-FAILURE TO RESPOND OR LATE RESPONSE,Dead/Abandoned,False,009,False
41,NEAR_1_SUBSTITUTION,1,77455231,,ROSERA,2008-04-22,602,rosera,ABANDONED-FAILURE TO RESPOND OR LATE RESPONSE,Dead/Abandoned,False,033,False
41,NEAR_1_DELETION,1,77453704,3540120,DSERA,2008-04-21,710,dsera,CANCELLED - SECTION 8,Dead/Cancelled,False,,False
41,NEAR_1_INSERTION,1,77344066,,DOSERAD,2007-12-04,602,doserad,ABANDONED-FAILURE TO RESPOND OR LATE RESPONSE,Dead/Abandoned,False,044,True
41,NEAR_1_SUBSTITUTION,1,78691303,,BOSERA,2005-08-12,606,bosera,ABANDONED - NO STATEMENT OF USE FILED,Dead/Abandoned,False,036,False
41,NEAR_1_SUBSTITUTION,1,78111500,,VOSERA,2002-02-27,606,vosera,ABANDONED - NO STATEMENT OF USE FILED,Dead/Abandoned,False,005,True
41,NEAR_1_SUBSTITUTION,1,76136834,,DOSE RX,2000-09-28,606,doserx,ABANDONED - NO STATEMENT OF USE FILED,Dead/Abandoned,False,"009,010,042",True
41,NEAR_1_SUBSTITUTION,1,76060613,2461673,POSERA,2000-05-31,710,posera,CANCELLED - SECTION 8,Dead/Cancelled,False,,False
41,NEAR_1_DELETION,1,74662298,,DOSER,1995-04-17,601,doser,ABANDONED - EXPRESS,Dead/Abandoned,False,,False
41,NEAR_1_DELETION,1,74487665,,DOSER,1994-02-07,602,doser,ABANDONED-FAILURE TO RESPOND OR LATE RESPONSE,Dead/Abandoned,False,,False
41,NEAR_1_INSERTION,1,74226365,,DROSERA,1991-11-27,606,drosera,ABANDONED - NO STATEMENT OF USE FILED,Dead/Abandoned,False,,False
41,NEAR_1_DELETION,1,73641537,,DOSER,1987-01-28,602,doser,ABANDONED-FAILURE TO RESPOND OR LATE RESPONSE,Dead/Abandoned,False,,False
42,NEAR_1_SUBSTITUTION,1,99841154,,MOSAIC,2026-05-22,630,mosaic,NEW APPLICATION - RECORD INITIALIZED NOT ASSIGNED TO EXAMINER,Live/Pending,True,020,False
42,NEAR_1_SUBSTITUTION,1,99788870,,MOSAIC,2026-04-27,630,mosaic,NEW APPLICATION - RECORD INITIALIZED NOT ASSIGNED TO EXAMINER,Live/Pending,True,"009,042",False
42,NEAR_1_SUBSTITUTION,1,99714659,,MOSAIC,2026-03-20,680,mosaic,APPROVED FOR PUBLICATION,Live/Pending,True,037,False
42,NEAR_1_SUBSTITUTION,1,99687605,,MOSAIC,2026-03-06,658,mosaic,PRIORITY ACTION MAILED,Live/Pending,True,"009,035,039,042",True
42,NEAR_1_SUBSTITUTION,1,99517316,,MOSAIC,2025-11-26,641,mosaic,NON-FINAL ACTION - MAILED,Live/Pending,True,042,False
42,NEAR_1_SUBSTITUTION,1,99517375,,MOSAIC,2025-11-26,641,mosaic,NON-FINAL ACTION - MAILED,Live/Pending,True,042,False
42,NEAR_1_SUBSTITUTION,1,99517384,,MOSAIC,2025-11-26,641,mosaic,NON-FINAL ACTION - MAILED,Live/Pending,True,042,False
42,NEAR_1_SUBSTITUTION,1,99406490,,MOSAIC,2025-09-22,686,mosaic,PUBLISHED FOR OPPOSITION,Live/Pending,True,009,False
42,NEAR_1_SUBSTITUTION,1,99372365,,MOSAIC,2025-09-03,653,mosaic,SUSPENSION LETTER - MAILED,Live/Pending,True,"009,035,036,042",True
42,NEAR_1_SUBSTITUTION,1,79443232,,COSAIC,2025-08-13,641,cosaic,NON-FINAL ACTION - MAILED,Live/Pending,True,"001,003,005,029,030,042",True
42,NEAR_1_SUBSTITUTION,1,99242231,8238859,MOSAIC,2025-06-19,700,mosaic,REGISTERED,Live/Registered,True,042,False
42,NEAR_1_SUBSTITUTION,1,99124327,8338692,LOSAIC,2025-04-07,700,losaic,REGISTERED,Live/Registered,True,025,False
42,NEAR_1_SUBSTITUTION,1,99095393,8107227,MOSAIC,2025-03-20,700,mosaic,REGISTERED,Live/Registered,True,041,False
42,NEAR_1_SUBSTITUTION,1,99031384,,MOSAIC,2025-02-06,730,mosaic,FIRST EXTENSION - GRANTED,Live/Pending,True,009,False
42,NEAR_1_SUBSTITUTION,1,98915089,,ROSAIC,2024-12-20,692,rosaic,WITHDRAWN BEFORE PUBLICATION,Live/Pending,True,"007,035,041,042",True
42,NEAR_1_SUBSTITUTION,1,98899504,,MOSAIC,2024-12-12,748,mosaic,STATEMENT OF USE - TO EXAMINER,Live/Pending,True,042,False
42,NEAR_1_SUBSTITUTION,1,98800199,,MOSAIC,2024-10-14,654,mosaic,REPORT COMPLETED SUSPENSION CHECK - CASE STILL SUSPENDED,Live/Pending,True,"035,037,039,042",True
42,NEAR_1_SUBSTITUTION,1,98773336,,MOSAIC,2024-09-27,731,mosaic,SECOND EXTENSION - GRANTED,Live/Pending,True,034,False
42,NEAR_1_SUBSTITUTION,1,79420511,,MOSAIC,2024-09-17,640,mosaic,NON-FINAL ACTION COUNTED - NOT MAILED,Live/Pending,True,"007,009,011,040,042",False
42,NEAR_1_SUBSTITUTION,1,98749621,,MOSAIC,2024-09-13,654,mosaic,REPORT COMPLETED SUSPENSION CHECK - CASE STILL SUSPENDED,Live/Pending,True,044,True
42,NEAR_1_SUBSTITUTION,1,98524683,,MOSAIC,2024-04-29,774,mosaic,OPPOSITION PENDING,Live/Pending,True,041,False
42,NEAR_1_SUBSTITUTION,1,98458752,7625747,MOSAIC,2024-03-20,700,mosaic,REGISTERED,Live/Registered,True,005,True
42,NEAR_1_SUBSTITUTION,1,98433792,,MOSAIC,2024-03-05,748,mosaic,STATEMENT OF USE - TO EXAMINER,Live/Pending,True,"009,020",False
42,NEAR_1_SUBSTITUTION,1,98313260,,MOSAIC,2023-12-13,733,mosaic,FOURTH EXTENSION - GRANTED,Live/Pending,True,015,False
42,NEAR_1_SUBSTITUTION,1,98161699,,MOSAIC,2023-09-01,732,mosaic,THIRD EXTENSION - GRANTED,Live/Pending,True,"037,042",False
42,NEAR_1_SUBSTITUTION,1,98001573,,MOSAIC,2023-05-17,654,mosaic,REPORT COMPLETED SUSPENSION CHECK - CASE STILL SUSPENDED,Live/Pending,True,"009,042",False
42,NEAR_1_DELETION,1,97934321,7788067,OSAIC,2023-05-12,700,osaic,REGISTERED,Live/Registered,True,"035,036,042",True
42,NEAR_1_SUBSTITUTION,1,97929869,7931331,MOSAIC,2023-05-10,700,mosaic,REGISTERED,Live/Registered,True,016,False
42,NEAR_1_SUBSTITUTION,1,97918712,7747641,MOSAIC,2023-05-03,700,mosaic,REGISTERED,Live/Registered,True,035,True
42,NEAR_1_DELETION,1,97893202,7788014,OSAIC,2023-04-18,700,osaic,REGISTERED,Live/Registered,True,"036,042",False
42,NEAR_1_SUBSTITUTION,1,97884105,,MOSAIC,2023-04-12,654,mosaic,REPORT COMPLETED SUSPENSION CHECK - CASE STILL SUSPENDED,Live/Pending,True,"009,016,035,041",True
42,NEAR_1_SUBSTITUTION,1,97773944,,MOSAIC,2023-01-30,654,mosaic,REPORT COMPLETED SUSPENSION CHECK - CASE STILL SUSPENDED,Live/Pending,True,009,False
42,NEAR_1_SUBSTITUTION,1,97483545,7969248,MOSAIC,2022-06-30,700,mosaic,REGISTERED,Live/Registered,True,"009,035,042,044",True
42,NEAR_1_SUBSTITUTION,1,97479810,8078827,MOSAIC,2022-06-28,700,mosaic,REGISTERED,Live/Registered,True,037,False
42,NEAR_1_SUBSTITUTION,1,97479818,8078828,MOSAIC,2022-06-28,700,mosaic,REGISTERED,Live/Registered,True,037,False
42,NEAR_1_SUBSTITUTION,1,97261808,7245621,MOSAIC,2022-02-10,700,mosaic,REGISTERED,Live/Registered,True,042,False
42,NEAR_1_SUBSTITUTION,1,97057763,7044544,MOSAIC,2021-10-04,700,mosaic,REGISTERED,Live/Registered,True,009,False
42,NEAR_1_SUBSTITUTION,1,90879092,6694083,MOSAIC,2021-08-12,700,mosaic,REGISTERED,Live/Registered,True,009,False
42,NEAR_1_SUBSTITUTION,1,90814232,6794758,MOSAIC,2021-07-07,700,mosaic,REGISTERED,Live/Registered,True,042,False
42,NEAR_1_SUBSTITUTION,1,90792967,,MOSAIC,2021-06-24,686,mosaic,PUBLISHED FOR OPPOSITION,Live/Pending,True,042,False
42,NEAR_1_SUBSTITUTION,1,90544626,8064273,MOSAIC,2021-02-24,700,mosaic,REGISTERED,Live/Registered,True,"041,043,045",False
42,NEAR_1_SUBSTITUTION,1,90542398,6927290,MOSAIC,2021-02-23,700,mosaic,REGISTERED,Live/Registered,True,"041,045",False
42,NEAR_1_SUBSTITUTION,1,79314478,6959290,MOSAIC,2021-02-16,700,mosaic,REGISTERED,Live/Registered,True,"007,009,017",False
42,NEAR_1_SUBSTITUTION,1,79310539,6749283,MOSAIC,2021-01-25,700,mosaic,REGISTERED,Live/Registered,True,028,False
42,NEAR_1_SUBSTITUTION,1,90318600,,MOSAIC,2020-11-13,819,mosaic,SU - REGISTRATION REVIEW COMPLETE,Live/Pending,True,042,False
42,NEAR_1_SUBSTITUTION,1,90289127,6433219,WOSAIC,2020-10-30,700,wosaic,REGISTERED,Live/Registered,True,020,False
42,NEAR_1_SUBSTITUTION,1,90196985,,MOSAIC,2020-09-21,654,mosaic,REPORT COMPLETED SUSPENSION CHECK - CASE STILL SUSPENDED,Live/Pending,True,042,False
42,NEAR_1_SUBSTITUTION,1,90192095,,MOSAIC,2020-09-18,654,mosaic,REPORT COMPLETED SUSPENSION CHECK - CASE STILL SUSPENDED,Live/Pending,True,042,False
42,NEAR_1_SUBSTITUTION,1,88957280,6238564,MOSAIC,2020-06-10,700,mosaic,REGISTERED,Live/Registered,True,009,False
42,NEAR_1_SUBSTITUTION,1,88953368,7781484,MOSAIC,2020-06-08,700,mosaic,REGISTERED,Live/Registered,True,016,False
42,NEAR_1_SUBSTITUTION,1,88869936,7374702,MOSAIC,2020-04-13,700,mosaic,REGISTERED,Live/Registered,True,009,False
42,NEAR_1_SUBSTITUTION,1,88770736,6555939,COSAIC,2020-01-23,700,cosaic,REGISTERED,Live/Registered,True,009,False
42,NEAR_1_SUBSTITUTION,1,88754880,6254716,MOSAIC,2020-01-10,700,mosaic,REGISTERED,Live/Registered,True,030,False
42,NEAR_1_SUBSTITUTION,1,88737414,7579930,MOSAIC,2019-12-23,700,mosaic,REGISTERED,Live/Registered,True,039,False
42,NEAR_1_SUBSTITUTION,1,88721293,,MOSAIC,2019-12-10,654,mosaic,REPORT COMPLETED SUSPENSION CHECK - CASE STILL SUSPENDED,Live/Pending,True,"009,016,035,038,041,044",True
42,NEAR_1_SUBSTITUTION,1,88679436,6074160,MOSAIC,2019-11-04,790,mosaic,CANCELLATION PENDING,Live/Registered,True,041,False
42,NEAR_1_SUBSTITUTION,1,88668165,6063685,MOSAIC,2019-10-24,702,mosaic,SECTION 8 & 15-ACCEPTED AND ACKNOWLEDGED,Live/Registered,True,045,False
42,NEAR_1_SUBSTITUTION,1,88640362,6192873,MOSAIC,2019-10-03,700,mosaic,REGISTERED,Live/Registered,True,021,True
42,NEAR_1_DELETION,1,88513069,5994934,OSAIC,2019-07-13,700,osaic,REGISTERED,Live/Registered,True,014,False
42,NEAR_1_SUBSTITUTION,1,88452913,6727019,MOSAIC,2019-05-30,700,mosaic,REGISTERED,Live/Registered,True,"036,042",False
42,NEAR_1_SUBSTITUTION,1,79266660,6121180,MOSAIC,2019-05-29,700,mosaic,REGISTERED,Live/Registered,True,009,False
42,NEAR_1_SUBSTITUTION,1,88136827,,MOSAIC,2018-09-28,654,mosaic,REPORT COMPLETED SUSPENSION CHECK - CASE STILL SUSPENDED,Live/Pending,True,"009,042",False
42,NEAR_1_SUBSTITUTION,1,88017726,7051360,MOSAIC,2018-06-27,700,mosaic,REGISTERED,Live/Registered,True,042,False
42,NEAR_1_SUBSTITUTION,1,87951505,5863941,MOSAIC,2018-06-06,702,mosaic,SECTION 8 & 15-ACCEPTED AND ACKNOWLEDGED,Live/Registered,True,042,False
42,NEAR_1_SUBSTITUTION,1,87831294,6104560,MOSAIC,2018-03-13,700,mosaic,REGISTERED,Live/Registered,True,"007,011",False
42,NEAR_1_SUBSTITUTION,1,87675303,6113962,MOSAIC,2017-11-07,700,mosaic,REGISTERED,Live/Registered,True,009,False
42,NEAR_1_SUBSTITUTION,1,87158791,5770073,MOSAIC,2016-09-01,702,mosaic,SECTION 8 & 15-ACCEPTED AND ACKNOWLEDGED,Live/Registered,True,044,True
42,NEAR_1_SUBSTITUTION,1,87158804,5643974,MOSAIC,2016-09-01,702,mosaic,SECTION 8 & 15-ACCEPTED AND ACKNOWLEDGED,Live/Registered,True,041,False
42,NEAR_1_SUBSTITUTION,1,87030029,5257466,MOSAIC,2016-05-09,702,mosaic,SECTION 8 & 15-ACCEPTED AND ACKNOWLEDGED,Live/Registered,True,009,False
42,NEAR_1_SUBSTITUTION,1,86961817,5178033,MOSAIC,2016-04-01,701,mosaic,SECTION 8-ACCEPTED,Live/Registered,True,016,False
42,NEAR_1_SUBSTITUTION,1,86897141,5167961,VOSAIC,2016-02-04,800,vosaic,REGISTERED AND RENEWED,Live/Registered,True,"009,042",False
42,NEAR_1_SUBSTITUTION,1,86851649,4993462,MOSAIC,2015-12-16,702,mosaic,SECTION 8 & 15-ACCEPTED AND ACKNOWLEDGED,Live/Registered,True,036,False
42,NEAR_1_SUBSTITUTION,1,86721102,5261651,MOSAIC,2015-08-11,702,mosaic,SECTION 8 & 15-ACCEPTED AND ACKNOWLEDGED,Live/Registered,True,010,True
42,NEAR_1_SUBSTITUTION,1,86646054,5116932,MOSAIC,2015-05-29,702,mosaic,SECTION 8 & 15-ACCEPTED AND ACKNOWLEDGED,Live/Registered,True,"035,042",True
42,NEAR_1_SUBSTITUTION,1,86592886,5841953,MOSAIC,2015-04-09,702,mosaic,SECTION 8 & 15-ACCEPTED AND ACKNOWLEDGED,Live/Registered,True,"011,019,020",False
42,NEAR_1_SUBSTITUTION,1,86557963,5906008,MOSAIC,2015-03-09,702,mosaic,SECTION 8 & 15-ACCEPTED AND ACKNOWLEDGED,Live/Registered,True,035,True
42,NEAR_1_SUBSTITUTION,1,86486355,4794009,MOSAIC,2014-12-19,800,mosaic,REGISTERED AND RENEWED,Live/Registered,True,012,False
42,NEAR_1_SUBSTITUTION,1,86257756,4879339,MOSAIC,2014-04-21,702,mosaic,SECTION 8 & 15-ACCEPTED AND ACKNOWLEDGED,Live/Registered,True,009,False
42,NEAR_1_SUBSTITUTION,1,86205016,5191542,MOSAIC,2014-02-26,702,mosaic,SECTION 8 & 15-ACCEPTED AND ACKNOWLEDGED,Live/Registered,True,005,True
42,NEAR_1_SUBSTITUTION,1,86174333,5186799,MOSAIC,2014-01-24,702,mosaic,SECTION 8 & 15-ACCEPTED AND ACKNOWLEDGED,Live/Registered,True,009,False
42,NEAR_1_SUBSTITUTION,1,85971945,4595421,MOSAIC,2013-06-27,800,mosaic,REGISTERED AND RENEWED,Live/Registered,True,032,False
42,NEAR_1_SUBSTITUTION,1,85928058,4595327,MOSAIC,2013-05-09,800,mosaic,REGISTERED AND RENEWED,Live/Registered,True,036,False
42,NEAR_1_SUBSTITUTION,1,85902853,4635193,MOSAIC,2013-04-12,800,mosaic,REGISTERED AND RENEWED,Live/Registered,True,044,True
42,NEAR_1_SUBSTITUTION,1,85680497,4827359,MOSAIC,2012-07-18,800,mosaic,REGISTERED AND RENEWED,Live/Registered,True,044,True
42,NEAR_1_SUBSTITUTION,1,85425335,5186688,MOSAIC,2011-09-17,702,mosaic,SECTION 8 & 15-ACCEPTED AND ACKNOWLEDGED,Live/Registered,True,"035,036,039,041",True
42,NEAR_1_SUBSTITUTION,1,85404945,4558133,MOSAIC,2011-08-23,800,mosaic,REGISTERED AND RENEWED,Live/Registered,True,035,True
42,NEAR_1_SUBSTITUTION,1,85088751,3984257,MOSAIC,2010-07-20,800,mosaic,REGISTERED AND RENEWED,Live/Registered,True,"041,043,045",False
42,NEAR_1_SUBSTITUTION,1,77796859,3762874,MOSAIC,2009-08-04,800,mosaic,REGISTERED AND RENEWED,Live/Registered,True,038,False
42,NEAR_1_SUBSTITUTION,1,77731539,3829328,MOSAIC,2009-05-07,800,mosaic,REGISTERED AND RENEWED,Live/Registered,True,009,False
42,NEAR_1_SUBSTITUTION,1,77466800,3690192,MOSAIC,2008-05-06,800,mosaic,REGISTERED AND RENEWED,Live/Registered,True,038,False
42,NEAR_1_SUBSTITUTION,1,77387051,3498583,MOSAIC,2008-02-01,800,mosaic,REGISTERED AND RENEWED,Live/Registered,True,045,False
42,NEAR_1_SUBSTITUTION,1,77277052,3511002,MOSAIC,2007-09-11,800,mosaic,REGISTERED AND RENEWED,Live/Registered,True,041,False
42,NEAR_1_SUBSTITUTION,1,77217808,3470658,MOSAIC,2007-06-28,800,mosaic,REGISTERED AND RENEWED,Live/Registered,True,036,False
42,NEAR_1_SUBSTITUTION,1,78855640,3459569,MOSAIC,2006-04-06,800,mosaic,REGISTERED AND RENEWED,Live/Registered,True,038,False
42,NEAR_1_SUBSTITUTION,1,78821284,3428458,MOSAIC,2006-02-23,800,mosaic,REGISTERED AND RENEWED,Live/Registered,True,011,False
42,NEAR_1_SUBSTITUTION,1,78511216,3045572,MOSAIC,2004-11-04,800,mosaic,REGISTERED AND RENEWED,Live/Registered,True,010,True
42,NEAR_1_SUBSTITUTION,1,76608854,3122382,MOSAIC,2004-08-23,800,mosaic,REGISTERED AND RENEWED,Live/Registered,True,009,False
42,NEAR_1_SUBSTITUTION,1,78439171,3143106,MOSAIC,2004-06-22,800,mosaic,REGISTERED AND RENEWED,Live/Registered,True,"001,005",True
42,NEAR_1_SUBSTITUTION,1,78427832,3143074,MOSAIC,2004-06-01,800,mosaic,REGISTERED AND RENEWED,Live/Registered,True,"001,005",True
42,NEAR_1_SUBSTITUTION,1,78418289,3066754,MOSAIC,2004-05-13,800,mosaic,REGISTERED AND RENEWED,Live/Registered,True,014,False
42,NEAR_1_SUBSTITUTION,1,76570620,3096090,MOSAIC,2004-01-16,800,mosaic,REGISTERED AND RENEWED,Live/Registered,True,"029,030",False
42,NEAR_1_SUBSTITUTION,1,76294907,2845489,MOSAIC,2001-08-03,800,mosaic,REGISTERED AND RENEWED,Live/Registered,True,041,False
42,NEAR_1_SUBSTITUTION,1,76112072,2793518,MOSAIC,2000-08-17,800,mosaic,REGISTERED AND RENEWED,Live/Registered,True,041,False
42,NEAR_1_SUBSTITUTION,1,75833133,2464586,MOSAIC,1999-10-27,800,mosaic,REGISTERED AND RENEWED,Live/Registered,True,019,False
42,NEAR_1_SUBSTITUTION,1,75623297,2414581,MOSAIC,1999-01-19,800,mosaic,REGISTERED AND RENEWED,Live/Registered,True,030,False
42,NEAR_1_SUBSTITUTION,1,75613594,2314272,MOSAIC,1998-12-30,800,mosaic,REGISTERED AND RENEWED,Live/Registered,True,035,True
42,NEAR_1_SUBSTITUTION,1,75545820,2359354,MOSAIC,1998-09-01,800,mosaic,REGISTERED AND RENEWED,Live/Registered,True,"035,041",True
42,NEAR_1_SUBSTITUTION,1,75250279,2551401,MOSAIC,1997-03-03,800,mosaic,REGISTERED AND RENEWED,Live/Registered,True,009,False
42,NEAR_1_SUBSTITUTION,1,75250280,2183588,MOSAIC,1997-03-03,800,mosaic,REGISTERED AND RENEWED,Live/Registered,True,016,False
42,NEAR_1_SUBSTITUTION,1,75250398,2551402,MOSAIC,1997-03-03,800,mosaic,REGISTERED AND RENEWED,Live/Registered,True,035,True
42,NEAR_1_SUBSTITUTION,1,74313198,1802931,MOSAIC,1992-09-14,800,mosaic,REGISTERED AND RENEWED,Live/Registered,True,039,False
42,NEAR_1_SUBSTITUTION,1,74000159,1840103,MOSAIC,1989-11-16,800,mosaic,REGISTERED AND RENEWED,Live/Registered,True,042,False
42,NEAR_1_SUBSTITUTION,1,73727251,1567448,MOSAIC,1988-05-09,800,mosaic,REGISTERED AND RENEWED,Live/Registered,True,033,False
42,NEAR_1_SUBSTITUTION,1,99353271,,MOSAIC,2025-08-22,602,mosaic,ABANDONED-FAILURE TO RESPOND OR LATE RESPONSE,Dead/Abandoned,False,033,False
42,NEAR_1_SUBSTITUTION,1,99337734,,MOSAIC,2025-08-14,602,mosaic,ABANDONED-FAILURE TO RESPOND OR LATE RESPONSE,Dead/Abandoned,False,042,False
42,NEAR_1_SUBSTITUTION,1,98792451,,MOSAIC,2024-10-09,602,mosaic,ABANDONED-FAILURE TO RESPOND OR LATE RESPONSE,Dead/Abandoned,False,042,False
42,NEAR_1_SUBSTITUTION,1,98717088,,MOSAIC,2024-08-26,602,mosaic,ABANDONED-FAILURE TO RESPOND OR LATE RESPONSE,Dead/Abandoned,False,037,False
42,NEAR_1_SUBSTITUTION,1,98392724,,MOSAIC,2024-02-05,602,mosaic,ABANDONED-FAILURE TO RESPOND OR LATE RESPONSE,Dead/Abandoned,False,003,True
42,NEAR_1_SUBSTITUTION,1,98335041,,MOSAIC.,2023-12-29,602,mosaic,ABANDONED-FAILURE TO RESPOND OR LATE RESPONSE,Dead/Abandoned,False,027,False
42,NEAR_1_SUBSTITUTION,1,97908593,,MOSAIC,2023-04-26,602,mosaic,ABANDONED-FAILURE TO RESPOND OR LATE RESPONSE,Dead/Abandoned,False,041,False
42,NEAR_1_SUBSTITUTION,1,97902615,,MOSAIC,2023-04-23,602,mosaic,ABANDONED-FAILURE TO RESPOND OR LATE RESPONSE,Dead/Abandoned,False,"030,033,035,040",True
42,NEAR_1_SUBSTITUTION,1,97791167,,MOSAIC.,2023-02-12,602,mosaic,ABANDONED-FAILURE TO RESPOND OR LATE RESPONSE,Dead/Abandoned,False,019,False
42,NEAR_1_SUBSTITUTION,1,97680176,,MOSAIC,2022-11-16,601,mosaic,ABANDONED - EXPRESS,Dead/Abandoned,False,042,False
42,NEAR_1_SUBSTITUTION,1,97630294,,MOSAIC,2022-10-13,601,mosaic,ABANDONED - EXPRESS,Dead/Abandoned,False,042,False
42,NEAR_1_SUBSTITUTION,1,97624284,,M.O.S.A.I.C.,2022-10-08,602,mosaic,ABANDONED-FAILURE TO RESPOND OR LATE RESPONSE,Dead/Abandoned,False,"035,041",True
42,NEAR_1_SUBSTITUTION,1,97479814,,MOSAIC,2022-06-28,606,mosaic,ABANDONED - NO STATEMENT OF USE FILED,Dead/Abandoned,False,037,False
42,NEAR_1_SUBSTITUTION,1,97976008,,MOSAIC,2022-06-28,606,mosaic,ABANDONED - NO STATEMENT OF USE FILED,Dead/Abandoned,False,"035,036,042",True
42,NEAR_1_SUBSTITUTION,1,97976009,,MOSAIC,2022-06-28,606,mosaic,ABANDONED - NO STATEMENT OF USE FILED,Dead/Abandoned,False,"035,036,042",True
42,NEAR_1_SUBSTITUTION,1,97976010,,MOSAIC,2022-06-28,606,mosaic,ABANDONED - NO STATEMENT OF USE FILED,Dead/Abandoned,False,"035,036,042",True
42,NEAR_1_SUBSTITUTION,1,97243372,,MOSAIC,2022-01-28,604,mosaic,ABANDONED - AFTER INTER-PARTES DECISION,Dead/Abandoned,False,,False
42,NEAR_1_SUBSTITUTION,1,90793359,,MOSAIC,2021-06-24,602,mosaic,ABANDONED-FAILURE TO RESPOND OR LATE RESPONSE,Dead/Abandoned,False,009,False
42,NEAR_1_SUBSTITUTION,1,90739787,,KOSAIC,2021-05-27,602,kosaic,ABANDONED-FAILURE TO RESPOND OR LATE RESPONSE,Dead/Abandoned,False,"009,011,039,042",False
42,NEAR_1_SUBSTITUTION,1,90577436,,MOSAIC,2021-03-13,602,mosaic,ABANDONED-FAILURE TO RESPOND OR LATE RESPONSE,Dead/Abandoned,False,011,False
42,NEAR_1_SUBSTITUTION,1,90350103,,MOSAIC,2020-11-30,602,mosaic,ABANDONED-FAILURE TO RESPOND OR LATE RESPONSE,Dead/Abandoned,False,003,True
42,NEAR_1_SUBSTITUTION,1,90121731,,MOSAIC,2020-08-18,601,mosaic,ABANDONED - EXPRESS,Dead/Abandoned,False,009,False
42,NEAR_1_SUBSTITUTION,1,88682924,,MOSAIC,2019-11-06,602,mosaic,ABANDONED-FAILURE TO RESPOND OR LATE RESPONSE,Dead/Abandoned,False,"009,042",False
42,NEAR_1_SUBSTITUTION,1,88653753,,MOSAIC,2019-10-14,602,mosaic,ABANDONED-FAILURE TO RESPOND OR LATE RESPONSE,Dead/Abandoned,False,031,False
42,NEAR_1_SUBSTITUTION,1,88618413,,MOSAIC,2019-09-16,602,mosaic,ABANDONED-FAILURE TO RESPOND OR LATE RESPONSE,Dead/Abandoned,False,"009,041",False
42,NEAR_1_SUBSTITUTION,1,88609070,,MOSAIC,2019-09-09,601,mosaic,ABANDONED - EXPRESS,Dead/Abandoned,False,"042,044",True
42,NEAR_1_SUBSTITUTION,1,88589140,,DOSSIC,2019-08-22,602,dossic,ABANDONED-FAILURE TO RESPOND OR LATE RESPONSE,Dead/Abandoned,False,025,False
42,NEAR_1_SUBSTITUTION,1,88520068,,MOSAIC,2019-07-17,606,mosaic,ABANDONED - NO STATEMENT OF USE FILED,Dead/Abandoned,False,"009,041,042,045",False
42,NEAR_1_SUBSTITUTION,1,88423233,5897231,MOSAIC,2019-05-09,713,mosaic,CANCELLED - SECTION 18,Dead/Cancelled,False,,False
42,NEAR_1_SUBSTITUTION,1,88362904,,MOSAIC,2019-03-29,602,mosaic,ABANDONED-FAILURE TO RESPOND OR LATE RESPONSE,Dead/Abandoned,False,042,False
42,NEAR_1_SUBSTITUTION,1,88318220,,MOSAIC,2019-02-27,604,mosaic,ABANDONED - AFTER INTER-PARTES DECISION,Dead/Abandoned,False,,False
42,NEAR_1_SUBSTITUTION,1,88256742,,MOSAIC,2019-01-10,602,mosaic,ABANDONED-FAILURE TO RESPOND OR LATE RESPONSE,Dead/Abandoned,False,041,False
42,NEAR_1_SUBSTITUTION,1,88227375,,MOSAIC,2018-12-12,606,mosaic,ABANDONED - NO STATEMENT OF USE FILED,Dead/Abandoned,False,"003,005,034",True
42,NEAR_1_SUBSTITUTION,1,88182469,,MOSAIC,2018-11-05,602,mosaic,ABANDONED-FAILURE TO RESPOND OR LATE RESPONSE,Dead/Abandoned,False,041,False
42,NEAR_1_SUBSTITUTION,1,88129759,,MOSAIC,2018-09-24,602,mosaic,ABANDONED-FAILURE TO RESPOND OR LATE RESPONSE,Dead/Abandoned,False,035,True
42,NEAR_1_SUBSTITUTION,1,88113844,,MOSAIC,2018-09-12,600,mosaic,ABANDONED - INCOMPLETE RESPONSE,Dead/Abandoned,False,042,False
42,NEAR_1_SUBSTITUTION,1,88976045,,MOSAIC,2018-09-12,606,mosaic,ABANDONED - NO STATEMENT OF USE FILED,Dead/Abandoned,False,042,False
42,NEAR_1_SUBSTITUTION,1,88103155,,MOSAIC,2018-09-04,602,mosaic,ABANDONED-FAILURE TO RESPOND OR LATE RESPONSE,Dead/Abandoned,False,009,False
42,NEAR_1_SUBSTITUTION,1,88088872,,MOSAIC,2018-08-22,602,mosaic,ABANDONED-FAILURE TO RESPOND OR LATE RESPONSE,Dead/Abandoned,False,010,True
42,NEAR_1_SUBSTITUTION,1,88088894,,MOSAIC,2018-08-22,602,mosaic,ABANDONED-FAILURE TO RESPOND OR LATE RESPONSE,Dead/Abandoned,False,010,True
42,NEAR_1_SUBSTITUTION,1,87961244,,MOSAIC,2018-06-13,602,mosaic,ABANDONED-FAILURE TO RESPOND OR LATE RESPONSE,Dead/Abandoned,False,"009,035,036,042",True
42,NEAR_1_SUBSTITUTION,1,87900324,,MOSAIC,2018-04-30,604,mosaic,ABANDONED - AFTER INTER-PARTES DECISION,Dead/Abandoned,False,,False
42,NEAR_1_SUBSTITUTION,1,87889922,5622511,MOSAIC,2018-04-24,710,mosaic,CANCELLED - SECTION 8,Dead/Cancelled,False,,False
42,NEAR_1_SUBSTITUTION,1,87852985,5673110,MOSAIC,2018-03-28,710,mosaic,CANCELLED - SECTION 8,Dead/Cancelled,False,,False
42,NEAR_1_SUBSTITUTION,1,87728459,,MOSAIC,2017-12-20,606,mosaic,ABANDONED - NO STATEMENT OF USE FILED,Dead/Abandoned,False,011,False
42,NEAR_1_SUBSTITUTION,1,87694782,,MOSAIC,2017-11-22,602,mosaic,ABANDONED-FAILURE TO RESPOND OR LATE RESPONSE,Dead/Abandoned,False,042,False
42,NEAR_1_SUBSTITUTION,1,87647473,,MOSAIC,2017-10-16,602,mosaic,ABANDONED-FAILURE TO RESPOND OR LATE RESPONSE,Dead/Abandoned,False,040,False
42,NEAR_1_SUBSTITUTION,1,87611099,,MOSAIC,2017-09-16,604,mosaic,ABANDONED - AFTER INTER-PARTES DECISION,Dead/Abandoned,False,,False
42,NEAR_1_SUBSTITUTION,1,87599496,,MOSAIC,2017-09-07,602,mosaic,ABANDONED-FAILURE TO RESPOND OR LATE RESPONSE,Dead/Abandoned,False,035,True
42,NEAR_1_SUBSTITUTION,1,87333963,,MOSAIC,2017-02-13,602,mosaic,ABANDONED-FAILURE TO RESPOND OR LATE RESPONSE,Dead/Abandoned,False,035,True
42,NEAR_1_SUBSTITUTION,1,87314536,,MOSAIC,2017-01-26,602,mosaic,ABANDONED-FAILURE TO RESPOND OR LATE RESPONSE,Dead/Abandoned,False,032,False
42,NEAR_1_SUBSTITUTION,1,87245658,,MOSAIC,2016-11-22,604,mosaic,ABANDONED - AFTER INTER-PARTES DECISION,Dead/Abandoned,False,,False
42,NEAR_1_SUBSTITUTION,1,86932375,,MOSAIC,2016-03-08,604,mosaic,ABANDONED - AFTER INTER-PARTES DECISION,Dead/Abandoned,False,,False
42,NEAR_1_SUBSTITUTION,1,86865065,,MOSAIC,2016-01-04,604,mosaic,ABANDONED - AFTER INTER-PARTES DECISION,Dead/Abandoned,False,,False
42,NEAR_1_SUBSTITUTION,1,86831241,,MOSAIC,2015-11-24,602,mosaic,ABANDONED-FAILURE TO RESPOND OR LATE RESPONSE,Dead/Abandoned,False,016,False
42,NEAR_1_SUBSTITUTION,1,86719519,,MOSAIC,2015-08-10,602,mosaic,ABANDONED-FAILURE TO RESPOND OR LATE RESPONSE,Dead/Abandoned,False,010,True
42,NEAR_1_SUBSTITUTION,1,86669459,,MOSAIC,2015-06-22,602,mosaic,ABANDONED-FAILURE TO RESPOND OR LATE RESPONSE,Dead/Abandoned,False,009,False
42,NEAR_1_SUBSTITUTION,1,86577567,,MOSAIC,2015-03-26,602,mosaic,ABANDONED-FAILURE TO RESPOND OR LATE RESPONSE,Dead/Abandoned,False,020,False
42,NEAR_1_SUBSTITUTION,1,86552017,,MOSAIC,2015-03-03,602,mosaic,ABANDONED-FAILURE TO RESPOND OR LATE RESPONSE,Dead/Abandoned,False,032,False
42,NEAR_1_SUBSTITUTION,1,86504084,5595920,MOSAIC,2015-01-15,710,mosaic,CANCELLED - SECTION 8,Dead/Cancelled,False,,False
42,NEAR_1_SUBSTITUTION,1,86470630,,MOSAIC,2014-12-03,602,mosaic,ABANDONED-FAILURE TO RESPOND OR LATE RESPONSE,Dead/Abandoned,False,040,False
42,NEAR_1_SUBSTITUTION,1,86467359,4777099,DOSAIL,2014-12-01,710,dosail,CANCELLED - SECTION 8,Dead/Cancelled,False,,False
42,NEAR_1_SUBSTITUTION,1,86315894,4649333,MOSAIC,2014-06-20,710,mosaic,CANCELLED - SECTION 8,Dead/Cancelled,False,,False
42,NEAR_1_SUBSTITUTION,1,86171084,4584476,MOSAIC,2014-01-21,710,mosaic,CANCELLED - SECTION 8,Dead/Cancelled,False,,False
42,NEAR_1_SUBSTITUTION,1,86152489,5438469,MOSAIC,2013-12-26,710,mosaic,CANCELLED - SECTION 8,Dead/Cancelled,False,,False
42,NEAR_1_INSERTION,1,86136061,,DOSANIC,2013-12-05,606,dosanic,ABANDONED - NO STATEMENT OF USE FILED,Dead/Abandoned,False,043,False
42,NEAR_1_SUBSTITUTION,1,86035044,,MOSAIC,2013-08-12,604,mosaic,ABANDONED - AFTER INTER-PARTES DECISION,Dead/Abandoned,False,,False
42,NEAR_1_SUBSTITUTION,1,76714305,,MOSAIC,2013-06-03,602,mosaic,ABANDONED-FAILURE TO RESPOND OR LATE RESPONSE,Dead/Abandoned,False,009,False
42,NEAR_1_SUBSTITUTION,1,85945921,4557265,MOSAIC,2013-05-30,710,mosaic,CANCELLED - SECTION 8,Dead/Cancelled,False,,False
42,NEAR_1_SUBSTITUTION,1,85946660,4509590,MOSAIC,2013-05-30,710,mosaic,CANCELLED - SECTION 8,Dead/Cancelled,False,,False
42,NEAR_1_SUBSTITUTION,1,85841065,4712954,MOSAIC,2013-02-05,710,mosaic,CANCELLED - SECTION 8,Dead/Cancelled,False,,False
42,NEAR_1_SUBSTITUTION,1,85793006,,MOSAIC,2012-12-03,602,mosaic,ABANDONED-FAILURE TO RESPOND OR LATE RESPONSE,Dead/Abandoned,False,"009,041",False
42,NEAR_1_SUBSTITUTION,1,85768377,4357948,MOSAIC,2012-10-31,710,mosaic,CANCELLED - SECTION 8,Dead/Cancelled,False,,False
42,NEAR_1_SUBSTITUTION,1,85756666,4704202,MOSAIC,2012-10-17,710,mosaic,CANCELLED - SECTION 8,Dead/Cancelled,False,,False
42,NEAR_1_SUBSTITUTION,1,85740430,4548406,MOSAIC,2012-09-27,710,mosaic,CANCELLED - SECTION 8,Dead/Cancelled,False,,False
42,NEAR_1_SUBSTITUTION,1,85631760,4625325,MOSAIC,2012-05-22,710,mosaic,CANCELLED - SECTION 8,Dead/Cancelled,False,,False
42,NEAR_1_SUBSTITUTION,1,85605418,,MOSAIC,2012-04-23,606,mosaic,ABANDONED - NO STATEMENT OF USE FILED,Dead/Abandoned,False,032,False
42,NEAR_1_SUBSTITUTION,1,85574580,5036698,MOSAIC,2012-03-20,710,mosaic,CANCELLED - SECTION 8,Dead/Cancelled,False,,False
42,NEAR_1_SUBSTITUTION,1,85481241,,MOSAIC,2011-11-28,602,mosaic,ABANDONED-FAILURE TO RESPOND OR LATE RESPONSE,Dead/Abandoned,False,"009,042",False
42,NEAR_1_SUBSTITUTION,1,85459690,,MOSAIC,2011-10-29,606,mosaic,ABANDONED - NO STATEMENT OF USE FILED,Dead/Abandoned,False,"009,042",False
42,NEAR_1_SUBSTITUTION,1,85448840,4496799,MOSAIC,2011-10-17,713,mosaic,CANCELLED - SECTION 18,Dead/Cancelled,False,,False
42,NEAR_1_SUBSTITUTION,1,85423469,4340747,MOSAIC,2011-09-15,710,mosaic,CANCELLED - SECTION 8,Dead/Cancelled,False,,False
42,NEAR_1_SUBSTITUTION,1,85405108,4558134,MOSAIC,2011-08-23,710,mosaic,CANCELLED - SECTION 8,Dead/Cancelled,False,,False
42,NEAR_1_SUBSTITUTION,1,85395204,,MOSAÏC,2011-08-11,602,mosaic,ABANDONED-FAILURE TO RESPOND OR LATE RESPONSE,Dead/Abandoned,False,"029,030",False
42,NEAR_1_SUBSTITUTION,1,85387270,,MOSAIC,2011-08-02,602,mosaic,ABANDONED-FAILURE TO RESPOND OR LATE RESPONSE,Dead/Abandoned,False,009,False
42,NEAR_1_SUBSTITUTION,1,85351451,,MOSAIC,2011-06-21,606,mosaic,ABANDONED - NO STATEMENT OF USE FILED,Dead/Abandoned,False,005,True
42,NEAR_1_SUBSTITUTION,1,85298623,,MOSAIC,2011-04-19,602,mosaic,ABANDONED-FAILURE TO RESPOND OR LATE RESPONSE,Dead/Abandoned,False,001,False
42,NEAR_1_SUBSTITUTION,1,85263509,,MOSAIC,2011-03-10,601,mosaic,ABANDONED - EXPRESS,Dead/Abandoned,False,025,False
42,NEAR_1_SUBSTITUTION,1,85164328,,MOSAIC,2010-10-29,602,mosaic,ABANDONED-FAILURE TO RESPOND OR LATE RESPONSE,Dead/Abandoned,False,041,False
42,NEAR_1_SUBSTITUTION,1,85051683,,VOSAIC,2010-06-01,606,vosaic,ABANDONED - NO STATEMENT OF USE FILED,Dead/Abandoned,False,005,True
42,NEAR_1_SUBSTITUTION,1,79083015,,MOSAIC,2010-04-22,602,mosaic,ABANDONED-FAILURE TO RESPOND OR LATE RESPONSE,Dead/Abandoned,False,,False
42,NEAR_1_SUBSTITUTION,1,77949636,,MOSAIC,2010-03-03,606,mosaic,ABANDONED - NO STATEMENT OF USE FILED,Dead/Abandoned,False,"035,041",True
42,NEAR_1_SUBSTITUTION,1,77919343,3915910,MOSAIC,2010-01-25,710,mosaic,CANCELLED - SECTION 8,Dead/Cancelled,False,,False
42,NEAR_1_SUBSTITUTION,1,79071425,,MOSAIC,2009-05-07,402,mosaic,IR CANCELLED; US APPLICATION ABANDONED,Dead/Abandoned,False,,False
42,NEAR_1_SUBSTITUTION,1,77717738,,MOSAIC,2009-04-20,602,mosaic,ABANDONED-FAILURE TO RESPOND OR LATE RESPONSE,Dead/Abandoned,False,009,False
42,NEAR_1_SUBSTITUTION,1,77687232,,MOSAIC,2009-03-10,606,mosaic,ABANDONED - NO STATEMENT OF USE FILED,Dead/Abandoned,False,009,False
42,NEAR_1_SUBSTITUTION,1,77666265,,MOSAIC,2009-02-09,602,mosaic,ABANDONED-FAILURE TO RESPOND OR LATE RESPONSE,Dead/Abandoned,False,003,True
42,NEAR_1_SUBSTITUTION,1,77616027,,MOSAIC,2008-11-17,606,mosaic,ABANDONED - NO STATEMENT OF USE FILED,Dead/Abandoned,False,019,False
42,NEAR_1_SUBSTITUTION,1,77488161,,MOSAIC,2008-06-01,602,mosaic,ABANDONED-FAILURE TO RESPOND OR LATE RESPONSE,Dead/Abandoned,False,021,True
42,NEAR_1_SUBSTITUTION,1,77468399,,MOSAIC,2008-05-07,602,mosaic,ABANDONED-FAILURE TO RESPOND OR LATE RESPONSE,Dead/Abandoned,False,009,False
42,NEAR_1_SUBSTITUTION,1,77439543,,MOSAIC,2008-04-03,606,mosaic,ABANDONED - NO STATEMENT OF USE FILED,Dead/Abandoned,False,009,False
42,NEAR_1_SUBSTITUTION,1,77435439,,FOSAIC,2008-03-31,602,fosaic,ABANDONED-FAILURE TO RESPOND OR LATE RESPONSE,Dead/Abandoned,False,016,False
42,NEAR_1_SUBSTITUTION,1,77362786,,MOSAIC,2008-01-02,602,mosaic,ABANDONED-FAILURE TO RESPOND OR LATE RESPONSE,Dead/Abandoned,False,003,True
42,NEAR_1_SUBSTITUTION,1,79050697,3752379,MOSAIC,2007-11-19,404,mosaic,IR CANCELLED; US REGISTRATION CANCELLED,Dead/Cancelled,False,,False
42,NEAR_1_SUBSTITUTION,1,77271151,3514979,MOSAIC,2007-09-04,710,mosaic,CANCELLED - SECTION 8,Dead/Cancelled,False,,False
42,NEAR_1_SUBSTITUTION,1,77256754,3968226,MOSAIC,2007-08-16,713,mosaic,CANCELLED - SECTION 18,Dead/Cancelled,False,,False
42,NEAR_1_SUBSTITUTION,1,77179292,,MOSAIC,2007-05-11,602,mosaic,ABANDONED-FAILURE TO RESPOND OR LATE RESPONSE,Dead/Abandoned,False,037,False
42,NEAR_1_SUBSTITUTION,1,76672307,3485449,MOSAIC,2007-02-07,710,mosaic,CANCELLED - SECTION 8,Dead/Cancelled,False,,False
42,NEAR_1_SUBSTITUTION,1,77083570,,MOSAIC,2007-01-16,602,mosaic,ABANDONED-FAILURE TO RESPOND OR LATE RESPONSE,Dead/Abandoned,False,020,False
42,NEAR_1_SUBSTITUTION,1,77080912,,MOSAIC,2007-01-11,602,mosaic,ABANDONED-FAILURE TO RESPOND OR LATE RESPONSE,Dead/Abandoned,False,038,False
42,NEAR_1_SUBSTITUTION,1,77062812,,MOSAIC,2006-12-12,606,mosaic,ABANDONED - NO STATEMENT OF USE FILED,Dead/Abandoned,False,035,True
42,NEAR_1_SUBSTITUTION,1,77982641,4060791,MOSAIC,2006-12-12,710,mosaic,CANCELLED - SECTION 8,Dead/Cancelled,False,,False
42,NEAR_1_SUBSTITUTION,1,77010060,3803500,MOSAIC,2006-09-28,710,mosaic,CANCELLED - SECTION 8,Dead/Cancelled,False,,False
42,NEAR_1_SUBSTITUTION,1,78952741,,MOSAIC,2006-08-15,603,mosaic,ABANDONED - AFTER EX PARTE APPEAL,Dead/Abandoned,False,029,False
42,NEAR_1_SUBSTITUTION,1,78944113,,VOSAIC,2006-08-03,606,vosaic,ABANDONED - NO STATEMENT OF USE FILED,Dead/Abandoned,False,005,True
42,NEAR_1_SUBSTITUTION,1,78933031,3318105,MOSAIC,2006-07-19,711,mosaic,CANCELLED - SECTION 7,Dead/Cancelled,False,,False
42,NEAR_1_SUBSTITUTION,1,78885309,3260601,MOSAIC,2006-05-17,710,mosaic,CANCELLED - SECTION 8,Dead/Cancelled,False,,False
42,NEAR_1_SUBSTITUTION,1,78852604,,MOSAIC,2006-04-03,601,mosaic,ABANDONED - EXPRESS,Dead/Abandoned,False,"036,043",False
42,NEAR_1_SUBSTITUTION,1,78832690,,MOSAIC,2006-03-08,602,mosaic,ABANDONED-FAILURE TO RESPOND OR LATE RESPONSE,Dead/Abandoned,False,"035,042",True
42,NEAR_1_SUBSTITUTION,1,78782289,3386562,MOSAIC,2005-12-29,710,mosaic,CANCELLED - SECTION 8,Dead/Cancelled,False,,False
42,NEAR_1_SUBSTITUTION,1,78780092,3229290,MOSAIC,2005-12-23,710,mosaic,CANCELLED - SECTION 8,Dead/Cancelled,False,,False
42,NEAR_1_SUBSTITUTION,1,78764291,,MOSAIC,2005-12-01,602,mosaic,ABANDONED-FAILURE TO RESPOND OR LATE RESPONSE,Dead/Abandoned,False,043,False
42,NEAR_1_SUBSTITUTION,1,78721605,,MOSAIC,2005-09-27,602,mosaic,ABANDONED-FAILURE TO RESPOND OR LATE RESPONSE,Dead/Abandoned,False,011,False
42,NEAR_1_SUBSTITUTION,1,78692770,,MOSAIC,2005-08-15,606,mosaic,ABANDONED - NO STATEMENT OF USE FILED,Dead/Abandoned,False,"006,014,016,018,025",False
42,NEAR_1_SUBSTITUTION,1,78630712,,MOSAIC,2005-05-16,606,mosaic,ABANDONED - NO STATEMENT OF USE FILED,Dead/Abandoned,False,014,False
42,NEAR_1_SUBSTITUTION,1,78630716,,MOSAIC,2005-05-16,606,mosaic,ABANDONED - NO STATEMENT OF USE FILED,Dead/Abandoned,False,018,False
42,NEAR_1_SUBSTITUTION,1,78589054,3063673,MOSAIC,2005-03-17,710,mosaic,CANCELLED - SECTION 8,Dead/Cancelled,False,,False
42,NEAR_1_SUBSTITUTION,1,78561063,3298932,MOSAIC,2005-02-04,710,mosaic,CANCELLED - SECTION 8,Dead/Cancelled,False,,False
42,NEAR_1_SUBSTITUTION,1,78550890,3149865,MOSAIC,2005-01-20,710,mosaic,CANCELLED - SECTION 8,Dead/Cancelled,False,,False
42,NEAR_1_SUBSTITUTION,1,78548593,,MOSAIC,2005-01-17,601,mosaic,ABANDONED - EXPRESS,Dead/Abandoned,False,032,False
42,NEAR_1_SUBSTITUTION,1,78510680,,MOSAIC,2004-11-03,602,mosaic,ABANDONED-FAILURE TO RESPOND OR LATE RESPONSE,Dead/Abandoned,False,003,True
42,NEAR_1_SUBSTITUTION,1,78471388,3125746,MOSAIC,2004-08-20,710,mosaic,CANCELLED - SECTION 8,Dead/Cancelled,False,,False
42,NEAR_1_SUBSTITUTION,1,76583583,,MOSAIC,2004-03-29,603,mosaic,ABANDONED - AFTER EX PARTE APPEAL,Dead/Abandoned,False,017,False
42,NEAR_1_SUBSTITUTION,1,78342742,3094901,MOSAIC,2003-12-18,710,mosaic,CANCELLED - SECTION 8,Dead/Cancelled,False,,False
42,NEAR_1_SUBSTITUTION,1,78330008,,MOSAIC,2003-11-19,606,mosaic,ABANDONED - NO STATEMENT OF USE FILED,Dead/Abandoned,False,016,False
42,NEAR_1_SUBSTITUTION,1,78317282,,MOSAIC,2003-10-22,604,mosaic,ABANDONED - AFTER INTER-PARTES DECISION,Dead/Abandoned,False,,False
42,NEAR_1_SUBSTITUTION,1,78220183,2863763,MOSAIC,2003-02-28,710,mosaic,CANCELLED - SECTION 8,Dead/Cancelled,False,,False
42,NEAR_1_SUBSTITUTION,1,76484002,,MOSAIC,2003-01-15,602,mosaic,ABANDONED-FAILURE TO RESPOND OR LATE RESPONSE,Dead/Abandoned,False,021,True
42,NEAR_1_SUBSTITUTION,1,76457678,2777614,MOSAIC,2002-10-07,710,mosaic,CANCELLED - SECTION 8,Dead/Cancelled,False,,False
42,NEAR_1_SUBSTITUTION,1,78126124,2915067,MOSAIC,2002-05-03,710,mosaic,CANCELLED - SECTION 8,Dead/Cancelled,False,,False
42,NEAR_1_SUBSTITUTION,1,78105766,2897048,MOSAIC,2002-01-30,710,mosaic,CANCELLED - SECTION 8,Dead/Cancelled,False,,False
42,NEAR_1_SUBSTITUTION,1,76295116,2942396,MOSAIC,2001-08-03,710,mosaic,CANCELLED - SECTION 8,Dead/Cancelled,False,,False
42,NEAR_1_SUBSTITUTION,1,76282353,,MOSAIC,2001-07-10,602,mosaic,ABANDONED-FAILURE TO RESPOND OR LATE RESPONSE,Dead/Abandoned,False,042,False
42,NEAR_1_SUBSTITUTION,1,78069682,,MOSAIC,2001-06-18,601,mosaic,ABANDONED - EXPRESS,Dead/Abandoned,False,"001,009",False
42,NEAR_1_SUBSTITUTION,1,78057811,,MOSAIC,2001-04-11,614,mosaic,ABANDONED PETITION TO REVIVE-DENIED,Dead/Abandoned,False,"005,042",True
42,NEAR_1_SUBSTITUTION,1,76159667,2712581,MOSAIC,2000-11-03,710,mosaic,CANCELLED - SECTION 8,Dead/Cancelled,False,,False
42,NEAR_1_SUBSTITUTION,1,78013535,,MOSAIC,2000-06-20,602,mosaic,ABANDONED-FAILURE TO RESPOND OR LATE RESPONSE,Dead/Abandoned,False,009,False
42,NEAR_1_SUBSTITUTION,1,76050248,,MOSAIC,2000-05-17,602,mosaic,ABANDONED-FAILURE TO RESPOND OR LATE RESPONSE,Dead/Abandoned,False,"029,030",False
42,NEAR_1_SUBSTITUTION,1,76047859,2605524,MOSAIC,2000-05-11,710,mosaic,CANCELLED - SECTION 8,Dead/Cancelled,False,,False
42,NEAR_1_SUBSTITUTION,1,75916065,2720302,MOSAIC,2000-02-10,710,mosaic,CANCELLED - SECTION 8,Dead/Cancelled,False,,False
42,NEAR_1_SUBSTITUTION,1,75815889,,MOSAIC,1999-10-05,602,mosaic,ABANDONED-FAILURE TO RESPOND OR LATE RESPONSE,Dead/Abandoned,False,009,False
42,NEAR_1_SUBSTITUTION,1,75801767,2448783,MOSAIC,1999-09-17,710,mosaic,CANCELLED - SECTION 8,Dead/Cancelled,False,,False
42,NEAR_1_SUBSTITUTION,1,75766309,,MOSAIC,1999-08-02,602,mosaic,ABANDONED-FAILURE TO RESPOND OR LATE RESPONSE,Dead/Abandoned,False,030,False
42,NEAR_1_SUBSTITUTION,1,75670254,,MOSAIC,1999-03-29,602,mosaic,ABANDONED-FAILURE TO RESPOND OR LATE RESPONSE,Dead/Abandoned,False,"001,007",False
42,NEAR_1_SUBSTITUTION,1,75668337,,MOSAIC,1999-03-26,602,mosaic,ABANDONED-FAILURE TO RESPOND OR LATE RESPONSE,Dead/Abandoned,False,"009,042",False
42,NEAR_1_SUBSTITUTION,1,75656851,,MOSAIC,1999-03-09,601,mosaic,ABANDONED - EXPRESS,Dead/Abandoned,False,019,False
42,NEAR_1_SUBSTITUTION,1,75654955,2329107,MOSAIC,1999-03-05,710,mosaic,CANCELLED - SECTION 8,Dead/Cancelled,False,,False
42,NEAR_1_SUBSTITUTION,1,75646400,2416428,MOSAIC,1999-02-23,710,mosaic,CANCELLED - SECTION 8,Dead/Cancelled,False,,False
42,NEAR_1_SUBSTITUTION,1,75622857,2423949,MOSAIC,1999-01-19,710,mosaic,CANCELLED - SECTION 8,Dead/Cancelled,False,,False
42,NEAR_1_SUBSTITUTION,1,75514001,,MOSAIC,1998-07-06,602,mosaic,ABANDONED-FAILURE TO RESPOND OR LATE RESPONSE,Dead/Abandoned,False,035,True
42,NEAR_1_SUBSTITUTION,1,75448393,,MOSAIC,1998-03-11,602,mosaic,ABANDONED-FAILURE TO RESPOND OR LATE RESPONSE,Dead/Abandoned,False,,False
42,NEAR_1_SUBSTITUTION,1,75442837,,MOSAIC,1998-03-02,606,mosaic,ABANDONED - NO STATEMENT OF USE FILED,Dead/Abandoned,False,009,False
42,NEAR_1_SUBSTITUTION,1,75423175,2355850,MOSAIC,1998-01-26,710,mosaic,CANCELLED - SECTION 8,Dead/Cancelled,False,,False
42,NEAR_1_SUBSTITUTION,1,75414555,,MOSAIC,1998-01-06,606,mosaic,ABANDONED - NO STATEMENT OF USE FILED,Dead/Abandoned,False,009,False
42,NEAR_1_SUBSTITUTION,1,75411947,,MOSAIC,1997-12-29,602,mosaic,ABANDONED-FAILURE TO RESPOND OR LATE RESPONSE,Dead/Abandoned,False,035,True
42,NEAR_1_SUBSTITUTION,1,75393550,,MOSAIC,1997-11-20,606,mosaic,ABANDONED - NO STATEMENT OF USE FILED,Dead/Abandoned,False,"016,042",False
42,NEAR_1_SUBSTITUTION,1,75383464,,MOSAIC,1997-11-03,606,mosaic,ABANDONED - NO STATEMENT OF USE FILED,Dead/Abandoned,False,009,False
42,NEAR_1_SUBSTITUTION,1,75375806,,MOSAIC,1997-10-20,602,mosaic,ABANDONED-FAILURE TO RESPOND OR LATE RESPONSE,Dead/Abandoned,False,,False
42,NEAR_1_SUBSTITUTION,1,75376314,2462022,MOSAIC,1997-10-20,710,mosaic,CANCELLED - SECTION 8,Dead/Cancelled,False,,False
42,NEAR_1_SUBSTITUTION,1,75310255,,MOSAIC,1997-06-17,602,mosaic,ABANDONED-FAILURE TO RESPOND OR LATE RESPONSE,Dead/Abandoned,False,,False
42,NEAR_1_SUBSTITUTION,1,75294806,,MOSAIC,1997-05-20,601,mosaic,ABANDONED - EXPRESS,Dead/Abandoned,False,025,False
42,NEAR_1_SUBSTITUTION,1,75227529,2190389,MOSAIC,1997-01-17,710,mosaic,CANCELLED - SECTION 8,Dead/Cancelled,False,,False
42,NEAR_1_SUBSTITUTION,1,75200115,,MOSAIC,1996-11-19,602,mosaic,ABANDONED-FAILURE TO RESPOND OR LATE RESPONSE,Dead/Abandoned,False,,False
42,NEAR_1_SUBSTITUTION,1,75182608,,MOSAIC,1996-10-11,604,mosaic,ABANDONED - AFTER INTER-PARTES DECISION,Dead/Abandoned,False,"009,016,041",False
42,NEAR_1_SUBSTITUTION,1,75112051,2179074,MOSAIC,1996-05-31,710,mosaic,CANCELLED - SECTION 8,Dead/Cancelled,False,,False
42,NEAR_1_SUBSTITUTION,1,75084281,,VOSAIC,1996-04-05,606,vosaic,ABANDONED - NO STATEMENT OF USE FILED,Dead/Abandoned,False,,False
42,NEAR_1_SUBSTITUTION,1,75072883,2126159,MOSAIC,1996-03-14,710,mosaic,CANCELLED - SECTION 8,Dead/Cancelled,False,,False
42,NEAR_1_SUBSTITUTION,1,74696621,2048655,MOSAIC,1995-06-30,710,mosaic,CANCELLED - SECTION 8,Dead/Cancelled,False,,False
42,NEAR_1_SUBSTITUTION,1,74664025,,MOSAIC,1995-04-21,601,mosaic,ABANDONED - EXPRESS,Dead/Abandoned,False,,False
42,NEAR_1_SUBSTITUTION,1,74637066,,MOSAIC,1995-02-22,602,mosaic,ABANDONED-FAILURE TO RESPOND OR LATE RESPONSE,Dead/Abandoned,False,,False
42,NEAR_1_SUBSTITUTION,1,74604316,1980605,MOSAIC,1994-11-29,713,mosaic,CANCELLED - SECTION 18,Dead/Cancelled,False,,False
42,NEAR_1_SUBSTITUTION,1,74557612,,MOSAIC,1994-08-05,601,mosaic,ABANDONED - EXPRESS,Dead/Abandoned,False,,False
42,NEAR_1_SUBSTITUTION,1,74552552,,MOSAIC++,1994-07-19,605,mosaic,ABANDONED EXPRESS AFTER PUB,Dead/Abandoned,False,,False
42,NEAR_1_SUBSTITUTION,1,74399654,1960670,MOSAIC,1993-06-07,710,mosaic,CANCELLED - SECTION 8,Dead/Cancelled,False,,False
42,NEAR_1_SUBSTITUTION,1,74293878,,MOSAIC,1992-07-13,606,mosaic,ABANDONED - NO STATEMENT OF USE FILED,Dead/Abandoned,False,,False
42,NEAR_1_SUBSTITUTION,1,74287778,1967144,MOSAIC,1992-06-24,710,mosaic,CANCELLED - SECTION 8,Dead/Cancelled,False,,False
42,NEAR_1_SUBSTITUTION,1,74245617,,MOSAIC,1992-02-12,606,mosaic,ABANDONED - NO STATEMENT OF USE FILED,Dead/Abandoned,False,,False
42,NEAR_1_SUBSTITUTION,1,74241269,,MOSAIC,1992-01-29,602,mosaic,ABANDONED-FAILURE TO RESPOND OR LATE RESPONSE,Dead/Abandoned,False,,False
42,NEAR_1_SUBSTITUTION,1,74239388,1783897,MOSAIC,1992-01-22,710,mosaic,CANCELLED - SECTION 8,Dead/Cancelled,False,,False
42,NEAR_1_SUBSTITUTION,1,74217404,,MOSAIC,1991-10-31,607,mosaic,ABANDONED - DEFECTIVE STATEMENT OF USE,Dead/Abandoned,False,,False
42,NEAR_1_SUBSTITUTION,1,74135929,,MOSAIC,1991-02-04,606,mosaic,ABANDONED - NO STATEMENT OF USE FILED,Dead/Abandoned,False,,False
42,NEAR_1_SUBSTITUTION,1,74130529,1702516,MOSAIC,1991-01-15,710,mosaic,CANCELLED - SECTION 8,Dead/Cancelled,False,,False
42,NEAR_1_SUBSTITUTION,1,73817644,,MOSAIC,1989-08-02,602,mosaic,ABANDONED-FAILURE TO RESPOND OR LATE RESPONSE,Dead/Abandoned,False,,False
42,NEAR_1_SUBSTITUTION,1,73728368,1527175,MOSAIC,1988-05-16,710,mosaic,CANCELLED - SECTION 8,Dead/Cancelled,False,,False
42,NEAR_1_SUBSTITUTION,1,73712419,1548352,MOSAIC,1988-02-22,710,mosaic,CANCELLED - SECTION 8,Dead/Cancelled,False,,False
42,NEAR_1_SUBSTITUTION,1,73617667,1447621,MOSAIC,1986-09-02,713,mosaic,CANCELLED - SECTION 18,Dead/Cancelled,False,,False
42,NEAR_1_SUBSTITUTION,1,73596287,,MOSAIC,1986-05-01,602,mosaic,ABANDONED-FAILURE TO RESPOND OR LATE RESPONSE,Dead/Abandoned,False,,False
42,NEAR_1_SUBSTITUTION,1,73446185,1465189,MOSAIC,1983-10-03,710,mosaic,CANCELLED - SECTION 8,Dead/Cancelled,False,,False
42,NEAR_1_SUBSTITUTION,1,73157445,1100500,MOSAIC,1978-02-03,900,mosaic,EXPIRED,Dead/Expired,False,,False
42,NEAR_1_SUBSTITUTION,1,73154722,1098500,MOSAIC,1978-01-09,713,mosaic,CANCELLED - SECTION 18,Dead/Cancelled,False,,False
42,NEAR_1_SUBSTITUTION,1,73151688,1113178,MOSAIC,1977-12-12,710,mosaic,CANCELLED - SECTION 8,Dead/Cancelled,False,,False
42,NEAR_1_SUBSTITUTION,1,72405247,0947976,MOSAIC,1971-10-15,900,mosaic,EXPIRED,Dead/Expired,False,,False
42,NEAR_1_SUBSTITUTION,1,72309623,0927058,MOSAIC,1968-10-14,900,mosaic,EXPIRED,Dead/Expired,False,,False
42,NEAR_1_SUBSTITUTION,1,72141067,0744536,MOSAIC,1962-03-29,900,mosaic,EXPIRED,Dead/Expired,False,,False
42,NEAR_1_SUBSTITUTION,1,71545926,0548090,MOSAIC,1947-12-31,900,mosaic,EXPIRED,Dead/Expired,False,,False
42,NEAR_1_SUBSTITUTION,1,71535985,0545801,MOSAIC,1947-09-27,900,mosaic,EXPIRED,Dead/Expired,False,,False
43,EXACT,0,98518797,8070521,DOSEFORM,2024-04-25,700,doseform,REGISTERED,Live/Registered,True,042,False
43,NEAR_1_DELETION,1,90619295,,DOSE FOR,2021-04-01,748,dosefor,STATEMENT OF USE - TO EXAMINER,Live/Pending,True,005,True
43,NEAR_1_SUBSTITUTION,1,73056400,1056079,DOMEFORM,1975-06-27,900,domeform,EXPIRED,Dead/Expired,False,,False
43,NEAR_1_SUBSTITUTION,1,72138847,0738945,DOMEFORM,1962-03-01,710,domeform,CANCELLED - SECTION 8,Dead/Cancelled,False,,False
44,EXACT,0,78520042,3041347,BIOTURE,2004-11-19,800,bioture,REGISTERED AND RENEWED,Live/Registered,True,031,False
44,NEAR_1_SUBSTITUTION,1,99805094,,BIOCURE,2026-05-05,630,biocure,NEW APPLICATION - RECORD INITIALIZED NOT ASSIGNED TO EXAMINER,Live/Pending,True,003,True
44,NEAR_1_SUBSTITUTION,1,79447570,,BAOTURE,2026-03-07,640,baoture,NON-FINAL ACTION COUNTED - NOT MAILED,Live/Pending,True,009,False
44,NEAR_1_SUBSTITUTION,1,79444907,,BIOSURE,2025-12-05,641,biosure,NON-FINAL ACTION - MAILED,Live/Pending,True,009,False
44,NEAR_1_SUBSTITUTION,1,99420020,,BIOTUNE,2025-09-30,653,biotune,SUSPENSION LETTER - MAILED,Live/Pending,True,"009,041,044",True
44,NEAR_1_SUBSTITUTION,1,98754913,7954984,BIOTUNE,2024-09-17,790,biotune,CANCELLATION PENDING,Live/Registered,True,"041,042",False
44,NEAR_1_SUBSTITUTION,1,98521314,8233702,BIOTURM,2024-04-26,700,bioturm,REGISTERED,Live/Registered,True,005,True
44,NEAR_1_SUBSTITUTION,1,98218951,7645837,BIOPURE,2023-10-11,700,biopure,REGISTERED,Live/Registered,True,040,False
44,NEAR_1_SUBSTITUTION,1,98104719,7863112,BIOPURE,2023-07-27,700,biopure,REGISTERED,Live/Registered,True,001,False
44,NEAR_1_TRANSPOSITION,1,98006850,7236611,BIO TRUE,2023-05-22,700,biotrue,REGISTERED,Live/Registered,True,005,True
44,NEAR_1_TRANSPOSITION,1,98006855,7236612,BIO TRUE,2023-05-22,700,biotrue,REGISTERED,Live/Registered,True,"003,005",True
44,NEAR_1_TRANSPOSITION,1,98006857,7333426,BIO TRUE,2023-05-22,700,biotrue,REGISTERED,Live/Registered,True,009,False
44,NEAR_1_TRANSPOSITION,1,98006863,7236613,BIO TRUE,2023-05-22,700,biotrue,REGISTERED,Live/Registered,True,"003,005,009",True
44,NEAR_1_SUBSTITUTION,1,97843622,,BIOTUNE,2023-03-17,733,biotune,FOURTH EXTENSION - GRANTED,Live/Pending,True,009,False
44,NEAR_1_TRANSPOSITION,1,97536687,7317451,BIOTRUE,2022-08-05,700,biotrue,REGISTERED,Live/Registered,True,005,True
44,NEAR_1_TRANSPOSITION,1,79344699,7435189,BIOTRUE,2022-03-08,700,biotrue,REGISTERED,Live/Registered,True,"037,042",False
44,NEAR_1_DELETION,1,90549618,7287743,BIOTRE,2021-02-26,700,biotre,REGISTERED,Live/Registered,True,016,False
44,NEAR_1_SUBSTITUTION,1,79312828,6920101,BIOPURE,2021-01-12,700,biopure,REGISTERED,Live/Registered,True,007,False
44,NEAR_1_SUBSTITUTION,1,88901949,7183277,BIOPURE,2020-05-05,700,biopure,REGISTERED,Live/Registered,True,"005,010",True
44,NEAR_1_SUBSTITUTION,1,88847431,6302661,BIO-CURE,2020-03-25,700,biocure,REGISTERED,Live/Registered,True,044,True
44,NEAR_1_SUBSTITUTION,1,79271088,6010551,BIOCURE,2019-07-25,739,biocure,Section 71 & 15 ACCEPTED AND ACKNOWLEDGED,Live/Registered,True,001,False
44,NEAR_1_SUBSTITUTION,1,88440341,6578719,BIOPURE,2019-05-21,700,biopure,REGISTERED,Live/Registered,True,037,False
44,NEAR_1_SUBSTITUTION,1,88440342,6578720,BIOPURE,2019-05-21,700,biopure,REGISTERED,Live/Registered,True,037,False
44,NEAR_1_SUBSTITUTION,1,88354756,6283797,BIO PURE,2019-03-25,700,biopure,REGISTERED,Live/Registered,True,040,False
44,NEAR_1_SUBSTITUTION,1,87847202,5610786,BIOTURF,2018-03-23,702,bioturf,SECTION 8 & 15-ACCEPTED AND ACKNOWLEDGED,Live/Registered,True,003,True
44,NEAR_1_SUBSTITUTION,1,87636308,5443366,BIOSURE,2017-10-06,702,biosure,SECTION 8 & 15-ACCEPTED AND ACKNOWLEDGED,Live/Registered,True,010,True
44,NEAR_1_SUBSTITUTION,1,87105048,5312772,BIOCURE,2016-07-15,702,biocure,SECTION 8 & 15-ACCEPTED AND ACKNOWLEDGED,Live/Registered,True,035,True
44,NEAR_1_SUBSTITUTION,1,87105066,5312773,BIOCURE,2016-07-15,702,biocure,SECTION 8 & 15-ACCEPTED AND ACKNOWLEDGED,Live/Registered,True,035,True
44,NEAR_1_SUBSTITUTION,1,86700577,5034524,BIOPURE,2015-07-22,702,biopure,SECTION 8 & 15-ACCEPTED AND ACKNOWLEDGED,Live/Registered,True,"010,011",True
44,NEAR_1_SUBSTITUTION,1,86666993,4889476,BIOCURE,2015-06-18,702,biocure,SECTION 8 & 15-ACCEPTED AND ACKNOWLEDGED,Live/Registered,True,042,False
44,NEAR_1_SUBSTITUTION,1,86602410,5023497,BIOTURF,2015-04-20,702,bioturf,SECTION 8 & 15-ACCEPTED AND ACKNOWLEDGED,Live/Registered,True,031,False
44,NEAR_1_SUBSTITUTION,1,79171857,5010102,BIOPURE,2015-01-13,739,biopure,Section 71 & 15 ACCEPTED AND ACKNOWLEDGED,Live/Registered,True,"007,017,020",False
44,NEAR_1_DELETION,1,85920813,4461643,BIOTRE,2013-05-01,800,biotre,REGISTERED AND RENEWED,Live/Registered,True,016,False
44,NEAR_1_SUBSTITUTION,1,85609417,4696290,BIOPURE,2012-04-26,800,biopure,REGISTERED AND RENEWED,Live/Registered,True,"005,035",True
44,NEAR_1_TRANSPOSITION,1,85506200,4259082,BIOTRUE,2011-12-30,800,biotrue,REGISTERED AND RENEWED,Live/Registered,True,009,False
44,NEAR_1_SUBSTITUTION,1,77859740,3901760,BIOTUNE,2009-10-28,800,biotune,REGISTERED AND RENEWED,Live/Registered,True,005,True
44,NEAR_1_SUBSTITUTION,1,77694180,3730800,BIOSURE,2009-03-18,800,biosure,REGISTERED AND RENEWED,Live/Registered,True,001,False
44,NEAR_1_TRANSPOSITION,1,77654119,4112158,BIOTRUE,2009-01-22,800,biotrue,REGISTERED AND RENEWED,Live/Registered,True,005,True
44,NEAR_1_SUBSTITUTION,1,77323745,3670112,BIOPURE,2007-11-07,800,biopure,REGISTERED AND RENEWED,Live/Registered,True,004,False
44,NEAR_1_SUBSTITUTION,1,77323810,3670113,BIOPURE,2007-11-07,800,biopure,REGISTERED AND RENEWED,Live/Registered,True,004,False
44,NEAR_1_SUBSTITUTION,1,77231854,3398098,BIO PURE,2007-07-17,800,biopure,REGISTERED AND RENEWED,Live/Registered,True,001,False
44,NEAR_1_SUBSTITUTION,1,78597703,3085009,BIOLURE,2005-03-29,800,biolure,REGISTERED AND RENEWED,Live/Registered,True,005,True
44,NEAR_1_SUBSTITUTION,1,78554390,3050634,BIOPURE,2005-01-26,800,biopure,REGISTERED AND RENEWED,Live/Registered,True,005,True
44,NEAR_1_SUBSTITUTION,1,78493472,3125779,BIOLURE,2004-10-01,800,biolure,REGISTERED AND RENEWED,Live/Registered,True,003,True
44,NEAR_1_SUBSTITUTION,1,78241123,2817555,BIOSURE,2003-04-23,800,biosure,REGISTERED AND RENEWED,Live/Registered,True,001,False
44,NEAR_1_SUBSTITUTION,1,75534548,2353230,BIO-PURE,1998-08-11,800,biopure,REGISTERED AND RENEWED,Live/Registered,True,031,False
44,NEAR_1_SUBSTITUTION,1,75427732,2259048,BIOSURE,1998-02-02,800,biosure,REGISTERED AND RENEWED,Live/Registered,True,"001,005",True
44,NEAR_1_SUBSTITUTION,1,74625574,1945676,BIOTUBE,1995-01-25,800,biotube,REGISTERED AND RENEWED,Live/Registered,True,011,False
44,NEAR_1_SUBSTITUTION,1,74608424,1945465,BIOSURE,1994-12-08,800,biosure,REGISTERED AND RENEWED,Live/Registered,True,005,True
44,NEAR_1_SUBSTITUTION,1,74583493,1975872,BIO-PURE,1994-10-07,800,biopure,REGISTERED AND RENEWED,Live/Registered,True,011,False
44,NEAR_1_SUBSTITUTION,1,73299190,1218046,BIO LURE,1981-03-02,800,biolure,REGISTERED AND RENEWED,Live/Registered,True,005,True
44,NEAR_1_SUBSTITUTION,1,98226849,,BIOTUNE,2023-10-17,606,biotune,ABANDONED - NO STATEMENT OF USE FILED,Dead/Abandoned,False,009,False
44,NEAR_1_SUBSTITUTION,1,98199780,,BIOPURE,2023-09-27,602,biopure,ABANDONED-FAILURE TO RESPOND OR LATE RESPONSE,Dead/Abandoned,False,001,False
44,NEAR_1_SUBSTITUTION,1,98011337,,BIOPURE,2023-05-24,602,biopure,ABANDONED-FAILURE TO RESPOND OR LATE RESPONSE,Dead/Abandoned,False,"005,016",True
44,NEAR_1_SUBSTITUTION,1,97914308,,BIOTUNE,2023-04-30,606,biotune,ABANDONED - NO STATEMENT OF USE FILED,Dead/Abandoned,False,009,False
44,NEAR_1_DELETION,1,97878190,,BOTURE,2023-04-07,602,boture,ABANDONED-FAILURE TO RESPOND OR LATE RESPONSE,Dead/Abandoned,False,025,False
44,NEAR_1_SUBSTITUTION,1,97745916,,BIOPURE,2023-01-09,602,biopure,ABANDONED-FAILURE TO RESPOND OR LATE RESPONSE,Dead/Abandoned,False,003,True
44,NEAR_1_SUBSTITUTION,1,97493629,,BIO-PURE,2022-07-07,602,biopure,ABANDONED-FAILURE TO RESPOND OR LATE RESPONSE,Dead/Abandoned,False,005,True
44,NEAR_1_SUBSTITUTION,1,97118461,,BIOPURE,2021-11-10,602,biopure,ABANDONED-FAILURE TO RESPOND OR LATE RESPONSE,Dead/Abandoned,False,003,True
44,NEAR_1_SUBSTITUTION,1,97047307,,BIOTUNE,2021-09-27,602,biotune,ABANDONED-FAILURE TO RESPOND OR LATE RESPONSE,Dead/Abandoned,False,038,False
44,NEAR_1_SUBSTITUTION,1,90367136,,BIOPURE,2020-12-08,606,biopure,ABANDONED - NO STATEMENT OF USE FILED,Dead/Abandoned,False,005,True
44,NEAR_1_SUBSTITUTION,1,90367138,,BIOPURE,2020-12-08,606,biopure,ABANDONED - NO STATEMENT OF USE FILED,Dead/Abandoned,False,021,True
44,NEAR_1_SUBSTITUTION,1,90367140,,BIOPURE,2020-12-08,606,biopure,ABANDONED - NO STATEMENT OF USE FILED,Dead/Abandoned,False,"008,016",False
44,NEAR_1_SUBSTITUTION,1,88878297,,BIOPURE,2020-04-19,602,biopure,ABANDONED-FAILURE TO RESPOND OR LATE RESPONSE,Dead/Abandoned,False,"037,040",False
44,NEAR_1_SUBSTITUTION,1,88406926,,BIOTUBE,2019-04-29,602,biotube,ABANDONED-FAILURE TO RESPOND OR LATE RESPONSE,Dead/Abandoned,False,010,True
44,NEAR_1_TRANSPOSITION,1,87938348,,BIOTRUE,2018-05-28,602,biotrue,ABANDONED-FAILURE TO RESPOND OR LATE RESPONSE,Dead/Abandoned,False,005,True
44,NEAR_1_SUBSTITUTION,1,87930456,,BIO-TURF,2018-05-21,602,bioturf,ABANDONED-FAILURE TO RESPOND OR LATE RESPONSE,Dead/Abandoned,False,001,False
44,NEAR_1_SUBSTITUTION,1,87246971,,BIOPURE,2016-11-23,602,biopure,ABANDONED-FAILURE TO RESPOND OR LATE RESPONSE,Dead/Abandoned,False,005,True
44,NEAR_1_SUBSTITUTION,1,87196033,,BIOPURE,2016-10-07,602,biopure,ABANDONED-FAILURE TO RESPOND OR LATE RESPONSE,Dead/Abandoned,False,001,False
44,NEAR_1_SUBSTITUTION,1,79221141,5567730,BIOSURE,2016-03-04,709,biosure,CANCELLED SECTION 71,Dead/Cancelled,False,,False
44,NEAR_1_SUBSTITUTION,1,79172143,5029093,BIOTUBE,2015-06-16,404,biotube,IR CANCELLED; US REGISTRATION CANCELLED,Dead/Cancelled,False,,False
44,NEAR_1_SUBSTITUTION,1,85893175,4610625,BIGTURE,2013-04-02,710,bigture,CANCELLED - SECTION 8,Dead/Cancelled,False,,False
44,NEAR_1_SUBSTITUTION,1,85881796,,BIOCURE,2013-03-20,606,biocure,ABANDONED - NO STATEMENT OF USE FILED,Dead/Abandoned,False,005,True
44,NEAR_1_TRANSPOSITION,1,85515769,,BIOTRUE,2012-01-13,606,biotrue,ABANDONED - NO STATEMENT OF USE FILED,Dead/Abandoned,False,005,True
44,NEAR_1_SUBSTITUTION,1,85347737,,BIOPURE,2011-06-16,606,biopure,ABANDONED - NO STATEMENT OF USE FILED,Dead/Abandoned,False,017,False
44,NEAR_1_SUBSTITUTION,1,85347746,,BIO PURE,2011-06-16,606,biopure,ABANDONED - NO STATEMENT OF USE FILED,Dead/Abandoned,False,017,False
44,NEAR_1_SUBSTITUTION,1,85347753,,BIO-PURE,2011-06-16,606,biopure,ABANDONED - NO STATEMENT OF USE FILED,Dead/Abandoned,False,017,False
44,NEAR_1_SUBSTITUTION,1,85195710,,BIOPURE,2010-12-10,602,biopure,ABANDONED-FAILURE TO RESPOND OR LATE RESPONSE,Dead/Abandoned,False,"003,005",True
44,NEAR_1_SUBSTITUTION,1,85015241,,BIOPURE,2010-04-15,602,biopure,ABANDONED-FAILURE TO RESPOND OR LATE RESPONSE,Dead/Abandoned,False,001,False
44,NEAR_1_SUBSTITUTION,1,79081850,3873105,BIONURE,2010-03-29,404,bionure,IR CANCELLED; US REGISTRATION CANCELLED,Dead/Cancelled,False,,False
44,NEAR_1_SUBSTITUTION,1,77889607,,BIOLURE,2009-12-09,606,biolure,ABANDONED - NO STATEMENT OF USE FILED,Dead/Abandoned,False,028,False
44,NEAR_1_SUBSTITUTION,1,79077074,3950032,BIO SÛRE,2009-08-26,404,biosure,IR CANCELLED; US REGISTRATION CANCELLED,Dead/Cancelled,False,,False
44,NEAR_1_SUBSTITUTION,1,77800327,4051245,BIOSURE,2009-08-08,710,biosure,CANCELLED - SECTION 8,Dead/Cancelled,False,,False
44,NEAR_1_SUBSTITUTION,1,77508026,,BIO PURE,2008-06-25,606,biopure,ABANDONED - NO STATEMENT OF USE FILED,Dead/Abandoned,False,003,True
44,NEAR_1_SUBSTITUTION,1,77443660,3673947,BIOSURE,2008-04-09,710,biosure,CANCELLED - SECTION 8,Dead/Cancelled,False,,False
44,NEAR_1_SUBSTITUTION,1,78908482,,BIOPURE,2006-06-14,606,biopure,ABANDONED - NO STATEMENT OF USE FILED,Dead/Abandoned,False,003,True
44,NEAR_1_SUBSTITUTION,1,78691599,,BIOPURE,2005-08-12,606,biopure,ABANDONED - NO STATEMENT OF USE FILED,Dead/Abandoned,False,011,False
44,NEAR_1_SUBSTITUTION,1,78676139,3326478,BIOCURE,2005-07-22,710,biocure,CANCELLED - SECTION 8,Dead/Cancelled,False,,False
44,NEAR_1_SUBSTITUTION,1,78631313,3477976,BIOCURE,2005-05-17,710,biocure,CANCELLED - SECTION 8,Dead/Cancelled,False,,False
44,NEAR_1_SUBSTITUTION,1,78344565,,BIOPURE,2003-12-22,601,biopure,ABANDONED - EXPRESS,Dead/Abandoned,False,011,False
44,NEAR_1_SUBSTITUTION,1,78261792,2883333,BIOTUNE,2003-06-12,710,biotune,CANCELLED - SECTION 8,Dead/Cancelled,False,,False
44,NEAR_1_SUBSTITUTION,1,78258034,,BIOSURE,2003-06-04,606,biosure,ABANDONED - NO STATEMENT OF USE FILED,Dead/Abandoned,False,017,False
44,NEAR_1_TRANSPOSITION,1,78255444,2821398,BIOTRUE,2003-05-28,710,biotrue,CANCELLED - SECTION 8,Dead/Cancelled,False,,False
44,NEAR_1_SUBSTITUTION,1,78202175,2836486,BIOTURF,2003-01-10,710,bioturf,CANCELLED - SECTION 8,Dead/Cancelled,False,,False
44,NEAR_1_SUBSTITUTION,1,76190233,2630446,BIOLURE,2001-01-05,710,biolure,CANCELLED - SECTION 8,Dead/Cancelled,False,,False
44,NEAR_1_SUBSTITUTION,1,78017398,,BIOCURE,2000-07-19,606,biocure,ABANDONED - NO STATEMENT OF USE FILED,Dead/Abandoned,False,"005,010",True
44,NEAR_1_SUBSTITUTION,1,75924392,,BIOPURE,2000-02-22,602,biopure,ABANDONED-FAILURE TO RESPOND OR LATE RESPONSE,Dead/Abandoned,False,035,True
44,NEAR_1_SUBSTITUTION,1,75693051,2326628,BIOPURE,1999-04-28,710,biopure,CANCELLED - SECTION 8,Dead/Cancelled,False,,False
44,NEAR_1_SUBSTITUTION,1,75641755,,BIOPURE,1999-02-16,602,biopure,ABANDONED-FAILURE TO RESPOND OR LATE RESPONSE,Dead/Abandoned,False,003,True
44,NEAR_1_SUBSTITUTION,1,75586810,2316108,BIO-SURE,1998-11-12,710,biosure,CANCELLED - SECTION 8,Dead/Cancelled,False,,False
44,NEAR_1_SUBSTITUTION,1,75504269,2535178,BIOQURE,1998-06-18,710,bioqure,CANCELLED - SECTION 8,Dead/Cancelled,False,,False
44,NEAR_1_SUBSTITUTION,1,75447669,2249388,BIOSURE,1998-03-10,710,biosure,CANCELLED - SECTION 8,Dead/Cancelled,False,,False
44,NEAR_1_SUBSTITUTION,1,75414772,2388215,BIO-SURE,1998-01-07,710,biosure,CANCELLED - SECTION 8,Dead/Cancelled,False,,False
44,NEAR_1_TRANSPOSITION,1,75371906,,BIOTRUE,1997-10-13,606,biotrue,ABANDONED - NO STATEMENT OF USE FILED,Dead/Abandoned,False,,False
44,NEAR_1_SUBSTITUTION,1,75255589,,BIOLURE,1997-03-11,601,biolure,ABANDONED - EXPRESS,Dead/Abandoned,False,,False
44,NEAR_1_SUBSTITUTION,1,75152827,,BIO SURE,1996-08-19,601,biosure,ABANDONED - EXPRESS,Dead/Abandoned,False,,False
44,NEAR_1_SUBSTITUTION,1,75089768,,BIOLURE,1996-04-17,601,biolure,ABANDONED - EXPRESS,Dead/Abandoned,False,,False
44,NEAR_1_SUBSTITUTION,1,75018564,2048793,BIOLURE,1995-11-13,710,biolure,CANCELLED - SECTION 8,Dead/Cancelled,False,,False
44,NEAR_1_SUBSTITUTION,1,74664832,,BIOPURE,1995-04-24,602,biopure,ABANDONED-FAILURE TO RESPOND OR LATE RESPONSE,Dead/Abandoned,False,,False
44,NEAR_1_SUBSTITUTION,1,74537967,,BIOSURE,1994-06-15,602,biosure,ABANDONED-FAILURE TO RESPOND OR LATE RESPONSE,Dead/Abandoned,False,,False
44,NEAR_1_SUBSTITUTION,1,74434321,,BIOLURE,1993-09-07,606,biolure,ABANDONED - NO STATEMENT OF USE FILED,Dead/Abandoned,False,,False
44,NEAR_1_SUBSTITUTION,1,74388351,,BIOLURE,1993-05-05,606,biolure,ABANDONED - NO STATEMENT OF USE FILED,Dead/Abandoned,False,,False
44,NEAR_1_SUBSTITUTION,1,74137163,1723561,BIO-PURE,1991-02-07,710,biopure,CANCELLED - SECTION 8,Dead/Cancelled,False,,False
44,NEAR_1_SUBSTITUTION,1,74071958,,BIO TURF,1990-06-22,602,bioturf,ABANDONED-FAILURE TO RESPOND OR LATE RESPONSE,Dead/Abandoned,False,,False
44,NEAR_1_SUBSTITUTION,1,74003820,1721235,BIO-CURE,1989-11-20,710,biocure,CANCELLED - SECTION 8,Dead/Cancelled,False,,False
44,NEAR_1_SUBSTITUTION,1,73835789,1852129,BIO PURE,1989-11-03,713,biopure,CANCELLED - SECTION 18,Dead/Cancelled,False,,False
44,NEAR_1_SUBSTITUTION,1,73753678,1538740,BIO-TURF,1988-09-23,710,bioturf,CANCELLED - SECTION 8,Dead/Cancelled,False,,False
44,NEAR_1_SUBSTITUTION,1,73720805,1521689,BIO-PURE,1988-04-06,710,biopure,CANCELLED - SECTION 8,Dead/Cancelled,False,,False
44,NEAR_1_SUBSTITUTION,1,73651004,1477250,BIOSURE,1987-03-18,710,biosure,CANCELLED - SECTION 8,Dead/Cancelled,False,,False
44,NEAR_1_SUBSTITUTION,1,73606935,1427383,BIOSURE,1986-06-30,710,biosure,CANCELLED - SECTION 8,Dead/Cancelled,False,,False
44,NEAR_1_SUBSTITUTION,1,73519432,1362777,BIOPURE,1985-01-28,710,biopure,CANCELLED - SECTION 8,Dead/Cancelled,False,,False
44,NEAR_1_SUBSTITUTION,1,73262275,,BIOLURE,1980-05-15,605,biolure,ABANDONED EXPRESS AFTER PUB,Dead/Abandoned,False,,False
44,NEAR_1_SUBSTITUTION,1,80984683,0984683,BIO-TURF,,710,bioturf,CANCELLED - SECTION 8,Dead/Cancelled,False,,False
45,NEAR_1_SUBSTITUTION,1,99481139,,BIOMEYA,2025-11-05,774,biomeya,OPPOSITION PENDING,Live/Pending,True,003,True
45,NEAR_1_SUBSTITUTION,1,99377539,,BIOMURA,2025-09-05,688,biomura,NOTICE OF ALLOWANCE - ISSUED,Live/Pending,True,005,True
45,NEAR_1_SUBSTITUTION,1,98799650,7825458,BIOMETA,2024-10-14,700,biometa,REGISTERED,Live/Registered,True,005,True
45,NEAR_1_SUBSTITUTION,1,98687355,,MIOMERA,2024-08-07,973,miomera,SUSPENDED PENDING ADMINISTRATIVE REVIEW,Live/Pending,True,003,True
45,NEAR_1_SUBSTITUTION,1,98415893,8254928,BIOCERA,2024-02-22,700,biocera,REGISTERED,Live/Registered,True,010,True
45,NEAR_1_SUBSTITUTION,1,98285881,,BIOMEGA,2023-11-27,732,biomega,THIRD EXTENSION - GRANTED,Live/Pending,True,"009,012,025,035",True
45,NEAR_1_SUBSTITUTION,1,97870819,7531810,BIO-VERA,2023-04-03,700,biovera,REGISTERED,Live/Registered,True,024,False
45,NEAR_1_INSERTION,1,79342317,7464368,BIOMETRA,2021-10-21,700,biometra,REGISTERED,Live/Registered,True,"009,010,035",True
45,NEAR_1_DELETION,1,90477979,7985879,BIOMEA,2021-01-20,700,biomea,REGISTERED,Live/Registered,True,042,False
45,NEAR_1_SUBSTITUTION,1,88844662,6168797,BIONERA,2020-03-23,700,bionera,REGISTERED,Live/Registered,True,031,False
45,NEAR_1_SUBSTITUTION,1,88205000,6014592,BIOCERA,2018-11-26,700,biocera,REGISTERED,Live/Registered,True,003,True
45,NEAR_1_SUBSTITUTION,1,88066239,5649374,BIOTERA,2018-08-06,702,biotera,SECTION 8 & 15-ACCEPTED AND ACKNOWLEDGED,Live/Registered,True,003,True
45,NEAR_1_SUBSTITUTION,1,87834142,5646760,BIOSERA,2018-03-14,702,biosera,SECTION 8 & 15-ACCEPTED AND ACKNOWLEDGED,Live/Registered,True,005,True
45,NEAR_1_SUBSTITUTION,1,79217215,5516172,DIOMERA,2017-08-08,739,diomera,Section 71 & 15 ACCEPTED AND ACKNOWLEDGED,Live/Registered,True,"009,035,037,042",True
45,NEAR_1_SUBSTITUTION,1,77982482,4035782,BIOMEGA,2010-01-08,800,biomega,REGISTERED AND RENEWED,Live/Registered,True,003,True
45,NEAR_1_SUBSTITUTION,1,77983347,4214400,BIOMEGA,2010-01-08,800,biomega,REGISTERED AND RENEWED,Live/Registered,True,003,True
45,NEAR_1_SUBSTITUTION,1,77724494,3766427,BIO CERA,2009-04-28,800,biocera,REGISTERED AND RENEWED,Live/Registered,True,"011,020",False
45,NEAR_1_SUBSTITUTION,1,77723527,3964020,BIO CERA,2009-04-27,800,biocera,REGISTERED AND RENEWED,Live/Registered,True,040,False
45,NEAR_1_SUBSTITUTION,1,76200193,2705209,BIOKERA,2001-01-25,800,biokera,REGISTERED AND RENEWED,Live/Registered,True,003,True
45,NEAR_1_SUBSTITUTION,1,75350219,2195725,BIOMEGA,1997-09-02,800,biomega,REGISTERED AND RENEWED,Live/Registered,True,005,True
45,NEAR_1_DELETION,1,74664350,2058051,BIOMER,1995-04-21,800,biomer,REGISTERED AND RENEWED,Live/Registered,True,001,False
45,NEAR_1_SUBSTITUTION,1,97870790,,BIO-VERA,2023-04-03,605,biovera,ABANDONED EXPRESS AFTER PUB,Dead/Abandoned,False,,False
45,NEAR_1_DELETION,1,79363421,,BIOMER,2022-11-02,602,biomer,ABANDONED-FAILURE TO RESPOND OR LATE RESPONSE,Dead/Abandoned,False,001,False
45,NEAR_1_SUBSTITUTION,1,90022852,,BIOMERX,2020-06-26,602,biomerx,ABANDONED-FAILURE TO RESPOND OR LATE RESPONSE,Dead/Abandoned,False,005,True
45,NEAR_1_SUBSTITUTION,1,88942618,,BIOVERA,2020-06-01,606,biovera,ABANDONED - NO STATEMENT OF USE FILED,Dead/Abandoned,False,005,True
45,NEAR_1_SUBSTITUTION,1,88405037,,BIOMORA,2019-04-26,602,biomora,ABANDONED-FAILURE TO RESPOND OR LATE RESPONSE,Dead/Abandoned,False,009,False
45,NEAR_1_SUBSTITUTION,1,88331026,5861951,BIOMELA,2019-03-08,710,biomela,CANCELLED - SECTION 8,Dead/Cancelled,False,,False
45,NEAR_1_SUBSTITUTION,1,79208244,5298897,BIOMEBA,2016-12-22,709,biomeba,CANCELLED SECTION 71,Dead/Cancelled,False,,False
45,NEAR_1_SUBSTITUTION,1,86754457,5087965,BIOMEGA,2015-09-11,710,biomega,CANCELLED - SECTION 8,Dead/Cancelled,False,,False
45,NEAR_1_SUBSTITUTION,1,86419783,5119925,BIOMEGA,2014-10-09,710,biomega,CANCELLED - SECTION 8,Dead/Cancelled,False,,False
45,NEAR_1_SUBSTITUTION,1,86352367,,BIOTERA,2014-07-30,602,biotera,ABANDONED-FAILURE TO RESPOND OR LATE RESPONSE,Dead/Abandoned,False,003,True
45,NEAR_1_SUBSTITUTION,1,85906192,4440047,BIONERA,2013-04-16,710,bionera,CANCELLED - SECTION 8,Dead/Cancelled,False,,False
45,NEAR_1_SUBSTITUTION,1,85449855,4273170,BIOMERS,2011-10-18,710,biomers,CANCELLED - SECTION 8,Dead/Cancelled,False,,False
45,NEAR_1_SUBSTITUTION,1,85187312,,BIOMETA,2010-11-30,605,biometa,ABANDONED EXPRESS AFTER PUB,Dead/Abandoned,False,,False
45,NEAR_1_SUBSTITUTION,1,85081367,4500113,BIONERA,2010-07-09,710,bionera,CANCELLED - SECTION 8,Dead/Cancelled,False,,False
45,NEAR_1_SUBSTITUTION,1,85081379,4281329,BIONERA,2010-07-09,710,bionera,CANCELLED - SECTION 8,Dead/Cancelled,False,,False
45,NEAR_1_SUBSTITUTION,1,77908835,,BIO-CERA,2010-01-11,606,biocera,ABANDONED - NO STATEMENT OF USE FILED,Dead/Abandoned,False,020,False
45,NEAR_1_SUBSTITUTION,1,77907935,,BIOMEGA,2010-01-08,606,biomega,ABANDONED - NO STATEMENT OF USE FILED,Dead/Abandoned,False,"009,011",False
45,NEAR_1_SUBSTITUTION,1,77716349,,BIOMEGA,2009-04-17,606,biomega,ABANDONED - NO STATEMENT OF USE FILED,Dead/Abandoned,False,009,False
45,NEAR_1_SUBSTITUTION,1,77083430,,BIOTERA,2007-01-16,602,biotera,ABANDONED-FAILURE TO RESPOND OR LATE RESPONSE,Dead/Abandoned,False,003,True
45,NEAR_1_DELETION,1,79025632,3329638,BIOERA,2006-04-26,404,bioera,IR CANCELLED; US REGISTRATION CANCELLED,Dead/Cancelled,False,,False
45,NEAR_1_SUBSTITUTION,1,78853436,3205957,BIOMEDA,2006-04-04,710,biomeda,CANCELLED - SECTION 8,Dead/Cancelled,False,,False
45,NEAR_1_SUBSTITUTION,1,78560717,,BIOSERA,2005-02-04,602,biosera,ABANDONED-FAILURE TO RESPOND OR LATE RESPONSE,Dead/Abandoned,False,005,True
45,NEAR_1_SUBSTITUTION,1,76560486,2908000,BIO-CERA,2003-11-17,710,biocera,CANCELLED - SECTION 8,Dead/Cancelled,False,,False
45,NEAR_1_SUBSTITUTION,1,78205641,3011951,BIOMERS,2003-01-21,710,biomers,CANCELLED - SECTION 8,Dead/Cancelled,False,,False
45,NEAR_1_SUBSTITUTION,1,76370246,2865975,BIOMEGA,2002-02-12,713,biomega,CANCELLED - SECTION 18,Dead/Cancelled,False,,False
45,NEAR_1_SUBSTITUTION,1,78082066,,BIOMERS,2001-08-31,602,biomers,ABANDONED-FAILURE TO RESPOND OR LATE RESPONSE,Dead/Abandoned,False,005,True
45,NEAR_1_SUBSTITUTION,1,75552893,2936482,BIOMIRA,1998-09-14,710,biomira,CANCELLED - SECTION 8,Dead/Cancelled,False,,False
45,NEAR_1_SUBSTITUTION,1,75420084,2327219,BIOVERA,1998-01-20,710,biovera,CANCELLED - SECTION 8,Dead/Cancelled,False,,False
45,NEAR_1_SUBSTITUTION,1,75420085,,BIOVERA,1998-01-20,606,biovera,ABANDONED - NO STATEMENT OF USE FILED,Dead/Abandoned,False,040,False
45,NEAR_1_SUBSTITUTION,1,75282601,,BIOMEVA,1997-04-26,602,biomeva,ABANDONED-FAILURE TO RESPOND OR LATE RESPONSE,Dead/Abandoned,False,042,False
45,NEAR_1_SUBSTITUTION,1,75189653,2198917,BIOMEVA,1996-10-28,710,biomeva,CANCELLED - SECTION 8,Dead/Cancelled,False,,False
45,NEAR_1_SUBSTITUTION,1,75127081,2110511,BIOMEGA,1996-06-28,710,biomega,CANCELLED - SECTION 8,Dead/Cancelled,False,,False
45,NEAR_1_SUBSTITUTION,1,75127273,2108586,BIOMEGA,1996-06-28,710,biomega,CANCELLED - SECTION 8,Dead/Cancelled,False,,False
45,NEAR_1_SUBSTITUTION,1,74546995,,BIOVERA,1994-07-08,606,biovera,ABANDONED - NO STATEMENT OF USE FILED,Dead/Abandoned,False,,False
45,NEAR_1_INSERTION,1,74497826,1884115,BIOMETRA,1994-03-07,710,biometra,CANCELLED - SECTION 8,Dead/Cancelled,False,,False
45,NEAR_1_INSERTION,1,74496195,1904200,BIOMETRA,1994-03-03,710,biometra,CANCELLED - SECTION 8,Dead/Cancelled,False,,False
45,NEAR_1_SUBSTITUTION,1,74424123,1844037,BIOTERA,1993-08-12,710,biotera,CANCELLED - SECTION 8,Dead/Cancelled,False,,False
45,NEAR_1_SUBSTITUTION,1,74311030,,BIOMEGA,1992-09-04,604,biomega,ABANDONED - AFTER INTER-PARTES DECISION,Dead/Abandoned,False,,False
45,NEAR_1_SUBSTITUTION,1,74282781,,BIOTERA,1992-06-08,614,biotera,ABANDONED PETITION TO REVIVE-DENIED,Dead/Abandoned,False,,False
45,NEAR_1_SUBSTITUTION,1,74006040,1795518,BIO-KERA,1992-01-29,710,biokera,CANCELLED - SECTION 8,Dead/Cancelled,False,,False
45,NEAR_1_DELETION,1,73669100,1475615,BIOMER,1987-06-29,710,biomer,CANCELLED - SECTION 8,Dead/Cancelled,False,,False
45,NEAR_1_DELETION,1,73625841,1437197,BIOMER,1986-10-17,710,biomer,CANCELLED - SECTION 8,Dead/Cancelled,False,,False
45,NEAR_1_SUBSTITUTION,1,73513546,1438454,BIO-MEGA,1984-12-14,710,biomega,CANCELLED - SECTION 8,Dead/Cancelled,False,,False
45,NEAR_1_DELETION,1,73431205,,BIOMER,1983-06-20,602,biomer,ABANDONED-FAILURE TO RESPOND OR LATE RESPONSE,Dead/Abandoned,False,,False
45,NEAR_1_DELETION,1,73298657,,BIOMER,1981-02-26,602,biomer,ABANDONED-FAILURE TO RESPOND OR LATE RESPONSE,Dead/Abandoned,False,,False
45,NEAR_1_SUBSTITUTION,1,73274228,1169133,BIOMEGA,1980-08-15,710,biomega,CANCELLED - SECTION 8,Dead/Cancelled,False,,False
45,NEAR_1_DELETION,1,72402894,0942541,BIOMER,1971-10-14,900,biomer,EXPIRED,Dead/Expired,False,,False
46,NEAR_1_INSERTION,1,99625472,,BIORHYTHM,2026-01-30,641,biorhythm,NON-FINAL ACTION - MAILED,Live/Pending,True,005,True
46,NEAR_1_INSERTION,1,86063005,4529028,BIORHYTHM,2013-09-12,790,biorhythm,CANCELLATION PENDING,Live/Registered,True,005,True
46,NEAR_1_INSERTION,1,90111951,,BIORHYTHM,2020-08-13,602,biorhythm,ABANDONED-FAILURE TO RESPOND OR LATE RESPONSE,Dead/Abandoned,False,005,True
46,NEAR_1_INSERTION,1,75485843,2293655,BIORHYTHM,1998-05-15,710,biorhythm,CANCELLED - SECTION 8,Dead/Cancelled,False,,False
46,NEAR_1_INSERTION,1,74452217,1853500,BIO-RHYTHM,1993-10-25,710,biorhythm,CANCELLED - SECTION 8,Dead/Cancelled,False,,False
46,NEAR_1_INSERTION,1,73312509,1260381,BIO-RHYTHM,1981-06-01,710,biorhythm,CANCELLED - SECTION 8,Dead/Cancelled,False,,False
46,NEAR_1_INSERTION,1,72466317,1075289,BIO-RHYTHM,1973-08-22,710,biorhythm,CANCELLED - SECTION 8,Dead/Cancelled,False,,False
49,NEAR_1_SUBSTITUTION,1,99795534,,BAREIVA,2026-04-29,630,bareiva,NEW APPLICATION - RECORD INITIALIZED NOT ASSIGNED TO EXAMINER,Live/Pending,True,010,True
49,NEAR_1_SUBSTITUTION,1,99214714,,BARRIKA,2025-06-03,688,barrika,NOTICE OF ALLOWANCE - ISSUED,Live/Pending,True,011,False
49,NEAR_1_SUBSTITUTION,1,87919458,6024734,BAR RITA,2018-05-14,700,barrita,REGISTERED,Live/Registered,True,043,False
49,NEAR_1_SUBSTITUTION,1,87597071,5437849,BARRINA,2017-09-05,701,barrina,SECTION 8-ACCEPTED,Live/Registered,True,011,False
49,NEAR_1_SUBSTITUTION,1,87039102,5263550,BARRINA,2016-05-17,701,barrina,SECTION 8-ACCEPTED,Live/Registered,True,011,False
49,NEAR_1_DELETION,1,86199138,4650482,ARRIVA,2014-02-20,800,arriva,REGISTERED AND RENEWED,Live/Registered,True,012,False
49,NEAR_1_DELETION,1,98248530,,ARRIVA,2023-10-31,602,arriva,ABANDONED-FAILURE TO RESPOND OR LATE RESPONSE,Dead/Abandoned,False,038,False
49,NEAR_1_SUBSTITUTION,1,86413475,,BAR RITA,2014-10-02,606,barrita,ABANDONED - NO STATEMENT OF USE FILED,Dead/Abandoned,False,043,False
49,NEAR_1_SUBSTITUTION,1,85121253,4168550,A ARRIVA,2010-09-01,710,aarriva,CANCELLED - SECTION 8,Dead/Cancelled,False,,False
49,NEAR_1_SUBSTITUTION,1,77726345,,BARRICA,2009-04-30,602,barrica,ABANDONED-FAILURE TO RESPOND OR LATE RESPONSE,Dead/Abandoned,False,033,False
49,NEAR_1_DELETION,1,77464301,,ARRIVA,2008-05-02,605,arriva,ABANDONED EXPRESS AFTER PUB,Dead/Abandoned,False,,False
49,NEAR_1_DELETION,1,78937871,,ARRIVA,2006-07-26,601,arriva,ABANDONED - EXPRESS,Dead/Abandoned,False,036,False
49,NEAR_1_DELETION,1,78703916,,ARRIVA,2005-08-31,602,arriva,ABANDONED-FAILURE TO RESPOND OR LATE RESPONSE,Dead/Abandoned,False,036,False
49,NEAR_1_DELETION,1,78702497,3320391,ARRIVA,2005-08-29,711,arriva,CANCELLED - SECTION 7,Dead/Cancelled,False,,False
49,NEAR_1_DELETION,1,78638092,3087713,ARRIVA,2005-05-26,710,arriva,CANCELLED - SECTION 8,Dead/Cancelled,False,,False
49,NEAR_1_DELETION,1,76511072,2926174,ARRIVA,2003-05-02,710,arriva,CANCELLED - SECTION 8,Dead/Cancelled,False,,False
49,NEAR_1_DELETION,1,75570717,,ARRIVA,1998-10-15,606,arriva,ABANDONED - NO STATEMENT OF USE FILED,Dead/Abandoned,False,010,True
49,NEAR_1_DELETION,1,75256219,,ARRIVA!,1997-03-12,606,arriva,ABANDONED - NO STATEMENT OF USE FILED,Dead/Abandoned,False,042,False
49,NEAR_1_DELETION,1,75214515,2219471,ARRIVA,1996-12-17,710,arriva,CANCELLED - SECTION 8,Dead/Cancelled,False,,False
49,NEAR_1_DELETION,1,74715796,2319628,ARRIVA,1995-08-15,710,arriva,CANCELLED - SECTION 8,Dead/Cancelled,False,,False
49,NEAR_1_DELETION,1,74715797,2029781,ARRIVA,1995-08-15,710,arriva,CANCELLED - SECTION 8,Dead/Cancelled,False,,False
49,NEAR_1_DELETION,1,75976865,2148387,ARRIVA,1995-08-15,710,arriva,CANCELLED - SECTION 8,Dead/Cancelled,False,,False
49,NEAR_1_DELETION,1,74598272,1974359,ARRIVA,1994-11-14,710,arriva,CANCELLED - SECTION 8,Dead/Cancelled,False,,False
49,NEAR_1_DELETION,1,74522533,1997391,ARRIVA,1994-05-06,710,arriva,CANCELLED - SECTION 8,Dead/Cancelled,False,,False
49,NEAR_1_DELETION,1,73570120,1400216,ARRIVA,1985-11-25,710,arriva,CANCELLED - SECTION 8,Dead/Cancelled,False,,False
49,NEAR_1_DELETION,1,73410282,1269030,ARRIVA,1983-01-21,710,arriva,CANCELLED - SECTION 8,Dead/Cancelled,False,,False
49,NEAR_1_DELETION,1,73223114,1146418,ARRIVA,1979-07-12,710,arriva,CANCELLED - SECTION 8,Dead/Cancelled,False,,False
49,NEAR_1_DELETION,1,72309451,0872578,ARRIVA,1968-10-11,900,arriva,EXPIRED,Dead/Expired,False,,False
50,EXACT,0,99236451,,CLINARA,2025-06-16,688,clinara,NOTICE OF ALLOWANCE - ISSUED,Live/Pending,True,042,False
50,NEAR_1_SUBSTITUTION,1,99909353,,CLINDRA,2026-06-27,630,clindra,NEW APPLICATION - RECORD INITIALIZED NOT ASSIGNED TO EXAMINER,Live/Pending,True,042,False
50,NEAR_1_SUBSTITUTION,1,99602223,,CLINÉRA,2026-01-19,686,clinera,PUBLISHED FOR OPPOSITION,Live/Pending,True,003,True
50,NEAR_1_DELETION,1,99539930,,LINARA,2025-12-10,688,linara,NOTICE OF ALLOWANCE - ISSUED,Live/Pending,True,035,True
50,NEAR_1_DELETION,1,99261031,8142145,LINARA,2025-06-30,700,linara,REGISTERED,Live/Registered,True,014,False
50,NEAR_1_INSERTION,1,99225613,,CULINARA,2025-06-09,645,culinara,FINAL REFUSAL - MAILED,Live/Pending,True,021,True
50,NEAR_1_SUBSTITUTION,1,79426167,8155807,CLINURA,2025-04-09,700,clinura,REGISTERED,Live/Registered,True,010,True
50,NEAR_1_DELETION,1,97937403,7401365,L'INARA,2023-05-15,700,linara,REGISTERED,Live/Registered,True,044,True
50,NEAR_1_SUBSTITUTION,1,88419428,5992616,CLINARK,2019-05-07,700,clinark,REGISTERED,Live/Registered,True,035,True
50,NEAR_1_SUBSTITUTION,1,74352826,1828006,CLIMARA,1993-01-27,800,climara,REGISTERED AND RENEWED,Live/Registered,True,005,True
50,NEAR_1_INSERTION,1,79399866,,CULINARA,2024-04-27,602,culinara,ABANDONED-FAILURE TO RESPOND OR LATE RESPONSE,Dead/Abandoned,False,"009,043,044",True
50,NEAR_1_DELETION,1,87294970,,CINARA,2017-01-10,606,cinara,ABANDONED - NO STATEMENT OF USE FILED,Dead/Abandoned,False,035,True
50,NEAR_1_SUBSTITUTION,1,86512767,4844398,CLINTRA,2015-01-23,710,clintra,CANCELLED - SECTION 8,Dead/Cancelled,False,,False
50,NEAR_1_DELETION,1,85529515,4354879,CLINAR,2012-01-31,710,clinar,CANCELLED - SECTION 8,Dead/Cancelled,False,,False
50,NEAR_1_DELETION,1,78371552,,CLIN RA,2004-02-20,606,clinra,ABANDONED - NO STATEMENT OF USE FILED,Dead/Abandoned,False,005,True
50,NEAR_1_DELETION,1,75531731,,CINARA,1998-08-04,606,cinara,ABANDONED - NO STATEMENT OF USE FILED,Dead/Abandoned,False,025,False
50,NEAR_1_SUBSTITUTION,1,73670660,1492084,CLINARE,1987-07-02,710,clinare,CANCELLED - SECTION 8,Dead/Cancelled,False,,False
51,NEAR_1_SUBSTITUTION,1,99602223,,CLINÉRA,2026-01-19,686,clinera,PUBLISHED FOR OPPOSITION,Live/Pending,True,003,True
51,NEAR_1_DELETION,1,99208094,,CLINÉA,2025-05-29,730,clinea,FIRST EXTENSION - GRANTED,Live/Pending,True,003,True
51,NEAR_1_DELETION,1,98825607,7900217,CLINEX,2024-10-29,700,clinex,REGISTERED,Live/Registered,True,042,False
51,NEAR_1_DELETION,1,98783051,7913277,CLIEXA,2024-10-02,700,cliexa,REGISTERED,Live/Registered,True,042,False
51,NEAR_1_DELETION,1,98783056,7964625,CLIEXA,2024-10-02,700,cliexa,REGISTERED,Live/Registered,True,042,False
51,NEAR_1_SUBSTITUTION,1,98143490,7473725,GLINEXA,2023-08-22,700,glinexa,REGISTERED,Live/Registered,True,003,True
51,NEAR_1_DELETION,1,88786696,6178305,CINEXA,2020-02-05,700,cinexa,REGISTERED,Live/Registered,True,041,False
51,NEAR_1_SUBSTITUTION,1,86746323,4991721,CLINEVA,2015-09-03,701,clineva,SECTION 8-ACCEPTED,Live/Registered,True,044,True
51,NEAR_1_DELETION,1,87261414,5338364,CLIEXA,2016-12-08,710,cliexa,CANCELLED - SECTION 8,Dead/Cancelled,False,,False
51,NEAR_1_DELETION,1,87024755,,CLINEA,2016-05-04,602,clinea,ABANDONED-FAILURE TO RESPOND OR LATE RESPONSE,Dead/Abandoned,False,"009,038,042,044",True
51,NEAR_1_DELETION,1,86873054,,CLIEXA,2016-01-12,606,cliexa,ABANDONED - NO STATEMENT OF USE FILED,Dead/Abandoned,False,009,False
51,NEAR_1_DELETION,1,85922490,,CLINEX,2013-05-03,606,clinex,ABANDONED - NO STATEMENT OF USE FILED,Dead/Abandoned,False,035,True
51,NEAR_1_DELETION,1,77626028,,CLINEX,2008-12-03,602,clinex,ABANDONED-FAILURE TO RESPOND OR LATE RESPONSE,Dead/Abandoned,False,009,False
51,NEAR_1_DELETION,1,81012701,1012701,CLINEX,,710,clinex,CANCELLED - SECTION 8,Dead/Cancelled,False,,False
52,NEAR_1_SUBSTITUTION,1,99769864,,CLYNYX,2026-04-17,630,clynyx,NEW APPLICATION - RECORD INITIALIZED NOT ASSIGNED TO EXAMINER,Live/Pending,True,042,False
52,NEAR_1_SUBSTITUTION,1,98825607,7900217,CLINEX,2024-10-29,700,clinex,REGISTERED,Live/Registered,True,042,False
52,NEAR_1_DELETION,1,97121593,7140408,CLINY,2021-11-12,700,cliny,REGISTERED,Live/Registered,True,005,True
52,NEAR_1_SUBSTITUTION,1,88660538,6120599,CLIFYX,2019-10-18,702,clifyx,SECTION 8 & 15-ACCEPTED AND ACKNOWLEDGED,Live/Registered,True,035,True
52,NEAR_1_DELETION,1,88174233,6456143,CLINX,2018-10-30,700,clinx,REGISTERED,Live/Registered,True,"035,036,042",True
52,NEAR_1_SUBSTITUTION,1,78811390,3187034,CLINIX,2006-02-09,800,clinix,REGISTERED AND RENEWED,Live/Registered,True,042,False
52,NEAR_1_DELETION,1,78491699,3134096,C LINX,2004-09-29,800,clinx,REGISTERED AND RENEWED,Live/Registered,True,009,False
52,NEAR_1_SUBSTITUTION,1,99019945,,CLINRX,2025-01-27,602,clinrx,ABANDONED-FAILURE TO RESPOND OR LATE RESPONSE,Dead/Abandoned,False,"042,044",True
52,NEAR_1_SUBSTITUTION,1,90899567,,CLINUX,2021-08-24,602,clinux,ABANDONED-FAILURE TO RESPOND OR LATE RESPONSE,Dead/Abandoned,False,042,False
52,NEAR_1_SUBSTITUTION,1,88664139,,CLINIX,2019-10-22,602,clinix,ABANDONED-FAILURE TO RESPOND OR LATE RESPONSE,Dead/Abandoned,False,035,True
52,NEAR_1_SUBSTITUTION,1,88983326,,CLINIX,2019-10-22,606,clinix,ABANDONED - NO STATEMENT OF USE FILED,Dead/Abandoned,False,"004,010,011,012,020,024,028",True
52,NEAR_1_DELETION,1,86438999,,C-LINX,2014-10-29,602,clinx,ABANDONED-FAILURE TO RESPOND OR LATE RESPONSE,Dead/Abandoned,False,028,False
52,NEAR_1_SUBSTITUTION,1,85922490,,CLINEX,2013-05-03,606,clinex,ABANDONED - NO STATEMENT OF USE FILED,Dead/Abandoned,False,035,True
52,NEAR_1_SUBSTITUTION,1,77626028,,CLINEX,2008-12-03,602,clinex,ABANDONED-FAILURE TO RESPOND OR LATE RESPONSE,Dead/Abandoned,False,009,False
52,NEAR_1_DELETION,1,78416216,,C-LINX,2004-05-10,606,clinx,ABANDONED - NO STATEMENT OF USE FILED,Dead/Abandoned,False,036,False
52,NEAR_1_DELETION,1,78364922,2988358,CLINX,2004-02-09,710,clinx,CANCELLED - SECTION 8,Dead/Cancelled,False,,False
52,NEAR_1_SUBSTITUTION,1,75845396,2493425,CLINIX,1999-12-01,900,clinix,EXPIRED,Dead/Expired,False,,False
52,NEAR_1_SUBSTITUTION,1,75100420,,CLINIX,1996-05-08,606,clinix,ABANDONED - NO STATEMENT OF USE FILED,Dead/Abandoned,False,,False
52,NEAR_1_SUBSTITUTION,1,75100423,,CLINIX,1996-05-08,606,clinix,ABANDONED - NO STATEMENT OF USE FILED,Dead/Abandoned,False,,False
52,NEAR_1_SUBSTITUTION,1,74104224,,CLINIX,1990-10-09,602,clinix,ABANDONED-FAILURE TO RESPOND OR LATE RESPONSE,Dead/Abandoned,False,,False
52,NEAR_1_SUBSTITUTION,1,74051515,1666909,CLINIX,1990-04-20,710,clinix,CANCELLED - SECTION 8,Dead/Cancelled,False,,False
52,NEAR_1_SUBSTITUTION,1,81012701,1012701,CLINEX,,710,clinex,CANCELLED - SECTION 8,Dead/Cancelled,False,,False
53,NEAR_1_SUBSTITUTION,1,99732873,,EPIDORA,2026-03-30,630,epidora,NEW APPLICATION - RECORD INITIALIZED NOT ASSIGNED TO EXAMINER,Live/Pending,True,026,False
53,NEAR_1_SUBSTITUTION,1,99692740,,EPIC ERA,2026-03-10,641,epicera,NON-FINAL ACTION - MAILED,Live/Pending,True,009,False
53,NEAR_1_SUBSTITUTION,1,99107128,,EPIDERM,2025-03-27,661,epiderm,RESPONSE AFTER NON-FINAL ACTION - ENTERED,Live/Pending,True,010,True
53,NEAR_1_DELETION,1,79214252,5435609,EPI ERA,2017-04-07,706,epiera,SECTION 71 ACCEPTED,Live/Registered,True,009,False
53,NEAR_1_DELETION,1,79207786,5293594,EPIERA,2017-02-03,706,epiera,SECTION 71 ACCEPTED,Live/Registered,True,009,False
53,NEAR_1_SUBSTITUTION,1,86071975,4555019,EVIDERA,2013-09-23,800,evidera,REGISTERED AND RENEWED,Live/Registered,True,"035,042",True
53,NEAR_1_SUBSTITUTION,1,76001047,2440827,EPI-DERM,2000-03-13,800,epiderm,REGISTERED AND RENEWED,Live/Registered,True,005,True
53,NEAR_1_SUBSTITUTION,1,97391230,,EPIDURA,2022-05-02,606,epidura,ABANDONED - NO STATEMENT OF USE FILED,Dead/Abandoned,False,"010,035",True
53,NEAR_1_SUBSTITUTION,1,97356521,,EPIDURA,2022-04-11,606,epidura,ABANDONED - NO STATEMENT OF USE FILED,Dead/Abandoned,False,"010,035",True
53,NEAR_1_INSERTION,1,79269608,,EPIDERMA,2019-05-14,602,epiderma,ABANDONED-FAILURE TO RESPOND OR LATE RESPONSE,Dead/Abandoned,False,005,True
53,NEAR_1_SUBSTITUTION,1,87416765,5487857,EVIDERA,2017-04-19,710,evidera,CANCELLED - SECTION 8,Dead/Cancelled,False,,False
53,NEAR_1_INSERTION,1,86626892,,ELPIDERA,2015-05-12,606,elpidera,ABANDONED - NO STATEMENT OF USE FILED,Dead/Abandoned,False,005,True
53,NEAR_1_INSERTION,1,86626914,4870694,ELPIDERA,2015-05-12,710,elpidera,CANCELLED - SECTION 8,Dead/Cancelled,False,,False
53,NEAR_1_INSERTION,1,86626939,,ELPIDERA,2015-05-12,606,elpidera,ABANDONED - NO STATEMENT OF USE FILED,Dead/Abandoned,False,005,True
53,NEAR_1_INSERTION,1,86626956,4870699,ELPIDERA,2015-05-12,710,elpidera,CANCELLED - SECTION 8,Dead/Cancelled,False,,False
53,NEAR_1_SUBSTITUTION,1,86231237,,EPICERA,2014-03-25,602,epicera,ABANDONED-FAILURE TO RESPOND OR LATE RESPONSE,Dead/Abandoned,False,035,True
53,NEAR_1_SUBSTITUTION,1,86072006,4555020,EVIDERA,2013-09-23,710,evidera,CANCELLED - SECTION 8,Dead/Cancelled,False,,False
53,NEAR_1_SUBSTITUTION,1,78589620,3065900,EPIDERM,2005-03-17,710,epiderm,CANCELLED - SECTION 8,Dead/Cancelled,False,,False
53,NEAR_1_INSERTION,1,76624529,3296002,EPIDERMA,2004-12-14,710,epiderma,CANCELLED - SECTION 8,Dead/Cancelled,False,,False
53,NEAR_1_SUBSTITUTION,1,76421997,,EPI-DERM,2002-06-17,602,epiderm,ABANDONED-FAILURE TO RESPOND OR LATE RESPONSE,Dead/Abandoned,False,"003,005",True
53,NEAR_1_INSERTION,1,75777270,2735050,EPIDERMA,1999-08-17,713,epiderma,CANCELLED - SECTION 18,Dead/Cancelled,False,,False
53,NEAR_1_INSERTION,1,75181111,,EPIDERMA,1996-10-15,606,epiderma,ABANDONED - NO STATEMENT OF USE FILED,Dead/Abandoned,False,003,True
53,NEAR_1_SUBSTITUTION,1,74449378,,EPI-DERM,1993-10-22,602,epiderm,ABANDONED-FAILURE TO RESPOND OR LATE RESPONSE,Dead/Abandoned,False,,False
53,NEAR_1_SUBSTITUTION,1,74205235,1849701,EPIDERM,1991-09-20,710,epiderm,CANCELLED - SECTION 8,Dead/Cancelled,False,,False
53,NEAR_1_SUBSTITUTION,1,73321052,1232321,EPIDERM,1981-07-27,710,epiderm,CANCELLED - SECTION 8,Dead/Cancelled,False,,False
54,EXACT,0,88260101,5922621,DERMORA,2019-01-14,702,dermora,SECTION 8 & 15-ACCEPTED AND ACKNOWLEDGED,Live/Registered,True,003,True
54,EXACT,0,97356588,,DERMORA,2022-04-11,610,dermora,TERMINATED AFTER SANCTIONS,Dead,False,,False
54,NEAR_1_SUBSTITUTION,1,99858353,,HERMORA,2026-06-01,630,hermora,NEW APPLICATION - RECORD INITIALIZED NOT ASSIGNED TO EXAMINER,Live/Pending,True,003,True
54,NEAR_1_SUBSTITUTION,1,99813908,,DEWMORA,2026-05-10,630,dewmora,NEW APPLICATION - RECORD INITIALIZED NOT ASSIGNED TO EXAMINER,Live/Pending,True,003,True
54,NEAR_1_SUBSTITUTION,1,99759631,,DERMARA,2026-04-13,630,dermara,NEW APPLICATION - RECORD INITIALIZED NOT ASSIGNED TO EXAMINER,Live/Pending,True,003,True
54,NEAR_1_SUBSTITUTION,1,99275801,8192676,DORMORA,2025-07-09,700,dormora,REGISTERED,Live/Registered,True,"024,035",True
54,NEAR_1_SUBSTITUTION,1,99204329,,DERMORÉ,2025-05-27,649,dermore,ACTION CONTINUING FINAL - MAILED,Live/Pending,True,003,True
54,NEAR_1_SUBSTITUTION,1,97768272,7757328,DERMOIA,2023-01-25,700,dermoia,REGISTERED,Live/Registered,True,"003,005",True
54,NEAR_1_DELETION,1,97555907,7417136,DERORA,2022-08-19,700,derora,REGISTERED,Live/Registered,True,"003,004",True
54,NEAR_1_SUBSTITUTION,1,90224984,6394835,DERMOKA,2020-09-30,700,dermoka,REGISTERED,Live/Registered,True,011,False
54,NEAR_1_DELETION,1,90226880,6452362,DEMORA,2020-09-30,700,demora,REGISTERED,Live/Registered,True,021,True
54,NEAR_1_DELETION,1,90212790,6421940,DERMOR,2020-09-26,700,dermor,REGISTERED,Live/Registered,True,005,True
54,NEAR_1_DELETION,1,90052970,6271905,DERORA,2020-07-14,713,derora,CANCELLED - SECTION 18,Dead/Cancelled,False,,False
54,NEAR_1_SUBSTITUTION,1,87315386,5697916,DERMIRA,2017-01-26,710,dermira,CANCELLED - SECTION 8,Dead/Cancelled,False,,False
54,NEAR_1_SUBSTITUTION,1,86786093,4968653,DERMIRA,2015-10-13,710,dermira,CANCELLED - SECTION 8,Dead/Cancelled,False,,False
54,NEAR_1_SUBSTITUTION,1,86045330,4510346,DERMERA,2013-08-22,710,dermera,CANCELLED - SECTION 8,Dead/Cancelled,False,,False
54,NEAR_1_SUBSTITUTION,1,85397069,4605810,DERMIRA,2011-08-12,710,dermira,CANCELLED - SECTION 8,Dead/Cancelled,False,,False
54,NEAR_1_DELETION,1,85242657,4025852,DEMORA,2011-02-15,710,demora,CANCELLED - SECTION 8,Dead/Cancelled,False,,False
54,NEAR_1_SUBSTITUTION,1,85149112,3970522,DERMERA,2010-10-09,710,dermera,CANCELLED - SECTION 8,Dead/Cancelled,False,,False
54,NEAR_1_SUBSTITUTION,1,78522124,3178078,DERMONA,2004-11-23,710,dermona,CANCELLED - SECTION 8,Dead/Cancelled,False,,False
54,NEAR_1_SUBSTITUTION,1,78330974,3058180,DERMONA,2003-11-20,710,dermona,CANCELLED - SECTION 8,Dead/Cancelled,False,,False
55,NEAR_1_SUBSTITUTION,1,87851109,,DERMURE,2018-03-27,602,dermure,ABANDONED-FAILURE TO RESPOND OR LATE RESPONSE,Dead/Abandoned,False,003,True
55,NEAR_1_SUBSTITUTION,1,87213971,,DERM ONE,2016-10-24,602,dermone,ABANDONED-FAILURE TO RESPOND OR LATE RESPONSE,Dead/Abandoned,False,003,True
55,NEAR_1_SUBSTITUTION,1,85720291,4351676,DERMONE,2012-09-04,710,dermone,CANCELLED - SECTION 8,Dead/Cancelled,False,,False
55,NEAR_1_SUBSTITUTION,1,85687377,4351599,DERMONE,2012-07-26,710,dermone,CANCELLED - SECTION 8,Dead/Cancelled,False,,False
55,NEAR_1_SUBSTITUTION,1,76117603,2632775,DERM URE,2000-08-28,710,dermure,CANCELLED - SECTION 8,Dead/Cancelled,False,,False
55,NEAR_1_SUBSTITUTION,1,75240133,,DERM ONE,1997-02-11,606,dermone,ABANDONED - NO STATEMENT OF USE FILED,Dead/Abandoned,False,003,True
55,NEAR_1_SUBSTITUTION,1,71511269,0444299,DERMONE,1946-10-22,900,dermone,EXPIRED,Dead/Expired,False,,False
55,NEAR_1_SUBSTITUTION,1,71326915,0297835,DERMURE,1932-05-09,710,dermure,CANCELLED - SECTION 8,Dead/Cancelled,False,,False
56,EXACT,0,73747603,1556478,DERMITY,1988-08-22,710,dermity,CANCELLED - SECTION 8,Dead/Cancelled,False,,False
56,NEAR_1_SUBSTITUTION,1,99625423,,DORMITY,2026-01-30,686,dormity,PUBLISHED FOR OPPOSITION,Live/Pending,True,"009,042",False
56,NEAR_1_SUBSTITUTION,1,99080090,8298890,DERMITA,2025-03-12,700,dermita,REGISTERED,Live/Registered,True,010,True
56,NEAR_1_SUBSTITUTION,1,98348002,7596310,DEREITY,2024-01-09,700,dereity,REGISTERED,Live/Registered,True,009,False
56,NEAR_1_SUBSTITUTION,1,87795055,5770757,LERMITY,2018-02-12,710,lermity,CANCELLED - SECTION 8,Dead/Cancelled,False,,False
56,NEAR_1_SUBSTITUTION,1,77715706,3850996,DERMIFY,2009-04-16,710,dermify,CANCELLED - SECTION 8,Dead/Cancelled,False,,False
57,EXACT,0,99703049,,DERMEXA,2026-03-15,681,dermexa,PUBLICATION/ISSUE REVIEW COMPLETE,Live/Pending,True,005,True
57,NEAR_1_SUBSTITUTION,1,99517433,,PERMEXA,2025-11-26,641,permexa,NON-FINAL ACTION - MAILED,Live/Pending,True,001,False
57,NEAR_1_SUBSTITUTION,1,99267873,,DORMEXA,2025-07-04,688,dormexa,NOTICE OF ALLOWANCE - ISSUED,Live/Pending,True,005,True
57,NEAR_1_DELETION,1,73599193,1467879,DERMEX,1986-05-16,800,dermex,REGISTERED AND RENEWED,Live/Registered,True,003,True
57,NEAR_1_SUBSTITUTION,1,99344050,,DERMELA,2025-08-18,602,dermela,ABANDONED-FAILURE TO RESPOND OR LATE RESPONSE,Dead/Abandoned,False,003,True
57,NEAR_1_DELETION,1,97843764,,DERMEA,2023-03-17,604,dermea,ABANDONED - AFTER INTER-PARTES DECISION,Dead/Abandoned,False,,False
57,NEAR_1_SUBSTITUTION,1,86721648,,DERMEVA,2015-08-11,606,dermeva,ABANDONED - NO STATEMENT OF USE FILED,Dead/Abandoned,False,003,True
57,NEAR_1_SUBSTITUTION,1,86045330,4510346,DERMERA,2013-08-22,710,dermera,CANCELLED - SECTION 8,Dead/Cancelled,False,,False
57,NEAR_1_SUBSTITUTION,1,85149112,3970522,DERMERA,2010-10-09,710,dermera,CANCELLED - SECTION 8,Dead/Cancelled,False,,False
57,NEAR_1_DELETION,1,77786079,,DERMEX,2009-07-21,601,dermex,ABANDONED - EXPRESS,Dead/Abandoned,False,010,True
57,NEAR_1_DELETION,1,77786106,,DERMEX,2009-07-21,601,dermex,ABANDONED - EXPRESS,Dead/Abandoned,False,010,True
57,NEAR_1_SUBSTITUTION,1,77183466,,DERME.CA,2007-05-17,602,dermeca,ABANDONED-FAILURE TO RESPOND OR LATE RESPONSE,Dead/Abandoned,False,"003,005,041,044",True
57,NEAR_1_SUBSTITUTION,1,79021569,,DERMENA,2005-10-28,402,dermena,IR CANCELLED; US APPLICATION ABANDONED,Dead/Abandoned,False,,False
57,NEAR_1_DELETION,1,73323202,,DERMEX,1981-08-11,604,dermex,ABANDONED - AFTER INTER-PARTES DECISION,Dead/Abandoned,False,,False
58,NEAR_1_SUBSTITUTION,1,99811718,,ENLYRA,2026-05-08,630,enlyra,NEW APPLICATION - RECORD INITIALIZED NOT ASSIGNED TO EXAMINER,Live/Pending,True,011,False
58,NEAR_1_SUBSTITUTION,1,90429227,6544516,ENZYMA,2020-12-30,700,enzyma,REGISTERED,Live/Registered,True,007,False
58,NEAR_1_SUBSTITUTION,1,98164256,,ENVYRA,2023-09-05,606,envyra,ABANDONED - NO STATEMENT OF USE FILED,Dead/Abandoned,False,001,False
58,NEAR_1_SUBSTITUTION,1,90160721,,ENGYRA,2020-09-04,602,engyra,ABANDONED-FAILURE TO RESPOND OR LATE RESPONSE,Dead/Abandoned,False,042,False
58,NEAR_1_SUBSTITUTION,1,79169070,4872527,ENZIRA,2015-05-13,404,enzira,IR CANCELLED; US REGISTRATION CANCELLED,Dead/Cancelled,False,,False
58,NEAR_1_SUBSTITUTION,1,79111179,4299772,ENZIRA,2012-02-21,404,enzira,IR CANCELLED; US REGISTRATION CANCELLED,Dead/Cancelled,False,,False
58,NEAR_1_SUBSTITUTION,1,77797148,3762884,ENZARA,2009-08-05,710,enzara,CANCELLED - SECTION 8,Dead/Cancelled,False,,False
58,NEAR_1_SUBSTITUTION,1,77096233,,ENZYNA,2007-01-31,602,enzyna,ABANDONED-FAILURE TO RESPOND OR LATE RESPONSE,Dead/Abandoned,False,005,True
58,NEAR_1_SUBSTITUTION,1,79004919,3021183,ENZIRA,2004-07-13,404,enzira,IR CANCELLED; US REGISTRATION CANCELLED,Dead/Cancelled,False,,False
58,NEAR_1_SUBSTITUTION,1,76252778,,ENDYRA,2001-05-04,606,endyra,ABANDONED - NO STATEMENT OF USE FILED,Dead/Abandoned,False,009,False
58,NEAR_1_SUBSTITUTION,1,76252779,,ENDYRA,2001-05-04,606,endyra,ABANDONED - NO STATEMENT OF USE FILED,Dead/Abandoned,False,016,False
58,NEAR_1_SUBSTITUTION,1,76252780,,ENDYRA,2001-05-04,602,endyra,ABANDONED-FAILURE TO RESPOND OR LATE RESPONSE,Dead/Abandoned,False,025,False
58,NEAR_1_SUBSTITUTION,1,76252781,,ENDYRA,2001-05-04,606,endyra,ABANDONED - NO STATEMENT OF USE FILED,Dead/Abandoned,False,041,False
59,EXACT,0,90429227,6544516,ENZYMA,2020-12-30,700,enzyma,REGISTERED,Live/Registered,True,007,False
59,NEAR_1_SUBSTITUTION,1,87771296,5760473,ENZYME,2018-01-25,702,enzyme,SECTION 8 & 15-ACCEPTED AND ACKNOWLEDGED,Live/Registered,True,042,False
59,NEAR_1_SUBSTITUTION,1,87581719,5462974,ENZYME,2017-08-24,702,enzyme,SECTION 8 & 15-ACCEPTED AND ACKNOWLEDGED,Live/Registered,True,042,False
59,NEAR_1_SUBSTITUTION,1,77746916,3871983,ENZYME,2009-05-28,800,enzyme,REGISTERED AND RENEWED,Live/Registered,True,004,False
59,NEAR_1_INSERTION,1,74716305,1984282,ENZYMAX,1995-08-16,800,enzymax,REGISTERED AND RENEWED,Live/Registered,True,003,True
59,NEAR_1_INSERTION,1,73775404,1567906,ENZYMAX,1989-01-19,800,enzymax,REGISTERED AND RENEWED,Live/Registered,True,005,True
59,NEAR_1_SUBSTITUTION,1,73572750,1402821,ENZYM D,1985-12-10,800,enzymd,REGISTERED AND RENEWED,Live/Registered,True,005,True
59,NEAR_1_DELETION,1,90819349,,EZYMA,2021-07-09,606,ezyma,ABANDONED - NO STATEMENT OF USE FILED,Dead/Abandoned,False,005,True
59,NEAR_1_SUBSTITUTION,1,79329736,,ENZYME,2021-05-10,602,enzyme,ABANDONED-FAILURE TO RESPOND OR LATE RESPONSE,Dead/Abandoned,False,"009,036,042",False
59,NEAR_1_SUBSTITUTION,1,87948670,,ENZYME,2018-06-05,601,enzyme,ABANDONED - EXPRESS,Dead/Abandoned,False,035,True
59,NEAR_1_SUBSTITUTION,1,85719141,,ENZYME,2012-09-02,606,enzyme,ABANDONED - NO STATEMENT OF USE FILED,Dead/Abandoned,False,009,False
59,NEAR_1_SUBSTITUTION,1,77935758,,ENZYME,2010-02-15,606,enzyme,ABANDONED - NO STATEMENT OF USE FILED,Dead/Abandoned,False,041,False
59,NEAR_1_DELETION,1,77575012,,E·N·Z·Y·M,2008-09-20,602,enzym,ABANDONED-FAILURE TO RESPOND OR LATE RESPONSE,Dead/Abandoned,False,009,False
59,NEAR_1_SUBSTITUTION,1,77096233,,ENZYNA,2007-01-31,602,enzyna,ABANDONED-FAILURE TO RESPOND OR LATE RESPONSE,Dead/Abandoned,False,005,True
59,NEAR_1_DELETION,1,77087611,,ENZYM,2007-01-22,602,enzym,ABANDONED-FAILURE TO RESPOND OR LATE RESPONSE,Dead/Abandoned,False,025,False
59,NEAR_1_DELETION,1,77031622,,NZYMA,2006-10-28,606,nzyma,ABANDONED - NO STATEMENT OF USE FILED,Dead/Abandoned,False,"001,005",True
59,NEAR_1_SUBSTITUTION,1,78967346,3275234,ENZYME,2006-09-05,710,enzyme,CANCELLED - SECTION 8,Dead/Cancelled,False,,False
59,NEAR_1_SUBSTITUTION,1,78967360,3275235,ENZYME,2006-09-05,710,enzyme,CANCELLED - SECTION 8,Dead/Cancelled,False,,False
59,NEAR_1_SUBSTITUTION,1,78386849,,ENZYME,2004-03-18,602,enzyme,ABANDONED-FAILURE TO RESPOND OR LATE RESPONSE,Dead/Abandoned,False,041,False
59,NEAR_1_INSERTION,1,76505311,,ENZYMAX,2003-04-09,602,enzymax,ABANDONED-FAILURE TO RESPOND OR LATE RESPONSE,Dead/Abandoned,False,005,True
59,NEAR_1_SUBSTITUTION,1,73572122,1402819,ENZYM D,1985-12-09,710,enzymd,CANCELLED - SECTION 8,Dead/Cancelled,False,,False
59,NEAR_1_INSERTION,1,73309410,1254171,E N Z Y M A R,1981-05-08,710,enzymar,CANCELLED - SECTION 8,Dead/Cancelled,False,,False
59,NEAR_1_INSERTION,1,73065373,1049436,ENZYMAX,,710,enzymax,CANCELLED - SECTION 8,Dead/Cancelled,False,,False
60,EXACT,0,77560034,3894381,ENZYVIA,2008-09-02,710,enzyvia,CANCELLED - SECTION 8,Dead/Cancelled,False,,False
60,NEAR_1_DELETION,1,99035082,,ENYVIA,2025-02-10,604,enyvia,ABANDONED - AFTER INTER-PARTES DECISION,Dead/Abandoned,False,,False
