candidate_id,hit_type,distance,serial_no,registration_no,mark_id_char,filing_dt,status_cd,mark_norm,status_description,live_dead_indicator,is_live,active_classes,has_relevant_class
0,EXACT,0,99083340,8038594,FULLFACE,2025-03-13,700,fullface,REGISTERED,Live/Registered,True,"009,035,042",True
0,EXACT,0,98029545,7591881,FULL-FACE,2023-06-06,700,fullface,REGISTERED,Live/Registered,True,028,False
0,EXACT,0,98106896,,FULL FACE,2023-07-28,602,fullface,ABANDONED-FAILURE TO RESPOND OR LATE RESPONSE,Dead/Abandoned,False,009,False
0,NEAR_1_SUBSTITUTION,1,88201343,5799024,FULL RACE,2018-11-20,701,fullrace,SECTION 8-ACCEPTED,Live/Registered,True,025,False
0,NEAR_1_SUBSTITUTION,1,88201355,5781604,FULL RACE,2018-11-20,701,fullrace,SECTION 8-ACCEPTED,Live/Registered,True,007,False
0,NEAR_1_DELETION,1,87222057,5397482,FULLACE,2016-11-01,710,fullace,CANCELLED - SECTION 8,Dead/Cancelled,False,,False
0,NEAR_1_SUBSTITUTION,1,77636985,3789266,FULL RACE,2008-12-19,710,fullrace,CANCELLED - SECTION 8,Dead/Cancelled,False,,False
0,NEAR_1_SUBSTITUTION,1,77612160,3635215,FULL RACE,2008-11-11,710,fullrace,CANCELLED - SECTION 8,Dead/Cancelled,False,,False
0,NEAR_1_SUBSTITUTION,1,78183311,2978381,FULL FARE,2002-11-08,710,fullfare,CANCELLED - SECTION 8,Dead/Cancelled,False,,False
0,NEAR_1_SUBSTITUTION,1,75621161,2474590,FULL RACE,1999-01-15,710,fullrace,CANCELLED - SECTION 8,Dead/Cancelled,False,,False
0,NEAR_1_INSERTION,1,72372108,0932548,FULLFACER,1970-09-30,900,fullfacer,EXPIRED,Dead/Expired,False,,False
1,EXACT,0,88340478,6108801,FACE VALUE,2019-03-14,700,facevalue,REGISTERED,Live/Registered,True,033,False
1,EXACT,0,87396031,5366436,FACE VALUE,2017-04-03,702,facevalue,SECTION 8 & 15-ACCEPTED AND ACKNOWLEDGED,Live/Registered,True,041,False
1,EXACT,0,76580304,3077172,FACE VALUE,2004-03-11,800,facevalue,REGISTERED AND RENEWED,Live/Registered,True,028,False
1,EXACT,0,90218849,,FACE VALUE,2020-09-28,602,facevalue,ABANDONED-FAILURE TO RESPOND OR LATE RESPONSE,Dead/Abandoned,False,025,False
1,EXACT,0,88050716,,FACEVALUE,2018-07-24,602,facevalue,ABANDONED-FAILURE TO RESPOND OR LATE RESPONSE,Dead/Abandoned,False,041,False
1,EXACT,0,86906884,,FACE VALUE,2016-02-12,602,facevalue,ABANDONED-FAILURE TO RESPOND OR LATE RESPONSE,Dead/Abandoned,False,003,True
1,EXACT,0,77703216,3832725,FACE VALUE,2009-03-31,710,facevalue,CANCELLED - SECTION 8,Dead/Cancelled,False,,False
1,EXACT,0,77262498,3469178,FACE VALUE,2007-08-23,710,facevalue,CANCELLED - SECTION 8,Dead/Cancelled,False,,False
1,EXACT,0,77132757,3373709,FACE VALUE,2007-03-16,710,facevalue,CANCELLED - SECTION 8,Dead/Cancelled,False,,False
1,EXACT,0,76580302,,FACE VALUE,2004-03-11,602,facevalue,ABANDONED-FAILURE TO RESPOND OR LATE RESPONSE,Dead/Abandoned,False,041,False
1,EXACT,0,76414270,,FACE VALUE,2002-05-30,606,facevalue,ABANDONED - NO STATEMENT OF USE FILED,Dead/Abandoned,False,018,False
1,EXACT,0,76367834,,FACEVALUE,2002-02-07,602,facevalue,ABANDONED-FAILURE TO RESPOND OR LATE RESPONSE,Dead/Abandoned,False,009,False
1,EXACT,0,75871755,2526673,FACEVALUE,1999-12-14,710,facevalue,CANCELLED - SECTION 8,Dead/Cancelled,False,,False
1,EXACT,0,75396890,,FACE VALUE,1997-11-26,602,facevalue,ABANDONED-FAILURE TO RESPOND OR LATE RESPONSE,Dead/Abandoned,False,,False
1,EXACT,0,75116726,,FACE VALUE,1996-06-10,602,facevalue,ABANDONED-FAILURE TO RESPOND OR LATE RESPONSE,Dead/Abandoned,False,,False
1,EXACT,0,74548630,1942270,FACE VALUE,1994-06-30,710,facevalue,CANCELLED - SECTION 8,Dead/Cancelled,False,,False
1,EXACT,0,74537505,,FACE VALUE,1994-06-14,606,facevalue,ABANDONED - NO STATEMENT OF USE FILED,Dead/Abandoned,False,,False
1,EXACT,0,73666034,,FACE VALUE,1987-05-13,602,facevalue,ABANDONED-FAILURE TO RESPOND OR LATE RESPONSE,Dead/Abandoned,False,,False
1,EXACT,0,73465085,,FACE VALUE,1984-02-10,602,facevalue,ABANDONED-FAILURE TO RESPOND OR LATE RESPONSE,Dead/Abandoned,False,,False
1,NEAR_1_SUBSTITUTION,1,88418960,5948258,FAKE VALUE,2019-05-07,700,fakevalue,REGISTERED,Live/Registered,True,"009,025,035",True
1,NEAR_1_INSERTION,1,87067278,5546445,FACE VALUES,2016-06-10,705,facevalues,PARTIAL SECTION 8 & 15 ACCEPTED AND ACKNOWLEDGED,Live/Registered,True,"003,008,021,024,026",True
1,NEAR_1_INSERTION,1,87067298,5576329,FACE VALUES,2016-06-10,702,facevalues,SECTION 8 & 15-ACCEPTED AND ACKNOWLEDGED,Live/Registered,True,"005,008,026",True
1,NEAR_1_INSERTION,1,77472688,3733191,FACE VALUES,2008-05-13,800,facevalues,REGISTERED AND RENEWED,Live/Registered,True,035,True
1,NEAR_1_INSERTION,1,78619407,3336180,FACE VALUES,2005-04-28,800,facevalues,REGISTERED AND RENEWED,Live/Registered,True,035,True
1,NEAR_1_DELETION,1,85229607,4031274,FACE-VAL-U,2011-01-30,710,facevalu,CANCELLED - SECTION 8,Dead/Cancelled,False,,False
1,NEAR_1_INSERTION,1,78377152,3075610,FACE VALUES,2004-03-02,710,facevalues,CANCELLED - SECTION 8,Dead/Cancelled,False,,False
1,NEAR_1_DELETION,1,78075468,2856687,FACE-VAL-U,2001-07-24,710,facevalu,CANCELLED - SECTION 8,Dead/Cancelled,False,,False
1,NEAR_1_INSERTION,1,74292644,1818306,FACE VALUES,1992-07-09,710,facevalues,CANCELLED - SECTION 8,Dead/Cancelled,False,,False
2,EXACT,0,79324959,6932732,FUTURE FACE,2021-05-05,700,futureface,REGISTERED,Live/Registered,True,"024,025,040",False
2,EXACT,0,74117646,,FUTURE FACE,1990-11-23,602,futureface,ABANDONED-FAILURE TO RESPOND OR LATE RESPONSE,Dead/Abandoned,False,,False
2,EXACT,0,73508184,1374323,FUTURE FACE,1984-11-13,710,futureface,CANCELLED - SECTION 8,Dead/Cancelled,False,,False
2,EXACT,0,73508226,1366207,FUTURE FACE,1984-11-13,710,futureface,CANCELLED - SECTION 8,Dead/Cancelled,False,,False
2,NEAR_1_SUBSTITUTION,1,85107917,3950471,FUTUREPACE,2010-08-16,800,futurepace,REGISTERED AND RENEWED,Live/Registered,True,035,True
2,NEAR_1_SUBSTITUTION,1,74027637,,FUTURE FAME,1990-02-12,606,futurefame,ABANDONED - NO STATEMENT OF USE FILED,Dead/Abandoned,False,,False
2,NEAR_1_SUBSTITUTION,1,73614890,1436791,FUTUREPACE,1986-08-15,710,futurepace,CANCELLED - SECTION 8,Dead/Cancelled,False,,False
3,EXACT,0,99516349,,FACEFIRST,2025-11-25,641,facefirst,NON-FINAL ACTION - MAILED,Live/Pending,True,"009,037,042,045",False
3,EXACT,0,77526454,3800211,FACEFIRST,2008-07-18,800,facefirst,REGISTERED AND RENEWED,Live/Registered,True,"009,037,042",False
3,EXACT,0,77978133,3723753,FACEFIRST,2008-07-18,800,facefirst,REGISTERED AND RENEWED,Live/Registered,True,"038,045",False
3,EXACT,0,74730965,2095748,FACE FIRST,1995-09-18,800,facefirst,REGISTERED AND RENEWED,Live/Registered,True,"041,042",False
3,EXACT,0,74143576,1704258,FACE FIRST,1991-03-01,800,facefirst,REGISTERED AND RENEWED,Live/Registered,True,021,True
3,EXACT,0,74133670,1673721,FACE FIRST,1991-01-28,800,facefirst,REGISTERED AND RENEWED,Live/Registered,True,041,False
3,EXACT,0,74133671,1672323,FACE FIRST,1991-01-28,800,facefirst,REGISTERED AND RENEWED,Live/Registered,True,003,True
3,EXACT,0,74133674,1665218,FACE FIRST,1991-01-28,800,facefirst,REGISTERED AND RENEWED,Live/Registered,True,035,True
3,EXACT,0,74133675,1658613,FACE FIRST,1991-01-28,800,facefirst,REGISTERED AND RENEWED,Live/Registered,True,042,False
3,EXACT,0,99224267,,FACE FIRST,2025-06-09,601,facefirst,ABANDONED - EXPRESS,Dead/Abandoned,False,035,True
3,EXACT,0,97837469,,FACE FIRST,2023-03-14,606,facefirst,ABANDONED - NO STATEMENT OF USE FILED,Dead/Abandoned,False,028,False
3,EXACT,0,90725998,,FACE FIRST,2021-05-21,601,facefirst,ABANDONED - EXPRESS,Dead/Abandoned,False,041,False
3,EXACT,0,88757903,,FACE FIRST,2020-01-14,606,facefirst,ABANDONED - NO STATEMENT OF USE FILED,Dead/Abandoned,False,009,False
3,EXACT,0,78405641,,FACEFIRST,2004-04-21,602,facefirst,ABANDONED-FAILURE TO RESPOND OR LATE RESPONSE,Dead/Abandoned,False,003,True
3,EXACT,0,75368621,,FACE FIRST,1997-10-06,602,facefirst,ABANDONED-FAILURE TO RESPOND OR LATE RESPONSE,Dead/Abandoned,False,,False
3,EXACT,0,75142861,,FACE FIRST,1996-07-31,602,facefirst,ABANDONED-FAILURE TO RESPOND OR LATE RESPONSE,Dead/Abandoned,False,"025,028",False
3,EXACT,0,73602024,,FACE FIRST,1986-06-02,602,facefirst,ABANDONED-FAILURE TO RESPOND OR LATE RESPONSE,Dead/Abandoned,False,,False
3,EXACT,0,73602031,,FACE FIRST,1986-06-02,602,facefirst,ABANDONED-FAILURE TO RESPOND OR LATE RESPONSE,Dead/Abandoned,False,,False
3,NEAR_1_SUBSTITUTION,1,86784852,4955940,RACE FIRST,2015-10-12,800,racefirst,REGISTERED AND RENEWED,Live/Registered,True,031,False
3,NEAR_1_SUBSTITUTION,1,99309682,,PACE FIRST,2025-07-29,602,pacefirst,ABANDONED-FAILURE TO RESPOND OR LATE RESPONSE,Dead/Abandoned,False,036,False
4,NEAR_1_DELETION,1,79432630,8172994,ONFACE,2025-07-30,700,onface,REGISTERED,Live/Registered,True,010,True
4,NEAR_1_DELETION,1,79433479,8090828,ONFACE,2025-07-30,700,onface,REGISTERED,Live/Registered,True,021,True
4,NEAR_1_DELETION,1,79358702,7273154,OWNACE,2022-11-29,700,ownace,REGISTERED,Live/Registered,True,007,False
4,NEAR_1_DELETION,1,97411911,7092097,OWNACE,2022-05-16,700,ownace,REGISTERED,Live/Registered,True,011,False
4,NEAR_1_DELETION,1,87286264,5255474,OWNACE,2016-12-31,701,ownace,SECTION 8-ACCEPTED,Live/Registered,True,009,False
4,NEAR_1_DELETION,1,86929167,6121549,OWNACE,2016-03-04,700,ownace,REGISTERED,Live/Registered,True,030,False
4,NEAR_1_DELETION,1,98274658,,OWNACE,2023-11-17,606,ownace,ABANDONED - NO STATEMENT OF USE FILED,Dead/Abandoned,False,016,False
4,NEAR_1_DELETION,1,88423864,5914713,OWNACE,2019-05-09,710,ownace,CANCELLED - SECTION 8,Dead/Cancelled,False,,False
4,NEAR_1_DELETION,1,79210338,5472004,ONFACE,2017-04-12,709,onface,CANCELLED SECTION 71,Dead/Cancelled,False,,False
4,NEAR_1_DELETION,1,79210457,5472011,ONFACE,2017-04-12,709,onface,CANCELLED SECTION 71,Dead/Cancelled,False,,False
4,NEAR_1_DELETION,1,87185607,,ON · FACE,2016-09-28,602,onface,ABANDONED-FAILURE TO RESPOND OR LATE RESPONSE,Dead/Abandoned,False,"003,035",True
4,NEAR_1_SUBSTITUTION,1,86572163,4862478,OWNPACE,2015-03-21,710,ownpace,CANCELLED - SECTION 8,Dead/Cancelled,False,,False
5,NEAR_1_SUBSTITUTION,1,99711258,,THISPACE,2026-03-18,630,thispace,NEW APPLICATION - RECORD INITIALIZED NOT ASSIGNED TO EXAMINER,Live/Pending,True,020,False
8,EXACT,0,99726950,,SKIN-FIRST,2026-03-26,630,skinfirst,NEW APPLICATION - RECORD INITIALIZED NOT ASSIGNED TO EXAMINER,Live/Pending,True,044,True
8,EXACT,0,98426553,,SKIN FIRST,2024-02-29,602,skinfirst,ABANDONED-FAILURE TO RESPOND OR LATE RESPONSE,Dead/Abandoned,False,"003,005,035",True
8,EXACT,0,97333296,,SKINFIRST,2022-03-28,602,skinfirst,ABANDONED-FAILURE TO RESPOND OR LATE RESPONSE,Dead/Abandoned,False,008,False
8,EXACT,0,86169642,,SKINFIRST,2014-01-19,606,skinfirst,ABANDONED - NO STATEMENT OF USE FILED,Dead/Abandoned,False,003,True
8,EXACT,0,78364934,,SKINFIRST,2004-02-09,602,skinfirst,ABANDONED-FAILURE TO RESPOND OR LATE RESPONSE,Dead/Abandoned,False,003,True
8,NEAR_1_SUBSTITUTION,1,90394467,6515609,SHINFIRST,2020-12-18,700,shinfirst,REGISTERED,Live/Registered,True,028,False
9,NEAR_1_DELETION,1,98601596,,ONSKIN,2024-06-14,654,onskin,REPORT COMPLETED SUSPENSION CHECK - CASE STILL SUSPENDED,Live/Pending,True,009,False
9,NEAR_1_TRANSPOSITION,1,88023404,6713605,WONSKIN,2018-07-02,700,wonskin,REGISTERED,Live/Registered,True,005,True
9,NEAR_1_DELETION,1,86617651,,ON SKIN,2015-05-01,602,onskin,ABANDONED-FAILURE TO RESPOND OR LATE RESPONSE,Dead/Abandoned,False,003,True
9,NEAR_1_DELETION,1,85408344,4220604,ÆONSKIN,2011-08-26,710,onskin,CANCELLED - SECTION 8,Dead/Cancelled,False,,False
11,EXACT,0,79432080,,SKINSPAN,2025-07-30,641,skinspan,NON-FINAL ACTION - MAILED,Live/Pending,True,003,True
11,EXACT,0,99210063,,SKINSPAN,2025-05-30,645,skinspan,FINAL REFUSAL - MAILED,Live/Pending,True,"009,016,041,042",False
11,EXACT,0,99428239,,SKINSPAN,2025-10-05,602,skinspan,ABANDONED-FAILURE TO RESPOND OR LATE RESPONSE,Dead/Abandoned,False,"009,016,041",False
11,NEAR_1_SUBSTITUTION,1,99465816,,SKINSCAN,2025-10-28,653,skinscan,SUSPENSION LETTER - MAILED,Live/Pending,True,009,False
11,NEAR_1_SUBSTITUTION,1,99458006,,SKINSCAN,2025-10-23,653,skinscan,SUSPENSION LETTER - MAILED,Live/Pending,True,044,True
11,NEAR_1_DELETION,1,86493203,4890703,SKIN SPA,2014-12-31,800,skinspa,REGISTERED AND RENEWED,Live/Registered,True,003,True
11,NEAR_1_DELETION,1,87406416,,SKIN SPA,2017-04-11,606,skinspa,ABANDONED - NO STATEMENT OF USE FILED,Dead/Abandoned,False,025,False
11,NEAR_1_SUBSTITUTION,1,86773411,5056440,SKINSCAN,2015-09-30,710,skinscan,CANCELLED - SECTION 8,Dead/Cancelled,False,,False
11,NEAR_1_SUBSTITUTION,1,85853169,,SKINSCAN,2013-02-19,600,skinscan,ABANDONED - INCOMPLETE RESPONSE,Dead/Abandoned,False,"009,010",True
11,NEAR_1_SUBSTITUTION,1,85713212,4729324,SKINSCAN,2012-08-27,711,skinscan,CANCELLED - SECTION 7,Dead/Cancelled,False,,False
11,NEAR_1_SUBSTITUTION,1,85542180,,SKINSCAN,2012-02-14,602,skinscan,ABANDONED-FAILURE TO RESPOND OR LATE RESPONSE,Dead/Abandoned,False,010,True
11,NEAR_1_SUBSTITUTION,1,85351076,,SKINSCAN,2011-06-20,602,skinscan,ABANDONED-FAILURE TO RESPOND OR LATE RESPONSE,Dead/Abandoned,False,"009,010",True
11,NEAR_1_SUBSTITUTION,1,77316514,,SKINSCAN,2007-10-30,602,skinscan,ABANDONED-FAILURE TO RESPOND OR LATE RESPONSE,Dead/Abandoned,False,009,False
11,NEAR_1_DELETION,1,78476960,,SKIN SPA,2004-09-01,602,skinspa,ABANDONED-FAILURE TO RESPOND OR LATE RESPONSE,Dead/Abandoned,False,003,True
11,NEAR_1_SUBSTITUTION,1,78347982,,SKIN SCAN,2004-01-05,602,skinscan,ABANDONED-FAILURE TO RESPOND OR LATE RESPONSE,Dead/Abandoned,False,010,True
11,NEAR_1_SUBSTITUTION,1,76244127,,SKINSCAN,2001-04-23,606,skinscan,ABANDONED - NO STATEMENT OF USE FILED,Dead/Abandoned,False,010,True
11,NEAR_1_SUBSTITUTION,1,76178298,,SKIN SCAN,2000-12-11,606,skinscan,ABANDONED - NO STATEMENT OF USE FILED,Dead/Abandoned,False,025,False
11,NEAR_1_DELETION,1,76085413,,SKIN SPA,2000-07-10,602,skinspa,ABANDONED-FAILURE TO RESPOND OR LATE RESPONSE,Dead/Abandoned,False,008,False
11,NEAR_1_DELETION,1,73492976,1370012,SKINSAN,1984-08-02,710,skinsan,CANCELLED - SECTION 8,Dead/Cancelled,False,,False
11,NEAR_1_SUBSTITUTION,1,73306391,,SKINSCAN,1981-04-17,602,skinscan,ABANDONED-FAILURE TO RESPOND OR LATE RESPONSE,Dead/Abandoned,False,,False
11,NEAR_1_DELETION,1,73123552,1082148,SKIN SPA,1977-04-21,900,skinspa,EXPIRED,Dead/Expired,False,,False
12,NEAR_1_DELETION,1,98669107,,BETTER BAR,2024-07-26,641,betterbar,NON-FINAL ACTION - MAILED,Live/Pending,True,034,False
12,NEAR_1_SUBSTITUTION,1,98475532,,BUTTERBARE,2024-03-29,731,butterbare,SECOND EXTENSION - GRANTED,Live/Pending,True,"003,005",True
12,NEAR_1_DELETION,1,98425851,8061941,BETTER BAR.,2024-02-28,700,betterbar,REGISTERED,Live/Registered,True,034,False
12,NEAR_1_SUBSTITUTION,1,97349900,7272177,BETTER BARK,2022-04-06,700,betterbark,REGISTERED,Live/Registered,True,"029,030",False
12,NEAR_1_DELETION,1,90836934,6818523,BETTER BAR,2021-07-19,700,betterbar,REGISTERED,Live/Registered,True,041,False
12,NEAR_1_SUBSTITUTION,1,88946677,7176548,BETTERWARE,2020-06-03,700,betterware,REGISTERED,Live/Registered,True,"020,035",True
12,NEAR_1_SUBSTITUTION,1,88631662,6381173,BETTER BASE,2019-09-26,700,betterbase,REGISTERED,Live/Registered,True,025,False
12,NEAR_1_DELETION,1,97844307,,BETTERBAR,2023-03-17,602,betterbar,ABANDONED-FAILURE TO RESPOND OR LATE RESPONSE,Dead/Abandoned,False,003,True
12,NEAR_1_SUBSTITUTION,1,90848114,,BETTERCARE,2021-07-26,606,bettercare,ABANDONED - NO STATEMENT OF USE FILED,Dead/Abandoned,False,036,False
12,NEAR_1_SUBSTITUTION,1,90795027,,BETTERCARE,2021-06-25,606,bettercare,ABANDONED - NO STATEMENT OF USE FILED,Dead/Abandoned,False,036,False
12,NEAR_1_SUBSTITUTION,1,87841504,,BETTERWARE,2018-03-20,602,betterware,ABANDONED-FAILURE TO RESPOND OR LATE RESPONSE,Dead/Abandoned,False,021,True
12,NEAR_1_SUBSTITUTION,1,87023887,,BETTER BASE,2016-05-03,602,betterbase,ABANDONED-FAILURE TO RESPOND OR LATE RESPONSE,Dead/Abandoned,False,001,False
12,NEAR_1_SUBSTITUTION,1,77912289,4423432,BETTERCARE,2010-01-14,710,bettercare,CANCELLED - SECTION 8,Dead/Cancelled,False,,False
12,NEAR_1_SUBSTITUTION,1,78377582,,BETTER-BASE,2004-03-03,602,betterbase,ABANDONED-FAILURE TO RESPOND OR LATE RESPONSE,Dead/Abandoned,False,001,False
12,NEAR_1_SUBSTITUTION,1,76045142,2812034,BETTERCARE,2000-05-10,710,bettercare,CANCELLED - SECTION 8,Dead/Cancelled,False,,False
12,NEAR_1_DELETION,1,75857378,2505381,BETTERBAR,1999-11-24,710,betterbar,CANCELLED - SECTION 8,Dead/Cancelled,False,,False
12,NEAR_1_SUBSTITUTION,1,74660937,,BETTERWARE,1995-04-12,606,betterware,ABANDONED - NO STATEMENT OF USE FILED,Dead/Abandoned,False,042,False
12,NEAR_1_SUBSTITUTION,1,74660938,,BETTERWARE,1995-04-12,606,betterware,ABANDONED - NO STATEMENT OF USE FILED,Dead/Abandoned,False,042,False
12,NEAR_1_SUBSTITUTION,1,74548951,,BETTERWARE,1994-07-13,606,betterware,ABANDONED - NO STATEMENT OF USE FILED,Dead/Abandoned,False,008,False
12,NEAR_1_SUBSTITUTION,1,74548952,,BETTERWARE,1994-07-13,606,betterware,ABANDONED - NO STATEMENT OF USE FILED,Dead/Abandoned,False,"008,021",True
12,NEAR_1_SUBSTITUTION,1,74401253,2056525,BETTERWARE,1993-06-14,710,betterware,CANCELLED - SECTION 8,Dead/Cancelled,False,,False
12,NEAR_1_SUBSTITUTION,1,73423394,,BETTERCARE,1983-04-27,602,bettercare,ABANDONED-FAILURE TO RESPOND OR LATE RESPONSE,Dead/Abandoned,False,,False
12,NEAR_1_DELETION,1,72138390,0749959,BETTER BAR,1962-02-21,900,betterbar,EXPIRED,Dead/Expired,False,,False
12,NEAR_1_SUBSTITUTION,1,73352067,,BETTERCARE,,602,bettercare,ABANDONED-FAILURE TO RESPOND OR LATE RESPONSE,Dead/Abandoned,False,,False
13,NEAR_1_SUBSTITUTION,1,88710596,,CAREPROOF,2019-11-29,602,careproof,ABANDONED-FAILURE TO RESPOND OR LATE RESPONSE,Dead/Abandoned,False,001,False
13,NEAR_1_DELETION,1,86750892,5210074,BAR PROOF,2015-09-09,710,barproof,CANCELLED - SECTION 8,Dead/Cancelled,False,,False
13,NEAR_1_DELETION,1,86750915,5210075,BAR PROOF,2015-09-09,710,barproof,CANCELLED - SECTION 8,Dead/Cancelled,False,,False
13,NEAR_1_SUBSTITUTION,1,86542795,,CAREPROOF,2015-02-23,606,careproof,ABANDONED - NO STATEMENT OF USE FILED,Dead/Abandoned,False,001,False
13,NEAR_1_SUBSTITUTION,1,86424978,,CAREPROOF,2014-10-15,606,careproof,ABANDONED - NO STATEMENT OF USE FILED,Dead/Abandoned,False,"020,021",True
13,NEAR_1_SUBSTITUTION,1,85311002,,CAREPROOF,2011-05-03,606,careproof,ABANDONED - NO STATEMENT OF USE FILED,Dead/Abandoned,False,001,False
14,NEAR_1_DELETION,1,98963890,,SKINIFULL,2025-01-15,654,skinifull,REPORT COMPLETED SUSPENSION CHECK - CASE STILL SUSPENDED,Live/Pending,True,003,True
15,EXACT,0,85775445,4790952,ORIGINAL SKIN,2012-11-09,800,originalskin,REGISTERED AND RENEWED,Live/Registered,True,003,True
15,EXACT,0,77332146,,ORIGINAL SKIN,2007-11-16,606,originalskin,ABANDONED - NO STATEMENT OF USE FILED,Dead/Abandoned,False,033,False
15,EXACT,0,78908004,3473961,ORIGINAL SKIN,2006-06-14,710,originalskin,CANCELLED - SECTION 8,Dead/Cancelled,False,,False
15,EXACT,0,78835058,,ORIGINAL SKIN,2006-03-11,601,originalskin,ABANDONED - EXPRESS,Dead/Abandoned,False,,False
15,EXACT,0,78709843,3257804,ORIGINAL SKIN,2005-09-09,710,originalskin,CANCELLED - SECTION 8,Dead/Cancelled,False,,False
15,EXACT,0,74374004,1860236,ORIGINAL SKIN,1993-03-31,900,originalskin,EXPIRED,Dead/Expired,False,,False
15,EXACT,0,72348887,0910477,ORIGINAL SKIN,1970-01-19,900,originalskin,EXPIRED,Dead/Expired,False,,False
15,EXACT,0,81010898,1010898,ORIGINAL SKIN,,710,originalskin,CANCELLED - SECTION 8,Dead/Cancelled,False,,False
15,NEAR_1_DELETION,1,99595420,,ORIGINAL SIN,2026-01-14,641,originalsin,NON-FINAL ACTION - MAILED,Live/Pending,True,"018,025",False
15,NEAR_1_DELETION,1,86123400,4765265,ORIGINAL SIN,2013-11-19,800,originalsin,REGISTERED AND RENEWED,Live/Registered,True,016,False
15,NEAR_1_DELETION,1,75049399,2120397,ORIGINAL SIN,1996-01-29,800,originalsin,REGISTERED AND RENEWED,Live/Registered,True,033,False
15,NEAR_1_DELETION,1,99437383,,ORIGINAL SIN,2025-10-10,602,originalsin,ABANDONED-FAILURE TO RESPOND OR LATE RESPONSE,Dead/Abandoned,False,034,False
15,NEAR_1_DELETION,1,86477803,,ORIGINAL SIN,2014-12-11,601,originalsin,ABANDONED - EXPRESS,Dead/Abandoned,False,033,False
15,NEAR_1_DELETION,1,85274290,,ORIGINAL S + I + N,2011-03-23,602,originalsin,ABANDONED-FAILURE TO RESPOND OR LATE RESPONSE,Dead/Abandoned,False,"003,021",True
15,NEAR_1_DELETION,1,77667436,,ORIGINAL SIN,2009-02-10,606,originalsin,ABANDONED - NO STATEMENT OF USE FILED,Dead/Abandoned,False,025,False
15,NEAR_1_DELETION,1,78779451,,ORIGINAL SIN,2005-12-22,602,originalsin,ABANDONED-FAILURE TO RESPOND OR LATE RESPONSE,Dead/Abandoned,False,025,False
15,NEAR_1_DELETION,1,78678851,,ORIGINAL SIN,2005-07-26,606,originalsin,ABANDONED - NO STATEMENT OF USE FILED,Dead/Abandoned,False,009,False
15,NEAR_1_DELETION,1,75548543,,ORIGINAL SIN,1998-09-08,604,originalsin,ABANDONED - AFTER INTER-PARTES DECISION,Dead/Abandoned,False,,False
15,NEAR_1_SUBSTITUTION,1,75492935,2386196,ORIGINAL SPIN,1998-05-29,710,originalspin,CANCELLED - SECTION 8,Dead/Cancelled,False,,False
15,NEAR_1_SUBSTITUTION,1,75492936,2337360,ORIGINAL SPIN,1998-05-29,710,originalspin,CANCELLED - SECTION 8,Dead/Cancelled,False,,False
15,NEAR_1_SUBSTITUTION,1,75492950,2334499,ORIGINAL SPIN,1998-05-29,710,originalspin,CANCELLED - SECTION 8,Dead/Cancelled,False,,False
15,NEAR_1_DELETION,1,75163361,,ORIGINAL SIN,1996-09-09,602,originalsin,ABANDONED-FAILURE TO RESPOND OR LATE RESPONSE,Dead/Abandoned,False,,False
15,NEAR_1_DELETION,1,74367722,1846253,ORIGINAL SIN,1993-03-15,710,originalsin,CANCELLED - SECTION 8,Dead/Cancelled,False,,False
15,NEAR_1_DELETION,1,74326307,1814498,ORIGINAL SIN,1992-10-29,710,originalsin,CANCELLED - SECTION 8,Dead/Cancelled,False,,False
15,NEAR_1_DELETION,1,73547169,,ORIGINAL SIN,1985-07-10,602,originalsin,ABANDONED-FAILURE TO RESPOND OR LATE RESPONSE,Dead/Abandoned,False,,False
16,EXACT,0,99770880,,MORE YOU,2026-04-17,630,moreyou,NEW APPLICATION - RECORD INITIALIZED NOT ASSIGNED TO EXAMINER,Live/Pending,True,"014,025",False
16,EXACT,0,86148532,,MORE YOU,2013-12-19,606,moreyou,ABANDONED - NO STATEMENT OF USE FILED,Dead/Abandoned,False,"005,035",True
16,EXACT,0,85490667,4193771,MORE YOU,2011-12-08,710,moreyou,CANCELLED - SECTION 8,Dead/Cancelled,False,,False
16,EXACT,0,77489860,3563926,MORE YOU,2008-06-03,710,moreyou,CANCELLED - SECTION 8,Dead/Cancelled,False,,False
16,NEAR_1_SUBSTITUTION,1,99494113,8293577,MEREYOU,2025-11-13,700,mereyou,REGISTERED,Live/Registered,True,005,True
16,NEAR_1_INSERTION,1,99364561,8096052,MORE 4 YOU,2025-08-29,700,more4you,REGISTERED,Live/Registered,True,009,False
16,NEAR_1_INSERTION,1,98228718,7515095,MOREFYOU,2023-10-18,700,morefyou,REGISTERED,Live/Registered,True,009,False
16,NEAR_1_SUBSTITUTION,1,97337924,7047943,ROREYOU,2022-03-30,700,roreyou,REGISTERED,Live/Registered,True,021,True
16,NEAR_1_SUBSTITUTION,1,90198830,6497253,MORIYOU,2020-09-22,700,moriyou,REGISTERED,Live/Registered,True,010,True
16,NEAR_1_SUBSTITUTION,1,97189981,,MONEYOU,2021-12-25,606,moneyou,ABANDONED - NO STATEMENT OF USE FILED,Dead/Abandoned,False,041,False
16,NEAR_1_SUBSTITUTION,1,90492714,,FOREYOU,2021-01-27,606,foreyou,ABANDONED - NO STATEMENT OF USE FILED,Dead/Abandoned,False,009,False
16,NEAR_1_SUBSTITUTION,1,73581488,,FOREYOU,1986-02-06,602,foreyou,ABANDONED-FAILURE TO RESPOND OR LATE RESPONSE,Dead/Abandoned,False,,False
19,EXACT,0,90180859,6415195,AGEKIND,2020-09-15,700,agekind,REGISTERED,Live/Registered,True,011,False
19,NEAR_1_SUBSTITUTION,1,97234193,6884941,AGEWIND,2022-01-24,700,agewind,REGISTERED,Live/Registered,True,025,False
20,EXACT,0,88763239,6351436,SKINDEPENDENT,2020-01-17,700,skindependent,REGISTERED,Live/Registered,True,003,True
20,NEAR_1_INSERTION,1,87676469,5533721,SKI INDEPENDENT.,2017-11-08,710,skiindependent,CANCELLED - SECTION 8,Dead/Cancelled,False,,False
21,EXACT,0,79297895,7324331,SKINDIVIDUAL,2020-09-17,700,skindividual,REGISTERED,Live/Registered,True,"003,005",True
21,EXACT,0,76389790,2983511,SKINDIVIDUAL,2002-04-02,710,skindividual,CANCELLED - SECTION 8,Dead/Cancelled,False,,False
21,NEAR_1_INSERTION,1,73669222,1475011,SKINDIVIDUALS,1987-06-29,710,skindividuals,CANCELLED - SECTION 8,Dead/Cancelled,False,,False
21,NEAR_1_INSERTION,1,73289587,1199248,SKINDIVIDUALS,1980-12-12,710,skindividuals,CANCELLED - SECTION 8,Dead/Cancelled,False,,False
22,EXACT,0,97068397,6899251,SKINSIDER,2021-10-11,700,skinsider,REGISTERED,Live/Registered,True,044,True
22,EXACT,0,77156094,,SKINSIDER,2007-04-13,606,skinsider,ABANDONED - NO STATEMENT OF USE FILED,Dead/Abandoned,False,"016,041,044",True
22,EXACT,0,76455923,,SKINSIDER,2002-10-04,606,skinsider,ABANDONED - NO STATEMENT OF USE FILED,Dead/Abandoned,False,"016,041,044",True
22,EXACT,0,76455242,,SKINSIDER,2002-10-03,606,skinsider,ABANDONED - NO STATEMENT OF USE FILED,Dead/Abandoned,False,"016,041,044",True
22,NEAR_1_DELETION,1,98492110,8153121,KIN-SIDER,2024-04-09,700,kinsider,REGISTERED,Live/Registered,True,012,False
22,NEAR_1_DELETION,1,73395738,1263633,SKI SIDER,1982-09-30,800,skisider,REGISTERED AND RENEWED,Live/Registered,True,019,False
22,NEAR_1_DELETION,1,99347942,,SKINSIDE,2025-08-20,602,skinside,ABANDONED-FAILURE TO RESPOND OR LATE RESPONSE,Dead/Abandoned,False,003,True
22,NEAR_1_DELETION,1,79104491,4159737,SKINSIDE,2011-09-19,404,skinside,IR CANCELLED; US REGISTRATION CANCELLED,Dead/Cancelled,False,,False
22,NEAR_1_SUBSTITUTION,1,78716287,3267760,SPINSIDER,2005-09-20,710,spinsider,CANCELLED - SECTION 8,Dead/Cancelled,False,,False
22,NEAR_1_DELETION,1,76310151,2670188,SKINSIDE,2001-09-07,710,skinside,CANCELLED - SECTION 8,Dead/Cancelled,False,,False
23,EXACT,0,86716360,4950195,SKINTELLECT,2015-08-06,702,skintellect,SECTION 8 & 15-ACCEPTED AND ACKNOWLEDGED,Live/Registered,True,003,True
23,EXACT,0,88166860,,SKINTELLECT,2018-10-24,602,skintellect,ABANDONED-FAILURE TO RESPOND OR LATE RESPONSE,Dead/Abandoned,False,003,True
23,EXACT,0,75724594,,SKINTELLECT,1999-06-09,606,skintellect,ABANDONED - NO STATEMENT OF USE FILED,Dead/Abandoned,False,003,True
23,NEAR_1_DELETION,1,87010337,,KINTELLECT,2016-04-22,606,kintellect,ABANDONED - NO STATEMENT OF USE FILED,Dead/Abandoned,False,"009,041,042",False
24,EXACT,0,88777401,6381427,SKIN WEALTH,2020-01-29,700,skinwealth,REGISTERED,Live/Registered,True,003,True
24,NEAR_1_SUBSTITUTION,1,74524198,2004767,SKIN HEALTH,1994-05-12,800,skinhealth,REGISTERED AND RENEWED,Live/Registered,True,003,True
24,NEAR_1_DELETION,1,86872999,5026576,KINWEALTH,2016-01-12,710,kinwealth,CANCELLED - SECTION 8,Dead/Cancelled,False,,False
24,NEAR_1_SUBSTITUTION,1,86303451,4657996,SKIN HEALTH,2014-06-08,710,skinhealth,CANCELLED - SECTION 8,Dead/Cancelled,False,,False
24,NEAR_1_DELETION,1,85533431,4568698,KINWEALTH,2012-02-03,710,kinwealth,CANCELLED - SECTION 8,Dead/Cancelled,False,,False
24,NEAR_1_DELETION,1,85533514,,KINWEALTH,2012-02-03,606,kinwealth,ABANDONED - NO STATEMENT OF USE FILED,Dead/Abandoned,False,"035,036,041,042,045",True
24,NEAR_1_SUBSTITUTION,1,73319700,1232932,SKIN HEALTH,1981-07-20,710,skinhealth,CANCELLED - SECTION 8,Dead/Cancelled,False,,False
25,NEAR_1_DELETION,1,77654002,3874088,FACTUAL,2009-01-21,800,factual,REGISTERED AND RENEWED,Live/Registered,True,"035,042",True
25,NEAR_1_DELETION,1,86703272,4895840,FACTUAL,2015-07-23,710,factual,CANCELLED - SECTION 8,Dead/Cancelled,False,,False
25,NEAR_1_DELETION,1,86682753,5011039,FACTUAL,2015-07-03,710,factual,CANCELLED - SECTION 8,Dead/Cancelled,False,,False
26,EXACT,0,99722244,,EVIDENT,2026-03-24,680,evident,APPROVED FOR PUBLICATION,Live/Pending,True,010,True
26,EXACT,0,99468712,,EVIDENT,2025-10-29,641,evident,NON-FINAL ACTION - MAILED,Live/Pending,True,"005,010,042,044",True
26,EXACT,0,98607509,8244851,EVIDENT,2024-06-18,700,evident,REGISTERED,Live/Registered,True,011,False
26,EXACT,0,98397910,7820647,EVIDENT,2024-02-08,700,evident,REGISTERED,Live/Registered,True,021,True
26,EXACT,0,98106503,7675130,EVIDENT,2023-07-28,700,evident,REGISTERED,Live/Registered,True,"035,042",True
26,EXACT,0,79346948,7102561,EVIDENT,2022-03-15,700,evident,REGISTERED,Live/Registered,True,009,False
26,EXACT,0,79333334,7014767,EVIDENT,2021-12-03,700,evident,REGISTERED,Live/Registered,True,"009,037,041,042,044",True
26,EXACT,0,97122974,8263752,EVIDENT,2021-11-12,700,evident,REGISTERED,Live/Registered,True,"010,044",True
26,EXACT,0,90497304,6769380,EVIDENT,2021-01-29,700,evident,REGISTERED,Live/Registered,True,"035,042",True
26,EXACT,0,86423651,4893569,EVIDENT,2014-10-14,780,evident,CANCELLATION TERMINATED - SEE TTAB RECORDS,Live/Registered,True,"035,042",True
26,EXACT,0,85508441,4285024,EVIDENT,2012-01-04,800,evident,REGISTERED AND RENEWED,Live/Registered,True,001,False
26,EXACT,0,77580817,3743145,EVIDENT,2008-09-29,800,evident,REGISTERED AND RENEWED,Live/Registered,True,010,True
26,EXACT,0,88624942,,EVIDENT,2019-09-20,602,evident,ABANDONED-FAILURE TO RESPOND OR LATE RESPONSE,Dead/Abandoned,False,042,False
26,EXACT,0,87854227,,EVIDENT,2018-03-28,606,evident,ABANDONED - NO STATEMENT OF USE FILED,Dead/Abandoned,False,"035,042",True
26,EXACT,0,87854301,,EVIDENT,2018-03-28,606,evident,ABANDONED - NO STATEMENT OF USE FILED,Dead/Abandoned,False,"035,042",True
26,EXACT,0,86928324,,EVIDENT,2016-03-03,602,evident,ABANDONED-FAILURE TO RESPOND OR LATE RESPONSE,Dead/Abandoned,False,"009,042",False
26,EXACT,0,86928410,,EVIDENT,2016-03-03,606,evident,ABANDONED - NO STATEMENT OF USE FILED,Dead/Abandoned,False,"035,041",True
26,EXACT,0,86928429,,EVIDENT,2016-03-03,602,evident,ABANDONED-FAILURE TO RESPOND OR LATE RESPONSE,Dead/Abandoned,False,"009,042",False
26,EXACT,0,86928471,,EVIDENT,2016-03-03,606,evident,ABANDONED - NO STATEMENT OF USE FILED,Dead/Abandoned,False,"035,041",True
26,EXACT,0,86868551,5152513,EVIDENT,2016-01-07,710,evident,CANCELLED - SECTION 8,Dead/Cancelled,False,,False
26,EXACT,0,86059835,,EVIDENT,2013-09-09,602,evident,ABANDONED-FAILURE TO RESPOND OR LATE RESPONSE,Dead/Abandoned,False,028,False
26,EXACT,0,77772394,3830441,EVIDENT,2009-07-01,710,evident,CANCELLED - SECTION 8,Dead/Cancelled,False,,False
26,EXACT,0,77475467,,EVIDENT,2008-05-15,605,evident,ABANDONED EXPRESS AFTER PUB,Dead/Abandoned,False,,False
26,EXACT,0,77235372,,EVIDENT,2007-07-21,606,evident,ABANDONED - NO STATEMENT OF USE FILED,Dead/Abandoned,False,"009,042,045",False
26,EXACT,0,78267881,2832170,EVIDENT,2003-06-27,710,evident,CANCELLED - SECTION 8,Dead/Cancelled,False,,False
26,EXACT,0,78267886,2832171,EVIDENT,2003-06-27,710,evident,CANCELLED - SECTION 8,Dead/Cancelled,False,,False
26,EXACT,0,78096994,2750263,EVIDENT,2001-12-06,710,evident,CANCELLED - SECTION 8,Dead/Cancelled,False,,False
26,EXACT,0,76325551,2703166,EVIDENT,2001-10-15,710,evident,CANCELLED - SECTION 8,Dead/Cancelled,False,,False
26,EXACT,0,76198635,2689196,EVIDENT,2001-01-23,710,evident,CANCELLED - SECTION 8,Dead/Cancelled,False,,False
26,EXACT,0,75825789,2397736,EVIDENT,1999-10-18,710,evident,CANCELLED - SECTION 8,Dead/Cancelled,False,,False
26,EXACT,0,74551425,1927594,EV-I-DENT,1994-07-20,710,evident,CANCELLED - SECTION 8,Dead/Cancelled,False,,False
26,EXACT,0,73081498,1074690,EVIDENT,1976-03-25,900,evident,EXPIRED,Dead/Expired,False,,False
26,EXACT,0,73010970,1034188,EVIDENT,1974-01-14,710,evident,CANCELLED - SECTION 8,Dead/Cancelled,False,,False
26,NEAR_1_SUBSTITUTION,1,98761419,,EVIDENS,2024-09-20,730,evidens,FIRST EXTENSION - GRANTED,Live/Pending,True,"009,035,042",True
26,NEAR_1_DELETION,1,79373966,7445347,EVIDEN,2023-03-21,700,eviden,REGISTERED,Live/Registered,True,"009,038,042",False
26,NEAR_1_DELETION,1,79374232,7445351,EVIDEN,2023-03-21,700,eviden,REGISTERED,Live/Registered,True,"009,038,042",False
26,NEAR_1_SUBSTITUTION,1,79366213,7232808,EVODENT,2022-12-06,700,evodent,REGISTERED,Live/Registered,True,007,False
26,NEAR_1_DELETION,1,97476575,7348113,VIDENT,2022-06-27,700,vident,REGISTERED,Live/Registered,True,"035,036",True
26,NEAR_1_SUBSTITUTION,1,97476576,7368146,V VIDENT,2022-06-27,700,vvident,REGISTERED,Live/Registered,True,"035,036",True
26,NEAR_1_SUBSTITUTION,1,97476580,7348114,V VIDENT,2022-06-27,700,vvident,REGISTERED,Live/Registered,True,"035,036",True
26,NEAR_1_SUBSTITUTION,1,90893675,6850547,EPIDENT,2021-08-20,700,epident,REGISTERED,Live/Registered,True,044,True
26,NEAR_1_INSERTION,1,90568394,8032907,REVIDENT,2021-03-09,700,revident,REGISTERED,Live/Registered,True,009,False
26,NEAR_1_SUBSTITUTION,1,79236291,5663784,EFIDENT,2018-04-27,706,efident,SECTION 71 ACCEPTED,Live/Registered,True,010,True
26,NEAR_1_DELETION,1,87720232,5549426,VIDENT,2017-12-14,701,vident,SECTION 8-ACCEPTED,Live/Registered,True,009,False
26,NEAR_1_DELETION,1,86379008,4716157,VIDENT,2014-08-27,800,vident,REGISTERED AND RENEWED,Live/Registered,True,"035,036",True
26,NEAR_1_SUBSTITUTION,1,88912723,,EVIDENS,2020-05-12,606,evidens,ABANDONED - NO STATEMENT OF USE FILED,Dead/Abandoned,False,"009,035,042",True
26,NEAR_1_SUBSTITUTION,1,87294848,,EVODENT,2017-01-10,602,evodent,ABANDONED-FAILURE TO RESPOND OR LATE RESPONSE,Dead/Abandoned,False,"007,010,035",True
26,NEAR_1_SUBSTITUTION,1,79198767,5263058,EVICENT,2016-10-04,709,evicent,CANCELLED SECTION 71,Dead/Cancelled,False,,False
26,NEAR_1_DELETION,1,85915239,4582674,VIDENT,2013-04-25,710,vident,CANCELLED - SECTION 8,Dead/Cancelled,False,,False
26,NEAR_1_DELETION,1,85764761,4958051,VIDENT,2012-10-26,710,vident,CANCELLED - SECTION 8,Dead/Cancelled,False,,False
26,NEAR_1_SUBSTITUTION,1,77209892,,EVODENT,2007-06-19,606,evodent,ABANDONED - NO STATEMENT OF USE FILED,Dead/Abandoned,False,010,True
26,NEAR_1_SUBSTITUTION,1,78650880,3098049,EPIDENT,2005-06-15,710,epident,CANCELLED - SECTION 8,Dead/Cancelled,False,,False
26,NEAR_1_SUBSTITUTION,1,76347864,,EVITENT,2001-12-12,606,evitent,ABANDONED - NO STATEMENT OF USE FILED,Dead/Abandoned,False,022,False
26,NEAR_1_INSERTION,1,76122712,,EVIDIENT,2000-09-01,602,evidient,ABANDONED-FAILURE TO RESPOND OR LATE RESPONSE,Dead/Abandoned,False,038,False
26,NEAR_1_SUBSTITUTION,1,74006407,,EPIDENT,1989-11-30,606,epident,ABANDONED - NO STATEMENT OF USE FILED,Dead/Abandoned,False,,False
27,EXACT,0,85291377,4052833,EVIDENSE,2011-04-11,710,evidense,CANCELLED - SECTION 8,Dead/Cancelled,False,,False
27,NEAR_1_DELETION,1,98761419,,EVIDENS,2024-09-20,730,evidens,FIRST EXTENSION - GRANTED,Live/Pending,True,"009,035,042",True
27,NEAR_1_SUBSTITUTION,1,97482963,7210751,EVISENSE,2022-06-30,700,evisense,REGISTERED,Live/Registered,True,"007,009,012,021,035,037,038,042",True
27,NEAR_1_SUBSTITUTION,1,90887322,7209938,EVIDENCE,2021-08-17,700,evidence,REGISTERED,Live/Registered,True,025,False
27,NEAR_1_SUBSTITUTION,1,88487875,6622986,EVIDENCE,2019-06-25,700,evidence,REGISTERED,Live/Registered,True,034,False
27,NEAR_1_SUBSTITUTION,1,88488428,6709220,EVIDENCE,2019-06-25,700,evidence,REGISTERED,Live/Registered,True,034,False
27,NEAR_1_SUBSTITUTION,1,77452197,3854231,EVIDENCE,2008-04-18,800,evidence,REGISTERED AND RENEWED,Live/Registered,True,009,False
27,NEAR_1_SUBSTITUTION,1,76656104,3245882,EVIDENCE,2006-03-06,800,evidence,REGISTERED AND RENEWED,Live/Registered,True,041,False
27,NEAR_1_SUBSTITUTION,1,75697658,3225354,EVIDENCE,1999-05-04,800,evidence,REGISTERED AND RENEWED,Live/Registered,True,"001,005",True
27,NEAR_1_SUBSTITUTION,1,75983219,2852295,EVIDENCE,1999-05-04,800,evidence,REGISTERED AND RENEWED,Live/Registered,True,"009,010",True
27,NEAR_1_SUBSTITUTION,1,97362048,,EVIDENCE,2022-04-13,602,evidence,ABANDONED-FAILURE TO RESPOND OR LATE RESPONSE,Dead/Abandoned,False,"003,034",True
27,NEAR_1_DELETION,1,88912723,,EVIDENS,2020-05-12,606,evidens,ABANDONED - NO STATEMENT OF USE FILED,Dead/Abandoned,False,"009,035,042",True
27,NEAR_1_SUBSTITUTION,1,88488484,,EVIDENCE,2019-06-25,606,evidence,ABANDONED - NO STATEMENT OF USE FILED,Dead/Abandoned,False,029,False
27,NEAR_1_SUBSTITUTION,1,87583224,5706809,EVIDENCE,2017-08-24,710,evidence,CANCELLED - SECTION 8,Dead/Cancelled,False,,False
27,NEAR_1_SUBSTITUTION,1,85490935,4185791,EVIDENCE,2011-12-08,710,evidence,CANCELLED - SECTION 8,Dead/Cancelled,False,,False
27,NEAR_1_SUBSTITUTION,1,77696131,3794563,EVIDENCE,2009-03-20,710,evidence,CANCELLED - SECTION 8,Dead/Cancelled,False,,False
27,NEAR_1_SUBSTITUTION,1,78920538,,EVIDENCE,2006-06-30,602,evidence,ABANDONED-FAILURE TO RESPOND OR LATE RESPONSE,Dead/Abandoned,False,041,False
27,NEAR_1_SUBSTITUTION,1,76572138,3090713,EVIDENCE,2004-01-22,710,evidence,CANCELLED - SECTION 8,Dead/Cancelled,False,,False
27,NEAR_1_SUBSTITUTION,1,78329630,,EVIDENCE,2003-11-18,602,evidence,ABANDONED-FAILURE TO RESPOND OR LATE RESPONSE,Dead/Abandoned,False,025,False
27,NEAR_1_SUBSTITUTION,1,76273166,,EVIDENCE,2001-06-18,602,evidence,ABANDONED-FAILURE TO RESPOND OR LATE RESPONSE,Dead/Abandoned,False,041,False
27,NEAR_1_SUBSTITUTION,1,76078814,,EVIDENCE,2000-06-28,602,evidence,ABANDONED-FAILURE TO RESPOND OR LATE RESPONSE,Dead/Abandoned,False,025,False
27,NEAR_1_SUBSTITUTION,1,75652091,,EVIDENCE,1999-03-02,606,evidence,ABANDONED - NO STATEMENT OF USE FILED,Dead/Abandoned,False,009,False
27,NEAR_1_SUBSTITUTION,1,75605291,2311574,EVIDENCE,1998-12-14,710,evidence,CANCELLED - SECTION 8,Dead/Cancelled,False,,False
27,NEAR_1_SUBSTITUTION,1,74640143,1968154,EVIDENCE,1995-02-24,710,evidence,CANCELLED - SECTION 8,Dead/Cancelled,False,,False
27,NEAR_1_SUBSTITUTION,1,74004367,1612523,EVIDENCE,1989-11-21,710,evidence,CANCELLED - SECTION 8,Dead/Cancelled,False,,False
27,NEAR_1_SUBSTITUTION,1,73816071,,EVIDENCE,1989-07-28,601,evidence,ABANDONED - EXPRESS,Dead/Abandoned,False,,False
27,NEAR_1_SUBSTITUTION,1,73754791,1543650,EVIDENCE,1988-09-29,710,evidence,CANCELLED - SECTION 8,Dead/Cancelled,False,,False
27,NEAR_1_SUBSTITUTION,1,73750314,,EVIDENCE,1988-09-06,602,evidence,ABANDONED-FAILURE TO RESPOND OR LATE RESPONSE,Dead/Abandoned,False,,False
27,NEAR_1_SUBSTITUTION,1,73750315,,EVIDENCE,1988-09-06,602,evidence,ABANDONED-FAILURE TO RESPOND OR LATE RESPONSE,Dead/Abandoned,False,,False
27,NEAR_1_SUBSTITUTION,1,73571635,,EVIDENCE,1985-12-04,602,evidence,ABANDONED-FAILURE TO RESPOND OR LATE RESPONSE,Dead/Abandoned,False,,False
27,NEAR_1_SUBSTITUTION,1,73163190,1104633,EVIDENCE,1978-03-22,900,evidence,EXPIRED,Dead/Expired,False,,False
27,NEAR_1_SUBSTITUTION,1,72205558,0796402,EVIDENCE,1964-11-05,710,evidence,CANCELLED - SECTION 8,Dead/Cancelled,False,,False
27,NEAR_1_SUBSTITUTION,1,71051075,0080157,EVIDENCE,1910-07-26,900,evidence,EXPIRED,Dead/Expired,False,,False
28,EXACT,0,99576129,,DERMOCRACY,2026-01-03,641,dermocracy,NON-FINAL ACTION - MAILED,Live/Pending,True,003,True
28,EXACT,0,78662505,3655926,DERMOCRACY,2005-07-01,800,dermocracy,REGISTERED AND RENEWED,Live/Registered,True,035,True
28,EXACT,0,78696153,,DERMOCRACY,2005-08-19,601,dermocracy,ABANDONED - EXPRESS,Dead/Abandoned,False,"003,005,035",True
28,NEAR_1_DELETION,1,99604596,,DEMOCRACY,2026-01-20,641,democracy,NON-FINAL ACTION - MAILED,Live/Pending,True,035,True
28,NEAR_1_DELETION,1,86497192,4825700,DEMOCRACY,2015-01-07,800,democracy,REGISTERED AND RENEWED,Live/Registered,True,025,False
28,NEAR_1_DELETION,1,98442148,,DEMOCRACY,2024-03-10,602,democracy,ABANDONED-FAILURE TO RESPOND OR LATE RESPONSE,Dead/Abandoned,False,025,False
28,NEAR_1_DELETION,1,97028797,,DEMO.CRACY,2021-09-15,602,democracy,ABANDONED-FAILURE TO RESPOND OR LATE RESPONSE,Dead/Abandoned,False,"009,035,038,041,045",True
28,NEAR_1_DELETION,1,88203697,,DEMOCRACY,2018-11-22,602,democracy,ABANDONED-FAILURE TO RESPOND OR LATE RESPONSE,Dead/Abandoned,False,033,False
28,NEAR_1_DELETION,1,86893717,,DEMOCRACY,2016-02-01,602,democracy,ABANDONED-FAILURE TO RESPOND OR LATE RESPONSE,Dead/Abandoned,False,032,False
28,NEAR_1_DELETION,1,85760590,4405893,DEMOCRACY,2012-10-22,710,democracy,CANCELLED - SECTION 8,Dead/Cancelled,False,,False
28,NEAR_1_DELETION,1,77808873,,DEMOCRACY,2009-08-20,602,democracy,ABANDONED-FAILURE TO RESPOND OR LATE RESPONSE,Dead/Abandoned,False,025,False
28,NEAR_1_DELETION,1,78178794,,DEMOCRACY,2002-10-27,606,democracy,ABANDONED - NO STATEMENT OF USE FILED,Dead/Abandoned,False,020,False
28,NEAR_1_DELETION,1,78042457,,DEMOCRACY,2001-01-09,606,democracy,ABANDONED - NO STATEMENT OF USE FILED,Dead/Abandoned,False,028,False
28,NEAR_1_DELETION,1,75232497,2196498,DEMOCRACY,1997-01-28,710,democracy,CANCELLED - SECTION 8,Dead/Cancelled,False,,False
28,NEAR_1_DELETION,1,75215144,2118021,DEMOCRACY,1996-12-18,710,democracy,CANCELLED - SECTION 8,Dead/Cancelled,False,,False
28,NEAR_1_DELETION,1,75095957,2054987,DEMOCRACY,1996-04-29,710,democracy,CANCELLED - SECTION 8,Dead/Cancelled,False,,False
28,NEAR_1_DELETION,1,73298616,1213901,DEMO CRACY,1981-02-25,710,democracy,CANCELLED - SECTION 8,Dead/Cancelled,False,,False
29,EXACT,0,87886242,5622245,PROOV,2018-04-20,702,proov,SECTION 8 & 15-ACCEPTED AND ACKNOWLEDGED,Live/Registered,True,005,True
29,EXACT,0,87126441,,PROOV,2016-08-03,602,proov,ABANDONED-FAILURE TO RESPOND OR LATE RESPONSE,Dead/Abandoned,False,009,False
29,EXACT,0,87126455,5160574,PROOV,2016-08-03,710,proov,CANCELLED - SECTION 8,Dead/Cancelled,False,,False
29,EXACT,0,87126460,5160575,PROOV,2016-08-03,710,proov,CANCELLED - SECTION 8,Dead/Cancelled,False,,False
29,NEAR_1_SUBSTITUTION,1,99919209,,PROOF,2026-07-02,630,proof,NEW APPLICATION - RECORD INITIALIZED NOT ASSIGNED TO EXAMINER,Live/Pending,True,003,True
29,NEAR_1_SUBSTITUTION,1,99813163,,PROOF,2026-05-09,630,proof,NEW APPLICATION - RECORD INITIALIZED NOT ASSIGNED TO EXAMINER,Live/Pending,True,035,True
29,NEAR_1_SUBSTITUTION,1,99777760,,PROOF,2026-04-21,630,proof,NEW APPLICATION - RECORD INITIALIZED NOT ASSIGNED TO EXAMINER,Live/Pending,True,"035,042",True
29,NEAR_1_SUBSTITUTION,1,99774862,,PROOF.,2026-04-20,630,proof,NEW APPLICATION - RECORD INITIALIZED NOT ASSIGNED TO EXAMINER,Live/Pending,True,025,False
29,NEAR_1_SUBSTITUTION,1,99690617,,PROOF.,2026-03-09,630,proof,NEW APPLICATION - RECORD INITIALIZED NOT ASSIGNED TO EXAMINER,Live/Pending,True,"009,044",True
29,NEAR_1_SUBSTITUTION,1,99571527,,PROOF,2025-12-30,641,proof,NON-FINAL ACTION - MAILED,Live/Pending,True,"035,042",True
29,NEAR_1_DELETION,1,99389449,,PRO V,2025-09-12,641,prov,NON-FINAL ACTION - MAILED,Live/Pending,True,028,False
29,NEAR_1_DELETION,1,99332926,8331174,PROV,2025-08-12,700,prov,REGISTERED,Live/Registered,True,007,False
29,NEAR_1_SUBSTITUTION,1,98742589,,PROOF,2024-09-10,748,proof,STATEMENT OF USE - TO EXAMINER,Live/Pending,True,"037,042",False
29,NEAR_1_SUBSTITUTION,1,98688169,,PROOF,2024-08-08,654,proof,REPORT COMPLETED SUSPENSION CHECK - CASE STILL SUSPENDED,Live/Pending,True,025,False
29,NEAR_1_SUBSTITUTION,1,98462502,8336358,GROOV,2024-03-22,700,groov,REGISTERED,Live/Registered,True,025,False
29,NEAR_1_SUBSTITUTION,1,98463528,7962353,TROOV,2024-03-22,700,troov,REGISTERED,Live/Registered,True,009,False
29,NEAR_1_SUBSTITUTION,1,98393206,,PROOF,2024-02-06,686,proof,PUBLISHED FOR OPPOSITION,Live/Pending,True,035,True
29,NEAR_1_SUBSTITUTION,1,98353744,,PROOF,2024-01-11,686,proof,PUBLISHED FOR OPPOSITION,Live/Pending,True,035,True
29,NEAR_1_SUBSTITUTION,1,98206273,8196845,PROOF,2023-10-02,700,proof,REGISTERED,Live/Registered,True,042,False
29,NEAR_1_SUBSTITUTION,1,98187414,,PROOF,2023-09-19,688,proof,NOTICE OF ALLOWANCE - ISSUED,Live/Pending,True,035,True
29,NEAR_1_SUBSTITUTION,1,98143318,7479444,PROOF,2023-08-21,700,proof,REGISTERED,Live/Registered,True,009,False
29,NEAR_1_SUBSTITUTION,1,98053797,,PROOF,2023-06-21,688,proof,NOTICE OF ALLOWANCE - ISSUED,Live/Pending,True,"035,041",True
29,NEAR_1_INSERTION,1,79371840,7424096,PRONOV,2023-05-02,700,pronov,REGISTERED,Live/Registered,True,"001,005",True
29,NEAR_1_SUBSTITUTION,1,97907602,7566772,PROOF,2023-04-26,700,proof,REGISTERED,Live/Registered,True,008,False
29,NEAR_1_SUBSTITUTION,1,97882287,,PROOF,2023-04-11,688,proof,NOTICE OF ALLOWANCE - ISSUED,Live/Pending,True,"035,041",True
29,NEAR_1_TRANSPOSITION,1,97809181,7600628,PROVO,2023-02-23,700,provo,REGISTERED,Live/Registered,True,011,False
29,NEAR_1_DELETION,1,79368088,7296350,ROOV,2023-01-13,700,roov,REGISTERED,Live/Registered,True,042,False
29,NEAR_1_SUBSTITUTION,1,79367480,7452172,PLOOV,2022-12-20,700,ploov,REGISTERED,Live/Registered,True,"011,020",False
29,NEAR_1_DELETION,1,79360979,7445190,ROOV,2022-11-23,700,roov,REGISTERED,Live/Registered,True,"006,017,019",False
29,NEAR_1_SUBSTITUTION,1,97687672,7683623,PROOF,2022-11-22,700,proof,REGISTERED,Live/Registered,True,009,False
29,NEAR_1_SUBSTITUTION,1,97665344,7734830,PROOF,2022-11-07,700,proof,REGISTERED,Live/Registered,True,030,False
29,NEAR_1_SUBSTITUTION,1,97551291,7180564,PROOF,2022-08-16,700,proof,REGISTERED,Live/Registered,True,009,False
29,NEAR_1_SUBSTITUTION,1,97259371,7128524,PROOF,2022-02-09,700,proof,REGISTERED,Live/Registered,True,042,False
29,NEAR_1_SUBSTITUTION,1,79339176,7117315,GROOV,2021-12-22,700,groov,REGISTERED,Live/Registered,True,"009,041,042,044",True
29,NEAR_1_SUBSTITUTION,1,97171515,6999344,GROOV,2021-12-14,700,groov,REGISTERED,Live/Registered,True,042,False
29,NEAR_1_DELETION,1,97151071,7158599,POOV,2021-12-01,700,poov,REGISTERED,Live/Registered,True,035,True
29,NEAR_1_INSERTION,1,97977358,7357357,MPROOV,2021-11-19,700,mproov,REGISTERED,Live/Registered,True,009,False
29,NEAR_1_SUBSTITUTION,1,97101656,6916760,PROOU,2021-11-01,700,proou,REGISTERED,Live/Registered,True,028,False
29,NEAR_1_SUBSTITUTION,1,97039930,,TROOV,2021-09-22,654,troov,REPORT COMPLETED SUSPENSION CHECK - CASE STILL SUSPENDED,Live/Pending,True,032,False
29,NEAR_1_SUBSTITUTION,1,79324179,6932718,PROUV,2021-09-03,700,prouv,REGISTERED,Live/Registered,True,"042,044",True
29,NEAR_1_SUBSTITUTION,1,97007018,7051780,PROOF,2021-09-01,700,proof,REGISTERED,Live/Registered,True,036,False
29,NEAR_1_SUBSTITUTION,1,90891506,,TROOV,2021-08-19,654,troov,REPORT COMPLETED SUSPENSION CHECK - CASE STILL SUSPENDED,Live/Pending,True,032,False
29,NEAR_1_SUBSTITUTION,1,90562061,6867395,PROOF,2021-03-05,700,proof,REGISTERED,Live/Registered,True,042,False
29,NEAR_1_SUBSTITUTION,1,90122474,6472671,PROEV,2020-08-18,700,proev,REGISTERED,Live/Registered,True,009,False
29,NEAR_1_SUBSTITUTION,1,88962960,6239233,PROOT,2020-06-12,700,proot,REGISTERED,Live/Registered,True,003,True
29,NEAR_1_SUBSTITUTION,1,88939025,6227464,PROOX,2020-05-29,701,proox,SECTION 8-ACCEPTED,Live/Registered,True,011,False
29,NEAR_1_SUBSTITUTION,1,88933438,6660441,PROOF,2020-05-26,700,proof,REGISTERED,Live/Registered,True,045,False
29,NEAR_1_SUBSTITUTION,1,79302846,6661824,PROOF,2020-05-25,700,proof,REGISTERED,Live/Registered,True,"035,042",True
29,NEAR_1_DELETION,1,88798032,6399538,PRO-V,2020-02-14,700,prov,REGISTERED,Live/Registered,True,012,False
29,NEAR_1_INSERTION,1,88677454,6181494,IPROOV,2019-11-01,702,iproov,SECTION 8 & 15-ACCEPTED AND ACKNOWLEDGED,Live/Registered,True,042,False
29,NEAR_1_DELETION,1,88479621,5954420,PRO-V,2019-06-19,702,prov,SECTION 8 & 15-ACCEPTED AND ACKNOWLEDGED,Live/Registered,True,028,False
29,NEAR_1_SUBSTITUTION,1,88436210,5953687,PROOF,2019-05-17,700,proof,REGISTERED,Live/Registered,True,035,True
29,NEAR_1_SUBSTITUTION,1,88318342,6009361,PROOF.,2019-02-27,702,proof,SECTION 8 & 15-ACCEPTED AND ACKNOWLEDGED,Live/Registered,True,005,True
29,NEAR_1_SUBSTITUTION,1,88253962,5826592,PROMV,2019-01-08,702,promv,SECTION 8 & 15-ACCEPTED AND ACKNOWLEDGED,Live/Registered,True,009,False
29,NEAR_1_SUBSTITUTION,1,88980908,6343512,PROOF,2018-12-14,700,proof,REGISTERED,Live/Registered,True,042,False
29,NEAR_1_SUBSTITUTION,1,88148346,6166686,PROIV,2018-10-09,700,proiv,REGISTERED,Live/Registered,True,"009,035,036,037,041,042,045",True
29,NEAR_1_SUBSTITUTION,1,88148368,6166687,PRO-IV,2018-10-09,700,proiv,REGISTERED,Live/Registered,True,"009,035,036,037,041,042,045",True
29,NEAR_1_DELETION,1,87857816,5641125,PROV,2018-03-30,701,prov,SECTION 8-ACCEPTED,Live/Registered,True,041,False
29,NEAR_1_SUBSTITUTION,1,87980627,5783345,PROOF,2018-03-22,702,proof,SECTION 8 & 15-ACCEPTED AND ACKNOWLEDGED,Live/Registered,True,"035,042",True
29,NEAR_1_INSERTION,1,87703454,5758575,N-PROOV,2017-11-30,701,nproov,SECTION 8-ACCEPTED,Live/Registered,True,005,True
29,NEAR_1_SUBSTITUTION,1,87697782,5734793,PROOF!,2017-11-27,702,proof,SECTION 8 & 15-ACCEPTED AND ACKNOWLEDGED,Live/Registered,True,028,False
29,NEAR_1_SUBSTITUTION,1,87698517,5776495,PROOF,2017-11-27,702,proof,SECTION 8 & 15-ACCEPTED AND ACKNOWLEDGED,Live/Registered,True,045,False
29,NEAR_1_SUBSTITUTION,1,87637579,5809907,PROOF,2017-10-08,702,proof,SECTION 8 & 15-ACCEPTED AND ACKNOWLEDGED,Live/Registered,True,041,False
29,NEAR_1_DELETION,1,87606684,5553358,PRO V,2017-09-13,702,prov,SECTION 8 & 15-ACCEPTED AND ACKNOWLEDGED,Live/Registered,True,"035,044",True
29,NEAR_1_DELETION,1,87606699,5544225,PRO V,2017-09-13,702,prov,SECTION 8 & 15-ACCEPTED AND ACKNOWLEDGED,Live/Registered,True,041,False
29,NEAR_1_SUBSTITUTION,1,87454661,5359442,PROOF,2017-05-18,701,proof,SECTION 8-ACCEPTED,Live/Registered,True,042,False
29,NEAR_1_SUBSTITUTION,1,87254566,5318612,PROOF,2016-12-02,701,proof,SECTION 8-ACCEPTED,Live/Registered,True,021,True
29,NEAR_1_SUBSTITUTION,1,86981479,5392404,PROOF,2016-03-29,790,proof,CANCELLATION PENDING,Live/Registered,True,"005,009,042,044",True
29,NEAR_1_DELETION,1,86698679,5453910,PRO·V,2015-07-20,702,prov,SECTION 8 & 15-ACCEPTED AND ACKNOWLEDGED,Live/Registered,True,010,True
29,NEAR_1_SUBSTITUTION,1,86694931,4901741,PROOF,2015-07-16,800,proof,REGISTERED AND RENEWED,Live/Registered,True,036,False
29,NEAR_1_DELETION,1,86670148,5006041,PRO V +,2015-06-22,800,prov,REGISTERED AND RENEWED,Live/Registered,True,001,False
29,NEAR_1_SUBSTITUTION,1,86565903,4953902,PROOF,2015-03-16,702,proof,SECTION 8 & 15-ACCEPTED AND ACKNOWLEDGED,Live/Registered,True,042,False
29,NEAR_1_SUBSTITUTION,1,86261758,4899093,PROOF,2014-04-24,800,proof,REGISTERED AND RENEWED,Live/Registered,True,041,False
29,NEAR_1_SUBSTITUTION,1,86065783,4542641,PROOF,2013-09-16,800,proof,REGISTERED AND RENEWED,Live/Registered,True,013,False
29,NEAR_1_SUBSTITUTION,1,86047585,4540670,PROOF,2013-08-26,800,proof,REGISTERED AND RENEWED,Live/Registered,True,005,True
29,NEAR_1_DELETION,1,85974373,4585768,PRO-V,2013-07-01,800,prov,REGISTERED AND RENEWED,Live/Registered,True,003,True
29,NEAR_1_SUBSTITUTION,1,85973443,4542250,PROOF,2013-06-28,800,proof,REGISTERED AND RENEWED,Live/Registered,True,013,False
29,NEAR_1_SUBSTITUTION,1,85970955,4633402,PROOF,2013-06-26,800,proof,REGISTERED AND RENEWED,Live/Registered,True,"041,044",True
29,NEAR_1_SUBSTITUTION,1,85889746,4535899,PROOF,2013-03-28,800,proof,REGISTERED AND RENEWED,Live/Registered,True,033,False
29,NEAR_1_INSERTION,1,79129044,4416593,IPROOV,2013-03-13,706,iproov,SECTION 71 ACCEPTED,Live/Registered,True,009,False
29,NEAR_1_SUBSTITUTION,1,85808693,4685226,PRO OX,2012-12-21,800,proox,REGISTERED AND RENEWED,Live/Registered,True,009,False
29,NEAR_1_SUBSTITUTION,1,85806972,4376237,GROOV,2012-12-19,800,groov,REGISTERED AND RENEWED,Live/Registered,True,009,False
29,NEAR_1_SUBSTITUTION,1,85485844,4303711,PROOM,2011-12-02,800,proom,REGISTERED AND RENEWED,Live/Registered,True,009,False
29,NEAR_1_SUBSTITUTION,1,77058110,3289974,PROOF,2006-12-06,800,proof,REGISTERED AND RENEWED,Live/Registered,True,043,False
29,NEAR_1_DELETION,1,78688450,3197633,PRO-V,2005-08-09,800,prov,REGISTERED AND RENEWED,Live/Registered,True,009,False
29,NEAR_1_DELETION,1,75851130,2693675,PRO-V,1999-11-17,800,prov,REGISTERED AND RENEWED,Live/Registered,True,007,False
29,NEAR_1_SUBSTITUTION,1,75689850,2594759,PROOF,1999-04-23,800,proof,REGISTERED AND RENEWED,Live/Registered,True,016,False
29,NEAR_1_DELETION,1,74401851,1822234,PRO-V,1993-06-11,800,prov,REGISTERED AND RENEWED,Live/Registered,True,003,True
29,NEAR_1_DELETION,1,74181904,1719290,PRO-V,1991-06-28,800,prov,REGISTERED AND RENEWED,Live/Registered,True,003,True
29,NEAR_1_SUBSTITUTION,1,74057596,1708206,PROOF,1990-05-10,800,proof,REGISTERED AND RENEWED,Live/Registered,True,019,False
29,NEAR_1_SUBSTITUTION,1,99258833,,PROOF,2025-06-29,602,proof,ABANDONED-FAILURE TO RESPOND OR LATE RESPONSE,Dead/Abandoned,False,"003,010",True
29,NEAR_1_SUBSTITUTION,1,99251467,,PROOF,2025-06-25,602,proof,ABANDONED-FAILURE TO RESPOND OR LATE RESPONSE,Dead/Abandoned,False,,False
29,NEAR_1_SUBSTITUTION,1,98804997,,GROOV,2024-10-16,602,groov,ABANDONED-FAILURE TO RESPOND OR LATE RESPONSE,Dead/Abandoned,False,041,False
29,NEAR_1_SUBSTITUTION,1,98796665,,GROOV,2024-10-11,602,groov,ABANDONED-FAILURE TO RESPOND OR LATE RESPONSE,Dead/Abandoned,False,041,False
29,NEAR_1_SUBSTITUTION,1,98644242,,{PR}OOF,2024-07-11,606,proof,ABANDONED - NO STATEMENT OF USE FILED,Dead/Abandoned,False,042,False
29,NEAR_1_SUBSTITUTION,1,98555853,,PROO2,2024-05-17,602,proo2,ABANDONED-FAILURE TO RESPOND OR LATE RESPONSE,Dead/Abandoned,False,001,False
29,NEAR_1_SUBSTITUTION,1,98420752,,PROOF,2024-02-26,602,proof,ABANDONED-FAILURE TO RESPOND OR LATE RESPONSE,Dead/Abandoned,False,018,False
29,NEAR_1_SUBSTITUTION,1,98420842,,PROOF,2024-02-26,602,proof,ABANDONED-FAILURE TO RESPOND OR LATE RESPONSE,Dead/Abandoned,False,018,False
29,NEAR_1_SUBSTITUTION,1,98393226,,PROOF,2024-02-06,606,proof,ABANDONED - NO STATEMENT OF USE FILED,Dead/Abandoned,False,041,False
29,NEAR_1_SUBSTITUTION,1,98393231,,PROOF,2024-02-06,602,proof,ABANDONED-FAILURE TO RESPOND OR LATE RESPONSE,Dead/Abandoned,False,042,False
29,NEAR_1_SUBSTITUTION,1,98353751,,PROOF,2024-01-11,606,proof,ABANDONED - NO STATEMENT OF USE FILED,Dead/Abandoned,False,041,False
29,NEAR_1_SUBSTITUTION,1,98353758,,PROOF,2024-01-11,602,proof,ABANDONED-FAILURE TO RESPOND OR LATE RESPONSE,Dead/Abandoned,False,042,False
29,NEAR_1_SUBSTITUTION,1,98272491,,PROOF,2023-11-15,602,proof,ABANDONED-FAILURE TO RESPOND OR LATE RESPONSE,Dead/Abandoned,False,036,False
29,NEAR_1_DELETION,1,97746804,,PROV,2023-01-09,602,prov,ABANDONED-FAILURE TO RESPOND OR LATE RESPONSE,Dead/Abandoned,False,025,False
29,NEAR_1_SUBSTITUTION,1,97725109,,PROOF,2022-12-20,606,proof,ABANDONED - NO STATEMENT OF USE FILED,Dead/Abandoned,False,"009,035,038,042",True
29,NEAR_1_SUBSTITUTION,1,97718074,,PRO-EV,2022-12-14,602,proev,ABANDONED-FAILURE TO RESPOND OR LATE RESPONSE,Dead/Abandoned,False,035,True
29,NEAR_1_SUBSTITUTION,1,97690667,,PROOF,2022-11-23,602,proof,ABANDONED-FAILURE TO RESPOND OR LATE RESPONSE,Dead/Abandoned,False,044,True
29,NEAR_1_SUBSTITUTION,1,97661409,,PROPV,2022-11-03,606,propv,ABANDONED - NO STATEMENT OF USE FILED,Dead/Abandoned,False,037,False
29,NEAR_1_SUBSTITUTION,1,97573542,,PROOF,2022-08-31,602,proof,ABANDONED-FAILURE TO RESPOND OR LATE RESPONSE,Dead/Abandoned,False,009,False
29,NEAR_1_SUBSTITUTION,1,97535913,,PROOF,2022-08-04,606,proof,ABANDONED - NO STATEMENT OF USE FILED,Dead/Abandoned,False,"035,041,045",True
29,NEAR_1_SUBSTITUTION,1,97508323,,PROOF,2022-07-18,606,proof,ABANDONED - NO STATEMENT OF USE FILED,Dead/Abandoned,False,035,True
29,NEAR_1_SUBSTITUTION,1,97440271,,GROOV,2022-06-02,602,groov,ABANDONED-FAILURE TO RESPOND OR LATE RESPONSE,Dead/Abandoned,False,025,False
29,NEAR_1_TRANSPOSITION,1,97416247,,PROVO,2022-05-18,602,provo,ABANDONED-FAILURE TO RESPOND OR LATE RESPONSE,Dead/Abandoned,False,024,False
29,NEAR_1_SUBSTITUTION,1,97256398,,PROOF,2022-02-07,604,proof,ABANDONED - AFTER INTER-PARTES DECISION,Dead/Abandoned,False,,False
29,NEAR_1_INSERTION,1,97134562,,MPROOV,2021-11-19,606,mproov,ABANDONED - NO STATEMENT OF USE FILED,Dead/Abandoned,False,"041,042",False
29,NEAR_1_DELETION,1,97076400,,ROOV,2021-10-15,606,roov,ABANDONED - NO STATEMENT OF USE FILED,Dead/Abandoned,False,005,True
29,NEAR_1_TRANSPOSITION,1,97029335,,PROVO,2021-09-15,606,provo,ABANDONED - NO STATEMENT OF USE FILED,Dead/Abandoned,False,042,False
29,NEAR_1_SUBSTITUTION,1,97004889,,PROOF,2021-08-31,606,proof,ABANDONED - NO STATEMENT OF USE FILED,Dead/Abandoned,False,"041,042",False
29,NEAR_1_DELETION,1,90852723,,PROV,2021-07-28,602,prov,ABANDONED-FAILURE TO RESPOND OR LATE RESPONSE,Dead/Abandoned,False,025,False
29,NEAR_1_SUBSTITUTION,1,90587960,,PROOF,2021-03-18,606,proof,ABANDONED - NO STATEMENT OF USE FILED,Dead/Abandoned,False,"005,010",True
29,NEAR_1_INSERTION,1,79318826,,PROOVR,2021-02-10,602,proovr,ABANDONED-FAILURE TO RESPOND OR LATE RESPONSE,Dead/Abandoned,False,"009,038,042",False
29,NEAR_1_TRANSPOSITION,1,90096564,,PROVO,2020-08-06,606,provo,ABANDONED - NO STATEMENT OF USE FILED,Dead/Abandoned,False,"006,012",False
29,NEAR_1_SUBSTITUTION,1,88962314,,PROOF,2020-06-12,603,proof,ABANDONED - AFTER EX PARTE APPEAL,Dead/Abandoned,False,043,False
29,NEAR_1_SUBSTITUTION,1,88962401,,PROOF,2020-06-12,603,proof,ABANDONED - AFTER EX PARTE APPEAL,Dead/Abandoned,False,043,False
29,NEAR_1_SUBSTITUTION,1,88962481,,PROOF,2020-06-12,603,proof,ABANDONED - AFTER EX PARTE APPEAL,Dead/Abandoned,False,043,False
29,NEAR_1_SUBSTITUTION,1,88956329,,PROOF,2020-06-09,602,proof,ABANDONED-FAILURE TO RESPOND OR LATE RESPONSE,Dead/Abandoned,False,030,False
29,NEAR_1_SUBSTITUTION,1,88933422,,PROOF,2020-05-26,606,proof,ABANDONED - NO STATEMENT OF USE FILED,Dead/Abandoned,False,045,False
29,NEAR_1_SUBSTITUTION,1,88838028,,PRO-OX,2020-03-17,610,proox,TERMINATED AFTER SANCTIONS,Dead,False,,False
29,NEAR_1_SUBSTITUTION,1,88784910,,PROOF,2020-02-04,602,proof,ABANDONED-FAILURE TO RESPOND OR LATE RESPONSE,Dead/Abandoned,False,042,False
29,NEAR_1_SUBSTITUTION,1,88696790,,PROOF,2019-11-18,606,proof,ABANDONED - NO STATEMENT OF USE FILED,Dead/Abandoned,False,034,False
29,NEAR_1_SUBSTITUTION,1,88696810,,PROOF,2019-11-18,602,proof,ABANDONED-FAILURE TO RESPOND OR LATE RESPONSE,Dead/Abandoned,False,005,True
29,NEAR_1_SUBSTITUTION,1,88693060,,PROOF,2019-11-14,603,proof,ABANDONED - AFTER EX PARTE APPEAL,Dead/Abandoned,False,"035,041,044",True
29,NEAR_1_SUBSTITUTION,1,88683131,,PROOF,2019-11-07,602,proof,ABANDONED-FAILURE TO RESPOND OR LATE RESPONSE,Dead/Abandoned,False,"003,005,009,014,016,018,021,022,025,026,028,030,041",True
29,NEAR_1_SUBSTITUTION,1,88433187,,GROOV,2019-05-16,602,groov,ABANDONED-FAILURE TO RESPOND OR LATE RESPONSE,Dead/Abandoned,False,032,False
29,NEAR_1_SUBSTITUTION,1,88292612,,PRORV,2019-02-07,602,prorv,ABANDONED-FAILURE TO RESPOND OR LATE RESPONSE,Dead/Abandoned,False,039,False
29,NEAR_1_DELETION,1,88290064,,PRO-V,2019-02-05,605,prov,ABANDONED EXPRESS AFTER PUB,Dead/Abandoned,False,,False
29,NEAR_1_SUBSTITUTION,1,88229566,,PROOF,2018-12-14,606,proof,ABANDONED - NO STATEMENT OF USE FILED,Dead/Abandoned,False,009,False
29,NEAR_1_DELETION,1,88002844,5695448,PROV,2018-06-15,710,prov,CANCELLED - SECTION 8,Dead/Cancelled,False,,False
29,NEAR_1_SUBSTITUTION,1,87905856,,PROOF,2018-05-03,602,proof,ABANDONED-FAILURE TO RESPOND OR LATE RESPONSE,Dead/Abandoned,False,030,False
29,NEAR_1_TRANSPOSITION,1,87875339,,PROVO,2018-04-12,602,provo,ABANDONED-FAILURE TO RESPOND OR LATE RESPONSE,Dead/Abandoned,False,"009,015,016,018,020,025,026,028,035,041,043,045",True
29,NEAR_1_SUBSTITUTION,1,87872741,,PROOF,2018-04-11,602,proof,ABANDONED-FAILURE TO RESPOND OR LATE RESPONSE,Dead/Abandoned,False,033,False
29,NEAR_1_SUBSTITUTION,1,87867453,,PROOF,2018-04-08,602,proof,ABANDONED-FAILURE TO RESPOND OR LATE RESPONSE,Dead/Abandoned,False,014,False
29,NEAR_1_SUBSTITUTION,1,87846342,,PROOF,2018-03-22,606,proof,ABANDONED - NO STATEMENT OF USE FILED,Dead/Abandoned,False,035,True
29,NEAR_1_SUBSTITUTION,1,87979833,5717945,PROOF,2018-03-22,711,proof,CANCELLED - SECTION 7,Dead/Cancelled,False,,False
29,NEAR_1_SUBSTITUTION,1,87792982,,PROOF,2018-02-10,606,proof,ABANDONED - NO STATEMENT OF USE FILED,Dead/Abandoned,False,018,False
29,NEAR_1_SUBSTITUTION,1,87715960,,PRO.TV,2017-12-11,606,protv,ABANDONED - NO STATEMENT OF USE FILED,Dead/Abandoned,False,041,False
29,NEAR_1_SUBSTITUTION,1,87715977,,PROTV,2017-12-11,606,protv,ABANDONED - NO STATEMENT OF USE FILED,Dead/Abandoned,False,041,False
29,NEAR_1_SUBSTITUTION,1,87698539,5776496,PROOF,2017-11-27,710,proof,CANCELLED - SECTION 8,Dead/Cancelled,False,,False
29,NEAR_1_DELETION,1,87552219,5692676,PROV,2017-08-01,710,prov,CANCELLED - SECTION 8,Dead/Cancelled,False,,False
29,NEAR_1_SUBSTITUTION,1,87531038,5870783,PROOF,2017-07-17,710,proof,CANCELLED - SECTION 8,Dead/Cancelled,False,,False
29,NEAR_1_SUBSTITUTION,1,87506134,,PROOF,2017-06-26,602,proof,ABANDONED-FAILURE TO RESPOND OR LATE RESPONSE,Dead/Abandoned,False,041,False
29,NEAR_1_INSERTION,1,87400446,5516665,PRO^GOV,2017-04-06,710,progov,CANCELLED - SECTION 8,Dead/Cancelled,False,,False
29,NEAR_1_TRANSPOSITION,1,87362554,5451034,PROVO,2017-03-08,710,provo,CANCELLED - SECTION 8,Dead/Cancelled,False,,False
29,NEAR_1_SUBSTITUTION,1,87323429,,PROOF,2017-02-03,602,proof,ABANDONED-FAILURE TO RESPOND OR LATE RESPONSE,Dead/Abandoned,False,025,False
29,NEAR_1_SUBSTITUTION,1,87321765,5294888,PRO-IV,2017-02-02,710,proiv,CANCELLED - SECTION 8,Dead/Cancelled,False,,False
29,NEAR_1_SUBSTITUTION,1,87282921,5618065,PROOF,2016-12-28,710,proof,CANCELLED - SECTION 8,Dead/Cancelled,False,,False
29,NEAR_1_SUBSTITUTION,1,87282938,5602005,PROOF,2016-12-28,710,proof,CANCELLED - SECTION 8,Dead/Cancelled,False,,False
29,NEAR_1_SUBSTITUTION,1,87265788,,PROOF,2016-12-12,606,proof,ABANDONED - NO STATEMENT OF USE FILED,Dead/Abandoned,False,"009,010,044",True
29,NEAR_1_SUBSTITUTION,1,79195169,5308772,PRODV,2016-08-23,709,prodv,CANCELLED SECTION 71,Dead/Cancelled,False,,False
29,NEAR_1_SUBSTITUTION,1,87027958,,PRO-OX,2016-05-06,606,proox,ABANDONED - NO STATEMENT OF USE FILED,Dead/Abandoned,False,001,False
29,NEAR_1_SUBSTITUTION,1,87012799,,PROOF,2016-04-25,602,proof,ABANDONED-FAILURE TO RESPOND OR LATE RESPONSE,Dead/Abandoned,False,030,False
29,NEAR_1_SUBSTITUTION,1,86956174,,PROOF,2016-03-29,602,proof,ABANDONED-FAILURE TO RESPOND OR LATE RESPONSE,Dead/Abandoned,False,025,False
29,NEAR_1_SUBSTITUTION,1,86936480,,GROOV,2016-03-10,602,groov,ABANDONED-FAILURE TO RESPOND OR LATE RESPONSE,Dead/Abandoned,False,009,False
29,NEAR_1_SUBSTITUTION,1,86903272,,GROOV,2016-02-10,606,groov,ABANDONED - NO STATEMENT OF USE FILED,Dead/Abandoned,False,005,True
29,NEAR_1_SUBSTITUTION,1,76718889,,PROOF,2016-01-20,602,proof,ABANDONED-FAILURE TO RESPOND OR LATE RESPONSE,Dead/Abandoned,False,035,True
29,NEAR_1_INSERTION,1,86865499,,PROOVE,2016-01-05,602,proove,ABANDONED-FAILURE TO RESPOND OR LATE RESPONSE,Dead/Abandoned,False,"001,005,042",True
29,NEAR_1_SUBSTITUTION,1,86825278,,PROOF,2015-11-18,603,proof,ABANDONED - AFTER EX PARTE APPEAL,Dead/Abandoned,False,041,False
29,NEAR_1_SUBSTITUTION,1,86724116,4994825,PROOF,2015-08-13,710,proof,CANCELLED - SECTION 8,Dead/Cancelled,False,,False
29,NEAR_1_DELETION,1,86596678,,PRO V,2015-04-14,602,prov,ABANDONED-FAILURE TO RESPOND OR LATE RESPONSE,Dead/Abandoned,False,001,False
29,NEAR_1_SUBSTITUTION,1,86437618,,PROOF,2014-10-28,602,proof,ABANDONED-FAILURE TO RESPOND OR LATE RESPONSE,Dead/Abandoned,False,043,False
29,NEAR_1_SUBSTITUTION,1,86420256,,PRO TV,2014-10-10,606,protv,ABANDONED - NO STATEMENT OF USE FILED,Dead/Abandoned,False,"025,041",False
29,NEAR_1_INSERTION,1,86330365,,MPROOV,2014-07-07,606,mproov,ABANDONED - NO STATEMENT OF USE FILED,Dead/Abandoned,False,"009,042",False
29,NEAR_1_INSERTION,1,86085516,,PROOVE,2013-10-08,602,proove,ABANDONED-FAILURE TO RESPOND OR LATE RESPONSE,Dead/Abandoned,False,"001,005,042",True
29,NEAR_1_INSERTION,1,86975074,4842992,PROOVE,2013-10-08,710,proove,CANCELLED - SECTION 8,Dead/Cancelled,False,,False
29,NEAR_1_SUBSTITUTION,1,86043104,4709002,PRO|CV,2013-08-20,710,procv,CANCELLED - SECTION 8,Dead/Cancelled,False,,False
29,NEAR_1_SUBSTITUTION,1,86006614,4599851,PROOF.,2013-07-10,710,proof,CANCELLED - SECTION 8,Dead/Cancelled,False,,False
29,NEAR_1_SUBSTITUTION,1,86000084,4484641,PROOF!,2013-07-01,710,proof,CANCELLED - SECTION 8,Dead/Cancelled,False,,False
29,NEAR_1_SUBSTITUTION,1,85973472,4478110,PROOF,2013-06-28,710,proof,CANCELLED - SECTION 8,Dead/Cancelled,False,,False
29,NEAR_1_SUBSTITUTION,1,85953587,,PROAV,2013-06-07,602,proav,ABANDONED-FAILURE TO RESPOND OR LATE RESPONSE,Dead/Abandoned,False,"009,037,038,042",False
29,NEAR_1_SUBSTITUTION,1,85951465,,PROAV,2013-06-05,602,proav,ABANDONED-FAILURE TO RESPOND OR LATE RESPONSE,Dead/Abandoned,False,"009,037,038,042",False
29,NEAR_1_SUBSTITUTION,1,85862939,,PROOF,2013-02-28,602,proof,ABANDONED-FAILURE TO RESPOND OR LATE RESPONSE,Dead/Abandoned,False,025,False
29,NEAR_1_SUBSTITUTION,1,85835207,4861693,PROOF,2013-01-29,710,proof,CANCELLED - SECTION 8,Dead/Cancelled,False,,False
29,NEAR_1_SUBSTITUTION,1,85804767,4376000,PROOF,2012-12-17,710,proof,CANCELLED - SECTION 8,Dead/Cancelled,False,,False
29,NEAR_1_INSERTION,1,85763315,,PROOVE,2012-10-25,602,proove,ABANDONED-FAILURE TO RESPOND OR LATE RESPONSE,Dead/Abandoned,False,042,False
29,NEAR_1_SUBSTITUTION,1,85758568,,PROOF,2012-10-19,602,proof,ABANDONED-FAILURE TO RESPOND OR LATE RESPONSE,Dead/Abandoned,False,019,False
29,NEAR_1_DELETION,1,85749301,4393951,PRO-V,2012-10-09,710,prov,CANCELLED - SECTION 8,Dead/Cancelled,False,,False
29,NEAR_1_DELETION,1,85661473,4286939,PRO V,2012-06-26,710,prov,CANCELLED - SECTION 8,Dead/Cancelled,False,,False
29,NEAR_1_DELETION,1,85624849,,PRO-V,2012-05-14,606,prov,ABANDONED - NO STATEMENT OF USE FILED,Dead/Abandoned,False,005,True
29,NEAR_1_SUBSTITUTION,1,85513818,,PROOF,2012-01-11,602,proof,ABANDONED-FAILURE TO RESPOND OR LATE RESPONSE,Dead/Abandoned,False,032,False
29,NEAR_1_SUBSTITUTION,1,85478139,,PROPV,2011-11-21,606,propv,ABANDONED - NO STATEMENT OF USE FILED,Dead/Abandoned,False,009,False
29,NEAR_1_SUBSTITUTION,1,85381965,,PROOF,2011-07-27,606,proof,ABANDONED - NO STATEMENT OF USE FILED,Dead/Abandoned,False,028,False
29,NEAR_1_SUBSTITUTION,1,85374387,,PRO-UV,2011-07-18,606,prouv,ABANDONED - NO STATEMENT OF USE FILED,Dead/Abandoned,False,011,False
29,NEAR_1_INSERTION,1,85263550,4162026,PROOVE,2011-03-10,710,proove,CANCELLED - SECTION 8,Dead/Cancelled,False,,False
29,NEAR_1_TRANSPOSITION,1,85190947,,PROVO,2010-12-06,606,provo,ABANDONED - NO STATEMENT OF USE FILED,Dead/Abandoned,False,031,False
29,NEAR_1_SUBSTITUTION,1,79087976,4065227,PROOM,2010-06-23,404,proom,IR CANCELLED; US REGISTRATION CANCELLED,Dead/Cancelled,False,,False
29,NEAR_1_SUBSTITUTION,1,79085106,4021209,PROOM,2010-06-07,709,proom,CANCELLED SECTION 71,Dead/Cancelled,False,,False
29,NEAR_1_SUBSTITUTION,1,77891808,3932240,GROOV,2009-12-11,710,groov,CANCELLED - SECTION 8,Dead/Cancelled,False,,False
29,NEAR_1_SUBSTITUTION,1,77714118,,PROCV,2009-04-15,606,procv,ABANDONED - NO STATEMENT OF USE FILED,Dead/Abandoned,False,009,False
29,NEAR_1_SUBSTITUTION,1,77540411,,PROOF!,2008-08-06,606,proof,ABANDONED - NO STATEMENT OF USE FILED,Dead/Abandoned,False,039,False
29,NEAR_1_SUBSTITUTION,1,77405877,,PROOF,2008-02-26,606,proof,ABANDONED - NO STATEMENT OF USE FILED,Dead/Abandoned,False,041,False
29,NEAR_1_SUBSTITUTION,1,77238958,3414281,PROOF,2007-07-25,710,proof,CANCELLED - SECTION 8,Dead/Cancelled,False,,False
29,NEAR_1_SUBSTITUTION,1,76679839,,PROOF,2007-07-23,606,proof,ABANDONED - NO STATEMENT OF USE FILED,Dead/Abandoned,False,009,False
29,NEAR_1_DELETION,1,77172326,3481680,PRO V,2007-05-03,710,prov,CANCELLED - SECTION 8,Dead/Cancelled,False,,False
29,NEAR_1_SUBSTITUTION,1,77131241,3355304,PROOF,2007-03-14,710,proof,CANCELLED - SECTION 8,Dead/Cancelled,False,,False
29,NEAR_1_DELETION,1,77042042,,PROV,2006-11-11,602,prov,ABANDONED-FAILURE TO RESPOND OR LATE RESPONSE,Dead/Abandoned,False,009,False
29,NEAR_1_SUBSTITUTION,1,78944220,3795821,PROIV,2006-08-03,710,proiv,CANCELLED - SECTION 8,Dead/Cancelled,False,,False
29,NEAR_1_SUBSTITUTION,1,78932360,3337380,PROOF,2006-07-18,710,proof,CANCELLED - SECTION 8,Dead/Cancelled,False,,False
29,NEAR_1_TRANSPOSITION,1,76655471,3195553,PROVO,2006-02-21,710,provo,CANCELLED - SECTION 8,Dead/Cancelled,False,,False
29,NEAR_1_SUBSTITUTION,1,78565214,,PROOF,2005-02-10,606,proof,ABANDONED - NO STATEMENT OF USE FILED,Dead/Abandoned,False,"033,043",False
29,NEAR_1_DELETION,1,78506452,3110714,PROV,2004-10-26,710,prov,CANCELLED - SECTION 8,Dead/Cancelled,False,,False
29,NEAR_1_SUBSTITUTION,1,78501302,3370200,GROO-V,2004-10-18,710,groov,CANCELLED - SECTION 8,Dead/Cancelled,False,,False
29,NEAR_1_TRANSPOSITION,1,78270645,2884273,PROVO,2003-07-04,710,provo,CANCELLED - SECTION 8,Dead/Cancelled,False,,False
29,NEAR_1_DELETION,1,78262304,,PROV,2003-06-13,606,prov,ABANDONED - NO STATEMENT OF USE FILED,Dead/Abandoned,False,009,False
29,NEAR_1_DELETION,1,78207581,2821239,PRO-V,2003-01-27,710,prov,CANCELLED - SECTION 8,Dead/Cancelled,False,,False
29,NEAR_1_DELETION,1,78141902,2796187,PRO-V,2002-07-08,710,prov,CANCELLED - SECTION 8,Dead/Cancelled,False,,False
29,NEAR_1_SUBSTITUTION,1,76380763,2708175,PRO AV,2002-03-08,710,proav,CANCELLED - SECTION 8,Dead/Cancelled,False,,False
29,NEAR_1_INSERTION,1,78097291,,APROOV,2001-12-07,602,aproov,ABANDONED-FAILURE TO RESPOND OR LATE RESPONSE,Dead/Abandoned,False,038,False
29,NEAR_1_DELETION,1,76319707,,PRO V,2001-10-01,602,prov,ABANDONED-FAILURE TO RESPOND OR LATE RESPONSE,Dead/Abandoned,False,012,False
29,NEAR_1_SUBSTITUTION,1,76272876,2536455,PROOF,2001-06-18,710,proof,CANCELLED - SECTION 8,Dead/Cancelled,False,,False
29,NEAR_1_TRANSPOSITION,1,78006278,,PROVO,2000-05-01,606,provo,ABANDONED - NO STATEMENT OF USE FILED,Dead/Abandoned,False,012,False
29,NEAR_1_SUBSTITUTION,1,76024921,,PROOF,2000-04-13,602,proof,ABANDONED-FAILURE TO RESPOND OR LATE RESPONSE,Dead/Abandoned,False,037,False
29,NEAR_1_SUBSTITUTION,1,76018686,,PROOF!,2000-04-05,602,proof,ABANDONED-FAILURE TO RESPOND OR LATE RESPONSE,Dead/Abandoned,False,042,False
29,NEAR_1_SUBSTITUTION,1,75838594,2619375,PROOF,1999-11-04,710,proof,CANCELLED - SECTION 8,Dead/Cancelled,False,,False
29,NEAR_1_DELETION,1,75757270,2447037,PRO-V,1999-07-21,710,prov,CANCELLED - SECTION 8,Dead/Cancelled,False,,False
29,NEAR_1_SUBSTITUTION,1,75610629,,PROTV,1998-12-22,602,protv,ABANDONED-FAILURE TO RESPOND OR LATE RESPONSE,Dead/Abandoned,False,009,False
29,NEAR_1_DELETION,1,75275837,,PRO V,1997-04-16,606,prov,ABANDONED - NO STATEMENT OF USE FILED,Dead/Abandoned,False,,False
29,NEAR_1_DELETION,1,75231647,,PRO V,1997-01-27,606,prov,ABANDONED - NO STATEMENT OF USE FILED,Dead/Abandoned,False,,False
29,NEAR_1_DELETION,1,75225895,2116370,PRO V,1997-01-15,710,prov,CANCELLED - SECTION 8,Dead/Cancelled,False,,False
29,NEAR_1_DELETION,1,75214769,2202501,PRO V,1996-12-16,710,prov,CANCELLED - SECTION 8,Dead/Cancelled,False,,False
29,NEAR_1_SUBSTITUTION,1,75159426,2282395,PROOF,1996-09-03,710,proof,CANCELLED - SECTION 8,Dead/Cancelled,False,,False
29,NEAR_1_SUBSTITUTION,1,75055640,,PROOF,1996-02-09,606,proof,ABANDONED - NO STATEMENT OF USE FILED,Dead/Abandoned,False,,False
29,NEAR_1_DELETION,1,74525069,1939308,PRO V,1994-05-16,710,prov,CANCELLED - SECTION 8,Dead/Cancelled,False,,False
29,NEAR_1_DELETION,1,74402042,,PRO-V,1993-06-11,601,prov,ABANDONED - EXPRESS,Dead/Abandoned,False,,False
29,NEAR_1_SUBSTITUTION,1,74290030,,PROCV,1992-06-30,606,procv,ABANDONED - NO STATEMENT OF USE FILED,Dead/Abandoned,False,,False
29,NEAR_1_SUBSTITUTION,1,74048918,1637678,PROOS,1990-04-16,710,proos,CANCELLED - SECTION 8,Dead/Cancelled,False,,False
29,NEAR_1_TRANSPOSITION,1,74005074,1625742,PROVO,1989-11-24,710,provo,CANCELLED - SECTION 8,Dead/Cancelled,False,,False
29,NEAR_1_DELETION,1,73670689,1545303,PRO V,1987-07-07,710,prov,CANCELLED - SECTION 8,Dead/Cancelled,False,,False
29,NEAR_1_SUBSTITUTION,1,73626042,1442362,PROOF,1986-10-20,710,proof,CANCELLED - SECTION 8,Dead/Cancelled,False,,False
29,NEAR_1_SUBSTITUTION,1,73624096,1443497,PROOF,1986-10-03,710,proof,CANCELLED - SECTION 8,Dead/Cancelled,False,,False
29,NEAR_1_SUBSTITUTION,1,73366654,1240125,PRO-IV,1982-05-26,710,proiv,CANCELLED - SECTION 8,Dead/Cancelled,False,,False
29,NEAR_1_SUBSTITUTION,1,73315128,1253447,PROOF,1981-06-17,710,proof,CANCELLED - SECTION 8,Dead/Cancelled,False,,False
29,NEAR_1_SUBSTITUTION,1,73179403,1133292,PROOF,1978-07-24,710,proof,CANCELLED - SECTION 8,Dead/Cancelled,False,,False
29,NEAR_1_SUBSTITUTION,1,73125255,1080739,PROOF,1977-05-04,710,proof,CANCELLED - SECTION 8,Dead/Cancelled,False,,False
29,NEAR_1_SUBSTITUTION,1,73062168,1045110,PROOF,1975-09-05,900,proof,EXPIRED,Dead/Expired,False,,False
29,NEAR_1_SUBSTITUTION,1,72262672,0846144,PROOF,1967-01-17,900,proof,EXPIRED,Dead/Expired,False,,False
29,NEAR_1_SUBSTITUTION,1,72137852,0763345,PROOF,1962-02-13,900,proof,EXPIRED,Dead/Expired,False,,False
30,EXACT,0,98089509,7892853,PROOFED,2023-07-18,700,proofed,REGISTERED,Live/Registered,True,003,True
30,EXACT,0,90538530,6783849,PROOFED,2021-02-22,700,proofed,REGISTERED,Live/Registered,True,041,False
30,EXACT,0,88715406,,PROOFED,2019-12-04,606,proofed,ABANDONED - NO STATEMENT OF USE FILED,Dead/Abandoned,False,003,True
30,EXACT,0,87208132,,PROOFED,2016-10-19,602,proofed,ABANDONED-FAILURE TO RESPOND OR LATE RESPONSE,Dead/Abandoned,False,"009,025",False
30,EXACT,0,86399980,,PROOFED,2014-09-19,606,proofed,ABANDONED - NO STATEMENT OF USE FILED,Dead/Abandoned,False,"020,035",True
30,NEAR_1_SUBSTITUTION,1,79452566,,PROOTED,2026-05-04,630,prooted,NEW APPLICATION - RECORD INITIALIZED NOT ASSIGNED TO EXAMINER,Live/Pending,True,003,True
30,NEAR_1_SUBSTITUTION,1,98596863,8207204,PROOMED,2024-06-12,700,proomed,REGISTERED,Live/Registered,True,021,True
30,NEAR_1_DELETION,1,77261257,3616788,PROFED,2007-08-22,800,profed,REGISTERED AND RENEWED,Live/Registered,True,036,False
30,NEAR_1_SUBSTITUTION,1,73530594,1360369,PROOF-ER,1985-04-04,800,proofer,REGISTERED AND RENEWED,Live/Registered,True,009,False
30,NEAR_1_INSERTION,1,85971992,4478008,APROOFED,2013-06-27,710,aproofed,CANCELLED - SECTION 8,Dead/Cancelled,False,,False
30,NEAR_1_INSERTION,1,85972064,4484534,APROOFED,2013-06-27,710,aproofed,CANCELLED - SECTION 8,Dead/Cancelled,False,,False
30,NEAR_1_DELETION,1,77553049,3704233,PRO FED,2008-08-21,710,profed,CANCELLED - SECTION 8,Dead/Cancelled,False,,False
30,NEAR_1_DELETION,1,77199286,3483225,PRO FED,2007-06-06,710,profed,CANCELLED - SECTION 8,Dead/Cancelled,False,,False
30,NEAR_1_SUBSTITUTION,1,75320831,,PROOFER,1997-07-08,603,proofer,ABANDONED - AFTER EX PARTE APPEAL,Dead/Abandoned,False,009,False
31,EXACT,0,99889056,,VERITY,2026-06-16,630,verity,NEW APPLICATION - RECORD INITIALIZED NOT ASSIGNED TO EXAMINER,Live/Pending,True,003,True
31,EXACT,0,99661652,,VERITY,2026-02-20,802,verity,REQUEST FOR EXTENSION OF TIME TO FILE OPPOSITION,Live/Pending,True,"035,042,045",True
31,EXACT,0,99602035,,VERITY,2026-01-19,686,verity,PUBLISHED FOR OPPOSITION,Live/Pending,True,037,False
31,EXACT,0,99474148,,VERITY,2025-10-31,653,verity,SUSPENSION LETTER - MAILED,Live/Pending,True,042,False
31,EXACT,0,99422104,8222558,VERITY,2025-09-30,700,verity,REGISTERED,Live/Registered,True,035,True
31,EXACT,0,79430234,,VERITY,2025-07-01,641,verity,NON-FINAL ACTION - MAILED,Live/Pending,True,"009,035,041,042",True
31,EXACT,0,99261848,,VERITY,2025-07-01,653,verity,SUSPENSION LETTER - MAILED,Live/Pending,True,035,True
31,EXACT,0,98767404,,VERITY,2024-09-24,654,verity,REPORT COMPLETED SUSPENSION CHECK - CASE STILL SUSPENDED,Live/Pending,True,"035,042",True
31,EXACT,0,98651403,7767359,VERITY,2024-07-16,700,verity,REGISTERED,Live/Registered,True,"035,042",True
31,EXACT,0,98597057,,VERITY,2024-06-12,654,verity,REPORT COMPLETED SUSPENSION CHECK - CASE STILL SUSPENDED,Live/Pending,True,"042,045",False
31,EXACT,0,98162212,,VERITY,2023-09-01,733,verity,FOURTH EXTENSION - GRANTED,Live/Pending,True,009,False
31,EXACT,0,98977339,8154086,VERITY,2023-09-01,700,verity,REGISTERED,Live/Registered,True,"035,042",True
31,EXACT,0,98075213,7566958,VERITY,2023-07-07,700,verity,REGISTERED,Live/Registered,True,"006,011,021",True
31,EXACT,0,97521741,7311631,VERITY,2022-07-27,700,verity,REGISTERED,Live/Registered,True,042,False
31,EXACT,0,97477091,7311571,VERITY,2022-06-27,700,verity,REGISTERED,Live/Registered,True,009,False
31,EXACT,0,97264029,,VERITY,2022-02-11,654,verity,REPORT COMPLETED SUSPENSION CHECK - CASE STILL SUSPENDED,Live/Pending,True,"009,012,035,039,041,042",True
31,EXACT,0,97081313,6900397,VERITY,2021-10-19,700,verity,REGISTERED,Live/Registered,True,036,False
31,EXACT,0,97019986,6870197,VERITY,2021-09-09,700,verity,REGISTERED,Live/Registered,True,"009,041",False
31,EXACT,0,79314407,6805594,VERITY,2021-03-10,700,verity,REGISTERED,Live/Registered,True,009,False
31,EXACT,0,90478008,,VERITY,2021-01-20,654,verity,REPORT COMPLETED SUSPENSION CHECK - CASE STILL SUSPENDED,Live/Pending,True,"035,042",True
31,EXACT,0,88686084,6089520,VERITY,2019-11-08,702,verity,SECTION 8 & 15-ACCEPTED AND ACKNOWLEDGED,Live/Registered,True,"006,040",False
31,EXACT,0,88583388,6190989,VERITY,2019-08-19,700,verity,REGISTERED,Live/Registered,True,010,True
31,EXACT,0,88400241,,VERITY,2019-04-24,748,verity,STATEMENT OF USE - TO EXAMINER,Live/Pending,True,"035,036,042,044,045",True
31,EXACT,0,88209525,5804700,VERITY,2018-11-28,702,verity,SECTION 8 & 15-ACCEPTED AND ACKNOWLEDGED,Live/Registered,True,"035,042",True
31,EXACT,0,88202132,5945790,VERITY,2018-11-21,702,verity,SECTION 8 & 15-ACCEPTED AND ACKNOWLEDGED,Live/Registered,True,009,False
31,EXACT,0,87872263,6889835,VERITY,2018-04-11,700,verity,REGISTERED,Live/Registered,True,025,False
31,EXACT,0,87400862,5950545,VERITY,2017-04-06,700,verity,REGISTERED,Live/Registered,True,009,False
31,EXACT,0,87115702,6147671,VERITY,2016-07-25,700,verity,REGISTERED,Live/Registered,True,042,False
31,EXACT,0,86178413,4813709,VERITY,2014-01-29,800,verity,REGISTERED AND RENEWED,Live/Registered,True,009,False
31,EXACT,0,86083527,4672730,VERITY,2013-10-04,800,verity,REGISTERED AND RENEWED,Live/Registered,True,001,False
31,EXACT,0,85718606,4773254,VERITY,2012-08-31,800,verity,REGISTERED AND RENEWED,Live/Registered,True,"035,040,042",True
31,EXACT,0,77927140,3844770,VERITY,2010-02-03,800,verity,REGISTERED AND RENEWED,Live/Registered,True,042,False
31,EXACT,0,79010111,3218155,VERITY,2005-01-18,706,verity,SECTION 71 ACCEPTED,Live/Registered,True,028,False
31,EXACT,0,75333471,2193588,VERITY,1997-07-31,800,verity,REGISTERED AND RENEWED,Live/Registered,True,009,False
31,EXACT,0,75333472,2185883,VERITY,1997-07-31,800,verity,REGISTERED AND RENEWED,Live/Registered,True,009,False
31,EXACT,0,74562542,1915491,VERITY,1994-08-18,800,verity,REGISTERED AND RENEWED,Live/Registered,True,039,False
31,EXACT,0,90854238,,VERITY,2021-07-28,602,verity,ABANDONED-FAILURE TO RESPOND OR LATE RESPONSE,Dead/Abandoned,False,036,False
31,EXACT,0,90550838,,VERITY,2021-02-27,606,verity,ABANDONED - NO STATEMENT OF USE FILED,Dead/Abandoned,False,007,False
31,EXACT,0,90372538,,VERITY,2020-12-10,601,verity,ABANDONED - EXPRESS,Dead/Abandoned,False,"009,042",False
31,EXACT,0,88907597,,VERITY,2020-05-08,606,verity,ABANDONED - NO STATEMENT OF USE FILED,Dead/Abandoned,False,009,False
31,EXACT,0,88907598,,VERITY,2020-05-08,606,verity,ABANDONED - NO STATEMENT OF USE FILED,Dead/Abandoned,False,045,False
31,EXACT,0,88685831,,VERITY,2019-11-08,602,verity,ABANDONED-FAILURE TO RESPOND OR LATE RESPONSE,Dead/Abandoned,False,018,False
31,EXACT,0,88470219,,VERITY,2019-06-12,604,verity,ABANDONED - AFTER INTER-PARTES DECISION,Dead/Abandoned,False,,False
31,EXACT,0,88292651,,VERITY,2019-02-07,602,verity,ABANDONED-FAILURE TO RESPOND OR LATE RESPONSE,Dead/Abandoned,False,"029,031",False
31,EXACT,0,88038976,,VERITY,2018-07-16,603,verity,ABANDONED - AFTER EX PARTE APPEAL,Dead/Abandoned,False,009,False
31,EXACT,0,88020515,,VERITY,2018-06-29,606,verity,ABANDONED - NO STATEMENT OF USE FILED,Dead/Abandoned,False,012,False
31,EXACT,0,87786918,,VERITY,2018-02-06,604,verity,ABANDONED - AFTER INTER-PARTES DECISION,Dead/Abandoned,False,,False
31,EXACT,0,87500023,,VERITY,2017-06-21,605,verity,ABANDONED EXPRESS AFTER PUB,Dead/Abandoned,False,,False
31,EXACT,0,87977093,5477315,VERITY,2017-06-21,711,verity,CANCELLED - SECTION 7,Dead/Cancelled,False,,False
31,EXACT,0,87311024,,VERITY,2017-01-23,601,verity,ABANDONED - EXPRESS,Dead/Abandoned,False,035,True
31,EXACT,0,86566630,,VERITY,2015-03-17,606,verity,ABANDONED - NO STATEMENT OF USE FILED,Dead/Abandoned,False,025,False
31,EXACT,0,86280901,4705336,VERITY,2014-05-14,710,verity,CANCELLED - SECTION 8,Dead/Cancelled,False,,False
31,EXACT,0,85881560,,VERITY,2013-03-20,606,verity,ABANDONED - NO STATEMENT OF USE FILED,Dead/Abandoned,False,031,False
31,EXACT,0,85749199,,VERITY,2012-10-09,602,verity,ABANDONED-FAILURE TO RESPOND OR LATE RESPONSE,Dead/Abandoned,False,011,False
31,EXACT,0,85732462,,VERITY,2012-09-19,606,verity,ABANDONED - NO STATEMENT OF USE FILED,Dead/Abandoned,False,"019,027",False
31,EXACT,0,85718625,,V E R I T Y,2012-08-31,602,verity,ABANDONED-FAILURE TO RESPOND OR LATE RESPONSE,Dead/Abandoned,False,"035,040,042",True
31,EXACT,0,85980290,,V E R I T Y,2012-08-31,602,verity,ABANDONED-FAILURE TO RESPOND OR LATE RESPONSE,Dead/Abandoned,False,009,False
31,EXACT,0,85980895,,VERITY,2012-08-31,602,verity,ABANDONED-FAILURE TO RESPOND OR LATE RESPONSE,Dead/Abandoned,False,009,False
31,EXACT,0,85353506,,VERITY,2011-06-22,602,verity,ABANDONED-FAILURE TO RESPOND OR LATE RESPONSE,Dead/Abandoned,False,005,True
31,EXACT,0,85290692,,VERITY,2011-04-08,602,verity,ABANDONED-FAILURE TO RESPOND OR LATE RESPONSE,Dead/Abandoned,False,044,True
31,EXACT,0,85275288,4052558,VERITY+,2011-03-24,710,verity,CANCELLED - SECTION 8,Dead/Cancelled,False,,False
31,EXACT,0,85144596,4682321,VERITY,2010-10-04,710,verity,CANCELLED - SECTION 8,Dead/Cancelled,False,,False
31,EXACT,0,77888480,3821416,VERITY,2009-12-08,710,verity,CANCELLED - SECTION 8,Dead/Cancelled,False,,False
31,EXACT,0,77844605,3895094,VERITY,2009-10-08,710,verity,CANCELLED - SECTION 8,Dead/Cancelled,False,,False
31,EXACT,0,77844731,3771536,VERITY,2009-10-08,710,verity,CANCELLED - SECTION 8,Dead/Cancelled,False,,False
31,EXACT,0,77844769,3971303,VERITY,2009-10-08,710,verity,CANCELLED - SECTION 8,Dead/Cancelled,False,,False
31,EXACT,0,77708305,3782550,VERITY,2009-04-07,710,verity,CANCELLED - SECTION 8,Dead/Cancelled,False,,False
31,EXACT,0,77678271,3929095,VERITY,2009-02-25,710,verity,CANCELLED - SECTION 8,Dead/Cancelled,False,,False
31,EXACT,0,77596155,,VERITY,2008-10-20,602,verity,ABANDONED-FAILURE TO RESPOND OR LATE RESPONSE,Dead/Abandoned,False,"016,041",False
31,EXACT,0,79041141,,VERITY,2007-07-16,402,verity,IR CANCELLED; US APPLICATION ABANDONED,Dead/Abandoned,False,,False
31,EXACT,0,79041151,,VERITY,2007-07-16,602,verity,ABANDONED-FAILURE TO RESPOND OR LATE RESPONSE,Dead/Abandoned,False,"021,030,032",True
31,EXACT,0,78619622,3156852,VERITY,2005-04-29,710,verity,CANCELLED - SECTION 8,Dead/Cancelled,False,,False
31,EXACT,0,78391374,3133854,VERITY,2004-03-26,710,verity,CANCELLED - SECTION 8,Dead/Cancelled,False,,False
31,EXACT,0,78359203,2970249,VERITY,2004-01-29,710,verity,CANCELLED - SECTION 8,Dead/Cancelled,False,,False
31,EXACT,0,76329118,2795545,VERITY,2001-10-23,710,verity,CANCELLED - SECTION 8,Dead/Cancelled,False,,False
31,EXACT,0,76233387,2907491,VERITY,2001-03-30,710,verity,CANCELLED - SECTION 8,Dead/Cancelled,False,,False
31,EXACT,0,76233390,2907492,VERITY,2001-03-30,710,verity,CANCELLED - SECTION 8,Dead/Cancelled,False,,False
31,EXACT,0,76218866,2907488,VERITY,2001-03-02,710,verity,CANCELLED - SECTION 8,Dead/Cancelled,False,,False
31,EXACT,0,76218867,2907489,VERITY,2001-03-02,710,verity,CANCELLED - SECTION 8,Dead/Cancelled,False,,False
31,EXACT,0,76106774,2473704,VERITY,2000-08-08,710,verity,CANCELLED - SECTION 8,Dead/Cancelled,False,,False
31,EXACT,0,75724772,2709645,VERITY,1999-06-08,710,verity,CANCELLED - SECTION 8,Dead/Cancelled,False,,False
31,EXACT,0,75333469,,VERITY,1997-07-31,606,verity,ABANDONED - NO STATEMENT OF USE FILED,Dead/Abandoned,False,025,False
31,EXACT,0,75333470,,VERITY,1997-07-31,606,verity,ABANDONED - NO STATEMENT OF USE FILED,Dead/Abandoned,False,025,False
31,EXACT,0,75217215,,VERITY,1996-12-26,606,verity,ABANDONED - NO STATEMENT OF USE FILED,Dead/Abandoned,False,010,True
31,EXACT,0,74494802,,VERITY,1994-02-28,606,verity,ABANDONED - NO STATEMENT OF USE FILED,Dead/Abandoned,False,,False
31,EXACT,0,74310820,,VERITY,1992-09-03,606,verity,ABANDONED - NO STATEMENT OF USE FILED,Dead/Abandoned,False,,False
31,EXACT,0,74144518,1676988,VERITY,1991-03-01,710,verity,CANCELLED - SECTION 8,Dead/Cancelled,False,,False
31,EXACT,0,73813032,1582400,VERITY,1989-07-17,710,verity,CANCELLED - SECTION 8,Dead/Cancelled,False,,False
31,EXACT,0,73755060,1534493,VERITY,1988-09-28,710,verity,CANCELLED - SECTION 8,Dead/Cancelled,False,,False
31,EXACT,0,71545027,0533031,VERITY,1947-12-20,900,verity,EXPIRED,Dead/Expired,False,,False
31,NEAR_1_SUBSTITUTION,1,99793754,,VERIDY,2026-04-29,630,veridy,NEW APPLICATION - RECORD INITIALIZED NOT ASSIGNED TO EXAMINER,Live/Pending,True,035,True
31,NEAR_1_SUBSTITUTION,1,99609074,,VERITA,2026-01-22,686,verita,PUBLISHED FOR OPPOSITION,Live/Pending,True,001,False
31,NEAR_1_SUBSTITUTION,1,99528221,,VERIFY,2025-12-03,645,verify,FINAL REFUSAL - MAILED,Live/Pending,True,042,False
31,NEAR_1_DELETION,1,79435007,8209074,VERIT,2025-09-18,700,verit,REGISTERED,Live/Registered,True,010,True
31,NEAR_1_INSERTION,1,99265683,8135196,VERSITY,2025-07-03,700,versity,REGISTERED,Live/Registered,True,025,False
31,NEAR_1_SUBSTITUTION,1,99249454,,VERIFY,2025-06-24,641,verify,NON-FINAL ACTION - MAILED,Live/Pending,True,037,False
31,NEAR_1_SUBSTITUTION,1,99075742,8004534,VERITO,2025-03-10,700,verito,REGISTERED,Live/Registered,True,042,False
31,NEAR_1_SUBSTITUTION,1,98797422,,VERIFY,2024-10-11,645,verify,FINAL REFUSAL - MAILED,Live/Pending,True,042,False
31,NEAR_1_SUBSTITUTION,1,98786856,7849998,VERICY,2024-10-05,700,vericy,REGISTERED,Live/Registered,True,042,False
31,NEAR_1_SUBSTITUTION,1,98607292,,VERIFY,2024-06-18,731,verify,SECOND EXTENSION - GRANTED,Live/Pending,True,042,False
31,NEAR_1_SUBSTITUTION,1,98607298,,VERIFY,2024-06-18,731,verify,SECOND EXTENSION - GRANTED,Live/Pending,True,042,False
31,NEAR_1_SUBSTITUTION,1,98591365,,VERITA,2024-06-07,651,verita,SUSPENSION INQUIRY - MAILED,Live/Pending,True,"042,045",False
31,NEAR_1_SUBSTITUTION,1,98498952,7652791,VERIFY,2024-04-13,700,verify,REGISTERED,Live/Registered,True,036,False
31,NEAR_1_SUBSTITUTION,1,98340891,,VERIFY,2024-01-03,732,verify,THIRD EXTENSION - GRANTED,Live/Pending,True,042,False
31,NEAR_1_SUBSTITUTION,1,98340892,,VERIFY,2024-01-03,732,verify,THIRD EXTENSION - GRANTED,Live/Pending,True,042,False
31,NEAR_1_SUBSTITUTION,1,98220903,7961619,VERIFY,2023-10-12,700,verify,REGISTERED,Live/Registered,True,005,True
31,NEAR_1_SUBSTITUTION,1,98170803,8026965,VERITA,2023-09-08,700,verita,REGISTERED,Live/Registered,True,036,False
31,NEAR_1_SUBSTITUTION,1,79382769,7953927,A·ERITY,2023-07-07,700,aerity,REGISTERED,Live/Registered,True,"007,009,011,035",True
31,NEAR_1_SUBSTITUTION,1,97701149,,VERITA,2022-12-02,645,verita,FINAL REFUSAL - MAILED,Live/Pending,True,036,False
31,NEAR_1_SUBSTITUTION,1,97518946,7342678,VERTTY,2022-07-25,700,vertty,REGISTERED,Live/Registered,True,003,True
31,NEAR_1_SUBSTITUTION,1,97454915,,VERITI,2022-06-13,654,veriti,REPORT COMPLETED SUSPENSION CHECK - CASE STILL SUSPENDED,Live/Pending,True,"009,042",False
31,NEAR_1_SUBSTITUTION,1,97452399,7119723,VERIFY,2022-06-10,700,verify,REGISTERED,Live/Registered,True,041,False
31,NEAR_1_SUBSTITUTION,1,97452403,7119724,VERIFY,2022-06-10,700,verify,REGISTERED,Live/Registered,True,041,False
31,NEAR_1_SUBSTITUTION,1,79344054,7362004,LERITY,2022-06-07,700,lerity,REGISTERED,Live/Registered,True,"009,042,045",False
31,NEAR_1_SUBSTITUTION,1,79339061,7209428,VERI-TE,2022-02-10,700,verite,REGISTERED,Live/Registered,True,"001,005",True
31,NEAR_1_SUBSTITUTION,1,97245935,7158881,VERITE,2022-01-31,700,verite,REGISTERED,Live/Registered,True,"035,036,042",True
31,NEAR_1_SUBSTITUTION,1,97095076,6895015,VERITÀ,2021-10-27,700,verita,REGISTERED,Live/Registered,True,"037,038",False
31,NEAR_1_SUBSTITUTION,1,79322836,6951941,VERI-TE,2021-07-06,700,verite,REGISTERED,Live/Registered,True,"001,005",True
31,NEAR_1_INSERTION,1,79331510,7077530,VERCITY,2021-06-01,700,vercity,REGISTERED,Live/Registered,True,"035,036,042,045",True
31,NEAR_1_SUBSTITUTION,1,90222458,7062585,MERITY,2020-09-29,700,merity,REGISTERED,Live/Registered,True,041,False
31,NEAR_1_INSERTION,1,90022663,6405080,V VERITY,2020-06-26,700,vverity,REGISTERED,Live/Registered,True,003,True
31,NEAR_1_INSERTION,1,88830455,6412372,VERSITY,2020-03-11,700,versity,REGISTERED,Live/Registered,True,001,False
31,NEAR_1_SUBSTITUTION,1,88466703,5948788,VERIFY,2019-06-10,700,verify,REGISTERED,Live/Registered,True,021,True
31,NEAR_1_INSERTION,1,88202178,5945791,V VERITY,2018-11-21,702,vverity,SECTION 8 & 15-ACCEPTED AND ACKNOWLEDGED,Live/Registered,True,009,False
31,NEAR_1_SUBSTITUTION,1,88124403,6337585,VERIFY,2018-09-20,700,verify,REGISTERED,Live/Registered,True,003,True
31,NEAR_1_SUBSTITUTION,1,88097906,6548030,VERITÉ,2018-08-29,700,verite,REGISTERED,Live/Registered,True,029,False
31,NEAR_1_SUBSTITUTION,1,87911648,5875175,CERITY,2018-05-08,702,cerity,SECTION 8 & 15-ACCEPTED AND ACKNOWLEDGED,Live/Registered,True,"036,038,042",False
31,NEAR_1_SUBSTITUTION,1,87837630,6200840,VERITX,2018-03-16,700,veritx,REGISTERED,Live/Registered,True,035,True
31,NEAR_1_INSERTION,1,87828120,5915626,VERSITY,2018-03-09,702,versity,SECTION 8 & 15-ACCEPTED AND ACKNOWLEDGED,Live/Registered,True,009,False
31,NEAR_1_SUBSTITUTION,1,87632690,5640476,VERI-TE,2017-10-03,702,verite,SECTION 8 & 15-ACCEPTED AND ACKNOWLEDGED,Live/Registered,True,"001,005",True
31,NEAR_1_INSERTION,1,87523072,5571697,VERSITY,2017-07-11,701,versity,SECTION 8-ACCEPTED,Live/Registered,True,005,True
31,NEAR_1_SUBSTITUTION,1,87418607,5854155,VERITO,2017-04-20,701,verito,SECTION 8-ACCEPTED,Live/Registered,True,042,False
31,NEAR_1_SUBSTITUTION,1,87397310,5314030,VERIFY,2017-04-04,701,verify,SECTION 8-ACCEPTED,Live/Registered,True,035,True
31,NEAR_1_SUBSTITUTION,1,87975746,5428571,VERIFY,2017-04-04,702,verify,SECTION 8 & 15-ACCEPTED AND ACKNOWLEDGED,Live/Registered,True,045,False
31,NEAR_1_SUBSTITUTION,1,87350655,5439487,VERIFY,2017-02-27,702,verify,SECTION 8 & 15-ACCEPTED AND ACKNOWLEDGED,Live/Registered,True,"001,005",True
31,NEAR_1_SUBSTITUTION,1,87170872,5198893,VERIFY,2016-09-14,702,verify,SECTION 8 & 15-ACCEPTED AND ACKNOWLEDGED,Live/Registered,True,042,False
31,NEAR_1_SUBSTITUTION,1,87093289,5413654,VERIFY,2016-07-05,702,verify,SECTION 8 & 15-ACCEPTED AND ACKNOWLEDGED,Live/Registered,True,041,False
31,NEAR_1_SUBSTITUTION,1,86877315,6315810,VERILY,2016-01-15,700,verily,REGISTERED,Live/Registered,True,"009,010,016,035,037,038,042,044",True
31,NEAR_1_SUBSTITUTION,1,86719749,5908355,VERIFY,2015-08-10,702,verify,SECTION 8 & 15-ACCEPTED AND ACKNOWLEDGED,Live/Registered,True,005,True
31,NEAR_1_SUBSTITUTION,1,86596005,4962678,VÉRITÉ,2015-04-13,800,verite,REGISTERED AND RENEWED,Live/Registered,True,033,False
31,NEAR_1_SUBSTITUTION,1,86558882,5101025,VERITÉ,2015-03-10,704,verite,PARTIAL SECTION 8 ACCEPTED,Live/Registered,True,002,False
31,NEAR_1_SUBSTITUTION,1,86344662,4933209,VÉRITÉ,2014-07-22,800,verite,REGISTERED AND RENEWED,Live/Registered,True,041,False
31,NEAR_1_SUBSTITUTION,1,86345049,4918904,VÉRITÉ,2014-07-22,800,verite,REGISTERED AND RENEWED,Live/Registered,True,043,False
31,NEAR_1_SUBSTITUTION,1,86275988,4715047,VÉRITÉ,2014-05-08,800,verite,REGISTERED AND RENEWED,Live/Registered,True,"035,042",True
31,NEAR_1_INSERTION,1,85726459,4905410,VERSITY,2012-09-11,800,versity,REGISTERED AND RENEWED,Live/Registered,True,009,False
31,NEAR_1_INSERTION,1,85726463,4526477,VERSITY,2012-09-11,800,versity,REGISTERED AND RENEWED,Live/Registered,True,042,False
31,NEAR_1_SUBSTITUTION,1,85555637,4221570,VERIFY,2012-02-28,800,verify,REGISTERED AND RENEWED,Live/Registered,True,035,True
31,NEAR_1_SUBSTITUTION,1,85546404,4209905,VERIFY,2012-02-17,800,verify,REGISTERED AND RENEWED,Live/Registered,True,035,True
31,NEAR_1_DELETION,1,85362016,4053260,VERIT,2011-07-01,800,verit,REGISTERED AND RENEWED,Live/Registered,True,036,False
31,NEAR_1_SUBSTITUTION,1,85333700,4641501,VERIFY,2011-05-31,800,verify,REGISTERED AND RENEWED,Live/Registered,True,010,True
31,NEAR_1_SUBSTITUTION,1,85085081,4016995,VERIFY,2010-07-15,800,verify,REGISTERED AND RENEWED,Live/Registered,True,042,False
31,NEAR_1_SUBSTITUTION,1,77537604,3638088,VERIFY,2008-08-01,800,verify,REGISTERED AND RENEWED,Live/Registered,True,042,False
31,NEAR_1_SUBSTITUTION,1,78946610,3486513,VERITI,2006-08-07,800,veriti,REGISTERED AND RENEWED,Live/Registered,True,009,False
31,NEAR_1_SUBSTITUTION,1,78623811,3732804,VERIFY,2005-05-05,800,verify,REGISTERED AND RENEWED,Live/Registered,True,001,False
31,NEAR_1_SUBSTITUTION,1,76394617,3143836,VERITÉ,2002-04-11,800,verite,REGISTERED AND RENEWED,Live/Registered,True,"035,041",True
31,NEAR_1_SUBSTITUTION,1,76287749,2604450,VERITE,2001-07-19,800,verite,REGISTERED AND RENEWED,Live/Registered,True,033,False
31,NEAR_1_SUBSTITUTION,1,75251527,2481086,VERIFY,1997-03-04,800,verify,REGISTERED AND RENEWED,Live/Registered,True,"001,009",False
31,NEAR_1_SUBSTITUTION,1,74531580,1995962,VERITE,1994-05-27,800,verite,REGISTERED AND RENEWED,Live/Registered,True,003,True
31,NEAR_1_SUBSTITUTION,1,79406721,,VERITA,2024-06-21,602,verita,ABANDONED-FAILURE TO RESPOND OR LATE RESPONSE,Dead/Abandoned,False,021,True
31,NEAR_1_SUBSTITUTION,1,98427259,,VERITÀ,2024-02-29,602,verita,ABANDONED-FAILURE TO RESPOND OR LATE RESPONSE,Dead/Abandoned,False,033,False
31,NEAR_1_SUBSTITUTION,1,98416406,,VERILY,2024-02-22,605,verily,ABANDONED EXPRESS AFTER PUB,Dead/Abandoned,False,,False
31,NEAR_1_SUBSTITUTION,1,98186856,,VERILY,2023-09-19,606,verily,ABANDONED - NO STATEMENT OF USE FILED,Dead/Abandoned,False,"009,016,030",False
31,NEAR_1_SUBSTITUTION,1,97855380,,VERILY,2023-03-24,602,verily,ABANDONED-FAILURE TO RESPOND OR LATE RESPONSE,Dead/Abandoned,False,045,False
31,NEAR_1_SUBSTITUTION,1,97361880,,VERIFY,2022-04-13,602,verify,ABANDONED-FAILURE TO RESPOND OR LATE RESPONSE,Dead/Abandoned,False,"001,005",True
31,NEAR_1_SUBSTITUTION,1,97049182,,VERITA,2021-09-28,602,verita,ABANDONED-FAILURE TO RESPOND OR LATE RESPONSE,Dead/Abandoned,False,029,False
31,NEAR_1_SUBSTITUTION,1,97023492,,VERIFY@,2021-09-12,606,verify,ABANDONED - NO STATEMENT OF USE FILED,Dead/Abandoned,False,042,False
31,NEAR_1_SUBSTITUTION,1,90896682,,VENITY,2021-08-23,606,venity,ABANDONED - NO STATEMENT OF USE FILED,Dead/Abandoned,False,035,True
31,NEAR_1_SUBSTITUTION,1,90887947,,VERILY,2021-08-17,602,verily,ABANDONED-FAILURE TO RESPOND OR LATE RESPONSE,Dead/Abandoned,False,018,False
31,NEAR_1_SUBSTITUTION,1,88503872,,VERIFY,2019-07-08,606,verify,ABANDONED - NO STATEMENT OF USE FILED,Dead/Abandoned,False,042,False
31,NEAR_1_SUBSTITUTION,1,88285557,,VERITA,2019-02-01,600,verita,ABANDONED - INCOMPLETE RESPONSE,Dead/Abandoned,False,003,True
31,NEAR_1_SUBSTITUTION,1,88124406,,VERIFY,2018-09-20,602,verify,ABANDONED-FAILURE TO RESPOND OR LATE RESPONSE,Dead/Abandoned,False,035,True
31,NEAR_1_SUBSTITUTION,1,87932940,,CERITY,2018-05-23,601,cerity,ABANDONED - EXPRESS,Dead/Abandoned,False,"035,036",True
31,NEAR_1_INSERTION,1,87928578,5779076,VERSITY,2018-05-19,710,versity,CANCELLED - SECTION 8,Dead/Cancelled,False,,False
31,NEAR_1_DELETION,1,87778643,,VRITY,2018-01-31,602,vrity,ABANDONED-FAILURE TO RESPOND OR LATE RESPONSE,Dead/Abandoned,False,009,False
31,NEAR_1_SUBSTITUTION,1,87718394,,VERITA,2017-12-12,602,verita,ABANDONED-FAILURE TO RESPOND OR LATE RESPONSE,Dead/Abandoned,False,044,True
31,NEAR_1_SUBSTITUTION,1,87483837,,VERIFY,2017-06-12,602,verify,ABANDONED-FAILURE TO RESPOND OR LATE RESPONSE,Dead/Abandoned,False,009,False
31,NEAR_1_SUBSTITUTION,1,87417025,5389934,VERIF-Y,2017-04-19,710,verify,CANCELLED - SECTION 8,Dead/Cancelled,False,,False
31,NEAR_1_SUBSTITUTION,1,87397306,,VERIFY,2017-04-04,606,verify,ABANDONED - NO STATEMENT OF USE FILED,Dead/Abandoned,False,035,True
31,NEAR_1_SUBSTITUTION,1,87975745,,VERIFY,2017-04-04,606,verify,ABANDONED - NO STATEMENT OF USE FILED,Dead/Abandoned,False,045,False
31,NEAR_1_DELETION,1,87396142,5625100,VERTY,2017-04-03,710,verty,CANCELLED - SECTION 8,Dead/Cancelled,False,,False
31,NEAR_1_SUBSTITUTION,1,87252391,,VÉRITÉ,2016-11-30,606,verite,ABANDONED - NO STATEMENT OF USE FILED,Dead/Abandoned,False,020,False
31,NEAR_1_INSERTION,1,87204555,,VERSITY,2016-10-15,604,versity,ABANDONED - AFTER INTER-PARTES DECISION,Dead/Abandoned,False,,False
31,NEAR_1_DELETION,1,87073279,,ERITY,2016-06-16,602,erity,ABANDONED-FAILURE TO RESPOND OR LATE RESPONSE,Dead/Abandoned,False,009,False
31,NEAR_1_SUBSTITUTION,1,86660999,,VERIFY,2015-06-12,601,verify,ABANDONED - EXPRESS,Dead/Abandoned,False,042,False
31,NEAR_1_SUBSTITUTION,1,86564835,4844797,VERIFY,2015-03-16,710,verify,CANCELLED - SECTION 8,Dead/Cancelled,False,,False
31,NEAR_1_INSERTION,1,86332004,,VERSITY,2014-07-09,606,versity,ABANDONED - NO STATEMENT OF USE FILED,Dead/Abandoned,False,019,False
31,NEAR_1_SUBSTITUTION,1,86328942,4682124,VERTTY,2014-07-04,710,vertty,CANCELLED - SECTION 8,Dead/Cancelled,False,,False
31,NEAR_1_SUBSTITUTION,1,86275971,4715046,VÉRITÉ,2014-05-08,710,verite,CANCELLED - SECTION 8,Dead/Cancelled,False,,False
31,NEAR_1_SUBSTITUTION,1,86122510,4563567,VORITY,2013-11-19,710,vority,CANCELLED - SECTION 8,Dead/Cancelled,False,,False
31,NEAR_1_SUBSTITUTION,1,86106942,,VELITY,2013-10-31,602,velity,ABANDONED-FAILURE TO RESPOND OR LATE RESPONSE,Dead/Abandoned,False,035,True
31,NEAR_1_SUBSTITUTION,1,85879276,4476216,VÉRITÉ,2013-03-18,710,verite,CANCELLED - SECTION 8,Dead/Cancelled,False,,False
31,NEAR_1_SUBSTITUTION,1,85838225,,VERIFY,2013-02-01,606,verify,ABANDONED - NO STATEMENT OF USE FILED,Dead/Abandoned,False,042,False
31,NEAR_1_INSERTION,1,85688347,,VERITYL,2012-07-27,606,verityl,ABANDONED - NO STATEMENT OF USE FILED,Dead/Abandoned,False,001,False
31,NEAR_1_SUBSTITUTION,1,85541794,4927717,VERIFY,2012-02-14,710,verify,CANCELLED - SECTION 8,Dead/Cancelled,False,,False
31,NEAR_1_DELETION,1,85362062,4053261,VERIT,2011-07-01,710,verit,CANCELLED - SECTION 8,Dead/Cancelled,False,,False
31,NEAR_1_SUBSTITUTION,1,85083884,,VERITO,2010-07-13,602,verito,ABANDONED-FAILURE TO RESPOND OR LATE RESPONSE,Dead/Abandoned,False,009,False
31,NEAR_1_SUBSTITUTION,1,85083888,,VERITO,2010-07-13,606,verito,ABANDONED - NO STATEMENT OF USE FILED,Dead/Abandoned,False,035,True
31,NEAR_1_SUBSTITUTION,1,85083890,,VERITO,2010-07-13,602,verito,ABANDONED-FAILURE TO RESPOND OR LATE RESPONSE,Dead/Abandoned,False,009,False
31,NEAR_1_SUBSTITUTION,1,85083892,,VERITO,2010-07-13,602,verito,ABANDONED-FAILURE TO RESPOND OR LATE RESPONSE,Dead/Abandoned,False,035,True
31,NEAR_1_SUBSTITUTION,1,85027989,3907146,VERIFY,2010-04-30,710,verify,CANCELLED - SECTION 8,Dead/Cancelled,False,,False
31,NEAR_1_SUBSTITUTION,1,77638986,3700254,VERIFY,2008-12-23,710,verify,CANCELLED - SECTION 8,Dead/Cancelled,False,,False
31,NEAR_1_INSERTION,1,77610972,,VERITYL,2008-11-10,606,verityl,ABANDONED - NO STATEMENT OF USE FILED,Dead/Abandoned,False,001,False
31,NEAR_1_SUBSTITUTION,1,79059642,3708848,VÉRITÉ,2008-09-23,404,verite,IR CANCELLED; US REGISTRATION CANCELLED,Dead/Cancelled,False,,False
31,NEAR_1_SUBSTITUTION,1,77536866,,VERITA,2008-08-01,602,verita,ABANDONED-FAILURE TO RESPOND OR LATE RESPONSE,Dead/Abandoned,False,014,False
31,NEAR_1_SUBSTITUTION,1,77416044,,SERITY,2008-03-07,602,serity,ABANDONED-FAILURE TO RESPOND OR LATE RESPONSE,Dead/Abandoned,False,003,True
31,NEAR_1_SUBSTITUTION,1,77166983,3719018,VERIFY,2007-04-26,710,verify,CANCELLED - SECTION 8,Dead/Cancelled,False,,False
31,NEAR_1_INSERTION,1,77048051,,VERSITY,2006-11-20,606,versity,ABANDONED - NO STATEMENT OF USE FILED,Dead/Abandoned,False,"009,016,035,038,041,042",True
31,NEAR_1_SUBSTITUTION,1,77010758,3271036,FERITY,2006-09-29,710,ferity,CANCELLED - SECTION 8,Dead/Cancelled,False,,False
31,NEAR_1_SUBSTITUTION,1,77010108,,VÉRITÉ,2006-09-28,602,verite,ABANDONED-FAILURE TO RESPOND OR LATE RESPONSE,Dead/Abandoned,False,009,False
31,NEAR_1_SUBSTITUTION,1,78906232,3610475,VERIGY,2006-06-12,710,verigy,CANCELLED - SECTION 8,Dead/Cancelled,False,,False
31,NEAR_1_SUBSTITUTION,1,78906256,3610476,VERIGY,2006-06-12,710,verigy,CANCELLED - SECTION 8,Dead/Cancelled,False,,False
31,NEAR_1_SUBSTITUTION,1,78906269,3514289,VERIGY,2006-06-12,710,verigy,CANCELLED - SECTION 8,Dead/Cancelled,False,,False
31,NEAR_1_SUBSTITUTION,1,78867974,,VERIFY,2006-04-24,602,verify,ABANDONED-FAILURE TO RESPOND OR LATE RESPONSE,Dead/Abandoned,False,009,False
31,NEAR_1_SUBSTITUTION,1,78774177,,SERITY,2005-12-15,606,serity,ABANDONED - NO STATEMENT OF USE FILED,Dead/Abandoned,False,005,True
31,NEAR_1_INSERTION,1,78596024,3132247,AVERITY,2005-03-28,710,averity,CANCELLED - SECTION 8,Dead/Cancelled,False,,False
31,NEAR_1_SUBSTITUTION,1,78461337,,VÉRITÉ,2004-08-03,602,verite,ABANDONED-FAILURE TO RESPOND OR LATE RESPONSE,Dead/Abandoned,False,025,False
31,NEAR_1_SUBSTITUTION,1,78442045,3116041,VÉRITÉ,2004-06-28,710,verite,CANCELLED - SECTION 8,Dead/Cancelled,False,,False
31,NEAR_1_SUBSTITUTION,1,78375806,,VERIFY,2004-02-27,604,verify,ABANDONED - AFTER INTER-PARTES DECISION,Dead/Abandoned,False,,False
31,NEAR_1_SUBSTITUTION,1,78366567,,VERITE,2004-02-11,602,verite,ABANDONED-FAILURE TO RESPOND OR LATE RESPONSE,Dead/Abandoned,False,029,False
31,NEAR_1_SUBSTITUTION,1,78355275,,VERITE,2004-01-21,602,verite,ABANDONED-FAILURE TO RESPOND OR LATE RESPONSE,Dead/Abandoned,False,029,False
31,NEAR_1_SUBSTITUTION,1,78244885,2877347,VERITA,2003-05-02,710,verita,CANCELLED - SECTION 8,Dead/Cancelled,False,,False
31,NEAR_1_SUBSTITUTION,1,78144828,,VERITE,2002-07-17,601,verite,ABANDONED - EXPRESS,Dead/Abandoned,False,019,False
31,NEAR_1_SUBSTITUTION,1,76226977,2745900,VERITA,2001-03-16,710,verita,CANCELLED - SECTION 8,Dead/Cancelled,False,,False
31,NEAR_1_SUBSTITUTION,1,76219214,,VERITE,2001-03-05,601,verite,ABANDONED - EXPRESS,Dead/Abandoned,False,014,False
31,NEAR_1_SUBSTITUTION,1,76181102,,LERITY,2000-12-14,606,lerity,ABANDONED - NO STATEMENT OF USE FILED,Dead/Abandoned,False,005,True
31,NEAR_1_INSERTION,1,76181109,,EVERITY,2000-12-14,606,everity,ABANDONED - NO STATEMENT OF USE FILED,Dead/Abandoned,False,005,True
31,NEAR_1_INSERTION,1,75881974,2469176,IVERITY,1999-12-27,710,iverity,CANCELLED - SECTION 8,Dead/Cancelled,False,,False
31,NEAR_1_SUBSTITUTION,1,75825856,2632317,CERITY,1999-10-18,710,cerity,CANCELLED - SECTION 8,Dead/Cancelled,False,,False
31,NEAR_1_INSERTION,1,75665042,2526473,VERSITY,1999-03-22,710,versity,CANCELLED - SECTION 8,Dead/Cancelled,False,,False
31,NEAR_1_SUBSTITUTION,1,75582766,,VERIFY,1998-11-04,602,verify,ABANDONED-FAILURE TO RESPOND OR LATE RESPONSE,Dead/Abandoned,False,009,False
31,NEAR_1_SUBSTITUTION,1,75476235,2360885,VERIFY,1998-04-29,710,verify,CANCELLED - SECTION 8,Dead/Cancelled,False,,False
31,NEAR_1_SUBSTITUTION,1,75424794,,VARITY,1998-01-28,601,varity,ABANDONED - EXPRESS,Dead/Abandoned,False,"009,016,042",False
31,NEAR_1_SUBSTITUTION,1,75424988,,VARITY,1998-01-28,602,varity,ABANDONED-FAILURE TO RESPOND OR LATE RESPONSE,Dead/Abandoned,False,"006,007,011,012,035,037,041",True
31,NEAR_1_SUBSTITUTION,1,75098500,,VERIFY,1996-05-03,602,verify,ABANDONED-FAILURE TO RESPOND OR LATE RESPONSE,Dead/Abandoned,False,,False
31,NEAR_1_SUBSTITUTION,1,74720332,2094108,VERIFY!,1995-08-14,710,verify,CANCELLED - SECTION 8,Dead/Cancelled,False,,False
31,NEAR_1_SUBSTITUTION,1,74712212,,VERITE,1995-08-07,601,verite,ABANDONED - EXPRESS,Dead/Abandoned,False,009,False
31,NEAR_1_SUBSTITUTION,1,74689902,,VERITE,1995-06-16,602,verite,ABANDONED-FAILURE TO RESPOND OR LATE RESPONSE,Dead/Abandoned,False,,False
31,NEAR_1_INSERTION,1,74569363,,VERSITY,1994-09-02,602,versity,ABANDONED-FAILURE TO RESPOND OR LATE RESPONSE,Dead/Abandoned,False,,False
31,NEAR_1_SUBSTITUTION,1,74489037,,VERIFY,1994-02-14,606,verify,ABANDONED - NO STATEMENT OF USE FILED,Dead/Abandoned,False,,False
31,NEAR_1_SUBSTITUTION,1,74489039,,VERIFY,1994-02-14,601,verify,ABANDONED - EXPRESS,Dead/Abandoned,False,,False
31,NEAR_1_SUBSTITUTION,1,74413600,1881373,VERIFY,1993-07-16,710,verify,CANCELLED - SECTION 8,Dead/Cancelled,False,,False
31,NEAR_1_SUBSTITUTION,1,74262888,,VERIFY,1992-04-06,602,verify,ABANDONED-FAILURE TO RESPOND OR LATE RESPONSE,Dead/Abandoned,False,,False
31,NEAR_1_SUBSTITUTION,1,74217524,1714913,FERITY,1991-10-31,710,ferity,CANCELLED - SECTION 8,Dead/Cancelled,False,,False
31,NEAR_1_SUBSTITUTION,1,74070551,,VERITE,1990-06-18,606,verite,ABANDONED - NO STATEMENT OF USE FILED,Dead/Abandoned,False,,False
31,NEAR_1_SUBSTITUTION,1,73662799,,VERITE',1987-05-26,602,verite,ABANDONED-FAILURE TO RESPOND OR LATE RESPONSE,Dead/Abandoned,False,,False
31,NEAR_1_SUBSTITUTION,1,73639066,,VARITY,1987-01-09,602,varity,ABANDONED-FAILURE TO RESPOND OR LATE RESPONSE,Dead/Abandoned,False,,False
31,NEAR_1_SUBSTITUTION,1,73551296,1474626,VERIFY,1985-08-01,710,verify,CANCELLED - SECTION 8,Dead/Cancelled,False,,False
31,NEAR_1_SUBSTITUTION,1,73478475,1351151,VERIFY,1984-05-03,710,verify,CANCELLED - SECTION 8,Dead/Cancelled,False,,False
31,NEAR_1_SUBSTITUTION,1,73475518,1326027,VERITE,1984-04-16,710,verite,CANCELLED - SECTION 8,Dead/Cancelled,False,,False
31,NEAR_1_SUBSTITUTION,1,73452089,1318528,VERIFY,1983-11-10,710,verify,CANCELLED - SECTION 8,Dead/Cancelled,False,,False
31,NEAR_1_DELETION,1,73436505,1290817,VERIT,1983-07-27,710,verit,CANCELLED - SECTION 8,Dead/Cancelled,False,,False
31,NEAR_1_SUBSTITUTION,1,73351288,1305725,GERITY,1982-02-22,710,gerity,CANCELLED - SECTION 8,Dead/Cancelled,False,,False
31,NEAR_1_SUBSTITUTION,1,73342747,1264626,VERITE,1981-12-21,710,verite,CANCELLED - SECTION 8,Dead/Cancelled,False,,False
31,NEAR_1_SUBSTITUTION,1,72317448,0879467,GERITY,1969-01-24,900,gerity,EXPIRED,Dead/Expired,False,,False
31,NEAR_1_SUBSTITUTION,1,72291014,0853017,VERIFY,1968-02-14,900,verify,EXPIRED,Dead/Expired,False,,False
31,NEAR_1_SUBSTITUTION,1,72119656,0729444,VERITE,1961-05-09,710,verite,CANCELLED - SECTION 8,Dead/Cancelled,False,,False
32,EXACT,0,99267438,,TRUFORM,2025-07-03,661,truform,RESPONSE AFTER NON-FINAL ACTION - ENTERED,Live/Pending,True,"024,025",False
32,EXACT,0,98612589,8062233,TRUFORM,2024-06-21,700,truform,REGISTERED,Live/Registered,True,006,False
32,EXACT,0,97880077,,TRUFORM,2023-04-10,733,truform,FOURTH EXTENSION - GRANTED,Live/Pending,True,021,True
32,EXACT,0,90315295,6448076,TRUFORM,2020-11-12,700,truform,REGISTERED,Live/Registered,True,010,True
32,EXACT,0,88777590,6323569,TRUFORM,2020-01-29,700,truform,REGISTERED,Live/Registered,True,007,False
32,EXACT,0,88221734,5794313,TRUFORM,2018-12-07,702,truform,SECTION 8 & 15-ACCEPTED AND ACKNOWLEDGED,Live/Registered,True,009,False
32,EXACT,0,87818955,6029755,TRÜFORM,2018-03-03,701,truform,SECTION 8-ACCEPTED,Live/Registered,True,012,False
32,EXACT,0,86598429,4999536,TRUFORM,2015-04-15,702,truform,SECTION 8 & 15-ACCEPTED AND ACKNOWLEDGED,Live/Registered,True,"005,010",True
32,EXACT,0,76694733,3656266,TRU-FORM,2008-12-10,800,truform,REGISTERED AND RENEWED,Live/Registered,True,017,False
32,EXACT,0,74673212,2017039,TRUFORM,1995-05-11,800,truform,REGISTERED AND RENEWED,Live/Registered,True,002,False
32,EXACT,0,74510419,1959633,TRUFORM,1994-04-07,800,truform,REGISTERED AND RENEWED,Live/Registered,True,010,True
32,EXACT,0,72210640,0806593,TRU-FORM,1965-01-26,800,truform,REGISTERED AND RENEWED,Live/Registered,True,019,False
32,EXACT,0,99216912,,TRUFORM,2025-06-04,602,truform,ABANDONED-FAILURE TO RESPOND OR LATE RESPONSE,Dead/Abandoned,False,"005,044",True
32,EXACT,0,98512016,,TRUFORM,2024-04-22,600,truform,ABANDONED - INCOMPLETE RESPONSE,Dead/Abandoned,False,020,False
32,EXACT,0,97381782,,TRUFORM,2022-04-26,602,truform,ABANDONED-FAILURE TO RESPOND OR LATE RESPONSE,Dead/Abandoned,False,"009,042",False
32,EXACT,0,87378527,,TRUFORM,2017-03-20,606,truform,ABANDONED - NO STATEMENT OF USE FILED,Dead/Abandoned,False,"006,012",False
32,EXACT,0,86942041,5341505,TRUFORM,2016-03-16,710,truform,CANCELLED - SECTION 8,Dead/Cancelled,False,,False
32,EXACT,0,86509066,4803470,TRUFORM,2015-01-21,710,truform,CANCELLED - SECTION 8,Dead/Cancelled,False,,False
32,EXACT,0,86268504,,TRUFORM,2014-05-01,601,truform,ABANDONED - EXPRESS,Dead/Abandoned,False,019,False
32,EXACT,0,86266291,,TRUFORM,2014-04-29,606,truform,ABANDONED - NO STATEMENT OF USE FILED,Dead/Abandoned,False,010,True
32,EXACT,0,86232422,4769834,TRU:FORM,2014-03-26,710,truform,CANCELLED - SECTION 8,Dead/Cancelled,False,,False
32,EXACT,0,85786803,4412255,TRUFORM,2012-11-26,710,truform,CANCELLED - SECTION 8,Dead/Cancelled,False,,False
32,EXACT,0,85488700,,TRUFORM,2011-12-06,605,truform,ABANDONED EXPRESS AFTER PUB,Dead/Abandoned,False,,False
32,EXACT,0,85224493,4055357,TRUFORM,2011-01-24,710,truform,CANCELLED - SECTION 8,Dead/Cancelled,False,,False
32,EXACT,0,85163446,4196620,TRUFORM,2010-10-28,710,truform,CANCELLED - SECTION 8,Dead/Cancelled,False,,False
32,EXACT,0,76700574,4139288,TRUFORM,2009-11-27,710,truform,CANCELLED - SECTION 8,Dead/Cancelled,False,,False
32,EXACT,0,77820593,4161582,TRUFORM,2009-09-04,710,truform,CANCELLED - SECTION 8,Dead/Cancelled,False,,False
32,EXACT,0,77672950,,TRUFORM,2009-02-18,605,truform,ABANDONED EXPRESS AFTER PUB,Dead/Abandoned,False,,False
32,EXACT,0,77474411,,TRUFORM,2008-05-14,605,truform,ABANDONED EXPRESS AFTER PUB,Dead/Abandoned,False,,False
32,EXACT,0,78772703,,TRUFORM,2005-12-13,606,truform,ABANDONED - NO STATEMENT OF USE FILED,Dead/Abandoned,False,028,False
32,EXACT,0,79030854,3376199,TRUFORM,2005-10-25,404,truform,IR CANCELLED; US REGISTRATION CANCELLED,Dead/Cancelled,False,,False
32,EXACT,0,76639239,3190550,TRUFORM,2005-05-23,710,truform,CANCELLED - SECTION 8,Dead/Cancelled,False,,False
32,EXACT,0,78299947,,TRUFORM,2003-09-12,606,truform,ABANDONED - NO STATEMENT OF USE FILED,Dead/Abandoned,False,040,False
32,EXACT,0,76429859,,TRUFORM,2002-07-12,601,truform,ABANDONED - EXPRESS,Dead/Abandoned,False,005,True
32,EXACT,0,76230176,2703080,TRUFORM,2001-03-26,710,truform,CANCELLED - SECTION 8,Dead/Cancelled,False,,False
32,EXACT,0,75052424,2090002,TRUFORM,1996-02-02,710,truform,CANCELLED - SECTION 8,Dead/Cancelled,False,,False
32,EXACT,0,74672988,2058078,TRUFORM,1995-05-15,710,truform,CANCELLED - SECTION 8,Dead/Cancelled,False,,False
32,EXACT,0,74378297,1867617,TRU-FORM,1993-04-09,710,truform,CANCELLED - SECTION 8,Dead/Cancelled,False,,False
32,EXACT,0,74094796,1693013,TRUFORM,1990-09-07,710,truform,CANCELLED - SECTION 8,Dead/Cancelled,False,,False
32,EXACT,0,73555306,1388034,TRU-FORM,1985-08-26,710,truform,CANCELLED - SECTION 8,Dead/Cancelled,False,,False
32,EXACT,0,73471687,1534142,TRU-FORM,1984-03-22,710,truform,CANCELLED - SECTION 8,Dead/Cancelled,False,,False
32,EXACT,0,72411978,0966143,TRU-FORM,1972-01-07,713,truform,CANCELLED - SECTION 18,Dead/Cancelled,False,,False
32,EXACT,0,72376385,0978693,TRUFORM,1970-11-17,900,truform,EXPIRED,Dead/Expired,False,,False
32,EXACT,0,72350864,0919316,TRUFORM,1970-02-09,900,truform,EXPIRED,Dead/Expired,False,,False
32,EXACT,0,72247697,0831409,TRU-FORM,1966-06-09,900,truform,EXPIRED,Dead/Expired,False,,False
32,EXACT,0,72173062,0784670,TRU-FORM,1963-07-15,900,truform,EXPIRED,Dead/Expired,False,,False
32,EXACT,0,72125656,0733050,TRU-FORM,1961-08-09,900,truform,EXPIRED,Dead/Expired,False,,False
32,EXACT,0,81014681,1014681,TRU-FORM,,710,truform,CANCELLED - SECTION 8,Dead/Cancelled,False,,False
32,NEAR_1_INSERTION,1,99909854,,TRUEFORM,2026-06-27,630,trueform,NEW APPLICATION - RECORD INITIALIZED NOT ASSIGNED TO EXAMINER,Live/Pending,True,041,False
32,NEAR_1_INSERTION,1,99883869,,TRUEFORM,2026-06-14,630,trueform,NEW APPLICATION - RECORD INITIALIZED NOT ASSIGNED TO EXAMINER,Live/Pending,True,005,True
32,NEAR_1_INSERTION,1,99867280,,TRUEFORM,2026-06-05,630,trueform,NEW APPLICATION - RECORD INITIALIZED NOT ASSIGNED TO EXAMINER,Live/Pending,True,016,False
32,NEAR_1_SUBSTITUTION,1,99679104,,TRUFARM,2026-03-02,653,trufarm,SUSPENSION LETTER - MAILED,Live/Pending,True,032,False
32,NEAR_1_INSERTION,1,79446820,,TRUEFORM,2026-01-21,640,trueform,NON-FINAL ACTION COUNTED - NOT MAILED,Live/Pending,True,042,False
32,NEAR_1_INSERTION,1,99347755,,XTRUFORM,2025-08-20,688,xtruform,NOTICE OF ALLOWANCE - ISSUED,Live/Pending,True,007,False
32,NEAR_1_SUBSTITUTION,1,99290763,,TRIFORM,2025-07-18,688,triform,NOTICE OF ALLOWANCE - ISSUED,Live/Pending,True,010,True
32,NEAR_1_SUBSTITUTION,1,99235550,,TRIFORM,2025-06-16,807,triform,SU - NON-FINAL ACTION - MAILED,Live/Pending,True,005,True
32,NEAR_1_INSERTION,1,98700618,8113487,TRUE FORM,2024-08-15,700,trueform,REGISTERED,Live/Registered,True,025,False
32,NEAR_1_SUBSTITUTION,1,98407933,7609798,TRI-FORM,2024-02-16,700,triform,REGISTERED,Live/Registered,True,005,True
32,NEAR_1_INSERTION,1,98376721,7676035,TRUFORMA,2024-01-26,700,truforma,REGISTERED,Live/Registered,True,"005,010",True
32,NEAR_1_SUBSTITUTION,1,98331071,8254713,TRUFOAM,2023-12-26,700,trufoam,REGISTERED,Live/Registered,True,028,False
32,NEAR_1_SUBSTITUTION,1,97803570,7490081,TRUFOAM+,2023-02-21,700,trufoam,REGISTERED,Live/Registered,True,025,False
32,NEAR_1_SUBSTITUTION,1,97533798,7422933,TRUFIRM +,2022-08-03,700,trufirm,REGISTERED,Live/Registered,True,"003,005",True
32,NEAR_1_SUBSTITUTION,1,90551226,7225256,TRUFOAM,2021-02-28,700,trufoam,REGISTERED,Live/Registered,True,025,False
32,NEAR_1_INSERTION,1,90236621,6424174,TRUE FORM,2020-10-05,700,trueform,REGISTERED,Live/Registered,True,005,True
32,NEAR_1_INSERTION,1,88697820,6120679,TRUEFORM,2019-11-19,702,trueform,SECTION 8 & 15-ACCEPTED AND ACKNOWLEDGED,Live/Registered,True,020,False
32,NEAR_1_INSERTION,1,88610993,6212321,TRUFORMA,2019-09-10,700,truforma,REGISTERED,Live/Registered,True,"005,010",True
32,NEAR_1_INSERTION,1,88609139,6196559,TRUEFORM,2019-09-09,700,trueform,REGISTERED,Live/Registered,True,"009,010",True
32,NEAR_1_INSERTION,1,87420855,5499097,TRUE FORM,2017-04-21,702,trueform,SECTION 8 & 15-ACCEPTED AND ACKNOWLEDGED,Live/Registered,True,010,True
32,NEAR_1_INSERTION,1,87366240,6273024,TRUEFORM,2017-03-10,700,trueform,REGISTERED,Live/Registered,True,042,False
32,NEAR_1_SUBSTITUTION,1,86347535,5064722,TRUFIRM,2014-07-24,702,trufirm,SECTION 8 & 15-ACCEPTED AND ACKNOWLEDGED,Live/Registered,True,"003,005",True
32,NEAR_1_INSERTION,1,85629792,4351460,TRUEFORM,2012-05-18,800,trueform,REGISTERED AND RENEWED,Live/Registered,True,009,False
32,NEAR_1_INSERTION,1,85628134,4271745,TRUEFORM,2012-05-17,800,trueform,REGISTERED AND RENEWED,Live/Registered,True,"035,037,040",True
32,NEAR_1_SUBSTITUTION,1,85051500,4696127,TRI-FORM,2010-06-01,800,triform,REGISTERED AND RENEWED,Live/Registered,True,003,True
32,NEAR_1_SUBSTITUTION,1,77719293,3714748,TRUFIRM,2009-04-22,800,trufirm,REGISTERED AND RENEWED,Live/Registered,True,009,False
32,NEAR_1_SUBSTITUTION,1,77558724,3800300,TRIFORM,2008-08-29,800,triform,REGISTERED AND RENEWED,Live/Registered,True,007,False
32,NEAR_1_INSERTION,1,77489525,3772445,TRUEFORM,2008-06-03,800,trueform,REGISTERED AND RENEWED,Live/Registered,True,019,False
32,NEAR_1_SUBSTITUTION,1,75286513,2202640,TRUFOAM,1997-05-05,800,trufoam,REGISTERED AND RENEWED,Live/Registered,True,007,False
32,NEAR_1_SUBSTITUTION,1,97815298,,TRIFORM,2023-02-28,602,triform,ABANDONED-FAILURE TO RESPOND OR LATE RESPONSE,Dead/Abandoned,False,028,False
32,NEAR_1_SUBSTITUTION,1,97487798,7288703,TRUFARM,2022-07-04,713,trufarm,CANCELLED - SECTION 18,Dead/Cancelled,False,,False
32,NEAR_1_INSERTION,1,88349256,,TRUFORMA,2019-03-20,605,truforma,ABANDONED EXPRESS AFTER PUB,Dead/Abandoned,False,,False
32,NEAR_1_INSERTION,1,79234913,,TRUE FORM,2018-05-18,602,trueform,ABANDONED-FAILURE TO RESPOND OR LATE RESPONSE,Dead/Abandoned,False,025,False
32,NEAR_1_INSERTION,1,87892584,5627131,TRU2FORM,2018-04-25,710,tru2form,CANCELLED - SECTION 8,Dead/Cancelled,False,,False
32,NEAR_1_INSERTION,1,87641266,,TRUEFORM,2017-10-11,602,trueform,ABANDONED-FAILURE TO RESPOND OR LATE RESPONSE,Dead/Abandoned,False,010,True
32,NEAR_1_INSERTION,1,87592028,5618607,TRUEFORM,2017-08-31,710,trueform,CANCELLED - SECTION 8,Dead/Cancelled,False,,False
32,NEAR_1_INSERTION,1,87366247,5656470,TRUEFORM,2017-03-10,710,trueform,CANCELLED - SECTION 8,Dead/Cancelled,False,,False
32,NEAR_1_SUBSTITUTION,1,86504686,4886879,TRUFORA,2015-01-15,710,trufora,CANCELLED - SECTION 8,Dead/Cancelled,False,,False
32,NEAR_1_SUBSTITUTION,1,86146366,4800423,TRUFORA,2013-12-17,710,trufora,CANCELLED - SECTION 8,Dead/Cancelled,False,,False
32,NEAR_1_SUBSTITUTION,1,85738776,4541535,TRIFORM,2012-09-26,710,triform,CANCELLED - SECTION 8,Dead/Cancelled,False,,False
32,NEAR_1_INSERTION,1,85533441,4332727,TRUE FORM,2012-02-03,710,trueform,CANCELLED - SECTION 8,Dead/Cancelled,False,,False
32,NEAR_1_SUBSTITUTION,1,85980468,4456679,TRI-FORM,2010-06-01,710,triform,CANCELLED - SECTION 8,Dead/Cancelled,False,,False
32,NEAR_1_SUBSTITUTION,1,77740503,3935001,TRI FORM,2009-05-19,710,triform,CANCELLED - SECTION 8,Dead/Cancelled,False,,False
32,NEAR_1_SUBSTITUTION,1,77157491,,TRIFORM,2007-04-16,606,triform,ABANDONED - NO STATEMENT OF USE FILED,Dead/Abandoned,False,010,True
32,NEAR_1_INSERTION,1,78543894,3419868,TRUEFORM,2005-01-07,710,trueform,CANCELLED - SECTION 8,Dead/Cancelled,False,,False
32,NEAR_1_SUBSTITUTION,1,78114067,,TRAFORM,2002-03-11,602,traform,ABANDONED-FAILURE TO RESPOND OR LATE RESPONSE,Dead/Abandoned,False,005,True
32,NEAR_1_SUBSTITUTION,1,76184155,2679762,TRUFOAM,2000-12-20,710,trufoam,CANCELLED - SECTION 8,Dead/Cancelled,False,,False
32,NEAR_1_INSERTION,1,78018556,,TRUE FORM,2000-07-27,602,trueform,ABANDONED-FAILURE TO RESPOND OR LATE RESPONSE,Dead/Abandoned,False,006,False
32,NEAR_1_SUBSTITUTION,1,76066804,,TRIFORM,2000-06-09,602,triform,ABANDONED-FAILURE TO RESPOND OR LATE RESPONSE,Dead/Abandoned,False,006,False
32,NEAR_1_SUBSTITUTION,1,75603568,2457964,TRIFORM,1998-12-11,710,triform,CANCELLED - SECTION 8,Dead/Cancelled,False,,False
32,NEAR_1_INSERTION,1,75116180,2101084,TRUEFORM,1996-06-05,710,trueform,CANCELLED - SECTION 8,Dead/Cancelled,False,,False
32,NEAR_1_SUBSTITUTION,1,74628141,2112637,TRUFERM,1995-02-01,710,truferm,CANCELLED - SECTION 8,Dead/Cancelled,False,,False
32,NEAR_1_INSERTION,1,73804175,1577556,TRUE FORM,1989-06-01,710,trueform,CANCELLED - SECTION 8,Dead/Cancelled,False,,False
32,NEAR_1_SUBSTITUTION,1,73694779,1500208,CRU-FORM,1987-11-10,710,cruform,CANCELLED - SECTION 8,Dead/Cancelled,False,,False
32,NEAR_1_SUBSTITUTION,1,73607620,1455334,TREFORM,1986-07-03,710,treform,CANCELLED - SECTION 8,Dead/Cancelled,False,,False
32,NEAR_1_INSERTION,1,73393663,1263539,TRUEFORM,1982-09-29,710,trueform,CANCELLED - SECTION 8,Dead/Cancelled,False,,False
32,NEAR_1_SUBSTITUTION,1,73237109,1248271,TRIFORM,1979-10-29,710,triform,CANCELLED - SECTION 8,Dead/Cancelled,False,,False
32,NEAR_1_SUBSTITUTION,1,72133506,0746081,TROFORM,1961-12-06,900,troform,EXPIRED,Dead/Expired,False,,False
32,NEAR_1_SUBSTITUTION,1,72026813,0654593,TRIFORM,1957-03-25,900,triform,EXPIRED,Dead/Expired,False,,False
32,NEAR_1_INSERTION,1,71188871,0186657,TRUE FORM,1923-11-24,710,trueform,CANCELLED - SECTION 8,Dead/Cancelled,False,,False
33,NEAR_1_SUBSTITUTION,1,99907371,,TRUEU,2026-06-26,630,trueu,NEW APPLICATION - RECORD INITIALIZED NOT ASSIGNED TO EXAMINER,Live/Pending,True,042,False
33,NEAR_1_SUBSTITUTION,1,99845058,,TRUEO,2026-05-26,630,trueo,NEW APPLICATION - RECORD INITIALIZED NOT ASSIGNED TO EXAMINER,Live/Pending,True,042,False
33,NEAR_1_DELETION,1,99846668,,TRUE,2026-05-26,630,true,NEW APPLICATION - RECORD INITIALIZED NOT ASSIGNED TO EXAMINER,Live/Pending,True,028,False
33,NEAR_1_DELETION,1,99811667,,TRUE,2026-05-08,630,true,NEW APPLICATION - RECORD INITIALIZED NOT ASSIGNED TO EXAMINER,Live/Pending,True,"005,032",True
33,NEAR_1_SUBSTITUTION,1,99663036,,TRUED,2026-02-20,686,trued,PUBLISHED FOR OPPOSITION,Live/Pending,True,"035,042",True
33,NEAR_1_DELETION,1,99615527,,TRUE,2026-01-26,641,true,NON-FINAL ACTION - MAILED,Live/Pending,True,"025,028",False
33,NEAR_1_DELETION,1,99479921,,TRUE,2025-11-05,686,true,PUBLISHED FOR OPPOSITION,Live/Pending,True,009,False
33,NEAR_1_DELETION,1,99432290,,TRUE,2025-10-08,688,true,NOTICE OF ALLOWANCE - ISSUED,Live/Pending,True,009,False
33,NEAR_1_INSERTION,1,99287123,,TRUE RX+,2025-07-16,688,truerx,NOTICE OF ALLOWANCE - ISSUED,Live/Pending,True,"009,042",False
33,NEAR_1_INSERTION,1,99167318,8085232,TRUE RX,2025-05-02,700,truerx,REGISTERED,Live/Registered,True,005,True
33,NEAR_1_SUBSTITUTION,1,99111515,,TRUEQ,2025-03-30,686,trueq,PUBLISHED FOR OPPOSITION,Live/Pending,True,042,False
33,NEAR_1_INSERTION,1,99062089,,TRAUER,2025-02-28,688,trauer,NOTICE OF ALLOWANCE - ISSUED,Live/Pending,True,003,True
33,NEAR_1_SUBSTITUTION,1,98782805,,TRKER,2024-10-02,654,trker,REPORT COMPLETED SUSPENSION CHECK - CASE STILL SUSPENDED,Live/Pending,True,028,False
33,NEAR_1_SUBSTITUTION,1,98778945,,TRKER,2024-09-30,653,trker,SUSPENSION LETTER - MAILED,Live/Pending,True,012,False
33,NEAR_1_DELETION,1,98602181,7847629,TRUE.,2024-06-14,700,true,REGISTERED,Live/Registered,True,025,False
33,NEAR_1_INSERTION,1,98526907,8064679,TRUPER,2024-04-30,700,truper,REGISTERED,Live/Registered,True,035,True
33,NEAR_1_INSERTION,1,98458862,7924642,TRUE RX,2024-03-20,700,truerx,REGISTERED,Live/Registered,True,036,False
33,NEAR_1_DELETION,1,98358568,,TRUE,2024-01-16,686,true,PUBLISHED FOR OPPOSITION,Live/Pending,True,009,False
33,NEAR_1_SUBSTITUTION,1,98350900,,TRU-AR,2024-01-10,807,truar,SU - NON-FINAL ACTION - MAILED,Live/Pending,True,017,False
33,NEAR_1_SUBSTITUTION,1,98350908,,TRU-AR,2024-01-10,807,truar,SU - NON-FINAL ACTION - MAILED,Live/Pending,True,019,False
33,NEAR_1_SUBSTITUTION,1,98350924,,TRU-AR,2024-01-10,807,truar,SU - NON-FINAL ACTION - MAILED,Live/Pending,True,021,True
33,NEAR_1_INSERTION,1,98321904,,TRUEFR,2023-12-19,732,truefr,THIRD EXTENSION - GRANTED,Live/Pending,True,001,False
33,NEAR_1_DELETION,1,97898829,7411896,TRUE,2023-04-20,700,true,REGISTERED,Live/Registered,True,"025,035",True
33,NEAR_1_SUBSTITUTION,1,97781663,,TRUE 7,2023-02-06,630,true7,NEW APPLICATION - RECORD INITIALIZED NOT ASSIGNED TO EXAMINER,Live/Pending,True,021,True
33,NEAR_1_DELETION,1,97690204,7254455,TRUE,2022-11-23,700,true,REGISTERED,Live/Registered,True,"005,035",True
33,NEAR_1_DELETION,1,97690261,7254457,TRUE,2022-11-23,700,true,REGISTERED,Live/Registered,True,"018,021,024,025",True
33,NEAR_1_DELETION,1,97549117,7163847,TRUE,2022-08-15,700,true,REGISTERED,Live/Registered,True,011,False
33,NEAR_1_DELETION,1,97549218,,T.R.U.E.,2022-08-15,654,true,REPORT COMPLETED SUSPENSION CHECK - CASE STILL SUSPENDED,Live/Pending,True,041,False
33,NEAR_1_DELETION,1,97363944,7066736,TRUE,2022-04-14,700,true,REGISTERED,Live/Registered,True,042,False
33,NEAR_1_DELETION,1,97364301,7747071,TRUE,2022-04-14,700,true,REGISTERED,Live/Registered,True,028,False
33,NEAR_1_DELETION,1,97980070,7845105,TRUE,2022-04-14,700,true,REGISTERED,Live/Registered,True,025,False
33,NEAR_1_DELETION,1,97357143,7116870,TRUE,2022-04-11,700,true,REGISTERED,Live/Registered,True,"009,042",False
33,NEAR_1_DELETION,1,97351051,7116861,TRUE,2022-04-07,700,true,REGISTERED,Live/Registered,True,"009,042",False
33,NEAR_1_DELETION,1,97312535,7030255,TRUE,2022-03-15,700,true,REGISTERED,Live/Registered,True,033,False
33,NEAR_1_DELETION,1,97253629,6974277,TRUE,2022-02-04,700,true,REGISTERED,Live/Registered,True,035,True
33,NEAR_1_SUBSTITUTION,1,97021927,7094561,TRUE V,2021-09-10,700,truev,REGISTERED,Live/Registered,True,"029,030,035",True
33,NEAR_1_SUBSTITUTION,1,90766329,7219341,TRUE X,2021-06-10,700,truex,REGISTERED,Live/Registered,True,009,False
33,NEAR_1_DELETION,1,79316842,7416076,TRUE +,2021-04-28,700,true,REGISTERED,Live/Registered,True,"009,035,038,042,044",True
33,NEAR_1_DELETION,1,79325272,7077448,TRUE,2021-04-19,700,true,REGISTERED,Live/Registered,True,003,True
33,NEAR_1_SUBSTITUTION,1,90533391,7778757,TRUEQ,2021-02-18,700,trueq,REGISTERED,Live/Registered,True,009,False
33,NEAR_1_DELETION,1,90534260,,TRUE,2021-02-18,731,true,SECOND EXTENSION - GRANTED,Live/Pending,True,036,False
33,NEAR_1_SUBSTITUTION,1,90286910,6460149,BRUER,2020-10-29,700,bruer,REGISTERED,Live/Registered,True,"011,016,021",True
33,NEAR_1_SUBSTITUTION,1,90113482,6307855,TRUEY,2020-08-14,700,truey,REGISTERED,Live/Registered,True,008,False
33,NEAR_1_SUBSTITUTION,1,90041448,6761234,TRUEX,2020-07-08,700,truex,REGISTERED,Live/Registered,True,012,False
33,NEAR_1_INSERTION,1,90040160,6429849,TRUERA,2020-07-07,700,truera,REGISTERED,Live/Registered,True,"009,042",False
33,NEAR_1_SUBSTITUTION,1,88957494,6366000,TRUHR,2020-06-10,700,truhr,REGISTERED,Live/Registered,True,042,False
33,NEAR_1_DELETION,1,88917958,6247602,TRU-R,2020-05-15,702,trur,SECTION 8 & 15-ACCEPTED AND ACKNOWLEDGED,Live/Registered,True,017,False
33,NEAR_1_DELETION,1,88895363,6247545,TRU-R,2020-04-30,702,trur,SECTION 8 & 15-ACCEPTED AND ACKNOWLEDGED,Live/Registered,True,017,False
33,NEAR_1_DELETION,1,88874408,8098139,TRUE,2020-04-16,700,true,REGISTERED,Live/Registered,True,009,False
33,NEAR_1_DELETION,1,88598380,6811057,TRUE,2019-08-29,700,true,REGISTERED,Live/Registered,True,"008,014",False
33,NEAR_1_DELETION,1,88598390,6302166,TRUE,2019-08-29,700,true,REGISTERED,Live/Registered,True,016,False
33,NEAR_1_DELETION,1,88983221,6662276,TRUE,2019-08-29,700,true,REGISTERED,Live/Registered,True,"011,034",False
33,NEAR_1_INSERTION,1,88542707,5983479,TRUKER,2019-07-28,700,truker,REGISTERED,Live/Registered,True,020,False
33,NEAR_1_DELETION,1,88464721,6051280,TRUE,2019-06-07,701,true,SECTION 8-ACCEPTED,Live/Registered,True,025,False
33,NEAR_1_SUBSTITUTION,1,88427796,5946366,TRUEX,2019-05-13,700,truex,REGISTERED,Live/Registered,True,028,False
33,NEAR_1_DELETION,1,88290032,5981024,TRUE,2019-02-05,700,true,REGISTERED,Live/Registered,True,"041,042",False
33,NEAR_1_DELETION,1,88290039,5981025,TRUE,2019-02-05,702,true,SECTION 8 & 15-ACCEPTED AND ACKNOWLEDGED,Live/Registered,True,"041,042",False
33,NEAR_1_DELETION,1,88239475,6009030,TRUE,2018-12-21,702,true,SECTION 8 & 15-ACCEPTED AND ACKNOWLEDGED,Live/Registered,True,028,False
33,NEAR_1_SUBSTITUTION,1,88058158,5848767,TRUEQ,2018-07-30,702,trueq,SECTION 8 & 15-ACCEPTED AND ACKNOWLEDGED,Live/Registered,True,"009,042",False
33,NEAR_1_DELETION,1,88039241,5680625,TRUE,2018-07-16,701,true,SECTION 8-ACCEPTED,Live/Registered,True,043,False
33,NEAR_1_SUBSTITUTION,1,88031744,6059388,TRU-EO,2018-07-10,700,trueo,REGISTERED,Live/Registered,True,005,True
33,NEAR_1_DELETION,1,88015242,6153821,TRUE,2018-06-26,700,true,REGISTERED,Live/Registered,True,"022,035",True
33,NEAR_1_DELETION,1,87868901,5586260,TRUE,2018-04-09,702,true,SECTION 8 & 15-ACCEPTED AND ACKNOWLEDGED,Live/Registered,True,028,False
33,NEAR_1_DELETION,1,87868984,5601287,TRUE,2018-04-09,702,true,SECTION 8 & 15-ACCEPTED AND ACKNOWLEDGED,Live/Registered,True,"018,028",False
33,NEAR_1_SUBSTITUTION,1,87635398,5464552,TRUEX,2017-10-05,702,truex,SECTION 8 & 15-ACCEPTED AND ACKNOWLEDGED,Live/Registered,True,"006,040",False
33,NEAR_1_SUBSTITUTION,1,87607092,5448027,TRNER,2017-09-13,702,trner,SECTION 8 & 15-ACCEPTED AND ACKNOWLEDGED,Live/Registered,True,007,False
33,NEAR_1_DELETION,1,87470554,5704005,TRUE,2017-05-31,702,true,SECTION 8 & 15-ACCEPTED AND ACKNOWLEDGED,Live/Registered,True,"003,040",True
33,NEAR_1_DELETION,1,86907056,5048888,TRUE,2016-02-12,702,true,SECTION 8 & 15-ACCEPTED AND ACKNOWLEDGED,Live/Registered,True,035,True
33,NEAR_1_DELETION,1,86822179,6033949,TRUE,2015-11-16,702,true,SECTION 8 & 15-ACCEPTED AND ACKNOWLEDGED,Live/Registered,True,029,False
33,NEAR_1_DELETION,1,86984457,5984638,TRUE,2015-11-16,700,true,REGISTERED,Live/Registered,True,029,False
33,NEAR_1_SUBSTITUTION,1,86665001,4889342,TRUE 2,2015-06-17,800,true2,REGISTERED AND RENEWED,Live/Registered,True,014,False
33,NEAR_1_DELETION,1,86607968,5078829,TRUE,2015-04-23,702,true,SECTION 8 & 15-ACCEPTED AND ACKNOWLEDGED,Live/Registered,True,041,False
33,NEAR_1_DELETION,1,86513539,5911467,TRUE,2015-01-25,705,true,PARTIAL SECTION 8 & 15 ACCEPTED AND ACKNOWLEDGED,Live/Registered,True,005,True
33,NEAR_1_SUBSTITUTION,1,86487018,4906082,TRUEQ,2014-12-19,702,trueq,SECTION 8 & 15-ACCEPTED AND ACKNOWLEDGED,Live/Registered,True,"001,019",False
33,NEAR_1_DELETION,1,86454061,4891442,TRUE,2014-11-13,800,true,REGISTERED AND RENEWED,Live/Registered,True,025,False
33,NEAR_1_INSERTION,1,86287331,4663511,TRUPER,2014-05-21,800,truper,REGISTERED AND RENEWED,Live/Registered,True,025,False
33,NEAR_1_SUBSTITUTION,1,86160055,4551937,TRUED,2014-01-08,800,trued,REGISTERED AND RENEWED,Live/Registered,True,041,False
33,NEAR_1_INSERTION,1,86126948,4709199,TRUEIR,2013-11-22,800,trueir,REGISTERED AND RENEWED,Live/Registered,True,009,False
33,NEAR_1_SUBSTITUTION,1,86122462,4685738,TRUE U,2013-11-19,800,trueu,REGISTERED AND RENEWED,Live/Registered,True,035,True
33,NEAR_1_DELETION,1,86072131,4521846,TRUE,2013-09-23,800,true,REGISTERED AND RENEWED,Live/Registered,True,010,True
33,NEAR_1_DELETION,1,85919073,4902240,TRUE,2013-04-30,800,true,REGISTERED AND RENEWED,Live/Registered,True,045,False
33,NEAR_1_DELETION,1,85679502,4409630,TRUE,2012-07-17,800,true,REGISTERED AND RENEWED,Live/Registered,True,025,False
33,NEAR_1_SUBSTITUTION,1,85630617,4234225,TRU DR,2012-05-21,800,trudr,REGISTERED AND RENEWED,Live/Registered,True,010,True
33,NEAR_1_SUBSTITUTION,1,85568150,4233530,TRUEU,2012-03-13,800,trueu,REGISTERED AND RENEWED,Live/Registered,True,009,False
33,NEAR_1_SUBSTITUTION,1,85568174,4233532,TRUEU,2012-03-13,800,trueu,REGISTERED AND RENEWED,Live/Registered,True,016,False
33,NEAR_1_SUBSTITUTION,1,85458735,4212870,TRUDR,2011-10-28,800,trudr,REGISTERED AND RENEWED,Live/Registered,True,009,False
33,NEAR_1_DELETION,1,85199121,4199262,TRUE,2010-12-16,800,true,REGISTERED AND RENEWED,Live/Registered,True,005,True
33,NEAR_1_SUBSTITUTION,1,85068578,3914231,TRUE1,2010-06-22,800,true1,REGISTERED AND RENEWED,Live/Registered,True,009,False
33,NEAR_1_DELETION,1,85051094,3904209,TRUE,2010-05-31,800,true,REGISTERED AND RENEWED,Live/Registered,True,007,False
33,NEAR_1_DELETION,1,77935879,3948976,TRUE,2010-02-15,800,true,REGISTERED AND RENEWED,Live/Registered,True,"035,036,042",True
33,NEAR_1_SUBSTITUTION,1,79078719,3995769,TAUER,2009-11-30,706,tauer,SECTION 71 ACCEPTED,Live/Registered,True,003,True
33,NEAR_1_DELETION,1,77795733,4125845,TRUE,2009-08-03,800,true,REGISTERED AND RENEWED,Live/Registered,True,019,False
33,NEAR_1_DELETION,1,77764076,3857880,TRUE#,2009-06-19,800,true,REGISTERED AND RENEWED,Live/Registered,True,042,False
33,NEAR_1_DELETION,1,77671334,3769973,TRUE,2009-02-16,800,true,REGISTERED AND RENEWED,Live/Registered,True,034,False
33,NEAR_1_DELETION,1,77654707,3703458,TRUE,2009-01-22,800,true,REGISTERED AND RENEWED,Live/Registered,True,011,False
33,NEAR_1_SUBSTITUTION,1,77521927,3700028,TRUE Q,2008-07-14,800,trueq,REGISTERED AND RENEWED,Live/Registered,True,009,False
33,NEAR_1_DELETION,1,77460269,4250324,TRUE.,2008-04-29,800,true,REGISTERED AND RENEWED,Live/Registered,True,024,False
33,NEAR_1_DELETION,1,77459892,4154306,TRUE.,2008-04-28,800,true,REGISTERED AND RENEWED,Live/Registered,True,024,False
33,NEAR_1_DELETION,1,77338949,4045662,TRUE,2007-11-28,800,true,REGISTERED AND RENEWED,Live/Registered,True,024,False
33,NEAR_1_SUBSTITUTION,1,77328611,3491762,TRUE-Q,2007-11-13,800,trueq,REGISTERED AND RENEWED,Live/Registered,True,009,False
33,NEAR_1_DELETION,1,77117505,3347142,TRUE,2007-02-27,800,true,REGISTERED AND RENEWED,Live/Registered,True,035,True
33,NEAR_1_DELETION,1,78862057,3337086,TRUE,2006-04-14,800,true,REGISTERED AND RENEWED,Live/Registered,True,001,False
33,NEAR_1_DELETION,1,78674158,3120080,TRUE,2005-07-20,800,true,REGISTERED AND RENEWED,Live/Registered,True,011,False
33,NEAR_1_DELETION,1,78660602,3100771,TRUE,2005-06-29,800,true,REGISTERED AND RENEWED,Live/Registered,True,011,False
33,NEAR_1_DELETION,1,78324681,2941769,TRUE,2003-11-07,800,true,REGISTERED AND RENEWED,Live/Registered,True,028,False
33,NEAR_1_DELETION,1,76472027,2811580,TRUE,2002-11-19,800,true,REGISTERED AND RENEWED,Live/Registered,True,020,False
33,NEAR_1_SUBSTITUTION,1,76440181,2835206,TRUE-2,2002-08-14,800,true2,REGISTERED AND RENEWED,Live/Registered,True,009,False
33,NEAR_1_INSERTION,1,76167864,2549608,TRUPER,2000-11-20,800,truper,REGISTERED AND RENEWED,Live/Registered,True,010,True
33,NEAR_1_DELETION,1,75328558,2309659,TRUE,1997-07-22,800,true,REGISTERED AND RENEWED,Live/Registered,True,003,True
33,NEAR_1_DELETION,1,73636657,1448722,TRUE,1986-12-22,800,true,REGISTERED AND RENEWED,Live/Registered,True,028,False
33,NEAR_1_DELETION,1,73534621,1434970,TRUE,1985-04-29,800,true,REGISTERED AND RENEWED,Live/Registered,True,"039,042",False
33,NEAR_1_DELETION,1,73275222,1198609,TRUE,1980-08-22,800,true,REGISTERED AND RENEWED,Live/Registered,True,012,False
33,NEAR_1_INSERTION,1,73120568,1107752,TRUPER,1977-03-28,800,truper,REGISTERED AND RENEWED,Live/Registered,True,"006,008,012",False
33,NEAR_1_DELETION,1,72136509,0753313,TRUE,1962-01-24,800,true,REGISTERED AND RENEWED,Live/Registered,True,011,False
33,NEAR_1_SUBSTITUTION,1,98962313,,TRUE2          .,2025-01-14,602,true2,ABANDONED-FAILURE TO RESPOND OR LATE RESPONSE,Dead/Abandoned,False,025,False
33,NEAR_1_DELETION,1,98306693,,TRUE,2023-12-09,602,true,ABANDONED-FAILURE TO RESPOND OR LATE RESPONSE,Dead/Abandoned,False,011,False
33,NEAR_1_SUBSTITUTION,1,98228768,,TRUEK,2023-10-18,606,truek,ABANDONED - NO STATEMENT OF USE FILED,Dead/Abandoned,False,"021,024",True
33,NEAR_1_DELETION,1,98210201,,TRUE,2023-10-04,606,true,ABANDONED - NO STATEMENT OF USE FILED,Dead/Abandoned,False,017,False
33,NEAR_1_INSERTION,1,98169181,,TRUE RX,2023-09-07,606,truerx,ABANDONED - NO STATEMENT OF USE FILED,Dead/Abandoned,False,005,True
33,NEAR_1_DELETION,1,98165861,,TRUE,2023-09-05,602,true,ABANDONED-FAILURE TO RESPOND OR LATE RESPONSE,Dead/Abandoned,False,007,False
33,NEAR_1_DELETION,1,98161001,,TRUE,2023-09-01,602,true,ABANDONED-FAILURE TO RESPOND OR LATE RESPONSE,Dead/Abandoned,False,011,False
33,NEAR_1_DELETION,1,97526532,,TRUE,2022-07-29,602,true,ABANDONED-FAILURE TO RESPOND OR LATE RESPONSE,Dead/Abandoned,False,009,False
33,NEAR_1_DELETION,1,79360619,,TRUE,2022-07-16,602,true,ABANDONED-FAILURE TO RESPOND OR LATE RESPONSE,Dead/Abandoned,False,"020,042",False
33,NEAR_1_DELETION,1,97363101,,T.R.U.E.,2022-04-14,602,true,ABANDONED-FAILURE TO RESPOND OR LATE RESPONSE,Dead/Abandoned,False,035,True
33,NEAR_1_DELETION,1,97364302,,TRUE,2022-04-14,606,true,ABANDONED - NO STATEMENT OF USE FILED,Dead/Abandoned,False,025,False
33,NEAR_1_DELETION,1,97341266,,TRUE,2022-03-31,602,true,ABANDONED-FAILURE TO RESPOND OR LATE RESPONSE,Dead/Abandoned,False,"009,036,042",False
33,NEAR_1_SUBSTITUTION,1,97312317,,TRUE3,2022-03-15,606,true3,ABANDONED - NO STATEMENT OF USE FILED,Dead/Abandoned,False,"001,005,022,023,024,031",True
33,NEAR_1_TRANSPOSITION,1,97068770,,TURER,2021-10-11,606,turer,ABANDONED - NO STATEMENT OF USE FILED,Dead/Abandoned,False,"009,025,035",True
33,NEAR_1_SUBSTITUTION,1,97030928,,TRUE U,2021-09-16,602,trueu,ABANDONED-FAILURE TO RESPOND OR LATE RESPONSE,Dead/Abandoned,False,003,True
33,NEAR_1_DELETION,1,79315652,,TRUE,2021-04-01,602,true,ABANDONED-FAILURE TO RESPOND OR LATE RESPONSE,Dead/Abandoned,False,"003,029",True
33,NEAR_1_SUBSTITUTION,1,90606862,,TRUEY,2021-03-26,606,truey,ABANDONED - NO STATEMENT OF USE FILED,Dead/Abandoned,False,035,True
33,NEAR_1_SUBSTITUTION,1,90538583,,TRUEU,2021-02-22,602,trueu,ABANDONED-FAILURE TO RESPOND OR LATE RESPONSE,Dead/Abandoned,False,037,False
33,NEAR_1_SUBSTITUTION,1,90489340,,TRUEX,2021-01-26,602,truex,ABANDONED-FAILURE TO RESPOND OR LATE RESPONSE,Dead/Abandoned,False,011,False
33,NEAR_1_DELETION,1,90354526,,T.R.U.E.,2020-12-02,602,true,ABANDONED-FAILURE TO RESPOND OR LATE RESPONSE,Dead/Abandoned,False,041,False
33,NEAR_1_DELETION,1,90343569,,TRUE,2020-11-25,606,true,ABANDONED - NO STATEMENT OF USE FILED,Dead/Abandoned,False,"001,002,009",False
33,NEAR_1_DELETION,1,90251826,,TRUE,2020-10-13,602,true,ABANDONED-FAILURE TO RESPOND OR LATE RESPONSE,Dead/Abandoned,False,030,False
33,NEAR_1_SUBSTITUTION,1,90170086,,TRUE V,2020-09-10,602,truev,ABANDONED-FAILURE TO RESPOND OR LATE RESPONSE,Dead/Abandoned,False,"029,030",False
33,NEAR_1_SUBSTITUTION,1,90059653,,TRUEÜ,2020-07-17,600,trueu,ABANDONED - INCOMPLETE RESPONSE,Dead/Abandoned,False,045,False
33,NEAR_1_SUBSTITUTION,1,88955812,,TRUPR,2020-06-09,602,trupr,ABANDONED-FAILURE TO RESPOND OR LATE RESPONSE,Dead/Abandoned,False,041,False
33,NEAR_1_INSERTION,1,88901328,,TRUERX,2020-05-05,602,truerx,ABANDONED-FAILURE TO RESPOND OR LATE RESPONSE,Dead/Abandoned,False,"035,036",True
33,NEAR_1_DELETION,1,88800069,,TRUE,2020-02-17,606,true,ABANDONED - NO STATEMENT OF USE FILED,Dead/Abandoned,False,007,False
33,NEAR_1_DELETION,1,88798952,,TRUE,2020-02-14,601,true,ABANDONED - EXPRESS,Dead/Abandoned,False,025,False
33,NEAR_1_INSERTION,1,88779080,,TRUE AR,2020-01-30,606,truear,ABANDONED - NO STATEMENT OF USE FILED,Dead/Abandoned,False,"009,012,037,042",False
33,NEAR_1_DELETION,1,88738687,,TRUE,2019-12-24,602,true,ABANDONED-FAILURE TO RESPOND OR LATE RESPONSE,Dead/Abandoned,False,003,True
33,NEAR_1_DELETION,1,88481383,,TRUE,2019-06-20,602,true,ABANDONED-FAILURE TO RESPOND OR LATE RESPONSE,Dead/Abandoned,False,014,False
33,NEAR_1_DELETION,1,88420488,,TRUE,2019-05-08,602,true,ABANDONED-FAILURE TO RESPOND OR LATE RESPONSE,Dead/Abandoned,False,028,False
33,NEAR_1_SUBSTITUTION,1,88395521,5891114,T-RIER,2019-04-22,710,trier,CANCELLED - SECTION 8,Dead/Cancelled,False,,False
33,NEAR_1_SUBSTITUTION,1,79251268,,TRUEX,2018-11-23,602,truex,ABANDONED-FAILURE TO RESPOND OR LATE RESPONSE,Dead/Abandoned,False,009,False
33,NEAR_1_SUBSTITUTION,1,88033507,,TRUBR,2018-07-11,602,trubr,ABANDONED-FAILURE TO RESPOND OR LATE RESPONSE,Dead/Abandoned,False,009,False
33,NEAR_1_DELETION,1,87868915,5904122,TRUE,2018-04-09,710,true,CANCELLED - SECTION 8,Dead/Cancelled,False,,False
33,NEAR_1_DELETION,1,87746661,5717050,TRUE,2018-01-08,711,true,CANCELLED - SECTION 7,Dead/Cancelled,False,,False
33,NEAR_1_SUBSTITUTION,1,87568555,5537127,TRYER,2017-08-14,710,tryer,CANCELLED - SECTION 8,Dead/Cancelled,False,,False
33,NEAR_1_SUBSTITUTION,1,87541741,5422420,TRUE[X],2017-07-25,710,truex,CANCELLED - SECTION 8,Dead/Cancelled,False,,False
33,NEAR_1_SUBSTITUTION,1,87541747,5422421,TRUE[X],2017-07-25,710,truex,CANCELLED - SECTION 8,Dead/Cancelled,False,,False
33,NEAR_1_DELETION,1,87483804,,TRUE,2017-06-11,602,true,ABANDONED-FAILURE TO RESPOND OR LATE RESPONSE,Dead/Abandoned,False,044,True
33,NEAR_1_DELETION,1,87480603,,TRUE,2017-06-08,602,true,ABANDONED-FAILURE TO RESPOND OR LATE RESPONSE,Dead/Abandoned,False,044,True
33,NEAR_1_DELETION,1,87386332,,TRU.E,2017-03-27,602,true,ABANDONED-FAILURE TO RESPOND OR LATE RESPONSE,Dead/Abandoned,False,005,True
33,NEAR_1_DELETION,1,87373698,,TRUE,2017-03-16,602,true,ABANDONED-FAILURE TO RESPOND OR LATE RESPONSE,Dead/Abandoned,False,009,False
33,NEAR_1_SUBSTITUTION,1,87353034,,TRUEQ,2017-02-28,606,trueq,ABANDONED - NO STATEMENT OF USE FILED,Dead/Abandoned,False,009,False
33,NEAR_1_DELETION,1,87324839,,TRUE,2017-02-05,602,true,ABANDONED-FAILURE TO RESPOND OR LATE RESPONSE,Dead/Abandoned,False,041,False
33,NEAR_1_INSERTION,1,87292023,,TRUEFR,2017-01-06,606,truefr,ABANDONED - NO STATEMENT OF USE FILED,Dead/Abandoned,False,"001,002,017,019,024",False
33,NEAR_1_DELETION,1,87202587,5376388,TRUE,2016-10-13,710,true,CANCELLED - SECTION 8,Dead/Cancelled,False,,False
33,NEAR_1_DELETION,1,87094342,5881874,T.R.U.E.,2016-07-06,710,true,CANCELLED - SECTION 8,Dead/Cancelled,False,,False
33,NEAR_1_INSERTION,1,86937744,,TRUEVR,2016-03-11,605,truevr,ABANDONED EXPRESS AFTER PUB,Dead/Abandoned,False,,False
33,NEAR_1_DELETION,1,86917653,,TRUE,2016-02-24,602,true,ABANDONED-FAILURE TO RESPOND OR LATE RESPONSE,Dead/Abandoned,False,003,True
33,NEAR_1_SUBSTITUTION,1,79187824,,TRUVR,2016-01-21,602,truvr,ABANDONED-FAILURE TO RESPOND OR LATE RESPONSE,Dead/Abandoned,False,"009,035,038,041,042,045",True
33,NEAR_1_DELETION,1,86854330,,TRUE,2015-12-18,604,true,ABANDONED - AFTER INTER-PARTES DECISION,Dead/Abandoned,False,,False
33,NEAR_1_DELETION,1,86854333,,TRUE,2015-12-18,604,true,ABANDONED - AFTER INTER-PARTES DECISION,Dead/Abandoned,False,,False
33,NEAR_1_INSERTION,1,86794764,,TRUEHR,2015-10-21,602,truehr,ABANDONED-FAILURE TO RESPOND OR LATE RESPONSE,Dead/Abandoned,False,035,True
33,NEAR_1_SUBSTITUTION,1,86784047,,BRUER,2015-10-09,602,bruer,ABANDONED-FAILURE TO RESPOND OR LATE RESPONSE,Dead/Abandoned,False,021,True
33,NEAR_1_SUBSTITUTION,1,86760901,,TRUKR,2015-09-18,602,trukr,ABANDONED-FAILURE TO RESPOND OR LATE RESPONSE,Dead/Abandoned,False,039,False
33,NEAR_1_INSERTION,1,86737023,5120478,TRUE HR,2015-08-25,710,truehr,CANCELLED - SECTION 8,Dead/Cancelled,False,,False
33,NEAR_1_DELETION,1,86580500,4845657,TRUE,2015-03-30,710,true,CANCELLED - SECTION 8,Dead/Cancelled,False,,False
33,NEAR_1_SUBSTITUTION,1,86552568,5004290,TRUED,2015-03-04,710,trued,CANCELLED - SECTION 8,Dead/Cancelled,False,,False
33,NEAR_1_DELETION,1,86463056,,TRUE,2014-11-24,603,true,ABANDONED - AFTER EX PARTE APPEAL,Dead/Abandoned,False,028,False
33,NEAR_1_SUBSTITUTION,1,79163158,4872477,TRUEU,2014-10-29,404,trueu,IR CANCELLED; US REGISTRATION CANCELLED,Dead/Cancelled,False,,False
33,NEAR_1_SUBSTITUTION,1,86431649,,TRUE T,2014-10-22,606,truet,ABANDONED - NO STATEMENT OF USE FILED,Dead/Abandoned,False,005,True
33,NEAR_1_SUBSTITUTION,1,86431651,,TRUE T,2014-10-22,606,truet,ABANDONED - NO STATEMENT OF USE FILED,Dead/Abandoned,False,042,False
33,NEAR_1_SUBSTITUTION,1,86160559,4615280,TRUEX,2014-01-08,710,truex,CANCELLED - SECTION 8,Dead/Cancelled,False,,False
33,NEAR_1_SUBSTITUTION,1,86158310,,TRUEQ,2014-01-06,606,trueq,ABANDONED - NO STATEMENT OF USE FILED,Dead/Abandoned,False,009,False
33,NEAR_1_SUBSTITUTION,1,86158315,,TRUEQ,2014-01-06,606,trueq,ABANDONED - NO STATEMENT OF USE FILED,Dead/Abandoned,False,010,True
33,NEAR_1_INSERTION,1,86152131,4664990,TRUE R1,2013-12-24,710,truer1,CANCELLED - SECTION 8,Dead/Cancelled,False,,False
33,NEAR_1_INSERTION,1,79143687,4590912,TRUVER,2013-11-26,404,truver,IR CANCELLED; US REGISTRATION CANCELLED,Dead/Cancelled,False,,False
33,NEAR_1_DELETION,1,86089269,4533612,TRUE,2013-10-11,710,true,CANCELLED - SECTION 8,Dead/Cancelled,False,,False
33,NEAR_1_DELETION,1,86089297,,TRUE,2013-10-11,602,true,ABANDONED-FAILURE TO RESPOND OR LATE RESPONSE,Dead/Abandoned,False,200,False
33,NEAR_1_DELETION,1,86089483,,TRUE,2013-10-11,602,true,ABANDONED-FAILURE TO RESPOND OR LATE RESPONSE,Dead/Abandoned,False,"016,025",False
33,NEAR_1_DELETION,1,86025171,,TRUE,2013-07-31,602,true,ABANDONED-FAILURE TO RESPOND OR LATE RESPONSE,Dead/Abandoned,False,041,False
33,NEAR_1_SUBSTITUTION,1,85929181,,TRUAR,2013-05-10,606,truar,ABANDONED - NO STATEMENT OF USE FILED,Dead/Abandoned,False,009,False
33,NEAR_1_SUBSTITUTION,1,85900625,4540786,THUER,2013-04-10,710,thuer,CANCELLED - SECTION 8,Dead/Cancelled,False,,False
33,NEAR_1_DELETION,1,85857449,,TRUE,2013-02-22,602,true,ABANDONED-FAILURE TO RESPOND OR LATE RESPONSE,Dead/Abandoned,False,001,False
33,NEAR_1_DELETION,1,85833811,,TRUE,2013-01-28,606,true,ABANDONED - NO STATEMENT OF USE FILED,Dead/Abandoned,False,036,False
33,NEAR_1_INSERTION,1,85796263,,TRUEFR,2012-12-06,606,truefr,ABANDONED - NO STATEMENT OF USE FILED,Dead/Abandoned,False,"001,002,017,019,024",False
33,NEAR_1_DELETION,1,85771180,,TRUE,2012-11-05,602,true,ABANDONED-FAILURE TO RESPOND OR LATE RESPONSE,Dead/Abandoned,False,009,False
33,NEAR_1_DELETION,1,85769466,,TRUE,2012-11-01,601,true,ABANDONED - EXPRESS,Dead/Abandoned,False,003,True
33,NEAR_1_DELETION,1,85624667,4389185,TRUE,2012-05-14,710,true,CANCELLED - SECTION 8,Dead/Cancelled,False,,False
33,NEAR_1_DELETION,1,85591306,,TRUE,2012-04-06,601,true,ABANDONED - EXPRESS,Dead/Abandoned,False,025,False
33,NEAR_1_DELETION,1,85590648,,TRUE,2012-04-05,606,true,ABANDONED - NO STATEMENT OF USE FILED,Dead/Abandoned,False,003,True
33,NEAR_1_DELETION,1,85572741,,TRUE,2012-03-19,601,true,ABANDONED - EXPRESS,Dead/Abandoned,False,011,False
33,NEAR_1_DELETION,1,85572744,,TRUE,2012-03-19,601,true,ABANDONED - EXPRESS,Dead/Abandoned,False,016,False
33,NEAR_1_DELETION,1,85572747,,TRUE,2012-03-19,601,true,ABANDONED - EXPRESS,Dead/Abandoned,False,018,False
33,NEAR_1_DELETION,1,85572750,,TRUE,2012-03-19,601,true,ABANDONED - EXPRESS,Dead/Abandoned,False,020,False
33,NEAR_1_DELETION,1,85572753,,TRUE,2012-03-19,601,true,ABANDONED - EXPRESS,Dead/Abandoned,False,021,True
33,NEAR_1_DELETION,1,85572755,,TRUE,2012-03-19,601,true,ABANDONED - EXPRESS,Dead/Abandoned,False,022,False
33,NEAR_1_DELETION,1,85572758,,TRUE,2012-03-19,601,true,ABANDONED - EXPRESS,Dead/Abandoned,False,035,True
33,NEAR_1_DELETION,1,85572759,,TRUE,2012-03-19,601,true,ABANDONED - EXPRESS,Dead/Abandoned,False,040,False
33,NEAR_1_DELETION,1,85572682,,TRUE,2012-03-18,602,true,ABANDONED-FAILURE TO RESPOND OR LATE RESPONSE,Dead/Abandoned,False,006,False
33,NEAR_1_DELETION,1,85572686,,TRUE,2012-03-18,602,true,ABANDONED-FAILURE TO RESPOND OR LATE RESPONSE,Dead/Abandoned,False,020,False
33,NEAR_1_DELETION,1,85572692,,TRUE,2012-03-18,606,true,ABANDONED - NO STATEMENT OF USE FILED,Dead/Abandoned,False,009,False
33,NEAR_1_DELETION,1,85572696,,TRUE,2012-03-18,601,true,ABANDONED - EXPRESS,Dead/Abandoned,False,030,False
33,NEAR_1_DELETION,1,85572733,,TRUE,2012-03-18,601,true,ABANDONED - EXPRESS,Dead/Abandoned,False,004,False
33,NEAR_1_DELETION,1,85572735,,TRUE,2012-03-18,601,true,ABANDONED - EXPRESS,Dead/Abandoned,False,006,False
33,NEAR_1_DELETION,1,85572737,,TRUE,2012-03-18,601,true,ABANDONED - EXPRESS,Dead/Abandoned,False,008,False
33,NEAR_1_DELETION,1,85572740,,TRUE,2012-03-18,605,true,ABANDONED EXPRESS AFTER PUB,Dead/Abandoned,False,,False
33,NEAR_1_DELETION,1,85569958,4704095,TRUE,2012-03-15,710,true,CANCELLED - SECTION 8,Dead/Cancelled,False,,False
33,NEAR_1_SUBSTITUTION,1,85568231,4233533,TRUEU,2012-03-13,710,trueu,CANCELLED - SECTION 8,Dead/Cancelled,False,,False
33,NEAR_1_DELETION,1,85557838,4534042,TRUE,2012-03-01,710,true,CANCELLED - SECTION 8,Dead/Cancelled,False,,False
33,NEAR_1_INSERTION,1,85378584,4343144,TRUEER,2011-07-22,710,trueer,CANCELLED - SECTION 8,Dead/Cancelled,False,,False
33,NEAR_1_SUBSTITUTION,1,85378607,4343145,TRUEE,2011-07-22,710,truee,CANCELLED - SECTION 8,Dead/Cancelled,False,,False
33,NEAR_1_DELETION,1,85350606,,TRUE,2011-06-20,605,true,ABANDONED EXPRESS AFTER PUB,Dead/Abandoned,False,,False
33,NEAR_1_DELETION,1,85266085,,TRUE,2011-03-14,601,true,ABANDONED - EXPRESS,Dead/Abandoned,False,014,False
33,NEAR_1_SUBSTITUTION,1,85192084,4191376,TRUED,2010-12-07,710,trued,CANCELLED - SECTION 8,Dead/Cancelled,False,,False
33,NEAR_1_SUBSTITUTION,1,85123464,4039619,"TRUE ""I""",2010-09-05,710,truei,CANCELLED - SECTION 8,Dead/Cancelled,False,,False
33,NEAR_1_SUBSTITUTION,1,77964369,,"TRUE ""I""",2010-03-22,602,truei,ABANDONED-FAILURE TO RESPOND OR LATE RESPONSE,Dead/Abandoned,False,025,False
33,NEAR_1_DELETION,1,77956826,3941963,TRÜE,2010-03-11,710,true,CANCELLED - SECTION 8,Dead/Cancelled,False,,False
33,NEAR_1_DELETION,1,77900083,3933460,TRUE,2009-12-23,710,true,CANCELLED - SECTION 8,Dead/Cancelled,False,,False
33,NEAR_1_SUBSTITUTION,1,77854353,,TRUEX,2009-10-21,606,truex,ABANDONED - NO STATEMENT OF USE FILED,Dead/Abandoned,False,003,True
33,NEAR_1_DELETION,1,77795729,,TRUE,2009-08-03,606,true,ABANDONED - NO STATEMENT OF USE FILED,Dead/Abandoned,False,006,False
33,NEAR_1_DELETION,1,76697905,,TRUE,2009-06-15,602,true,ABANDONED-FAILURE TO RESPOND OR LATE RESPONSE,Dead/Abandoned,False,032,False
33,NEAR_1_DELETION,1,77645727,,TRUE,2009-01-08,602,true,ABANDONED-FAILURE TO RESPOND OR LATE RESPONSE,Dead/Abandoned,False,021,True
33,NEAR_1_DELETION,1,77643405,3764954,TRUE,2009-01-05,710,true,CANCELLED - SECTION 8,Dead/Cancelled,False,,False
33,NEAR_1_DELETION,1,77605807,,TRUE,2008-11-03,606,true,ABANDONED - NO STATEMENT OF USE FILED,Dead/Abandoned,False,010,True
33,NEAR_1_DELETION,1,77506109,,TRUE,2008-06-24,606,true,ABANDONED - NO STATEMENT OF USE FILED,Dead/Abandoned,False,027,False
33,NEAR_1_INSERTION,1,79053648,,TRUEAR,2008-04-18,402,truear,IR CANCELLED; US APPLICATION ABANDONED,Dead/Abandoned,False,,False
33,NEAR_1_DELETION,1,77393034,,TRUE,2008-02-09,606,true,ABANDONED - NO STATEMENT OF USE FILED,Dead/Abandoned,False,006,False
33,NEAR_1_SUBSTITUTION,1,77366856,,TRUE U,2008-01-08,606,trueu,ABANDONED - NO STATEMENT OF USE FILED,Dead/Abandoned,False,025,False
33,NEAR_1_DELETION,1,77355748,,TRUE,2007-12-19,602,true,ABANDONED-FAILURE TO RESPOND OR LATE RESPONSE,Dead/Abandoned,False,025,False
33,NEAR_1_DELETION,1,77300175,,TRUE,2007-10-10,602,true,ABANDONED-FAILURE TO RESPOND OR LATE RESPONSE,Dead/Abandoned,False,014,False
33,NEAR_1_DELETION,1,77276575,,TRUE,2007-09-11,602,true,ABANDONED-FAILURE TO RESPOND OR LATE RESPONSE,Dead/Abandoned,False,033,False
33,NEAR_1_DELETION,1,77151218,3423825,TRUE.,2007-04-07,710,true,CANCELLED - SECTION 8,Dead/Cancelled,False,,False
33,NEAR_1_DELETION,1,77150316,,TRUE,2007-04-06,606,true,ABANDONED - NO STATEMENT OF USE FILED,Dead/Abandoned,False,031,False
33,NEAR_1_DELETION,1,77144554,,TRUE,2007-03-30,606,true,ABANDONED - NO STATEMENT OF USE FILED,Dead/Abandoned,False,009,False
33,NEAR_1_DELETION,1,77106881,,TRUE,2007-02-14,602,true,ABANDONED-FAILURE TO RESPOND OR LATE RESPONSE,Dead/Abandoned,False,003,True
33,NEAR_1_DELETION,1,77072702,,TRUE,2006-12-28,602,true,ABANDONED-FAILURE TO RESPOND OR LATE RESPONSE,Dead/Abandoned,False,032,False
33,NEAR_1_DELETION,1,77072707,,TRÜE,2006-12-28,602,true,ABANDONED-FAILURE TO RESPOND OR LATE RESPONSE,Dead/Abandoned,False,032,False
33,NEAR_1_DELETION,1,77072712,,TRUE,2006-12-28,602,true,ABANDONED-FAILURE TO RESPOND OR LATE RESPONSE,Dead/Abandoned,False,032,False
33,NEAR_1_DELETION,1,77054718,3561585,TRUE,2006-12-01,710,true,CANCELLED - SECTION 8,Dead/Cancelled,False,,False
33,NEAR_1_DELETION,1,78936775,,TRUE,2006-07-25,602,true,ABANDONED-FAILURE TO RESPOND OR LATE RESPONSE,Dead/Abandoned,False,027,False
33,NEAR_1_DELETION,1,78930013,3474006,TRUE,2006-07-14,710,true,CANCELLED - SECTION 8,Dead/Cancelled,False,,False
33,NEAR_1_DELETION,1,78876269,3396309,TRUE,2006-05-04,710,true,CANCELLED - SECTION 8,Dead/Cancelled,False,,False
33,NEAR_1_DELETION,1,78873075,,TRUE,2006-05-01,602,true,ABANDONED-FAILURE TO RESPOND OR LATE RESPONSE,Dead/Abandoned,False,"016,041,042",False
33,NEAR_1_SUBSTITUTION,1,78839192,3715317,TRUE U,2006-03-16,710,trueu,CANCELLED - SECTION 8,Dead/Cancelled,False,,False
33,NEAR_1_DELETION,1,78781370,3362336,TRUE,2005-12-28,710,true,CANCELLED - SECTION 8,Dead/Cancelled,False,,False
33,NEAR_1_DELETION,1,78712169,,TRUE,2005-09-13,606,true,ABANDONED - NO STATEMENT OF USE FILED,Dead/Abandoned,False,041,False
33,NEAR_1_DELETION,1,78670068,,TRUE,2005-07-13,602,true,ABANDONED-FAILURE TO RESPOND OR LATE RESPONSE,Dead/Abandoned,False,032,False
33,NEAR_1_SUBSTITUTION,1,78655486,,TRUE A,2005-06-21,606,truea,ABANDONED - NO STATEMENT OF USE FILED,Dead/Abandoned,False,009,False
33,NEAR_1_SUBSTITUTION,1,78655490,,TRUE G,2005-06-21,606,trueg,ABANDONED - NO STATEMENT OF USE FILED,Dead/Abandoned,False,009,False
33,NEAR_1_SUBSTITUTION,1,78655496,,TRUE N,2005-06-21,604,truen,ABANDONED - AFTER INTER-PARTES DECISION,Dead/Abandoned,False,,False
33,NEAR_1_DELETION,1,78648868,,TRUE,2005-06-12,602,true,ABANDONED-FAILURE TO RESPOND OR LATE RESPONSE,Dead/Abandoned,False,025,False
33,NEAR_1_DELETION,1,76634399,3174629,TRUE,2005-03-25,710,true,CANCELLED - SECTION 8,Dead/Cancelled,False,,False
33,NEAR_1_INSERTION,1,76625993,3627362,TRUPER,2004-12-29,710,truper,CANCELLED - SECTION 8,Dead/Cancelled,False,,False
33,NEAR_1_DELETION,1,78508574,,TRUE,2004-10-29,606,true,ABANDONED - NO STATEMENT OF USE FILED,Dead/Abandoned,False,006,False
33,NEAR_1_DELETION,1,78508578,,TRUE,2004-10-29,606,true,ABANDONED - NO STATEMENT OF USE FILED,Dead/Abandoned,False,019,False
33,NEAR_1_DELETION,1,78468910,,TRUE,2004-08-17,606,true,ABANDONED - NO STATEMENT OF USE FILED,Dead/Abandoned,False,016,False
33,NEAR_1_SUBSTITUTION,1,78463688,,TRUE U,2004-08-06,606,trueu,ABANDONED - NO STATEMENT OF USE FILED,Dead/Abandoned,False,025,False
33,NEAR_1_DELETION,1,78451736,3357077,TRUE,2004-07-16,710,true,CANCELLED - SECTION 8,Dead/Cancelled,False,,False
33,NEAR_1_DELETION,1,76601500,3149201,TRUE,2004-07-12,710,true,CANCELLED - SECTION 8,Dead/Cancelled,False,,False
33,NEAR_1_DELETION,1,76601501,3570290,TRUE,2004-07-12,710,true,CANCELLED - SECTION 8,Dead/Cancelled,False,,False
33,NEAR_1_DELETION,1,76601503,3090779,TRUE,2004-07-12,710,true,CANCELLED - SECTION 8,Dead/Cancelled,False,,False
33,NEAR_1_DELETION,1,76601504,3570291,TRUE,2004-07-12,710,true,CANCELLED - SECTION 8,Dead/Cancelled,False,,False
33,NEAR_1_DELETION,1,76599999,3043738,TRUE,2004-06-30,710,true,CANCELLED - SECTION 8,Dead/Cancelled,False,,False
33,NEAR_1_SUBSTITUTION,1,78427760,,TRUKR,2004-06-01,602,trukr,ABANDONED-FAILURE TO RESPOND OR LATE RESPONSE,Dead/Abandoned,False,025,False
33,NEAR_1_DELETION,1,76593170,2975482,TRUE,2004-05-20,710,true,CANCELLED - SECTION 8,Dead/Cancelled,False,,False
33,NEAR_1_DELETION,1,78411005,3149537,TRUE,2004-04-30,710,true,CANCELLED - SECTION 8,Dead/Cancelled,False,,False
33,NEAR_1_SUBSTITUTION,1,76587832,3088081,TRUEU,2004-04-21,710,trueu,CANCELLED - SECTION 8,Dead/Cancelled,False,,False
33,NEAR_1_SUBSTITUTION,1,76587838,3085910,TRUEU,2004-04-21,710,trueu,CANCELLED - SECTION 8,Dead/Cancelled,False,,False
33,NEAR_1_DELETION,1,78382256,,TRUE,2004-03-11,602,true,ABANDONED-FAILURE TO RESPOND OR LATE RESPONSE,Dead/Abandoned,False,003,True
33,NEAR_1_DELETION,1,76479843,,TRUE,2002-12-27,602,true,ABANDONED-FAILURE TO RESPOND OR LATE RESPONSE,Dead/Abandoned,False,025,False
33,NEAR_1_DELETION,1,76457435,2824566,TRUE,2002-10-10,710,true,CANCELLED - SECTION 8,Dead/Cancelled,False,,False
33,NEAR_1_SUBSTITUTION,1,78143310,,TRUE 0%,2002-07-12,606,true0,ABANDONED - NO STATEMENT OF USE FILED,Dead/Abandoned,False,036,False
33,NEAR_1_SUBSTITUTION,1,78140987,,TRUE 7,2002-07-03,602,true7,ABANDONED-FAILURE TO RESPOND OR LATE RESPONSE,Dead/Abandoned,False,003,True
33,NEAR_1_DELETION,1,76387996,2823870,TRU/R,2002-03-28,710,trur,CANCELLED - SECTION 8,Dead/Cancelled,False,,False
33,NEAR_1_DELETION,1,78105656,,TRUE,2002-01-30,606,true,ABANDONED - NO STATEMENT OF USE FILED,Dead/Abandoned,False,033,False
33,NEAR_1_DELETION,1,76270774,,TRUE,2001-06-12,606,true,ABANDONED - NO STATEMENT OF USE FILED,Dead/Abandoned,False,016,False
33,NEAR_1_DELETION,1,78054052,,TRUE,2001-03-20,602,true,ABANDONED-FAILURE TO RESPOND OR LATE RESPONSE,Dead/Abandoned,False,009,False
33,NEAR_1_INSERTION,1,76208177,,TRUERH,2001-02-09,601,truerh,ABANDONED - EXPRESS,Dead/Abandoned,False,009,False
33,NEAR_1_SUBSTITUTION,1,76144003,,TRUEX,2000-10-10,606,truex,ABANDONED - NO STATEMENT OF USE FILED,Dead/Abandoned,False,012,False
33,NEAR_1_DELETION,1,76096392,2724952,TRUE,2000-07-25,710,true,CANCELLED - SECTION 8,Dead/Cancelled,False,,False
33,NEAR_1_DELETION,1,76015287,2523481,TRUE,2000-03-31,710,true,CANCELLED - SECTION 8,Dead/Cancelled,False,,False
33,NEAR_1_SUBSTITUTION,1,75920261,,TRUE-E,2000-02-04,606,truee,ABANDONED - NO STATEMENT OF USE FILED,Dead/Abandoned,False,035,True
33,NEAR_1_SUBSTITUTION,1,75781948,,TRUE-X,1999-08-23,606,truex,ABANDONED - NO STATEMENT OF USE FILED,Dead/Abandoned,False,009,False
33,NEAR_1_SUBSTITUTION,1,75781949,2360281,TRUE-X,1999-08-23,710,truex,CANCELLED - SECTION 8,Dead/Cancelled,False,,False
33,NEAR_1_DELETION,1,75736918,,TRUE,1999-06-25,602,true,ABANDONED-FAILURE TO RESPOND OR LATE RESPONSE,Dead/Abandoned,False,003,True
33,NEAR_1_DELETION,1,75479283,,TRUE,1998-05-04,602,true,ABANDONED-FAILURE TO RESPOND OR LATE RESPONSE,Dead/Abandoned,False,003,True
33,NEAR_1_DELETION,1,75449421,2305402,TRUE,1998-03-03,710,true,CANCELLED - SECTION 8,Dead/Cancelled,False,,False
33,NEAR_1_SUBSTITUTION,1,75356031,2396169,TRIER,1997-09-12,710,trier,CANCELLED - SECTION 8,Dead/Cancelled,False,,False
33,NEAR_1_DELETION,1,75350086,2210631,TRUE,1997-09-02,710,true,CANCELLED - SECTION 8,Dead/Cancelled,False,,False
33,NEAR_1_SUBSTITUTION,1,75340777,,TRUE X,1997-08-14,601,truex,ABANDONED - EXPRESS,Dead/Abandoned,False,,False
33,NEAR_1_DELETION,1,75335917,2269632,TRUE,1997-08-05,710,true,CANCELLED - SECTION 8,Dead/Cancelled,False,,False
33,NEAR_1_SUBSTITUTION,1,75336363,2237709,TRUE #8,1997-08-05,710,true8,CANCELLED - SECTION 8,Dead/Cancelled,False,,False
33,NEAR_1_DELETION,1,75333343,2206835,TRUE,1997-07-30,710,true,CANCELLED - SECTION 8,Dead/Cancelled,False,,False
33,NEAR_1_SUBSTITUTION,1,75329825,,TRUE X,1997-07-24,606,truex,ABANDONED - NO STATEMENT OF USE FILED,Dead/Abandoned,False,009,False
33,NEAR_1_SUBSTITUTION,1,75978625,2302966,TRUE X,1997-07-24,710,truex,CANCELLED - SECTION 8,Dead/Cancelled,False,,False
33,NEAR_1_SUBSTITUTION,1,75282103,,TRUE X,1997-04-28,605,truex,ABANDONED EXPRESS AFTER PUB,Dead/Abandoned,False,,False
33,NEAR_1_SUBSTITUTION,1,75111261,,TRUE #8,1996-05-29,602,true8,ABANDONED-FAILURE TO RESPOND OR LATE RESPONSE,Dead/Abandoned,False,,False
33,NEAR_1_DELETION,1,75002217,,TRUE,1995-10-06,602,true,ABANDONED-FAILURE TO RESPOND OR LATE RESPONSE,Dead/Abandoned,False,,False
33,NEAR_1_SUBSTITUTION,1,74728121,,TRUEQ,1995-09-12,606,trueq,ABANDONED - NO STATEMENT OF USE FILED,Dead/Abandoned,False,,False
33,NEAR_1_DELETION,1,74628269,1982157,TRUE,1995-02-01,710,true,CANCELLED - SECTION 8,Dead/Cancelled,False,,False
33,NEAR_1_DELETION,1,74497037,1990272,TRUE,1994-03-04,710,true,CANCELLED - SECTION 8,Dead/Cancelled,False,,False
33,NEAR_1_DELETION,1,74497071,1955338,TRUE,1994-03-04,710,true,CANCELLED - SECTION 8,Dead/Cancelled,False,,False
33,NEAR_1_DELETION,1,74353706,,TRUE,1993-01-29,602,true,ABANDONED-FAILURE TO RESPOND OR LATE RESPONSE,Dead/Abandoned,False,,False
33,NEAR_1_INSERTION,1,74177017,1730036,TRU EAR,1991-06-17,710,truear,CANCELLED - SECTION 8,Dead/Cancelled,False,,False
33,NEAR_1_DELETION,1,73680678,1490444,TRUE,1987-08-26,710,true,CANCELLED - SECTION 8,Dead/Cancelled,False,,False
33,NEAR_1_DELETION,1,73649509,,T.R.U.E.,1987-03-16,602,true,ABANDONED-FAILURE TO RESPOND OR LATE RESPONSE,Dead/Abandoned,False,,False
33,NEAR_1_DELETION,1,73470822,,TRUE,1984-03-19,602,true,ABANDONED-FAILURE TO RESPOND OR LATE RESPONSE,Dead/Abandoned,False,,False
33,NEAR_1_DELETION,1,73263202,1198226,TRUE,1980-05-22,710,true,CANCELLED - SECTION 8,Dead/Cancelled,False,,False
33,NEAR_1_SUBSTITUTION,1,72465054,1000269,TRUE G,1973-08-03,900,trueg,EXPIRED,Dead/Expired,False,,False
33,NEAR_1_DELETION,1,72318064,0900557,TRUE,1969-01-31,710,true,CANCELLED - SECTION 8,Dead/Cancelled,False,,False
33,NEAR_1_DELETION,1,72242996,0892712,TRUE,1966-04-08,900,true,EXPIRED,Dead/Expired,False,,False
33,NEAR_1_DELETION,1,72237461,0819409,TRUE,1966-01-27,900,true,EXPIRED,Dead/Expired,False,,False
33,NEAR_1_DELETION,1,72061047,0681508,TRUE,1958-10-21,900,true,EXPIRED,Dead/Expired,False,,False
33,NEAR_1_SUBSTITUTION,1,71534952,0504639,TRUE'S,1947-09-18,900,trues,EXPIRED,Dead/Expired,False,,False
33,NEAR_1_DELETION,1,71325770,0296912,TRUE,1932-04-02,900,true,EXPIRED,Dead/Expired,False,,False
34,EXACT,0,85943175,4676062,UNFILTRD,2013-05-28,710,unfiltrd,CANCELLED - SECTION 8,Dead/Cancelled,False,,False
34,NEAR_1_DELETION,1,88305516,5796382,UNFLTRD,2019-02-18,710,unfltrd,CANCELLED - SECTION 8,Dead/Cancelled,False,,False
35,NEAR_1_INSERTION,1,97754375,7298311,UNALTERED,2023-01-13,700,unaltered,REGISTERED,Live/Registered,True,025,False
35,NEAR_1_INSERTION,1,97059134,6888713,UNALTERED,2021-10-04,700,unaltered,REGISTERED,Live/Registered,True,042,False
35,NEAR_1_INSERTION,1,87390868,5338822,UNALTERED,2017-03-29,702,unaltered,SECTION 8 & 15-ACCEPTED AND ACKNOWLEDGED,Live/Registered,True,005,True
35,NEAR_1_INSERTION,1,97407406,,UNALTERED,2022-05-12,602,unaltered,ABANDONED-FAILURE TO RESPOND OR LATE RESPONSE,Dead/Abandoned,False,025,False
36,EXACT,0,99740127,,INVIEW,2026-04-02,630,inview,NEW APPLICATION - RECORD INITIALIZED NOT ASSIGNED TO EXAMINER,Live/Pending,True,006,False
36,EXACT,0,99610055,,INVIEW,2026-01-22,686,inview,PUBLISHED FOR OPPOSITION,Live/Pending,True,011,False
36,EXACT,0,99476809,,INVIEW,2025-11-03,661,inview,RESPONSE AFTER NON-FINAL ACTION - ENTERED,Live/Pending,True,045,False
36,EXACT,0,99059400,,+INVIEW,2025-02-27,730,inview,FIRST EXTENSION - GRANTED,Live/Pending,True,"035,042",True
36,EXACT,0,97873748,,INVIEW,2023-04-05,732,inview,THIRD EXTENSION - GRANTED,Live/Pending,True,"009,042",False
36,EXACT,0,97049560,6884147,INVIEW,2021-09-28,700,inview,REGISTERED,Live/Registered,True,009,False
36,EXACT,0,86818568,5144354,INVIEW,2015-11-12,702,inview,SECTION 8 & 15-ACCEPTED AND ACKNOWLEDGED,Live/Registered,True,"009,010",True
36,EXACT,0,85032909,4096739,INVIEW,2010-05-07,800,inview,REGISTERED AND RENEWED,Live/Registered,True,019,False
36,EXACT,0,77672918,3676183,INVIEW,2009-02-18,800,inview,REGISTERED AND RENEWED,Live/Registered,True,010,True
36,EXACT,0,77636149,3758974,INVIEW,2008-12-18,800,inview,REGISTERED AND RENEWED,Live/Registered,True,035,True
36,EXACT,0,78607528,3262449,INVIEW,2005-04-13,800,inview,REGISTERED AND RENEWED,Live/Registered,True,009,False
36,EXACT,0,75395126,2366748,INVIEW,1997-11-24,800,inview,REGISTERED AND RENEWED,Live/Registered,True,010,True
36,EXACT,0,88349373,,INVIEW,2019-03-20,606,inview,ABANDONED - NO STATEMENT OF USE FILED,Dead/Abandoned,False,042,False
36,EXACT,0,87522323,,IN.VIEW,2017-07-10,602,inview,ABANDONED-FAILURE TO RESPOND OR LATE RESPONSE,Dead/Abandoned,False,042,False
36,EXACT,0,86860577,5035302,INVIEW,2015-12-29,710,inview,CANCELLED - SECTION 8,Dead/Cancelled,False,,False
36,EXACT,0,86647458,,INVIEW,2015-06-01,602,inview,ABANDONED-FAILURE TO RESPOND OR LATE RESPONSE,Dead/Abandoned,False,"009,042",False
36,EXACT,0,86206618,,INVIEW,2014-02-27,601,inview,ABANDONED - EXPRESS,Dead/Abandoned,False,009,False
36,EXACT,0,86062352,4550662,INVIEW,2013-09-12,710,inview,CANCELLED - SECTION 8,Dead/Cancelled,False,,False
36,EXACT,0,85733853,4386862,INVIEW,2012-09-20,710,inview,CANCELLED - SECTION 8,Dead/Cancelled,False,,False
36,EXACT,0,85419275,4384582,INVIEW,2011-09-09,710,inview,CANCELLED - SECTION 8,Dead/Cancelled,False,,False
36,EXACT,0,85378787,,INVIEW,2011-07-22,606,inview,ABANDONED - NO STATEMENT OF USE FILED,Dead/Abandoned,False,038,False
36,EXACT,0,85269254,,INVIEW,2011-03-17,606,inview,ABANDONED - NO STATEMENT OF USE FILED,Dead/Abandoned,False,"009,016,035,036,041,043,044,045",True
36,EXACT,0,77663977,3788334,INVIEW,2009-02-05,710,inview,CANCELLED - SECTION 8,Dead/Cancelled,False,,False
36,EXACT,0,77271871,3597179,INVIEW,2007-09-05,710,inview,CANCELLED - SECTION 8,Dead/Cancelled,False,,False
36,EXACT,0,78957618,3413460,INVIEW,2006-08-22,710,inview,CANCELLED - SECTION 8,Dead/Cancelled,False,,False
36,EXACT,0,78922461,3532647,INVIEW,2006-07-05,710,inview,CANCELLED - SECTION 8,Dead/Cancelled,False,,False
36,EXACT,0,78576767,,IN-VIEW,2005-02-28,606,inview,ABANDONED - NO STATEMENT OF USE FILED,Dead/Abandoned,False,010,True
36,EXACT,0,78555278,,INVIEW,2005-01-27,605,inview,ABANDONED EXPRESS AFTER PUB,Dead/Abandoned,False,,False
36,EXACT,0,76613585,3019431,INVIEW,2004-09-30,710,inview,CANCELLED - SECTION 8,Dead/Cancelled,False,,False
36,EXACT,0,78471678,3177967,INVIEW,2004-08-23,710,inview,CANCELLED - SECTION 8,Dead/Cancelled,False,,False
36,EXACT,0,78375379,2930856,INVIEW,2004-02-27,710,inview,CANCELLED - SECTION 8,Dead/Cancelled,False,,False
36,EXACT,0,78375386,,INVIEW,2004-02-27,606,inview,ABANDONED - NO STATEMENT OF USE FILED,Dead/Abandoned,False,009,False
36,EXACT,0,76473688,2957508,INVIEW,2002-12-10,710,inview,CANCELLED - SECTION 8,Dead/Cancelled,False,,False
36,EXACT,0,76376652,,INVIEW,2002-02-28,602,inview,ABANDONED-FAILURE TO RESPOND OR LATE RESPONSE,Dead/Abandoned,False,009,False
36,EXACT,0,78106665,,INVIEW,2002-02-04,601,inview,ABANDONED - EXPRESS,Dead/Abandoned,False,009,False
36,EXACT,0,78099242,2672262,INVIEW,2001-12-19,710,inview,CANCELLED - SECTION 8,Dead/Cancelled,False,,False
36,EXACT,0,78062560,,INVIEW,2001-05-08,602,inview,ABANDONED-FAILURE TO RESPOND OR LATE RESPONSE,Dead/Abandoned,False,009,False
36,EXACT,0,75784137,2454046,IN VIEW,1999-08-25,710,inview,CANCELLED - SECTION 8,Dead/Cancelled,False,,False
36,EXACT,0,75699436,2430815,INVIEW,1999-05-07,710,inview,CANCELLED - SECTION 8,Dead/Cancelled,False,,False
36,EXACT,0,75433717,,INVIEW,1998-02-13,602,inview,ABANDONED-FAILURE TO RESPOND OR LATE RESPONSE,Dead/Abandoned,False,,False
36,EXACT,0,75390543,,INVIEW,1997-11-14,602,inview,ABANDONED-FAILURE TO RESPOND OR LATE RESPONSE,Dead/Abandoned,False,,False
36,EXACT,0,75359441,2591836,INVIEW,1997-09-19,710,inview,CANCELLED - SECTION 8,Dead/Cancelled,False,,False
36,EXACT,0,75015601,2072707,INVIEW,1995-11-06,710,inview,CANCELLED - SECTION 8,Dead/Cancelled,False,,False
36,EXACT,0,74697762,2033014,INVIEW,1995-07-06,710,inview,CANCELLED - SECTION 8,Dead/Cancelled,False,,False
36,EXACT,0,74664082,,INVIEW,1995-04-21,606,inview,ABANDONED - NO STATEMENT OF USE FILED,Dead/Abandoned,False,,False
36,EXACT,0,74487554,,INVIEW,1994-02-07,606,inview,ABANDONED - NO STATEMENT OF USE FILED,Dead/Abandoned,False,,False
36,EXACT,0,74479546,,INVIEW,1994-01-13,602,inview,ABANDONED-FAILURE TO RESPOND OR LATE RESPONSE,Dead/Abandoned,False,,False
36,EXACT,0,74449717,1973968,INVIEW,1993-10-18,710,inview,CANCELLED - SECTION 8,Dead/Cancelled,False,,False
36,EXACT,0,74302469,,IN/VIEW,1992-08-06,602,inview,ABANDONED-FAILURE TO RESPOND OR LATE RESPONSE,Dead/Abandoned,False,,False
36,EXACT,0,74140382,1761088,INVIEW,1991-02-19,710,inview,CANCELLED - SECTION 8,Dead/Cancelled,False,,False
36,EXACT,0,74121850,1663305,INVIEW,1990-12-10,710,inview,CANCELLED - SECTION 8,Dead/Cancelled,False,,False
36,EXACT,0,73808962,1586734,INVIEW,1989-06-26,710,inview,CANCELLED - SECTION 8,Dead/Cancelled,False,,False
36,EXACT,0,73787252,1567117,IN VIEW,1989-03-17,710,inview,CANCELLED - SECTION 8,Dead/Cancelled,False,,False
36,NEAR_1_INSERTION,1,99871325,,INNVIEW,2026-06-08,630,innview,NEW APPLICATION - RECORD INITIALIZED NOT ASSIGNED TO EXAMINER,Live/Pending,True,009,False
36,NEAR_1_TRANSPOSITION,1,99855631,,INVEIW,2026-05-31,630,inveiw,NEW APPLICATION - RECORD INITIALIZED NOT ASSIGNED TO EXAMINER,Live/Pending,True,011,False
36,NEAR_1_INSERTION,1,99402558,8214017,INOVIEW,2025-09-19,700,inoview,REGISTERED,Live/Registered,True,005,True
36,NEAR_1_INSERTION,1,99034780,7983971,VINVIEW,2025-02-10,700,vinview,REGISTERED,Live/Registered,True,042,False
36,NEAR_1_INSERTION,1,98759741,7824475,DINVIEW,2024-09-19,700,dinview,REGISTERED,Live/Registered,True,025,False
36,NEAR_1_SUBSTITUTION,1,98535627,7678980,ONVIEW,2024-05-06,700,onview,REGISTERED,Live/Registered,True,"009,045",False
36,NEAR_1_SUBSTITUTION,1,79393137,8208604,ENVIEW,2024-02-28,700,enview,REGISTERED,Live/Registered,True,009,False
36,NEAR_1_SUBSTITUTION,1,98421172,,ISVIEW,2024-02-26,661,isview,RESPONSE AFTER NON-FINAL ACTION - ENTERED,Live/Pending,True,"009,042",False
36,NEAR_1_INSERTION,1,98230327,,PINVIEW,2023-10-18,688,pinview,NOTICE OF ALLOWANCE - ISSUED,Live/Pending,True,042,False
36,NEAR_1_SUBSTITUTION,1,90744405,6915568,IOVIEW,2021-05-31,700,ioview,REGISTERED,Live/Registered,True,018,False
36,NEAR_1_DELETION,1,90100168,6775605,N-VIEW,2020-08-07,700,nview,REGISTERED,Live/Registered,True,"009,042",False
36,NEAR_1_INSERTION,1,90072358,6282611,WINVIEW,2020-07-24,700,winview,REGISTERED,Live/Registered,True,024,False
36,NEAR_1_SUBSTITUTION,1,90015107,6255802,ONVIEW,2020-06-23,700,onview,REGISTERED,Live/Registered,True,025,False
36,NEAR_1_DELETION,1,88716585,6242776,I-VIEW,2019-12-05,700,iview,REGISTERED,Live/Registered,True,009,False
36,NEAR_1_SUBSTITUTION,1,88560207,6430870,ENVIEW,2019-08-01,700,enview,REGISTERED,Live/Registered,True,042,False
36,NEAR_1_SUBSTITUTION,1,88522969,6022562,[ IO ] VIEW,2019-07-19,702,ioview,SECTION 8 & 15-ACCEPTED AND ACKNOWLEDGED,Live/Registered,True,042,False
36,NEAR_1_DELETION,1,88250506,6511845,IVIEW,2019-01-04,700,iview,REGISTERED,Live/Registered,True,009,False
36,NEAR_1_DELETION,1,88095369,6166673,I-VIEW,2018-08-28,700,iview,REGISTERED,Live/Registered,True,010,True
36,NEAR_1_INSERTION,1,88017730,5877352,IONVIEW,2018-06-27,701,ionview,SECTION 8-ACCEPTED,Live/Registered,True,009,False
36,NEAR_1_DELETION,1,87864637,5941158,IVIEW,2018-04-05,700,iview,REGISTERED,Live/Registered,True,"007,011",False
36,NEAR_1_INSERTION,1,86902513,5044972,IN1VIEW,2016-02-09,701,in1view,SECTION 8-ACCEPTED,Live/Registered,True,"035,041",True
36,NEAR_1_DELETION,1,86982915,5302458,NVIEW,2015-08-26,702,nview,SECTION 8 & 15-ACCEPTED AND ACKNOWLEDGED,Live/Registered,True,009,False
36,NEAR_1_INSERTION,1,86339026,4969367,BINVIEW,2014-07-16,800,binview,REGISTERED AND RENEWED,Live/Registered,True,042,False
36,NEAR_1_DELETION,1,85516475,4556346,IVIEW,2012-01-13,800,iview,REGISTERED AND RENEWED,Live/Registered,True,009,False
36,NEAR_1_DELETION,1,77899180,3898932,IVIEW,2009-12-22,800,iview,REGISTERED AND RENEWED,Live/Registered,True,042,False
36,NEAR_1_DELETION,1,77558682,3825759,IVIEW,2008-08-29,800,iview,REGISTERED AND RENEWED,Live/Registered,True,021,True
36,NEAR_1_DELETION,1,77537424,3694762,IVIEW,2008-08-01,800,iview,REGISTERED AND RENEWED,Live/Registered,True,009,False
36,NEAR_1_DELETION,1,77289261,3673646,IVIEW,2007-09-26,800,iview,REGISTERED AND RENEWED,Live/Registered,True,"035,041",True
36,NEAR_1_DELETION,1,78463201,3230640,IVIEW,2004-08-06,800,iview,REGISTERED AND RENEWED,Live/Registered,True,009,False
36,NEAR_1_DELETION,1,76512541,2831661,IVIEW,2003-05-08,800,iview,REGISTERED AND RENEWED,Live/Registered,True,009,False
36,NEAR_1_DELETION,1,76199994,3131508,(I)VIEW,2001-01-25,800,iview,REGISTERED AND RENEWED,Live/Registered,True,"038,042",False
36,NEAR_1_INSERTION,1,99035329,,VIN VIEW,2025-02-10,602,vinview,ABANDONED-FAILURE TO RESPOND OR LATE RESPONSE,Dead/Abandoned,False,042,False
36,NEAR_1_INSERTION,1,98368723,,IONVIEW,2024-01-22,606,ionview,ABANDONED - NO STATEMENT OF USE FILED,Dead/Abandoned,False,009,False
36,NEAR_1_DELETION,1,97193562,,IVIEW,2021-12-28,602,iview,ABANDONED-FAILURE TO RESPOND OR LATE RESPONSE,Dead/Abandoned,False,009,False
36,NEAR_1_INSERTION,1,97063776,,IONVIEW,2021-10-07,606,ionview,ABANDONED - NO STATEMENT OF USE FILED,Dead/Abandoned,False,009,False
36,NEAR_1_INSERTION,1,90782230,,FINVIEW,2021-06-18,606,finview,ABANDONED - NO STATEMENT OF USE FILED,Dead/Abandoned,False,042,False
36,NEAR_1_DELETION,1,87864615,5626264,IVIEW,2018-04-05,710,iview,CANCELLED - SECTION 8,Dead/Cancelled,False,,False
36,NEAR_1_DELETION,1,87819937,,IVIEW,2018-03-05,606,iview,ABANDONED - NO STATEMENT OF USE FILED,Dead/Abandoned,False,"005,010,044",True
36,NEAR_1_INSERTION,1,87797155,,IONVIEW,2018-02-14,606,ionview,ABANDONED - NO STATEMENT OF USE FILED,Dead/Abandoned,False,009,False
36,NEAR_1_DELETION,1,87619072,5563900,NVIEW,2017-09-22,710,nview,CANCELLED - SECTION 8,Dead/Cancelled,False,,False
36,NEAR_1_SUBSTITUTION,1,79201632,5409471,ENVIEW,2016-10-21,404,enview,IR CANCELLED; US REGISTRATION CANCELLED,Dead/Cancelled,False,,False
36,NEAR_1_SUBSTITUTION,1,87133153,5212426,ONVIEW,2016-08-10,710,onview,CANCELLED - SECTION 8,Dead/Cancelled,False,,False
36,NEAR_1_SUBSTITUTION,1,86800162,,ENVIEW,2015-10-27,606,enview,ABANDONED - NO STATEMENT OF USE FILED,Dead/Abandoned,False,"005,010",True
36,NEAR_1_DELETION,1,86738318,,NVIEW,2015-08-26,606,nview,ABANDONED - NO STATEMENT OF USE FILED,Dead/Abandoned,False,042,False
36,NEAR_1_SUBSTITUTION,1,79150255,4669360,INFIEW,2014-06-04,404,infiew,IR CANCELLED; US REGISTRATION CANCELLED,Dead/Cancelled,False,,False
36,NEAR_1_DELETION,1,79143984,,IVIEW,2014-01-07,402,iview,IR CANCELLED; US APPLICATION ABANDONED,Dead/Abandoned,False,,False
36,NEAR_1_SUBSTITUTION,1,85799029,4507056,ONVIEW,2012-12-10,710,onview,CANCELLED - SECTION 8,Dead/Cancelled,False,,False
36,NEAR_1_INSERTION,1,85721889,4393860,WINVIEW,2012-09-06,710,winview,CANCELLED - SECTION 8,Dead/Cancelled,False,,False
36,NEAR_1_INSERTION,1,85710831,4564809,IINVIEW,2012-08-23,710,iinview,CANCELLED - SECTION 8,Dead/Cancelled,False,,False
36,NEAR_1_INSERTION,1,79112771,4252222,INOVIEW,2012-04-18,404,inoview,IR CANCELLED; US REGISTRATION CANCELLED,Dead/Cancelled,False,,False
36,NEAR_1_DELETION,1,85477593,4175305,IVIEW,2011-11-21,710,iview,CANCELLED - SECTION 8,Dead/Cancelled,False,,False
36,NEAR_1_DELETION,1,85406510,4141864,IN VIE,2011-08-24,710,invie,CANCELLED - SECTION 8,Dead/Cancelled,False,,False
36,NEAR_1_DELETION,1,85387880,4238770,IVIEW,2011-08-03,710,iview,CANCELLED - SECTION 8,Dead/Cancelled,False,,False
36,NEAR_1_DELETION,1,85319031,,I-VIEW,2011-05-12,602,iview,ABANDONED-FAILURE TO RESPOND OR LATE RESPONSE,Dead/Abandoned,False,"009,038,042",False
36,NEAR_1_DELETION,1,85294206,4145332,I-VIEW,2011-04-13,710,iview,CANCELLED - SECTION 8,Dead/Cancelled,False,,False
36,NEAR_1_DELETION,1,85274635,4145166,I-VIEW,2011-03-23,710,iview,CANCELLED - SECTION 8,Dead/Cancelled,False,,False
36,NEAR_1_DELETION,1,85233911,,IVIEW,2011-02-03,602,iview,ABANDONED-FAILURE TO RESPOND OR LATE RESPONSE,Dead/Abandoned,False,009,False
36,NEAR_1_DELETION,1,85194371,3995298,IVIEW,2010-12-09,710,iview,CANCELLED - SECTION 8,Dead/Cancelled,False,,False
36,NEAR_1_SUBSTITUTION,1,85119830,3954584,ENVIEW,2010-08-31,710,enview,CANCELLED - SECTION 8,Dead/Cancelled,False,,False
36,NEAR_1_DELETION,1,85092637,,NVIEW,2010-07-26,606,nview,ABANDONED - NO STATEMENT OF USE FILED,Dead/Abandoned,False,"009,011",False
36,NEAR_1_SUBSTITUTION,1,79081763,3964472,ONVIEW,2010-03-29,404,onview,IR CANCELLED; US REGISTRATION CANCELLED,Dead/Cancelled,False,,False
36,NEAR_1_SUBSTITUTION,1,77919460,,ENVIEW,2010-01-25,604,enview,ABANDONED - AFTER INTER-PARTES DECISION,Dead/Abandoned,False,,False
36,NEAR_1_DELETION,1,77676627,3861587,IVIEW,2009-02-23,710,iview,CANCELLED - SECTION 8,Dead/Cancelled,False,,False
36,NEAR_1_DELETION,1,77546148,,IVIEW,2008-08-13,606,iview,ABANDONED - NO STATEMENT OF USE FILED,Dead/Abandoned,False,009,False
36,NEAR_1_DELETION,1,77422144,,IVIEW,2008-03-14,602,iview,ABANDONED-FAILURE TO RESPOND OR LATE RESPONSE,Dead/Abandoned,False,009,False
36,NEAR_1_INSERTION,1,77401214,3729119,IN2VIEW,2008-02-20,710,in2view,CANCELLED - SECTION 8,Dead/Cancelled,False,,False
36,NEAR_1_SUBSTITUTION,1,77240666,,IMVIEW,2007-07-27,602,imview,ABANDONED-FAILURE TO RESPOND OR LATE RESPONSE,Dead/Abandoned,False,042,False
36,NEAR_1_DELETION,1,77212174,3571184,I-VIEW,2007-06-21,710,iview,CANCELLED - SECTION 8,Dead/Cancelled,False,,False
36,NEAR_1_DELETION,1,77083835,,I-VIEW,2007-01-16,602,iview,ABANDONED-FAILURE TO RESPOND OR LATE RESPONSE,Dead/Abandoned,False,009,False
36,NEAR_1_DELETION,1,78971237,,I--VIEW,2006-09-11,606,iview,ABANDONED - NO STATEMENT OF USE FILED,Dead/Abandoned,False,009,False
36,NEAR_1_DELETION,1,78955107,3773651,I-VIEW,2006-08-18,710,iview,CANCELLED - SECTION 8,Dead/Cancelled,False,,False
36,NEAR_1_DELETION,1,78898274,,IVIEW,2006-06-01,602,iview,ABANDONED-FAILURE TO RESPOND OR LATE RESPONSE,Dead/Abandoned,False,009,False
36,NEAR_1_DELETION,1,78701326,,IVIEW,2005-08-26,602,iview,ABANDONED-FAILURE TO RESPOND OR LATE RESPONSE,Dead/Abandoned,False,042,False
36,NEAR_1_SUBSTITUTION,1,78616760,,IPVIEW,2005-04-26,606,ipview,ABANDONED - NO STATEMENT OF USE FILED,Dead/Abandoned,False,009,False
36,NEAR_1_DELETION,1,78439963,,IVIEW,2004-06-23,602,iview,ABANDONED-FAILURE TO RESPOND OR LATE RESPONSE,Dead/Abandoned,False,009,False
36,NEAR_1_INSERTION,1,78421266,3218591,INIVIEW,2004-05-19,710,iniview,CANCELLED - SECTION 8,Dead/Cancelled,False,,False
36,NEAR_1_DELETION,1,78397385,,I-VIEW,2004-04-06,606,iview,ABANDONED - NO STATEMENT OF USE FILED,Dead/Abandoned,False,"009,041",False
36,NEAR_1_DELETION,1,76578073,,IVIEW,2004-02-27,602,iview,ABANDONED-FAILURE TO RESPOND OR LATE RESPONSE,Dead/Abandoned,False,010,True
36,NEAR_1_DELETION,1,76569965,,I-VIEW,2004-01-09,606,iview,ABANDONED - NO STATEMENT OF USE FILED,Dead/Abandoned,False,009,False
36,NEAR_1_DELETION,1,78237530,,NVIEW,2003-04-14,602,nview,ABANDONED-FAILURE TO RESPOND OR LATE RESPONSE,Dead/Abandoned,False,"009,042",False
36,NEAR_1_INSERTION,1,78216512,2927746,INAVIEW,2003-02-19,710,inaview,CANCELLED - SECTION 8,Dead/Cancelled,False,,False
36,NEAR_1_SUBSTITUTION,1,78213561,2911712,IQVIEW,2003-02-11,710,iqview,CANCELLED - SECTION 8,Dead/Cancelled,False,,False
36,NEAR_1_SUBSTITUTION,1,76468903,2864241,IDVIEW,2002-11-12,710,idview,CANCELLED - SECTION 8,Dead/Cancelled,False,,False
36,NEAR_1_DELETION,1,78151638,,NVIEW,2002-08-07,602,nview,ABANDONED-FAILURE TO RESPOND OR LATE RESPONSE,Dead/Abandoned,False,009,False
36,NEAR_1_DELETION,1,78107139,,I-VIEW,2002-02-06,602,iview,ABANDONED-FAILURE TO RESPOND OR LATE RESPONSE,Dead/Abandoned,False,"009,010",True
36,NEAR_1_DELETION,1,78101046,2625297,I-VIEW,2002-01-04,710,iview,CANCELLED - SECTION 8,Dead/Cancelled,False,,False
36,NEAR_1_DELETION,1,76349184,2809129,NVIEW,2001-12-14,710,nview,CANCELLED - SECTION 8,Dead/Cancelled,False,,False
36,NEAR_1_DELETION,1,76331029,2782667,NVIEW,2001-10-30,710,nview,CANCELLED - SECTION 8,Dead/Cancelled,False,,False
36,NEAR_1_DELETION,1,76330634,,I-VIEW,2001-10-29,602,iview,ABANDONED-FAILURE TO RESPOND OR LATE RESPONSE,Dead/Abandoned,False,009,False
36,NEAR_1_DELETION,1,78085785,,I.VIEW,2001-09-26,602,iview,ABANDONED-FAILURE TO RESPOND OR LATE RESPONSE,Dead/Abandoned,False,042,False
36,NEAR_1_SUBSTITUTION,1,76270688,,I2-VIEW,2001-06-13,602,i2view,ABANDONED-FAILURE TO RESPOND OR LATE RESPONSE,Dead/Abandoned,False,"009,016,035,038,040,041,042",True
36,NEAR_1_DELETION,1,76263057,2812105,I VIEW,2001-05-29,710,iview,CANCELLED - SECTION 8,Dead/Cancelled,False,,False
36,NEAR_1_DELETION,1,78060650,,NVIEW,2001-04-26,602,nview,ABANDONED-FAILURE TO RESPOND OR LATE RESPONSE,Dead/Abandoned,False,042,False
36,NEAR_1_SUBSTITUTION,1,76219909,,IC-VIEW,2001-03-01,602,icview,ABANDONED-FAILURE TO RESPOND OR LATE RESPONSE,Dead/Abandoned,False,"005,010",True
36,NEAR_1_INSERTION,1,76181699,,INNVIEW,2000-12-15,602,innview,ABANDONED-FAILURE TO RESPOND OR LATE RESPONSE,Dead/Abandoned,False,"038,041",False
36,NEAR_1_DELETION,1,76182570,,IVIEW,2000-12-15,602,iview,ABANDONED-FAILURE TO RESPOND OR LATE RESPONSE,Dead/Abandoned,False,009,False
36,NEAR_1_DELETION,1,76139701,2566928,IVIEW,2000-10-03,710,iview,CANCELLED - SECTION 8,Dead/Cancelled,False,,False
36,NEAR_1_SUBSTITUTION,1,76135074,2539799,I IVIEW,2000-09-25,710,iiview,CANCELLED - SECTION 8,Dead/Cancelled,False,,False
36,NEAR_1_INSERTION,1,76120381,,INOVIEW,2000-08-30,602,inoview,ABANDONED-FAILURE TO RESPOND OR LATE RESPONSE,Dead/Abandoned,False,042,False
36,NEAR_1_SUBSTITUTION,1,76103649,2587443,ICVIEW,2000-08-04,710,icview,CANCELLED - SECTION 8,Dead/Cancelled,False,,False
36,NEAR_1_SUBSTITUTION,1,76036378,,IPVIEW,2000-04-27,606,ipview,ABANDONED - NO STATEMENT OF USE FILED,Dead/Abandoned,False,009,False
36,NEAR_1_DELETION,1,76031962,,IVIEW,2000-04-21,601,iview,ABANDONED - EXPRESS,Dead/Abandoned,False,009,False
36,NEAR_1_DELETION,1,75926968,2657711,IVIEW,2000-02-24,710,iview,CANCELLED - SECTION 8,Dead/Cancelled,False,,False
36,NEAR_1_SUBSTITUTION,1,75917241,,ONVIEW,2000-02-14,602,onview,ABANDONED-FAILURE TO RESPOND OR LATE RESPONSE,Dead/Abandoned,False,041,False
36,NEAR_1_DELETION,1,75904737,,IVIEW,2000-01-28,606,iview,ABANDONED - NO STATEMENT OF USE FILED,Dead/Abandoned,False,009,False
36,NEAR_1_DELETION,1,75899665,2575103,IVIEW,2000-01-20,710,iview,CANCELLED - SECTION 8,Dead/Cancelled,False,,False
36,NEAR_1_DELETION,1,75866155,2805177,I VIEW,1999-12-07,710,iview,CANCELLED - SECTION 8,Dead/Cancelled,False,,False
36,NEAR_1_DELETION,1,75816254,2884534,N-VIEW,1999-10-06,710,nview,CANCELLED - SECTION 8,Dead/Cancelled,False,,False
36,NEAR_1_INSERTION,1,75807576,,INOVIEW,1999-09-27,606,inoview,ABANDONED - NO STATEMENT OF USE FILED,Dead/Abandoned,False,010,True
36,NEAR_1_DELETION,1,75742614,,IVIEW,1999-06-30,602,iview,ABANDONED-FAILURE TO RESPOND OR LATE RESPONSE,Dead/Abandoned,False,009,False
36,NEAR_1_DELETION,1,75738111,2629671,IVIEW,1999-06-28,710,iview,CANCELLED - SECTION 8,Dead/Cancelled,False,,False
36,NEAR_1_DELETION,1,75698183,,I-VIEW,1999-05-05,602,iview,ABANDONED-FAILURE TO RESPOND OR LATE RESPONSE,Dead/Abandoned,False,009,False
36,NEAR_1_DELETION,1,75656068,,IVIEW,1999-03-08,602,iview,ABANDONED-FAILURE TO RESPOND OR LATE RESPONSE,Dead/Abandoned,False,009,False
36,NEAR_1_INSERTION,1,75652010,2484240,IENVIEW,1999-03-02,710,ienview,CANCELLED - SECTION 8,Dead/Cancelled,False,,False
36,NEAR_1_SUBSTITUTION,1,75610550,,IIVIEW,1998-12-22,602,iiview,ABANDONED-FAILURE TO RESPOND OR LATE RESPONSE,Dead/Abandoned,False,"001,009,040",False
36,NEAR_1_SUBSTITUTION,1,75610604,,IIVIEW,1998-12-22,606,iiview,ABANDONED - NO STATEMENT OF USE FILED,Dead/Abandoned,False,"001,009,010,040",True
36,NEAR_1_SUBSTITUTION,1,75589469,,IPVIEW,1998-11-25,602,ipview,ABANDONED-FAILURE TO RESPOND OR LATE RESPONSE,Dead/Abandoned,False,009,False
36,NEAR_1_DELETION,1,75536144,2432061,IVIEW,1998-08-13,710,iview,CANCELLED - SECTION 8,Dead/Cancelled,False,,False
36,NEAR_1_SUBSTITUTION,1,75454140,,IQVIEW,1998-03-20,602,iqview,ABANDONED-FAILURE TO RESPOND OR LATE RESPONSE,Dead/Abandoned,False,009,False
36,NEAR_1_SUBSTITUTION,1,75230406,2116392,ONVIEW,1997-01-22,710,onview,CANCELLED - SECTION 8,Dead/Cancelled,False,,False
36,NEAR_1_INSERTION,1,75179370,,INNVIEW,1996-09-27,602,innview,ABANDONED-FAILURE TO RESPOND OR LATE RESPONSE,Dead/Abandoned,False,,False
36,NEAR_1_INSERTION,1,75112431,,INN-VIEW,1996-05-31,602,innview,ABANDONED-FAILURE TO RESPOND OR LATE RESPONSE,Dead/Abandoned,False,,False
36,NEAR_1_DELETION,1,75023881,,I-VIEW,1995-11-27,606,iview,ABANDONED - NO STATEMENT OF USE FILED,Dead/Abandoned,False,,False
36,NEAR_1_DELETION,1,74560859,,I VIEW,1994-08-15,602,iview,ABANDONED-FAILURE TO RESPOND OR LATE RESPONSE,Dead/Abandoned,False,,False
36,NEAR_1_SUBSTITUTION,1,74465587,1960792,ONVIEW,1993-12-06,710,onview,CANCELLED - SECTION 8,Dead/Cancelled,False,,False
36,NEAR_1_INSERTION,1,74433127,1868731,U IN VIEW,1993-09-07,710,uinview,CANCELLED - SECTION 8,Dead/Cancelled,False,,False
36,NEAR_1_SUBSTITUTION,1,74433139,1909239,ENVIEW,1993-09-01,710,enview,CANCELLED - SECTION 8,Dead/Cancelled,False,,False
36,NEAR_1_INSERTION,1,74372244,1849138,WINVIEW,1993-03-26,710,winview,CANCELLED - SECTION 8,Dead/Cancelled,False,,False
36,NEAR_1_INSERTION,1,74278183,1745649,INKVIEW,1992-05-21,710,inkview,CANCELLED - SECTION 8,Dead/Cancelled,False,,False
36,NEAR_1_DELETION,1,74079008,,I/VIEW,1990-07-12,606,iview,ABANDONED - NO STATEMENT OF USE FILED,Dead/Abandoned,False,,False
36,NEAR_1_DELETION,1,74010099,1764079,NVIEW,1989-12-12,710,nview,CANCELLED - SECTION 8,Dead/Cancelled,False,,False
36,NEAR_1_INSERTION,1,73717336,1521782,INK-VIEW,1988-03-18,710,inkview,CANCELLED - SECTION 8,Dead/Cancelled,False,,False
36,NEAR_1_SUBSTITUTION,1,73627313,1442933,ONVIEW,1986-10-28,710,onview,CANCELLED - SECTION 8,Dead/Cancelled,False,,False
36,NEAR_1_INSERTION,1,73611791,1431935,INN VIEW,1986-07-28,710,innview,CANCELLED - SECTION 8,Dead/Cancelled,False,,False
36,NEAR_1_INSERTION,1,73435688,1321524,M IN VIEW,1983-07-22,710,minview,CANCELLED - SECTION 8,Dead/Cancelled,False,,False
36,NEAR_1_SUBSTITUTION,1,73290149,,II-VIEW,1980-12-17,602,iiview,ABANDONED-FAILURE TO RESPOND OR LATE RESPONSE,Dead/Abandoned,False,,False
36,NEAR_1_SUBSTITUTION,1,72281676,0859795,ON VIEW,1967-10-03,900,onview,EXPIRED,Dead/Expired,False,,False
36,NEAR_1_SUBSTITUTION,1,81020902,1020902,ON VIEW,,710,onview,CANCELLED - SECTION 8,Dead/Cancelled,False,,False
37,EXACT,0,75927029,,HE@LTH,2000-02-22,602,helth,ABANDONED-FAILURE TO RESPOND OR LATE RESPONSE,Dead/Abandoned,False,042,False
37,NEAR_1_DELETION,1,99898228,,HLTH,2026-06-22,630,hlth,NEW APPLICATION - RECORD INITIALIZED NOT ASSIGNED TO EXAMINER,Live/Pending,True,009,False
37,NEAR_1_INSERTION,1,79450745,,HEALTH+,2026-03-06,681,health,PUBLICATION/ISSUE REVIEW COMPLETE,Live/Pending,True,031,False
37,NEAR_1_DELETION,1,99679854,,HETH,2026-03-03,681,heth,PUBLICATION/ISSUE REVIEW COMPLETE,Live/Pending,True,005,True
37,NEAR_1_DELETION,1,99567097,,HLTH,2025-12-26,686,hlth,PUBLISHED FOR OPPOSITION,Live/Pending,True,025,False
37,NEAR_1_SUBSTITUTION,1,99302137,,HERTH,2025-07-24,688,herth,NOTICE OF ALLOWANCE - ISSUED,Live/Pending,True,041,False
37,NEAR_1_SUBSTITUTION,1,98894300,,WELTH,2024-12-10,730,welth,FIRST EXTENSION - GRANTED,Live/Pending,True,"035,042",True
37,NEAR_1_DELETION,1,98602712,8153535,HETH,2024-06-14,700,heth,REGISTERED,Live/Registered,True,005,True
37,NEAR_1_INSERTION,1,98491737,8206868,WHELTH,2024-04-09,700,whelth,REGISTERED,Live/Registered,True,"005,025,035",True
37,NEAR_1_DELETION,1,98298550,7539616,HLTH.,2023-12-04,700,hlth,REGISTERED,Live/Registered,True,"035,041",True
37,NEAR_1_SUBSTITUTION,1,98271804,7542140,HEATH,2023-11-15,700,heath,REGISTERED,Live/Registered,True,"037,041,042",False
37,NEAR_1_SUBSTITUTION,1,98271809,7542141,HEATH,2023-11-15,700,heath,REGISTERED,Live/Registered,True,"037,041,042",False
37,NEAR_1_INSERTION,1,79376654,,HEALTH+,2023-05-24,652,health,SUSPENSION LETTER COUNTED - NOT MAILED,Live/Pending,True,031,False
37,NEAR_1_SUBSTITUTION,1,97924977,7399492,HEATH,2023-05-08,700,heath,REGISTERED,Live/Registered,True,028,False
37,NEAR_1_INSERTION,1,97713103,7615083,HEALTH,2022-12-12,700,health,REGISTERED,Live/Registered,True,"009,042",False
37,NEAR_1_INSERTION,1,97315294,7198955,HEALTH,2022-03-16,700,health,REGISTERED,Live/Registered,True,"009,035,042,044,045",True
37,NEAR_1_INSERTION,1,97311107,7179274,HEALTH,2022-03-14,700,health,REGISTERED,Live/Registered,True,"009,035,042,044,045",True
37,NEAR_1_INSERTION,1,97172797,,HELITH,2021-12-15,630,helith,NEW APPLICATION - RECORD INITIALIZED NOT ASSIGNED TO EXAMINER,Live/Pending,True,009,False
37,NEAR_1_DELETION,1,97098001,6916501,HELT,2021-10-28,700,helt,REGISTERED,Live/Registered,True,025,False
37,NEAR_1_INSERTION,1,90055358,6481884,HEALTH+,2020-07-15,700,health,REGISTERED,Live/Registered,True,041,False
37,NEAR_1_INSERTION,1,88888462,6925407,HEALTH +,2020-04-27,700,health,REGISTERED,Live/Registered,True,"009,042",False
37,NEAR_1_INSERTION,1,88346914,6285034,HEALTH,2019-03-19,700,health,REGISTERED,Live/Registered,True,"003,005,025,027,028,030,032",True
37,NEAR_1_SUBSTITUTION,1,88288235,5930533,HEATH,2019-02-04,702,heath,SECTION 8 & 15-ACCEPTED AND ACKNOWLEDGED,Live/Registered,True,"008,019,024",False
37,NEAR_1_INSERTION,1,88228510,6257651,HEALTH,2018-12-13,700,health,REGISTERED,Live/Registered,True,044,True
37,NEAR_1_INSERTION,1,88027668,5767309,HEALTH+,2018-07-06,701,health,SECTION 8-ACCEPTED,Live/Registered,True,021,True
37,NEAR_1_SUBSTITUTION,1,87908619,5929846,HEATH,2018-05-04,702,heath,SECTION 8 & 15-ACCEPTED AND ACKNOWLEDGED,Live/Registered,True,021,True
37,NEAR_1_SUBSTITUTION,1,79228635,7184936,HEATH,2017-10-04,700,heath,REGISTERED,Live/Registered,True,"003,004,008,016,018,035",True
37,NEAR_1_DELETION,1,87456760,5356870,HLTH,2017-05-19,701,hlth,SECTION 8-ACCEPTED,Live/Registered,True,035,True
37,NEAR_1_DELETION,1,87429199,5349721,HETH,2017-04-28,701,heth,SECTION 8-ACCEPTED,Live/Registered,True,028,False
37,NEAR_1_DELETION,1,87294672,5275459,HETH,2017-01-10,701,heth,SECTION 8-ACCEPTED,Live/Registered,True,009,False
37,NEAR_1_INSERTION,1,87199712,5221924,HEALTH,2016-10-11,705,health,PARTIAL SECTION 8 & 15 ACCEPTED AND ACKNOWLEDGED,Live/Registered,True,"009,041",False
37,NEAR_1_INSERTION,1,85773385,4361113,HEALTH,2012-11-07,800,health,REGISTERED AND RENEWED,Live/Registered,True,009,False
37,NEAR_1_INSERTION,1,85402185,4265354,HEALTH,2011-08-19,800,health,REGISTERED AND RENEWED,Live/Registered,True,009,False
37,NEAR_1_SUBSTITUTION,1,77921003,3840907,HEATH,2010-01-27,800,heath,REGISTERED AND RENEWED,Live/Registered,True,030,False
37,NEAR_1_DELETION,1,75917525,2526743,ELTH,2000-02-14,800,elth,REGISTERED AND RENEWED,Live/Registered,True,009,False
37,NEAR_1_INSERTION,1,75124228,2159486,HEALTH,1996-06-24,800,health,REGISTERED AND RENEWED,Live/Registered,True,042,False
37,NEAR_1_INSERTION,1,74649159,2400337,HEALTH,1995-03-20,800,health,REGISTERED AND RENEWED,Live/Registered,True,042,False
37,NEAR_1_SUBSTITUTION,1,73576246,1404302,HEATH,1986-01-03,800,heath,REGISTERED AND RENEWED,Live/Registered,True,030,False
37,NEAR_1_INSERTION,1,99036981,,(HE)ALTH,2025-02-11,602,health,ABANDONED-FAILURE TO RESPOND OR LATE RESPONSE,Dead/Abandoned,False,009,False
37,NEAR_1_DELETION,1,98036165,,HEL + H,2023-06-09,606,helh,ABANDONED - NO STATEMENT OF USE FILED,Dead/Abandoned,False,035,True
37,NEAR_1_INSERTION,1,97857940,,HEALTH,2023-03-27,602,health,ABANDONED-FAILURE TO RESPOND OR LATE RESPONSE,Dead/Abandoned,False,002,False
37,NEAR_1_INSERTION,1,90574087,,HEALTH,2021-03-11,602,health,ABANDONED-FAILURE TO RESPOND OR LATE RESPONSE,Dead/Abandoned,False,005,True
37,NEAR_1_INSERTION,1,90372213,,@HEALTH,2020-12-10,602,health,ABANDONED-FAILURE TO RESPOND OR LATE RESPONSE,Dead/Abandoned,False,042,False
37,NEAR_1_DELETION,1,88701105,,HLTH,2019-11-21,602,hlth,ABANDONED-FAILURE TO RESPOND OR LATE RESPONSE,Dead/Abandoned,False,005,True
37,NEAR_1_INSERTION,1,88495753,,HEALTH,2019-07-01,606,health,ABANDONED - NO STATEMENT OF USE FILED,Dead/Abandoned,False,003,True
37,NEAR_1_INSERTION,1,88347872,,HEALTH,2019-03-20,602,health,ABANDONED-FAILURE TO RESPOND OR LATE RESPONSE,Dead/Abandoned,False,035,True
37,NEAR_1_DELETION,1,88275519,,HETH,2019-01-24,602,heth,ABANDONED-FAILURE TO RESPOND OR LATE RESPONSE,Dead/Abandoned,False,025,False
37,NEAR_1_INSERTION,1,88019914,,HEALTH+,2018-06-28,602,health,ABANDONED-FAILURE TO RESPOND OR LATE RESPONSE,Dead/Abandoned,False,005,True
37,NEAR_1_INSERTION,1,87928932,5684177,HELTHA,2018-05-20,710,heltha,CANCELLED - SECTION 8,Dead/Cancelled,False,,False
37,NEAR_1_DELETION,1,87676985,5445379,HLTH,2017-11-08,710,hlth,CANCELLED - SECTION 8,Dead/Cancelled,False,,False
37,NEAR_1_SUBSTITUTION,1,87611109,5582095,HELMH,2017-09-16,710,helmh,CANCELLED - SECTION 8,Dead/Cancelled,False,,False
37,NEAR_1_INSERTION,1,87441359,,HELTHE,2017-05-08,602,helthe,ABANDONED-FAILURE TO RESPOND OR LATE RESPONSE,Dead/Abandoned,False,032,False
37,NEAR_1_SUBSTITUTION,1,87265303,5397676,TELTH,2016-12-12,710,telth,CANCELLED - SECTION 8,Dead/Cancelled,False,,False
37,NEAR_1_DELETION,1,87187773,,HLTH,2016-09-29,602,hlth,ABANDONED-FAILURE TO RESPOND OR LATE RESPONSE,Dead/Abandoned,False,009,False
37,NEAR_1_INSERTION,1,86657332,,HEALTH +,2015-06-10,602,health,ABANDONED-FAILURE TO RESPOND OR LATE RESPONSE,Dead/Abandoned,False,"009,028",False
37,NEAR_1_DELETION,1,86477430,,H ELT,2014-12-11,606,helt,ABANDONED - NO STATEMENT OF USE FILED,Dead/Abandoned,False,"009,035,042",True
37,NEAR_1_INSERTION,1,86372930,,HEALTH,2014-08-21,606,health,ABANDONED - NO STATEMENT OF USE FILED,Dead/Abandoned,False,044,True
37,NEAR_1_INSERTION,1,86335552,4622824,HEALTH,2014-07-12,710,health,CANCELLED - SECTION 8,Dead/Cancelled,False,,False
37,NEAR_1_SUBSTITUTION,1,86291032,,HEATH,2014-05-23,606,heath,ABANDONED - NO STATEMENT OF USE FILED,Dead/Abandoned,False,018,False
37,NEAR_1_INSERTION,1,86032340,4590155,HELPTH,2013-08-08,710,helpth,CANCELLED - SECTION 8,Dead/Cancelled,False,,False
37,NEAR_1_INSERTION,1,85736140,4433713,HEALTH,2012-09-24,710,health,CANCELLED - SECTION 8,Dead/Cancelled,False,,False
37,NEAR_1_DELETION,1,85678577,,H ET H,2012-07-16,606,heth,ABANDONED - NO STATEMENT OF USE FILED,Dead/Abandoned,False,025,False
37,NEAR_1_DELETION,1,85678587,,H ET H,2012-07-16,606,heth,ABANDONED - NO STATEMENT OF USE FILED,Dead/Abandoned,False,018,False
37,NEAR_1_DELETION,1,85678593,,H ET H,2012-07-16,606,heth,ABANDONED - NO STATEMENT OF USE FILED,Dead/Abandoned,False,024,False
37,NEAR_1_DELETION,1,85678597,,H ET H,2012-07-16,606,heth,ABANDONED - NO STATEMENT OF USE FILED,Dead/Abandoned,False,020,False
37,NEAR_1_SUBSTITUTION,1,85452773,4347470,HEATH,2011-10-21,710,heath,CANCELLED - SECTION 8,Dead/Cancelled,False,,False
37,NEAR_1_SUBSTITUTION,1,77921002,3840906,HEATH,2010-01-27,710,heath,CANCELLED - SECTION 8,Dead/Cancelled,False,,False
37,NEAR_1_INSERTION,1,77194424,3372634,HEALTH,2007-05-31,710,health,CANCELLED - SECTION 8,Dead/Cancelled,False,,False
37,NEAR_1_INSERTION,1,78929538,,HEALTH,2006-07-14,602,health,ABANDONED-FAILURE TO RESPOND OR LATE RESPONSE,Dead/Abandoned,False,005,True
37,NEAR_1_SUBSTITUTION,1,78896013,3309793,HEATH,2006-05-30,710,heath,CANCELLED - SECTION 8,Dead/Cancelled,False,,False
37,NEAR_1_INSERTION,1,78453757,,.HEALTH,2004-07-20,602,health,ABANDONED-FAILURE TO RESPOND OR LATE RESPONSE,Dead/Abandoned,False,009,False
37,NEAR_1_INSERTION,1,76305968,,HEALTH +,2001-08-28,602,health,ABANDONED-FAILURE TO RESPOND OR LATE RESPONSE,Dead/Abandoned,False,005,True
37,NEAR_1_INSERTION,1,76217206,,HELTHE,2001-02-27,602,helthe,ABANDONED-FAILURE TO RESPOND OR LATE RESPONSE,Dead/Abandoned,False,032,False
37,NEAR_1_INSERTION,1,75776973,,HEALTH,1999-08-13,606,health,ABANDONED - NO STATEMENT OF USE FILED,Dead/Abandoned,False,035,True
37,NEAR_1_INSERTION,1,75742504,2598485,HAELTH,1999-07-02,710,haelth,CANCELLED - SECTION 8,Dead/Cancelled,False,,False
37,NEAR_1_DELETION,1,75662967,2370530,ELTH,1999-03-18,710,elth,CANCELLED - SECTION 8,Dead/Cancelled,False,,False
37,NEAR_1_INSERTION,1,75573948,,HEALTH,1998-11-04,602,health,ABANDONED-FAILURE TO RESPOND OR LATE RESPONSE,Dead/Abandoned,False,005,True
37,NEAR_1_INSERTION,1,75519192,2736962,HAELTH,1998-07-15,710,haelth,CANCELLED - SECTION 8,Dead/Cancelled,False,,False
37,NEAR_1_SUBSTITUTION,1,75419192,,HEATH,1998-01-16,601,heath,ABANDONED - EXPRESS,Dead/Abandoned,False,,False
37,NEAR_1_SUBSTITUTION,1,75145457,2140169,HEATH,1996-08-05,710,heath,CANCELLED - SECTION 8,Dead/Cancelled,False,,False
37,NEAR_1_SUBSTITUTION,1,75145458,2144059,HEATH,1996-08-05,710,heath,CANCELLED - SECTION 8,Dead/Cancelled,False,,False
37,NEAR_1_INSERTION,1,74485354,1961337,HEALTH,1994-02-01,710,health,CANCELLED - SECTION 8,Dead/Cancelled,False,,False
37,NEAR_1_DELETION,1,74026863,1622244,ELTH,1990-01-22,710,elth,CANCELLED - SECTION 8,Dead/Cancelled,False,,False
37,NEAR_1_SUBSTITUTION,1,73826720,1597076,HEATH,1989-09-20,710,heath,CANCELLED - SECTION 8,Dead/Cancelled,False,,False
37,NEAR_1_SUBSTITUTION,1,73826721,1616263,HEATH,1989-09-20,710,heath,CANCELLED - SECTION 8,Dead/Cancelled,False,,False
37,NEAR_1_SUBSTITUTION,1,73695820,1497754,HEATH,1987-11-16,710,heath,CANCELLED - SECTION 8,Dead/Cancelled,False,,False
37,NEAR_1_INSERTION,1,73666960,,HEALTH,1987-06-17,602,health,ABANDONED-FAILURE TO RESPOND OR LATE RESPONSE,Dead/Abandoned,False,,False
37,NEAR_1_INSERTION,1,73638504,1543309,HEALTH,1987-01-06,710,health,CANCELLED - SECTION 8,Dead/Cancelled,False,,False
37,NEAR_1_INSERTION,1,73635862,,HEALTH,1986-12-17,602,health,ABANDONED-FAILURE TO RESPOND OR LATE RESPONSE,Dead/Abandoned,False,,False
37,NEAR_1_SUBSTITUTION,1,73575151,1403352,HEATH,1985-12-24,710,heath,CANCELLED - SECTION 8,Dead/Cancelled,False,,False
37,NEAR_1_INSERTION,1,73560968,,HEALTH,1985-09-30,602,health,ABANDONED-FAILURE TO RESPOND OR LATE RESPONSE,Dead/Abandoned,False,,False
37,NEAR_1_INSERTION,1,73547963,,HEALTH,1985-07-15,601,health,ABANDONED - EXPRESS,Dead/Abandoned,False,,False
37,NEAR_1_SUBSTITUTION,1,73345154,1214845,HEATH,1982-01-11,710,heath,CANCELLED - SECTION 8,Dead/Cancelled,False,,False
37,NEAR_1_SUBSTITUTION,1,73185067,1128171,HEATH,1978-09-11,710,heath,CANCELLED - SECTION 8,Dead/Cancelled,False,,False
37,NEAR_1_SUBSTITUTION,1,73048907,1042117,HEATH,1975-04-09,900,heath,EXPIRED,Dead/Expired,False,,False
37,NEAR_1_SUBSTITUTION,1,72391419,0936184,HEATH,1971-05-07,900,heath,EXPIRED,Dead/Expired,False,,False
37,NEAR_1_SUBSTITUTION,1,72377465,0917233,HEATH,1970-11-30,710,heath,CANCELLED - SECTION 8,Dead/Cancelled,False,,False
37,NEAR_1_SUBSTITUTION,1,72339690,0930516,HEATH,1969-10-03,900,heath,EXPIRED,Dead/Expired,False,,False
37,NEAR_1_SUBSTITUTION,1,72337306,0928672,HEATH,1969-09-08,710,heath,CANCELLED - SECTION 8,Dead/Cancelled,False,,False
37,NEAR_1_SUBSTITUTION,1,72325754,0933893,HEATH,1969-04-28,900,heath,EXPIRED,Dead/Expired,False,,False
37,NEAR_1_SUBSTITUTION,1,72209856,0793753,HEATH,1965-01-13,710,heath,CANCELLED - SECTION 8,Dead/Cancelled,False,,False
37,NEAR_1_SUBSTITUTION,1,72199902,0799191,HEATH,1964-08-14,900,heath,EXPIRED,Dead/Expired,False,,False
37,NEAR_1_SUBSTITUTION,1,71659349,0598577,HEATH,1954-01-12,900,heath,EXPIRED,Dead/Expired,False,,False
37,NEAR_1_SUBSTITUTION,1,71598852,0575080,HEATH,1950-06-09,710,heath,CANCELLED - SECTION 8,Dead/Cancelled,False,,False
37,NEAR_1_INSERTION,1,71510190,0439764,HEALTH,1946-10-03,900,health,EXPIRED,Dead/Expired,False,,False
38,NEAR_1_INSERTION,1,99777100,,LIFESPAN,2026-04-21,630,lifespan,NEW APPLICATION - RECORD INITIALIZED NOT ASSIGNED TO EXAMINER,Live/Pending,True,"035,041",True
38,NEAR_1_INSERTION,1,99494697,8311861,LIFESPAN,2025-11-13,700,lifespan,REGISTERED,Live/Registered,True,"003,005,041",True
38,NEAR_1_INSERTION,1,79229061,5663566,LIFESPIN,2017-10-12,708,lifespin,PARTIAL SECTION 71 & 15 ACCEPTED AND ACKNOWLEDGED,Live/Registered,True,"001,005,042,045",True
38,NEAR_1_SUBSTITUTION,1,87320831,5363046,LIFESPA,2017-02-01,702,lifespa,SECTION 8 & 15-ACCEPTED AND ACKNOWLEDGED,Live/Registered,True,044,True
38,NEAR_1_SUBSTITUTION,1,86547026,4925269,LIFESPA,2015-02-26,800,lifespa,REGISTERED AND RENEWED,Live/Registered,True,044,True
38,NEAR_1_INSERTION,1,86432163,4755372,LIFESPAN+,2014-10-23,800,lifespan,REGISTERED AND RENEWED,Live/Registered,True,028,False
38,NEAR_1_INSERTION,1,86420788,4978840,LIFESPAN,2014-10-10,702,lifespan,SECTION 8 & 15-ACCEPTED AND ACKNOWLEDGED,Live/Registered,True,024,False
38,NEAR_1_INSERTION,1,86218636,5082585,LIFESPAN,2014-03-12,800,lifespan,REGISTERED AND RENEWED,Live/Registered,True,019,False
38,NEAR_1_INSERTION,1,85940416,4462290,LIFESPAN,2013-05-23,800,lifespan,REGISTERED AND RENEWED,Live/Registered,True,006,False
38,NEAR_1_SUBSTITUTION,1,85705960,4453272,LIFESPA,2012-08-16,800,lifespa,REGISTERED AND RENEWED,Live/Registered,True,"003,005,035,044",True
38,NEAR_1_INSERTION,1,85612951,4327105,LIFESPAN,2012-05-01,800,lifespan,REGISTERED AND RENEWED,Live/Registered,True,032,False
38,NEAR_1_INSERTION,1,76698810,3873645,LIFESPAN,2009-08-05,800,lifespan,REGISTERED AND RENEWED,Live/Registered,True,015,False
38,NEAR_1_INSERTION,1,78915582,3233327,LIFESPAN,2006-06-23,800,lifespan,REGISTERED AND RENEWED,Live/Registered,True,028,False
38,NEAR_1_INSERTION,1,78842821,3370632,LIFESPAN,2006-03-21,800,lifespan,REGISTERED AND RENEWED,Live/Registered,True,019,False
38,NEAR_1_INSERTION,1,75898038,2807628,LIFESPAN,2000-01-18,800,lifespan,REGISTERED AND RENEWED,Live/Registered,True,019,False
38,NEAR_1_INSERTION,1,75683941,2401522,LIFESPAN,1999-04-16,800,lifespan,REGISTERED AND RENEWED,Live/Registered,True,005,True
38,NEAR_1_INSERTION,1,75595005,2453680,LIFESPAN,1998-11-24,800,lifespan,REGISTERED AND RENEWED,Live/Registered,True,036,False
38,NEAR_1_INSERTION,1,75341673,2358065,LIFESPAN,1997-08-15,800,lifespan,REGISTERED AND RENEWED,Live/Registered,True,016,False
38,NEAR_1_INSERTION,1,74709444,2155950,LIFESPAN,1995-08-01,800,lifespan,REGISTERED AND RENEWED,Live/Registered,True,042,False
38,NEAR_1_INSERTION,1,75975616,2296218,LIFESPAN,1995-08-01,800,lifespan,REGISTERED AND RENEWED,Live/Registered,True,016,False
38,NEAR_1_INSERTION,1,73551026,1383979,LIFESPAN,1985-07-31,800,lifespan,REGISTERED AND RENEWED,Live/Registered,True,006,False
38,NEAR_1_INSERTION,1,73339830,1244329,LIFE SPAN,1981-12-03,800,lifespan,REGISTERED AND RENEWED,Live/Registered,True,025,False
38,NEAR_1_INSERTION,1,98418061,,LIFESPAN+,2024-02-23,606,lifespan,ABANDONED - NO STATEMENT OF USE FILED,Dead/Abandoned,False,044,True
38,NEAR_1_INSERTION,1,97318665,,LIFESPAN,2022-03-18,606,lifespan,ABANDONED - NO STATEMENT OF USE FILED,Dead/Abandoned,False,"009,042",False
38,NEAR_1_INSERTION,1,97081927,,LIFESPAN,2021-10-19,606,lifespan,ABANDONED - NO STATEMENT OF USE FILED,Dead/Abandoned,False,035,True
38,NEAR_1_INSERTION,1,90848640,,LIFESPAN,2021-07-26,606,lifespan,ABANDONED - NO STATEMENT OF USE FILED,Dead/Abandoned,False,"006,016,017,020,039,042",False
38,NEAR_1_INSERTION,1,88262686,,LIFESPAN,2019-01-15,606,lifespan,ABANDONED - NO STATEMENT OF USE FILED,Dead/Abandoned,False,"035,036,042",True
38,NEAR_1_INSERTION,1,87633590,5506671,LIFESPAN,2017-10-04,713,lifespan,CANCELLED - SECTION 18,Dead/Cancelled,False,,False
38,NEAR_1_SUBSTITUTION,1,79213774,5516057,LIFE SPA,2016-12-09,709,lifespa,CANCELLED SECTION 71,Dead/Cancelled,False,,False
38,NEAR_1_INSERTION,1,87114543,,LIFE SPAN,2016-07-25,601,lifespan,ABANDONED - EXPRESS,Dead/Abandoned,False,005,True
38,NEAR_1_INSERTION,1,87107349,,LIFESPAN,2016-07-18,602,lifespan,ABANDONED-FAILURE TO RESPOND OR LATE RESPONSE,Dead/Abandoned,False,005,True
38,NEAR_1_INSERTION,1,86885266,,LIFE SPAN+,2016-01-25,606,lifespan,ABANDONED - NO STATEMENT OF USE FILED,Dead/Abandoned,False,005,True
38,NEAR_1_INSERTION,1,86819779,,LIFESPAN,2015-11-13,606,lifespan,ABANDONED - NO STATEMENT OF USE FILED,Dead/Abandoned,False,"009,011",False
38,NEAR_1_INSERTION,1,86657817,5120330,LIFESPAN,2015-06-10,710,lifespan,CANCELLED - SECTION 8,Dead/Cancelled,False,,False
38,NEAR_1_INSERTION,1,77943466,,LIFESPAN,2010-02-24,602,lifespan,ABANDONED-FAILURE TO RESPOND OR LATE RESPONSE,Dead/Abandoned,False,044,True
38,NEAR_1_INSERTION,1,76696412,,LIFESPAN,2009-03-20,606,lifespan,ABANDONED - NO STATEMENT OF USE FILED,Dead/Abandoned,False,016,False
38,NEAR_1_INSERTION,1,77690651,3689189,LIFE SPAN,2009-03-13,710,lifespan,CANCELLED - SECTION 8,Dead/Cancelled,False,,False
38,NEAR_1_INSERTION,1,77625177,,LIFESPAN,2008-12-03,603,lifespan,ABANDONED - AFTER EX PARTE APPEAL,Dead/Abandoned,False,"035,036",True
38,NEAR_1_INSERTION,1,77427984,,LIFESPAN,2008-03-21,602,lifespan,ABANDONED-FAILURE TO RESPOND OR LATE RESPONSE,Dead/Abandoned,False,036,False
38,NEAR_1_SUBSTITUTION,1,78877904,,LIFE | SPA,2006-05-05,606,lifespa,ABANDONED - NO STATEMENT OF USE FILED,Dead/Abandoned,False,009,False
38,NEAR_1_INSERTION,1,76627870,,LIFESPAN,2005-01-10,603,lifespan,ABANDONED - AFTER EX PARTE APPEAL,Dead/Abandoned,False,016,False
38,NEAR_1_INSERTION,1,78528980,3119335,LIFESPAN,2004-12-08,710,lifespan,CANCELLED - SECTION 8,Dead/Cancelled,False,,False
38,NEAR_1_INSERTION,1,76614564,3329962,LIFE-SPAN,2004-10-04,710,lifespan,CANCELLED - SECTION 8,Dead/Cancelled,False,,False
38,NEAR_1_INSERTION,1,78471198,3004305,LIFESPAN,2004-08-20,710,lifespan,CANCELLED - SECTION 8,Dead/Cancelled,False,,False
38,NEAR_1_INSERTION,1,76356958,2710847,LIFESPAN,2002-01-08,710,lifespan,CANCELLED - SECTION 8,Dead/Cancelled,False,,False
38,NEAR_1_INSERTION,1,76356959,2712956,LIFESPAN,2002-01-08,710,lifespan,CANCELLED - SECTION 8,Dead/Cancelled,False,,False
38,NEAR_1_SUBSTITUTION,1,78074791,,LIFESPA,2001-07-19,602,lifespa,ABANDONED-FAILURE TO RESPOND OR LATE RESPONSE,Dead/Abandoned,False,"003,005",True
38,NEAR_1_SUBSTITUTION,1,78074793,,LIFESPA,2001-07-19,602,lifespa,ABANDONED-FAILURE TO RESPOND OR LATE RESPONSE,Dead/Abandoned,False,042,False
38,NEAR_1_INSERTION,1,76158628,,LIFESPAN,2000-11-02,602,lifespan,ABANDONED-FAILURE TO RESPOND OR LATE RESPONSE,Dead/Abandoned,False,"037,042",False
38,NEAR_1_INSERTION,1,76138200,,LIFESPAN,2000-09-29,602,lifespan,ABANDONED-FAILURE TO RESPOND OR LATE RESPONSE,Dead/Abandoned,False,035,True
38,NEAR_1_INSERTION,1,78025940,,LIFESPAN,2000-09-14,602,lifespan,ABANDONED-FAILURE TO RESPOND OR LATE RESPONSE,Dead/Abandoned,False,030,False
38,NEAR_1_SUBSTITUTION,1,75903588,2705800,LIFESPA,2000-01-26,710,lifespa,CANCELLED - SECTION 8,Dead/Cancelled,False,,False
38,NEAR_1_INSERTION,1,75842976,,LIFESPAN,1999-11-10,602,lifespan,ABANDONED-FAILURE TO RESPOND OR LATE RESPONSE,Dead/Abandoned,False,"016,042",False
38,NEAR_1_TRANSPOSITION,1,75545051,,LIFESNP,1998-08-31,606,lifesnp,ABANDONED - NO STATEMENT OF USE FILED,Dead/Abandoned,False,"009,042",False
38,NEAR_1_INSERTION,1,75532067,,LIFESPAN,1998-08-06,602,lifespan,ABANDONED-FAILURE TO RESPOND OR LATE RESPONSE,Dead/Abandoned,False,005,True
38,NEAR_1_INSERTION,1,75497566,2396278,LIFESPAN,1998-06-05,710,lifespan,CANCELLED - SECTION 8,Dead/Cancelled,False,,False
38,NEAR_1_INSERTION,1,75484677,,LIFE SPAN,1998-05-13,606,lifespan,ABANDONED - NO STATEMENT OF USE FILED,Dead/Abandoned,False,041,False
38,NEAR_1_INSERTION,1,75356021,,LIFESPAN,1997-09-12,606,lifespan,ABANDONED - NO STATEMENT OF USE FILED,Dead/Abandoned,False,"039,042",False
38,NEAR_1_INSERTION,1,75290041,2202237,LIFE-SPAN,1997-05-12,713,lifespan,CANCELLED - SECTION 18,Dead/Cancelled,False,,False
38,NEAR_1_INSERTION,1,75068358,2137788,LIFESPAN,1996-03-05,710,lifespan,CANCELLED - SECTION 8,Dead/Cancelled,False,,False
38,NEAR_1_INSERTION,1,74726905,2166158,LIFESPAN,1995-09-11,710,lifespan,CANCELLED - SECTION 8,Dead/Cancelled,False,,False
38,NEAR_1_INSERTION,1,74723216,,LIFESPAN,1995-08-31,602,lifespan,ABANDONED-FAILURE TO RESPOND OR LATE RESPONSE,Dead/Abandoned,False,,False
38,NEAR_1_SUBSTITUTION,1,74722236,,LIFESPA,1995-08-29,606,lifespa,ABANDONED - NO STATEMENT OF USE FILED,Dead/Abandoned,False,,False
38,NEAR_1_INSERTION,1,74672474,2062004,LIFESPAN,1995-05-01,710,lifespan,CANCELLED - SECTION 8,Dead/Cancelled,False,,False
38,NEAR_1_INSERTION,1,74568484,,LIFESPAN,1994-09-01,602,lifespan,ABANDONED-FAILURE TO RESPOND OR LATE RESPONSE,Dead/Abandoned,False,,False
38,NEAR_1_INSERTION,1,74441767,1939148,LIFE SPAN,1993-09-30,710,lifespan,CANCELLED - SECTION 8,Dead/Cancelled,False,,False
38,NEAR_1_INSERTION,1,74431392,1897364,LIFE SPAN,1993-08-31,710,lifespan,CANCELLED - SECTION 8,Dead/Cancelled,False,,False
38,NEAR_1_INSERTION,1,74425942,,LIFESPAN,1993-08-16,606,lifespan,ABANDONED - NO STATEMENT OF USE FILED,Dead/Abandoned,False,,False
38,NEAR_1_INSERTION,1,74413696,,LIFESPAN,1993-07-16,606,lifespan,ABANDONED - NO STATEMENT OF USE FILED,Dead/Abandoned,False,,False
38,NEAR_1_INSERTION,1,74168118,1737034,LIFE SPAN,1991-05-20,710,lifespan,CANCELLED - SECTION 8,Dead/Cancelled,False,,False
38,NEAR_1_INSERTION,1,74048605,,LIFE SPAN,1990-04-13,602,lifespan,ABANDONED-FAILURE TO RESPOND OR LATE RESPONSE,Dead/Abandoned,False,,False
38,NEAR_1_INSERTION,1,73801973,1764076,LIFESPAN,1989-05-17,710,lifespan,CANCELLED - SECTION 8,Dead/Cancelled,False,,False
38,NEAR_1_SUBSTITUTION,1,73751736,1568201,LIFE SUN,1988-09-13,710,lifesun,CANCELLED - SECTION 8,Dead/Cancelled,False,,False
38,NEAR_1_INSERTION,1,73671587,1540972,LIFESPAN,1987-07-13,710,lifespan,CANCELLED - SECTION 8,Dead/Cancelled,False,,False
38,NEAR_1_INSERTION,1,73648273,,LIFE-SPAN,1987-03-09,602,lifespan,ABANDONED-FAILURE TO RESPOND OR LATE RESPONSE,Dead/Abandoned,False,,False
38,NEAR_1_INSERTION,1,73616759,,LIFESPAN,1986-08-25,602,lifespan,ABANDONED-FAILURE TO RESPOND OR LATE RESPONSE,Dead/Abandoned,False,,False
38,NEAR_1_INSERTION,1,73508315,1344250,LIFESPAN,1984-11-13,710,lifespan,CANCELLED - SECTION 8,Dead/Cancelled,False,,False
38,NEAR_1_INSERTION,1,73326313,,LIFESPAN,1981-09-02,602,lifespan,ABANDONED-FAILURE TO RESPOND OR LATE RESPONSE,Dead/Abandoned,False,,False
38,NEAR_1_INSERTION,1,73177405,1124196,LIFE+SPAN,1978-07-07,710,lifespan,CANCELLED - SECTION 8,Dead/Cancelled,False,,False
38,NEAR_1_INSERTION,1,73139971,1094461,LIFESPAN,1977-09-06,710,lifespan,CANCELLED - SECTION 8,Dead/Cancelled,False,,False
38,NEAR_1_INSERTION,1,72324079,0900498,LIFESPAN,1969-04-09,713,lifespan,CANCELLED - SECTION 18,Dead/Cancelled,False,,False
38,NEAR_1_INSERTION,1,72285084,0888114,LIFESPAN,1967-11-17,900,lifespan,EXPIRED,Dead/Expired,False,,False
38,NEAR_1_INSERTION,1,71445614,0392940,LIFE SPAN,1941-07-24,900,lifespan,EXPIRED,Dead/Expired,False,,False
39,EXACT,0,99899962,,EVOLV,2026-06-23,630,evolv,NEW APPLICATION - RECORD INITIALIZED NOT ASSIGNED TO EXAMINER,Live/Pending,True,"009,042",False
39,EXACT,0,99897654,,EVOLV,2026-06-22,630,evolv,NEW APPLICATION - RECORD INITIALIZED NOT ASSIGNED TO EXAMINER,Live/Pending,True,"009,042",False
39,EXACT,0,99646543,,EVOLV,2026-02-11,641,evolv,NON-FINAL ACTION - MAILED,Live/Pending,True,"029,030",False
39,EXACT,0,99418012,,EVOLV,2025-09-29,653,evolv,SUSPENSION LETTER - MAILED,Live/Pending,True,009,False
39,EXACT,0,98773984,7848866,EVOLV.,2024-09-27,700,evolv,REGISTERED,Live/Registered,True,003,True
39,EXACT,0,98714355,,EVOLV,2024-08-23,654,evolv,REPORT COMPLETED SUSPENSION CHECK - CASE STILL SUSPENDED,Live/Pending,True,005,True
39,EXACT,0,98526081,8146635,EVOLV,2024-04-29,700,evolv,REGISTERED,Live/Registered,True,021,True
39,EXACT,0,97728600,7351047,EVOLV,2022-12-22,700,evolv,REGISTERED,Live/Registered,True,024,False
39,EXACT,0,97695843,7411400,EVOLV,2022-11-29,700,evolv,REGISTERED,Live/Registered,True,012,False
39,EXACT,0,97491480,,EVOLV,2022-07-06,654,evolv,REPORT COMPLETED SUSPENSION CHECK - CASE STILL SUSPENDED,Live/Pending,True,035,True
39,EXACT,0,97491517,,EVOLV,2022-07-06,654,evolv,REPORT COMPLETED SUSPENSION CHECK - CASE STILL SUSPENDED,Live/Pending,True,035,True
39,EXACT,0,90820639,,EVOLV,2021-07-09,645,evolv,FINAL REFUSAL - MAILED,Live/Pending,True,"009,037,041,042,045",False
39,EXACT,0,90750788,6731421,EVOLV.,2021-06-02,700,evolv,REGISTERED,Live/Registered,True,007,False
39,EXACT,0,90712704,6730266,EVOLV.,2021-05-14,700,evolv,REGISTERED,Live/Registered,True,007,False
39,EXACT,0,90491313,6761977,EVOLV,2021-01-27,700,evolv,REGISTERED,Live/Registered,True,010,True
39,EXACT,0,90438542,6817311,EVOLV,2020-12-31,700,evolv,REGISTERED,Live/Registered,True,"009,037,041,042,045",False
39,EXACT,0,88896653,6885334,EVOLV,2020-05-01,700,evolv,REGISTERED,Live/Registered,True,009,False
39,EXACT,0,88314572,6531246,EVOLV,2019-02-25,700,evolv,REGISTERED,Live/Registered,True,"035,042",True
39,EXACT,0,87904295,5684022,EVOLV,2018-05-02,702,evolv,SECTION 8 & 15-ACCEPTED AND ACKNOWLEDGED,Live/Registered,True,"017,020",False
39,EXACT,0,86918844,5168033,EVOLV,2016-02-24,702,evolv,SECTION 8 & 15-ACCEPTED AND ACKNOWLEDGED,Live/Registered,True,010,True
39,EXACT,0,86653062,5301979,EVOLV,2015-06-05,702,evolv,SECTION 8 & 15-ACCEPTED AND ACKNOWLEDGED,Live/Registered,True,034,False
39,EXACT,0,86243071,4714964,EVOLV,2014-04-04,800,evolv,REGISTERED AND RENEWED,Live/Registered,True,035,True
39,EXACT,0,85203600,4276287,EVOLV,2010-12-22,800,evolv,REGISTERED AND RENEWED,Live/Registered,True,011,False
39,EXACT,0,85203616,4276288,EVOLV,2010-12-22,800,evolv,REGISTERED AND RENEWED,Live/Registered,True,011,False
39,EXACT,0,77903218,4231827,EVOLV,2009-12-30,800,evolv,REGISTERED AND RENEWED,Live/Registered,True,025,False
39,EXACT,0,77378637,3667397,EVOLV,2008-01-23,800,evolv,REGISTERED AND RENEWED,Live/Registered,True,009,False
39,EXACT,0,78566840,3242947,EVOLV,2005-02-14,800,evolv,REGISTERED AND RENEWED,Live/Registered,True,010,True
39,EXACT,0,99464051,,EVOLV,2025-10-27,602,evolv,ABANDONED-FAILURE TO RESPOND OR LATE RESPONSE,Dead/Abandoned,False,011,False
39,EXACT,0,99401790,,EVOLV,2025-09-19,602,evolv,ABANDONED-FAILURE TO RESPOND OR LATE RESPONSE,Dead/Abandoned,False,009,False
39,EXACT,0,99288239,,EVOLV,2025-07-17,602,evolv,ABANDONED-FAILURE TO RESPOND OR LATE RESPONSE,Dead/Abandoned,False,025,False
39,EXACT,0,99133651,,EVOLV,2025-04-11,622,evolv,MISASSIGNED SERIAL NUMBER,Indifferent,False,025,False
39,EXACT,0,97833030,,EVOLV,2023-03-10,602,evolv,ABANDONED-FAILURE TO RESPOND OR LATE RESPONSE,Dead/Abandoned,False,021,True
39,EXACT,0,97637253,,EVOLV,2022-10-18,602,evolv,ABANDONED-FAILURE TO RESPOND OR LATE RESPONSE,Dead/Abandoned,False,009,False
39,EXACT,0,90813599,,EVOLV,2021-07-06,602,evolv,ABANDONED-FAILURE TO RESPOND OR LATE RESPONSE,Dead/Abandoned,False,"009,042",False
39,EXACT,0,90737101,,EVOLV,2021-05-26,601,evolv,ABANDONED - EXPRESS,Dead/Abandoned,False,"009,037,041,042,045",False
39,EXACT,0,90672071,,EVOLV,2021-04-26,602,evolv,ABANDONED-FAILURE TO RESPOND OR LATE RESPONSE,Dead/Abandoned,False,"014,035",True
39,EXACT,0,90250984,,EVOLV,2020-10-13,602,evolv,ABANDONED-FAILURE TO RESPOND OR LATE RESPONSE,Dead/Abandoned,False,036,False
39,EXACT,0,88309988,,EVOLV,2019-02-21,603,evolv,ABANDONED - AFTER EX PARTE APPEAL,Dead/Abandoned,False,028,False
39,EXACT,0,87159397,,EVOLV,2016-09-02,602,evolv,ABANDONED-FAILURE TO RESPOND OR LATE RESPONSE,Dead/Abandoned,False,"040,042",False
39,EXACT,0,86678422,,EVOLV,2015-06-30,604,evolv,ABANDONED - AFTER INTER-PARTES DECISION,Dead/Abandoned,False,,False
39,EXACT,0,85951021,4545017,EVOLV,2013-06-05,710,evolv,CANCELLED - SECTION 8,Dead/Cancelled,False,,False
39,EXACT,0,85929570,,EVOLV,2013-05-12,600,evolv,ABANDONED - INCOMPLETE RESPONSE,Dead/Abandoned,False,041,False
39,EXACT,0,85670401,,EVOLV,2012-07-06,606,evolv,ABANDONED - NO STATEMENT OF USE FILED,Dead/Abandoned,False,001,False
39,EXACT,0,85585094,,EVOLV,2012-03-30,602,evolv,ABANDONED-FAILURE TO RESPOND OR LATE RESPONSE,Dead/Abandoned,False,005,True
39,EXACT,0,85206397,4365113,E-VOLV,2010-12-28,710,evolv,CANCELLED - SECTION 8,Dead/Cancelled,False,,False
39,EXACT,0,85099851,4564406,EVOLV.,2010-08-04,710,evolv,CANCELLED - SECTION 8,Dead/Cancelled,False,,False
39,EXACT,0,85099867,4564407,EVOLV.,2010-08-04,710,evolv,CANCELLED - SECTION 8,Dead/Cancelled,False,,False
39,EXACT,0,77744829,,EVOLV,2009-05-26,602,evolv,ABANDONED-FAILURE TO RESPOND OR LATE RESPONSE,Dead/Abandoned,False,032,False
39,EXACT,0,77518349,3761668,EVOLV,2008-07-09,710,evolv,CANCELLED - SECTION 8,Dead/Cancelled,False,,False
39,EXACT,0,77474796,4250326,EVOLV,2008-05-15,710,evolv,CANCELLED - SECTION 8,Dead/Cancelled,False,,False
39,EXACT,0,77464696,,EVOLV,2008-05-02,606,evolv,ABANDONED - NO STATEMENT OF USE FILED,Dead/Abandoned,False,"007,008,009,020",False
39,EXACT,0,77983097,4191084,EVOLV,2008-05-02,710,evolv,CANCELLED - SECTION 8,Dead/Cancelled,False,,False
39,EXACT,0,77378694,,EVOLV,2008-01-23,606,evolv,ABANDONED - NO STATEMENT OF USE FILED,Dead/Abandoned,False,009,False
39,EXACT,0,77194739,,EVOLV,2007-05-31,602,evolv,ABANDONED-FAILURE TO RESPOND OR LATE RESPONSE,Dead/Abandoned,False,018,False
39,EXACT,0,77195011,3429801,EVOLV,2007-05-31,711,evolv,CANCELLED - SECTION 7,Dead/Cancelled,False,,False
39,EXACT,0,77090654,,EVOLV,2007-01-25,602,evolv,ABANDONED-FAILURE TO RESPOND OR LATE RESPONSE,Dead/Abandoned,False,005,True
39,EXACT,0,77002918,3389409,EVOLV,2006-09-20,710,evolv,CANCELLED - SECTION 8,Dead/Cancelled,False,,False
39,EXACT,0,78885788,,EVOLV,2006-05-17,606,evolv,ABANDONED - NO STATEMENT OF USE FILED,Dead/Abandoned,False,005,True
39,EXACT,0,78882741,,EVOLV,2006-05-12,602,evolv,ABANDONED-FAILURE TO RESPOND OR LATE RESPONSE,Dead/Abandoned,False,018,False
39,EXACT,0,76242011,2707722,EVOLV,2001-04-17,710,evolv,CANCELLED - SECTION 8,Dead/Cancelled,False,,False
39,EXACT,0,75836721,,EVOLV,1999-11-01,606,evolv,ABANDONED - NO STATEMENT OF USE FILED,Dead/Abandoned,False,009,False
39,EXACT,0,75799301,2523240,EVOLV,1999-09-10,710,evolv,CANCELLED - SECTION 8,Dead/Cancelled,False,,False
39,EXACT,0,75387432,2207230,EVOLV,1997-11-10,710,evolv,CANCELLED - SECTION 8,Dead/Cancelled,False,,False
39,EXACT,0,73726226,1517868,EVOLV,1988-05-03,710,evolv,CANCELLED - SECTION 8,Dead/Cancelled,False,,False
39,NEAR_1_INSERTION,1,99912153,,EVOLVE,2026-06-29,630,evolve,NEW APPLICATION - RECORD INITIALIZED NOT ASSIGNED TO EXAMINER,Live/Pending,True,011,False
39,NEAR_1_INSERTION,1,99805305,,EVOLVE,2026-05-05,630,evolve,NEW APPLICATION - RECORD INITIALIZED NOT ASSIGNED TO EXAMINER,Live/Pending,True,002,False
39,NEAR_1_INSERTION,1,99741162,,REVOLV,2026-04-02,638,revolv,NEW APPLICATION - ASSIGNED TO EXAMINER,Live/Pending,True,041,False
39,NEAR_1_INSERTION,1,99726149,,EVOLVE,2026-03-26,638,evolve,NEW APPLICATION - ASSIGNED TO EXAMINER,Live/Pending,True,"035,041",True
39,NEAR_1_INSERTION,1,99698056,,EVOLVE,2026-03-12,630,evolve,NEW APPLICATION - RECORD INITIALIZED NOT ASSIGNED TO EXAMINER,Live/Pending,True,028,False
39,NEAR_1_INSERTION,1,99639485,,REVOLV,2026-02-06,641,revolv,NON-FINAL ACTION - MAILED,Live/Pending,True,036,False
39,NEAR_1_INSERTION,1,99639488,,REVOLV,2026-02-06,641,revolv,NON-FINAL ACTION - MAILED,Live/Pending,True,036,False
39,NEAR_1_INSERTION,1,99632190,,EVOLVE,2026-02-03,641,evolve,NON-FINAL ACTION - MAILED,Live/Pending,True,"035,036",True
39,NEAR_1_SUBSTITUTION,1,99571684,,EVOLA,2025-12-30,641,evola,NON-FINAL ACTION - MAILED,Live/Pending,True,009,False
39,NEAR_1_SUBSTITUTION,1,99567129,,EVOL>E,2025-12-26,802,evole,REQUEST FOR EXTENSION OF TIME TO FILE OPPOSITION,Live/Pending,True,025,False
39,NEAR_1_INSERTION,1,99562030,,EVOLVE,2025-12-22,653,evolve,SUSPENSION LETTER - MAILED,Live/Pending,True,012,False
39,NEAR_1_INSERTION,1,99548378,,EVOLVE,2025-12-15,653,evolve,SUSPENSION LETTER - MAILED,Live/Pending,True,025,False
39,NEAR_1_INSERTION,1,99529920,,EVOLVE,2025-12-04,653,evolve,SUSPENSION LETTER - MAILED,Live/Pending,True,028,False
39,NEAR_1_INSERTION,1,99525708,8322608,EVOLVE,2025-12-02,700,evolve,REGISTERED,Live/Registered,True,043,False
39,NEAR_1_INSERTION,1,99477034,,EVOLVE+,2025-11-03,688,evolve,NOTICE OF ALLOWANCE - ISSUED,Live/Pending,True,002,False
39,NEAR_1_INSERTION,1,99472056,,EVOLVE,2025-10-30,688,evolve,NOTICE OF ALLOWANCE - ISSUED,Live/Pending,True,009,False
39,NEAR_1_INSERTION,1,99446632,,EVOLVE,2025-10-16,686,evolve,PUBLISHED FOR OPPOSITION,Live/Pending,True,044,True
39,NEAR_1_SUBSTITUTION,1,99437389,,EVOLA,2025-10-10,688,evola,NOTICE OF ALLOWANCE - ISSUED,Live/Pending,True,021,True
39,NEAR_1_INSERTION,1,99381165,,EVOLVE,2025-09-08,688,evolve,NOTICE OF ALLOWANCE - ISSUED,Live/Pending,True,"010,041",True
39,NEAR_1_INSERTION,1,99266191,,E V O L V E,2025-07-03,688,evolve,NOTICE OF ALLOWANCE - ISSUED,Live/Pending,True,025,False
39,NEAR_1_INSERTION,1,99249961,7976765,EVOLVE,2025-06-24,700,evolve,REGISTERED,Live/Registered,True,016,False
39,NEAR_1_INSERTION,1,99250095,,EVOLVE,2025-06-24,688,evolve,NOTICE OF ALLOWANCE - ISSUED,Live/Pending,True,"016,021",True
39,NEAR_1_DELETION,1,79429581,8309436,EVOL,2025-06-20,700,evol,REGISTERED,Live/Registered,True,007,False
39,NEAR_1_SUBSTITUTION,1,99224999,,EVOLT,2025-06-09,645,evolt,FINAL REFUSAL - MAILED,Live/Pending,True,012,False
39,NEAR_1_INSERTION,1,99186449,,EVOLVE,2025-05-15,730,evolve,FIRST EXTENSION - GRANTED,Live/Pending,True,035,True
39,NEAR_1_INSERTION,1,99186505,,EVOLVE,2025-05-15,730,evolve,FIRST EXTENSION - GRANTED,Live/Pending,True,035,True
39,NEAR_1_INSERTION,1,99186510,,EVOLVE,2025-05-15,730,evolve,FIRST EXTENSION - GRANTED,Live/Pending,True,035,True
39,NEAR_1_INSERTION,1,99186531,,EVOLVE,2025-05-15,730,evolve,FIRST EXTENSION - GRANTED,Live/Pending,True,035,True
39,NEAR_1_INSERTION,1,99171401,8060079,EVOLVE,2025-05-06,700,evolve,REGISTERED,Live/Registered,True,044,True
39,NEAR_1_INSERTION,1,99148276,,REVOLV,2025-04-22,688,revolv,NOTICE OF ALLOWANCE - ISSUED,Live/Pending,True,020,False
39,NEAR_1_INSERTION,1,99136462,,EVOLVE,2025-04-14,688,evolve,NOTICE OF ALLOWANCE - ISSUED,Live/Pending,True,010,True
39,NEAR_1_INSERTION,1,99126087,,EVOLVE,2025-04-08,688,evolve,NOTICE OF ALLOWANCE - ISSUED,Live/Pending,True,009,False
39,NEAR_1_INSERTION,1,99083758,,EVOLVE,2025-03-14,688,evolve,NOTICE OF ALLOWANCE - ISSUED,Live/Pending,True,041,False
39,NEAR_1_INSERTION,1,99046111,,EVOLVE,2025-02-18,730,evolve,FIRST EXTENSION - GRANTED,Live/Pending,True,016,False
39,NEAR_1_INSERTION,1,99024012,8201058,EVOLVE,2025-01-30,700,evolve,REGISTERED,Live/Registered,True,041,False
39,NEAR_1_INSERTION,1,98855418,,EVOLVE,2024-11-15,688,evolve,NOTICE OF ALLOWANCE - ISSUED,Live/Pending,True,"001,002",False
39,NEAR_1_INSERTION,1,98838082,,EVOLVE,2024-11-05,731,evolve,SECOND EXTENSION - GRANTED,Live/Pending,True,019,False
39,NEAR_1_INSERTION,1,98754575,8265829,EVOLVE,2024-09-17,700,evolve,REGISTERED,Live/Registered,True,044,True
39,NEAR_1_INSERTION,1,98714080,,EVOLVE,2024-08-23,645,evolve,FINAL REFUSAL - MAILED,Live/Pending,True,011,False
39,NEAR_1_INSERTION,1,98624565,,EVOLVE,2024-06-28,731,evolve,SECOND EXTENSION - GRANTED,Live/Pending,True,"009,035,036,039,045",True
39,NEAR_1_INSERTION,1,98622697,,EVOLVE,2024-06-27,731,evolve,SECOND EXTENSION - GRANTED,Live/Pending,True,"001,003",True
39,NEAR_1_INSERTION,1,98622724,,EVOLVE,2024-06-27,730,evolve,FIRST EXTENSION - GRANTED,Live/Pending,True,"001,003",True
39,NEAR_1_DELETION,1,98595776,,EVOL,2024-06-11,730,evol,FIRST EXTENSION - GRANTED,Live/Pending,True,013,False
39,NEAR_1_INSERTION,1,98548956,,EVOLVE,2024-05-14,654,evolve,REPORT COMPLETED SUSPENSION CHECK - CASE STILL SUSPENDED,Live/Pending,True,011,False
39,NEAR_1_INSERTION,1,98513126,7661631,EVOLVE,2024-04-22,700,evolve,REGISTERED,Live/Registered,True,"041,044",True
39,NEAR_1_INSERTION,1,98492864,8275256,EVOLVE,2024-04-10,700,evolve,REGISTERED,Live/Registered,True,012,False
39,NEAR_1_INSERTION,1,98460417,,EVOLVD,2024-03-21,731,evolvd,SECOND EXTENSION - GRANTED,Live/Pending,True,"017,020,035",True
39,NEAR_1_INSERTION,1,98439946,8244223,EVOLVE,2024-03-08,700,evolve,REGISTERED,Live/Registered,True,010,True
39,NEAR_1_INSERTION,1,98410897,7610111,EVOLVE,2024-02-19,700,evolve,REGISTERED,Live/Registered,True,003,True
39,NEAR_1_INSERTION,1,98384841,7996196,EVOLVE,2024-01-31,700,evolve,REGISTERED,Live/Registered,True,011,False
39,NEAR_1_INSERTION,1,98362171,7923291,REVOLV,2024-01-17,700,revolv,REGISTERED,Live/Registered,True,011,False
39,NEAR_1_INSERTION,1,98283017,7969901,EVOLVE,2023-11-23,700,evolve,REGISTERED,Live/Registered,True,"035,042",True
39,NEAR_1_SUBSTITUTION,1,79384265,7554355,EVOL-X,2023-10-30,700,evolx,REGISTERED,Live/Registered,True,028,False
39,NEAR_1_INSERTION,1,98230865,7893025,EVOLVE,2023-10-19,700,evolve,REGISTERED,Live/Registered,True,005,True
39,NEAR_1_INSERTION,1,98213038,7527062,EVOLVE,2023-10-06,700,evolve,REGISTERED,Live/Registered,True,028,False
39,NEAR_1_SUBSTITUTION,1,98210695,,EVOLI,2023-10-05,730,evoli,FIRST EXTENSION - GRANTED,Live/Pending,True,"009,035,037,042",True
39,NEAR_1_INSERTION,1,98187227,7941130,EVOLVE,2023-09-19,700,evolve,REGISTERED,Live/Registered,True,011,False
39,NEAR_1_INSERTION,1,98183239,,EVOLVE,2023-09-16,641,evolve,NON-FINAL ACTION - MAILED,Live/Pending,True,"001,005",True
39,NEAR_1_DELETION,1,98173532,,EVOL,2023-09-11,661,evol,RESPONSE AFTER NON-FINAL ACTION - ENTERED,Live/Pending,True,005,True
39,NEAR_1_DELETION,1,98173540,,EVOL,2023-09-11,661,evol,RESPONSE AFTER NON-FINAL ACTION - ENTERED,Live/Pending,True,010,True
39,NEAR_1_DELETION,1,98173544,,EVOL,2023-09-11,654,evol,REPORT COMPLETED SUSPENSION CHECK - CASE STILL SUSPENDED,Live/Pending,True,025,False
39,NEAR_1_DELETION,1,98173548,,EVOL,2023-09-11,661,evol,RESPONSE AFTER NON-FINAL ACTION - ENTERED,Live/Pending,True,034,False
39,NEAR_1_DELETION,1,98173554,,EVOL,2023-09-11,733,evol,FOURTH EXTENSION - GRANTED,Live/Pending,True,043,False
39,NEAR_1_INSERTION,1,98116001,,EVOLVE,2023-08-03,730,evolve,FIRST EXTENSION - GRANTED,Live/Pending,True,020,False
39,NEAR_1_TRANSPOSITION,1,98114321,7740586,EVLOV,2023-08-02,700,evlov,REGISTERED,Live/Registered,True,"025,035,041",True
39,NEAR_1_INSERTION,1,98111354,7540988,EVOLVE,2023-08-01,700,evolve,REGISTERED,Live/Registered,True,"009,028",False
39,NEAR_1_INSERTION,1,98073264,,EVOLVE,2023-07-06,688,evolve,NOTICE OF ALLOWANCE - ISSUED,Live/Pending,True,032,False
39,NEAR_1_DELETION,1,98066073,7709681,EVOL,2023-06-30,700,evol,REGISTERED,Live/Registered,True,034,False
39,NEAR_1_INSERTION,1,98057024,,EVOLVE,2023-06-23,973,evolve,SUSPENDED PENDING ADMINISTRATIVE REVIEW,Live/Pending,True,035,True
39,NEAR_1_INSERTION,1,98057027,,EVOLVE,2023-06-23,973,evolve,SUSPENDED PENDING ADMINISTRATIVE REVIEW,Live/Pending,True,035,True
39,NEAR_1_DELETION,1,98012112,7709611,EVOL,2023-05-24,700,evol,REGISTERED,Live/Registered,True,034,False
39,NEAR_1_INSERTION,1,97770009,,EVOLVE,2023-01-26,688,evolve,NOTICE OF ALLOWANCE - ISSUED,Live/Pending,True,032,False
39,NEAR_1_INSERTION,1,97770035,8128553,EVOLVE,2023-01-26,700,evolve,REGISTERED,Live/Registered,True,040,False
39,NEAR_1_INSERTION,1,97696963,7260163,EVOLVE,2022-11-29,700,evolve,REGISTERED,Live/Registered,True,044,True
39,NEAR_1_INSERTION,1,97621297,7306685,EVOLVE,2022-10-06,700,evolve,REGISTERED,Live/Registered,True,022,False
39,NEAR_1_INSERTION,1,97622451,7222663,EVOLVE,2022-10-06,700,evolve,REGISTERED,Live/Registered,True,"009,042",False
39,NEAR_1_INSERTION,1,97622461,7222664,EVOLVE,2022-10-06,700,evolve,REGISTERED,Live/Registered,True,"009,042",False
39,NEAR_1_SUBSTITUTION,1,97604298,7591814,EVALV,2022-09-23,700,evalv,REGISTERED,Live/Registered,True,009,False
39,NEAR_1_INSERTION,1,97600083,7377371,EVOLVE,2022-09-21,700,evolve,REGISTERED,Live/Registered,True,"009,010",True
39,NEAR_1_INSERTION,1,97520035,7663450,EVOLVE,2022-07-26,700,evolve,REGISTERED,Live/Registered,True,001,False
39,NEAR_1_INSERTION,1,97503838,7161543,REVOLV,2022-07-14,700,revolv,REGISTERED,Live/Registered,True,040,False
39,NEAR_1_DELETION,1,97496795,,EVOL,2022-07-11,654,evol,REPORT COMPLETED SUSPENSION CHECK - CASE STILL SUSPENDED,Live/Pending,True,025,False
39,NEAR_1_INSERTION,1,79345406,7389930,EVOLVE,2022-06-09,700,evolve,REGISTERED,Live/Registered,True,007,False
39,NEAR_1_SUBSTITUTION,1,79349910,7324439,EVOLI,2022-06-02,700,evoli,REGISTERED,Live/Registered,True,014,False
39,NEAR_1_INSERTION,1,97371873,7077120,EVOLVE,2022-04-20,700,evolve,REGISTERED,Live/Registered,True,010,True
39,NEAR_1_SUBSTITUTION,1,79341355,7232515,EVOLT,2022-04-14,700,evolt,REGISTERED,Live/Registered,True,"009,042,044",True
39,NEAR_1_SUBSTITUTION,1,97358977,7313144,EVOLT,2022-04-12,700,evolt,REGISTERED,Live/Registered,True,007,False
39,NEAR_1_SUBSTITUTION,1,97359176,7179358,EVOLT,2022-04-12,700,evolt,REGISTERED,Live/Registered,True,012,False
39,NEAR_1_SUBSTITUTION,1,97350527,8274286,AVOLV,2022-04-06,700,avolv,REGISTERED,Live/Registered,True,035,True
39,NEAR_1_SUBSTITUTION,1,97350535,8274287,AVOLV,2022-04-06,700,avolv,REGISTERED,Live/Registered,True,041,False
39,NEAR_1_INSERTION,1,97344440,7048684,EVOLVE,2022-04-03,700,evolve,REGISTERED,Live/Registered,True,"035,041",True
39,NEAR_1_INSERTION,1,97317650,7130161,EVOLVE,2022-03-17,700,evolve,REGISTERED,Live/Registered,True,020,False
39,NEAR_1_SUBSTITUTION,1,97191231,7094865,EVOLU,2021-12-27,700,evolu,REGISTERED,Live/Registered,True,"041,042",False
39,NEAR_1_DELETION,1,97097166,6911831,EVLV,2021-10-28,700,evlv,REGISTERED,Live/Registered,True,035,True
39,NEAR_1_INSERTION,1,97094556,6916415,EVOLVE,2021-10-27,700,evolve,REGISTERED,Live/Registered,True,039,False
39,NEAR_1_INSERTION,1,97067413,7537960,EVOLVE,2021-10-10,700,evolve,REGISTERED,Live/Registered,True,036,False
39,NEAR_1_INSERTION,1,97026259,7409113,EVOLVE,2021-09-14,700,evolve,REGISTERED,Live/Registered,True,010,True
39,NEAR_1_INSERTION,1,97021786,6946168,EVOLVE,2021-09-10,700,evolve,REGISTERED,Live/Registered,True,"037,040",False
39,NEAR_1_INSERTION,1,90887170,7227291,EVOLVE,2021-08-17,700,evolve,REGISTERED,Live/Registered,True,009,False
39,NEAR_1_INSERTION,1,90875461,7360925,EVOLVE,2021-08-10,700,evolve,REGISTERED,Live/Registered,True,011,False
39,NEAR_1_INSERTION,1,90849609,8052444,EVOLVE,2021-07-26,700,evolve,REGISTERED,Live/Registered,True,009,False
39,NEAR_1_DELETION,1,90782121,7151613,EVLV,2021-06-18,700,evlv,REGISTERED,Live/Registered,True,025,False
39,NEAR_1_INSERTION,1,90715134,7376823,EVOLVE,2021-05-17,700,evolve,REGISTERED,Live/Registered,True,"003,005,010",True
39,NEAR_1_DELETION,1,90698092,7706659,EVOL.,2021-05-08,700,evol,REGISTERED,Live/Registered,True,025,False
39,NEAR_1_INSERTION,1,90694324,6811781,EVOLVE,2021-05-06,700,evolve,REGISTERED,Live/Registered,True,012,False
39,NEAR_1_INSERTION,1,90593032,6651260,EVOLVE,2021-03-22,700,evolve,REGISTERED,Live/Registered,True,013,False
39,NEAR_1_INSERTION,1,79314210,6891317,EVOLVA,2021-03-02,700,evolva,REGISTERED,Live/Registered,True,"001,003,005,030,040,042",True
39,NEAR_1_INSERTION,1,79314293,6891320,EVOLVA,2021-03-02,700,evolva,REGISTERED,Live/Registered,True,"001,003,005,030,040,042",True
39,NEAR_1_DELETION,1,90981577,8214942,EVOL,2021-02-25,700,evol,REGISTERED,Live/Registered,True,028,False
39,NEAR_1_INSERTION,1,90531261,6849270,EVOLVE,2021-02-16,700,evolve,REGISTERED,Live/Registered,True,"035,040,042",True
39,NEAR_1_INSERTION,1,90512573,6885639,WEVOLV,2021-02-05,700,wevolv,REGISTERED,Live/Registered,True,042,False
39,NEAR_1_SUBSTITUTION,1,90474790,7039427,EVQLV,2021-01-19,700,evqlv,REGISTERED,Live/Registered,True,042,False
39,NEAR_1_INSERTION,1,90470194,6798741,EVOLVE,2021-01-16,700,evolve,REGISTERED,Live/Registered,True,036,False
39,NEAR_1_INSERTION,1,90470195,6798742,EVOLVE,2021-01-16,700,evolve,REGISTERED,Live/Registered,True,036,False
39,NEAR_1_INSERTION,1,90184537,6647671,EVOLVE,2020-09-16,700,evolve,REGISTERED,Live/Registered,True,005,True
39,NEAR_1_INSERTION,1,90184802,6598987,EVOLVE,2020-09-16,700,evolve,REGISTERED,Live/Registered,True,036,False
39,NEAR_1_INSERTION,1,90149430,7778712,REVOLV,2020-08-31,700,revolv,REGISTERED,Live/Registered,True,008,False
39,NEAR_1_INSERTION,1,90109359,6761297,EVOLVE,2020-08-12,700,evolve,REGISTERED,Live/Registered,True,032,False
39,NEAR_1_DELETION,1,90092961,6442890,EVOL,2020-08-04,700,evol,REGISTERED,Live/Registered,True,035,True
39,NEAR_1_INSERTION,1,90069839,6496529,EVOL·VE,2020-07-23,700,evolve,REGISTERED,Live/Registered,True,025,False
39,NEAR_1_INSERTION,1,90066640,6647516,EVOLVE,2020-07-22,700,evolve,REGISTERED,Live/Registered,True,"005,029",True
39,NEAR_1_INSERTION,1,90062393,6631214,EVOLVE,2020-07-20,700,evolve,REGISTERED,Live/Registered,True,042,False
39,NEAR_1_INSERTION,1,90059652,6466645,EVOLVH,2020-07-17,700,evolvh,REGISTERED,Live/Registered,True,003,True
39,NEAR_1_INSERTION,1,90054474,6466620,EVOLVH,2020-07-15,700,evolvh,REGISTERED,Live/Registered,True,003,True
39,NEAR_1_INSERTION,1,88838934,6223715,EVOLVE,2020-03-18,700,evolve,REGISTERED,Live/Registered,True,007,False
39,NEAR_1_SUBSTITUTION,1,79285362,6230894,EVOLU,2020-02-27,700,evolu,REGISTERED,Live/Registered,True,"009,010",True
39,NEAR_1_INSERTION,1,88760161,6344629,EVOLVE,2020-01-15,700,evolve,REGISTERED,Live/Registered,True,009,False
39,NEAR_1_INSERTION,1,88756643,6323514,EVOLVE,2020-01-13,700,evolve,REGISTERED,Live/Registered,True,001,False
39,NEAR_1_DELETION,1,88728353,6112215,EVOL.,2019-12-16,700,evol,REGISTERED,Live/Registered,True,"029,030",False
39,NEAR_1_INSERTION,1,88688060,6176588,EVOLVE,2019-11-11,702,evolve,SECTION 8 & 15-ACCEPTED AND ACKNOWLEDGED,Live/Registered,True,040,False
39,NEAR_1_INSERTION,1,88558860,6571685,EVOLVE,2019-08-01,700,evolve,REGISTERED,Live/Registered,True,041,False
39,NEAR_1_INSERTION,1,88471122,5965546,EVOLVE,2019-06-13,702,evolve,SECTION 8 & 15-ACCEPTED AND ACKNOWLEDGED,Live/Registered,True,035,True
39,NEAR_1_INSERTION,1,88462332,6127578,EVOLVE,2019-06-06,700,evolve,REGISTERED,Live/Registered,True,"036,042",False
39,NEAR_1_INSERTION,1,88462357,6133296,EVOLVE,2019-06-06,700,evolve,REGISTERED,Live/Registered,True,"036,042",False
39,NEAR_1_SUBSTITUTION,1,88397734,5896344,EVOLG,2019-04-23,702,evolg,SECTION 8 & 15-ACCEPTED AND ACKNOWLEDGED,Live/Registered,True,025,False
39,NEAR_1_INSERTION,1,88351075,6430827,EVOLVE,2019-03-21,700,evolve,REGISTERED,Live/Registered,True,"010,044",True
39,NEAR_1_INSERTION,1,88273201,6150428,EVOLVE,2019-01-23,700,evolve,REGISTERED,Live/Registered,True,009,False
39,NEAR_1_INSERTION,1,88209513,6610471,EVOLVE,2018-11-28,700,evolve,REGISTERED,Live/Registered,True,025,False
39,NEAR_1_INSERTION,1,88179440,5997974,EVOLVE,2018-11-02,702,evolve,SECTION 8 & 15-ACCEPTED AND ACKNOWLEDGED,Live/Registered,True,025,False
39,NEAR_1_INSERTION,1,88166222,6422695,EVOLVE,2018-10-23,700,evolve,REGISTERED,Live/Registered,True,"018,025",False
39,NEAR_1_INSERTION,1,88008494,5773192,EVOLVE,2018-06-20,701,evolve,SECTION 8-ACCEPTED,Live/Registered,True,002,False
39,NEAR_1_SUBSTITUTION,1,87864385,6192356,E-VOLT,2018-04-05,700,evolt,REGISTERED,Live/Registered,True,008,False
39,NEAR_1_INSERTION,1,87689874,5502569,EVOLVE,2017-11-17,702,evolve,SECTION 8 & 15-ACCEPTED AND ACKNOWLEDGED,Live/Registered,True,028,False
39,NEAR_1_INSERTION,1,87624940,6266971,EVOLVE,2017-09-27,700,evolve,REGISTERED,Live/Registered,True,"020,021",True
39,NEAR_1_INSERTION,1,87595822,5577099,EVOLVE,2017-09-05,705,evolve,PARTIAL SECTION 8 & 15 ACCEPTED AND ACKNOWLEDGED,Live/Registered,True,005,True
39,NEAR_1_INSERTION,1,87548865,5375449,EVOLVE,2017-07-31,702,evolve,SECTION 8 & 15-ACCEPTED AND ACKNOWLEDGED,Live/Registered,True,021,True
39,NEAR_1_INSERTION,1,87484844,5375081,EVOLVE,2017-06-12,702,evolve,SECTION 8 & 15-ACCEPTED AND ACKNOWLEDGED,Live/Registered,True,011,False
39,NEAR_1_INSERTION,1,87420549,5301634,EVOLVE,2017-04-21,702,evolve,SECTION 8 & 15-ACCEPTED AND ACKNOWLEDGED,Live/Registered,True,011,False
39,NEAR_1_INSERTION,1,87415952,6042918,EVOLVD,2017-04-18,700,evolvd,REGISTERED,Live/Registered,True,003,True
39,NEAR_1_INSERTION,1,87337614,5543552,EVOLVE,2017-02-15,702,evolve,SECTION 8 & 15-ACCEPTED AND ACKNOWLEDGED,Live/Registered,True,003,True
39,NEAR_1_INSERTION,1,87325035,5421392,EVOLVE,2017-02-06,702,evolve,SECTION 8 & 15-ACCEPTED AND ACKNOWLEDGED,Live/Registered,True,"021,024,025,026",True
39,NEAR_1_INSERTION,1,87297148,5656408,REVOLV,2017-01-11,702,revolv,SECTION 8 & 15-ACCEPTED AND ACKNOWLEDGED,Live/Registered,True,"020,021",True
39,NEAR_1_INSERTION,1,87290084,5298275,EVOLVE,2017-01-05,702,evolve,SECTION 8 & 15-ACCEPTED AND ACKNOWLEDGED,Live/Registered,True,027,False
39,NEAR_1_INSERTION,1,87276386,5274976,EVOLVE,2016-12-21,702,evolve,SECTION 8 & 15-ACCEPTED AND ACKNOWLEDGED,Live/Registered,True,042,False
39,NEAR_1_INSERTION,1,87271422,5257971,EVOLVE,2016-12-16,702,evolve,SECTION 8 & 15-ACCEPTED AND ACKNOWLEDGED,Live/Registered,True,044,True
39,NEAR_1_INSERTION,1,87247094,5232497,EVOLVE,2016-11-23,702,evolve,SECTION 8 & 15-ACCEPTED AND ACKNOWLEDGED,Live/Registered,True,028,False
39,NEAR_1_INSERTION,1,87226461,5222609,EVOLVE,2016-11-04,702,evolve,SECTION 8 & 15-ACCEPTED AND ACKNOWLEDGED,Live/Registered,True,009,False
39,NEAR_1_INSERTION,1,87195477,5186576,EVOLVA,2016-10-06,701,evolva,SECTION 8-ACCEPTED,Live/Registered,True,009,False
39,NEAR_1_INSERTION,1,87090877,5198509,EVOLVE,2016-07-01,702,evolve,SECTION 8 & 15-ACCEPTED AND ACKNOWLEDGED,Live/Registered,True,009,False
39,NEAR_1_INSERTION,1,87066734,6236076,EVOLVE,2016-06-09,700,evolve,REGISTERED,Live/Registered,True,028,False
39,NEAR_1_INSERTION,1,87975574,5278222,EVOLVE,2016-05-19,702,evolve,SECTION 8 & 15-ACCEPTED AND ACKNOWLEDGED,Live/Registered,True,028,False
39,NEAR_1_INSERTION,1,87020491,5168326,EVOLVE,2016-04-30,702,evolve,SECTION 8 & 15-ACCEPTED AND ACKNOWLEDGED,Live/Registered,True,009,False
39,NEAR_1_DELETION,1,86928512,5220959,EVOL,2016-03-03,702,evol,SECTION 8 & 15-ACCEPTED AND ACKNOWLEDGED,Live/Registered,True,010,True
39,NEAR_1_INSERTION,1,86850810,5152435,EVOLVE,2015-12-16,702,evolve,SECTION 8 & 15-ACCEPTED AND ACKNOWLEDGED,Live/Registered,True,009,False
39,NEAR_1_INSERTION,1,86844821,5162317,EVOLVE,2015-12-10,800,evolve,REGISTERED AND RENEWED,Live/Registered,True,009,False
39,NEAR_1_INSERTION,1,86799769,4977773,EVOLVE,2015-10-26,800,evolve,REGISTERED AND RENEWED,Live/Registered,True,036,False
39,NEAR_1_INSERTION,1,86789621,4977273,EVOLVE,2015-10-15,702,evolve,SECTION 8 & 15-ACCEPTED AND ACKNOWLEDGED,Live/Registered,True,044,True
39,NEAR_1_INSERTION,1,86692893,4901587,REVOLV,2015-07-14,800,revolv,REGISTERED AND RENEWED,Live/Registered,True,036,False
39,NEAR_1_INSERTION,1,86673016,4931609,EVOLVE,2015-06-24,800,evolve,REGISTERED AND RENEWED,Live/Registered,True,016,False
39,NEAR_1_INSERTION,1,86663345,5228688,EVOLVE,2015-06-15,702,evolve,SECTION 8 & 15-ACCEPTED AND ACKNOWLEDGED,Live/Registered,True,036,False
39,NEAR_1_INSERTION,1,86650368,4907655,EVOLVE,2015-06-03,702,evolve,SECTION 8 & 15-ACCEPTED AND ACKNOWLEDGED,Live/Registered,True,035,True
39,NEAR_1_INSERTION,1,86510925,4819880,EVOLVE,2015-01-22,800,evolve,REGISTERED AND RENEWED,Live/Registered,True,030,False
39,NEAR_1_INSERTION,1,86473853,4871878,EVOLVE,2014-12-08,800,evolve,REGISTERED AND RENEWED,Live/Registered,True,031,False
39,NEAR_1_INSERTION,1,86454504,4819740,EVOLVE,2014-11-14,800,evolve,REGISTERED AND RENEWED,Live/Registered,True,030,False
39,NEAR_1_INSERTION,1,86332472,4711201,EVOLVE,2014-07-09,800,evolve,REGISTERED AND RENEWED,Live/Registered,True,001,False
39,NEAR_1_DELETION,1,79151573,4677119,EVOL,2014-06-17,706,evol,SECTION 71 ACCEPTED,Live/Registered,True,007,False
39,NEAR_1_INSERTION,1,86203376,4786761,EVOLVE,2014-02-25,800,evolve,REGISTERED AND RENEWED,Live/Registered,True,"009,016,041",False
39,NEAR_1_SUBSTITUTION,1,86127386,4563735,ESOLV,2013-11-22,800,esolv,REGISTERED AND RENEWED,Live/Registered,True,001,False
39,NEAR_1_INSERTION,1,79142538,6235720,EVOLVE,2013-11-08,700,evolve,REGISTERED,Live/Registered,True,028,False
39,NEAR_1_INSERTION,1,86100507,4581886,EVOLVE,2013-10-24,800,evolve,REGISTERED AND RENEWED,Live/Registered,True,010,True
39,NEAR_1_INSERTION,1,86096513,5095771,EVOLVE,2013-10-21,702,evolve,SECTION 8 & 15-ACCEPTED AND ACKNOWLEDGED,Live/Registered,True,009,False
39,NEAR_1_INSERTION,1,86087781,4594410,EVOLVE,2013-10-10,800,evolve,REGISTERED AND RENEWED,Live/Registered,True,002,False
39,NEAR_1_INSERTION,1,85804268,4372411,EVOLVE,2012-12-17,800,evolve,REGISTERED AND RENEWED,Live/Registered,True,019,False
39,NEAR_1_INSERTION,1,85764585,4415983,REVOLV,2012-10-26,800,revolv,REGISTERED AND RENEWED,Live/Registered,True,036,False
39,NEAR_1_INSERTION,1,85764744,4444994,EVOLVE,2012-10-26,800,evolve,REGISTERED AND RENEWED,Live/Registered,True,019,False
39,NEAR_1_INSERTION,1,85676705,4360205,EVOLVE,2012-07-13,800,evolve,REGISTERED AND RENEWED,Live/Registered,True,005,True
39,NEAR_1_INSERTION,1,85603807,4343929,EVOLVE,2012-04-20,800,evolve,REGISTERED AND RENEWED,Live/Registered,True,021,True
39,NEAR_1_INSERTION,1,85549319,4782231,EVOLVE,2012-02-22,800,evolve,REGISTERED AND RENEWED,Live/Registered,True,"009,041",False
39,NEAR_1_INSERTION,1,85439104,4276754,REVOLV,2011-10-04,800,revolv,REGISTERED AND RENEWED,Live/Registered,True,011,False
39,NEAR_1_INSERTION,1,85349209,4246856,EVOLVE,2011-06-17,800,evolve,REGISTERED AND RENEWED,Live/Registered,True,036,False
39,NEAR_1_DELETION,1,85128391,3977033,EVOL,2010-09-13,800,evol,REGISTERED AND RENEWED,Live/Registered,True,001,False
39,NEAR_1_INSERTION,1,85124819,4046658,EVOLVE,2010-09-08,800,evolve,REGISTERED AND RENEWED,Live/Registered,True,031,False
39,NEAR_1_INSERTION,1,85066539,3911181,EVOLVE,2010-06-18,800,evolve,REGISTERED AND RENEWED,Live/Registered,True,028,False
39,NEAR_1_INSERTION,1,85052164,4007326,REVOLV,2010-06-01,800,revolv,REGISTERED AND RENEWED,Live/Registered,True,007,False
39,NEAR_1_INSERTION,1,77888079,3878853,EVOLVE,2009-12-07,800,evolve,REGISTERED AND RENEWED,Live/Registered,True,"014,025",False
39,NEAR_1_DELETION,1,77882932,4003196,EVOL,2009-12-01,800,evol,REGISTERED AND RENEWED,Live/Registered,True,030,False
39,NEAR_1_DELETION,1,77773170,3770431,EVOL,2009-07-02,800,evol,REGISTERED AND RENEWED,Live/Registered,True,012,False
39,NEAR_1_DELETION,1,77718227,3761852,EVOL,2009-04-21,800,evol,REGISTERED AND RENEWED,Live/Registered,True,030,False
39,NEAR_1_INSERTION,1,77634062,3794221,EVOLVE,2008-12-16,800,evolve,REGISTERED AND RENEWED,Live/Registered,True,035,True
39,NEAR_1_INSERTION,1,77611941,4478334,EVOLVE,2008-11-11,800,evolve,REGISTERED AND RENEWED,Live/Registered,True,025,False
39,NEAR_1_INSERTION,1,77595281,3710200,EVOLVE,2008-10-17,800,evolve,REGISTERED AND RENEWED,Live/Registered,True,009,False
39,NEAR_1_DELETION,1,77558405,3906144,EVOL,2008-08-28,800,evol,REGISTERED AND RENEWED,Live/Registered,True,003,True
39,NEAR_1_INSERTION,1,77415940,3665613,EVOLVE,2008-03-07,800,evolve,REGISTERED AND RENEWED,Live/Registered,True,038,False
39,NEAR_1_INSERTION,1,77391223,3759737,EVOLVE,2008-02-07,780,evolve,CANCELLATION TERMINATED - SEE TTAB RECORDS,Live/Registered,True,028,False
39,NEAR_1_INSERTION,1,77375301,3747331,EVOLVE,2008-01-18,800,evolve,REGISTERED AND RENEWED,Live/Registered,True,011,False
39,NEAR_1_INSERTION,1,77319188,3699548,EVOLVE,2007-11-01,800,evolve,REGISTERED AND RENEWED,Live/Registered,True,025,False
39,NEAR_1_INSERTION,1,77222599,3551016,EVOLVE,2007-07-05,800,evolve,REGISTERED AND RENEWED,Live/Registered,True,029,False
39,NEAR_1_INSERTION,1,77180746,3958021,EVOLVE,2007-05-14,800,evolve,REGISTERED AND RENEWED,Live/Registered,True,003,True
39,NEAR_1_INSERTION,1,77159438,3481629,EVOLVE,2007-04-18,800,evolve,REGISTERED AND RENEWED,Live/Registered,True,009,False
39,NEAR_1_INSERTION,1,77107943,3616544,EVOLVE,2007-02-15,800,evolve,REGISTERED AND RENEWED,Live/Registered,True,021,True
39,NEAR_1_INSERTION,1,78465119,3027676,EVOLVE,2004-08-10,800,evolve,REGISTERED AND RENEWED,Live/Registered,True,009,False
39,NEAR_1_INSERTION,1,78314469,2895774,REVOLV,2003-10-16,800,revolv,REGISTERED AND RENEWED,Live/Registered,True,010,True
39,NEAR_1_INSERTION,1,78248594,2817595,EVOLVE!,2003-05-12,800,evolve,REGISTERED AND RENEWED,Live/Registered,True,016,False
39,NEAR_1_INSERTION,1,78221463,2802557,EVOLVE,2003-03-04,800,evolve,REGISTERED AND RENEWED,Live/Registered,True,019,False
39,NEAR_1_INSERTION,1,76442917,2851612,EVOLVE,2002-08-16,800,evolve,REGISTERED AND RENEWED,Live/Registered,True,016,False
39,NEAR_1_INSERTION,1,76442918,2857314,EVOLVE,2002-08-16,800,evolve,REGISTERED AND RENEWED,Live/Registered,True,042,False
39,NEAR_1_INSERTION,1,76442919,2857315,EVOLVE,2002-08-16,800,evolve,REGISTERED AND RENEWED,Live/Registered,True,041,False
39,NEAR_1_SUBSTITUTION,1,76333975,2677123,EVOLU,2001-11-05,800,evolu,REGISTERED AND RENEWED,Live/Registered,True,003,True
39,NEAR_1_INSERTION,1,78087336,2757496,EVOLVE,2001-10-08,800,evolve,REGISTERED AND RENEWED,Live/Registered,True,018,False
39,NEAR_1_DELETION,1,76296380,2627997,EVOL,2001-08-09,800,evol,REGISTERED AND RENEWED,Live/Registered,True,028,False
39,NEAR_1_INSERTION,1,76044254,2731067,EVOLVE,2000-05-09,800,evolve,REGISTERED AND RENEWED,Live/Registered,True,020,False
39,NEAR_1_INSERTION,1,76034578,2663938,EVOLVE,2000-04-24,800,evolve,REGISTERED AND RENEWED,Live/Registered,True,016,False
39,NEAR_1_INSERTION,1,75803504,2493362,EVOLVE,1999-09-20,800,evolve,REGISTERED AND RENEWED,Live/Registered,True,010,True
39,NEAR_1_INSERTION,1,75786508,2368662,EVOLVE,1999-08-27,800,evolve,REGISTERED AND RENEWED,Live/Registered,True,007,False
39,NEAR_1_INSERTION,1,98886695,,REVOLV,2024-12-05,602,revolv,ABANDONED-FAILURE TO RESPOND OR LATE RESPONSE,Dead/Abandoned,False,008,False
39,NEAR_1_INSERTION,1,98791019,,EVOLVE,2024-10-08,602,evolve,ABANDONED-FAILURE TO RESPOND OR LATE RESPONSE,Dead/Abandoned,False,008,False
39,NEAR_1_INSERTION,1,98791024,,EVOLVE,2024-10-08,602,evolve,ABANDONED-FAILURE TO RESPOND OR LATE RESPONSE,Dead/Abandoned,False,021,True
39,NEAR_1_INSERTION,1,98786901,,EVOLV3,2024-10-05,602,evolv3,ABANDONED-FAILURE TO RESPOND OR LATE RESPONSE,Dead/Abandoned,False,"009,041",False
39,NEAR_1_SUBSTITUTION,1,98673283,,IVOLV,2024-07-30,603,ivolv,ABANDONED - AFTER EX PARTE APPEAL,Dead/Abandoned,False,028,False
39,NEAR_1_INSERTION,1,98620188,,EVOLVE,2024-06-26,602,evolve,ABANDONED-FAILURE TO RESPOND OR LATE RESPONSE,Dead/Abandoned,False,002,False
39,NEAR_1_INSERTION,1,98585303,,EVOLVE,2024-06-05,602,evolve,ABANDONED-FAILURE TO RESPOND OR LATE RESPONSE,Dead/Abandoned,False,024,False
39,NEAR_1_INSERTION,1,98494807,,EVOLVE,2024-04-11,603,evolve,ABANDONED - AFTER EX PARTE APPEAL,Dead/Abandoned,False,011,False
39,NEAR_1_INSERTION,1,98310251,,EVOLVE,2023-12-12,602,evolve,ABANDONED-FAILURE TO RESPOND OR LATE RESPONSE,Dead/Abandoned,False,"003,005,031",True
39,NEAR_1_INSERTION,1,98307978,,EVOLVE,2023-12-11,602,evolve,ABANDONED-FAILURE TO RESPOND OR LATE RESPONSE,Dead/Abandoned,False,041,False
39,NEAR_1_INSERTION,1,98301538,,EVOLVE,2023-12-06,602,evolve,ABANDONED-FAILURE TO RESPOND OR LATE RESPONSE,Dead/Abandoned,False,042,False
39,NEAR_1_SUBSTITUTION,1,98290262,,EVOLT,2023-11-29,602,evolt,ABANDONED-FAILURE TO RESPOND OR LATE RESPONSE,Dead/Abandoned,False,012,False
39,NEAR_1_DELETION,1,98173564,,EVOL,2023-09-11,606,evol,ABANDONED - NO STATEMENT OF USE FILED,Dead/Abandoned,False,044,True
39,NEAR_1_INSERTION,1,98151301,,EVOLVE,2023-08-25,602,evolve,ABANDONED-FAILURE TO RESPOND OR LATE RESPONSE,Dead/Abandoned,False,035,True
39,NEAR_1_INSERTION,1,97918649,,EVOLVE,2023-05-03,602,evolve,ABANDONED-FAILURE TO RESPOND OR LATE RESPONSE,Dead/Abandoned,False,020,False
39,NEAR_1_INSERTION,1,97909064,,EVOLVD,2023-04-26,602,evolvd,ABANDONED-FAILURE TO RESPOND OR LATE RESPONSE,Dead/Abandoned,False,034,False
39,NEAR_1_INSERTION,1,97864160,,EVOLVE,2023-03-30,602,evolve,ABANDONED-FAILURE TO RESPOND OR LATE RESPONSE,Dead/Abandoned,False,033,False
39,NEAR_1_DELETION,1,97851676,,EVOL,2023-03-22,606,evol,ABANDONED - NO STATEMENT OF USE FILED,Dead/Abandoned,False,041,False
39,NEAR_1_INSERTION,1,97807691,,EVOLVE,2023-02-23,606,evolve,ABANDONED - NO STATEMENT OF USE FILED,Dead/Abandoned,False,032,False
39,NEAR_1_INSERTION,1,97770026,,EVOLVE,2023-01-26,602,evolve,ABANDONED-FAILURE TO RESPOND OR LATE RESPONSE,Dead/Abandoned,False,033,False
39,NEAR_1_SUBSTITUTION,1,97764585,,EVOLT,2023-01-23,602,evolt,ABANDONED-FAILURE TO RESPOND OR LATE RESPONSE,Dead/Abandoned,False,007,False
39,NEAR_1_INSERTION,1,97696023,,EVOLVE,2022-11-29,602,evolve,ABANDONED-FAILURE TO RESPOND OR LATE RESPONSE,Dead/Abandoned,False,001,False
39,NEAR_1_INSERTION,1,97637257,,EVOLVD,2022-10-18,602,evolvd,ABANDONED-FAILURE TO RESPOND OR LATE RESPONSE,Dead/Abandoned,False,009,False
39,NEAR_1_SUBSTITUTION,1,97586218,,EVOLT,2022-09-10,602,evolt,ABANDONED-FAILURE TO RESPOND OR LATE RESPONSE,Dead/Abandoned,False,,False
39,NEAR_1_INSERTION,1,97546518,,EVOLVE,2022-08-12,602,evolve,ABANDONED-FAILURE TO RESPOND OR LATE RESPONSE,Dead/Abandoned,False,031,False
39,NEAR_1_INSERTION,1,97515562,,EVOLVE,2022-07-22,602,evolve,ABANDONED-FAILURE TO RESPOND OR LATE RESPONSE,Dead/Abandoned,False,044,True
39,NEAR_1_INSERTION,1,97496931,,EVOLVE,2022-07-11,606,evolve,ABANDONED - NO STATEMENT OF USE FILED,Dead/Abandoned,False,029,False
39,NEAR_1_SUBSTITUTION,1,97489791,,EVOLT,2022-07-05,601,evolt,ABANDONED - EXPRESS,Dead/Abandoned,False,"012,028",False
39,NEAR_1_INSERTION,1,97450872,,EVOLVE,2022-06-09,602,evolve,ABANDONED-FAILURE TO RESPOND OR LATE RESPONSE,Dead/Abandoned,False,035,True
39,NEAR_1_INSERTION,1,97440734,7100546,EVOLVE,2022-06-02,713,evolve,CANCELLED - SECTION 18,Dead/Cancelled,False,,False
39,NEAR_1_INSERTION,1,97427408,,EVOLVE,2022-05-25,606,evolve,ABANDONED - NO STATEMENT OF USE FILED,Dead/Abandoned,False,029,False
39,NEAR_1_INSERTION,1,97416850,,EVOLVE,2022-05-18,602,evolve,ABANDONED-FAILURE TO RESPOND OR LATE RESPONSE,Dead/Abandoned,False,004,False
39,NEAR_1_INSERTION,1,97414394,,EVOLVE,2022-05-17,602,evolve,ABANDONED-FAILURE TO RESPOND OR LATE RESPONSE,Dead/Abandoned,False,035,True
39,NEAR_1_INSERTION,1,97384689,,LEVOLV,2022-04-27,606,levolv,ABANDONED - NO STATEMENT OF USE FILED,Dead/Abandoned,False,"005,010",True
39,NEAR_1_INSERTION,1,97357749,,EVOLVE,2022-04-11,602,evolve,ABANDONED-FAILURE TO RESPOND OR LATE RESPONSE,Dead/Abandoned,False,041,False
39,NEAR_1_INSERTION,1,97357820,,EVOLVE,2022-04-11,602,evolve,ABANDONED-FAILURE TO RESPOND OR LATE RESPONSE,Dead/Abandoned,False,041,False
39,NEAR_1_INSERTION,1,97332784,,EV-OLVE,2022-03-27,606,evolve,ABANDONED - NO STATEMENT OF USE FILED,Dead/Abandoned,False,041,False
39,NEAR_1_INSERTION,1,97319745,,EVOLVE,2022-03-18,602,evolve,ABANDONED-FAILURE TO RESPOND OR LATE RESPONSE,Dead/Abandoned,False,035,True
39,NEAR_1_INSERTION,1,97284432,,EVOLVE,2022-02-25,602,evolve,ABANDONED-FAILURE TO RESPOND OR LATE RESPONSE,Dead/Abandoned,False,035,True
39,NEAR_1_INSERTION,1,97252078,,EVOLVE,2022-02-03,606,evolve,ABANDONED - NO STATEMENT OF USE FILED,Dead/Abandoned,False,032,False
39,NEAR_1_INSERTION,1,97115446,,EVOLVE,2021-11-09,602,evolve,ABANDONED-FAILURE TO RESPOND OR LATE RESPONSE,Dead/Abandoned,False,044,True
39,NEAR_1_INSERTION,1,97107209,,EVOLVE,2021-11-03,601,evolve,ABANDONED - EXPRESS,Dead/Abandoned,False,010,True
39,NEAR_1_DELETION,1,97055002,,ĒVLV,2021-09-30,602,evlv,ABANDONED-FAILURE TO RESPOND OR LATE RESPONSE,Dead/Abandoned,False,018,False
39,NEAR_1_INSERTION,1,97042265,,"""EVOLVE""",2021-09-23,602,evolve,ABANDONED-FAILURE TO RESPOND OR LATE RESPONSE,Dead/Abandoned,False,025,False
39,NEAR_1_INSERTION,1,97023856,,EVOLVE,2021-09-13,606,evolve,ABANDONED - NO STATEMENT OF USE FILED,Dead/Abandoned,False,016,False
39,NEAR_1_INSERTION,1,97021804,,EVOLVE,2021-09-10,604,evolve,ABANDONED - AFTER INTER-PARTES DECISION,Dead/Abandoned,False,,False
39,NEAR_1_INSERTION,1,90857434,,EVOLVE,2021-07-30,602,evolve,ABANDONED-FAILURE TO RESPOND OR LATE RESPONSE,Dead/Abandoned,False,025,False
39,NEAR_1_DELETION,1,90782124,,EVLV,2021-06-18,606,evlv,ABANDONED - NO STATEMENT OF USE FILED,Dead/Abandoned,False,005,True
39,NEAR_1_SUBSTITUTION,1,90611929,,EVOLT,2021-03-30,602,evolt,ABANDONED-FAILURE TO RESPOND OR LATE RESPONSE,Dead/Abandoned,False,009,False
39,NEAR_1_INSERTION,1,90567396,,EVOLVE,2021-03-09,602,evolve,ABANDONED-FAILURE TO RESPOND OR LATE RESPONSE,Dead/Abandoned,False,009,False
39,NEAR_1_SUBSTITUTION,1,90559817,,EVOLO,2021-03-04,606,evolo,ABANDONED - NO STATEMENT OF USE FILED,Dead/Abandoned,False,"009,035,036,041,042",True
39,NEAR_1_DELETION,1,90546499,,EVOL,2021-02-25,606,evol,ABANDONED - NO STATEMENT OF USE FILED,Dead/Abandoned,False,"009,025,028",False
39,NEAR_1_INSERTION,1,90544465,,EVOLVE,2021-02-24,602,evolve,ABANDONED-FAILURE TO RESPOND OR LATE RESPONSE,Dead/Abandoned,False,025,False
39,NEAR_1_INSERTION,1,90437976,,EVOLVE,2020-12-31,606,evolve,ABANDONED - NO STATEMENT OF USE FILED,Dead/Abandoned,False,025,False
39,NEAR_1_INSERTION,1,90420021,,EVOLVE,2020-12-28,602,evolve,ABANDONED-FAILURE TO RESPOND OR LATE RESPONSE,Dead/Abandoned,False,"025,041",False
39,NEAR_1_INSERTION,1,90420025,,EVOLVE,2020-12-28,602,evolve,ABANDONED-FAILURE TO RESPOND OR LATE RESPONSE,Dead/Abandoned,False,"025,041",False
39,NEAR_1_SUBSTITUTION,1,90410615,,EVULV,2020-12-24,606,evulv,ABANDONED - NO STATEMENT OF USE FILED,Dead/Abandoned,False,028,False
39,NEAR_1_SUBSTITUTION,1,90410624,,EVULV,2020-12-24,606,evulv,ABANDONED - NO STATEMENT OF USE FILED,Dead/Abandoned,False,028,False
39,NEAR_1_DELETION,1,90202894,,EVOV,2020-09-23,606,evov,ABANDONED - NO STATEMENT OF USE FILED,Dead/Abandoned,False,007,False
39,NEAR_1_INSERTION,1,90096908,,EVOLVE,2020-08-06,602,evolve,ABANDONED-FAILURE TO RESPOND OR LATE RESPONSE,Dead/Abandoned,False,041,False
39,NEAR_1_SUBSTITUTION,1,90070830,,EVOLO,2020-07-24,604,evolo,ABANDONED - AFTER INTER-PARTES DECISION,Dead/Abandoned,False,,False
39,NEAR_1_INSERTION,1,90060564,,EVOLVE,2020-07-19,602,evolve,ABANDONED-FAILURE TO RESPOND OR LATE RESPONSE,Dead/Abandoned,False,044,True
39,NEAR_1_INSERTION,1,79288719,,EVOLVE,2020-06-03,602,evolve,ABANDONED-FAILURE TO RESPOND OR LATE RESPONSE,Dead/Abandoned,False,007,False
39,NEAR_1_INSERTION,1,88917665,,EVOLVE,2020-05-15,602,evolve,ABANDONED-FAILURE TO RESPOND OR LATE RESPONSE,Dead/Abandoned,False,025,False
39,NEAR_1_INSERTION,1,88885139,,EVOLVE,2020-04-23,603,evolve,ABANDONED - AFTER EX PARTE APPEAL,Dead/Abandoned,False,"011,020",False
39,NEAR_1_INSERTION,1,88882206,6804575,EVOLVE,2020-04-22,713,evolve,CANCELLED - SECTION 18,Dead/Cancelled,False,,False
39,NEAR_1_INSERTION,1,88882853,6592808,EVOLVE,2020-04-22,713,evolve,CANCELLED - SECTION 18,Dead/Cancelled,False,,False
39,NEAR_1_INSERTION,1,88787973,,REVOLV,2020-02-06,605,revolv,ABANDONED EXPRESS AFTER PUB,Dead/Abandoned,False,,False
39,NEAR_1_DELETION,1,88746317,,EVOL,2020-01-03,602,evol,ABANDONED-FAILURE TO RESPOND OR LATE RESPONSE,Dead/Abandoned,False,"025,035",True
39,NEAR_1_INSERTION,1,88738374,,EVOLVE,2019-12-24,600,evolve,ABANDONED - INCOMPLETE RESPONSE,Dead/Abandoned,False,008,False
39,NEAR_1_DELETION,1,88731652,,VOLV,2019-12-18,604,volv,ABANDONED - AFTER INTER-PARTES DECISION,Dead/Abandoned,False,,False
39,NEAR_1_INSERTION,1,88727429,,EVOLVE,2019-12-14,602,evolve,ABANDONED-FAILURE TO RESPOND OR LATE RESPONSE,Dead/Abandoned,False,025,False
39,NEAR_1_INSERTION,1,88695311,,EVOLVE,2019-11-16,602,evolve,ABANDONED-FAILURE TO RESPOND OR LATE RESPONSE,Dead/Abandoned,False,003,True
39,NEAR_1_INSERTION,1,88688426,,EVOLVE,2019-11-12,602,evolve,ABANDONED-FAILURE TO RESPOND OR LATE RESPONSE,Dead/Abandoned,False,"008,021,028",True
39,NEAR_1_INSERTION,1,88682875,,EVOLVE,2019-11-06,602,evolve,ABANDONED-FAILURE TO RESPOND OR LATE RESPONSE,Dead/Abandoned,False,045,False
39,NEAR_1_INSERTION,1,88533164,,EVOLVE,2019-07-24,606,evolve,ABANDONED - NO STATEMENT OF USE FILED,Dead/Abandoned,False,032,False
39,NEAR_1_INSERTION,1,88471121,,EVOLVE,2019-06-13,602,evolve,ABANDONED-FAILURE TO RESPOND OR LATE RESPONSE,Dead/Abandoned,False,041,False
39,NEAR_1_INSERTION,1,88450504,,EVOLVE,2019-05-29,606,evolve,ABANDONED - NO STATEMENT OF USE FILED,Dead/Abandoned,False,029,False
39,NEAR_1_INSERTION,1,88374414,,EVOLVE,2019-04-06,602,evolve,ABANDONED-FAILURE TO RESPOND OR LATE RESPONSE,Dead/Abandoned,False,012,False
39,NEAR_1_INSERTION,1,88255608,,EVOLVE,2019-01-09,602,evolve,ABANDONED-FAILURE TO RESPOND OR LATE RESPONSE,Dead/Abandoned,False,009,False
39,NEAR_1_INSERTION,1,88234038,,EVOLVE,2018-12-18,606,evolve,ABANDONED - NO STATEMENT OF USE FILED,Dead/Abandoned,False,010,True
39,NEAR_1_INSERTION,1,88234057,,EVOLVE,2018-12-18,606,evolve,ABANDONED - NO STATEMENT OF USE FILED,Dead/Abandoned,False,010,True
39,NEAR_1_INSERTION,1,88215045,,EVOLVE,2018-12-03,602,evolve,ABANDONED-FAILURE TO RESPOND OR LATE RESPONSE,Dead/Abandoned,False,010,True
39,NEAR_1_INSERTION,1,88199202,,EVOLVE,2018-11-19,606,evolve,ABANDONED - NO STATEMENT OF USE FILED,Dead/Abandoned,False,010,True
39,NEAR_1_DELETION,1,88192755,,ËVOL,2018-11-13,602,evol,ABANDONED-FAILURE TO RESPOND OR LATE RESPONSE,Dead/Abandoned,False,021,True
39,NEAR_1_SUBSTITUTION,1,88121346,,EVOLI,2018-09-18,606,evoli,ABANDONED - NO STATEMENT OF USE FILED,Dead/Abandoned,False,"035,041,044",True
39,NEAR_1_INSERTION,1,88081912,5720814,EVOLVE,2018-08-17,710,evolve,CANCELLED - SECTION 8,Dead/Cancelled,False,,False
39,NEAR_1_INSERTION,1,88072096,,EVOLVE,2018-08-09,602,evolve,ABANDONED-FAILURE TO RESPOND OR LATE RESPONSE,Dead/Abandoned,False,009,False
39,NEAR_1_INSERTION,1,88037704,5720339,EVOLVE,2018-07-13,710,evolve,CANCELLED - SECTION 8,Dead/Cancelled,False,,False
39,NEAR_1_INSERTION,1,88024240,5909390,EVOLVE,2018-07-03,710,evolve,CANCELLED - SECTION 8,Dead/Cancelled,False,,False
39,NEAR_1_INSERTION,1,88016870,,EVOLVE,2018-06-27,606,evolve,ABANDONED - NO STATEMENT OF USE FILED,Dead/Abandoned,False,009,False
39,NEAR_1_INSERTION,1,87950586,,WEVOLV,2018-06-06,606,wevolv,ABANDONED - NO STATEMENT OF USE FILED,Dead/Abandoned,False,009,False
39,NEAR_1_INSERTION,1,87950828,,WEVOLV,2018-06-06,606,wevolv,ABANDONED - NO STATEMENT OF USE FILED,Dead/Abandoned,False,009,False
39,NEAR_1_INSERTION,1,87941702,,EVOLVE,2018-05-30,602,evolve,ABANDONED-FAILURE TO RESPOND OR LATE RESPONSE,Dead/Abandoned,False,"008,011",False
39,NEAR_1_SUBSTITUTION,1,87870004,5829720,EVOLT,2018-04-10,710,evolt,CANCELLED - SECTION 8,Dead/Cancelled,False,,False
39,NEAR_1_SUBSTITUTION,1,87865037,5829711,EVOLT,2018-04-05,710,evolt,CANCELLED - SECTION 8,Dead/Cancelled,False,,False
39,NEAR_1_INSERTION,1,87809122,,EVOLVE,2018-02-23,602,evolve,ABANDONED-FAILURE TO RESPOND OR LATE RESPONSE,Dead/Abandoned,False,035,True
39,NEAR_1_INSERTION,1,87716262,,EVOLVE,2017-12-11,602,evolve,ABANDONED-FAILURE TO RESPOND OR LATE RESPONSE,Dead/Abandoned,False,"003,005,010",True
39,NEAR_1_SUBSTITUTION,1,87708617,5518470,E-VOLT,2017-12-05,710,evolt,CANCELLED - SECTION 8,Dead/Cancelled,False,,False
39,NEAR_1_INSERTION,1,87701361,,EVOLVE,2017-11-29,602,evolve,ABANDONED-FAILURE TO RESPOND OR LATE RESPONSE,Dead/Abandoned,False,"003,009,016,021",True
39,NEAR_1_SUBSTITUTION,1,87661251,,EVALV,2017-10-26,602,evalv,ABANDONED-FAILURE TO RESPOND OR LATE RESPONSE,Dead/Abandoned,False,003,True
39,NEAR_1_INSERTION,1,87547677,,EVOLVE,2017-07-28,604,evolve,ABANDONED - AFTER INTER-PARTES DECISION,Dead/Abandoned,False,,False
39,NEAR_1_INSERTION,1,87547687,,EVOLVE,2017-07-28,604,evolve,ABANDONED - AFTER INTER-PARTES DECISION,Dead/Abandoned,False,,False
39,NEAR_1_SUBSTITUTION,1,87493040,,E-VOLT,2017-06-16,602,evolt,ABANDONED-FAILURE TO RESPOND OR LATE RESPONSE,Dead/Abandoned,False,009,False
39,NEAR_1_INSERTION,1,87420190,6008299,EVOLVD,2017-04-21,782,evolvd,CANCELLED - SECTION 16B,Dead/Cancelled,False,,False
39,NEAR_1_INSERTION,1,79211292,,EVOLVE,2017-04-07,602,evolve,ABANDONED-FAILURE TO RESPOND OR LATE RESPONSE,Dead/Abandoned,False,"009,042",False
39,NEAR_1_INSERTION,1,87378606,,EVOLVE,2017-03-21,602,evolve,ABANDONED-FAILURE TO RESPOND OR LATE RESPONSE,Dead/Abandoned,False,"005,029,032,035",True
39,NEAR_1_INSERTION,1,87368549,,EVOLVE,2017-03-13,602,evolve,ABANDONED-FAILURE TO RESPOND OR LATE RESPONSE,Dead/Abandoned,False,043,False
39,NEAR_1_INSERTION,1,87333335,,EVOLVE,2017-02-13,602,evolve,ABANDONED-FAILURE TO RESPOND OR LATE RESPONSE,Dead/Abandoned,False,025,False
39,NEAR_1_INSERTION,1,87313866,,EVOLVE,2017-01-25,602,evolve,ABANDONED-FAILURE TO RESPOND OR LATE RESPONSE,Dead/Abandoned,False,025,False
39,NEAR_1_INSERTION,1,87155402,,EVOLVE,2016-08-30,606,evolve,ABANDONED - NO STATEMENT OF USE FILED,Dead/Abandoned,False,009,False
39,NEAR_1_INSERTION,1,87126300,,EVOLVE,2016-08-03,606,evolve,ABANDONED - NO STATEMENT OF USE FILED,Dead/Abandoned,False,"009,042",False
39,NEAR_1_INSERTION,1,87101433,,EVOLVE,2016-07-12,602,evolve,ABANDONED-FAILURE TO RESPOND OR LATE RESPONSE,Dead/Abandoned,False,044,True
39,NEAR_1_INSERTION,1,87096293,5141422,EVOLVE,2016-07-07,710,evolve,CANCELLED - SECTION 8,Dead/Cancelled,False,,False
39,NEAR_1_INSERTION,1,87072944,,EVOLVE,2016-06-15,602,evolve,ABANDONED-FAILURE TO RESPOND OR LATE RESPONSE,Dead/Abandoned,False,009,False
39,NEAR_1_INSERTION,1,87060493,,EVOLVE,2016-06-04,606,evolve,ABANDONED - NO STATEMENT OF USE FILED,Dead/Abandoned,False,025,False
39,NEAR_1_INSERTION,1,87057463,5586703,EVOLVE,2016-06-02,710,evolve,CANCELLED - SECTION 8,Dead/Cancelled,False,,False
39,NEAR_1_DELETION,1,87056377,,EVOL,2016-06-01,602,evol,ABANDONED-FAILURE TO RESPOND OR LATE RESPONSE,Dead/Abandoned,False,"014,018,025,035",True
39,NEAR_1_INSERTION,1,87043848,,EVOLVE,2016-05-19,606,evolve,ABANDONED - NO STATEMENT OF USE FILED,Dead/Abandoned,False,028,False
39,NEAR_1_INSERTION,1,87004491,,EVOLVE,2016-04-18,606,evolve,ABANDONED - NO STATEMENT OF USE FILED,Dead/Abandoned,False,028,False
39,NEAR_1_INSERTION,1,86969283,5556198,EVOLVE@,2016-04-08,710,evolve,CANCELLED - SECTION 8,Dead/Cancelled,False,,False
39,NEAR_1_INSERTION,1,86957621,,EVOLVE,2016-03-30,602,evolve,ABANDONED-FAILURE TO RESPOND OR LATE RESPONSE,Dead/Abandoned,False,"007,011",False
39,NEAR_1_INSERTION,1,86953352,,EVOLVE,2016-03-25,604,evolve,ABANDONED - AFTER INTER-PARTES DECISION,Dead/Abandoned,False,,False
39,NEAR_1_INSERTION,1,86982327,,EVOLVE,2016-03-25,600,evolve,ABANDONED - INCOMPLETE RESPONSE,Dead/Abandoned,False,029,False
39,NEAR_1_INSERTION,1,86949724,5628241,EVOLVE,2016-03-23,710,evolve,CANCELLED - SECTION 8,Dead/Cancelled,False,,False
39,NEAR_1_INSERTION,1,86919212,5072059,EVOLVE,2016-02-25,710,evolve,CANCELLED - SECTION 8,Dead/Cancelled,False,,False
39,NEAR_1_INSERTION,1,86886818,5040067,REVOLV,2016-01-26,710,revolv,CANCELLED - SECTION 8,Dead/Cancelled,False,,False
39,NEAR_1_INSERTION,1,86859124,,EVOLVE,2015-12-28,602,evolve,ABANDONED-FAILURE TO RESPOND OR LATE RESPONSE,Dead/Abandoned,False,005,True
39,NEAR_1_INSERTION,1,76718743,5151356,EVOLVE,2015-12-11,710,evolve,CANCELLED - SECTION 8,Dead/Cancelled,False,,False
39,NEAR_1_INSERTION,1,86808675,,EVOLVE,2015-11-04,602,evolve,ABANDONED-FAILURE TO RESPOND OR LATE RESPONSE,Dead/Abandoned,False,"025,041",False
39,NEAR_1_INSERTION,1,86805951,5034926,EVOLVE,2015-11-01,710,evolve,CANCELLED - SECTION 8,Dead/Cancelled,False,,False
39,NEAR_1_INSERTION,1,86769091,,EVOLVE,2015-09-25,602,evolve,ABANDONED-FAILURE TO RESPOND OR LATE RESPONSE,Dead/Abandoned,False,018,False
39,NEAR_1_INSERTION,1,86762230,,E·VOLVE,2015-09-20,602,evolve,ABANDONED-FAILURE TO RESPOND OR LATE RESPONSE,Dead/Abandoned,False,028,False
39,NEAR_1_INSERTION,1,86737731,,EVOLVR,2015-08-26,602,evolvr,ABANDONED-FAILURE TO RESPOND OR LATE RESPONSE,Dead/Abandoned,False,009,False
39,NEAR_1_INSERTION,1,86704421,4908403,EVOLVE,2015-07-24,710,evolve,CANCELLED - SECTION 8,Dead/Cancelled,False,,False
39,NEAR_1_INSERTION,1,86655212,4939207,EVO2LV,2015-06-08,710,evo2lv,CANCELLED - SECTION 8,Dead/Cancelled,False,,False
39,NEAR_1_INSERTION,1,79172054,5188727,EVOLVE,2015-05-28,404,evolve,IR CANCELLED; US REGISTRATION CANCELLED,Dead/Cancelled,False,,False
39,NEAR_1_INSERTION,1,86574648,5220679,EVOLVE,2015-03-24,710,evolve,CANCELLED - SECTION 8,Dead/Cancelled,False,,False
39,NEAR_1_INSERTION,1,86571508,,EVOLVE,2015-03-20,606,evolve,ABANDONED - NO STATEMENT OF USE FILED,Dead/Abandoned,False,025,False
39,NEAR_1_DELETION,1,86557407,4949238,EVOL,2015-03-09,710,evol,CANCELLED - SECTION 8,Dead/Cancelled,False,,False
39,NEAR_1_INSERTION,1,86554039,,EVOLVE,2015-03-05,602,evolve,ABANDONED-FAILURE TO RESPOND OR LATE RESPONSE,Dead/Abandoned,False,011,False
39,NEAR_1_INSERTION,1,86551148,,EVOLVE,2015-03-03,602,evolve,ABANDONED-FAILURE TO RESPOND OR LATE RESPONSE,Dead/Abandoned,False,011,False
39,NEAR_1_INSERTION,1,86528837,,EVOLVE,2015-02-09,602,evolve,ABANDONED-FAILURE TO RESPOND OR LATE RESPONSE,Dead/Abandoned,False,025,False
39,NEAR_1_DELETION,1,86524423,,EVLV,2015-02-04,601,evlv,ABANDONED - EXPRESS,Dead/Abandoned,False,025,False
39,NEAR_1_DELETION,1,86381234,,EVLV,2014-08-29,606,evlv,ABANDONED - NO STATEMENT OF USE FILED,Dead/Abandoned,False,"035,041",True
39,NEAR_1_SUBSTITUTION,1,86376552,,EVOLO,2014-08-25,606,evolo,ABANDONED - NO STATEMENT OF USE FILED,Dead/Abandoned,False,009,False
39,NEAR_1_SUBSTITUTION,1,86372080,,EVOLO,2014-08-20,606,evolo,ABANDONED - NO STATEMENT OF USE FILED,Dead/Abandoned,False,009,False
39,NEAR_1_INSERTION,1,86361097,4707998,EVOLVE,2014-08-08,710,evolve,CANCELLED - SECTION 8,Dead/Cancelled,False,,False
39,NEAR_1_SUBSTITUTION,1,86350656,,EVOLB,2014-07-29,602,evolb,ABANDONED-FAILURE TO RESPOND OR LATE RESPONSE,Dead/Abandoned,False,036,False
39,NEAR_1_INSERTION,1,86306162,5865009,EVOLVE,2014-06-11,710,evolve,CANCELLED - SECTION 8,Dead/Cancelled,False,,False
39,NEAR_1_INSERTION,1,86304274,,EVOLVE,2014-06-09,606,evolve,ABANDONED - NO STATEMENT OF USE FILED,Dead/Abandoned,False,009,False
39,NEAR_1_DELETION,1,86287211,,EVOL,2014-05-21,602,evol,ABANDONED-FAILURE TO RESPOND OR LATE RESPONSE,Dead/Abandoned,False,001,False
39,NEAR_1_INSERTION,1,86281979,5023009,EVOLVE,2014-05-15,710,evolve,CANCELLED - SECTION 8,Dead/Cancelled,False,,False
39,NEAR_1_INSERTION,1,86282185,4659590,EVOLVE,2014-05-15,710,evolve,CANCELLED - SECTION 8,Dead/Cancelled,False,,False
39,NEAR_1_INSERTION,1,86248800,,EVOLVE,2014-04-10,602,evolve,ABANDONED-FAILURE TO RESPOND OR LATE RESPONSE,Dead/Abandoned,False,011,False
39,NEAR_1_INSERTION,1,86247431,,EVOLVE,2014-04-09,602,evolve,ABANDONED-FAILURE TO RESPOND OR LATE RESPONSE,Dead/Abandoned,False,011,False
39,NEAR_1_INSERTION,1,86226648,4843741,EVOLVE,2014-03-20,710,evolve,CANCELLED - SECTION 8,Dead/Cancelled,False,,False
39,NEAR_1_INSERTION,1,86158209,,EVOLV^8,2014-01-06,606,evolv8,ABANDONED - NO STATEMENT OF USE FILED,Dead/Abandoned,False,014,False
39,NEAR_1_INSERTION,1,86087785,4594411,EVOLVE,2013-10-10,710,evolve,CANCELLED - SECTION 8,Dead/Cancelled,False,,False
39,NEAR_1_INSERTION,1,86049498,,EVOLVE,2013-08-27,602,evolve,ABANDONED-FAILURE TO RESPOND OR LATE RESPONSE,Dead/Abandoned,False,003,True
39,NEAR_1_INSERTION,1,85950417,,EVOLVE,2013-06-04,602,evolve,ABANDONED-FAILURE TO RESPOND OR LATE RESPONSE,Dead/Abandoned,False,009,False
39,NEAR_1_INSERTION,1,85930272,4692976,EVOLVE,2013-05-13,710,evolve,CANCELLED - SECTION 8,Dead/Cancelled,False,,False
39,NEAR_1_INSERTION,1,85925663,,EVOLVE,2013-05-07,602,evolve,ABANDONED-FAILURE TO RESPOND OR LATE RESPONSE,Dead/Abandoned,False,035,True
39,NEAR_1_INSERTION,1,85885996,,REVOLV,2013-03-25,606,revolv,ABANDONED - NO STATEMENT OF USE FILED,Dead/Abandoned,False,009,False
39,NEAR_1_INSERTION,1,85885997,,REVOLV,2013-03-25,606,revolv,ABANDONED - NO STATEMENT OF USE FILED,Dead/Abandoned,False,042,False
39,NEAR_1_DELETION,1,85880917,,EVOL,2013-03-20,606,evol,ABANDONED - NO STATEMENT OF USE FILED,Dead/Abandoned,False,"035,039,042",True
39,NEAR_1_INSERTION,1,85872437,,EVOLVE,2013-03-11,602,evolve,ABANDONED-FAILURE TO RESPOND OR LATE RESPONSE,Dead/Abandoned,False,041,False
39,NEAR_1_INSERTION,1,79128480,,EVOLVE,2013-03-06,402,evolve,IR CANCELLED; US APPLICATION ABANDONED,Dead/Abandoned,False,,False
39,NEAR_1_INSERTION,1,85841451,4860098,EVOLVA,2013-02-05,710,evolva,CANCELLED - SECTION 8,Dead/Cancelled,False,,False
39,NEAR_1_INSERTION,1,85822318,4472358,EVOLVE,2013-01-14,710,evolve,CANCELLED - SECTION 8,Dead/Cancelled,False,,False
39,NEAR_1_INSERTION,1,85801709,4375751,EVOLVE,2012-12-13,710,evolve,CANCELLED - SECTION 8,Dead/Cancelled,False,,False
39,NEAR_1_INSERTION,1,85802148,4383591,EVOLVE,2012-12-13,710,evolve,CANCELLED - SECTION 8,Dead/Cancelled,False,,False
39,NEAR_1_INSERTION,1,85788232,,EVOLVE,2012-11-27,602,evolve,ABANDONED-FAILURE TO RESPOND OR LATE RESPONSE,Dead/Abandoned,False,003,True
39,NEAR_1_INSERTION,1,85746467,,EVOLVE,2012-10-05,606,evolve,ABANDONED - NO STATEMENT OF USE FILED,Dead/Abandoned,False,025,False
39,NEAR_1_DELETION,1,85742915,,EVOL,2012-10-01,606,evol,ABANDONED - NO STATEMENT OF USE FILED,Dead/Abandoned,False,036,False
39,NEAR_1_INSERTION,1,85726811,,EVOLVE,2012-09-12,602,evolve,ABANDONED-FAILURE TO RESPOND OR LATE RESPONSE,Dead/Abandoned,False,026,False
39,NEAR_1_INSERTION,1,85708932,5186699,EVOLVE,2012-08-21,710,evolve,CANCELLED - SECTION 8,Dead/Cancelled,False,,False
39,NEAR_1_INSERTION,1,85694268,4309042,RE-VOLV,2012-08-02,710,revolv,CANCELLED - SECTION 8,Dead/Cancelled,False,,False
39,NEAR_1_SUBSTITUTION,1,85685198,,E-VOLO,2012-07-24,601,evolo,ABANDONED - EXPRESS,Dead/Abandoned,False,"007,009,012",False
39,NEAR_1_DELETION,1,85662615,,EVOL,2012-06-27,606,evol,ABANDONED - NO STATEMENT OF USE FILED,Dead/Abandoned,False,042,False
39,NEAR_1_INSERTION,1,85619960,4617950,EVOLVE,2012-05-08,710,evolve,CANCELLED - SECTION 8,Dead/Cancelled,False,,False
39,NEAR_1_INSERTION,1,85619975,4264268,EVOLVE,2012-05-08,710,evolve,CANCELLED - SECTION 8,Dead/Cancelled,False,,False
39,NEAR_1_INSERTION,1,85619998,4617951,EVOLVE,2012-05-08,710,evolve,CANCELLED - SECTION 8,Dead/Cancelled,False,,False
39,NEAR_1_INSERTION,1,85620003,4264271,EVOLVE,2012-05-08,710,evolve,CANCELLED - SECTION 8,Dead/Cancelled,False,,False
39,NEAR_1_INSERTION,1,85575322,,EVOLVE,2012-03-21,602,evolve,ABANDONED-FAILURE TO RESPOND OR LATE RESPONSE,Dead/Abandoned,False,035,True
39,NEAR_1_INSERTION,1,85575340,,EVOLVE,2012-03-21,602,evolve,ABANDONED-FAILURE TO RESPOND OR LATE RESPONSE,Dead/Abandoned,False,005,True
39,NEAR_1_SUBSTITUTION,1,85543285,4486937,E VOLO,2012-02-15,710,evolo,CANCELLED - SECTION 8,Dead/Cancelled,False,,False
39,NEAR_1_INSERTION,1,85501952,4857439,NEVOLV,2011-12-22,710,nevolv,CANCELLED - SECTION 8,Dead/Cancelled,False,,False
39,NEAR_1_INSERTION,1,85493050,,EVOLVE,2011-12-12,606,evolve,ABANDONED - NO STATEMENT OF USE FILED,Dead/Abandoned,False,034,False
39,NEAR_1_INSERTION,1,85473346,,EVOLVE,2011-11-15,602,evolve,ABANDONED-FAILURE TO RESPOND OR LATE RESPONSE,Dead/Abandoned,False,012,False
39,NEAR_1_SUBSTITUTION,1,85469015,,EVOL1,2011-11-10,604,evol1,ABANDONED - AFTER INTER-PARTES DECISION,Dead/Abandoned,False,,False
39,NEAR_1_INSERTION,1,85424737,,EVOLVE,2011-09-16,602,evolve,ABANDONED-FAILURE TO RESPOND OR LATE RESPONSE,Dead/Abandoned,False,018,False
39,NEAR_1_DELETION,1,85422401,4306080,EVOL,2011-09-14,710,evol,CANCELLED - SECTION 8,Dead/Cancelled,False,,False
39,NEAR_1_SUBSTITUTION,1,85368245,4230949,EVÄLV,2011-07-11,710,evalv,CANCELLED - SECTION 8,Dead/Cancelled,False,,False
39,NEAR_1_INSERTION,1,85359930,4471258,EVOLVE,2011-06-29,710,evolve,CANCELLED - SECTION 8,Dead/Cancelled,False,,False
39,NEAR_1_INSERTION,1,85357568,,EVOLVE,2011-06-27,604,evolve,ABANDONED - AFTER INTER-PARTES DECISION,Dead/Abandoned,False,,False
39,NEAR_1_INSERTION,1,85315618,,EVOLVE,2011-05-09,606,evolve,ABANDONED - NO STATEMENT OF USE FILED,Dead/Abandoned,False,027,False
39,NEAR_1_DELETION,1,85274648,,EVOL,2011-03-23,606,evol,ABANDONED - NO STATEMENT OF USE FILED,Dead/Abandoned,False,030,False
39,NEAR_1_DELETION,1,85975277,4081403,EVOL,2011-03-23,710,evol,CANCELLED - SECTION 8,Dead/Cancelled,False,,False
39,NEAR_1_INSERTION,1,85254167,,EVOLVE,2011-03-01,605,evolve,ABANDONED EXPRESS AFTER PUB,Dead/Abandoned,False,,False
39,NEAR_1_INSERTION,1,85238724,,EVOLVE,2011-02-10,602,evolve,ABANDONED-FAILURE TO RESPOND OR LATE RESPONSE,Dead/Abandoned,False,042,False
39,NEAR_1_INSERTION,1,85198045,,EVOLVE,2010-12-15,602,evolve,ABANDONED-FAILURE TO RESPOND OR LATE RESPONSE,Dead/Abandoned,False,003,True
39,NEAR_1_DELETION,1,85176423,4147400,EVOL,2010-11-15,710,evol,CANCELLED - SECTION 8,Dead/Cancelled,False,,False
39,NEAR_1_DELETION,1,85176425,,EVOL,2010-11-15,605,evol,ABANDONED EXPRESS AFTER PUB,Dead/Abandoned,False,,False
39,NEAR_1_INSERTION,1,85159354,4342968,EVOLVE,2010-10-22,710,evolve,CANCELLED - SECTION 8,Dead/Cancelled,False,,False
39,NEAR_1_INSERTION,1,85137557,3988830,EVOLVE,2010-09-24,710,evolve,CANCELLED - SECTION 8,Dead/Cancelled,False,,False
39,NEAR_1_DELETION,1,85127554,,EVOL,2010-09-11,602,evol,ABANDONED-FAILURE TO RESPOND OR LATE RESPONSE,Dead/Abandoned,False,025,False
39,NEAR_1_DELETION,1,85107985,4268672,EVOL,2010-08-16,710,evol,CANCELLED - SECTION 8,Dead/Cancelled,False,,False
39,NEAR_1_DELETION,1,85091384,,EVOL,2010-07-23,602,evol,ABANDONED-FAILURE TO RESPOND OR LATE RESPONSE,Dead/Abandoned,False,"035,036",True
39,NEAR_1_INSERTION,1,85062560,3939209,EVOLVE,2010-06-14,710,evolve,CANCELLED - SECTION 8,Dead/Cancelled,False,,False
39,NEAR_1_INSERTION,1,85062566,,EVOLVE,2010-06-14,602,evolve,ABANDONED-FAILURE TO RESPOND OR LATE RESPONSE,Dead/Abandoned,False,036,False
39,NEAR_1_INSERTION,1,85028609,,EVOLVE,2010-05-03,606,evolve,ABANDONED - NO STATEMENT OF USE FILED,Dead/Abandoned,False,035,True
39,NEAR_1_INSERTION,1,85002904,,EVOLVE,2010-03-31,604,evolve,ABANDONED - AFTER INTER-PARTES DECISION,Dead/Abandoned,False,,False
39,NEAR_1_INSERTION,1,77940629,,REVOLV,2010-02-20,602,revolv,ABANDONED-FAILURE TO RESPOND OR LATE RESPONSE,Dead/Abandoned,False,016,False
39,NEAR_1_INSERTION,1,77922590,,EVOLVE,2010-01-28,602,evolve,ABANDONED-FAILURE TO RESPOND OR LATE RESPONSE,Dead/Abandoned,False,003,True
39,NEAR_1_INSERTION,1,77902422,,EVOLVE,2009-12-29,602,evolve,ABANDONED-FAILURE TO RESPOND OR LATE RESPONSE,Dead/Abandoned,False,"009,042",False
39,NEAR_1_DELETION,1,77900179,4103491,EVOL,2009-12-23,710,evol,CANCELLED - SECTION 8,Dead/Cancelled,False,,False
39,NEAR_1_INSERTION,1,77883222,,EVOLVE,2009-12-01,602,evolve,ABANDONED-FAILURE TO RESPOND OR LATE RESPONSE,Dead/Abandoned,False,041,False
39,NEAR_1_INSERTION,1,77846899,,EVOLVE,2009-10-12,604,evolve,ABANDONED - AFTER INTER-PARTES DECISION,Dead/Abandoned,False,,False
39,NEAR_1_INSERTION,1,77803106,,EVOLVE,2009-08-12,606,evolve,ABANDONED - NO STATEMENT OF USE FILED,Dead/Abandoned,False,035,True
39,NEAR_1_INSERTION,1,77797028,,EVOLVE,2009-08-04,606,evolve,ABANDONED - NO STATEMENT OF USE FILED,Dead/Abandoned,False,025,False
39,NEAR_1_INSERTION,1,77767611,,EVOLVE,2009-06-24,602,evolve,ABANDONED-FAILURE TO RESPOND OR LATE RESPONSE,Dead/Abandoned,False,025,False
39,NEAR_1_DELETION,1,79071522,3822069,EVOL,2009-05-14,404,evol,IR CANCELLED; US REGISTRATION CANCELLED,Dead/Cancelled,False,,False
39,NEAR_1_INSERTION,1,77730732,,EVOLVE,2009-05-06,606,evolve,ABANDONED - NO STATEMENT OF USE FILED,Dead/Abandoned,False,"004,039,040",False
39,NEAR_1_INSERTION,1,77716201,3708376,EVOLVE,2009-04-17,710,evolve,CANCELLED - SECTION 8,Dead/Cancelled,False,,False
39,NEAR_1_INSERTION,1,77711324,3955322,EVOLVE,2009-04-10,710,evolve,CANCELLED - SECTION 8,Dead/Cancelled,False,,False
39,NEAR_1_INSERTION,1,77678973,3842462,EVO2LV,2009-02-26,710,evo2lv,CANCELLED - SECTION 8,Dead/Cancelled,False,,False
39,NEAR_1_INSERTION,1,77664178,4102709,EVOLVE,2009-02-05,710,evolve,CANCELLED - SECTION 8,Dead/Cancelled,False,,False
39,NEAR_1_INSERTION,1,77649836,,EVOLVH,2009-01-14,602,evolvh,ABANDONED-FAILURE TO RESPOND OR LATE RESPONSE,Dead/Abandoned,False,003,True
39,NEAR_1_INSERTION,1,77647719,,EVOLVH,2009-01-12,602,evolvh,ABANDONED-FAILURE TO RESPOND OR LATE RESPONSE,Dead/Abandoned,False,003,True
39,NEAR_1_INSERTION,1,77629192,3647117,REVOLV,2008-12-09,710,revolv,CANCELLED - SECTION 8,Dead/Cancelled,False,,False
39,NEAR_1_INSERTION,1,77625379,,EVOLVE,2008-12-03,602,evolve,ABANDONED-FAILURE TO RESPOND OR LATE RESPONSE,Dead/Abandoned,False,035,True
39,NEAR_1_INSERTION,1,77622553,,EVOLVE,2008-11-26,606,evolve,ABANDONED - NO STATEMENT OF USE FILED,Dead/Abandoned,False,038,False
39,NEAR_1_INSERTION,1,77616662,3755832,EVOLVE,2008-11-18,710,evolve,CANCELLED - SECTION 8,Dead/Cancelled,False,,False
39,NEAR_1_INSERTION,1,77616671,,EVOLVE,2008-11-18,605,evolve,ABANDONED EXPRESS AFTER PUB,Dead/Abandoned,False,,False
39,NEAR_1_INSERTION,1,77558908,,ESVOLV,2008-08-29,602,esvolv,ABANDONED-FAILURE TO RESPOND OR LATE RESPONSE,Dead/Abandoned,False,"009,035,038,041",True
39,NEAR_1_INSERTION,1,77505738,3656757,EVOLVE,2008-06-23,710,evolve,CANCELLED - SECTION 8,Dead/Cancelled,False,,False
39,NEAR_1_INSERTION,1,77498458,,EVOLVE,2008-06-13,606,evolve,ABANDONED - NO STATEMENT OF USE FILED,Dead/Abandoned,False,"035,041,043,044,045",True
39,NEAR_1_INSERTION,1,77488706,,EVOLVE,2008-06-02,602,evolve,ABANDONED-FAILURE TO RESPOND OR LATE RESPONSE,Dead/Abandoned,False,009,False
39,NEAR_1_DELETION,1,77479355,,E-VOL,2008-05-20,606,evol,ABANDONED - NO STATEMENT OF USE FILED,Dead/Abandoned,False,042,False
39,NEAR_1_INSERTION,1,77474361,3702672,EVOLVE,2008-05-14,710,evolve,CANCELLED - SECTION 8,Dead/Cancelled,False,,False
39,NEAR_1_INSERTION,1,77469306,3790733,EVOLVE,2008-05-08,710,evolve,CANCELLED - SECTION 8,Dead/Cancelled,False,,False
39,NEAR_1_INSERTION,1,77469356,3790734,EVOLVE,2008-05-08,710,evolve,CANCELLED - SECTION 8,Dead/Cancelled,False,,False
39,NEAR_1_INSERTION,1,77450680,3604069,E VOLVE,2008-04-17,710,evolve,CANCELLED - SECTION 8,Dead/Cancelled,False,,False
39,NEAR_1_SUBSTITUTION,1,77441572,,EVOLT,2008-04-07,606,evolt,ABANDONED - NO STATEMENT OF USE FILED,Dead/Abandoned,False,005,True
39,NEAR_1_INSERTION,1,77438759,,EVOLVE,2008-04-03,602,evolve,ABANDONED-FAILURE TO RESPOND OR LATE RESPONSE,Dead/Abandoned,False,025,False
39,NEAR_1_DELETION,1,77439417,,EVOL,2008-04-03,606,evol,ABANDONED - NO STATEMENT OF USE FILED,Dead/Abandoned,False,"003,009,021",True
39,NEAR_1_DELETION,1,77977458,3670922,EVOL,2008-04-03,710,evol,CANCELLED - SECTION 8,Dead/Cancelled,False,,False
39,NEAR_1_INSERTION,1,77394410,3498953,EVOLVE,2008-02-12,710,evolve,CANCELLED - SECTION 8,Dead/Cancelled,False,,False
39,NEAR_1_INSERTION,1,77394412,3498954,EVOLVE,2008-02-12,710,evolve,CANCELLED - SECTION 8,Dead/Cancelled,False,,False
39,NEAR_1_SUBSTITUTION,1,77381809,3629513,EVOLO,2008-01-28,710,evolo,CANCELLED - SECTION 8,Dead/Cancelled,False,,False
39,NEAR_1_INSERTION,1,77355596,,EVOLVE,2007-12-19,601,evolve,ABANDONED - EXPRESS,Dead/Abandoned,False,003,True
39,NEAR_1_DELETION,1,79048471,,EVOL,2007-12-13,402,evol,IR CANCELLED; US APPLICATION ABANDONED,Dead/Abandoned,False,,False
39,NEAR_1_INSERTION,1,77335249,,EVOLVE :·,2007-11-21,602,evolve,ABANDONED-FAILURE TO RESPOND OR LATE RESPONSE,Dead/Abandoned,False,035,True
39,NEAR_1_INSERTION,1,77333209,3542778,EVOLVE.,2007-11-19,710,evolve,CANCELLED - SECTION 8,Dead/Cancelled,False,,False
39,NEAR_1_INSERTION,1,77323835,3693257,EVOLVE,2007-11-07,710,evolve,CANCELLED - SECTION 8,Dead/Cancelled,False,,False
39,NEAR_1_INSERTION,1,77322757,3453509,E-VOLVE,2007-11-06,713,evolve,CANCELLED - SECTION 18,Dead/Cancelled,False,,False
39,NEAR_1_INSERTION,1,77313121,,EVOLVE,2007-10-25,606,evolve,ABANDONED - NO STATEMENT OF USE FILED,Dead/Abandoned,False,043,False
39,NEAR_1_INSERTION,1,77313963,,EVOLVE,2007-10-25,606,evolve,ABANDONED - NO STATEMENT OF USE FILED,Dead/Abandoned,False,009,False
39,NEAR_1_INSERTION,1,77292975,,EVOLVE,2007-10-01,601,evolve,ABANDONED - EXPRESS,Dead/Abandoned,False,"035,041",True
39,NEAR_1_INSERTION,1,77283892,,EVOLVE,2007-09-19,602,evolve,ABANDONED-FAILURE TO RESPOND OR LATE RESPONSE,Dead/Abandoned,False,035,True
39,NEAR_1_INSERTION,1,77254550,,EVOLVE,2007-08-14,602,evolve,ABANDONED-FAILURE TO RESPOND OR LATE RESPONSE,Dead/Abandoned,False,009,False
39,NEAR_1_INSERTION,1,77208186,3850408,EVOLVE,2007-06-18,710,evolve,CANCELLED - SECTION 8,Dead/Cancelled,False,,False
39,NEAR_1_INSERTION,1,76677835,3482807,EVOLVE,2007-06-01,710,evolve,CANCELLED - SECTION 8,Dead/Cancelled,False,,False
39,NEAR_1_INSERTION,1,77185982,,EVOLVE,2007-05-21,602,evolve,ABANDONED-FAILURE TO RESPOND OR LATE RESPONSE,Dead/Abandoned,False,"035,041",True
39,NEAR_1_INSERTION,1,77154710,,REVOLV,2007-04-12,606,revolv,ABANDONED - NO STATEMENT OF USE FILED,Dead/Abandoned,False,042,False
39,NEAR_1_INSERTION,1,79040347,,EVOLVE,2007-03-30,402,evolve,IR CANCELLED; US APPLICATION ABANDONED,Dead/Abandoned,False,,False
39,NEAR_1_INSERTION,1,79039753,,EVOLVE,2007-03-21,402,evolve,IR CANCELLED; US APPLICATION ABANDONED,Dead/Abandoned,False,,False
39,NEAR_1_INSERTION,1,77071787,,EVOLVE,2006-12-27,606,evolve,ABANDONED - NO STATEMENT OF USE FILED,Dead/Abandoned,False,010,True
39,NEAR_1_INSERTION,1,78909337,3891504,EVOLVE,2006-06-15,710,evolve,CANCELLED - SECTION 8,Dead/Cancelled,False,,False
39,NEAR_1_INSERTION,1,78909343,3909382,EVOLVE,2006-06-15,710,evolve,CANCELLED - SECTION 8,Dead/Cancelled,False,,False
39,NEAR_1_INSERTION,1,78831788,,EVOLVE,2006-03-08,606,evolve,ABANDONED - NO STATEMENT OF USE FILED,Dead/Abandoned,False,028,False
39,NEAR_1_SUBSTITUTION,1,78814929,,EVOLU,2006-02-14,602,evolu,ABANDONED-FAILURE TO RESPOND OR LATE RESPONSE,Dead/Abandoned,False,025,False
39,NEAR_1_INSERTION,1,79021748,,EVOLVE,2006-02-14,402,evolve,IR CANCELLED; US APPLICATION ABANDONED,Dead/Abandoned,False,,False
39,NEAR_1_DELETION,1,78809609,3285780,EVOL,2006-02-08,710,evol,CANCELLED - SECTION 8,Dead/Cancelled,False,,False
39,NEAR_1_SUBSTITUTION,1,78798962,,EXOLV,2006-01-25,606,exolv,ABANDONED - NO STATEMENT OF USE FILED,Dead/Abandoned,False,005,True
39,NEAR_1_INSERTION,1,78730559,,EVOLVE,2005-10-11,606,evolve,ABANDONED - NO STATEMENT OF USE FILED,Dead/Abandoned,False,"029,030",False
39,NEAR_1_INSERTION,1,78695130,,REVOLV,2005-08-18,606,revolv,ABANDONED - NO STATEMENT OF USE FILED,Dead/Abandoned,False,030,False
39,NEAR_1_INSERTION,1,78664767,3336292,EVOLVZ,2005-07-06,710,evolvz,CANCELLED - SECTION 8,Dead/Cancelled,False,,False
39,NEAR_1_INSERTION,1,78573400,3132131,EVOLVE,2005-02-23,710,evolve,CANCELLED - SECTION 8,Dead/Cancelled,False,,False
39,NEAR_1_INSERTION,1,78561135,3058958,E-VOLVE,2005-02-04,710,evolve,CANCELLED - SECTION 8,Dead/Cancelled,False,,False
39,NEAR_1_SUBSTITUTION,1,78505874,,EVOLO,2004-10-26,606,evolo,ABANDONED - NO STATEMENT OF USE FILED,Dead/Abandoned,False,012,False
39,NEAR_1_INSERTION,1,79011965,,EVOLVA,2004-07-07,402,evolva,IR CANCELLED; US APPLICATION ABANDONED,Dead/Abandoned,False,,False
39,NEAR_1_SUBSTITUTION,1,78437743,3330609,EVOLT,2004-06-18,710,evolt,CANCELLED - SECTION 8,Dead/Cancelled,False,,False
39,NEAR_1_INSERTION,1,76578367,2927600,EVOLVE,2004-03-01,710,evolve,CANCELLED - SECTION 8,Dead/Cancelled,False,,False
39,NEAR_1_INSERTION,1,78343067,,EVOLVE,2003-12-18,606,evolve,ABANDONED - NO STATEMENT OF USE FILED,Dead/Abandoned,False,041,False
39,NEAR_1_INSERTION,1,78310601,,EVOLVE,2003-10-07,602,evolve,ABANDONED-FAILURE TO RESPOND OR LATE RESPONSE,Dead/Abandoned,False,012,False
39,NEAR_1_INSERTION,1,78228497,,E-VOLVE,2003-03-21,606,evolve,ABANDONED - NO STATEMENT OF USE FILED,Dead/Abandoned,False,"020,024,027",False
39,NEAR_1_INSERTION,1,76464035,2761481,EVOLVE,2002-11-04,710,evolve,CANCELLED - SECTION 8,Dead/Cancelled,False,,False
39,NEAR_1_INSERTION,1,76442916,,EVOLVE,2002-08-16,606,evolve,ABANDONED - NO STATEMENT OF USE FILED,Dead/Abandoned,False,009,False
39,NEAR_1_INSERTION,1,78136117,2796169,EVOLVE,2002-06-16,710,evolve,CANCELLED - SECTION 8,Dead/Cancelled,False,,False
39,NEAR_1_SUBSTITUTION,1,78130534,,EVO-LT,2002-05-22,606,evolt,ABANDONED - NO STATEMENT OF USE FILED,Dead/Abandoned,False,007,False
39,NEAR_1_SUBSTITUTION,1,78130538,,EVO-LL,2002-05-22,606,evoll,ABANDONED - NO STATEMENT OF USE FILED,Dead/Abandoned,False,007,False
39,NEAR_1_INSERTION,1,78103359,3308003,EVOLVE,2002-01-17,710,evolve,CANCELLED - SECTION 8,Dead/Cancelled,False,,False
39,NEAR_1_INSERTION,1,76354462,2651847,EVOLVE,2002-01-02,710,evolve,CANCELLED - SECTION 8,Dead/Cancelled,False,,False
39,NEAR_1_DELETION,1,76334229,2682876,EVOL,2001-11-05,710,evol,CANCELLED - SECTION 8,Dead/Cancelled,False,,False
39,NEAR_1_INSERTION,1,76329675,,EVOLVE,2001-10-25,606,evolve,ABANDONED - NO STATEMENT OF USE FILED,Dead/Abandoned,False,019,False
39,NEAR_1_INSERTION,1,78067157,,EVOLVE,2001-06-04,602,evolve,ABANDONED-FAILURE TO RESPOND OR LATE RESPONSE,Dead/Abandoned,False,009,False
39,NEAR_1_INSERTION,1,78067163,,EVOLVE,2001-06-04,602,evolve,ABANDONED-FAILURE TO RESPOND OR LATE RESPONSE,Dead/Abandoned,False,036,False
39,NEAR_1_INSERTION,1,78039857,2563828,EVOLVE,2000-12-19,710,evolve,CANCELLED - SECTION 8,Dead/Cancelled,False,,False
39,NEAR_1_INSERTION,1,78033096,,EVOLVE,2000-10-31,606,evolve,ABANDONED - NO STATEMENT OF USE FILED,Dead/Abandoned,False,016,False
39,NEAR_1_INSERTION,1,76155993,,EVOLVE,2000-10-30,602,evolve,ABANDONED-FAILURE TO RESPOND OR LATE RESPONSE,Dead/Abandoned,False,042,False
39,NEAR_1_SUBSTITUTION,1,76138407,,EVOLO,2000-09-29,606,evolo,ABANDONED - NO STATEMENT OF USE FILED,Dead/Abandoned,False,025,False
39,NEAR_1_INSERTION,1,76110618,,EVOLVE,2000-08-14,602,evolve,ABANDONED-FAILURE TO RESPOND OR LATE RESPONSE,Dead/Abandoned,False,041,False
39,NEAR_1_INSERTION,1,78008580,,EVOLVE,2000-05-17,602,evolve,ABANDONED-FAILURE TO RESPOND OR LATE RESPONSE,Dead/Abandoned,False,009,False
39,NEAR_1_INSERTION,1,76046732,,EVOLVE,2000-05-11,602,evolve,ABANDONED-FAILURE TO RESPOND OR LATE RESPONSE,Dead/Abandoned,False,035,True
39,NEAR_1_SUBSTITUTION,1,76035809,2759336,EVOLO,2000-04-26,710,evolo,CANCELLED - SECTION 8,Dead/Cancelled,False,,False
39,NEAR_1_INSERTION,1,75941787,,E* VOLVE,2000-03-13,602,evolve,ABANDONED-FAILURE TO RESPOND OR LATE RESPONSE,Dead/Abandoned,False,020,False
39,NEAR_1_INSERTION,1,75935847,2772864,E-VOLVE,2000-03-06,710,evolve,CANCELLED - SECTION 8,Dead/Cancelled,False,,False
39,NEAR_1_INSERTION,1,75862175,2543432,EVOLVE,1999-12-01,710,evolve,CANCELLED - SECTION 8,Dead/Cancelled,False,,False
39,NEAR_1_INSERTION,1,75863295,,EVOLVE,1999-12-01,600,evolve,ABANDONED - INCOMPLETE RESPONSE,Dead/Abandoned,False,042,False
39,NEAR_1_INSERTION,1,75863297,,EVOLVE,1999-12-01,606,evolve,ABANDONED - NO STATEMENT OF USE FILED,Dead/Abandoned,False,"040,042",False
39,NEAR_1_INSERTION,1,75856930,2553537,EVOLVE,1999-11-22,710,evolve,CANCELLED - SECTION 8,Dead/Cancelled,False,,False
39,NEAR_1_INSERTION,1,75838853,,EVOLVE,1999-11-03,602,evolve,ABANDONED-FAILURE TO RESPOND OR LATE RESPONSE,Dead/Abandoned,False,035,True
39,NEAR_1_INSERTION,1,75793563,2450118,EVOLVA,1999-09-07,710,evolva,CANCELLED - SECTION 8,Dead/Cancelled,False,,False
39,NEAR_1_INSERTION,1,75778024,,E.VOLVE,1999-08-17,602,evolve,ABANDONED-FAILURE TO RESPOND OR LATE RESPONSE,Dead/Abandoned,False,"035,042",True
39,NEAR_1_INSERTION,1,75739116,,EVOLVE,1999-06-29,602,evolve,ABANDONED-FAILURE TO RESPOND OR LATE RESPONSE,Dead/Abandoned,False,009,False
39,NEAR_1_INSERTION,1,75715357,2384235,EVOLVE,1999-06-22,710,evolve,CANCELLED - SECTION 8,Dead/Cancelled,False,,False
39,NEAR_1_INSERTION,1,75667077,,REVOLV,1999-03-24,602,revolv,ABANDONED-FAILURE TO RESPOND OR LATE RESPONSE,Dead/Abandoned,False,038,False
39,NEAR_1_INSERTION,1,75519772,2312566,EVOLVE,1998-07-16,710,evolve,CANCELLED - SECTION 8,Dead/Cancelled,False,,False
39,NEAR_1_INSERTION,1,75520388,,E.VOLVE,1998-07-16,602,evolve,ABANDONED-FAILURE TO RESPOND OR LATE RESPONSE,Dead/Abandoned,False,009,False
39,NEAR_1_INSERTION,1,75498206,,EVOLVE,1998-06-05,606,evolve,ABANDONED - NO STATEMENT OF USE FILED,Dead/Abandoned,False,014,False
39,NEAR_1_INSERTION,1,75491490,2288740,EVOLVE,1998-05-27,710,evolve,CANCELLED - SECTION 8,Dead/Cancelled,False,,False
39,NEAR_1_INSERTION,1,75442624,,EVOLVE,1998-03-02,602,evolve,ABANDONED-FAILURE TO RESPOND OR LATE RESPONSE,Dead/Abandoned,False,,False
39,NEAR_1_SUBSTITUTION,1,75434274,2275650,E.SOLV,1998-02-13,710,esolv,CANCELLED - SECTION 8,Dead/Cancelled,False,,False
39,NEAR_1_INSERTION,1,75350336,,REVOLV,1997-09-02,602,revolv,ABANDONED-FAILURE TO RESPOND OR LATE RESPONSE,Dead/Abandoned,False,,False
39,NEAR_1_INSERTION,1,75323900,,E-VOLVE,1997-07-14,602,evolve,ABANDONED-FAILURE TO RESPOND OR LATE RESPONSE,Dead/Abandoned,False,042,False
39,NEAR_1_DELETION,1,75272390,,EVOL,1997-04-10,606,evol,ABANDONED - NO STATEMENT OF USE FILED,Dead/Abandoned,False,,False
39,NEAR_1_DELETION,1,75977179,2189508,EVOL,1997-04-10,710,evol,CANCELLED - SECTION 8,Dead/Cancelled,False,,False
39,NEAR_1_INSERTION,1,75147809,2110018,EVOLVE,1996-08-09,710,evolve,CANCELLED - SECTION 8,Dead/Cancelled,False,,False
39,NEAR_1_INSERTION,1,75137323,2108005,EVOLVE,1996-07-18,710,evolve,CANCELLED - SECTION 8,Dead/Cancelled,False,,False
39,NEAR_1_INSERTION,1,75002384,2265216,EVOLVE,1995-10-06,710,evolve,CANCELLED - SECTION 8,Dead/Cancelled,False,,False
39,NEAR_1_INSERTION,1,74699519,,EVOLVE,1995-07-07,602,evolve,ABANDONED-FAILURE TO RESPOND OR LATE RESPONSE,Dead/Abandoned,False,,False
39,NEAR_1_INSERTION,1,74651138,1960193,EVOLVE,1995-03-24,710,evolve,CANCELLED - SECTION 8,Dead/Cancelled,False,,False
39,NEAR_1_INSERTION,1,74634967,1940139,EVOLVE,1995-02-16,710,evolve,CANCELLED - SECTION 8,Dead/Cancelled,False,,False
39,NEAR_1_INSERTION,1,74634969,,EVOLVE,1995-02-16,602,evolve,ABANDONED-FAILURE TO RESPOND OR LATE RESPONSE,Dead/Abandoned,False,,False
39,NEAR_1_INSERTION,1,74610887,2072971,EVOLVE,1994-12-14,710,evolve,CANCELLED - SECTION 8,Dead/Cancelled,False,,False
39,NEAR_1_INSERTION,1,74275339,1782475,EVOLVE,1992-05-14,710,evolve,CANCELLED - SECTION 8,Dead/Cancelled,False,,False
39,NEAR_1_INSERTION,1,74211309,,EVOLVE,1991-10-11,602,evolve,ABANDONED-FAILURE TO RESPOND OR LATE RESPONSE,Dead/Abandoned,False,,False
39,NEAR_1_INSERTION,1,74200523,,EVOLVE,1991-09-03,601,evolve,ABANDONED - EXPRESS,Dead/Abandoned,False,,False
39,NEAR_1_DELETION,1,73776044,,EVOL,1989-01-23,604,evol,ABANDONED - AFTER INTER-PARTES DECISION,Dead/Abandoned,False,,False
39,NEAR_1_INSERTION,1,73697304,,EVOLVE,1987-11-23,602,evolve,ABANDONED-FAILURE TO RESPOND OR LATE RESPONSE,Dead/Abandoned,False,,False
39,NEAR_1_SUBSTITUTION,1,73684402,1491231,EVOLO,1987-09-14,710,evolo,CANCELLED - SECTION 8,Dead/Cancelled,False,,False
39,NEAR_1_INSERTION,1,73370910,1295412,EVOLVE,1982-06-21,710,evolve,CANCELLED - SECTION 8,Dead/Cancelled,False,,False
39,NEAR_1_INSERTION,1,73365100,,EVOLVE,1982-05-17,602,evolve,ABANDONED-FAILURE TO RESPOND OR LATE RESPONSE,Dead/Abandoned,False,,False
39,NEAR_1_INSERTION,1,73334201,,EVOLVE,,602,evolve,ABANDONED-FAILURE TO RESPOND OR LATE RESPONSE,Dead/Abandoned,False,,False
39,NEAR_1_INSERTION,1,87815632,,EVOLVE,,622,evolve,MISASSIGNED SERIAL NUMBER,Indifferent,False,025,False
39,NEAR_1_INSERTION,1,88037995,,EVOLVE,,622,evolve,MISASSIGNED SERIAL NUMBER,Indifferent,False,025,False
40,EXACT,0,99735143,,DOUBLE TAKE,2026-03-31,641,doubletake,NON-FINAL ACTION - MAILED,Live/Pending,True,003,True
40,EXACT,0,99673378,,DOUBLE TAKE,2026-02-27,641,doubletake,NON-FINAL ACTION - MAILED,Live/Pending,True,021,True
40,EXACT,0,99420607,,DOUBLE TAKE,2025-09-30,653,doubletake,SUSPENSION LETTER - MAILED,Live/Pending,True,030,False
40,EXACT,0,99398630,,DOUBLETAKE,2025-09-17,688,doubletake,NOTICE OF ALLOWANCE - ISSUED,Live/Pending,True,042,False
40,EXACT,0,99255202,,DOUBLE TAKE,2025-06-26,688,doubletake,NOTICE OF ALLOWANCE - ISSUED,Live/Pending,True,001,False
40,EXACT,0,97929829,7995471,DOUBLE TAKE,2023-05-10,700,doubletake,REGISTERED,Live/Registered,True,028,False
40,EXACT,0,97164017,6999319,DOUBLETAKE,2021-12-09,700,doubletake,REGISTERED,Live/Registered,True,012,False
40,EXACT,0,88879745,6913546,DOUBLE TAKE,2020-04-20,700,doubletake,REGISTERED,Live/Registered,True,033,False
40,EXACT,0,88864749,6344792,DOUBLE TAKE,2020-04-08,700,doubletake,REGISTERED,Live/Registered,True,031,False
40,EXACT,0,87531368,5511425,DOUBLETAKE,2017-07-17,702,doubletake,SECTION 8 & 15-ACCEPTED AND ACKNOWLEDGED,Live/Registered,True,009,False
40,EXACT,0,87404380,5316835,DOUBLETAKE,2017-04-09,701,doubletake,SECTION 8-ACCEPTED,Live/Registered,True,018,False
40,EXACT,0,87303091,5303489,DOUBLE TAKE,2017-01-16,702,doubletake,SECTION 8 & 15-ACCEPTED AND ACKNOWLEDGED,Live/Registered,True,043,False
40,EXACT,0,86079042,4909216,DOUBLE TAKE,2013-09-30,800,doubletake,REGISTERED AND RENEWED,Live/Registered,True,016,False
40,EXACT,0,86079045,4960626,DOUBLE TAKE,2013-09-30,800,doubletake,REGISTERED AND RENEWED,Live/Registered,True,041,False
40,EXACT,0,85494220,4189889,DOUBLE TAKE,2011-12-13,800,doubletake,REGISTERED AND RENEWED,Live/Registered,True,025,False
40,EXACT,0,85396888,4227238,DOUBLE-TAKE,2011-08-12,800,doubletake,REGISTERED AND RENEWED,Live/Registered,True,016,False
40,EXACT,0,77595234,3713174,DOUBLETAKE,2008-10-17,800,doubletake,REGISTERED AND RENEWED,Live/Registered,True,028,False
40,EXACT,0,77319675,3541437,DOUBLE TAKE,2007-11-02,800,doubletake,REGISTERED AND RENEWED,Live/Registered,True,013,False
40,EXACT,0,75032975,2020810,DOUBLE-TAKE,1995-12-15,800,doubletake,REGISTERED AND RENEWED,Live/Registered,True,009,False
40,EXACT,0,74600483,2012540,DOUBLE TAKE,1994-11-18,800,doubletake,REGISTERED AND RENEWED,Live/Registered,True,009,False
40,EXACT,0,98147375,,DOUBLE TAKE,2023-08-23,602,doubletake,ABANDONED-FAILURE TO RESPOND OR LATE RESPONSE,Dead/Abandoned,False,003,True
40,EXACT,0,98031561,,DOUBLE TAKE,2023-06-07,602,doubletake,ABANDONED-FAILURE TO RESPOND OR LATE RESPONSE,Dead/Abandoned,False,014,False
40,EXACT,0,88762104,,DOUBLE TAKE,2020-01-16,602,doubletake,ABANDONED-FAILURE TO RESPOND OR LATE RESPONSE,Dead/Abandoned,False,018,False
40,EXACT,0,88466970,,DOUBLETAKE,2019-06-10,606,doubletake,ABANDONED - NO STATEMENT OF USE FILED,Dead/Abandoned,False,009,False
40,EXACT,0,88367872,,DOUBLETAKE,2019-04-02,606,doubletake,ABANDONED - NO STATEMENT OF USE FILED,Dead/Abandoned,False,024,False
40,EXACT,0,88355638,5873283,DOUBLETAKE,2019-03-25,710,doubletake,CANCELLED - SECTION 8,Dead/Cancelled,False,,False
40,EXACT,0,87701404,,DOUBLE TAKE,2017-11-29,602,doubletake,ABANDONED-FAILURE TO RESPOND OR LATE RESPONSE,Dead/Abandoned,False,028,False
40,EXACT,0,87326846,,DOUBLE TAKE,2017-02-07,606,doubletake,ABANDONED - NO STATEMENT OF USE FILED,Dead/Abandoned,False,033,False
40,EXACT,0,87164975,,DOUBLE TAKE,2016-09-08,602,doubletake,ABANDONED-FAILURE TO RESPOND OR LATE RESPONSE,Dead/Abandoned,False,028,False
40,EXACT,0,87123744,,DOUBLE TAKE,2016-08-02,606,doubletake,ABANDONED - NO STATEMENT OF USE FILED,Dead/Abandoned,False,005,True
40,EXACT,0,86815086,5002236,DOUBLETAKE,2015-11-10,710,doubletake,CANCELLED - SECTION 8,Dead/Cancelled,False,,False
40,EXACT,0,86567627,4836417,DOUBLE TAKE,2015-03-18,710,doubletake,CANCELLED - SECTION 8,Dead/Cancelled,False,,False
40,EXACT,0,86079032,5181896,DOUBLE TAKE,2013-09-30,710,doubletake,CANCELLED - SECTION 8,Dead/Cancelled,False,,False
40,EXACT,0,85828048,4392077,DOUBLETAKE,2013-01-21,710,doubletake,CANCELLED - SECTION 8,Dead/Cancelled,False,,False
40,EXACT,0,85653461,4560775,DOUBLETAKE,2012-06-15,710,doubletake,CANCELLED - SECTION 8,Dead/Cancelled,False,,False
40,EXACT,0,85644557,4275691,DOUBLE TAKE,2012-06-06,710,doubletake,CANCELLED - SECTION 8,Dead/Cancelled,False,,False
40,EXACT,0,85453322,4258910,DOUBLE TAKE,2011-10-21,710,doubletake,CANCELLED - SECTION 8,Dead/Cancelled,False,,False
40,EXACT,0,85446871,4165904,DOUBLE TAKE,2011-10-13,710,doubletake,CANCELLED - SECTION 8,Dead/Cancelled,False,,False
40,EXACT,0,85394707,,DOUBLE-TAKE,2011-08-10,606,doubletake,ABANDONED - NO STATEMENT OF USE FILED,Dead/Abandoned,False,003,True
40,EXACT,0,85308682,4148921,DOUBLE TAKE,2011-04-29,710,doubletake,CANCELLED - SECTION 8,Dead/Cancelled,False,,False
40,EXACT,0,85184539,,DOUBLETAKE,2010-11-24,605,doubletake,ABANDONED EXPRESS AFTER PUB,Dead/Abandoned,False,,False
40,EXACT,0,77949830,,DOUBLE TAKE,2010-03-03,602,doubletake,ABANDONED-FAILURE TO RESPOND OR LATE RESPONSE,Dead/Abandoned,False,035,True
40,EXACT,0,77811035,,DOUBLE TAKE,2009-08-24,602,doubletake,ABANDONED-FAILURE TO RESPOND OR LATE RESPONSE,Dead/Abandoned,False,005,True
40,EXACT,0,77776797,3749418,DOUBLE TAKE,2009-07-08,710,doubletake,CANCELLED - SECTION 8,Dead/Cancelled,False,,False
40,EXACT,0,77676962,3679449,DOUBLE TAKE,2009-02-24,710,doubletake,CANCELLED - SECTION 8,Dead/Cancelled,False,,False
40,EXACT,0,77430123,3512382,DOUBLE TAKE,2008-03-24,710,doubletake,CANCELLED - SECTION 8,Dead/Cancelled,False,,False
40,EXACT,0,77280116,3434954,DOUBLE TAKE,2007-09-14,710,doubletake,CANCELLED - SECTION 8,Dead/Cancelled,False,,False
40,EXACT,0,77184762,3460569,DOUBLE TAKE,2007-05-18,710,doubletake,CANCELLED - SECTION 8,Dead/Cancelled,False,,False
40,EXACT,0,78940003,,DOUBLE TAKE,2006-07-28,606,doubletake,ABANDONED - NO STATEMENT OF USE FILED,Dead/Abandoned,False,"005,029,030",True
40,EXACT,0,78608428,,DOUBLE TAKE,2005-04-14,602,doubletake,ABANDONED-FAILURE TO RESPOND OR LATE RESPONSE,Dead/Abandoned,False,009,False
40,EXACT,0,78362342,2990583,DOUBLE TAKE,2004-02-04,710,doubletake,CANCELLED - SECTION 8,Dead/Cancelled,False,,False
40,EXACT,0,78332206,3124307,DOUBLETAKE,2003-11-24,710,doubletake,CANCELLED - SECTION 8,Dead/Cancelled,False,,False
40,EXACT,0,78228831,,DOUBLE TAKE,2003-03-22,606,doubletake,ABANDONED - NO STATEMENT OF USE FILED,Dead/Abandoned,False,034,False
40,EXACT,0,78180011,,DOUBLETAKE,2002-10-30,606,doubletake,ABANDONED - NO STATEMENT OF USE FILED,Dead/Abandoned,False,"016,044",True
40,EXACT,0,78180012,,DOUBLETAKE,2002-10-30,606,doubletake,ABANDONED - NO STATEMENT OF USE FILED,Dead/Abandoned,False,"016,044",True
40,EXACT,0,76401793,2787340,DOUBLE TAKE,2002-04-29,710,doubletake,CANCELLED - SECTION 8,Dead/Cancelled,False,,False
40,EXACT,0,78118755,2788708,DOUBLETAKE,2002-04-01,710,doubletake,CANCELLED - SECTION 8,Dead/Cancelled,False,,False
40,EXACT,0,78103223,2915036,DOUBLE TAKE,2002-01-17,710,doubletake,CANCELLED - SECTION 8,Dead/Cancelled,False,,False
40,EXACT,0,78103035,2851830,DOUBLE TAKE,2002-01-16,710,doubletake,CANCELLED - SECTION 8,Dead/Cancelled,False,,False
40,EXACT,0,76198172,2660482,DOUBLE TAKE,2001-01-22,710,doubletake,CANCELLED - SECTION 8,Dead/Cancelled,False,,False
40,EXACT,0,76162355,,DOUBLE TAKE,2000-11-10,602,doubletake,ABANDONED-FAILURE TO RESPOND OR LATE RESPONSE,Dead/Abandoned,False,042,False
40,EXACT,0,75792863,,DOUBLE TAKE,1999-09-07,606,doubletake,ABANDONED - NO STATEMENT OF USE FILED,Dead/Abandoned,False,041,False
40,EXACT,0,75624705,,DOUBLE TAKE,1999-01-22,606,doubletake,ABANDONED - NO STATEMENT OF USE FILED,Dead/Abandoned,False,016,False
40,EXACT,0,75518031,2288834,DOUBLE TAKE,1998-07-13,710,doubletake,CANCELLED - SECTION 8,Dead/Cancelled,False,,False
40,EXACT,0,75466534,,DOUBLE TAKE,1998-04-13,606,doubletake,ABANDONED - NO STATEMENT OF USE FILED,Dead/Abandoned,False,030,False
40,EXACT,0,75326548,,DOUBLE TAKE,1997-07-17,602,doubletake,ABANDONED-FAILURE TO RESPOND OR LATE RESPONSE,Dead/Abandoned,False,,False
40,EXACT,0,75325315,2262017,"""DOUBLE-TAKE""",1997-07-16,710,doubletake,CANCELLED - SECTION 8,Dead/Cancelled,False,,False
40,EXACT,0,75313727,2151029,DOUBLE TAKE,1997-06-24,710,doubletake,CANCELLED - SECTION 8,Dead/Cancelled,False,,False
40,EXACT,0,75210376,2150441,DOUBLE-TAKE,1996-12-09,710,doubletake,CANCELLED - SECTION 8,Dead/Cancelled,False,,False
40,EXACT,0,75200444,,DOUBLE TAKE,1996-10-07,602,doubletake,ABANDONED-FAILURE TO RESPOND OR LATE RESPONSE,Dead/Abandoned,False,,False
40,EXACT,0,75080815,2083387,DOUBLETAKE,1996-03-29,710,doubletake,CANCELLED - SECTION 8,Dead/Cancelled,False,,False
40,EXACT,0,75033073,,DOUBLE TAKE,1995-12-15,601,doubletake,ABANDONED - EXPRESS,Dead/Abandoned,False,,False
40,EXACT,0,74730255,,DOUBLE-TAKE,1995-09-18,606,doubletake,ABANDONED - NO STATEMENT OF USE FILED,Dead/Abandoned,False,,False
40,EXACT,0,74657038,2540660,DOUBLETAKE,1995-04-06,710,doubletake,CANCELLED - SECTION 8,Dead/Cancelled,False,,False
40,EXACT,0,74347627,1828753,DOUBLE TAKE,1993-01-12,710,doubletake,CANCELLED - SECTION 8,Dead/Cancelled,False,,False
40,EXACT,0,74240540,,DOUBLE TAKE,1992-01-27,602,doubletake,ABANDONED-FAILURE TO RESPOND OR LATE RESPONSE,Dead/Abandoned,False,,False
40,EXACT,0,74240550,1722136,DOUBLE TAKE,1992-01-27,710,doubletake,CANCELLED - SECTION 8,Dead/Cancelled,False,,False
40,EXACT,0,73766490,1547201,DOUBLETAKE,1988-11-30,710,doubletake,CANCELLED - SECTION 8,Dead/Cancelled,False,,False
40,EXACT,0,73679373,,DOUBLE TAKE,1987-08-19,602,doubletake,ABANDONED-FAILURE TO RESPOND OR LATE RESPONSE,Dead/Abandoned,False,,False
40,EXACT,0,73668237,1515464,DOUBLE TAKE,1987-06-22,710,doubletake,CANCELLED - SECTION 8,Dead/Cancelled,False,,False
40,EXACT,0,73535531,1371223,DOUBLE TAKE,1985-05-03,710,doubletake,CANCELLED - SECTION 8,Dead/Cancelled,False,,False
40,EXACT,0,73496893,1337110,DOUBLE TAKE,1984-08-29,710,doubletake,CANCELLED - SECTION 8,Dead/Cancelled,False,,False
40,EXACT,0,73472677,1330525,DOUBLE TAKE,1984-03-28,710,doubletake,CANCELLED - SECTION 8,Dead/Cancelled,False,,False
40,EXACT,0,73169271,1187726,DOUBLE TAKE,1978-05-05,710,doubletake,CANCELLED - SECTION 8,Dead/Cancelled,False,,False
40,EXACT,0,73163634,1124957,DOUBLE TAKE,1978-03-27,710,doubletake,CANCELLED - SECTION 8,Dead/Cancelled,False,,False
40,EXACT,0,73066303,1044342,DOUBLE TAKE,1975-10-20,900,doubletake,EXPIRED,Dead/Expired,False,,False
40,EXACT,0,72174235,0767349,DOUBLE TAKE,1963-08-01,900,doubletake,EXPIRED,Dead/Expired,False,,False
40,EXACT,0,72159409,0758962,DOUBLE TAKE,1962-12-19,710,doubletake,CANCELLED - SECTION 8,Dead/Cancelled,False,,False
40,NEAR_1_INSERTION,1,99165281,,DOUBLE TAKES,2025-05-01,653,doubletakes,SUSPENSION LETTER - MAILED,Live/Pending,True,030,False
40,NEAR_1_INSERTION,1,86158127,4724841,DOUBLE TAKES,2014-01-06,710,doubletakes,CANCELLED - SECTION 8,Dead/Cancelled,False,,False
40,NEAR_1_SUBSTITUTION,1,85666559,4386641,2OUBLETAKE,2012-07-02,710,2oubletake,CANCELLED - SECTION 8,Dead/Cancelled,False,,False
40,NEAR_1_SUBSTITUTION,1,85666570,4386642,2OUBLETAKE,2012-07-02,710,2oubletake,CANCELLED - SECTION 8,Dead/Cancelled,False,,False
40,NEAR_1_INSERTION,1,85447660,4159220,DOUBLE TAKES,2011-10-14,710,doubletakes,CANCELLED - SECTION 8,Dead/Cancelled,False,,False
40,NEAR_1_INSERTION,1,85319313,4372983,DOUBLE TAKES,2011-05-12,710,doubletakes,CANCELLED - SECTION 8,Dead/Cancelled,False,,False
40,NEAR_1_INSERTION,1,77763795,,DOUBLE TAKES,2009-06-19,602,doubletakes,ABANDONED-FAILURE TO RESPOND OR LATE RESPONSE,Dead/Abandoned,False,030,False
40,NEAR_1_SUBSTITUTION,1,78147270,,DOUBLETAPE,2002-07-24,606,doubletape,ABANDONED - NO STATEMENT OF USE FILED,Dead/Abandoned,False,009,False
40,NEAR_1_INSERTION,1,75321551,,DOUBLETAKES,1997-07-09,606,doubletakes,ABANDONED - NO STATEMENT OF USE FILED,Dead/Abandoned,False,029,False
40,NEAR_1_INSERTION,1,75288822,2139236,DOUBLE TAKES,1997-05-08,710,doubletakes,CANCELLED - SECTION 8,Dead/Cancelled,False,,False
40,NEAR_1_INSERTION,1,75102127,2050877,DOUBLE TAKES,1996-05-10,710,doubletakes,CANCELLED - SECTION 8,Dead/Cancelled,False,,False
40,NEAR_1_INSERTION,1,74343345,,DOUBLETAKES,1992-12-28,602,doubletakes,ABANDONED-FAILURE TO RESPOND OR LATE RESPONSE,Dead/Abandoned,False,,False
40,NEAR_1_INSERTION,1,74025897,1619774,DOUBLE TAKES,1990-02-05,710,doubletakes,CANCELLED - SECTION 8,Dead/Cancelled,False,,False
40,NEAR_1_INSERTION,1,73753472,1544487,DOUBLE TAKES,1988-09-22,710,doubletakes,CANCELLED - SECTION 8,Dead/Cancelled,False,,False
40,NEAR_1_INSERTION,1,73709033,1506103,DOUBLE TAKES,1988-02-01,710,doubletakes,CANCELLED - SECTION 8,Dead/Cancelled,False,,False
40,NEAR_1_INSERTION,1,73551677,,DOUBLE TAKES,1985-08-05,602,doubletakes,ABANDONED-FAILURE TO RESPOND OR LATE RESPONSE,Dead/Abandoned,False,,False
40,NEAR_1_INSERTION,1,73532222,1364440,DOUBLE TAKES,1985-04-15,710,doubletakes,CANCELLED - SECTION 8,Dead/Cancelled,False,,False
40,NEAR_1_INSERTION,1,73410469,1269829,DOUBLETAKES,1983-04-18,710,doubletakes,CANCELLED - SECTION 8,Dead/Cancelled,False,,False
41,EXACT,0,97912098,7485080,SECONDLOOK,2023-04-28,700,secondlook,REGISTERED,Live/Registered,True,036,False
41,EXACT,0,86855822,4964713,SECOND LOOK,2015-12-21,800,secondlook,REGISTERED AND RENEWED,Live/Registered,True,016,False
41,EXACT,0,77110856,3338655,SECOND LOOK,2007-02-19,800,secondlook,REGISTERED AND RENEWED,Live/Registered,True,"027,040",False
41,EXACT,0,77110859,3338656,SECOND LOOK,2007-02-19,800,secondlook,REGISTERED AND RENEWED,Live/Registered,True,"027,040",False
41,EXACT,0,78883666,3215762,SECOND LOOK,2006-05-15,800,secondlook,REGISTERED AND RENEWED,Live/Registered,True,035,True
41,EXACT,0,78596028,3188122,SECONDLOOK,2005-03-28,800,secondlook,REGISTERED AND RENEWED,Live/Registered,True,010,True
41,EXACT,0,75351604,2353996,SECONDLOOK,1997-09-04,800,secondlook,REGISTERED AND RENEWED,Live/Registered,True,009,False
41,EXACT,0,73036464,1020529,SECOND LOOK,1974-11-06,800,secondlook,REGISTERED AND RENEWED,Live/Registered,True,019,False
41,EXACT,0,99022715,,SECONDLOOK,2025-01-29,602,secondlook,ABANDONED-FAILURE TO RESPOND OR LATE RESPONSE,Dead/Abandoned,False,035,True
41,EXACT,0,88271641,,SECONDLOOK,2019-01-22,606,secondlook,ABANDONED - NO STATEMENT OF USE FILED,Dead/Abandoned,False,042,False
41,EXACT,0,88246222,,SECOND LOOK,2018-12-31,606,secondlook,ABANDONED - NO STATEMENT OF USE FILED,Dead/Abandoned,False,035,True
41,EXACT,0,87805394,,SECOND LOOK,2018-02-21,602,secondlook,ABANDONED-FAILURE TO RESPOND OR LATE RESPONSE,Dead/Abandoned,False,036,False
41,EXACT,0,87044404,5122831,SECOND LOOK,2016-05-20,713,secondlook,CANCELLED - SECTION 18,Dead/Cancelled,False,,False
41,EXACT,0,86409527,4731507,SECOND LOOK,2014-09-29,710,secondlook,CANCELLED - SECTION 8,Dead/Cancelled,False,,False
41,EXACT,0,86314523,,SECOND LOOK,2014-06-19,602,secondlook,ABANDONED-FAILURE TO RESPOND OR LATE RESPONSE,Dead/Abandoned,False,036,False
41,EXACT,0,86204635,,SECONDLOOK,2014-02-26,606,secondlook,ABANDONED - NO STATEMENT OF USE FILED,Dead/Abandoned,False,041,False
41,EXACT,0,85541841,4198515,SECONDLOOK,2012-02-14,710,secondlook,CANCELLED - SECTION 8,Dead/Cancelled,False,,False
41,EXACT,0,77693902,,SECOND LOOK,2009-03-18,601,secondlook,ABANDONED - EXPRESS,Dead/Abandoned,False,035,True
41,EXACT,0,77646261,3764970,SECOND LOOK,2009-01-09,710,secondlook,CANCELLED - SECTION 8,Dead/Cancelled,False,,False
41,EXACT,0,76487032,2802055,SECOND LOOK,2003-02-03,710,secondlook,CANCELLED - SECTION 8,Dead/Cancelled,False,,False
41,EXACT,0,76349269,2706465,SECOND LOOK,2001-12-17,710,secondlook,CANCELLED - SECTION 8,Dead/Cancelled,False,,False
41,EXACT,0,75803197,2366478,SECOND LOOK,1999-09-20,710,secondlook,CANCELLED - SECTION 8,Dead/Cancelled,False,,False
41,EXACT,0,75324586,2176855,SECOND LOOK,1997-07-15,710,secondlook,CANCELLED - SECTION 8,Dead/Cancelled,False,,False
41,EXACT,0,74390075,1905360,SECONDLOOK,1993-05-13,710,secondlook,CANCELLED - SECTION 8,Dead/Cancelled,False,,False
41,EXACT,0,74388400,1904136,SECONDLOOK,1993-05-07,710,secondlook,CANCELLED - SECTION 8,Dead/Cancelled,False,,False
41,EXACT,0,74248185,1843505,SECOND LOOK,1992-02-21,710,secondlook,CANCELLED - SECTION 8,Dead/Cancelled,False,,False
41,EXACT,0,74195265,1742540,SECOND LOOK,1991-08-16,710,secondlook,CANCELLED - SECTION 8,Dead/Cancelled,False,,False
41,EXACT,0,74152986,1736399,SECOND LOOK,1991-04-01,710,secondlook,CANCELLED - SECTION 8,Dead/Cancelled,False,,False
41,EXACT,0,73830437,1604906,SECOND LOOK,1989-10-10,710,secondlook,CANCELLED - SECTION 8,Dead/Cancelled,False,,False
41,EXACT,0,73695675,,SECOND LOOK,1987-11-16,604,secondlook,ABANDONED - AFTER INTER-PARTES DECISION,Dead/Abandoned,False,,False
41,EXACT,0,73582997,1428047,SECOND LOOK,1986-02-18,710,secondlook,CANCELLED - SECTION 8,Dead/Cancelled,False,,False
41,EXACT,0,73100479,1063345,SECOND LOOK,1976-09-20,710,secondlook,CANCELLED - SECTION 8,Dead/Cancelled,False,,False
41,EXACT,0,71674501,0611216,SECOND LOOK,1954-10-08,900,secondlook,EXPIRED,Dead/Expired,False,,False
41,NEAR_1_INSERTION,1,76642377,3188538,A SECOND LOOK,2005-07-07,710,asecondlook,CANCELLED - SECTION 8,Dead/Cancelled,False,,False
42,EXACT,0,78445111,2989665,LOOK CLOSER,2004-07-02,710,lookcloser,CANCELLED - SECTION 8,Dead/Cancelled,False,,False
42,EXACT,0,76511913,,LOOK CLOSER,2003-05-02,602,lookcloser,ABANDONED-FAILURE TO RESPOND OR LATE RESPONSE,Dead/Abandoned,False,042,False
42,EXACT,0,75632270,,LOOK CLOSER,1999-02-01,606,lookcloser,ABANDONED - NO STATEMENT OF USE FILED,Dead/Abandoned,False,041,False
42,EXACT,0,75632271,,LOOK CLOSER,1999-02-01,606,lookcloser,ABANDONED - NO STATEMENT OF USE FILED,Dead/Abandoned,False,031,False
42,EXACT,0,75632272,,LOOK CLOSER,1999-02-01,606,lookcloser,ABANDONED - NO STATEMENT OF USE FILED,Dead/Abandoned,False,029,False
42,EXACT,0,75632273,,LOOK CLOSER,1999-02-01,602,lookcloser,ABANDONED-FAILURE TO RESPOND OR LATE RESPONSE,Dead/Abandoned,False,005,True
42,EXACT,0,75632274,,LOOK CLOSER,1999-02-01,602,lookcloser,ABANDONED-FAILURE TO RESPOND OR LATE RESPONSE,Dead/Abandoned,False,001,False
42,EXACT,0,74190690,,LOOK CLOSER,1991-08-01,606,lookcloser,ABANDONED - NO STATEMENT OF USE FILED,Dead/Abandoned,False,,False
42,EXACT,0,74801042,1773598,LOOK CLOSER,1991-08-01,710,lookcloser,CANCELLED - SECTION 8,Dead/Cancelled,False,,False
43,EXACT,0,99233368,8110011,RESOLUTION,2025-06-13,700,resolution,REGISTERED,Live/Registered,True,041,False
43,EXACT,0,99233482,8110027,RESOLUTION,2025-06-13,700,resolution,REGISTERED,Live/Registered,True,041,False
43,EXACT,0,99053751,,RESOLUTION,2025-02-24,730,resolution,FIRST EXTENSION - GRANTED,Live/Pending,True,007,False
43,EXACT,0,98835455,7689349,RESOLUTION,2024-11-04,700,resolution,REGISTERED,Live/Registered,True,044,True
43,EXACT,0,79413984,8054806,RESOLUTION,2024-04-29,700,resolution,REGISTERED,Live/Registered,True,"009,042",False
43,EXACT,0,90552945,6661444,RESÖLUTION,2021-03-01,700,resolution,REGISTERED,Live/Registered,True,"003,021",True
43,EXACT,0,90444948,6552479,RESOLUTION,2021-01-01,700,resolution,REGISTERED,Live/Registered,True,044,True
43,EXACT,0,90130276,6770463,RESOLUTION,2020-08-21,700,resolution,REGISTERED,Live/Registered,True,"001,005,040,042,044",True
43,EXACT,0,90027778,6251270,RESOLUTION,2020-06-30,700,resolution,REGISTERED,Live/Registered,True,"035,042",True
43,EXACT,0,90023283,6251085,RESOLUTION,2020-06-26,700,resolution,REGISTERED,Live/Registered,True,035,True
43,EXACT,0,79292376,6422362,RESOLUTION,2020-05-19,700,resolution,REGISTERED,Live/Registered,True,"035,036",True
43,EXACT,0,88574706,6156521,RESOLUTION,2019-08-12,700,resolution,REGISTERED,Live/Registered,True,042,False
43,EXACT,0,88443214,6114606,RESOLUTION,2019-05-23,702,resolution,SECTION 8 & 15-ACCEPTED AND ACKNOWLEDGED,Live/Registered,True,033,False
43,EXACT,0,87268280,5245069,RESÖLUTION,2016-12-14,702,resolution,SECTION 8 & 15-ACCEPTED AND ACKNOWLEDGED,Live/Registered,True,034,False
43,EXACT,0,86759020,5092511,RESOLUTION,2015-09-16,800,resolution,REGISTERED AND RENEWED,Live/Registered,True,025,False
43,EXACT,0,85952621,4677278,RESOLUTION,2013-06-06,800,resolution,REGISTERED AND RENEWED,Live/Registered,True,035,True
43,EXACT,0,85952672,4677279,RESOLUTION,2013-06-06,800,resolution,REGISTERED AND RENEWED,Live/Registered,True,035,True
43,EXACT,0,85164939,4566118,RESOLUTION,2010-10-29,800,resolution,REGISTERED AND RENEWED,Live/Registered,True,036,False
43,EXACT,0,77966701,3968606,RESOLUTION,2010-03-23,800,resolution,REGISTERED AND RENEWED,Live/Registered,True,005,True
43,EXACT,0,77612747,4113402,RESOLUTION,2008-11-12,800,resolution,REGISTERED AND RENEWED,Live/Registered,True,009,False
43,EXACT,0,77127046,4054369,RESOLUTION,2007-03-09,800,resolution,REGISTERED AND RENEWED,Live/Registered,True,002,False
43,EXACT,0,78211352,2953257,RESOLUTION,2003-02-05,800,resolution,REGISTERED AND RENEWED,Live/Registered,True,010,True
43,EXACT,0,75732021,2582830,RESOLUTION,1999-06-18,800,resolution,REGISTERED AND RENEWED,Live/Registered,True,015,False
43,EXACT,0,75114945,2055291,RESOLUTION,1996-06-06,800,resolution,REGISTERED AND RENEWED,Live/Registered,True,040,False
43,EXACT,0,98342314,,RESOLUTION,2024-01-04,606,resolution,ABANDONED - NO STATEMENT OF USE FILED,Dead/Abandoned,False,009,False
43,EXACT,0,87850469,,RESOLUTION,2018-03-26,602,resolution,ABANDONED-FAILURE TO RESPOND OR LATE RESPONSE,Dead/Abandoned,False,044,True
43,EXACT,0,87573334,,RESOLUTION,2017-08-17,606,resolution,ABANDONED - NO STATEMENT OF USE FILED,Dead/Abandoned,False,033,False
43,EXACT,0,87325533,,RESOLUTION,2017-02-06,606,resolution,ABANDONED - NO STATEMENT OF USE FILED,Dead/Abandoned,False,013,False
43,EXACT,0,87237531,5171701,RESOLUTION,2016-11-15,710,resolution,CANCELLED - SECTION 8,Dead/Cancelled,False,,False
43,EXACT,0,87122823,,RESOLUTION,2016-08-01,602,resolution,ABANDONED-FAILURE TO RESPOND OR LATE RESPONSE,Dead/Abandoned,False,033,False
43,EXACT,0,86406143,,RESOLUTION,2014-09-25,606,resolution,ABANDONED - NO STATEMENT OF USE FILED,Dead/Abandoned,False,001,False
43,EXACT,0,86406158,,RESOLUTION,2014-09-25,606,resolution,ABANDONED - NO STATEMENT OF USE FILED,Dead/Abandoned,False,040,False
43,EXACT,0,86031363,4524859,RESOLUTION,2013-08-07,710,resolution,CANCELLED - SECTION 8,Dead/Cancelled,False,,False
43,EXACT,0,85797029,,RESOLUTION,2012-12-07,606,resolution,ABANDONED - NO STATEMENT OF USE FILED,Dead/Abandoned,False,005,True
43,EXACT,0,85725664,,RE SOLUTION,2012-09-11,602,resolution,ABANDONED-FAILURE TO RESPOND OR LATE RESPONSE,Dead/Abandoned,False,003,True
43,EXACT,0,85200757,,RESOLUTION,2010-12-17,606,resolution,ABANDONED - NO STATEMENT OF USE FILED,Dead/Abandoned,False,009,False
43,EXACT,0,77961215,,RE:SOLUTION,2010-03-17,602,resolution,ABANDONED-FAILURE TO RESPOND OR LATE RESPONSE,Dead/Abandoned,False,"009,035,036,040,041,042",True
43,EXACT,0,77807772,,RESOLUTION,2009-08-19,606,resolution,ABANDONED - NO STATEMENT OF USE FILED,Dead/Abandoned,False,010,True
43,EXACT,0,77629181,3854408,RESOLUTION,2008-12-09,710,resolution,CANCELLED - SECTION 8,Dead/Cancelled,False,,False
43,EXACT,0,77628991,3764828,RESOLUTION,2008-12-08,710,resolution,CANCELLED - SECTION 8,Dead/Cancelled,False,,False
43,EXACT,0,77629006,3764829,RESOLUTION,2008-12-08,710,resolution,CANCELLED - SECTION 8,Dead/Cancelled,False,,False
43,EXACT,0,77611942,3798197,RESOLUTION+,2008-11-11,710,resolution,CANCELLED - SECTION 8,Dead/Cancelled,False,,False
43,EXACT,0,77508744,,RESOLUTION,2008-06-26,606,resolution,ABANDONED - NO STATEMENT OF USE FILED,Dead/Abandoned,False,041,False
43,EXACT,0,77337013,3680577,RESOLUTION,2007-11-26,710,resolution,CANCELLED - SECTION 8,Dead/Cancelled,False,,False
43,EXACT,0,77314211,,RESOLUTION,2007-10-26,601,resolution,ABANDONED - EXPRESS,Dead/Abandoned,False,003,True
43,EXACT,0,78951566,,RESOLUTION,2006-08-14,603,resolution,ABANDONED - AFTER EX PARTE APPEAL,Dead/Abandoned,False,020,False
43,EXACT,0,78548315,,RESOLUTION,2005-01-15,602,resolution,ABANDONED-FAILURE TO RESPOND OR LATE RESPONSE,Dead/Abandoned,False,009,False
43,EXACT,0,78548320,,RESOLUTION,2005-01-15,602,resolution,ABANDONED-FAILURE TO RESPOND OR LATE RESPONSE,Dead/Abandoned,False,"009,035,041",True
43,EXACT,0,78548323,,RESOLUTION,2005-01-15,602,resolution,ABANDONED-FAILURE TO RESPOND OR LATE RESPONSE,Dead/Abandoned,False,"035,041",True
43,EXACT,0,76610283,,RESOLUTION,2004-09-07,602,resolution,ABANDONED-FAILURE TO RESPOND OR LATE RESPONSE,Dead/Abandoned,False,009,False
43,EXACT,0,78469953,3086539,RESOLUTION,2004-08-19,710,resolution,CANCELLED - SECTION 8,Dead/Cancelled,False,,False
43,EXACT,0,78462662,,RESOLUTION,2004-08-05,602,resolution,ABANDONED-FAILURE TO RESPOND OR LATE RESPONSE,Dead/Abandoned,False,042,False
43,EXACT,0,78461031,,RESOLUTION,2004-08-03,602,resolution,ABANDONED-FAILURE TO RESPOND OR LATE RESPONSE,Dead/Abandoned,False,009,False
43,EXACT,0,78376790,,RESOLUTION,2004-03-02,602,resolution,ABANDONED-FAILURE TO RESPOND OR LATE RESPONSE,Dead/Abandoned,False,015,False
43,EXACT,0,76572973,,RESOLUTION,2004-01-29,606,resolution,ABANDONED - NO STATEMENT OF USE FILED,Dead/Abandoned,False,030,False
43,EXACT,0,76564339,,RESOLUTION,2003-12-09,606,resolution,ABANDONED - NO STATEMENT OF USE FILED,Dead/Abandoned,False,042,False
43,EXACT,0,76438688,2851600,RESOLUTION,2002-08-08,710,resolution,CANCELLED - SECTION 8,Dead/Cancelled,False,,False
43,EXACT,0,76396095,2757312,RESOLUTION,2002-04-16,710,resolution,CANCELLED - SECTION 8,Dead/Cancelled,False,,False
43,EXACT,0,76288555,,RESOLUTION,2001-07-23,602,resolution,ABANDONED-FAILURE TO RESPOND OR LATE RESPONSE,Dead/Abandoned,False,009,False
43,EXACT,0,76238388,2743497,RESOLUTION,2001-04-10,710,resolution,CANCELLED - SECTION 8,Dead/Cancelled,False,,False
43,EXACT,0,76182843,2595777,RESOLUTION,2000-12-19,710,resolution,CANCELLED - SECTION 8,Dead/Cancelled,False,,False
43,EXACT,0,76165055,2964443,RESOLUTION,2000-11-14,710,resolution,CANCELLED - SECTION 8,Dead/Cancelled,False,,False
43,EXACT,0,76137477,,RESOLUTION,2000-09-29,606,resolution,ABANDONED - NO STATEMENT OF USE FILED,Dead/Abandoned,False,024,False
43,EXACT,0,76093002,,RESOLUTION,2000-07-20,602,resolution,ABANDONED-FAILURE TO RESPOND OR LATE RESPONSE,Dead/Abandoned,False,009,False
43,EXACT,0,78009629,2735553,RESOLUTION,2000-05-24,710,resolution,CANCELLED - SECTION 8,Dead/Cancelled,False,,False
43,EXACT,0,75927075,2579703,RESOLUTION,2000-02-23,710,resolution,CANCELLED - SECTION 8,Dead/Cancelled,False,,False
43,EXACT,0,75902790,,RESOLUTION,2000-01-25,606,resolution,ABANDONED - NO STATEMENT OF USE FILED,Dead/Abandoned,False,025,False
43,EXACT,0,75886820,2593145,RESOLUTION,2000-01-05,710,resolution,CANCELLED - SECTION 8,Dead/Cancelled,False,,False
43,EXACT,0,75886821,2716057,RE SOLUTION,2000-01-05,710,resolution,CANCELLED - SECTION 8,Dead/Cancelled,False,,False
43,EXACT,0,75808054,2377613,RESOLUTION,1999-09-27,710,resolution,CANCELLED - SECTION 8,Dead/Cancelled,False,,False
43,EXACT,0,75656465,2348420,RESOLUTION,1999-03-09,710,resolution,CANCELLED - SECTION 8,Dead/Cancelled,False,,False
43,EXACT,0,75567146,,RESOLUTION,1998-10-09,602,resolution,ABANDONED-FAILURE TO RESPOND OR LATE RESPONSE,Dead/Abandoned,False,005,True
43,EXACT,0,75531442,,RESOLUTION,1998-08-05,602,resolution,ABANDONED-FAILURE TO RESPOND OR LATE RESPONSE,Dead/Abandoned,False,005,True
43,EXACT,0,75465073,2411081,RESOLUTION,1998-04-08,710,resolution,CANCELLED - SECTION 8,Dead/Cancelled,False,,False
43,EXACT,0,75445280,2403131,RESOLUTION,1998-03-05,710,resolution,CANCELLED - SECTION 8,Dead/Cancelled,False,,False
43,EXACT,0,75252141,,RESOLUTION,1997-03-05,606,resolution,ABANDONED - NO STATEMENT OF USE FILED,Dead/Abandoned,False,"003,042",True
43,EXACT,0,75120142,2115473,RESOLUTION,1996-06-17,710,resolution,CANCELLED - SECTION 8,Dead/Cancelled,False,,False
43,EXACT,0,75068912,,RESOLUTION,1996-03-07,602,resolution,ABANDONED-FAILURE TO RESPOND OR LATE RESPONSE,Dead/Abandoned,False,,False
43,EXACT,0,75056551,2080951,RESOLUTION,1996-02-12,710,resolution,CANCELLED - SECTION 8,Dead/Cancelled,False,,False
43,EXACT,0,75054386,,RESOLUTION,1996-02-07,602,resolution,ABANDONED-FAILURE TO RESPOND OR LATE RESPONSE,Dead/Abandoned,False,,False
43,EXACT,0,75025791,,RESOLUTION,1995-11-30,606,resolution,ABANDONED - NO STATEMENT OF USE FILED,Dead/Abandoned,False,,False
43,EXACT,0,74611721,,RESOLUTION,1994-12-16,606,resolution,ABANDONED - NO STATEMENT OF USE FILED,Dead/Abandoned,False,,False
43,EXACT,0,74550900,,RESOLUTION,1994-07-20,606,resolution,ABANDONED - NO STATEMENT OF USE FILED,Dead/Abandoned,False,,False
43,EXACT,0,74505131,,RESOLUTION,1994-03-25,604,resolution,ABANDONED - AFTER INTER-PARTES DECISION,Dead/Abandoned,False,,False
43,EXACT,0,74477776,1869979,RESOLUTION,1994-01-10,710,resolution,CANCELLED - SECTION 8,Dead/Cancelled,False,,False
43,EXACT,0,74472318,1873485,RESOLUTION,1993-12-16,710,resolution,CANCELLED - SECTION 8,Dead/Cancelled,False,,False
43,EXACT,0,74403218,1872755,RESOLUTION,1993-06-21,710,resolution,CANCELLED - SECTION 8,Dead/Cancelled,False,,False
43,EXACT,0,74391239,1885569,RESOLUTION,1993-05-17,710,resolution,CANCELLED - SECTION 8,Dead/Cancelled,False,,False
43,EXACT,0,74357325,1793557,RESOLUTION,1993-02-09,710,resolution,CANCELLED - SECTION 8,Dead/Cancelled,False,,False
43,EXACT,0,74318876,1770183,RESOLUTION,1992-09-30,710,resolution,CANCELLED - SECTION 8,Dead/Cancelled,False,,False
43,EXACT,0,74239048,1823704,RESOLUTION,1992-01-21,710,resolution,CANCELLED - SECTION 8,Dead/Cancelled,False,,False
43,EXACT,0,74177791,1726482,RESOLUTION,1991-06-18,710,resolution,CANCELLED - SECTION 8,Dead/Cancelled,False,,False
43,EXACT,0,74147998,1735809,RESOLUTION,1991-03-15,710,resolution,CANCELLED - SECTION 8,Dead/Cancelled,False,,False
43,EXACT,0,74113911,,RE.SOLUTION,1990-11-09,602,resolution,ABANDONED-FAILURE TO RESPOND OR LATE RESPONSE,Dead/Abandoned,False,,False
43,EXACT,0,74038659,,RESOLUTION,1990-03-15,606,resolution,ABANDONED - NO STATEMENT OF USE FILED,Dead/Abandoned,False,,False
43,EXACT,0,73839431,1715087,RESOLUTION,1989-11-15,710,resolution,CANCELLED - SECTION 8,Dead/Cancelled,False,,False
43,EXACT,0,73779542,1619501,RESOLUTION,1989-02-06,710,resolution,CANCELLED - SECTION 8,Dead/Cancelled,False,,False
43,EXACT,0,73285883,1198429,RESOLUTION,1980-11-14,710,resolution,CANCELLED - SECTION 8,Dead/Cancelled,False,,False
43,NEAR_1_SUBSTITUTION,1,99924032,,REVOLUTION,2026-07-06,630,revolution,NEW APPLICATION - RECORD INITIALIZED NOT ASSIGNED TO EXAMINER,Live/Pending,True,011,False
43,NEAR_1_SUBSTITUTION,1,99903341,,REVOLUTION,2026-06-24,630,revolution,NEW APPLICATION - RECORD INITIALIZED NOT ASSIGNED TO EXAMINER,Live/Pending,True,016,False
43,NEAR_1_INSERTION,1,99787594,,RESOLUTIONX,2026-04-26,630,resolutionx,NEW APPLICATION - RECORD INITIALIZED NOT ASSIGNED TO EXAMINER,Live/Pending,True,035,True
43,NEAR_1_SUBSTITUTION,1,99748416,,R-EVOLUTION,2026-04-07,630,revolution,NEW APPLICATION - RECORD INITIALIZED NOT ASSIGNED TO EXAMINER,Live/Pending,True,028,False
43,NEAR_1_SUBSTITUTION,1,99600142,,RC SOLUTION.,2026-01-16,638,rcsolution,NEW APPLICATION - ASSIGNED TO EXAMINER,Live/Pending,True,003,True
43,NEAR_1_SUBSTITUTION,1,99463323,,R Z - SOLUTION,2025-10-27,686,rzsolution,PUBLISHED FOR OPPOSITION,Live/Pending,True,030,False
43,NEAR_1_INSERTION,1,99455774,,RESOLUTIONS,2025-10-22,688,resolutions,NOTICE OF ALLOWANCE - ISSUED,Live/Pending,True,"025,041,044",True
43,NEAR_1_SUBSTITUTION,1,79423895,,REVOLUTION,2025-04-17,645,revolution,FINAL REFUSAL - MAILED,Live/Pending,True,012,False
43,NEAR_1_INSERTION,1,99122691,8084540,REC SOLUTION,2025-04-06,700,recsolution,REGISTERED,Live/Registered,True,001,False
43,NEAR_1_SUBSTITUTION,1,99072363,,REVOLUTION,2025-03-07,654,revolution,REPORT COMPLETED SUSPENSION CHECK - CASE STILL SUSPENDED,Live/Pending,True,009,False
43,NEAR_1_SUBSTITUTION,1,98831331,,REVOLUTION,2024-10-31,654,revolution,REPORT COMPLETED SUSPENSION CHECK - CASE STILL SUSPENDED,Live/Pending,True,"003,008,009,010,018,021,024,026,035,041,042,044",True
43,NEAR_1_INSERTION,1,79410415,,RESOLUTIONS,2024-10-08,641,resolutions,NON-FINAL ACTION - MAILED,Live/Pending,True,"006,007,009,012,017,035",True
43,NEAR_1_SUBSTITUTION,1,98778762,,REVOLUTION,2024-09-30,730,revolution,FIRST EXTENSION - GRANTED,Live/Pending,True,007,False
43,NEAR_1_SUBSTITUTION,1,98402298,7620500,REVOLUTION,2024-02-12,700,revolution,REGISTERED,Live/Registered,True,032,False
43,NEAR_1_SUBSTITUTION,1,98088590,7476641,REVOLUTION,2023-07-17,700,revolution,REGISTERED,Live/Registered,True,008,False
43,NEAR_1_SUBSTITUTION,1,98045027,,REVOLUTION,2023-06-15,654,revolution,REPORT COMPLETED SUSPENSION CHECK - CASE STILL SUSPENDED,Live/Pending,True,"007,012,035,037",True
43,NEAR_1_SUBSTITUTION,1,98040377,8033388,REVOLUTION,2023-06-13,700,revolution,REGISTERED,Live/Registered,True,011,False
43,NEAR_1_SUBSTITUTION,1,98013531,7401646,REVOLUTION,2023-05-25,700,revolution,REGISTERED,Live/Registered,True,028,False
43,NEAR_1_SUBSTITUTION,1,98007297,7408015,REVOLUTION,2023-05-22,700,revolution,REGISTERED,Live/Registered,True,"009,041",False
43,NEAR_1_SUBSTITUTION,1,97913002,7304677,REVOLUTION,2023-04-28,700,revolution,REGISTERED,Live/Registered,True,041,False
43,NEAR_1_SUBSTITUTION,1,97851748,7348913,REVOLUTION,2023-03-22,700,revolution,REGISTERED,Live/Registered,True,022,False
43,NEAR_1_SUBSTITUTION,1,97851751,7348914,REVOLUTION,2023-03-22,700,revolution,REGISTERED,Live/Registered,True,022,False
43,NEAR_1_SUBSTITUTION,1,97766106,,RESELUTION,2023-01-24,733,reselution,FOURTH EXTENSION - GRANTED,Live/Pending,True,010,True
43,NEAR_1_SUBSTITUTION,1,97728157,7874421,REVOLUTION,2022-12-22,700,revolution,REGISTERED,Live/Registered,True,010,True
43,NEAR_1_SUBSTITUTION,1,97683186,7517264,REVOLUTION,2022-11-18,700,revolution,REGISTERED,Live/Registered,True,034,False
43,NEAR_1_INSERTION,1,97617880,7505070,REO-SOLUTION,2022-10-03,700,reosolution,REGISTERED,Live/Registered,True,023,False
43,NEAR_1_INSERTION,1,97617882,7505071,REO-SOLUTION,2022-10-03,700,reosolution,REGISTERED,Live/Registered,True,024,False
43,NEAR_1_SUBSTITUTION,1,97537958,7302615,REVOLUTION,2022-08-05,700,revolution,REGISTERED,Live/Registered,True,"025,035,041",True
43,NEAR_1_INSERTION,1,97345364,7264692,ERESOLUTION,2022-04-04,700,eresolution,REGISTERED,Live/Registered,True,"042,045",False
43,NEAR_1_SUBSTITUTION,1,97342704,,REVOLUTION,2022-04-01,641,revolution,NON-FINAL ACTION - MAILED,Live/Pending,True,013,False
43,NEAR_1_SUBSTITUTION,1,97323847,7362741,REVOLUTION,2022-03-22,700,revolution,REGISTERED,Live/Registered,True,033,False
43,NEAR_1_SUBSTITUTION,1,97289025,7700341,(R)EVOLUTION,2022-03-01,700,revolution,REGISTERED,Live/Registered,True,041,False
43,NEAR_1_SUBSTITUTION,1,97234225,7190702,RÊVOLUTION,2022-01-24,700,revolution,REGISTERED,Live/Registered,True,014,False
43,NEAR_1_SUBSTITUTION,1,97089137,6906012,REZOLUTION,2021-10-22,700,rezolution,REGISTERED,Live/Registered,True,003,True
43,NEAR_1_SUBSTITUTION,1,97067918,6881541,REVOLUTION,2021-10-11,700,revolution,REGISTERED,Live/Registered,True,007,False
43,NEAR_1_SUBSTITUTION,1,97029540,6827465,REVOLUTION,2021-09-15,700,revolution,REGISTERED,Live/Registered,True,"016,017,019,039,040",False
43,NEAR_1_SUBSTITUTION,1,90856656,6731660,REVOLUTION,2021-07-29,700,revolution,REGISTERED,Live/Registered,True,005,True
43,NEAR_1_SUBSTITUTION,1,90837449,6927776,REVOLUTION,2021-07-20,700,revolution,REGISTERED,Live/Registered,True,010,True
43,NEAR_1_SUBSTITUTION,1,90831527,7347442,REVOLUTION,2021-07-15,700,revolution,REGISTERED,Live/Registered,True,"017,039,040",False
43,NEAR_1_SUBSTITUTION,1,90575472,6643606,REVOLUTION,2021-03-12,700,revolution,REGISTERED,Live/Registered,True,007,False
43,NEAR_1_SUBSTITUTION,1,90492002,,REVOLUTION,2021-01-27,730,revolution,FIRST EXTENSION - GRANTED,Live/Pending,True,"009,041",False
43,NEAR_1_SUBSTITUTION,1,90492832,6742549,REVOLUTION,2021-01-27,700,revolution,REGISTERED,Live/Registered,True,011,False
43,NEAR_1_SUBSTITUTION,1,90028540,6336817,R-EVOLUTION,2020-06-30,700,revolution,REGISTERED,Live/Registered,True,025,False
43,NEAR_1_SUBSTITUTION,1,88953333,6195372,REVOLUTION,2020-06-08,700,revolution,REGISTERED,Live/Registered,True,016,False
43,NEAR_1_DELETION,1,88893740,7043436,ESOLUTION,2020-04-29,700,esolution,REGISTERED,Live/Registered,True,010,True
43,NEAR_1_SUBSTITUTION,1,88818491,6775395,REVOLUTION,2020-03-03,700,revolution,REGISTERED,Live/Registered,True,"040,042",False
43,NEAR_1_SUBSTITUTION,1,88806373,6907529,REVOLUTION,2020-02-21,700,revolution,REGISTERED,Live/Registered,True,007,False
43,NEAR_1_SUBSTITUTION,1,88765324,6841739,(R)EVOLUTION,2020-01-19,700,revolution,REGISTERED,Live/Registered,True,041,False
43,NEAR_1_SUBSTITUTION,1,88673477,7055664,REVOLUTION,2019-10-30,700,revolution,REGISTERED,Live/Registered,True,002,False
43,NEAR_1_SUBSTITUTION,1,88583763,6406217,REVOLUTION,2019-08-19,700,revolution,REGISTERED,Live/Registered,True,"035,041",True
43,NEAR_1_SUBSTITUTION,1,88977679,6136471,REVOLUTION,2019-07-16,702,revolution,SECTION 8 & 15-ACCEPTED AND ACKNOWLEDGED,Live/Registered,True,011,False
43,NEAR_1_SUBSTITUTION,1,88453308,5937198,REVOLUTION,2019-05-30,702,revolution,SECTION 8 & 15-ACCEPTED AND ACKNOWLEDGED,Live/Registered,True,012,False
43,NEAR_1_SUBSTITUTION,1,88448810,6137362,REVOLUTION,2019-05-28,700,revolution,REGISTERED,Live/Registered,True,"016,017,019,039",False
43,NEAR_1_SUBSTITUTION,1,88445480,6859837,REVOLUTION,2019-05-24,700,revolution,REGISTERED,Live/Registered,True,007,False
43,NEAR_1_SUBSTITUTION,1,79261611,6634932,REVOLUTION,2019-05-16,700,revolution,REGISTERED,Live/Registered,True,028,False
43,NEAR_1_SUBSTITUTION,1,88423614,6137321,(RE)VOLUTION,2019-05-09,700,revolution,REGISTERED,Live/Registered,True,018,False
43,NEAR_1_SUBSTITUTION,1,88402849,6060156,REVOLUTION,2019-04-25,700,revolution,REGISTERED,Live/Registered,True,007,False
43,NEAR_1_SUBSTITUTION,1,88341719,5963228,REVOLUTION,2019-03-15,700,revolution,REGISTERED,Live/Registered,True,028,False
43,NEAR_1_SUBSTITUTION,1,88117652,6428680,REVOLUTION,2018-09-14,700,revolution,REGISTERED,Live/Registered,True,007,False
43,NEAR_1_SUBSTITUTION,1,87843502,6583803,REVOLUTION,2018-03-21,700,revolution,REGISTERED,Live/Registered,True,008,False
43,NEAR_1_SUBSTITUTION,1,87717680,5518821,REVOLUTION,2017-12-12,702,revolution,SECTION 8 & 15-ACCEPTED AND ACKNOWLEDGED,Live/Registered,True,007,False
43,NEAR_1_SUBSTITUTION,1,87705291,6072135,REVOLUTION,2017-12-01,700,revolution,REGISTERED,Live/Registered,True,010,True
43,NEAR_1_SUBSTITUTION,1,87526824,5426582,REVOLUTION,2017-07-13,702,revolution,SECTION 8 & 15-ACCEPTED AND ACKNOWLEDGED,Live/Registered,True,028,False
43,NEAR_1_SUBSTITUTION,1,87495662,6182392,REVOLUTION,2017-06-19,780,revolution,CANCELLATION TERMINATED - SEE TTAB RECORDS,Live/Registered,True,"009,041",False
43,NEAR_1_SUBSTITUTION,1,87410363,5334721,REVOLUTION,2017-04-13,702,revolution,SECTION 8 & 15-ACCEPTED AND ACKNOWLEDGED,Live/Registered,True,006,False
43,NEAR_1_SUBSTITUTION,1,87216884,5209377,REVOLUTION,2016-10-26,702,revolution,SECTION 8 & 15-ACCEPTED AND ACKNOWLEDGED,Live/Registered,True,030,False
43,NEAR_1_SUBSTITUTION,1,86960210,5077503,REVOLUTION,2016-03-31,702,revolution,SECTION 8 & 15-ACCEPTED AND ACKNOWLEDGED,Live/Registered,True,041,False
43,NEAR_1_SUBSTITUTION,1,86742010,5536119,REVOLUTION,2015-08-31,702,revolution,SECTION 8 & 15-ACCEPTED AND ACKNOWLEDGED,Live/Registered,True,007,False
43,NEAR_1_SUBSTITUTION,1,86685569,5015905,REVOLUTION,2015-07-07,702,revolution,SECTION 8 & 15-ACCEPTED AND ACKNOWLEDGED,Live/Registered,True,011,False
43,NEAR_1_SUBSTITUTION,1,86659955,5980428,REVOLUTION,2015-06-11,700,revolution,REGISTERED,Live/Registered,True,"035,039",True
43,NEAR_1_SUBSTITUTION,1,86580724,4854783,REVOLUTION,2015-03-30,702,revolution,SECTION 8 & 15-ACCEPTED AND ACKNOWLEDGED,Live/Registered,True,009,False
43,NEAR_1_SUBSTITUTION,1,86580246,4850537,REVOLUTION,2015-03-29,702,revolution,SECTION 8 & 15-ACCEPTED AND ACKNOWLEDGED,Live/Registered,True,007,False
43,NEAR_1_SUBSTITUTION,1,86555349,5008887,REVOLUTION,2015-03-06,702,revolution,SECTION 8 & 15-ACCEPTED AND ACKNOWLEDGED,Live/Registered,True,009,False
43,NEAR_1_SUBSTITUTION,1,86434778,4905949,REVOLUTION,2014-10-25,702,revolution,SECTION 8 & 15-ACCEPTED AND ACKNOWLEDGED,Live/Registered,True,028,False
43,NEAR_1_SUBSTITUTION,1,86319213,5423644,REVOLUTION,2014-06-24,705,revolution,PARTIAL SECTION 8 & 15 ACCEPTED AND ACKNOWLEDGED,Live/Registered,True,016,False
43,NEAR_1_SUBSTITUTION,1,86257358,4644948,REVOLUTION,2014-04-21,800,revolution,REGISTERED AND RENEWED,Live/Registered,True,009,False
43,NEAR_1_SUBSTITUTION,1,86239102,4640487,REVOLUTION,2014-04-01,800,revolution,REGISTERED AND RENEWED,Live/Registered,True,001,False
43,NEAR_1_SUBSTITUTION,1,86200262,4867650,REVOLUTION,2014-02-21,800,revolution,REGISTERED AND RENEWED,Live/Registered,True,010,True
43,NEAR_1_SUBSTITUTION,1,86082706,4533254,REVOLUTION,2013-10-04,800,revolution,REGISTERED AND RENEWED,Live/Registered,True,007,False
43,NEAR_1_SUBSTITUTION,1,85957370,4589919,REVOLUTION,2013-06-12,800,revolution,REGISTERED AND RENEWED,Live/Registered,True,011,False
43,NEAR_1_SUBSTITUTION,1,85935810,4459003,REVOLUTION,2013-05-17,800,revolution,REGISTERED AND RENEWED,Live/Registered,True,006,False
43,NEAR_1_SUBSTITUTION,1,85875759,5114762,REVOLUTION,2013-03-14,702,revolution,SECTION 8 & 15-ACCEPTED AND ACKNOWLEDGED,Live/Registered,True,"028,037,040,042",False
43,NEAR_1_SUBSTITUTION,1,85780018,4461126,REVOLUTION,2012-11-15,800,revolution,REGISTERED AND RENEWED,Live/Registered,True,036,False
43,NEAR_1_SUBSTITUTION,1,85522800,4198434,REVOLUTION,2012-01-23,800,revolution,REGISTERED AND RENEWED,Live/Registered,True,001,False
43,NEAR_1_SUBSTITUTION,1,85165405,4120395,REVOLUTION,2010-10-29,800,revolution,REGISTERED AND RENEWED,Live/Registered,True,005,True
43,NEAR_1_SUBSTITUTION,1,85098403,4212232,REVOLUTION,2010-08-02,800,revolution,REGISTERED AND RENEWED,Live/Registered,True,011,False
43,NEAR_1_SUBSTITUTION,1,85039992,4206445,REVOLUTION,2010-05-17,800,revolution,REGISTERED AND RENEWED,Live/Registered,True,"008,021",True
43,NEAR_1_SUBSTITUTION,1,85038834,3897381,REVOLUTION,2010-05-14,800,revolution,REGISTERED AND RENEWED,Live/Registered,True,007,False
43,NEAR_1_SUBSTITUTION,1,77888285,3955554,REVOLUTION,2009-12-08,800,revolution,REGISTERED AND RENEWED,Live/Registered,True,009,False
43,NEAR_1_SUBSTITUTION,1,77750264,3918494,REVOLUTION,2009-06-02,800,revolution,REGISTERED AND RENEWED,Live/Registered,True,035,True
43,NEAR_1_SUBSTITUTION,1,77648472,4230266,REVOLUTION,2009-01-13,800,revolution,REGISTERED AND RENEWED,Live/Registered,True,007,False
43,NEAR_1_SUBSTITUTION,1,77632196,3647347,REVOLUTION,2008-12-12,800,revolution,REGISTERED AND RENEWED,Live/Registered,True,011,False
43,NEAR_1_SUBSTITUTION,1,77599085,3825872,REVOLUTION,2008-10-23,800,revolution,REGISTERED AND RENEWED,Live/Registered,True,009,False
43,NEAR_1_SUBSTITUTION,1,77594993,3732490,REVOLUTION,2008-10-17,800,revolution,REGISTERED AND RENEWED,Live/Registered,True,009,False
43,NEAR_1_SUBSTITUTION,1,77591481,3737906,REVOLUTION,2008-10-13,800,revolution,REGISTERED AND RENEWED,Live/Registered,True,007,False
43,NEAR_1_SUBSTITUTION,1,77573790,3612061,REVOLUTION,2008-09-18,800,revolution,REGISTERED AND RENEWED,Live/Registered,True,021,True
43,NEAR_1_SUBSTITUTION,1,77482788,3645913,REVOLUTION,2008-05-23,800,revolution,REGISTERED AND RENEWED,Live/Registered,True,005,True
43,NEAR_1_SUBSTITUTION,1,77394810,3501506,REVOLUTION,2008-02-12,800,revolution,REGISTERED AND RENEWED,Live/Registered,True,012,False
43,NEAR_1_SUBSTITUTION,1,77334971,3532182,REVOLUTION,2007-11-21,800,revolution,REGISTERED AND RENEWED,Live/Registered,True,009,False
43,NEAR_1_SUBSTITUTION,1,79047074,3561284,REVOLUTION,2007-10-31,706,revolution,SECTION 71 ACCEPTED,Live/Registered,True,016,False
43,NEAR_1_SUBSTITUTION,1,77298427,3621479,REVOLUTION,2007-10-08,800,revolution,REGISTERED AND RENEWED,Live/Registered,True,009,False
43,NEAR_1_SUBSTITUTION,1,77226997,3715770,REVOLUTION,2007-07-11,800,revolution,REGISTERED AND RENEWED,Live/Registered,True,006,False
43,NEAR_1_SUBSTITUTION,1,76678746,3781443,REVOLUTION,2007-06-26,800,revolution,REGISTERED AND RENEWED,Live/Registered,True,036,False
43,NEAR_1_SUBSTITUTION,1,77170908,3447908,REVOLUTION,2007-05-02,800,revolution,REGISTERED AND RENEWED,Live/Registered,True,007,False
43,NEAR_1_SUBSTITUTION,1,77170928,3686557,REVOLUTION,2007-05-02,800,revolution,REGISTERED AND RENEWED,Live/Registered,True,007,False
43,NEAR_1_SUBSTITUTION,1,77134399,3463444,REVOLUTION,2007-03-19,800,revolution,REGISTERED AND RENEWED,Live/Registered,True,012,False
43,NEAR_1_SUBSTITUTION,1,77067409,3537643,REVOLUTION,2006-12-19,800,revolution,REGISTERED AND RENEWED,Live/Registered,True,011,False
43,NEAR_1_SUBSTITUTION,1,77051082,4257872,REVOLUTION,2006-11-27,800,revolution,REGISTERED AND RENEWED,Live/Registered,True,011,False
43,NEAR_1_SUBSTITUTION,1,78913202,3451316,REVOLUTION,2006-06-21,800,revolution,REGISTERED AND RENEWED,Live/Registered,True,012,False
43,NEAR_1_SUBSTITUTION,1,78903781,3334953,REVOLUTION,2006-06-08,800,revolution,REGISTERED AND RENEWED,Live/Registered,True,030,False
43,NEAR_1_SUBSTITUTION,1,78877423,3713464,REVOLUTION,2006-05-05,800,revolution,REGISTERED AND RENEWED,Live/Registered,True,025,False
43,NEAR_1_SUBSTITUTION,1,78877525,3246971,REVOLUTION,2006-05-05,800,revolution,REGISTERED AND RENEWED,Live/Registered,True,010,True
43,NEAR_1_SUBSTITUTION,1,78867792,3208972,REVOLUTION,2006-04-24,800,revolution,REGISTERED AND RENEWED,Live/Registered,True,003,True
43,NEAR_1_SUBSTITUTION,1,78841804,3198846,REVOLUTION,2006-03-20,800,revolution,REGISTERED AND RENEWED,Live/Registered,True,009,False
43,NEAR_1_SUBSTITUTION,1,78644698,3146920,REVOLUTION,2005-06-06,800,revolution,REGISTERED AND RENEWED,Live/Registered,True,007,False
43,NEAR_1_SUBSTITUTION,1,78636080,3744766,REVOLUTION,2005-05-24,800,revolution,REGISTERED AND RENEWED,Live/Registered,True,009,False
43,NEAR_1_SUBSTITUTION,1,78621751,3209695,REVOLUTION,2005-05-03,800,revolution,REGISTERED AND RENEWED,Live/Registered,True,010,True
43,NEAR_1_SUBSTITUTION,1,78613986,3134363,R*EVOLUTION,2005-04-21,800,revolution,REGISTERED AND RENEWED,Live/Registered,True,011,False
43,NEAR_1_SUBSTITUTION,1,78556199,3745430,REVOLUTION,2005-01-28,800,revolution,REGISTERED AND RENEWED,Live/Registered,True,036,False
43,NEAR_1_SUBSTITUTION,1,78556241,3723779,REVOLUTION,2005-01-28,800,revolution,REGISTERED AND RENEWED,Live/Registered,True,"036,044",True
43,NEAR_1_SUBSTITUTION,1,78556260,3776295,REVOLUTION,2005-01-28,800,revolution,REGISTERED AND RENEWED,Live/Registered,True,"043,044",True
43,NEAR_1_SUBSTITUTION,1,78981331,3849034,REVOLUTION,2005-01-28,800,revolution,REGISTERED AND RENEWED,Live/Registered,True,044,True
43,NEAR_1_SUBSTITUTION,1,78550853,3041772,REVOLUTION,2005-01-20,800,revolution,REGISTERED AND RENEWED,Live/Registered,True,007,False
43,NEAR_1_SUBSTITUTION,1,78488521,3017871,REVOLUTION,2004-09-23,800,revolution,REGISTERED AND RENEWED,Live/Registered,True,007,False
43,NEAR_1_SUBSTITUTION,1,78487980,3083762,REVOLUTION,2004-09-22,800,revolution,REGISTERED AND RENEWED,Live/Registered,True,009,False
43,NEAR_1_SUBSTITUTION,1,76613158,3085978,REVOLUTION,2004-09-21,800,revolution,REGISTERED AND RENEWED,Live/Registered,True,021,True
43,NEAR_1_SUBSTITUTION,1,78418556,3124460,REVOLUTION,2004-05-13,800,revolution,REGISTERED AND RENEWED,Live/Registered,True,"009,016,035,041",True
43,NEAR_1_SUBSTITUTION,1,76543064,2886031,REVOLUTION,2003-08-25,800,revolution,REGISTERED AND RENEWED,Live/Registered,True,007,False
43,NEAR_1_SUBSTITUTION,1,76523941,2838285,REVOLUTION,2003-06-19,800,revolution,REGISTERED AND RENEWED,Live/Registered,True,031,False
43,NEAR_1_SUBSTITUTION,1,76517751,2964518,REVOLUTION,2003-05-05,800,revolution,REGISTERED AND RENEWED,Live/Registered,True,030,False
43,NEAR_1_SUBSTITUTION,1,76472899,2846138,REVOLUTION,2002-12-09,800,revolution,REGISTERED AND RENEWED,Live/Registered,True,"007,037",False
43,NEAR_1_SUBSTITUTION,1,78118109,2803601,REVOLUTION,2002-03-28,800,revolution,REGISTERED AND RENEWED,Live/Registered,True,009,False
43,NEAR_1_SUBSTITUTION,1,76380594,2765376,REVOLUTION,2002-03-11,800,revolution,REGISTERED AND RENEWED,Live/Registered,True,"007,012",False
43,NEAR_1_SUBSTITUTION,1,78112125,2666675,REVOLUTION,2002-03-02,800,revolution,REGISTERED AND RENEWED,Live/Registered,True,009,False
43,NEAR_1_SUBSTITUTION,1,76377355,2839495,REVOLUTION,2002-03-01,800,revolution,REGISTERED AND RENEWED,Live/Registered,True,035,True
43,NEAR_1_SUBSTITUTION,1,76267751,2753870,REVOLUTION,2001-06-06,800,revolution,REGISTERED AND RENEWED,Live/Registered,True,017,False
43,NEAR_1_SUBSTITUTION,1,76179787,2691488,REVOLUTION,2000-12-12,800,revolution,REGISTERED AND RENEWED,Live/Registered,True,010,True
43,NEAR_1_SUBSTITUTION,1,75679377,2413136,REVOLUTION,1999-04-09,800,revolution,REGISTERED AND RENEWED,Live/Registered,True,005,True
43,NEAR_1_SUBSTITUTION,1,75577016,2834717,REVOLUTION,1998-10-26,800,revolution,REGISTERED AND RENEWED,Live/Registered,True,012,False
43,NEAR_1_SUBSTITUTION,1,75520265,2418027,REVOLUTION,1998-07-14,800,revolution,REGISTERED AND RENEWED,Live/Registered,True,007,False
43,NEAR_1_SUBSTITUTION,1,75486245,2284956,REVOLUTION,1998-05-15,800,revolution,REGISTERED AND RENEWED,Live/Registered,True,009,False
43,NEAR_1_SUBSTITUTION,1,75301082,2248176,REVOLUTION,1997-06-02,800,revolution,REGISTERED AND RENEWED,Live/Registered,True,028,False
43,NEAR_1_SUBSTITUTION,1,75279610,2294633,REVOLUTION,1997-04-23,800,revolution,REGISTERED AND RENEWED,Live/Registered,True,005,True
43,NEAR_1_SUBSTITUTION,1,75137917,2191275,REVOLUTION,1996-07-22,800,revolution,REGISTERED AND RENEWED,Live/Registered,True,011,False
43,NEAR_1_SUBSTITUTION,1,74707353,2115019,REVOLUTION,1995-07-24,800,revolution,REGISTERED AND RENEWED,Live/Registered,True,012,False
43,NEAR_1_SUBSTITUTION,1,74456664,1970353,REVOLUTION,1993-11-10,800,revolution,REGISTERED AND RENEWED,Live/Registered,True,028,False
43,NEAR_1_SUBSTITUTION,1,74150856,1679264,REVOLUTION,1991-03-25,800,revolution,REGISTERED AND RENEWED,Live/Registered,True,009,False
43,NEAR_1_SUBSTITUTION,1,74026793,1621397,REVOLUTION,1990-02-06,800,revolution,REGISTERED AND RENEWED,Live/Registered,True,028,False
43,NEAR_1_SUBSTITUTION,1,99524879,,REVOLUTION,2025-12-02,602,revolution,ABANDONED-FAILURE TO RESPOND OR LATE RESPONSE,Dead/Abandoned,False,,False
43,NEAR_1_SUBSTITUTION,1,99274642,,REVOLUTION,2025-07-09,602,revolution,ABANDONED-FAILURE TO RESPOND OR LATE RESPONSE,Dead/Abandoned,False,"011,021",True
43,NEAR_1_SUBSTITUTION,1,98243678,,REVOLUTION,2023-10-27,603,revolution,ABANDONED - AFTER EX PARTE APPEAL,Dead/Abandoned,False,007,False
43,NEAR_1_SUBSTITUTION,1,98108004,,REPOLUTION,2023-07-29,606,repolution,ABANDONED - NO STATEMENT OF USE FILED,Dead/Abandoned,False,005,True
43,NEAR_1_SUBSTITUTION,1,97799797,,REVOLUTION,2023-02-17,602,revolution,ABANDONED-FAILURE TO RESPOND OR LATE RESPONSE,Dead/Abandoned,False,042,False
43,NEAR_1_SUBSTITUTION,1,97713021,,REVOLUTION,2022-12-12,606,revolution,ABANDONED - NO STATEMENT OF USE FILED,Dead/Abandoned,False,007,False
43,NEAR_1_SUBSTITUTION,1,97560979,,REVOLUTION,2022-08-23,602,revolution,ABANDONED-FAILURE TO RESPOND OR LATE RESPONSE,Dead/Abandoned,False,"025,041",False
43,NEAR_1_SUBSTITUTION,1,97234853,,REPOLUTION,2022-01-24,602,repolution,ABANDONED-FAILURE TO RESPOND OR LATE RESPONSE,Dead/Abandoned,False,"005,025,041",True
43,NEAR_1_SUBSTITUTION,1,90555251,,REVOLUTION,2021-03-02,602,revolution,ABANDONED-FAILURE TO RESPOND OR LATE RESPONSE,Dead/Abandoned,False,"016,017,021",True
43,NEAR_1_SUBSTITUTION,1,90520879,,REVOLUTION,2021-02-09,602,revolution,ABANDONED-FAILURE TO RESPOND OR LATE RESPONSE,Dead/Abandoned,False,010,True
43,NEAR_1_SUBSTITUTION,1,90504830,,REVOLUTION,2021-02-02,602,revolution,ABANDONED-FAILURE TO RESPOND OR LATE RESPONSE,Dead/Abandoned,False,019,False
43,NEAR_1_SUBSTITUTION,1,79303565,,REVOLUTION,2020-12-10,602,revolution,ABANDONED-FAILURE TO RESPOND OR LATE RESPONSE,Dead/Abandoned,False,041,False
43,NEAR_1_SUBSTITUTION,1,90237714,,REVOLUTION,2020-10-06,602,revolution,ABANDONED-FAILURE TO RESPOND OR LATE RESPONSE,Dead/Abandoned,False,010,True
43,NEAR_1_INSERTION,1,90118404,,RESOLUTIONS,2020-08-17,602,resolutions,ABANDONED-FAILURE TO RESPOND OR LATE RESPONSE,Dead/Abandoned,False,036,False
43,NEAR_1_SUBSTITUTION,1,90067830,,R-EVOLUTION,2020-07-22,602,revolution,ABANDONED-FAILURE TO RESPOND OR LATE RESPONSE,Dead/Abandoned,False,025,False
43,NEAR_1_SUBSTITUTION,1,90046513,,REVOLUTION,2020-07-10,602,revolution,ABANDONED-FAILURE TO RESPOND OR LATE RESPONSE,Dead/Abandoned,False,028,False
43,NEAR_1_SUBSTITUTION,1,88801459,,REVOLUTION,2020-02-18,602,revolution,ABANDONED-FAILURE TO RESPOND OR LATE RESPONSE,Dead/Abandoned,False,"016,021,025",True
43,NEAR_1_SUBSTITUTION,1,88766058,,REVOLUTION,2020-01-20,602,revolution,ABANDONED-FAILURE TO RESPOND OR LATE RESPONSE,Dead/Abandoned,False,"016,021,025",True
43,NEAR_1_SUBSTITUTION,1,88587564,,REVOLUTION,2019-08-21,603,revolution,ABANDONED - AFTER EX PARTE APPEAL,Dead/Abandoned,False,"001,010",True
43,NEAR_1_SUBSTITUTION,1,88517500,,REVOLUTION,2019-07-16,606,revolution,ABANDONED - NO STATEMENT OF USE FILED,Dead/Abandoned,False,011,False
43,NEAR_1_SUBSTITUTION,1,88501954,,REVOLUTION,2019-07-05,604,revolution,ABANDONED - AFTER INTER-PARTES DECISION,Dead/Abandoned,False,,False
43,NEAR_1_SUBSTITUTION,1,88373845,,REVOLUTION,2019-04-05,602,revolution,ABANDONED-FAILURE TO RESPOND OR LATE RESPONSE,Dead/Abandoned,False,039,False
43,NEAR_1_SUBSTITUTION,1,88315567,,REVOLUTION,2019-02-25,606,revolution,ABANDONED - NO STATEMENT OF USE FILED,Dead/Abandoned,False,010,True
43,NEAR_1_SUBSTITUTION,1,88299363,,REVOLUTION,2019-02-13,602,revolution,ABANDONED-FAILURE TO RESPOND OR LATE RESPONSE,Dead/Abandoned,False,038,False
43,NEAR_1_SUBSTITUTION,1,88233455,,REVOLUTION,2018-12-20,602,revolution,ABANDONED-FAILURE TO RESPOND OR LATE RESPONSE,Dead/Abandoned,False,034,False
43,NEAR_1_SUBSTITUTION,1,88111657,,REVOLUTION,2018-09-11,602,revolution,ABANDONED-FAILURE TO RESPOND OR LATE RESPONSE,Dead/Abandoned,False,"009,020",False
43,NEAR_1_SUBSTITUTION,1,88030035,,REVOLUTION,2018-07-09,602,revolution,ABANDONED-FAILURE TO RESPOND OR LATE RESPONSE,Dead/Abandoned,False,009,False
43,NEAR_1_SUBSTITUTION,1,87877380,,(R)EVOLUTION,2018-04-14,602,revolution,ABANDONED-FAILURE TO RESPOND OR LATE RESPONSE,Dead/Abandoned,False,"016,025",False
43,NEAR_1_SUBSTITUTION,1,87754402,,REVOLUTION,2018-01-13,602,revolution,ABANDONED-FAILURE TO RESPOND OR LATE RESPONSE,Dead/Abandoned,False,033,False
43,NEAR_1_SUBSTITUTION,1,87743286,,REVOLUTION,2018-01-04,602,revolution,ABANDONED-FAILURE TO RESPOND OR LATE RESPONSE,Dead/Abandoned,False,028,False
43,NEAR_1_SUBSTITUTION,1,87740183,5634413,REVOLUTION,2018-01-02,710,revolution,CANCELLED - SECTION 8,Dead/Cancelled,False,,False
43,NEAR_1_SUBSTITUTION,1,87654195,6608623,REVOLUTION,2017-10-20,713,revolution,CANCELLED - SECTION 18,Dead/Cancelled,False,,False
43,NEAR_1_SUBSTITUTION,1,87589206,5473995,REVOLUTION,2017-08-30,710,revolution,CANCELLED - SECTION 8,Dead/Cancelled,False,,False
43,NEAR_1_DELETION,1,87574754,5482704,ESOLUTION,2017-08-18,710,esolution,CANCELLED - SECTION 8,Dead/Cancelled,False,,False
43,NEAR_1_SUBSTITUTION,1,87554758,5877053,REVOLUTION,2017-08-03,710,revolution,CANCELLED - SECTION 8,Dead/Cancelled,False,,False
43,NEAR_1_SUBSTITUTION,1,87497949,,REVOLUTION,2017-06-20,606,revolution,ABANDONED - NO STATEMENT OF USE FILED,Dead/Abandoned,False,013,False
43,NEAR_1_SUBSTITUTION,1,87431930,5349881,REVOLUTION,2017-05-01,710,revolution,CANCELLED - SECTION 8,Dead/Cancelled,False,,False
43,NEAR_1_SUBSTITUTION,1,79224111,,R.EVOLUTION,2017-03-07,602,revolution,ABANDONED-FAILURE TO RESPOND OR LATE RESPONSE,Dead/Abandoned,False,"036,037",False
43,NEAR_1_SUBSTITUTION,1,87350528,,R.EVOLUTION,2017-02-27,602,revolution,ABANDONED-FAILURE TO RESPOND OR LATE RESPONSE,Dead/Abandoned,False,"006,019",False
43,NEAR_1_SUBSTITUTION,1,87338145,,REVOLUTION,2017-02-16,602,revolution,ABANDONED-FAILURE TO RESPOND OR LATE RESPONSE,Dead/Abandoned,False,009,False
43,NEAR_1_SUBSTITUTION,1,87331331,,REVOLUTION,2017-02-10,602,revolution,ABANDONED-FAILURE TO RESPOND OR LATE RESPONSE,Dead/Abandoned,False,013,False
43,NEAR_1_SUBSTITUTION,1,87290597,5325679,REVOLUTION,2017-01-05,710,revolution,CANCELLED - SECTION 8,Dead/Cancelled,False,,False
43,NEAR_1_SUBSTITUTION,1,87266350,,REVOLUTION,2016-12-13,602,revolution,ABANDONED-FAILURE TO RESPOND OR LATE RESPONSE,Dead/Abandoned,False,"009,020",False
43,NEAR_1_SUBSTITUTION,1,87254353,,REVOLUTION,2016-12-01,602,revolution,ABANDONED-FAILURE TO RESPOND OR LATE RESPONSE,Dead/Abandoned,False,009,False
43,NEAR_1_SUBSTITUTION,1,87245129,5376593,REVOLUTION,2016-11-22,710,revolution,CANCELLED - SECTION 8,Dead/Cancelled,False,,False
43,NEAR_1_SUBSTITUTION,1,87240696,5661992,(R)EVOLUTION,2016-11-17,710,revolution,CANCELLED - SECTION 8,Dead/Cancelled,False,,False
43,NEAR_1_SUBSTITUTION,1,87209604,,REVOLUTION,2016-10-20,605,revolution,ABANDONED EXPRESS AFTER PUB,Dead/Abandoned,False,,False
43,NEAR_1_SUBSTITUTION,1,87163384,,REVOLUTION,2016-09-07,602,revolution,ABANDONED-FAILURE TO RESPOND OR LATE RESPONSE,Dead/Abandoned,False,012,False
43,NEAR_1_SUBSTITUTION,1,87137832,,REVOLUTION,2016-08-14,602,revolution,ABANDONED-FAILURE TO RESPOND OR LATE RESPONSE,Dead/Abandoned,False,010,True
43,NEAR_1_DELETION,1,87068978,5556257,R SOLUTION,2016-06-13,710,rsolution,CANCELLED - SECTION 8,Dead/Cancelled,False,,False
43,NEAR_1_INSERTION,1,87050815,5118779,RE-SOLUTIONS,2016-05-26,710,resolutions,CANCELLED - SECTION 8,Dead/Cancelled,False,,False
43,NEAR_1_SUBSTITUTION,1,87048222,5341677,REVOLUTION,2016-05-24,710,revolution,CANCELLED - SECTION 8,Dead/Cancelled,False,,False
43,NEAR_1_SUBSTITUTION,1,87048233,,REVOLUTION,2016-05-24,606,revolution,ABANDONED - NO STATEMENT OF USE FILED,Dead/Abandoned,False,036,False
43,NEAR_1_SUBSTITUTION,1,87048242,,REVOLUTION,2016-05-24,606,revolution,ABANDONED - NO STATEMENT OF USE FILED,Dead/Abandoned,False,037,False
43,NEAR_1_SUBSTITUTION,1,87048264,,REVOLUTION,2016-05-24,606,revolution,ABANDONED - NO STATEMENT OF USE FILED,Dead/Abandoned,False,039,False
43,NEAR_1_SUBSTITUTION,1,87048275,,REVOLUTION,2016-05-24,606,revolution,ABANDONED - NO STATEMENT OF USE FILED,Dead/Abandoned,False,040,False
43,NEAR_1_SUBSTITUTION,1,87975055,5342791,REVOLUTION,2016-05-24,710,revolution,CANCELLED - SECTION 8,Dead/Cancelled,False,,False
43,NEAR_1_SUBSTITUTION,1,86953044,,REVOLUTION,2016-03-25,602,revolution,ABANDONED-FAILURE TO RESPOND OR LATE RESPONSE,Dead/Abandoned,False,035,True
43,NEAR_1_SUBSTITUTION,1,86949711,,REVOLUTION,2016-03-23,602,revolution,ABANDONED-FAILURE TO RESPOND OR LATE RESPONSE,Dead/Abandoned,False,041,False
43,NEAR_1_SUBSTITUTION,1,86933611,,REVOLUTION,2016-03-09,604,revolution,ABANDONED - AFTER INTER-PARTES DECISION,Dead/Abandoned,False,,False
43,NEAR_1_SUBSTITUTION,1,86885287,,REVOLUTION,2016-01-25,602,revolution,ABANDONED-FAILURE TO RESPOND OR LATE RESPONSE,Dead/Abandoned,False,025,False
43,NEAR_1_SUBSTITUTION,1,86857335,5083675,REVOLUTION,2015-12-22,710,revolution,CANCELLED - SECTION 8,Dead/Cancelled,False,,False
43,NEAR_1_SUBSTITUTION,1,86844451,,REVOLUTION,2015-12-09,602,revolution,ABANDONED-FAILURE TO RESPOND OR LATE RESPONSE,Dead/Abandoned,False,011,False
43,NEAR_1_SUBSTITUTION,1,86804482,,REVOLUTION,2015-10-30,602,revolution,ABANDONED-FAILURE TO RESPOND OR LATE RESPONSE,Dead/Abandoned,False,007,False
43,NEAR_1_SUBSTITUTION,1,86794431,,REVOLUTION,2015-10-21,606,revolution,ABANDONED - NO STATEMENT OF USE FILED,Dead/Abandoned,False,"007,009",False
43,NEAR_1_SUBSTITUTION,1,86773601,,REVOLUTION,2015-09-30,606,revolution,ABANDONED - NO STATEMENT OF USE FILED,Dead/Abandoned,False,006,False
43,NEAR_1_SUBSTITUTION,1,86762291,,REVOLUTION,2015-09-20,602,revolution,ABANDONED-FAILURE TO RESPOND OR LATE RESPONSE,Dead/Abandoned,False,035,True
43,NEAR_1_SUBSTITUTION,1,86740725,,REVOLUTION,2015-08-28,602,revolution,ABANDONED-FAILURE TO RESPOND OR LATE RESPONSE,Dead/Abandoned,False,025,False
43,NEAR_1_SUBSTITUTION,1,86714247,,REVOLUTION,2015-08-04,605,revolution,ABANDONED EXPRESS AFTER PUB,Dead/Abandoned,False,,False
43,NEAR_1_SUBSTITUTION,1,86673579,,REVOLUTION,2015-06-24,606,revolution,ABANDONED - NO STATEMENT OF USE FILED,Dead/Abandoned,False,009,False
43,NEAR_1_SUBSTITUTION,1,86571664,4845078,REVOLUTION,2015-03-20,710,revolution,CANCELLED - SECTION 8,Dead/Cancelled,False,,False
43,NEAR_1_SUBSTITUTION,1,86514018,,REVOLUTION,2015-01-26,602,revolution,ABANDONED-FAILURE TO RESPOND OR LATE RESPONSE,Dead/Abandoned,False,"041,044",True
43,NEAR_1_SUBSTITUTION,1,86449885,,REVOLUTION,2014-11-10,606,revolution,ABANDONED - NO STATEMENT OF USE FILED,Dead/Abandoned,False,025,False
43,NEAR_1_INSERTION,1,86440117,4882807,RESOLUTION1,2014-10-30,710,resolution1,CANCELLED - SECTION 8,Dead/Cancelled,False,,False
43,NEAR_1_SUBSTITUTION,1,86420219,,REVOLUTION,2014-10-10,602,revolution,ABANDONED-FAILURE TO RESPOND OR LATE RESPONSE,Dead/Abandoned,False,"031,039",False
43,NEAR_1_SUBSTITUTION,1,86403292,,REVOLUTION,2014-09-23,602,revolution,ABANDONED-FAILURE TO RESPOND OR LATE RESPONSE,Dead/Abandoned,False,"014,016,018,025",False
43,NEAR_1_DELETION,1,86381378,4742663,R-SOLUTION,2014-08-29,710,rsolution,CANCELLED - SECTION 8,Dead/Cancelled,False,,False
43,NEAR_1_SUBSTITUTION,1,79157367,,REVOLUTION,2014-07-31,402,revolution,IR CANCELLED; US APPLICATION ABANDONED,Dead/Abandoned,False,,False
43,NEAR_1_SUBSTITUTION,1,79158036,,REVOLUTION,2014-07-31,402,revolution,IR CANCELLED; US APPLICATION ABANDONED,Dead/Abandoned,False,,False
43,NEAR_1_SUBSTITUTION,1,86323060,,REVOLUTION,2014-06-27,602,revolution,ABANDONED-FAILURE TO RESPOND OR LATE RESPONSE,Dead/Abandoned,False,012,False
43,NEAR_1_SUBSTITUTION,1,86317090,,REVOLUTION,2014-06-23,604,revolution,ABANDONED - AFTER INTER-PARTES DECISION,Dead/Abandoned,False,,False
43,NEAR_1_SUBSTITUTION,1,86309895,,REVOLUTION,2014-06-14,602,revolution,ABANDONED-FAILURE TO RESPOND OR LATE RESPONSE,Dead/Abandoned,False,014,False
43,NEAR_1_INSERTION,1,86203449,4624036,RE|SOLUTIONS,2014-02-25,710,resolutions,CANCELLED - SECTION 8,Dead/Cancelled,False,,False
43,NEAR_1_SUBSTITUTION,1,86200711,4863800,REVOLUTION,2014-02-21,710,revolution,CANCELLED - SECTION 8,Dead/Cancelled,False,,False
43,NEAR_1_SUBSTITUTION,1,86181243,,REVOLUTION,2014-01-31,602,revolution,ABANDONED-FAILURE TO RESPOND OR LATE RESPONSE,Dead/Abandoned,False,013,False
43,NEAR_1_SUBSTITUTION,1,86180346,4732727,REVOLUTION,2014-01-30,710,revolution,CANCELLED - SECTION 8,Dead/Cancelled,False,,False
43,NEAR_1_SUBSTITUTION,1,86155976,,REVOLUTION,2014-01-02,606,revolution,ABANDONED - NO STATEMENT OF USE FILED,Dead/Abandoned,False,020,False
43,NEAR_1_SUBSTITUTION,1,79145086,,R.EVOLUTION,2013-12-18,402,revolution,IR CANCELLED; US APPLICATION ABANDONED,Dead/Abandoned,False,,False
43,NEAR_1_SUBSTITUTION,1,86133994,,REVOLUTION,2013-12-03,602,revolution,ABANDONED-FAILURE TO RESPOND OR LATE RESPONSE,Dead/Abandoned,False,009,False
43,NEAR_1_SUBSTITUTION,1,86124218,,REVOLUTION,2013-11-20,602,revolution,ABANDONED-FAILURE TO RESPOND OR LATE RESPONSE,Dead/Abandoned,False,043,False
43,NEAR_1_SUBSTITUTION,1,86059450,,REVOLUTION,2013-09-09,602,revolution,ABANDONED-FAILURE TO RESPOND OR LATE RESPONSE,Dead/Abandoned,False,032,False
43,NEAR_1_SUBSTITUTION,1,86028400,,REVOLUTION,2013-08-05,606,revolution,ABANDONED - NO STATEMENT OF USE FILED,Dead/Abandoned,False,"006,017,019",False
43,NEAR_1_SUBSTITUTION,1,86025263,,REVOLUTION,2013-07-31,602,revolution,ABANDONED-FAILURE TO RESPOND OR LATE RESPONSE,Dead/Abandoned,False,007,False
43,NEAR_1_INSERTION,1,79137723,5343110,REDSOLUTION,2013-07-18,404,redsolution,IR CANCELLED; US REGISTRATION CANCELLED,Dead/Cancelled,False,,False
43,NEAR_1_SUBSTITUTION,1,85907121,5041402,REVOLUTION,2013-04-17,710,revolution,CANCELLED - SECTION 8,Dead/Cancelled,False,,False
43,NEAR_1_SUBSTITUTION,1,85889279,4384085,REVOLUTION,2013-03-28,710,revolution,CANCELLED - SECTION 8,Dead/Cancelled,False,,False
43,NEAR_1_SUBSTITUTION,1,85889538,,REVOLUTION,2013-03-28,602,revolution,ABANDONED-FAILURE TO RESPOND OR LATE RESPONSE,Dead/Abandoned,False,010,True
43,NEAR_1_SUBSTITUTION,1,85874025,4983499,REVOLUTION,2013-03-12,710,revolution,CANCELLED - SECTION 8,Dead/Cancelled,False,,False
43,NEAR_1_SUBSTITUTION,1,85805754,,REVOLUTION,2012-12-18,606,revolution,ABANDONED - NO STATEMENT OF USE FILED,Dead/Abandoned,False,011,False
43,NEAR_1_SUBSTITUTION,1,85791370,,REVOLUTION,2012-11-30,602,revolution,ABANDONED-FAILURE TO RESPOND OR LATE RESPONSE,Dead/Abandoned,False,009,False
43,NEAR_1_SUBSTITUTION,1,85769135,4632920,REVOLUTION,2012-11-01,710,revolution,CANCELLED - SECTION 8,Dead/Cancelled,False,,False
43,NEAR_1_SUBSTITUTION,1,85723253,,REVOLUTION,2012-09-07,602,revolution,ABANDONED-FAILURE TO RESPOND OR LATE RESPONSE,Dead/Abandoned,False,010,True
43,NEAR_1_SUBSTITUTION,1,85660036,,REVOLUTION,2012-06-25,604,revolution,ABANDONED - AFTER INTER-PARTES DECISION,Dead/Abandoned,False,,False
43,NEAR_1_SUBSTITUTION,1,85632224,,REVOLUTION,2012-05-22,602,revolution,ABANDONED-FAILURE TO RESPOND OR LATE RESPONSE,Dead/Abandoned,False,020,False
43,NEAR_1_SUBSTITUTION,1,85629158,,REVOLUTION,2012-05-18,602,revolution,ABANDONED-FAILURE TO RESPOND OR LATE RESPONSE,Dead/Abandoned,False,005,True
43,NEAR_1_SUBSTITUTION,1,85613795,,REVOLUTION,2012-05-01,606,revolution,ABANDONED - NO STATEMENT OF USE FILED,Dead/Abandoned,False,011,False
43,NEAR_1_SUBSTITUTION,1,85607003,4254004,REVOLUTION,2012-04-24,710,revolution,CANCELLED - SECTION 8,Dead/Cancelled,False,,False
43,NEAR_1_SUBSTITUTION,1,85581775,4352528,REVOLUTION,2012-03-28,710,revolution,CANCELLED - SECTION 8,Dead/Cancelled,False,,False
43,NEAR_1_SUBSTITUTION,1,85574349,,REVOLUTION,2012-03-20,602,revolution,ABANDONED-FAILURE TO RESPOND OR LATE RESPONSE,Dead/Abandoned,False,042,False
43,NEAR_1_SUBSTITUTION,1,85517469,4568688,REVOLUTION,2012-01-16,710,revolution,CANCELLED - SECTION 8,Dead/Cancelled,False,,False
43,NEAR_1_SUBSTITUTION,1,85516231,,REVOLUTION,2012-01-13,602,revolution,ABANDONED-FAILURE TO RESPOND OR LATE RESPONSE,Dead/Abandoned,False,021,True
43,NEAR_1_SUBSTITUTION,1,85514490,,REVOLUTION,2012-01-11,601,revolution,ABANDONED - EXPRESS,Dead/Abandoned,False,009,False
43,NEAR_1_SUBSTITUTION,1,85514492,,REVOLUTION,2012-01-11,601,revolution,ABANDONED - EXPRESS,Dead/Abandoned,False,041,False
43,NEAR_1_SUBSTITUTION,1,85505661,,REVOLUTION,2011-12-29,602,revolution,ABANDONED-FAILURE TO RESPOND OR LATE RESPONSE,Dead/Abandoned,False,009,False
43,NEAR_1_SUBSTITUTION,1,85498763,,REVOLUTION,2011-12-19,606,revolution,ABANDONED - NO STATEMENT OF USE FILED,Dead/Abandoned,False,036,False
43,NEAR_1_SUBSTITUTION,1,85484893,,REVOLUTION,2011-12-01,602,revolution,ABANDONED-FAILURE TO RESPOND OR LATE RESPONSE,Dead/Abandoned,False,009,False
43,NEAR_1_SUBSTITUTION,1,79112076,5043205,REVOLUTION,2011-11-25,404,revolution,IR CANCELLED; US REGISTRATION CANCELLED,Dead/Cancelled,False,,False
43,NEAR_1_SUBSTITUTION,1,79975289,4378306,REVOLUTION,2011-11-25,404,revolution,IR CANCELLED; US REGISTRATION CANCELLED,Dead/Cancelled,False,,False
43,NEAR_1_SUBSTITUTION,1,85473129,,REVOLUTION,2011-11-15,606,revolution,ABANDONED - NO STATEMENT OF USE FILED,Dead/Abandoned,False,018,False
43,NEAR_1_SUBSTITUTION,1,85465345,4174717,D.E.SOLUTION,2011-11-05,710,desolution,CANCELLED - SECTION 8,Dead/Cancelled,False,,False
43,NEAR_1_SUBSTITUTION,1,85447510,,REVOLUTION,2011-10-14,605,revolution,ABANDONED EXPRESS AFTER PUB,Dead/Abandoned,False,,False
43,NEAR_1_SUBSTITUTION,1,85427629,,REVOLUTION,2011-09-20,606,revolution,ABANDONED - NO STATEMENT OF USE FILED,Dead/Abandoned,False,007,False
43,NEAR_1_SUBSTITUTION,1,79103793,,REVOLUTION,2011-09-09,402,revolution,IR CANCELLED; US APPLICATION ABANDONED,Dead/Abandoned,False,,False
43,NEAR_1_SUBSTITUTION,1,85414246,,REVOLUTION,2011-09-02,602,revolution,ABANDONED-FAILURE TO RESPOND OR LATE RESPONSE,Dead/Abandoned,False,010,True
43,NEAR_1_SUBSTITUTION,1,85389562,,REVOLUTION,2011-08-04,606,revolution,ABANDONED - NO STATEMENT OF USE FILED,Dead/Abandoned,False,011,False
43,NEAR_1_SUBSTITUTION,1,85386313,,REVOLUTION,2011-08-01,604,revolution,ABANDONED - AFTER INTER-PARTES DECISION,Dead/Abandoned,False,,False
43,NEAR_1_SUBSTITUTION,1,85282302,4145219,REVOLUTION,2011-03-31,710,revolution,CANCELLED - SECTION 8,Dead/Cancelled,False,,False
43,NEAR_1_SUBSTITUTION,1,85274312,,REVOLUTION,2011-03-23,600,revolution,ABANDONED - INCOMPLETE RESPONSE,Dead/Abandoned,False,"009,041",False
43,NEAR_1_SUBSTITUTION,1,85230274,,REVOLUTION,2011-01-31,602,revolution,ABANDONED-FAILURE TO RESPOND OR LATE RESPONSE,Dead/Abandoned,False,041,False
43,NEAR_1_SUBSTITUTION,1,85209636,,REVOLUTION,2011-01-04,606,revolution,ABANDONED - NO STATEMENT OF USE FILED,Dead/Abandoned,False,014,False
43,NEAR_1_SUBSTITUTION,1,85172528,,REVOLUTION,2010-11-09,602,revolution,ABANDONED-FAILURE TO RESPOND OR LATE RESPONSE,Dead/Abandoned,False,"001,006,019,021",True
43,NEAR_1_SUBSTITUTION,1,85168912,4283424,REVOLUTION,2010-11-04,710,revolution,CANCELLED - SECTION 8,Dead/Cancelled,False,,False
43,NEAR_1_SUBSTITUTION,1,85163277,4096930,REVOLUTION,2010-10-28,710,revolution,CANCELLED - SECTION 8,Dead/Cancelled,False,,False
43,NEAR_1_SUBSTITUTION,1,85115867,,R)EVOLUTION,2010-08-25,606,revolution,ABANDONED - NO STATEMENT OF USE FILED,Dead/Abandoned,False,038,False
43,NEAR_1_SUBSTITUTION,1,85111730,4080924,REVOLUTION,2010-08-19,710,revolution,CANCELLED - SECTION 8,Dead/Cancelled,False,,False
43,NEAR_1_SUBSTITUTION,1,85085594,,REVOLUTION,2010-07-15,606,revolution,ABANDONED - NO STATEMENT OF USE FILED,Dead/Abandoned,False,025,False
43,NEAR_1_SUBSTITUTION,1,85071998,4013667,REVOLUTION,2010-06-25,710,revolution,CANCELLED - SECTION 8,Dead/Cancelled,False,,False
43,NEAR_1_SUBSTITUTION,1,85066275,,REVOLUTION,2010-06-18,602,revolution,ABANDONED-FAILURE TO RESPOND OR LATE RESPONSE,Dead/Abandoned,False,"016,045",False
43,NEAR_1_SUBSTITUTION,1,85061763,,REVOLUTION,2010-06-14,602,revolution,ABANDONED-FAILURE TO RESPOND OR LATE RESPONSE,Dead/Abandoned,False,025,False
43,NEAR_1_SUBSTITUTION,1,85058258,,REVOLUTION,2010-06-09,602,revolution,ABANDONED-FAILURE TO RESPOND OR LATE RESPONSE,Dead/Abandoned,False,028,False
43,NEAR_1_SUBSTITUTION,1,85043771,4309440,REVOLUTION,2010-05-20,710,revolution,CANCELLED - SECTION 8,Dead/Cancelled,False,,False
43,NEAR_1_SUBSTITUTION,1,85017148,,REVOLUTION,2010-04-19,605,revolution,ABANDONED EXPRESS AFTER PUB,Dead/Abandoned,False,,False
43,NEAR_1_SUBSTITUTION,1,77943783,,REVOLUTION,2010-02-24,606,revolution,ABANDONED - NO STATEMENT OF USE FILED,Dead/Abandoned,False,002,False
43,NEAR_1_SUBSTITUTION,1,77884999,,REVOLUTION,2009-12-03,606,revolution,ABANDONED - NO STATEMENT OF USE FILED,Dead/Abandoned,False,020,False
43,NEAR_1_SUBSTITUTION,1,77864571,,REVOLUTION,2009-11-04,602,revolution,ABANDONED-FAILURE TO RESPOND OR LATE RESPONSE,Dead/Abandoned,False,003,True
43,NEAR_1_SUBSTITUTION,1,77832422,3784395,REZOLUTION,2009-09-22,710,rezolution,CANCELLED - SECTION 8,Dead/Cancelled,False,,False
43,NEAR_1_INSERTION,1,77817709,4074548,RESOLUTION-3,2009-09-01,710,resolution3,CANCELLED - SECTION 8,Dead/Cancelled,False,,False
43,NEAR_1_SUBSTITUTION,1,77815863,,REVOLUTION,2009-08-29,606,revolution,ABANDONED - NO STATEMENT OF USE FILED,Dead/Abandoned,False,020,False
43,NEAR_1_SUBSTITUTION,1,77798043,4140609,REVOLUTION,2009-08-05,710,revolution,CANCELLED - SECTION 8,Dead/Cancelled,False,,False
43,NEAR_1_SUBSTITUTION,1,77795811,,REVOLUTION,2009-08-03,602,revolution,ABANDONED-FAILURE TO RESPOND OR LATE RESPONSE,Dead/Abandoned,False,"006,012,025",False
43,NEAR_1_SUBSTITUTION,1,77784056,,REVOLUTION,2009-07-17,602,revolution,ABANDONED-FAILURE TO RESPOND OR LATE RESPONSE,Dead/Abandoned,False,"007,009",False
43,NEAR_1_SUBSTITUTION,1,77760562,3739575,RESYLUTION,2009-06-16,710,resylution,CANCELLED - SECTION 8,Dead/Cancelled,False,,False
43,NEAR_1_SUBSTITUTION,1,77755732,3823838,REZOLUTION,2009-06-09,710,rezolution,CANCELLED - SECTION 8,Dead/Cancelled,False,,False
43,NEAR_1_SUBSTITUTION,1,77730266,3718414,REVOLUTION,2009-05-06,710,revolution,CANCELLED - SECTION 8,Dead/Cancelled,False,,False
43,NEAR_1_SUBSTITUTION,1,77724192,3797260,REVOLUTION,2009-04-28,710,revolution,CANCELLED - SECTION 8,Dead/Cancelled,False,,False
43,NEAR_1_DELETION,1,77666647,,ESOLUTION,2009-02-09,602,esolution,ABANDONED-FAILURE TO RESPOND OR LATE RESPONSE,Dead/Abandoned,False,035,True
43,NEAR_1_SUBSTITUTION,1,77663327,,REVOLUTION,2009-02-04,602,revolution,ABANDONED-FAILURE TO RESPOND OR LATE RESPONSE,Dead/Abandoned,False,006,False
43,NEAR_1_SUBSTITUTION,1,77650917,3794277,REVOLUTION,2009-01-16,710,revolution,CANCELLED - SECTION 8,Dead/Cancelled,False,,False
43,NEAR_1_SUBSTITUTION,1,77635711,3654081,REVOLUTION,2008-12-18,710,revolution,CANCELLED - SECTION 8,Dead/Cancelled,False,,False
43,NEAR_1_SUBSTITUTION,1,77629175,,REZOLUTION,2008-12-09,602,rezolution,ABANDONED-FAILURE TO RESPOND OR LATE RESPONSE,Dead/Abandoned,False,036,False
43,NEAR_1_SUBSTITUTION,1,77627758,,REVOLUTION,2008-12-05,606,revolution,ABANDONED - NO STATEMENT OF USE FILED,Dead/Abandoned,False,028,False
43,NEAR_1_SUBSTITUTION,1,77611688,,REVOLUTION,2008-11-11,602,revolution,ABANDONED-FAILURE TO RESPOND OR LATE RESPONSE,Dead/Abandoned,False,"009,025",False
43,NEAR_1_SUBSTITUTION,1,77610462,3794158,REVOLUTION,2008-11-08,710,revolution,CANCELLED - SECTION 8,Dead/Cancelled,False,,False
43,NEAR_1_SUBSTITUTION,1,77594227,,REVOLUTION,2008-10-16,602,revolution,ABANDONED-FAILURE TO RESPOND OR LATE RESPONSE,Dead/Abandoned,False,003,True
43,NEAR_1_SUBSTITUTION,1,77593187,3690488,REVOLUTION,2008-10-15,710,revolution,CANCELLED - SECTION 8,Dead/Cancelled,False,,False
43,NEAR_1_SUBSTITUTION,1,77592401,,REVOLUTION,2008-10-14,605,revolution,ABANDONED EXPRESS AFTER PUB,Dead/Abandoned,False,,False
43,NEAR_1_SUBSTITUTION,1,77565349,,REVOLUTION,2008-09-09,602,revolution,ABANDONED-FAILURE TO RESPOND OR LATE RESPONSE,Dead/Abandoned,False,009,False
43,NEAR_1_SUBSTITUTION,1,77565513,3605846,REVOLUTION,2008-09-09,710,revolution,CANCELLED - SECTION 8,Dead/Cancelled,False,,False
43,NEAR_1_SUBSTITUTION,1,77553095,,REVOLUTION,2008-08-21,602,revolution,ABANDONED-FAILURE TO RESPOND OR LATE RESPONSE,Dead/Abandoned,False,021,True
43,NEAR_1_SUBSTITUTION,1,77538233,,REVOLUTION,2008-08-04,602,revolution,ABANDONED-FAILURE TO RESPOND OR LATE RESPONSE,Dead/Abandoned,False,045,False
43,NEAR_1_SUBSTITUTION,1,77496796,,REVOLUTION,2008-06-11,602,revolution,ABANDONED-FAILURE TO RESPOND OR LATE RESPONSE,Dead/Abandoned,False,012,False
43,NEAR_1_SUBSTITUTION,1,77480775,,R-EVOLUTION,2008-05-21,602,revolution,ABANDONED-FAILURE TO RESPOND OR LATE RESPONSE,Dead/Abandoned,False,041,False
43,NEAR_1_SUBSTITUTION,1,77440847,3908373,REVOLUTION,2008-04-05,710,revolution,CANCELLED - SECTION 8,Dead/Cancelled,False,,False
43,NEAR_1_SUBSTITUTION,1,76688322,3718924,REVOLUTION,2008-04-03,710,revolution,CANCELLED - SECTION 8,Dead/Cancelled,False,,False
43,NEAR_1_SUBSTITUTION,1,79052516,3673133,REVOLUTION,2008-04-02,404,revolution,IR CANCELLED; US REGISTRATION CANCELLED,Dead/Cancelled,False,,False
43,NEAR_1_SUBSTITUTION,1,77391744,,REVOLUTION,2008-02-07,602,revolution,ABANDONED-FAILURE TO RESPOND OR LATE RESPONSE,Dead/Abandoned,False,"025,028,035,040",True
43,NEAR_1_SUBSTITUTION,1,77376687,,REVOLUTION,2008-01-21,602,revolution,ABANDONED-FAILURE TO RESPOND OR LATE RESPONSE,Dead/Abandoned,False,009,False
43,NEAR_1_SUBSTITUTION,1,77373719,,REVOLUTION,2008-01-16,606,revolution,ABANDONED - NO STATEMENT OF USE FILED,Dead/Abandoned,False,025,False
43,NEAR_1_SUBSTITUTION,1,77341232,,REVOLUTION,2007-11-30,606,revolution,ABANDONED - NO STATEMENT OF USE FILED,Dead/Abandoned,False,012,False
43,NEAR_1_SUBSTITUTION,1,77313641,3683719,REVOLUTION,2007-10-25,710,revolution,CANCELLED - SECTION 8,Dead/Cancelled,False,,False
43,NEAR_1_SUBSTITUTION,1,77285981,3523347,REVOLUTION,2007-09-21,713,revolution,CANCELLED - SECTION 18,Dead/Cancelled,False,,False
43,NEAR_1_SUBSTITUTION,1,77254655,,REVOLUTION,2007-08-14,605,revolution,ABANDONED EXPRESS AFTER PUB,Dead/Abandoned,False,,False
43,NEAR_1_SUBSTITUTION,1,77251326,,REVOLUTION,2007-08-09,602,revolution,ABANDONED-FAILURE TO RESPOND OR LATE RESPONSE,Dead/Abandoned,False,010,True
43,NEAR_1_SUBSTITUTION,1,77119010,3447581,REVOLUTION,2007-02-28,710,revolution,CANCELLED - SECTION 8,Dead/Cancelled,False,,False
43,NEAR_1_SUBSTITUTION,1,77116818,,REVOLUTION,2007-02-27,602,revolution,ABANDONED-FAILURE TO RESPOND OR LATE RESPONSE,Dead/Abandoned,False,028,False
43,NEAR_1_SUBSTITUTION,1,77074581,,REVOLUTION,2007-01-02,606,revolution,ABANDONED - NO STATEMENT OF USE FILED,Dead/Abandoned,False,007,False
43,NEAR_1_SUBSTITUTION,1,77065147,3441495,REVOLUTION,2006-12-15,710,revolution,CANCELLED - SECTION 8,Dead/Cancelled,False,,False
43,NEAR_1_SUBSTITUTION,1,78963413,,REVOLUTION,2006-08-30,602,revolution,ABANDONED-FAILURE TO RESPOND OR LATE RESPONSE,Dead/Abandoned,False,028,False
43,NEAR_1_SUBSTITUTION,1,78938558,3559138,REVOLUTION,2006-07-27,710,revolution,CANCELLED - SECTION 8,Dead/Cancelled,False,,False
43,NEAR_1_SUBSTITUTION,1,78929063,3318073,REVOLUTION,2006-07-13,710,revolution,CANCELLED - SECTION 8,Dead/Cancelled,False,,False
43,NEAR_1_SUBSTITUTION,1,78905060,,REVOLUTION,2006-06-09,602,revolution,ABANDONED-FAILURE TO RESPOND OR LATE RESPONSE,Dead/Abandoned,False,"009,035,036,038",True
43,NEAR_1_SUBSTITUTION,1,78898862,,REVOLUTION,2006-06-02,605,revolution,ABANDONED EXPRESS AFTER PUB,Dead/Abandoned,False,,False
43,NEAR_1_INSERTION,1,78886405,3222525,RESOLUTION-T,2006-05-18,710,resolutiont,CANCELLED - SECTION 8,Dead/Cancelled,False,,False
43,NEAR_1_SUBSTITUTION,1,78884175,,REVOLUTION,2006-05-16,606,revolution,ABANDONED - NO STATEMENT OF USE FILED,Dead/Abandoned,False,007,False
43,NEAR_1_SUBSTITUTION,1,76659715,3241110,REVOLUTION,2006-05-08,710,revolution,CANCELLED - SECTION 8,Dead/Cancelled,False,,False
43,NEAR_1_SUBSTITUTION,1,78846906,3205764,REVOLUTION,2006-03-27,710,revolution,CANCELLED - SECTION 8,Dead/Cancelled,False,,False
43,NEAR_1_SUBSTITUTION,1,78822631,,R://EVOLUTION,2006-02-24,602,revolution,ABANDONED-FAILURE TO RESPOND OR LATE RESPONSE,Dead/Abandoned,False,042,False
43,NEAR_1_SUBSTITUTION,1,78798089,3189272,REVOLUTION,2006-01-24,710,revolution,CANCELLED - SECTION 8,Dead/Cancelled,False,,False
43,NEAR_1_SUBSTITUTION,1,78794413,,(R)EVOLUTION,2006-01-19,602,revolution,ABANDONED-FAILURE TO RESPOND OR LATE RESPONSE,Dead/Abandoned,False,041,False
43,NEAR_1_SUBSTITUTION,1,78747629,3326801,REVOLUTION,2005-11-04,710,revolution,CANCELLED - SECTION 8,Dead/Cancelled,False,,False
43,NEAR_1_SUBSTITUTION,1,78745406,,REVOLUTION,2005-11-02,606,revolution,ABANDONED - NO STATEMENT OF USE FILED,Dead/Abandoned,False,016,False
43,NEAR_1_SUBSTITUTION,1,78742014,,REVOLUTION,2005-10-27,602,revolution,ABANDONED-FAILURE TO RESPOND OR LATE RESPONSE,Dead/Abandoned,False,015,False
43,NEAR_1_SUBSTITUTION,1,78724909,,REVOLUTION,2005-10-03,601,revolution,ABANDONED - EXPRESS,Dead/Abandoned,False,019,False
43,NEAR_1_SUBSTITUTION,1,78725036,3525752,REVOLUTION,2005-10-03,710,revolution,CANCELLED - SECTION 8,Dead/Cancelled,False,,False
43,NEAR_1_SUBSTITUTION,1,78703697,3499101,REVOLUTION,2005-08-30,710,revolution,CANCELLED - SECTION 8,Dead/Cancelled,False,,False
43,NEAR_1_SUBSTITUTION,1,78695741,,REVOLUTION,2005-08-18,606,revolution,ABANDONED - NO STATEMENT OF USE FILED,Dead/Abandoned,False,010,True
43,NEAR_1_SUBSTITUTION,1,78648883,3473708,REVOLUTION,2005-06-12,710,revolution,CANCELLED - SECTION 8,Dead/Cancelled,False,,False
43,NEAR_1_SUBSTITUTION,1,78648287,3202890,REVOLUTION,2005-06-10,710,revolution,CANCELLED - SECTION 8,Dead/Cancelled,False,,False
43,NEAR_1_SUBSTITUTION,1,78618445,3231073,REVOLUTION,2005-04-27,710,revolution,CANCELLED - SECTION 8,Dead/Cancelled,False,,False
43,NEAR_1_SUBSTITUTION,1,78618479,3147909,REVOLUTION,2005-04-27,710,revolution,CANCELLED - SECTION 8,Dead/Cancelled,False,,False
43,NEAR_1_SUBSTITUTION,1,78608516,,REVOLUTION,2005-04-14,602,revolution,ABANDONED-FAILURE TO RESPOND OR LATE RESPONSE,Dead/Abandoned,False,010,True
43,NEAR_1_SUBSTITUTION,1,78603351,,REVOLUTION,2005-04-06,606,revolution,ABANDONED - NO STATEMENT OF USE FILED,Dead/Abandoned,False,035,True
43,NEAR_1_SUBSTITUTION,1,78587838,,REVOLUTION,2005-03-15,606,revolution,ABANDONED - NO STATEMENT OF USE FILED,Dead/Abandoned,False,011,False
43,NEAR_1_SUBSTITUTION,1,78980798,3559202,REVOLUTION,2005-03-15,710,revolution,CANCELLED - SECTION 8,Dead/Cancelled,False,,False
43,NEAR_1_SUBSTITUTION,1,78556180,,REVOLUTION,2005-01-28,606,revolution,ABANDONED - NO STATEMENT OF USE FILED,Dead/Abandoned,False,036,False
43,NEAR_1_SUBSTITUTION,1,78556212,,REVOLUTION,2005-01-28,606,revolution,ABANDONED - NO STATEMENT OF USE FILED,Dead/Abandoned,False,039,False
43,NEAR_1_SUBSTITUTION,1,78556235,,REVOLUTION,2005-01-28,606,revolution,ABANDONED - NO STATEMENT OF USE FILED,Dead/Abandoned,False,"038,041",False
43,NEAR_1_SUBSTITUTION,1,78532268,,REVOLUTION,2004-12-14,602,revolution,ABANDONED-FAILURE TO RESPOND OR LATE RESPONSE,Dead/Abandoned,False,"008,011",False
43,NEAR_1_SUBSTITUTION,1,78512746,3065459,REZOLUTION,2004-11-07,710,rezolution,CANCELLED - SECTION 8,Dead/Cancelled,False,,False
43,NEAR_1_SUBSTITUTION,1,78496059,,REVOLUTION,2004-10-07,606,revolution,ABANDONED - NO STATEMENT OF USE FILED,Dead/Abandoned,False,009,False
43,NEAR_1_SUBSTITUTION,1,78493278,,REVOLUTION,2004-10-01,602,revolution,ABANDONED-FAILURE TO RESPOND OR LATE RESPONSE,Dead/Abandoned,False,041,False
43,NEAR_1_SUBSTITUTION,1,78490732,,REVOLUTION,2004-09-28,602,revolution,ABANDONED-FAILURE TO RESPOND OR LATE RESPONSE,Dead/Abandoned,False,031,False
43,NEAR_1_SUBSTITUTION,1,76613228,3014730,REVOLUTION,2004-09-22,710,revolution,CANCELLED - SECTION 8,Dead/Cancelled,False,,False
43,NEAR_1_SUBSTITUTION,1,78457814,3600110,REVOLUTION,2004-07-28,710,revolution,CANCELLED - SECTION 8,Dead/Cancelled,False,,False
43,NEAR_1_SUBSTITUTION,1,76601128,,REVOLUTION,2004-07-06,606,revolution,ABANDONED - NO STATEMENT OF USE FILED,Dead/Abandoned,False,"009,011",False
43,NEAR_1_SUBSTITUTION,1,78442384,3137888,RE-VOLUTION,2004-06-28,710,revolution,CANCELLED - SECTION 8,Dead/Cancelled,False,,False
43,NEAR_1_SUBSTITUTION,1,78438478,2970672,REVOLUTION,2004-06-21,710,revolution,CANCELLED - SECTION 8,Dead/Cancelled,False,,False
43,NEAR_1_INSERTION,1,78438002,,RESOLUTIONS,2004-06-18,602,resolutions,ABANDONED-FAILURE TO RESPOND OR LATE RESPONSE,Dead/Abandoned,False,"029,030,031,032",False
43,NEAR_1_SUBSTITUTION,1,78409568,3027043,REVOLUTION,2004-04-28,710,revolution,CANCELLED - SECTION 8,Dead/Cancelled,False,,False
43,NEAR_1_SUBSTITUTION,1,78382543,2982219,REVOLUTION,2004-03-11,710,revolution,CANCELLED - SECTION 8,Dead/Cancelled,False,,False
43,NEAR_1_INSERTION,1,78380822,2984218,RE:SOLUTIONS,2004-03-09,710,resolutions,CANCELLED - SECTION 8,Dead/Cancelled,False,,False
43,NEAR_1_SUBSTITUTION,1,76578438,,REVOLUTION,2004-02-26,606,revolution,ABANDONED - NO STATEMENT OF USE FILED,Dead/Abandoned,False,"007,009,012",False
43,NEAR_1_SUBSTITUTION,1,78353557,2987334,REVOLUTION,2004-01-19,710,revolution,CANCELLED - SECTION 8,Dead/Cancelled,False,,False
43,NEAR_1_SUBSTITUTION,1,78352804,2932999,REVOLUTION,2004-01-16,710,revolution,CANCELLED - SECTION 8,Dead/Cancelled,False,,False
43,NEAR_1_SUBSTITUTION,1,78342961,,REVOLUTION,2003-12-18,601,revolution,ABANDONED - EXPRESS,Dead/Abandoned,False,016,False
43,NEAR_1_SUBSTITUTION,1,78332765,,REVOLUTION,2003-11-25,602,revolution,ABANDONED-FAILURE TO RESPOND OR LATE RESPONSE,Dead/Abandoned,False,028,False
43,NEAR_1_SUBSTITUTION,1,78323140,,REVOLUTION,2003-11-04,602,revolution,ABANDONED-FAILURE TO RESPOND OR LATE RESPONSE,Dead/Abandoned,False,003,True
43,NEAR_1_SUBSTITUTION,1,76531883,,REVOLUTION,2003-07-24,606,revolution,ABANDONED - NO STATEMENT OF USE FILED,Dead/Abandoned,False,011,False
43,NEAR_1_SUBSTITUTION,1,78272594,,REVOLUTION,2003-07-10,602,revolution,ABANDONED-FAILURE TO RESPOND OR LATE RESPONSE,Dead/Abandoned,False,025,False
43,NEAR_1_INSERTION,1,78270467,3280388,RESOLUTIONS,2003-07-03,710,resolutions,CANCELLED - SECTION 8,Dead/Cancelled,False,,False
43,NEAR_1_INSERTION,1,78270504,,RESOLUTIONS,2003-07-03,606,resolutions,ABANDONED - NO STATEMENT OF USE FILED,Dead/Abandoned,False,"014,018",False
43,NEAR_1_SUBSTITUTION,1,78263520,3051526,REVOLUTION,2003-06-17,710,revolution,CANCELLED - SECTION 8,Dead/Cancelled,False,,False
43,NEAR_1_SUBSTITUTION,1,76523053,2894660,REVOLUTION,2003-06-09,710,revolution,CANCELLED - SECTION 8,Dead/Cancelled,False,,False
43,NEAR_1_SUBSTITUTION,1,76524713,2949183,REVOLUTION,2003-06-09,710,revolution,CANCELLED - SECTION 8,Dead/Cancelled,False,,False
43,NEAR_1_SUBSTITUTION,1,76517497,,REVOLUTION,2003-05-05,606,revolution,ABANDONED - NO STATEMENT OF USE FILED,Dead/Abandoned,False,043,False
43,NEAR_1_SUBSTITUTION,1,76503968,,REVOLUTION,2003-04-04,606,revolution,ABANDONED - NO STATEMENT OF USE FILED,Dead/Abandoned,False,010,True
43,NEAR_1_SUBSTITUTION,1,78188998,,REVOLUTION,2002-11-26,606,revolution,ABANDONED - NO STATEMENT OF USE FILED,Dead/Abandoned,False,007,False
43,NEAR_1_SUBSTITUTION,1,76469372,2888315,RISOLUTION,2002-11-22,710,risolution,CANCELLED - SECTION 8,Dead/Cancelled,False,,False
43,NEAR_1_SUBSTITUTION,1,76459021,2801238,REVOLUTION,2002-10-09,710,revolution,CANCELLED - SECTION 8,Dead/Cancelled,False,,False
43,NEAR_1_SUBSTITUTION,1,76443810,2721285,REVOLUTION,2002-08-26,710,revolution,CANCELLED - SECTION 8,Dead/Cancelled,False,,False
43,NEAR_1_SUBSTITUTION,1,76439091,,REVOLUTION,2002-08-09,601,revolution,ABANDONED - EXPRESS,Dead/Abandoned,False,028,False
43,NEAR_1_SUBSTITUTION,1,76431921,2715631,REVOLUTION,2002-07-16,710,revolution,CANCELLED - SECTION 8,Dead/Cancelled,False,,False
43,NEAR_1_SUBSTITUTION,1,76419817,2763717,REVOLUTION,2002-06-12,710,revolution,CANCELLED - SECTION 8,Dead/Cancelled,False,,False
43,NEAR_1_SUBSTITUTION,1,76418442,2783800,REVOLUTION,2002-06-07,710,revolution,CANCELLED - SECTION 8,Dead/Cancelled,False,,False
43,NEAR_1_INSERTION,1,78117572,,RE/SOLUTIONS,2002-03-26,606,resolutions,ABANDONED - NO STATEMENT OF USE FILED,Dead/Abandoned,False,042,False
43,NEAR_1_SUBSTITUTION,1,78094307,3074152,REVOLUTION,2001-11-20,710,revolution,CANCELLED - SECTION 8,Dead/Cancelled,False,,False
43,NEAR_1_SUBSTITUTION,1,78082022,,REVOLUTION,2001-08-31,602,revolution,ABANDONED-FAILURE TO RESPOND OR LATE RESPONSE,Dead/Abandoned,False,010,True
43,NEAR_1_SUBSTITUTION,1,76296396,,REVOLUTION,2001-08-08,603,revolution,ABANDONED - AFTER EX PARTE APPEAL,Dead/Abandoned,False,028,False
43,NEAR_1_SUBSTITUTION,1,76290788,,REVOLUTION,2001-07-26,602,revolution,ABANDONED-FAILURE TO RESPOND OR LATE RESPONSE,Dead/Abandoned,False,034,False
43,NEAR_1_SUBSTITUTION,1,76285520,,REVOLUTION,2001-07-16,606,revolution,ABANDONED - NO STATEMENT OF USE FILED,Dead/Abandoned,False,007,False
43,NEAR_1_SUBSTITUTION,1,76285095,,REZOLUTION,2001-07-13,602,rezolution,ABANDONED-FAILURE TO RESPOND OR LATE RESPONSE,Dead/Abandoned,False,"009,039",False
43,NEAR_1_SUBSTITUTION,1,78072554,,REVOLÜTION,2001-07-06,602,revolution,ABANDONED-FAILURE TO RESPOND OR LATE RESPONSE,Dead/Abandoned,False,041,False
43,NEAR_1_INSERTION,1,76280644,2538232,RE:SOLUTIONS,2001-07-05,710,resolutions,CANCELLED - SECTION 8,Dead/Cancelled,False,,False
43,NEAR_1_SUBSTITUTION,1,76252332,,REVOLUTION,2001-05-04,601,revolution,ABANDONED - EXPRESS,Dead/Abandoned,False,"009,016,028",False
43,NEAR_1_SUBSTITUTION,1,76205566,2751766,REVOLUTION,2001-02-05,710,revolution,CANCELLED - SECTION 8,Dead/Cancelled,False,,False
43,NEAR_1_SUBSTITUTION,1,78038206,,REVOLUTION,2000-12-07,606,revolution,ABANDONED - NO STATEMENT OF USE FILED,Dead/Abandoned,False,"035,036",True
43,NEAR_1_SUBSTITUTION,1,76176323,2627463,REVOLUTION,2000-12-06,713,revolution,CANCELLED - SECTION 18,Dead/Cancelled,False,,False
43,NEAR_1_SUBSTITUTION,1,76168323,2602507,REVOLUTION,2000-11-20,900,revolution,EXPIRED,Dead/Expired,False,,False
43,NEAR_1_SUBSTITUTION,1,76087476,2546349,REVOLUTION,2000-07-13,710,revolution,CANCELLED - SECTION 8,Dead/Cancelled,False,,False
43,NEAR_1_SUBSTITUTION,1,76053562,2457255,REVOLUTION,2000-05-22,710,revolution,CANCELLED - SECTION 8,Dead/Cancelled,False,,False
43,NEAR_1_SUBSTITUTION,1,76048426,2441140,REVOLUTION,2000-05-15,710,revolution,CANCELLED - SECTION 8,Dead/Cancelled,False,,False
43,NEAR_1_SUBSTITUTION,1,76041597,2773852,REVOLUTION,2000-05-05,710,revolution,CANCELLED - SECTION 8,Dead/Cancelled,False,,False
43,NEAR_1_SUBSTITUTION,1,76022538,,REVOLUTION,2000-04-11,606,revolution,ABANDONED - NO STATEMENT OF USE FILED,Dead/Abandoned,False,"006,020",False
43,NEAR_1_SUBSTITUTION,1,76021692,2486323,REVOLUTION,2000-04-10,710,revolution,CANCELLED - SECTION 8,Dead/Cancelled,False,,False
43,NEAR_1_DELETION,1,78001714,,E-SOLUTION,2000-03-29,602,esolution,ABANDONED-FAILURE TO RESPOND OR LATE RESPONSE,Dead/Abandoned,False,042,False
43,NEAR_1_SUBSTITUTION,1,76005251,2421576,REVOLUTION,2000-03-20,710,revolution,CANCELLED - SECTION 8,Dead/Cancelled,False,,False
43,NEAR_1_SUBSTITUTION,1,75915236,2729603,REVOLUTION,2000-02-01,710,revolution,CANCELLED - SECTION 8,Dead/Cancelled,False,,False
43,NEAR_1_INSERTION,1,75894603,,ERESOLUTION,2000-01-11,602,eresolution,ABANDONED-FAILURE TO RESPOND OR LATE RESPONSE,Dead/Abandoned,False,042,False
43,NEAR_1_SUBSTITUTION,1,75831002,2737164,REVOLUTION,1999-10-25,710,revolution,CANCELLED - SECTION 8,Dead/Cancelled,False,,False
43,NEAR_1_SUBSTITUTION,1,75819358,,REVOLUTION,1999-10-12,606,revolution,ABANDONED - NO STATEMENT OF USE FILED,Dead/Abandoned,False,007,False
43,NEAR_1_INSERTION,1,75816294,2531212,RHESOLUTION,1999-10-06,710,rhesolution,CANCELLED - SECTION 8,Dead/Cancelled,False,,False
43,NEAR_1_SUBSTITUTION,1,75812052,,REVOLUTION,1999-09-29,606,revolution,ABANDONED - NO STATEMENT OF USE FILED,Dead/Abandoned,False,016,False
43,NEAR_1_SUBSTITUTION,1,75785539,,(R) EVOLUTION,1999-09-23,602,revolution,ABANDONED-FAILURE TO RESPOND OR LATE RESPONSE,Dead/Abandoned,False,042,False
43,NEAR_1_SUBSTITUTION,1,75798607,,REVOLUTION,1999-09-14,606,revolution,ABANDONED - NO STATEMENT OF USE FILED,Dead/Abandoned,False,020,False
43,NEAR_1_INSERTION,1,75799323,2433114,RESSOLUTION,1999-09-10,710,ressolution,CANCELLED - SECTION 8,Dead/Cancelled,False,,False
43,NEAR_1_SUBSTITUTION,1,75742378,,REVOLUTION,1999-07-02,606,revolution,ABANDONED - NO STATEMENT OF USE FILED,Dead/Abandoned,False,003,True
43,NEAR_1_SUBSTITUTION,1,75700660,2622654,REVOLUTION,1999-05-07,710,revolution,CANCELLED - SECTION 8,Dead/Cancelled,False,,False
43,NEAR_1_INSERTION,1,75676357,,RESSOLUTION,1999-04-07,606,ressolution,ABANDONED - NO STATEMENT OF USE FILED,Dead/Abandoned,False,009,False
43,NEAR_1_SUBSTITUTION,1,75654055,2633782,R: \EVOLUTION,1999-03-08,710,revolution,CANCELLED - SECTION 8,Dead/Cancelled,False,,False
43,NEAR_1_SUBSTITUTION,1,75620183,2388624,REVOLUTION,1999-01-13,710,revolution,CANCELLED - SECTION 8,Dead/Cancelled,False,,False
43,NEAR_1_SUBSTITUTION,1,75613182,,REVOLUTION,1998-12-29,606,revolution,ABANDONED - NO STATEMENT OF USE FILED,Dead/Abandoned,False,037,False
43,NEAR_1_SUBSTITUTION,1,75601068,,REVOLUTION,1998-12-07,606,revolution,ABANDONED - NO STATEMENT OF USE FILED,Dead/Abandoned,False,"009,016,028,041",False
43,NEAR_1_SUBSTITUTION,1,75595918,,REVOLUTION,1998-11-23,606,revolution,ABANDONED - NO STATEMENT OF USE FILED,Dead/Abandoned,False,010,True
43,NEAR_1_SUBSTITUTION,1,75593018,,REVOLUTION,1998-11-20,602,revolution,ABANDONED-FAILURE TO RESPOND OR LATE RESPONSE,Dead/Abandoned,False,009,False
43,NEAR_1_SUBSTITUTION,1,75979686,,REVOLUTION,1998-10-26,602,revolution,ABANDONED-FAILURE TO RESPOND OR LATE RESPONSE,Dead/Abandoned,False,025,False
43,NEAR_1_SUBSTITUTION,1,75570082,,REVOLUTION,1998-10-07,602,revolution,ABANDONED-FAILURE TO RESPOND OR LATE RESPONSE,Dead/Abandoned,False,015,False
43,NEAR_1_SUBSTITUTION,1,75542676,,REVOLUTION,1998-08-25,602,revolution,ABANDONED-FAILURE TO RESPOND OR LATE RESPONSE,Dead/Abandoned,False,009,False
43,NEAR_1_INSERTION,1,75510741,2416776,RESOLUTIONS,1998-06-30,710,resolutions,CANCELLED - SECTION 8,Dead/Cancelled,False,,False
43,NEAR_1_SUBSTITUTION,1,75503847,,REVOLUTION,1998-06-17,602,revolution,ABANDONED-FAILURE TO RESPOND OR LATE RESPONSE,Dead/Abandoned,False,025,False
43,NEAR_1_SUBSTITUTION,1,75503867,2559187,REVOLUTION,1998-06-17,710,revolution,CANCELLED - SECTION 8,Dead/Cancelled,False,,False
43,NEAR_1_INSERTION,1,75504131,2272059,REVSOLUTION,1998-06-17,710,revsolution,CANCELLED - SECTION 8,Dead/Cancelled,False,,False
43,NEAR_1_SUBSTITUTION,1,75487462,,REVOLUTION,1998-05-18,602,revolution,ABANDONED-FAILURE TO RESPOND OR LATE RESPONSE,Dead/Abandoned,False,028,False
43,NEAR_1_SUBSTITUTION,1,75483620,,RXSOLUTION,1998-05-12,606,rxsolution,ABANDONED - NO STATEMENT OF USE FILED,Dead/Abandoned,False,005,True
43,NEAR_1_SUBSTITUTION,1,75483621,,RXSOLUTION,1998-05-12,606,rxsolution,ABANDONED - NO STATEMENT OF USE FILED,Dead/Abandoned,False,005,True
43,NEAR_1_SUBSTITUTION,1,75481510,,REVOLUTION,1998-05-08,602,revolution,ABANDONED-FAILURE TO RESPOND OR LATE RESPONSE,Dead/Abandoned,False,012,False
43,NEAR_1_SUBSTITUTION,1,75457330,2278516,REVOLUTION,1998-03-26,710,revolution,CANCELLED - SECTION 8,Dead/Cancelled,False,,False
43,NEAR_1_INSERTION,1,75387234,,RESOLUTIONS,1997-11-10,602,resolutions,ABANDONED-FAILURE TO RESPOND OR LATE RESPONSE,Dead/Abandoned,False,,False
43,NEAR_1_SUBSTITUTION,1,75359667,,REVOLUTION,1997-09-19,602,revolution,ABANDONED-FAILURE TO RESPOND OR LATE RESPONSE,Dead/Abandoned,False,,False
43,NEAR_1_SUBSTITUTION,1,75335973,,REVOLUTION,1997-08-05,602,revolution,ABANDONED-FAILURE TO RESPOND OR LATE RESPONSE,Dead/Abandoned,False,,False
43,NEAR_1_SUBSTITUTION,1,75327571,2235294,REVOLUTION,1997-07-21,710,revolution,CANCELLED - SECTION 8,Dead/Cancelled,False,,False
43,NEAR_1_SUBSTITUTION,1,75308476,2251847,REVOLUTION,1997-06-13,710,revolution,CANCELLED - SECTION 8,Dead/Cancelled,False,,False
43,NEAR_1_INSERTION,1,75251432,,RESOLUTIONS,1997-03-04,606,resolutions,ABANDONED - NO STATEMENT OF USE FILED,Dead/Abandoned,False,,False
43,NEAR_1_SUBSTITUTION,1,75248023,2169217,REVOLUTION,1997-02-26,710,revolution,CANCELLED - SECTION 8,Dead/Cancelled,False,,False
43,NEAR_1_SUBSTITUTION,1,75212661,,REVOLUTION,1996-12-12,602,revolution,ABANDONED-FAILURE TO RESPOND OR LATE RESPONSE,Dead/Abandoned,False,,False
43,NEAR_1_SUBSTITUTION,1,75200274,2177464,REVOLUTION,1996-11-19,710,revolution,CANCELLED - SECTION 8,Dead/Cancelled,False,,False
43,NEAR_1_SUBSTITUTION,1,75187441,,REVOLUTION,1996-10-25,606,revolution,ABANDONED - NO STATEMENT OF USE FILED,Dead/Abandoned,False,009,False
43,NEAR_1_SUBSTITUTION,1,75177678,2160006,REVOLUTION,1996-10-07,710,revolution,CANCELLED - SECTION 8,Dead/Cancelled,False,,False
43,NEAR_1_SUBSTITUTION,1,75170745,,REVOLUTION,1996-09-24,602,revolution,ABANDONED-FAILURE TO RESPOND OR LATE RESPONSE,Dead/Abandoned,False,028,False
43,NEAR_1_SUBSTITUTION,1,75168040,2241797,REVOLUTION,1996-09-18,710,revolution,CANCELLED - SECTION 8,Dead/Cancelled,False,,False
43,NEAR_1_SUBSTITUTION,1,75108287,,REVOLUTION,1996-05-22,606,revolution,ABANDONED - NO STATEMENT OF USE FILED,Dead/Abandoned,False,,False
43,NEAR_1_SUBSTITUTION,1,75100517,2424284,REVOLUTION,1996-05-08,710,revolution,CANCELLED - SECTION 8,Dead/Cancelled,False,,False
43,NEAR_1_SUBSTITUTION,1,75062329,,REVOLUTION,1996-02-23,606,revolution,ABANDONED - NO STATEMENT OF USE FILED,Dead/Abandoned,False,,False
43,NEAR_1_SUBSTITUTION,1,75058380,2118362,REVOLUTION,1996-02-15,710,revolution,CANCELLED - SECTION 8,Dead/Cancelled,False,,False
43,NEAR_1_SUBSTITUTION,1,75053761,,REVOLUTION,1996-02-05,602,revolution,ABANDONED-FAILURE TO RESPOND OR LATE RESPONSE,Dead/Abandoned,False,,False
43,NEAR_1_SUBSTITUTION,1,75042264,,REVOLUTION,1996-01-11,602,revolution,ABANDONED-FAILURE TO RESPOND OR LATE RESPONSE,Dead/Abandoned,False,,False
43,NEAR_1_SUBSTITUTION,1,75036179,2530035,REVOLUTION,1995-12-22,710,revolution,CANCELLED - SECTION 8,Dead/Cancelled,False,,False
43,NEAR_1_SUBSTITUTION,1,75007712,,REVOLUTION,1995-10-19,606,revolution,ABANDONED - NO STATEMENT OF USE FILED,Dead/Abandoned,False,,False
43,NEAR_1_SUBSTITUTION,1,74727488,,REVOLUTION,1995-09-11,602,revolution,ABANDONED-FAILURE TO RESPOND OR LATE RESPONSE,Dead/Abandoned,False,,False
43,NEAR_1_SUBSTITUTION,1,74704245,2007938,REVOLUTION,1995-07-21,710,revolution,CANCELLED - SECTION 8,Dead/Cancelled,False,,False
43,NEAR_1_SUBSTITUTION,1,74696800,2053431,REVOLUTION,1995-07-03,710,revolution,CANCELLED - SECTION 8,Dead/Cancelled,False,,False
43,NEAR_1_SUBSTITUTION,1,74688676,2184350,REVOLUTION,1995-06-14,710,revolution,CANCELLED - SECTION 8,Dead/Cancelled,False,,False
43,NEAR_1_SUBSTITUTION,1,74644553,2011081,REVOLUTION,1995-03-10,710,revolution,CANCELLED - SECTION 8,Dead/Cancelled,False,,False
43,NEAR_1_SUBSTITUTION,1,74640998,,REVOLUTION,1995-03-02,606,revolution,ABANDONED - NO STATEMENT OF USE FILED,Dead/Abandoned,False,,False
43,NEAR_1_SUBSTITUTION,1,74620855,,REVOLUTION,1995-01-13,602,revolution,ABANDONED-FAILURE TO RESPOND OR LATE RESPONSE,Dead/Abandoned,False,,False
43,NEAR_1_SUBSTITUTION,1,74539562,1995978,REVOLUTION,1994-06-20,710,revolution,CANCELLED - SECTION 8,Dead/Cancelled,False,,False
43,NEAR_1_SUBSTITUTION,1,74513170,,REVOLUTION,1994-04-18,602,revolution,ABANDONED-FAILURE TO RESPOND OR LATE RESPONSE,Dead/Abandoned,False,,False
43,NEAR_1_SUBSTITUTION,1,74496673,1915811,REVOLUTION,1994-03-04,710,revolution,CANCELLED - SECTION 8,Dead/Cancelled,False,,False
43,NEAR_1_SUBSTITUTION,1,74485465,,REVOLUTION,1994-02-02,602,revolution,ABANDONED-FAILURE TO RESPOND OR LATE RESPONSE,Dead/Abandoned,False,,False
43,NEAR_1_SUBSTITUTION,1,74485632,1880630,REVOLUTION,1994-02-02,710,revolution,CANCELLED - SECTION 8,Dead/Cancelled,False,,False
43,NEAR_1_SUBSTITUTION,1,74485633,1876668,REVOLUTION,1994-02-02,710,revolution,CANCELLED - SECTION 8,Dead/Cancelled,False,,False
43,NEAR_1_SUBSTITUTION,1,74458091,1853884,REVOLUTION,1993-11-15,710,revolution,CANCELLED - SECTION 8,Dead/Cancelled,False,,False
43,NEAR_1_SUBSTITUTION,1,74376334,2003336,REVOLUTION,1993-04-06,710,revolution,CANCELLED - SECTION 8,Dead/Cancelled,False,,False
43,NEAR_1_SUBSTITUTION,1,74356804,,REVOLUTION,1993-02-08,606,revolution,ABANDONED - NO STATEMENT OF USE FILED,Dead/Abandoned,False,,False
43,NEAR_1_SUBSTITUTION,1,74342670,1822957,REVOLUTION,1992-12-23,710,revolution,CANCELLED - SECTION 8,Dead/Cancelled,False,,False
43,NEAR_1_SUBSTITUTION,1,74288708,,REVOLUTION,1992-06-24,602,revolution,ABANDONED-FAILURE TO RESPOND OR LATE RESPONSE,Dead/Abandoned,False,,False
43,NEAR_1_SUBSTITUTION,1,74286883,1752604,REVOLUTION,1992-06-22,710,revolution,CANCELLED - SECTION 8,Dead/Cancelled,False,,False
43,NEAR_1_INSERTION,1,74262656,1738511,RESOLUTIONS,1992-04-06,710,resolutions,CANCELLED - SECTION 8,Dead/Cancelled,False,,False
43,NEAR_1_SUBSTITUTION,1,74263137,1798819,REVOLUTION,1992-04-06,710,revolution,CANCELLED - SECTION 8,Dead/Cancelled,False,,False
43,NEAR_1_SUBSTITUTION,1,74257351,1748848,REVOLUTION,1992-03-20,710,revolution,CANCELLED - SECTION 8,Dead/Cancelled,False,,False
43,NEAR_1_SUBSTITUTION,1,74232430,1716468,REVOLUTION,1991-12-23,710,revolution,CANCELLED - SECTION 8,Dead/Cancelled,False,,False
43,NEAR_1_SUBSTITUTION,1,74231109,1775825,REVOLUTION,1991-12-13,710,revolution,CANCELLED - SECTION 8,Dead/Cancelled,False,,False
43,NEAR_1_SUBSTITUTION,1,74221882,1893542,REVOLUTION,1991-11-15,710,revolution,CANCELLED - SECTION 8,Dead/Cancelled,False,,False
43,NEAR_1_SUBSTITUTION,1,74183981,,REVOLUTION,1991-07-11,602,revolution,ABANDONED-FAILURE TO RESPOND OR LATE RESPONSE,Dead/Abandoned,False,,False
43,NEAR_1_SUBSTITUTION,1,74129486,1669343,REVOLUTION,1991-01-11,710,revolution,CANCELLED - SECTION 8,Dead/Cancelled,False,,False
43,NEAR_1_INSERTION,1,74074692,1663707,RE: SOLUTIONS,1990-07-02,710,resolutions,CANCELLED - SECTION 8,Dead/Cancelled,False,,False
43,NEAR_1_SUBSTITUTION,1,74068073,,REVOLUTION,1990-06-11,602,revolution,ABANDONED-FAILURE TO RESPOND OR LATE RESPONSE,Dead/Abandoned,False,,False
43,NEAR_1_SUBSTITUTION,1,73836556,1604825,REVOLUTION,1989-11-06,710,revolution,CANCELLED - SECTION 8,Dead/Cancelled,False,,False
43,NEAR_1_SUBSTITUTION,1,73833539,1599405,REVOLUTION,1989-10-24,710,revolution,CANCELLED - SECTION 8,Dead/Cancelled,False,,False
43,NEAR_1_SUBSTITUTION,1,73809695,1610555,REVOLUTION,1989-06-28,710,revolution,CANCELLED - SECTION 8,Dead/Cancelled,False,,False
43,NEAR_1_SUBSTITUTION,1,73798128,,REVOLUTION,1989-05-05,602,revolution,ABANDONED-FAILURE TO RESPOND OR LATE RESPONSE,Dead/Abandoned,False,,False
43,NEAR_1_INSERTION,1,73737280,,RESSOLUTION,1988-06-30,602,ressolution,ABANDONED-FAILURE TO RESPOND OR LATE RESPONSE,Dead/Abandoned,False,,False
43,NEAR_1_SUBSTITUTION,1,73736504,1528426,REVOLUTION,1988-06-27,710,revolution,CANCELLED - SECTION 8,Dead/Cancelled,False,,False
43,NEAR_1_SUBSTITUTION,1,73653225,1463967,REVOLUTION,1987-04-02,710,revolution,CANCELLED - SECTION 8,Dead/Cancelled,False,,False
43,NEAR_1_SUBSTITUTION,1,73595204,1477766,REVOLUTION,1986-04-25,710,revolution,CANCELLED - SECTION 8,Dead/Cancelled,False,,False
43,NEAR_1_INSERTION,1,73563366,1397619,RESOLUTIONS,1985-10-15,710,resolutions,CANCELLED - SECTION 8,Dead/Cancelled,False,,False
43,NEAR_1_SUBSTITUTION,1,73475069,1325339,REVOLUTION,1984-04-12,710,revolution,CANCELLED - SECTION 8,Dead/Cancelled,False,,False
43,NEAR_1_SUBSTITUTION,1,73425338,1281320,REVOLUTION,1983-05-10,710,revolution,CANCELLED - SECTION 8,Dead/Cancelled,False,,False
43,NEAR_1_SUBSTITUTION,1,73306239,1190363,REVOLUTION,1981-04-17,710,revolution,CANCELLED - SECTION 8,Dead/Cancelled,False,,False
43,NEAR_1_SUBSTITUTION,1,73170951,1131565,REVOLUTION,1978-05-18,710,revolution,CANCELLED - SECTION 8,Dead/Cancelled,False,,False
43,NEAR_1_SUBSTITUTION,1,73100956,1063676,REVOLUTION,1976-09-24,710,revolution,CANCELLED - SECTION 8,Dead/Cancelled,False,,False
43,NEAR_1_SUBSTITUTION,1,73055783,1060707,REVOLUTION,1975-08-27,900,revolution,EXPIRED,Dead/Expired,False,,False
43,NEAR_1_SUBSTITUTION,1,71306037,0281365,F.& E. SOLUTION,1930-09-24,900,fesolution,EXPIRED,Dead/Expired,False,,False
43,NEAR_1_SUBSTITUTION,1,87590737,,REVOLUTION,,622,revolution,MISASSIGNED SERIAL NUMBER,Indifferent,False,"003,034,035,041",True
44,EXACT,0,88575240,7202232,IN PLAIN SIGHT,2019-08-12,700,inplainsight,REGISTERED,Live/Registered,True,041,False
44,EXACT,0,88984600,6880561,IN PLAIN SIGHT,2019-08-12,700,inplainsight,REGISTERED,Live/Registered,True,043,False
44,EXACT,0,78831489,3514209,IN PLAIN SIGHT,2006-03-07,800,inplainsight,REGISTERED AND RENEWED,Live/Registered,True,041,False
44,EXACT,0,88575192,,IN PLAIN SIGHT,2019-08-12,606,inplainsight,ABANDONED - NO STATEMENT OF USE FILED,Dead/Abandoned,False,043,False
44,NEAR_1_SUBSTITUTION,1,87229297,5222858,IN PLEIN SIGHT,2016-11-08,710,inpleinsight,CANCELLED - SECTION 8,Dead/Cancelled,False,,False
45,EXACT,0,98340475,,SEE FOR YOURSELF.,2024-01-03,731,seeforyourself,SECOND EXTENSION - GRANTED,Live/Pending,True,009,False
45,EXACT,0,97364049,7226235,SEE FOR YOURSELF,2022-04-14,700,seeforyourself,REGISTERED,Live/Registered,True,009,False
45,EXACT,0,88432456,6060224,SEE FOR YOURSELF,2019-05-15,700,seeforyourself,REGISTERED,Live/Registered,True,035,True
45,EXACT,0,78514148,3482071,SEE FOR YOURSELF,2004-11-09,800,seeforyourself,REGISTERED AND RENEWED,Live/Registered,True,041,False
45,EXACT,0,98837704,,SEE FOR YOURSELF,2024-11-05,602,seeforyourself,ABANDONED-FAILURE TO RESPOND OR LATE RESPONSE,Dead/Abandoned,False,009,False
45,EXACT,0,86299308,,SEE FOR YOURSELF.,2014-06-03,602,seeforyourself,ABANDONED-FAILURE TO RESPOND OR LATE RESPONSE,Dead/Abandoned,False,"009,045",False
45,EXACT,0,85732964,4572990,SEE FOR YOURSELF,2012-09-19,710,seeforyourself,CANCELLED - SECTION 8,Dead/Cancelled,False,,False
45,EXACT,0,77869981,,SEE FOR YOURSELF.,2009-11-11,602,seeforyourself,ABANDONED-FAILURE TO RESPOND OR LATE RESPONSE,Dead/Abandoned,False,038,False
45,EXACT,0,77706823,3780245,SEE FOR YOURSELF,2009-04-03,710,seeforyourself,CANCELLED - SECTION 8,Dead/Cancelled,False,,False
45,EXACT,0,78670593,,SEE FOR YOURSELF,2005-07-14,602,seeforyourself,ABANDONED-FAILURE TO RESPOND OR LATE RESPONSE,Dead/Abandoned,False,042,False
45,EXACT,0,78253198,3019599,SEE FOR YOURSELF,2003-05-22,710,seeforyourself,CANCELLED - SECTION 8,Dead/Cancelled,False,,False
45,EXACT,0,76475792,,SEE FOR YOURSELF,2002-12-16,606,seeforyourself,ABANDONED - NO STATEMENT OF USE FILED,Dead/Abandoned,False,036,False
45,EXACT,0,76431873,,SEE FOR YOURSELF,2002-07-16,602,seeforyourself,ABANDONED-FAILURE TO RESPOND OR LATE RESPONSE,Dead/Abandoned,False,043,False
45,EXACT,0,78125270,,SEE FOR YOURSELF,2002-04-30,602,seeforyourself,ABANDONED-FAILURE TO RESPOND OR LATE RESPONSE,Dead/Abandoned,False,009,False
45,EXACT,0,78049328,,SEE FOR YOURSELF,2001-02-20,606,seeforyourself,ABANDONED - NO STATEMENT OF USE FILED,Dead/Abandoned,False,028,False
45,EXACT,0,76088814,,SEE FOR YOURSELF,2000-07-13,602,seeforyourself,ABANDONED-FAILURE TO RESPOND OR LATE RESPONSE,Dead/Abandoned,False,042,False
45,EXACT,0,75872497,,SEE FOR YOURSELF,1999-12-10,602,seeforyourself,ABANDONED-FAILURE TO RESPOND OR LATE RESPONSE,Dead/Abandoned,False,042,False
45,EXACT,0,75694472,2559395,SEE FOR YOURSELF,1999-04-29,710,seeforyourself,CANCELLED - SECTION 8,Dead/Cancelled,False,,False
45,EXACT,0,75461014,,SEE FOR YOURSELF,1998-04-02,606,seeforyourself,ABANDONED - NO STATEMENT OF USE FILED,Dead/Abandoned,False,042,False
45,EXACT,0,75162477,2219359,SEE FOR YOURSELF,1996-09-09,710,seeforyourself,CANCELLED - SECTION 8,Dead/Cancelled,False,,False
45,EXACT,0,75031683,,SEE FOR YOURSELF,1995-12-12,606,seeforyourself,ABANDONED - NO STATEMENT OF USE FILED,Dead/Abandoned,False,,False
45,EXACT,0,73497522,1330866,SEE FOR YOURSELF,1984-08-31,710,seeforyourself,CANCELLED - SECTION 8,Dead/Cancelled,False,,False
45,EXACT,0,73496026,1332051,SEE FOR YOURSELF,1984-08-22,710,seeforyourself,CANCELLED - SECTION 8,Dead/Cancelled,False,,False
45,NEAR_1_SUBSTITUTION,1,97546581,7174303,SEA FOR YOURSELF,2022-08-12,700,seaforyourself,REGISTERED,Live/Registered,True,029,False
45,NEAR_1_SUBSTITUTION,1,90522468,6602400,SEE FOU YOURSELF,2021-02-10,700,seefouyourself,REGISTERED,Live/Registered,True,035,True
45,NEAR_1_SUBSTITUTION,1,75162478,2145849,SEA FOR YOURSELF,1996-09-09,800,seaforyourself,REGISTERED AND RENEWED,Live/Registered,True,039,False
46,NEAR_1_SUBSTITUTION,1,75217746,,OMNIMAGE,1996-12-23,604,omnimage,ABANDONED - AFTER INTER-PARTES DECISION,Dead/Abandoned,False,,False
47,EXACT,0,99641559,,LINEAGE,2026-02-09,641,lineage,NON-FINAL ACTION - MAILED,Live/Pending,True,025,False
47,EXACT,0,99607839,,LINEAGE,2026-01-21,641,lineage,NON-FINAL ACTION - MAILED,Live/Pending,True,035,True
47,EXACT,0,99581540,,LINEAGE.,2026-01-07,641,lineage,NON-FINAL ACTION - MAILED,Live/Pending,True,025,False
47,EXACT,0,99353537,,LINEAGE,2025-08-23,686,lineage,PUBLISHED FOR OPPOSITION,Live/Pending,True,"009,016,021,032,041",True
47,EXACT,0,99339245,,LINEAGE,2025-08-15,688,lineage,NOTICE OF ALLOWANCE - ISSUED,Live/Pending,True,002,False
47,EXACT,0,79421391,,LINEAGE,2025-02-26,645,lineage,FINAL REFUSAL - MAILED,Live/Pending,True,"036,042",False
47,EXACT,0,98965664,8249298,LINEAGE,2025-01-15,700,lineage,REGISTERED,Live/Registered,True,005,True
47,EXACT,0,79407712,,LINEAGE,2024-09-13,645,lineage,FINAL REFUSAL - MAILED,Live/Pending,True,"036,042",False
47,EXACT,0,98422294,7610902,LINEAGE,2024-02-26,700,lineage,REGISTERED,Live/Registered,True,042,False
47,EXACT,0,79400740,7789692,LINEAGE,2024-01-23,700,lineage,REGISTERED,Live/Registered,True,"039,041",False
47,EXACT,0,98173291,7561114,LINEAGE,2023-09-11,700,lineage,REGISTERED,Live/Registered,True,012,False
47,EXACT,0,97580980,7444365,LINEAGE,2022-09-07,700,lineage,REGISTERED,Live/Registered,True,031,False
47,EXACT,0,97076928,7280060,LINEAGE,2021-10-15,700,lineage,REGISTERED,Live/Registered,True,019,False
47,EXACT,0,90877423,6833513,LINEAGE,2021-08-11,700,lineage,REGISTERED,Live/Registered,True,034,False
47,EXACT,0,90806717,7158177,LINEAGE,2021-07-01,700,lineage,REGISTERED,Live/Registered,True,014,False
47,EXACT,0,90383604,6500591,LINEAGE,2020-12-15,700,lineage,REGISTERED,Live/Registered,True,"030,040,043",False
47,EXACT,0,88293548,5850004,LINEAGE,2019-02-07,700,lineage,REGISTERED,Live/Registered,True,041,False
47,EXACT,0,87503195,5484111,LINEAGE,2017-06-23,702,lineage,SECTION 8 & 15-ACCEPTED AND ACKNOWLEDGED,Live/Registered,True,"035,039,040",True
47,EXACT,0,87503217,5484112,LINEAGE,2017-06-23,702,lineage,SECTION 8 & 15-ACCEPTED AND ACKNOWLEDGED,Live/Registered,True,"035,039,040",True
47,EXACT,0,86531334,4812329,LINEAGE,2015-02-11,800,lineage,REGISTERED AND RENEWED,Live/Registered,True,007,False
47,EXACT,0,86208466,5178817,LINEAGE,2014-03-01,780,lineage,CANCELLATION TERMINATED - SEE TTAB RECORDS,Live/Registered,True,041,False
47,EXACT,0,86093183,4598862,LINEAGE,2013-10-16,800,lineage,REGISTERED AND RENEWED,Live/Registered,True,034,False
47,EXACT,0,85940162,4544978,LINEAGE,2013-05-22,800,lineage,REGISTERED AND RENEWED,Live/Registered,True,012,False
47,EXACT,0,85510425,4265684,LINEAGE,2012-01-06,800,lineage,REGISTERED AND RENEWED,Live/Registered,True,"035,039",True
47,EXACT,0,85510429,4265685,LINEAGE,2012-01-06,800,lineage,REGISTERED AND RENEWED,Live/Registered,True,"035,039",True
47,EXACT,0,77829643,3931975,LINEAGE,2009-09-18,800,lineage,REGISTERED AND RENEWED,Live/Registered,True,033,False
47,EXACT,0,77710475,4002878,LINEAGE,2009-04-09,800,lineage,REGISTERED AND RENEWED,Live/Registered,True,"035,037",True
47,EXACT,0,78930805,3741259,LINEAGE,2006-07-17,800,lineage,REGISTERED AND RENEWED,Live/Registered,True,005,True
47,EXACT,0,78394896,3500056,LINEAGE,2004-04-01,800,lineage,REGISTERED AND RENEWED,Live/Registered,True,"009,028,038,041",False
47,EXACT,0,76322207,2645603,LINEAGE,2001-10-05,800,lineage,REGISTERED AND RENEWED,Live/Registered,True,"009,041",False
47,EXACT,0,76135623,2589700,LINEAGE,2000-09-27,800,lineage,REGISTERED AND RENEWED,Live/Registered,True,010,True
47,EXACT,0,75122238,2043876,LINEAGE,1996-06-19,800,lineage,REGISTERED AND RENEWED,Live/Registered,True,025,False
47,EXACT,0,97734197,,LINEAGE,2022-12-28,602,lineage,ABANDONED-FAILURE TO RESPOND OR LATE RESPONSE,Dead/Abandoned,False,005,True
47,EXACT,0,79355677,,LINEAGE,2022-09-26,602,lineage,ABANDONED-FAILURE TO RESPOND OR LATE RESPONSE,Dead/Abandoned,False,003,True
47,EXACT,0,97357982,,LINEAGE,2022-04-11,602,lineage,ABANDONED-FAILURE TO RESPOND OR LATE RESPONSE,Dead/Abandoned,False,"009,015",False
47,EXACT,0,97265689,,LINEAGE,2022-02-14,602,lineage,ABANDONED-FAILURE TO RESPOND OR LATE RESPONSE,Dead/Abandoned,False,025,False
47,EXACT,0,90114674,,LINEAGE,2020-08-14,601,lineage,ABANDONED - EXPRESS,Dead/Abandoned,False,033,False
47,EXACT,0,90114756,,LINEAGE,2020-08-14,601,lineage,ABANDONED - EXPRESS,Dead/Abandoned,False,033,False
47,EXACT,0,88650726,,LINEAGE,2019-10-11,606,lineage,ABANDONED - NO STATEMENT OF USE FILED,Dead/Abandoned,False,"001,022,044",True
47,EXACT,0,88589234,,LINEAGE,2019-08-22,602,lineage,ABANDONED-FAILURE TO RESPOND OR LATE RESPONSE,Dead/Abandoned,False,028,False
47,EXACT,0,88329028,,LINEAGE,2019-03-07,602,lineage,ABANDONED-FAILURE TO RESPOND OR LATE RESPONSE,Dead/Abandoned,False,042,False
47,EXACT,0,87661492,,LINE·AGE,2017-10-26,601,lineage,ABANDONED - EXPRESS,Dead/Abandoned,False,016,False
47,EXACT,0,87520701,,LINEAGE,2017-07-09,606,lineage,ABANDONED - NO STATEMENT OF USE FILED,Dead/Abandoned,False,"009,042",False
47,EXACT,0,86855010,5021401,LINEAGE,2015-12-20,710,lineage,CANCELLED - SECTION 8,Dead/Cancelled,False,,False
47,EXACT,0,86685708,,LINEAGE.,2015-07-07,602,lineage,ABANDONED-FAILURE TO RESPOND OR LATE RESPONSE,Dead/Abandoned,False,025,False
47,EXACT,0,86441453,,LINEAGE,2014-10-31,602,lineage,ABANDONED-FAILURE TO RESPOND OR LATE RESPONSE,Dead/Abandoned,False,015,False
47,EXACT,0,86407172,,LINEAGE,2014-09-26,602,lineage,ABANDONED-FAILURE TO RESPOND OR LATE RESPONSE,Dead/Abandoned,False,043,False
47,EXACT,0,86272296,,LINEAGE,2014-05-05,606,lineage,ABANDONED - NO STATEMENT OF USE FILED,Dead/Abandoned,False,031,False
47,EXACT,0,85727445,,LINEAGE,2012-09-12,602,lineage,ABANDONED-FAILURE TO RESPOND OR LATE RESPONSE,Dead/Abandoned,False,025,False
47,EXACT,0,85551460,,LINEAGE,2012-02-23,606,lineage,ABANDONED - NO STATEMENT OF USE FILED,Dead/Abandoned,False,009,False
47,EXACT,0,85159449,,LINEAGE,2010-10-22,606,lineage,ABANDONED - NO STATEMENT OF USE FILED,Dead/Abandoned,False,031,False
47,EXACT,0,77790575,,LINEAGE,2009-07-27,606,lineage,ABANDONED - NO STATEMENT OF USE FILED,Dead/Abandoned,False,"009,037,042",False
47,EXACT,0,77589168,3753060,LINEAGE,2008-10-09,710,lineage,CANCELLED - SECTION 8,Dead/Cancelled,False,,False
47,EXACT,0,77233431,3534917,LINEAGE,2007-07-19,710,lineage,CANCELLED - SECTION 8,Dead/Cancelled,False,,False
47,EXACT,0,78925353,,LINEAGE,2006-07-10,602,lineage,ABANDONED-FAILURE TO RESPOND OR LATE RESPONSE,Dead/Abandoned,False,019,False
47,EXACT,0,78744131,,LINEAGE,2005-11-01,606,lineage,ABANDONED - NO STATEMENT OF USE FILED,Dead/Abandoned,False,012,False
47,EXACT,0,78744132,,LINEAGE,2005-11-01,601,lineage,ABANDONED - EXPRESS,Dead/Abandoned,False,007,False
47,EXACT,0,78744144,,LINEAGE,2005-11-01,601,lineage,ABANDONED - EXPRESS,Dead/Abandoned,False,037,False
47,EXACT,0,76530908,2888592,LINEAGE,2003-07-21,710,lineage,CANCELLED - SECTION 8,Dead/Cancelled,False,,False
47,EXACT,0,76385210,2792446,LINEAGE,2002-03-21,710,lineage,CANCELLED - SECTION 8,Dead/Cancelled,False,,False
47,EXACT,0,76301421,,LINEAGE,2001-08-17,606,lineage,ABANDONED - NO STATEMENT OF USE FILED,Dead/Abandoned,False,020,False
47,EXACT,0,76229516,,LINEAGE,2001-03-23,606,lineage,ABANDONED - NO STATEMENT OF USE FILED,Dead/Abandoned,False,025,False
47,EXACT,0,76083855,,LINEAGE,2000-07-06,606,lineage,ABANDONED - NO STATEMENT OF USE FILED,Dead/Abandoned,False,020,False
47,EXACT,0,75886352,2500963,LINEAGE,2000-01-03,710,lineage,CANCELLED - SECTION 8,Dead/Cancelled,False,,False
47,EXACT,0,75817855,,LINEAGE,1999-10-07,606,lineage,ABANDONED - NO STATEMENT OF USE FILED,Dead/Abandoned,False,019,False
47,EXACT,0,75450221,,LINEAGE,1998-03-13,602,lineage,ABANDONED-FAILURE TO RESPOND OR LATE RESPONSE,Dead/Abandoned,False,,False
47,EXACT,0,75218003,,LINEAGE,1996-12-24,606,lineage,ABANDONED - NO STATEMENT OF USE FILED,Dead/Abandoned,False,010,True
47,EXACT,0,75122321,,LINEAGE,1996-06-19,606,lineage,ABANDONED - NO STATEMENT OF USE FILED,Dead/Abandoned,False,,False
47,EXACT,0,74694395,2232488,LINEAGE,1995-06-27,710,lineage,CANCELLED - SECTION 8,Dead/Cancelled,False,,False
47,EXACT,0,74607384,,LINEAGE,1994-12-06,602,lineage,ABANDONED-FAILURE TO RESPOND OR LATE RESPONSE,Dead/Abandoned,False,,False
47,EXACT,0,74431984,1886409,LINEAGE,1993-09-03,710,lineage,CANCELLED - SECTION 8,Dead/Cancelled,False,,False
47,EXACT,0,74369177,,LINEAGE,1993-03-19,606,lineage,ABANDONED - NO STATEMENT OF USE FILED,Dead/Abandoned,False,,False
47,EXACT,0,74067763,1774679,LINEAGE,1990-06-11,710,lineage,CANCELLED - SECTION 8,Dead/Cancelled,False,,False
47,EXACT,0,74067765,,LINEAGE,1990-06-11,606,lineage,ABANDONED - NO STATEMENT OF USE FILED,Dead/Abandoned,False,,False
47,EXACT,0,73758306,1556864,LINEAGE,1988-10-17,710,lineage,CANCELLED - SECTION 8,Dead/Cancelled,False,,False
47,EXACT,0,73625475,1447253,LINEAGE,1986-10-16,710,lineage,CANCELLED - SECTION 8,Dead/Cancelled,False,,False
47,EXACT,0,73480399,1326741,LINEAGE,1984-05-14,710,lineage,CANCELLED - SECTION 8,Dead/Cancelled,False,,False
47,EXACT,0,72165306,0770896,LINEAGE,1963-03-25,711,lineage,CANCELLED - SECTION 7,Dead/Cancelled,False,,False
47,EXACT,0,72139398,0744811,LINEAGE,1962-03-08,900,lineage,EXPIRED,Dead/Expired,False,,False
47,EXACT,0,71475860,0412714,LINEAGE,1944-10-30,900,lineage,EXPIRED,Dead/Expired,False,,False
47,NEAR_1_INSERTION,1,99566619,,XLINEAGE,2025-12-26,653,xlineage,SUSPENSION LETTER - MAILED,Live/Pending,True,011,False
47,NEAR_1_INSERTION,1,99424587,8242267,LINEAGLE,2025-10-02,700,lineagle,REGISTERED,Live/Registered,True,009,False
47,NEAR_1_DELETION,1,79387489,7490909,LINÂGE,2023-12-05,700,linage,REGISTERED,Live/Registered,True,001,False
47,NEAR_1_SUBSTITUTION,1,98177942,7408677,LIFEAGE,2023-09-13,700,lifeage,REGISTERED,Live/Registered,True,"009,042",False
47,NEAR_1_SUBSTITUTION,1,97364530,7066797,XINEAGE,2022-04-14,700,xineage,REGISTERED,Live/Registered,True,024,False
47,NEAR_1_DELETION,1,90843861,6850041,LINAGE,2021-07-22,700,linage,REGISTERED,Live/Registered,True,016,False
47,NEAR_1_SUBSTITUTION,1,90782893,6960119,LINEATE,2021-06-18,700,lineate,REGISTERED,Live/Registered,True,042,False
47,NEAR_1_SUBSTITUTION,1,90554588,6997413,LINEA G2,2021-03-02,700,lineag2,REGISTERED,Live/Registered,True,011,False
47,NEAR_1_INSERTION,1,90200823,6791507,LINEAGES,2020-09-22,700,lineages,REGISTERED,Live/Registered,True,045,False
47,NEAR_1_SUBSTITUTION,1,88574474,6002316,LINEAVE,2019-08-11,700,lineave,REGISTERED,Live/Registered,True,014,False
47,NEAR_1_SUBSTITUTION,1,87848995,5892145,LINKAGE,2018-03-26,701,linkage,SECTION 8-ACCEPTED,Live/Registered,True,003,True
47,NEAR_1_SUBSTITUTION,1,87599452,5438023,LINEATE,2017-09-07,702,lineate,SECTION 8 & 15-ACCEPTED AND ACKNOWLEDGED,Live/Registered,True,042,False
47,NEAR_1_SUBSTITUTION,1,86925223,5220947,LIFE AGE,2016-03-01,705,lifeage,PARTIAL SECTION 8 & 15 ACCEPTED AND ACKNOWLEDGED,Live/Registered,True,"041,042,044",True
47,NEAR_1_SUBSTITUTION,1,86796426,4988066,LINYAGE,2015-10-22,702,linyage,SECTION 8 & 15-ACCEPTED AND ACKNOWLEDGED,Live/Registered,True,042,False
47,NEAR_1_SUBSTITUTION,1,86258594,4645029,LINKAGE,2014-04-22,800,linkage,REGISTERED AND RENEWED,Live/Registered,True,001,False
47,NEAR_1_SUBSTITUTION,1,85225118,5124509,LINK·AGE,2011-01-25,702,linkage,SECTION 8 & 15-ACCEPTED AND ACKNOWLEDGED,Live/Registered,True,035,True
47,NEAR_1_INSERTION,1,78545440,3143447,LINEAGEN,2005-01-11,800,lineagen,REGISTERED AND RENEWED,Live/Registered,True,042,False
47,NEAR_1_SUBSTITUTION,1,75643728,2463209,LINKAGE,1999-02-12,800,linkage,REGISTERED AND RENEWED,Live/Registered,True,"035,041",True
47,NEAR_1_INSERTION,1,90043764,,4 LINEAGE,2020-07-09,606,4lineage,ABANDONED - NO STATEMENT OF USE FILED,Dead/Abandoned,False,037,False
47,NEAR_1_SUBSTITUTION,1,88708709,,LINCAGE,2019-11-27,606,lincage,ABANDONED - NO STATEMENT OF USE FILED,Dead/Abandoned,False,007,False
47,NEAR_1_SUBSTITUTION,1,87537950,5412143,LINKAGE,2017-07-21,710,linkage,CANCELLED - SECTION 8,Dead/Cancelled,False,,False
47,NEAR_1_SUBSTITUTION,1,87465188,5439692,LINKAGE,2017-05-26,710,linkage,CANCELLED - SECTION 8,Dead/Cancelled,False,,False
47,NEAR_1_SUBSTITUTION,1,87422794,,LINEATE,2017-04-24,606,lineate,ABANDONED - NO STATEMENT OF USE FILED,Dead/Abandoned,False,"009,035",True
47,NEAR_1_SUBSTITUTION,1,86090078,4533656,LINKAGE,2013-10-12,710,linkage,CANCELLED - SECTION 8,Dead/Cancelled,False,,False
47,NEAR_1_DELETION,1,77385845,3495648,LINÂGE,2008-01-31,710,linage,CANCELLED - SECTION 8,Dead/Cancelled,False,,False
47,NEAR_1_SUBSTITUTION,1,77353745,,LINKAGE,2007-12-17,606,linkage,ABANDONED - NO STATEMENT OF USE FILED,Dead/Abandoned,False,020,False
47,NEAR_1_SUBSTITUTION,1,78645354,,LINKAGE,2005-06-07,606,linkage,ABANDONED - NO STATEMENT OF USE FILED,Dead/Abandoned,False,012,False
47,NEAR_1_SUBSTITUTION,1,76629633,3048413,LINKAGE,2005-01-27,710,linkage,CANCELLED - SECTION 8,Dead/Cancelled,False,,False
47,NEAR_1_SUBSTITUTION,1,78496832,,LINKAGE,2004-10-08,606,linkage,ABANDONED - NO STATEMENT OF USE FILED,Dead/Abandoned,False,038,False
47,NEAR_1_INSERTION,1,76600267,3064191,LINETAGÉ,2004-07-01,710,linetage,CANCELLED - SECTION 8,Dead/Cancelled,False,,False
47,NEAR_1_SUBSTITUTION,1,76104186,,LINEATE,2000-08-07,602,lineate,ABANDONED-FAILURE TO RESPOND OR LATE RESPONSE,Dead/Abandoned,False,042,False
47,NEAR_1_INSERTION,1,75822392,,LINE-GAGE,1999-10-12,602,linegage,ABANDONED-FAILURE TO RESPOND OR LATE RESPONSE,Dead/Abandoned,False,009,False
47,NEAR_1_SUBSTITUTION,1,75346829,2270218,LINKAGE,1997-08-26,710,linkage,CANCELLED - SECTION 8,Dead/Cancelled,False,,False
47,NEAR_1_SUBSTITUTION,1,75096249,,LINKAGE,1996-04-29,602,linkage,ABANDONED-FAILURE TO RESPOND OR LATE RESPONSE,Dead/Abandoned,False,,False
47,NEAR_1_SUBSTITUTION,1,75094588,,LINKAGE,1996-04-26,602,linkage,ABANDONED-FAILURE TO RESPOND OR LATE RESPONSE,Dead/Abandoned,False,,False
47,NEAR_1_SUBSTITUTION,1,74350971,,LINKAGE,1993-01-22,606,linkage,ABANDONED - NO STATEMENT OF USE FILED,Dead/Abandoned,False,,False
47,NEAR_1_SUBSTITUTION,1,74278698,1812613,LINKAGE,1992-05-26,710,linkage,CANCELLED - SECTION 8,Dead/Cancelled,False,,False
47,NEAR_1_SUBSTITUTION,1,74139578,2657451,LINKAGE,1991-02-11,710,linkage,CANCELLED - SECTION 8,Dead/Cancelled,False,,False
47,NEAR_1_SUBSTITUTION,1,74087981,,LINKAGE,1990-08-14,602,linkage,ABANDONED-FAILURE TO RESPOND OR LATE RESPONSE,Dead/Abandoned,False,,False
47,NEAR_1_SUBSTITUTION,1,74023489,,LINKAGE,1990-01-29,602,linkage,ABANDONED-FAILURE TO RESPOND OR LATE RESPONSE,Dead/Abandoned,False,009,False
47,NEAR_1_DELETION,1,73090819,1063947,LINEA G,1976-06-17,900,lineag,EXPIRED,Dead/Expired,False,,False
48,EXACT,0,99767891,,THROUGHLINE,2026-04-16,630,throughline,NEW APPLICATION - RECORD INITIALIZED NOT ASSIGNED TO EXAMINER,Live/Pending,True,042,False
48,EXACT,0,99665384,,THROUGHLINE,2026-02-23,681,throughline,PUBLICATION/ISSUE REVIEW COMPLETE,Live/Pending,True,009,False
48,EXACT,0,97374541,7208905,THROUGHLINE,2022-04-21,700,throughline,REGISTERED,Live/Registered,True,033,False
48,EXACT,0,88903147,6604863,THROUGHLINE,2020-05-06,700,throughline,REGISTERED,Live/Registered,True,"009,041",False
48,EXACT,0,88166853,5869780,THROUGHLINE,2018-10-24,701,throughline,SECTION 8-ACCEPTED,Live/Registered,True,041,False
48,EXACT,0,99400363,,THROUGHLINE,2025-09-18,602,throughline,ABANDONED-FAILURE TO RESPOND OR LATE RESPONSE,Dead/Abandoned,False,"035,036",True
48,EXACT,0,97381106,,THROUGH LINE,2022-04-26,606,throughline,ABANDONED - NO STATEMENT OF USE FILED,Dead/Abandoned,False,036,False
48,EXACT,0,90179623,,THROUGHLINE,2020-09-14,603,throughline,ABANDONED - AFTER EX PARTE APPEAL,Dead/Abandoned,False,042,False
48,EXACT,0,90145058,,THROUGHLINE,2020-08-28,603,throughline,ABANDONED - AFTER EX PARTE APPEAL,Dead/Abandoned,False,042,False
48,EXACT,0,87268085,,THROUGHLINE,2016-12-14,602,throughline,ABANDONED-FAILURE TO RESPOND OR LATE RESPONSE,Dead/Abandoned,False,035,True
48,EXACT,0,86226096,,THROUGHLINE,2014-03-19,606,throughline,ABANDONED - NO STATEMENT OF USE FILED,Dead/Abandoned,False,033,False
48,EXACT,0,75497430,,THROUGHLINE,1998-06-04,602,throughline,ABANDONED-FAILURE TO RESPOND OR LATE RESPONSE,Dead/Abandoned,False,035,True
48,NEAR_1_INSERTION,1,88302605,,THROUGHLINES,2019-02-14,606,throughlines,ABANDONED - NO STATEMENT OF USE FILED,Dead/Abandoned,False,"009,041,042,045",False
49,EXACT,0,86050398,4523519,WEAR IT WELL,2013-08-28,710,wearitwell,CANCELLED - SECTION 8,Dead/Cancelled,False,,False
49,EXACT,0,85091709,,WEAR IT WELL,2010-07-23,606,wearitwell,ABANDONED - NO STATEMENT OF USE FILED,Dead/Abandoned,False,005,True
49,EXACT,0,77335405,3673768,WEAR IT WELL,2007-11-21,710,wearitwell,CANCELLED - SECTION 8,Dead/Cancelled,False,,False
50,EXACT,0,99897799,,INSTRIDE,2026-06-22,630,instride,NEW APPLICATION - RECORD INITIALIZED NOT ASSIGNED TO EXAMINER,Live/Pending,True,"005,030",True
50,EXACT,0,88369492,6092032,INSTRIDE,2019-04-03,702,instride,SECTION 8 & 15-ACCEPTED AND ACKNOWLEDGED,Live/Registered,True,"035,041",True
50,EXACT,0,78380354,2941931,INSTRIDE,2004-03-08,800,instride,REGISTERED AND RENEWED,Live/Registered,True,025,False
50,EXACT,0,75208758,2215150,INSTRIDE,1996-12-05,800,instride,REGISTERED AND RENEWED,Live/Registered,True,028,False
50,EXACT,0,99895743,,INSTRIDE,2026-06-19,601,instride,ABANDONED - EXPRESS,Dead/Abandoned,False,"005,030",True
50,EXACT,0,88415261,,INSTRIDE,2019-05-03,602,instride,ABANDONED-FAILURE TO RESPOND OR LATE RESPONSE,Dead/Abandoned,False,009,False
50,EXACT,0,88415267,,INSTRIDE,2019-05-03,602,instride,ABANDONED-FAILURE TO RESPOND OR LATE RESPONSE,Dead/Abandoned,False,035,True
50,EXACT,0,88415273,,INSTRIDE,2019-05-03,602,instride,ABANDONED-FAILURE TO RESPOND OR LATE RESPONSE,Dead/Abandoned,False,044,True
50,EXACT,0,87757298,,INSTRIDE,2018-01-16,606,instride,ABANDONED - NO STATEMENT OF USE FILED,Dead/Abandoned,False,"044,045",True
50,EXACT,0,87757308,,IN STRIDE,2018-01-16,606,instride,ABANDONED - NO STATEMENT OF USE FILED,Dead/Abandoned,False,"044,045",True
50,EXACT,0,86344448,4860573,INSTRIDE,2014-07-22,710,instride,CANCELLED - SECTION 8,Dead/Cancelled,False,,False
50,EXACT,0,85871337,,INSTRIDE,2013-03-08,606,instride,ABANDONED - NO STATEMENT OF USE FILED,Dead/Abandoned,False,012,False
50,EXACT,0,77206944,,INSTRIDE,2007-06-15,606,instride,ABANDONED - NO STATEMENT OF USE FILED,Dead/Abandoned,False,036,False
50,EXACT,0,76631781,,INSTRIDE,2005-02-24,606,instride,ABANDONED - NO STATEMENT OF USE FILED,Dead/Abandoned,False,"009,042",False
50,EXACT,0,78317553,,INSTRIDE,2003-10-23,601,instride,ABANDONED - EXPRESS,Dead/Abandoned,False,025,False
50,EXACT,0,76485059,2920359,INSTRIDE!,2003-01-27,710,instride,CANCELLED - SECTION 8,Dead/Cancelled,False,,False
50,EXACT,0,76485060,2927228,INSTRIDE!,2003-01-27,710,instride,CANCELLED - SECTION 8,Dead/Cancelled,False,,False
50,EXACT,0,75610398,,IN STRIDE!,1999-01-04,614,instride,ABANDONED PETITION TO REVIVE-DENIED,Dead/Abandoned,False,005,True
50,EXACT,0,73134859,1098760,IN STRIDE,1977-08-25,710,instride,CANCELLED - SECTION 8,Dead/Cancelled,False,,False
50,NEAR_1_SUBSTITUTION,1,99518025,8304476,ONSTRIDE,2025-11-26,700,onstride,REGISTERED,Live/Registered,True,009,False
50,NEAR_1_DELETION,1,98766823,,INTRIDE,2024-09-24,731,intride,SECOND EXTENSION - GRANTED,Live/Pending,True,010,True
50,NEAR_1_DELETION,1,90891645,6845050,NSTRIDE,2021-08-19,700,nstride,REGISTERED,Live/Registered,True,010,True
50,NEAR_1_DELETION,1,90178692,6430087,INTRIDE,2020-09-14,700,intride,REGISTERED,Live/Registered,True,035,True
50,NEAR_1_DELETION,1,88129910,6380735,ISTRIDE,2018-09-24,700,istride,REGISTERED,Live/Registered,True,"009,010",True
50,NEAR_1_DELETION,1,85867294,4576789,NSTRIDE,2013-03-05,800,nstride,REGISTERED AND RENEWED,Live/Registered,True,010,True
50,NEAR_1_SUBSTITUTION,1,90881444,,INSTRYDE,2021-08-13,602,instryde,ABANDONED-FAILURE TO RESPOND OR LATE RESPONSE,Dead/Abandoned,False,"009,025",False
50,NEAR_1_SUBSTITUTION,1,90881446,,INSTRYDE,2021-08-13,602,instryde,ABANDONED-FAILURE TO RESPOND OR LATE RESPONSE,Dead/Abandoned,False,"009,025",False
50,NEAR_1_INSERTION,1,87954596,,INSTARIDE,2018-06-08,602,instaride,ABANDONED-FAILURE TO RESPOND OR LATE RESPONSE,Dead/Abandoned,False,009,False
50,NEAR_1_SUBSTITUTION,1,87549156,5407310,ON STRIDE,2017-07-31,710,onstride,CANCELLED - SECTION 8,Dead/Cancelled,False,,False
50,NEAR_1_INSERTION,1,86366115,4852242,INSTARIDE,2014-08-13,710,instaride,CANCELLED - SECTION 8,Dead/Cancelled,False,,False
50,NEAR_1_DELETION,1,77457585,,ISTRIDE,2008-04-24,602,istride,ABANDONED-FAILURE TO RESPOND OR LATE RESPONSE,Dead/Abandoned,False,009,False
51,EXACT,0,99504383,,FOR KEEPS,2025-11-19,653,forkeeps,SUSPENSION LETTER - MAILED,Live/Pending,True,016,False
51,EXACT,0,99414697,,FOR KEEPS,2025-09-26,774,forkeeps,OPPOSITION PENDING,Live/Pending,True,035,True
51,EXACT,0,98440994,,FORKEEPS,2024-03-08,731,forkeeps,SECOND EXTENSION - GRANTED,Live/Pending,True,"028,035",True
51,EXACT,0,98976339,8171330,FORKEEPS,2024-03-08,700,forkeeps,REGISTERED,Live/Registered,True,041,False
51,EXACT,0,90724787,,FOR KEEPS,2021-05-20,654,forkeeps,REPORT COMPLETED SUSPENSION CHECK - CASE STILL SUSPENDED,Live/Pending,True,014,False
51,EXACT,0,90387569,,FOR KEEPS,2020-12-16,654,forkeeps,REPORT COMPLETED SUSPENSION CHECK - CASE STILL SUSPENDED,Live/Pending,True,025,False
51,EXACT,0,73767053,1551104,FOR-KEEPS!,1988-12-05,800,forkeeps,REGISTERED AND RENEWED,Live/Registered,True,028,False
51,EXACT,0,86638593,,FOR KEEPS,2015-05-21,606,forkeeps,ABANDONED - NO STATEMENT OF USE FILED,Dead/Abandoned,False,016,False
51,EXACT,0,77748102,3779415,FOR KEEPS,2009-05-29,710,forkeeps,CANCELLED - SECTION 8,Dead/Cancelled,False,,False
51,EXACT,0,78492414,3015680,FOR KEEPS,2004-09-30,710,forkeeps,CANCELLED - SECTION 8,Dead/Cancelled,False,,False
51,EXACT,0,75514094,,FOR KEEPS,1998-07-07,602,forkeeps,ABANDONED-FAILURE TO RESPOND OR LATE RESPONSE,Dead/Abandoned,False,021,True
51,EXACT,0,75352105,2152645,FOR KEEPS,1997-09-05,710,forkeeps,CANCELLED - SECTION 8,Dead/Cancelled,False,,False
51,EXACT,0,74284992,1801568,FOR KEEPS,1992-06-15,710,forkeeps,CANCELLED - SECTION 8,Dead/Cancelled,False,,False
51,EXACT,0,74138937,,FOR KEEPS!,1991-02-13,606,forkeeps,ABANDONED - NO STATEMENT OF USE FILED,Dead/Abandoned,False,,False
51,EXACT,0,73699813,1503964,FORKEEPS,1987-12-08,710,forkeeps,CANCELLED - SECTION 8,Dead/Cancelled,False,,False
51,EXACT,0,73072220,1048825,FOR KEEPS,1975-12-18,710,forkeeps,CANCELLED - SECTION 8,Dead/Cancelled,False,,False
51,EXACT,0,72381838,0920853,FOR KEEPS,1971-01-25,900,forkeeps,EXPIRED,Dead/Expired,False,,False
51,EXACT,0,71312949,0291345,FOR-KEEPS,1931-04-04,900,forkeeps,EXPIRED,Dead/Expired,False,,False
51,NEAR_1_SUBSTITUTION,1,99389818,,FUR KEEPS,2025-09-12,688,furkeeps,NOTICE OF ALLOWANCE - ISSUED,Live/Pending,True,028,False
51,NEAR_1_INSERTION,1,90759179,6855767,FLOR KEEPS,2021-06-07,700,florkeeps,REGISTERED,Live/Registered,True,035,True
51,NEAR_1_INSERTION,1,98582075,,FOUR KEEPS,2024-06-03,606,fourkeeps,ABANDONED - NO STATEMENT OF USE FILED,Dead/Abandoned,False,020,False
51,NEAR_1_INSERTION,1,86250861,4640867,FOURKEEPS,2014-04-14,710,fourkeeps,CANCELLED - SECTION 8,Dead/Cancelled,False,,False
51,NEAR_1_INSERTION,1,85830107,4672285,FOREKEEPS,2013-01-23,710,forekeeps,CANCELLED - SECTION 8,Dead/Cancelled,False,,False
51,NEAR_1_SUBSTITUTION,1,73614855,1434080,FUR KEEPS,1986-08-15,710,furkeeps,CANCELLED - SECTION 8,Dead/Cancelled,False,,False
52,EXACT,0,97502253,7144025,FUTURE PERFECT,2022-07-13,700,futureperfect,REGISTERED,Live/Registered,True,018,False
52,EXACT,0,90342249,7836275,FUTURE PERFECT,2020-11-25,700,futureperfect,REGISTERED,Live/Registered,True,041,False
52,EXACT,0,88158283,5962658,FUTURE PERFECT,2018-10-17,702,futureperfect,SECTION 8 & 15-ACCEPTED AND ACKNOWLEDGED,Live/Registered,True,"009,041",False
52,EXACT,0,86544166,4817792,FUTURE PERFECT,2015-02-24,800,futureperfect,REGISTERED AND RENEWED,Live/Registered,True,033,False
52,EXACT,0,90302758,,FUTURE PERFECT,2020-11-06,602,futureperfect,ABANDONED-FAILURE TO RESPOND OR LATE RESPONSE,Dead/Abandoned,False,003,True
52,EXACT,0,86912702,,FUTURE PERFECT,2016-02-18,606,futureperfect,ABANDONED - NO STATEMENT OF USE FILED,Dead/Abandoned,False,041,False
52,EXACT,0,77265951,3649278,FUTURE PERFECT,2007-08-28,710,futureperfect,CANCELLED - SECTION 8,Dead/Cancelled,False,,False
52,EXACT,0,77113895,,FUTUREPERFECT,2007-02-22,601,futureperfect,ABANDONED - EXPRESS,Dead/Abandoned,False,005,True
52,EXACT,0,77110824,,FUTUREPERFECT,2007-02-19,601,futureperfect,ABANDONED - EXPRESS,Dead/Abandoned,False,005,True
52,EXACT,0,77066469,,FUTURE PERFECT,2006-12-18,606,futureperfect,ABANDONED - NO STATEMENT OF USE FILED,Dead/Abandoned,False,044,True
52,EXACT,0,78929070,,FUTURE PERFECT,2006-07-13,606,futureperfect,ABANDONED - NO STATEMENT OF USE FILED,Dead/Abandoned,False,044,True
52,EXACT,0,78579382,,FUTURE PERFECT,2005-03-03,606,futureperfect,ABANDONED - NO STATEMENT OF USE FILED,Dead/Abandoned,False,009,False
52,EXACT,0,75459095,,FUTURE PERFECT,1998-03-30,606,futureperfect,ABANDONED - NO STATEMENT OF USE FILED,Dead/Abandoned,False,018,False
52,EXACT,0,75396459,,FUTURE PERFECT,1997-11-26,606,futureperfect,ABANDONED - NO STATEMENT OF USE FILED,Dead/Abandoned,False,009,False
52,EXACT,0,75396462,,FUTURE PERFECT,1997-11-26,606,futureperfect,ABANDONED - NO STATEMENT OF USE FILED,Dead/Abandoned,False,"035,036,041,042",True
52,EXACT,0,75395519,,FUTURE PERFECT,1997-11-24,606,futureperfect,ABANDONED - NO STATEMENT OF USE FILED,Dead/Abandoned,False,"009,016,028",False
52,EXACT,0,75395731,,FUTURE PERFECT,1997-11-24,606,futureperfect,ABANDONED - NO STATEMENT OF USE FILED,Dead/Abandoned,False,"035,036,041,042",True
52,EXACT,0,75029959,2017669,FUTURE PERFECT,1995-12-08,710,futureperfect,CANCELLED - SECTION 8,Dead/Cancelled,False,,False
52,EXACT,0,74376930,,FUTURE PERFECT,1993-04-08,604,futureperfect,ABANDONED - AFTER INTER-PARTES DECISION,Dead/Abandoned,False,,False
52,EXACT,0,74162043,,FUTURE PERFECT,1991-04-12,602,futureperfect,ABANDONED-FAILURE TO RESPOND OR LATE RESPONSE,Dead/Abandoned,False,,False
52,EXACT,0,74006982,,FUTUREPERFECT,1989-12-01,606,futureperfect,ABANDONED - NO STATEMENT OF USE FILED,Dead/Abandoned,False,,False
52,EXACT,0,73784729,1591644,FUTURE PERFECT,1989-03-06,710,futureperfect,CANCELLED - SECTION 8,Dead/Cancelled,False,,False
52,EXACT,0,73748036,1537146,FUTURE PERFECT,1988-08-24,710,futureperfect,CANCELLED - SECTION 8,Dead/Cancelled,False,,False
52,EXACT,0,73688973,1543166,FUTURE PERFECT,1987-10-13,710,futureperfect,CANCELLED - SECTION 8,Dead/Cancelled,False,,False
52,NEAR_1_SUBSTITUTION,1,85086973,,FUTUREPERFEQT,2010-07-16,602,futureperfeqt,ABANDONED-FAILURE TO RESPOND OR LATE RESPONSE,Dead/Abandoned,False,042,False
52,NEAR_1_SUBSTITUTION,1,85085283,,FUTUREPERFEQT,2010-07-15,602,futureperfeqt,ABANDONED-FAILURE TO RESPOND OR LATE RESPONSE,Dead/Abandoned,False,039,False
52,NEAR_1_SUBSTITUTION,1,77695600,3791221,FUTURE PERFEKT,2009-03-20,710,futureperfekt,CANCELLED - SECTION 8,Dead/Cancelled,False,,False
53,EXACT,0,99849038,,GROUNDTRUTH,2026-05-27,630,groundtruth,NEW APPLICATION - RECORD INITIALIZED NOT ASSIGNED TO EXAMINER,Live/Pending,True,042,False
53,EXACT,0,99458318,,GROUNDTRUTH,2025-10-23,641,groundtruth,NON-FINAL ACTION - MAILED,Live/Pending,True,045,False
53,EXACT,0,99400196,,GROUND TRUTH,2025-09-18,686,groundtruth,PUBLISHED FOR OPPOSITION,Live/Pending,True,"035,036",True
53,EXACT,0,99291083,,GROUND TRUTH,2025-07-18,641,groundtruth,NON-FINAL ACTION - MAILED,Live/Pending,True,"009,042,045",False
53,EXACT,0,97782781,,GROUND-TRUTH,2023-02-06,732,groundtruth,THIRD EXTENSION - GRANTED,Live/Pending,True,"009,042",False
53,EXACT,0,79241693,5876307,GROUNDTRUTH,2018-07-11,708,groundtruth,PARTIAL SECTION 71 & 15 ACCEPTED AND ACKNOWLEDGED,Live/Registered,True,"009,018,035,042",True
53,EXACT,0,87610005,5671156,GROUNDTRUTH,2017-09-15,702,groundtruth,SECTION 8 & 15-ACCEPTED AND ACKNOWLEDGED,Live/Registered,True,042,False
53,EXACT,0,87979566,5676750,GROUNDTRUTH,2017-09-15,702,groundtruth,SECTION 8 & 15-ACCEPTED AND ACKNOWLEDGED,Live/Registered,True,035,True
53,EXACT,0,87511649,6130674,GROUNDTRUTH,2017-06-29,702,groundtruth,SECTION 8 & 15-ACCEPTED AND ACKNOWLEDGED,Live/Registered,True,035,True
53,EXACT,0,87511652,5671080,GROUNDTRUTH,2017-06-29,702,groundtruth,SECTION 8 & 15-ACCEPTED AND ACKNOWLEDGED,Live/Registered,True,042,False
53,EXACT,0,87979433,5671601,GROUNDTRUTH,2017-06-29,702,groundtruth,SECTION 8 & 15-ACCEPTED AND ACKNOWLEDGED,Live/Registered,True,035,True
53,EXACT,0,85801291,4524259,GROUNDTRUTH,2012-12-12,800,groundtruth,REGISTERED AND RENEWED,Live/Registered,True,"041,042,045",False
53,EXACT,0,77475371,3864937,GROUNDTRUTH,2008-05-15,800,groundtruth,REGISTERED AND RENEWED,Live/Registered,True,035,True
53,EXACT,0,97530916,,GROUND TRUTH,2022-08-02,602,groundtruth,ABANDONED-FAILURE TO RESPOND OR LATE RESPONSE,Dead/Abandoned,False,042,False
53,EXACT,0,90257093,,GROUND TRUTH,2020-10-15,603,groundtruth,ABANDONED - AFTER EX PARTE APPEAL,Dead/Abandoned,False,041,False
53,EXACT,0,88814288,,GROUND TRUTH,2020-02-28,603,groundtruth,ABANDONED - AFTER EX PARTE APPEAL,Dead/Abandoned,False,041,False
53,EXACT,0,86087462,5032248,GROUND TRUTH,2013-10-09,710,groundtruth,CANCELLED - SECTION 8,Dead/Cancelled,False,,False
53,EXACT,0,86015234,4741601,GROUND TRUTH,2013-07-19,710,groundtruth,CANCELLED - SECTION 8,Dead/Cancelled,False,,False
53,EXACT,0,85768786,4496918,GROUNDTRUTH,2012-11-01,710,groundtruth,CANCELLED - SECTION 8,Dead/Cancelled,False,,False
53,EXACT,0,85240609,,GROUND TRUTH,2011-02-11,602,groundtruth,ABANDONED-FAILURE TO RESPOND OR LATE RESPONSE,Dead/Abandoned,False,042,False
53,EXACT,0,85132431,,GROUNDTRUTH,2010-09-17,602,groundtruth,ABANDONED-FAILURE TO RESPOND OR LATE RESPONSE,Dead/Abandoned,False,009,False
53,EXACT,0,77275482,,GROUND TRUTH,2007-09-10,602,groundtruth,ABANDONED-FAILURE TO RESPOND OR LATE RESPONSE,Dead/Abandoned,False,016,False
53,EXACT,0,74675140,1976443,GROUND TRUTH,1995-05-16,710,groundtruth,CANCELLED - SECTION 8,Dead/Cancelled,False,,False
53,EXACT,0,74455446,,GROUND TRUTH,1993-11-04,602,groundtruth,ABANDONED-FAILURE TO RESPOND OR LATE RESPONSE,Dead/Abandoned,False,,False
53,EXACT,0,74314622,1771425,GROUND TRUTH,1992-09-17,710,groundtruth,CANCELLED - SECTION 8,Dead/Cancelled,False,,False
53,NEAR_1_INSERTION,1,87610004,6130690,G GROUNDTRUTH,2017-09-15,702,ggroundtruth,SECTION 8 & 15-ACCEPTED AND ACKNOWLEDGED,Live/Registered,True,035,True
53,NEAR_1_INSERTION,1,87610008,6266962,G GROUNDTRUTH,2017-09-15,700,ggroundtruth,REGISTERED,Live/Registered,True,035,True
53,NEAR_1_INSERTION,1,87610010,5840263,G GROUNDTRUTH,2017-09-15,702,ggroundtruth,SECTION 8 & 15-ACCEPTED AND ACKNOWLEDGED,Live/Registered,True,042,False
54,EXACT,0,78758079,3464145,SOURCECODE,2005-11-21,800,sourcecode,REGISTERED AND RENEWED,Live/Registered,True,009,False
54,EXACT,0,90589721,,SOURCECODE,2021-03-19,602,sourcecode,ABANDONED-FAILURE TO RESPOND OR LATE RESPONSE,Dead/Abandoned,False,035,True
54,EXACT,0,88670704,,SOURCECODE,2019-10-28,606,sourcecode,ABANDONED - NO STATEMENT OF USE FILED,Dead/Abandoned,False,003,True
54,EXACT,0,88670717,,SOURCECODE,2019-10-28,606,sourcecode,ABANDONED - NO STATEMENT OF USE FILED,Dead/Abandoned,False,005,True
54,EXACT,0,88610773,,SOURCE CODE,2019-09-10,606,sourcecode,ABANDONED - NO STATEMENT OF USE FILED,Dead/Abandoned,False,032,False
54,EXACT,0,79209130,,SOURCE CODE,2017-03-13,602,sourcecode,ABANDONED-FAILURE TO RESPOND OR LATE RESPONSE,Dead/Abandoned,False,036,False
54,EXACT,0,79209693,,SOURCE CODE,2017-03-10,602,sourcecode,ABANDONED-FAILURE TO RESPOND OR LATE RESPONSE,Dead/Abandoned,False,044,True
54,EXACT,0,87163361,5336572,SOURCE CODE,2016-09-07,710,sourcecode,CANCELLED - SECTION 8,Dead/Cancelled,False,,False
54,EXACT,0,78482412,,SOURCECODE,2004-09-13,602,sourcecode,ABANDONED-FAILURE TO RESPOND OR LATE RESPONSE,Dead/Abandoned,False,038,False
54,EXACT,0,78303090,2937809,SOURCECODE,2003-09-19,710,sourcecode,CANCELLED - SECTION 8,Dead/Cancelled,False,,False
54,EXACT,0,78170708,3142785,SOURCECODE,2002-10-03,710,sourcecode,CANCELLED - SECTION 8,Dead/Cancelled,False,,False
55,EXACT,0,86941481,5454065,TRACKRECORD,2016-03-15,710,trackrecord,CANCELLED - SECTION 8,Dead/Cancelled,False,,False
55,EXACT,0,78623828,3331013,TRACKRECORD,2005-05-05,710,trackrecord,CANCELLED - SECTION 8,Dead/Cancelled,False,,False
55,EXACT,0,76195082,2527294,TRACKRECORD,2001-01-17,710,trackrecord,CANCELLED - SECTION 8,Dead/Cancelled,False,,False
55,EXACT,0,75911668,,TRACKRECORD,2000-02-07,606,trackrecord,ABANDONED - NO STATEMENT OF USE FILED,Dead/Abandoned,False,009,False
55,EXACT,0,75461390,2443025,TRACKRECORD,1998-04-02,710,trackrecord,CANCELLED - SECTION 8,Dead/Cancelled,False,,False
55,EXACT,0,74659548,1986853,TRACK RECORD,1995-04-03,710,trackrecord,CANCELLED - SECTION 8,Dead/Cancelled,False,,False
55,EXACT,0,74611398,,TRACK RECORD,1994-12-15,606,trackrecord,ABANDONED - NO STATEMENT OF USE FILED,Dead/Abandoned,False,,False
55,EXACT,0,74525224,,TRACKRECORD,1994-05-16,606,trackrecord,ABANDONED - NO STATEMENT OF USE FILED,Dead/Abandoned,False,,False
55,EXACT,0,74395800,1826225,TRACK RECORD,1993-05-27,710,trackrecord,CANCELLED - SECTION 8,Dead/Cancelled,False,,False
55,EXACT,0,74154866,,"""TRACKRECORD""",1991-04-08,606,trackrecord,ABANDONED - NO STATEMENT OF USE FILED,Dead/Abandoned,False,,False
55,EXACT,0,73731035,1520130,TRACK RECORD,1988-05-27,710,trackrecord,CANCELLED - SECTION 8,Dead/Cancelled,False,,False
55,EXACT,0,73698669,,TRACK RECORD,1987-11-19,604,trackrecord,ABANDONED - AFTER INTER-PARTES DECISION,Dead/Abandoned,False,,False
55,NEAR_1_SUBSTITUTION,1,76498822,2937246,TRUCKRECORD,2003-03-07,710,truckrecord,CANCELLED - SECTION 8,Dead/Cancelled,False,,False
56,EXACT,0,97533291,,PERSONAL BEST,2022-08-03,654,personalbest,REPORT COMPLETED SUSPENSION CHECK - CASE STILL SUSPENDED,Live/Pending,True,003,True
56,EXACT,0,77274443,3514998,PERSONAL BEST,2007-09-07,800,personalbest,REGISTERED AND RENEWED,Live/Registered,True,"009,016,041",False
56,EXACT,0,77054730,3419206,PERSONAL BEST,2006-12-01,800,personalbest,REGISTERED AND RENEWED,Live/Registered,True,009,False
56,EXACT,0,77054872,3285259,PERSONAL BEST,2006-12-01,800,personalbest,REGISTERED AND RENEWED,Live/Registered,True,016,False
56,EXACT,0,75262648,2180185,PERSONAL BEST,1997-03-24,800,personalbest,REGISTERED AND RENEWED,Live/Registered,True,016,False
56,EXACT,0,98668240,,PERSONAL BEST,2024-07-26,606,personalbest,ABANDONED - NO STATEMENT OF USE FILED,Dead/Abandoned,False,041,False
56,EXACT,0,87350572,,PERSONAL BEST,2017-02-27,602,personalbest,ABANDONED-FAILURE TO RESPOND OR LATE RESPONSE,Dead/Abandoned,False,025,False
56,EXACT,0,87166281,5376298,PERSONAL BEST,2016-09-09,710,personalbest,CANCELLED - SECTION 8,Dead/Cancelled,False,,False
56,EXACT,0,85283769,,PERSONAL BEST,2011-04-01,606,personalbest,ABANDONED - NO STATEMENT OF USE FILED,Dead/Abandoned,False,042,False
56,EXACT,0,85003911,,PERSONAL BEST,2010-04-01,606,personalbest,ABANDONED - NO STATEMENT OF USE FILED,Dead/Abandoned,False,005,True
56,EXACT,0,77721494,4272524,PERSONAL BEST,2009-04-24,710,personalbest,CANCELLED - SECTION 8,Dead/Cancelled,False,,False
56,EXACT,0,77659646,3861554,PERSONAL BEST,2009-01-29,710,personalbest,CANCELLED - SECTION 8,Dead/Cancelled,False,,False
56,EXACT,0,77429669,,PERSONAL BEST,2008-03-24,602,personalbest,ABANDONED-FAILURE TO RESPOND OR LATE RESPONSE,Dead/Abandoned,False,"003,005,029,030,032",True
56,EXACT,0,78434870,,PERSONAL BEST,2004-06-14,606,personalbest,ABANDONED - NO STATEMENT OF USE FILED,Dead/Abandoned,False,003,True
56,EXACT,0,78148409,2715879,PERSONAL BEST,2002-07-29,710,personalbest,CANCELLED - SECTION 8,Dead/Cancelled,False,,False
56,EXACT,0,76383938,,PERSONAL BEST,2002-03-14,606,personalbest,ABANDONED - NO STATEMENT OF USE FILED,Dead/Abandoned,False,005,True
56,EXACT,0,75485125,,PERSONAL BEST,1998-05-14,602,personalbest,ABANDONED-FAILURE TO RESPOND OR LATE RESPONSE,Dead/Abandoned,False,016,False
56,EXACT,0,75436508,,PERSONAL BEST,1998-02-18,606,personalbest,ABANDONED - NO STATEMENT OF USE FILED,Dead/Abandoned,False,005,True
56,EXACT,0,75296439,2172763,PERSONALBEST,1997-05-22,710,personalbest,CANCELLED - SECTION 8,Dead/Cancelled,False,,False
56,EXACT,0,75296440,2176595,PERSONALBEST,1997-05-22,710,personalbest,CANCELLED - SECTION 8,Dead/Cancelled,False,,False
56,EXACT,0,75262771,,PERSONAL BEST,1997-03-24,601,personalbest,ABANDONED - EXPRESS,Dead/Abandoned,False,,False
56,EXACT,0,75100946,,PERSONAL BEST,1996-05-07,606,personalbest,ABANDONED - NO STATEMENT OF USE FILED,Dead/Abandoned,False,,False
56,EXACT,0,74666917,,PERSONAL BEST,1995-04-27,602,personalbest,ABANDONED-FAILURE TO RESPOND OR LATE RESPONSE,Dead/Abandoned,False,,False
56,EXACT,0,74631472,,PERSONAL BEST,1995-02-08,601,personalbest,ABANDONED - EXPRESS,Dead/Abandoned,False,,False
56,EXACT,0,74547789,,PERSONAL BEST,1994-07-11,602,personalbest,ABANDONED-FAILURE TO RESPOND OR LATE RESPONSE,Dead/Abandoned,False,,False
56,EXACT,0,74367440,1848004,PERSONAL BEST,1993-03-12,710,personalbest,CANCELLED - SECTION 8,Dead/Cancelled,False,,False
56,EXACT,0,74347371,,PERSONAL BEST,1993-01-11,606,personalbest,ABANDONED - NO STATEMENT OF USE FILED,Dead/Abandoned,False,,False
56,EXACT,0,74282011,1795746,PERSONAL BEST,1992-06-04,710,personalbest,CANCELLED - SECTION 8,Dead/Cancelled,False,,False
56,EXACT,0,74205986,,PERSONAL BEST,1991-09-23,606,personalbest,ABANDONED - NO STATEMENT OF USE FILED,Dead/Abandoned,False,,False
56,EXACT,0,74158393,,PERSONAL BEST,1991-04-18,602,personalbest,ABANDONED-FAILURE TO RESPOND OR LATE RESPONSE,Dead/Abandoned,False,,False
56,EXACT,0,74155755,,PERSONAL BEST,1991-04-10,602,personalbest,ABANDONED-FAILURE TO RESPOND OR LATE RESPONSE,Dead/Abandoned,False,,False
56,EXACT,0,74139738,1672909,PERSONAL BEST,1991-02-15,710,personalbest,CANCELLED - SECTION 8,Dead/Cancelled,False,,False
56,EXACT,0,74092840,,PERSONAL BEST,1990-08-28,602,personalbest,ABANDONED-FAILURE TO RESPOND OR LATE RESPONSE,Dead/Abandoned,False,,False
56,EXACT,0,73778894,,PERSONAL BEST,1989-02-06,602,personalbest,ABANDONED-FAILURE TO RESPOND OR LATE RESPONSE,Dead/Abandoned,False,,False
56,EXACT,0,73585026,1411750,PERSONAL BEST,1986-02-25,710,personalbest,CANCELLED - SECTION 8,Dead/Cancelled,False,,False
56,EXACT,0,73532065,,PERSONAL BEST,1985-04-12,605,personalbest,ABANDONED EXPRESS AFTER PUB,Dead/Abandoned,False,,False
56,EXACT,0,73454249,,PERSONAL BEST,1983-11-25,602,personalbest,ABANDONED-FAILURE TO RESPOND OR LATE RESPONSE,Dead/Abandoned,False,,False
56,EXACT,0,73421744,1308581,PERSONAL BEST,1983-04-15,710,personalbest,CANCELLED - SECTION 8,Dead/Cancelled,False,,False
56,EXACT,0,73397823,1261308,PERSONAL BEST,1982-09-30,710,personalbest,CANCELLED - SECTION 8,Dead/Cancelled,False,,False
56,NEAR_1_INSERTION,1,77669953,,PERSONAL BESTS,2009-02-13,602,personalbests,ABANDONED-FAILURE TO RESPOND OR LATE RESPONSE,Dead/Abandoned,False,041,False
57,EXACT,0,99764524,,TRUEFIT,2026-04-15,630,truefit,NEW APPLICATION - RECORD INITIALIZED NOT ASSIGNED TO EXAMINER,Live/Pending,True,020,False
57,EXACT,0,99663093,,TRUEFIT,2026-02-20,641,truefit,NON-FINAL ACTION - MAILED,Live/Pending,True,042,False
57,EXACT,0,98861703,8091543,TRUEFIT,2024-11-19,700,truefit,REGISTERED,Live/Registered,True,010,True
57,EXACT,0,98719427,,TRUEFIT,2024-08-27,730,truefit,FIRST EXTENSION - GRANTED,Live/Pending,True,010,True
57,EXACT,0,98349596,,TRUE-FIT,2024-01-09,731,truefit,SECOND EXTENSION - GRANTED,Live/Pending,True,"009,010",True
57,EXACT,0,98248573,7527907,TRUEFIT,2023-10-31,700,truefit,REGISTERED,Live/Registered,True,009,False
57,EXACT,0,97381805,8182537,TRUE FIT,2022-04-26,700,truefit,REGISTERED,Live/Registered,True,042,False
57,EXACT,0,90827399,6802941,TRUEFIT,2021-07-14,700,truefit,REGISTERED,Live/Registered,True,010,True
57,EXACT,0,90266372,6534670,TRUEFIT,2020-10-20,700,truefit,REGISTERED,Live/Registered,True,010,True
57,EXACT,0,88694535,6383374,TRUE FIT,2019-11-15,700,truefit,REGISTERED,Live/Registered,True,007,False
57,EXACT,0,87902594,6064792,TRUE FIT,2018-05-01,702,truefit,SECTION 8 & 15-ACCEPTED AND ACKNOWLEDGED,Live/Registered,True,024,False
57,EXACT,0,87902597,6059297,TRUE FIT,2018-05-01,702,truefit,SECTION 8 & 15-ACCEPTED AND ACKNOWLEDGED,Live/Registered,True,024,False
57,EXACT,0,87638583,5676180,TRUEFIT,2017-10-09,702,truefit,SECTION 8 & 15-ACCEPTED AND ACKNOWLEDGED,Live/Registered,True,005,True
57,EXACT,0,87285477,5578046,TRUEFIT,2016-12-30,702,truefit,SECTION 8 & 15-ACCEPTED AND ACKNOWLEDGED,Live/Registered,True,020,False
57,EXACT,0,87144842,5168553,TRUEFIT,2016-08-19,702,truefit,SECTION 8 & 15-ACCEPTED AND ACKNOWLEDGED,Live/Registered,True,012,False
57,EXACT,0,86635949,4967603,TRUEFIT,2015-05-20,800,truefit,REGISTERED AND RENEWED,Live/Registered,True,009,False
57,EXACT,0,86334463,4745148,TRUEFIT,2014-07-11,800,truefit,REGISTERED AND RENEWED,Live/Registered,True,036,False
57,EXACT,0,77983198,4210475,TRUE FIT,2009-10-23,800,truefit,REGISTERED AND RENEWED,Live/Registered,True,042,False
57,EXACT,0,78767603,3604411,TRUE FIT,2005-12-06,800,truefit,REGISTERED AND RENEWED,Live/Registered,True,009,False
57,EXACT,0,78979180,3370929,TRUE-FIT,2005-04-13,800,truefit,REGISTERED AND RENEWED,Live/Registered,True,009,False
57,EXACT,0,99347486,,TRUE FIT,2025-08-20,602,truefit,ABANDONED-FAILURE TO RESPOND OR LATE RESPONSE,Dead/Abandoned,False,012,False
57,EXACT,0,98572894,,TRUEFIT,2024-05-28,606,truefit,ABANDONED - NO STATEMENT OF USE FILED,Dead/Abandoned,False,028,False
57,EXACT,0,90798998,,TRUE-FIT,2021-06-28,606,truefit,ABANDONED - NO STATEMENT OF USE FILED,Dead/Abandoned,False,005,True
57,EXACT,0,90499682,,TRUEFIT,2021-01-30,606,truefit,ABANDONED - NO STATEMENT OF USE FILED,Dead/Abandoned,False,010,True
57,EXACT,0,90225837,,TRUE FIT,2020-09-30,602,truefit,ABANDONED-FAILURE TO RESPOND OR LATE RESPONSE,Dead/Abandoned,False,003,True
57,EXACT,0,90055135,,TRUE FIT,2020-07-15,606,truefit,ABANDONED - NO STATEMENT OF USE FILED,Dead/Abandoned,False,018,False
57,EXACT,0,88566429,,TRUE FIT,2019-08-05,602,truefit,ABANDONED-FAILURE TO RESPOND OR LATE RESPONSE,Dead/Abandoned,False,003,True
57,EXACT,0,87869253,5900176,TRUEFIT,2018-04-09,710,truefit,CANCELLED - SECTION 8,Dead/Cancelled,False,,False
57,EXACT,0,87487042,,TRUEFIT,2017-06-13,602,truefit,ABANDONED-FAILURE TO RESPOND OR LATE RESPONSE,Dead/Abandoned,False,"019,037",False
57,EXACT,0,87361735,5911532,TRUE-FIT,2017-03-07,710,truefit,CANCELLED - SECTION 8,Dead/Cancelled,False,,False
57,EXACT,0,87328383,,TRUEFIT,2017-02-08,602,truefit,ABANDONED-FAILURE TO RESPOND OR LATE RESPONSE,Dead/Abandoned,False,"006,017,039",False
57,EXACT,0,86830262,,TRUEFIT,2015-11-24,606,truefit,ABANDONED - NO STATEMENT OF USE FILED,Dead/Abandoned,False,012,False
57,EXACT,0,86761693,,TRUE FIT,2015-09-18,606,truefit,ABANDONED - NO STATEMENT OF USE FILED,Dead/Abandoned,False,006,False
57,EXACT,0,86674087,5115357,TRUE-FIT,2015-06-25,710,truefit,CANCELLED - SECTION 8,Dead/Cancelled,False,,False
57,EXACT,0,85874250,4535810,TRUEFIT,2013-03-12,710,truefit,CANCELLED - SECTION 8,Dead/Cancelled,False,,False
57,EXACT,0,85756519,4363903,TRUE-FIT,2012-10-17,710,truefit,CANCELLED - SECTION 8,Dead/Cancelled,False,,False
57,EXACT,0,85645791,4285660,TRUE FIT,2012-06-07,710,truefit,CANCELLED - SECTION 8,Dead/Cancelled,False,,False
57,EXACT,0,85171748,3977962,TRUEFIT,2010-11-08,710,truefit,CANCELLED - SECTION 8,Dead/Cancelled,False,,False
57,EXACT,0,85071643,,TRUEFIT,2010-06-25,606,truefit,ABANDONED - NO STATEMENT OF USE FILED,Dead/Abandoned,False,018,False
57,EXACT,0,85021845,3886336,TRUE-FIT,2010-04-23,710,truefit,CANCELLED - SECTION 8,Dead/Cancelled,False,,False
57,EXACT,0,77856276,,TRUE FIT,2009-10-23,606,truefit,ABANDONED - NO STATEMENT OF USE FILED,Dead/Abandoned,False,035,True
57,EXACT,0,77804557,,TRUE-FIT,2009-08-14,606,truefit,ABANDONED - NO STATEMENT OF USE FILED,Dead/Abandoned,False,017,False
57,EXACT,0,77794381,,TRUEFIT,2009-07-31,606,truefit,ABANDONED - NO STATEMENT OF USE FILED,Dead/Abandoned,False,010,True
57,EXACT,0,77783687,,TRUE-FIT,2009-07-17,602,truefit,ABANDONED-FAILURE TO RESPOND OR LATE RESPONSE,Dead/Abandoned,False,00A,False
57,EXACT,0,77622469,,TRUEFIT,2008-11-26,606,truefit,ABANDONED - NO STATEMENT OF USE FILED,Dead/Abandoned,False,010,True
57,EXACT,0,77620564,,TRUEFIT,2008-11-24,606,truefit,ABANDONED - NO STATEMENT OF USE FILED,Dead/Abandoned,False,010,True
57,EXACT,0,77393251,,TRUEFIT,2008-02-10,606,truefit,ABANDONED - NO STATEMENT OF USE FILED,Dead/Abandoned,False,012,False
57,EXACT,0,77260637,,TRUEFIT,2007-08-21,602,truefit,ABANDONED-FAILURE TO RESPOND OR LATE RESPONSE,Dead/Abandoned,False,010,True
57,EXACT,0,77223934,3385145,TRUE FIT,2007-07-06,710,truefit,CANCELLED - SECTION 8,Dead/Cancelled,False,,False
57,EXACT,0,78696256,3266152,TRUE FIT,2005-08-19,710,truefit,CANCELLED - SECTION 8,Dead/Cancelled,False,,False
57,EXACT,0,78607499,,TRUE-FIT,2005-04-13,606,truefit,ABANDONED - NO STATEMENT OF USE FILED,Dead/Abandoned,False,019,False
57,EXACT,0,79018334,3258853,TRUEFIT,2005-02-17,404,truefit,IR CANCELLED; US REGISTRATION CANCELLED,Dead/Cancelled,False,,False
57,EXACT,0,76625581,3127450,TRUE FIT,2004-12-21,710,truefit,CANCELLED - SECTION 8,Dead/Cancelled,False,,False
57,EXACT,0,78357589,3007906,TRUEFIT,2004-01-26,710,truefit,CANCELLED - SECTION 8,Dead/Cancelled,False,,False
57,EXACT,0,78188724,,TRUE FIT,2002-11-25,602,truefit,ABANDONED-FAILURE TO RESPOND OR LATE RESPONSE,Dead/Abandoned,False,010,True
57,EXACT,0,76391782,2669082,TRUE FIT,2002-04-08,710,truefit,CANCELLED - SECTION 8,Dead/Cancelled,False,,False
57,EXACT,0,76292121,,TRUE FIT,2001-07-30,602,truefit,ABANDONED-FAILURE TO RESPOND OR LATE RESPONSE,Dead/Abandoned,False,012,False
57,EXACT,0,76179016,2620049,TRUEFIT,2000-12-11,713,truefit,CANCELLED - SECTION 18,Dead/Cancelled,False,,False
57,EXACT,0,76046362,,TRUEFIT,2000-05-10,606,truefit,ABANDONED - NO STATEMENT OF USE FILED,Dead/Abandoned,False,009,False
57,EXACT,0,75137410,,TRUE FIT,1996-07-22,606,truefit,ABANDONED - NO STATEMENT OF USE FILED,Dead/Abandoned,False,,False
57,EXACT,0,75976659,2252040,TRUE FIT,1996-07-22,710,truefit,CANCELLED - SECTION 8,Dead/Cancelled,False,,False
57,EXACT,0,75056043,2028874,TRUEFIT,1996-02-09,710,truefit,CANCELLED - SECTION 8,Dead/Cancelled,False,,False
57,EXACT,0,74624497,1958671,TRUE FIT,1995-01-23,710,truefit,CANCELLED - SECTION 8,Dead/Cancelled,False,,False
57,EXACT,0,74255528,,TRUEFIT,1992-03-16,602,truefit,ABANDONED-FAILURE TO RESPOND OR LATE RESPONSE,Dead/Abandoned,False,,False
57,EXACT,0,74167313,1691602,TRUE-FIT,1991-05-16,710,truefit,CANCELLED - SECTION 8,Dead/Cancelled,False,,False
57,EXACT,0,72295920,0881216,TRUE FIT,1968-04-18,900,truefit,EXPIRED,Dead/Expired,False,,False
57,NEAR_1_SUBSTITUTION,1,99582361,,TREEFIT,2026-01-07,641,treefit,NON-FINAL ACTION - MAILED,Live/Pending,True,041,False
57,NEAR_1_SUBSTITUTION,1,99214042,,TRUKFIT,2025-06-02,688,trukfit,NOTICE OF ALLOWANCE - ISSUED,Live/Pending,True,025,False
57,NEAR_1_SUBSTITUTION,1,98397781,7812889,TRUEFIX,2024-02-08,700,truefix,REGISTERED,Live/Registered,True,037,False
57,NEAR_1_DELETION,1,98148843,,TRU-FIT,2023-08-24,748,trufit,STATEMENT OF USE - TO EXAMINER,Live/Pending,True,012,False
57,NEAR_1_SUBSTITUTION,1,79380450,7504820,TRUE KIT,2023-07-27,700,truekit,REGISTERED,Live/Registered,True,012,False
57,NEAR_1_DELETION,1,97847274,,TRUFIT,2023-03-20,732,trufit,THIRD EXTENSION - GRANTED,Live/Pending,True,"028,035",True
57,NEAR_1_SUBSTITUTION,1,97694418,7203681,TRUE WIT,2022-11-28,700,truewit,REGISTERED,Live/Registered,True,032,False
57,NEAR_1_DELETION,1,97600316,,TRUFIT,2022-09-21,733,trufit,FOURTH EXTENSION - GRANTED,Live/Pending,True,042,False
57,NEAR_1_DELETION,1,97215496,6957238,TRU-FIT,2022-01-12,700,trufit,REGISTERED,Live/Registered,True,027,False
57,NEAR_1_SUBSTITUTION,1,97069283,7146546,TRUXFIT,2021-10-11,700,truxfit,REGISTERED,Live/Registered,True,"011,012",False
57,NEAR_1_DELETION,1,97005102,7117773,TRUFIT,2021-08-31,700,trufit,REGISTERED,Live/Registered,True,"009,035",True
57,NEAR_1_DELETION,1,90817049,6875561,TRUFIT,2021-07-08,700,trufit,REGISTERED,Live/Registered,True,040,False
57,NEAR_1_SUBSTITUTION,1,90766069,6806766,TRUEBIT,2021-06-10,700,truebit,REGISTERED,Live/Registered,True,"041,042",False
57,NEAR_1_SUBSTITUTION,1,90757757,6937607,TRUE FIN,2021-06-07,700,truefin,REGISTERED,Live/Registered,True,029,False
57,NEAR_1_DELETION,1,90489834,6626514,TRUEFI,2021-01-26,700,truefi,REGISTERED,Live/Registered,True,036,False
57,NEAR_1_DELETION,1,90489839,6626515,TRUEFI,2021-01-26,700,truefi,REGISTERED,Live/Registered,True,042,False
57,NEAR_1_DELETION,1,79297796,6358619,TRUFIT,2020-06-10,700,trufit,REGISTERED,Live/Registered,True,009,False
57,NEAR_1_INSERTION,1,88867431,6317136,TRUE3FIT,2020-04-10,700,true3fit,REGISTERED,Live/Registered,True,012,False
57,NEAR_1_DELETION,1,88734910,6252731,TRUFIT,2019-12-20,702,trufit,SECTION 8 & 15-ACCEPTED AND ACKNOWLEDGED,Live/Registered,True,027,False
57,NEAR_1_SUBSTITUTION,1,88704254,6680056,TRUEFIN,2019-11-23,700,truefin,REGISTERED,Live/Registered,True,028,False
57,NEAR_1_DELETION,1,88609277,6167196,TRUE IT,2019-09-09,700,trueit,REGISTERED,Live/Registered,True,042,False
57,NEAR_1_DELETION,1,88030026,5759322,TRU FIT,2018-07-09,702,trufit,SECTION 8 & 15-ACCEPTED AND ACKNOWLEDGED,Live/Registered,True,019,False
57,NEAR_1_DELETION,1,87411310,5456912,TRU-FIT,2017-04-13,702,trufit,SECTION 8 & 15-ACCEPTED AND ACKNOWLEDGED,Live/Registered,True,012,False
57,NEAR_1_DELETION,1,87105146,5148358,TRUFIT,2016-07-15,702,trufit,SECTION 8 & 15-ACCEPTED AND ACKNOWLEDGED,Live/Registered,True,006,False
57,NEAR_1_DELETION,1,86670051,5298971,TRU FIT,2015-06-22,702,trufit,SECTION 8 & 15-ACCEPTED AND ACKNOWLEDGED,Live/Registered,True,025,False
57,NEAR_1_DELETION,1,86197509,4689924,TRU-FIT,2014-02-19,800,trufit,REGISTERED AND RENEWED,Live/Registered,True,021,True
57,NEAR_1_DELETION,1,85913556,4637924,TRUFIT,2013-04-24,800,trufit,REGISTERED AND RENEWED,Live/Registered,True,"007,037",False
57,NEAR_1_DELETION,1,85649728,4279636,TRUEIT,2012-06-12,800,trueit,REGISTERED AND RENEWED,Live/Registered,True,042,False
57,NEAR_1_DELETION,1,85482481,4645475,TRUFIT,2011-11-29,800,trufit,REGISTERED AND RENEWED,Live/Registered,True,010,True
57,NEAR_1_DELETION,1,85238302,4031391,TRUFIT,2011-02-09,800,trufit,REGISTERED AND RENEWED,Live/Registered,True,040,False
57,NEAR_1_DELETION,1,85147971,4498387,TRUFIT,2010-10-07,800,trufit,REGISTERED AND RENEWED,Live/Registered,True,009,False
57,NEAR_1_DELETION,1,76704587,3933164,TRU-FIT,2010-09-21,800,trufit,REGISTERED AND RENEWED,Live/Registered,True,012,False
57,NEAR_1_DELETION,1,77315552,3562211,TRU-FIT,2007-10-29,800,trufit,REGISTERED AND RENEWED,Live/Registered,True,005,True
57,NEAR_1_DELETION,1,78941586,3385570,TRU-FIT,2006-07-31,800,trufit,REGISTERED AND RENEWED,Live/Registered,True,007,False
57,NEAR_1_DELETION,1,78829925,3272014,TRUFIT,2006-03-06,800,trufit,REGISTERED AND RENEWED,Live/Registered,True,009,False
57,NEAR_1_DELETION,1,78423828,3001358,TRU-FIT,2004-05-24,800,trufit,REGISTERED AND RENEWED,Live/Registered,True,010,True
57,NEAR_1_DELETION,1,76227287,2674027,TRU-FIT,2001-03-19,800,trufit,REGISTERED AND RENEWED,Live/Registered,True,005,True
57,NEAR_1_DELETION,1,74538652,1986135,TRUFIT,1994-06-16,800,trufit,REGISTERED AND RENEWED,Live/Registered,True,006,False
57,NEAR_1_DELETION,1,74451175,1912332,TRU-FIT,1993-10-26,800,trufit,REGISTERED AND RENEWED,Live/Registered,True,009,False
57,NEAR_1_DELETION,1,73153136,1102467,TRU-FIT,1977-12-23,800,trufit,REGISTERED AND RENEWED,Live/Registered,True,001,False
57,NEAR_1_SUBSTITUTION,1,98722938,,TRUKFIT,2024-08-28,604,trukfit,ABANDONED - AFTER INTER-PARTES DECISION,Dead/Abandoned,False,,False
57,NEAR_1_DELETION,1,97859006,,TRU-FIT,2023-03-27,602,trufit,ABANDONED-FAILURE TO RESPOND OR LATE RESPONSE,Dead/Abandoned,False,"010,028",True
57,NEAR_1_DELETION,1,97859012,,TRU-FIT,2023-03-27,602,trufit,ABANDONED-FAILURE TO RESPOND OR LATE RESPONSE,Dead/Abandoned,False,"010,028",True
57,NEAR_1_SUBSTITUTION,1,90863186,,TRUEFIX,2021-08-03,601,truefix,ABANDONED - EXPRESS,Dead/Abandoned,False,010,True
57,NEAR_1_DELETION,1,90459047,,TRUFIT,2021-01-11,602,trufit,ABANDONED-FAILURE TO RESPOND OR LATE RESPONSE,Dead/Abandoned,False,009,False
57,NEAR_1_SUBSTITUTION,1,90337559,,TRU3FIT,2020-11-23,602,tru3fit,ABANDONED-FAILURE TO RESPOND OR LATE RESPONSE,Dead/Abandoned,False,025,False
57,NEAR_1_DELETION,1,88499466,,TRUFIT,2019-07-03,601,trufit,ABANDONED - EXPRESS,Dead/Abandoned,False,009,False
57,NEAR_1_DELETION,1,88490031,,TRUFIT,2019-06-26,606,trufit,ABANDONED - NO STATEMENT OF USE FILED,Dead/Abandoned,False,"010,028",True
57,NEAR_1_DELETION,1,88338404,,TRUFIT,2019-03-13,605,trufit,ABANDONED EXPRESS AFTER PUB,Dead/Abandoned,False,,False
57,NEAR_1_DELETION,1,88224858,,TRU-FIT,2018-12-11,606,trufit,ABANDONED - NO STATEMENT OF USE FILED,Dead/Abandoned,False,"010,028",True
57,NEAR_1_DELETION,1,88179550,,TRUFIT,2018-11-02,606,trufit,ABANDONED - NO STATEMENT OF USE FILED,Dead/Abandoned,False,010,True
57,NEAR_1_SUBSTITUTION,1,87947453,,TRUEHIT,2018-06-04,604,truehit,ABANDONED - AFTER INTER-PARTES DECISION,Dead/Abandoned,False,,False
57,NEAR_1_DELETION,1,87930542,,TRU-FIT,2018-05-21,606,trufit,ABANDONED - NO STATEMENT OF USE FILED,Dead/Abandoned,False,019,False
57,NEAR_1_DELETION,1,87755633,,TRUFIT,2018-01-15,602,trufit,ABANDONED-FAILURE TO RESPOND OR LATE RESPONSE,Dead/Abandoned,False,012,False
57,NEAR_1_SUBSTITUTION,1,87204546,,TRUEFIN,2016-10-15,606,truefin,ABANDONED - NO STATEMENT OF USE FILED,Dead/Abandoned,False,028,False
57,NEAR_1_DELETION,1,86894700,5101929,TRUFIT,2016-02-02,710,trufit,CANCELLED - SECTION 8,Dead/Cancelled,False,,False
57,NEAR_1_SUBSTITUTION,1,86840787,,TRUEFIX,2015-12-07,606,truefix,ABANDONED - NO STATEMENT OF USE FILED,Dead/Abandoned,False,036,False
57,NEAR_1_SUBSTITUTION,1,86689523,,TRUKFIT,2015-07-10,606,trukfit,ABANDONED - NO STATEMENT OF USE FILED,Dead/Abandoned,False,018,False
57,NEAR_1_SUBSTITUTION,1,86667688,,TRUEFIN,2015-06-18,602,truefin,ABANDONED-FAILURE TO RESPOND OR LATE RESPONSE,Dead/Abandoned,False,012,False
57,NEAR_1_SUBSTITUTION,1,86623262,4938320,TRUEFIX,2015-05-08,710,truefix,CANCELLED - SECTION 8,Dead/Cancelled,False,,False
57,NEAR_1_DELETION,1,86568009,,TRU FIT,2015-03-18,602,trufit,ABANDONED-FAILURE TO RESPOND OR LATE RESPONSE,Dead/Abandoned,False,025,False
57,NEAR_1_DELETION,1,86450651,4768317,TRU-FIT,2014-11-11,710,trufit,CANCELLED - SECTION 8,Dead/Cancelled,False,,False
57,NEAR_1_DELETION,1,86375414,,TRUFIT,2014-08-23,606,trufit,ABANDONED - NO STATEMENT OF USE FILED,Dead/Abandoned,False,017,False
57,NEAR_1_DELETION,1,86175116,,TRUFIT,2014-01-24,606,trufit,ABANDONED - NO STATEMENT OF USE FILED,Dead/Abandoned,False,009,False
57,NEAR_1_DELETION,1,85889293,,TRU-FIT,2013-03-28,606,trufit,ABANDONED - NO STATEMENT OF USE FILED,Dead/Abandoned,False,005,True
57,NEAR_1_DELETION,1,85863480,4414381,TRUFIT,2013-02-28,710,trufit,CANCELLED - SECTION 8,Dead/Cancelled,False,,False
57,NEAR_1_DELETION,1,85846295,,TRUE-IT,2013-02-11,602,trueit,ABANDONED-FAILURE TO RESPOND OR LATE RESPONSE,Dead/Abandoned,False,042,False
57,NEAR_1_SUBSTITUTION,1,85809473,4518783,TRUE FIX,2012-12-21,710,truefix,CANCELLED - SECTION 8,Dead/Cancelled,False,,False
57,NEAR_1_SUBSTITUTION,1,85787198,,TRUEFIX,2012-11-26,606,truefix,ABANDONED - NO STATEMENT OF USE FILED,Dead/Abandoned,False,009,False
57,NEAR_1_SUBSTITUTION,1,85982174,4585800,TRUEFIX,2012-11-26,710,truefix,CANCELLED - SECTION 8,Dead/Cancelled,False,,False
57,NEAR_1_SUBSTITUTION,1,85743744,4409934,TRUEHIT,2012-10-02,710,truehit,CANCELLED - SECTION 8,Dead/Cancelled,False,,False
57,NEAR_1_DELETION,1,85733912,4334635,TRUFIT,2012-09-20,710,trufit,CANCELLED - SECTION 8,Dead/Cancelled,False,,False
57,NEAR_1_DELETION,1,85708735,4397629,TRÜ FIT,2012-08-21,710,trufit,CANCELLED - SECTION 8,Dead/Cancelled,False,,False
57,NEAR_1_DELETION,1,85608985,,TRUFIT,2012-04-26,606,trufit,ABANDONED - NO STATEMENT OF USE FILED,Dead/Abandoned,False,010,True
57,NEAR_1_SUBSTITUTION,1,85540608,,TRUMFIT,2012-02-13,604,trumfit,ABANDONED - AFTER INTER-PARTES DECISION,Dead/Abandoned,False,,False
57,NEAR_1_SUBSTITUTION,1,85473931,,TRUKFIT,2011-11-16,606,trukfit,ABANDONED - NO STATEMENT OF USE FILED,Dead/Abandoned,False,041,False
57,NEAR_1_SUBSTITUTION,1,85474096,,TRUKFIT,2011-11-16,606,trukfit,ABANDONED - NO STATEMENT OF USE FILED,Dead/Abandoned,False,009,False
57,NEAR_1_SUBSTITUTION,1,85474109,,TRUKFIT,2011-11-16,606,trukfit,ABANDONED - NO STATEMENT OF USE FILED,Dead/Abandoned,False,014,False
57,NEAR_1_SUBSTITUTION,1,85474133,,TRUKFIT,2011-11-16,606,trukfit,ABANDONED - NO STATEMENT OF USE FILED,Dead/Abandoned,False,018,False
57,NEAR_1_SUBSTITUTION,1,85474146,4813088,TRUKFIT,2011-11-16,710,trukfit,CANCELLED - SECTION 8,Dead/Cancelled,False,,False
57,NEAR_1_SUBSTITUTION,1,85474169,,TRUKFIT,2011-11-16,606,trukfit,ABANDONED - NO STATEMENT OF USE FILED,Dead/Abandoned,False,028,False
57,NEAR_1_DELETION,1,85373712,,TRUFIT,2011-07-18,606,trufit,ABANDONED - NO STATEMENT OF USE FILED,Dead/Abandoned,False,036,False
57,NEAR_1_INSERTION,1,85308073,,TRUEFITZ,2011-04-29,602,truefitz,ABANDONED-FAILURE TO RESPOND OR LATE RESPONSE,Dead/Abandoned,False,035,True
57,NEAR_1_DELETION,1,85243336,4089028,TRUEFI,2011-02-16,713,truefi,CANCELLED - SECTION 18,Dead/Cancelled,False,,False
57,NEAR_1_DELETION,1,85042028,4122360,TRUFIT,2010-05-18,710,trufit,CANCELLED - SECTION 8,Dead/Cancelled,False,,False
57,NEAR_1_DELETION,1,77903772,,TRÜ FIT,2009-12-31,606,trufit,ABANDONED - NO STATEMENT OF USE FILED,Dead/Abandoned,False,009,False
57,NEAR_1_DELETION,1,77870198,,TRUFIT,2009-11-11,602,trufit,ABANDONED-FAILURE TO RESPOND OR LATE RESPONSE,Dead/Abandoned,False,"006,008",False
57,NEAR_1_DELETION,1,77545510,,TRU-FIT,2008-08-13,602,trufit,ABANDONED-FAILURE TO RESPOND OR LATE RESPONSE,Dead/Abandoned,False,025,False
57,NEAR_1_DELETION,1,77307386,3539555,TRU-FIT,2007-10-18,710,trufit,CANCELLED - SECTION 8,Dead/Cancelled,False,,False
57,NEAR_1_SUBSTITUTION,1,78704963,,TRUEDIT,2005-09-01,602,truedit,ABANDONED-FAILURE TO RESPOND OR LATE RESPONSE,Dead/Abandoned,False,"009,042",False
57,NEAR_1_DELETION,1,78667764,,TRUFIT,2005-07-11,602,trufit,ABANDONED-FAILURE TO RESPOND OR LATE RESPONSE,Dead/Abandoned,False,028,False
57,NEAR_1_DELETION,1,76613087,,TRUFIT,2004-09-28,602,trufit,ABANDONED-FAILURE TO RESPOND OR LATE RESPONSE,Dead/Abandoned,False,"010,037,044",True
57,NEAR_1_DELETION,1,78426259,,TRU-FIT,2004-05-27,606,trufit,ABANDONED - NO STATEMENT OF USE FILED,Dead/Abandoned,False,028,False
57,NEAR_1_DELETION,1,78394894,,TRUFIT,2004-04-01,602,trufit,ABANDONED-FAILURE TO RESPOND OR LATE RESPONSE,Dead/Abandoned,False,025,False
57,NEAR_1_SUBSTITUTION,1,76576803,2991282,TRUE/FIX,2004-02-19,710,truefix,CANCELLED - SECTION 8,Dead/Cancelled,False,,False
57,NEAR_1_DELETION,1,76560866,,TRU-FIT,2003-11-19,606,trufit,ABANDONED - NO STATEMENT OF USE FILED,Dead/Abandoned,False,007,False
57,NEAR_1_DELETION,1,78229037,2906245,TRUFIT,2003-03-24,710,trufit,CANCELLED - SECTION 8,Dead/Cancelled,False,,False
57,NEAR_1_DELETION,1,78210149,2808702,TRU-FIT,2003-02-03,710,trufit,CANCELLED - SECTION 8,Dead/Cancelled,False,,False
57,NEAR_1_DELETION,1,78166836,,TRU-FIT,2002-09-23,606,trufit,ABANDONED - NO STATEMENT OF USE FILED,Dead/Abandoned,False,020,False
57,NEAR_1_DELETION,1,78105968,,TRUFIT,2002-01-31,606,trufit,ABANDONED - NO STATEMENT OF USE FILED,Dead/Abandoned,False,"001,005,031",True
57,NEAR_1_SUBSTITUTION,1,78061810,,TRUEXIT,2001-05-03,606,truexit,ABANDONED - NO STATEMENT OF USE FILED,Dead/Abandoned,False,009,False
57,NEAR_1_SUBSTITUTION,1,78010802,2583806,TRUEDIT,2000-06-01,710,truedit,CANCELLED - SECTION 8,Dead/Cancelled,False,,False
57,NEAR_1_DELETION,1,75801691,,TRUFIT,1999-09-17,602,trufit,ABANDONED-FAILURE TO RESPOND OR LATE RESPONSE,Dead/Abandoned,False,025,False
57,NEAR_1_DELETION,1,75730364,,TRU FIT,1999-07-13,606,trufit,ABANDONED - NO STATEMENT OF USE FILED,Dead/Abandoned,False,028,False
57,NEAR_1_DELETION,1,75657668,,TRU-FIT,1999-03-10,602,trufit,ABANDONED-FAILURE TO RESPOND OR LATE RESPONSE,Dead/Abandoned,False,025,False
57,NEAR_1_SUBSTITUTION,1,75274735,2360522,TRUEBIT,1997-04-15,710,truebit,CANCELLED - SECTION 8,Dead/Cancelled,False,,False
57,NEAR_1_DELETION,1,75195479,,TRU-FIT,1996-11-12,606,trufit,ABANDONED - NO STATEMENT OF USE FILED,Dead/Abandoned,False,010,True
57,NEAR_1_DELETION,1,75122756,,TRUE-FI,1996-06-20,602,truefi,ABANDONED-FAILURE TO RESPOND OR LATE RESPONSE,Dead/Abandoned,False,,False
57,NEAR_1_DELETION,1,75016413,,TRU-FIT,1995-11-06,606,trufit,ABANDONED - NO STATEMENT OF USE FILED,Dead/Abandoned,False,,False
57,NEAR_1_DELETION,1,74485784,1879915,TRU-FIT,1994-02-03,900,trufit,EXPIRED,Dead/Expired,False,,False
57,NEAR_1_SUBSTITUTION,1,74281390,1791469,TRUE/FIX,1992-06-04,710,truefix,CANCELLED - SECTION 8,Dead/Cancelled,False,,False
57,NEAR_1_SUBSTITUTION,1,74238420,,TRUE/FIX,1992-01-17,602,truefix,ABANDONED-FAILURE TO RESPOND OR LATE RESPONSE,Dead/Abandoned,False,,False
57,NEAR_1_DELETION,1,74162072,,TRU-FIT,1991-04-29,602,trufit,ABANDONED-FAILURE TO RESPOND OR LATE RESPONSE,Dead/Abandoned,False,,False
57,NEAR_1_DELETION,1,74082482,,TRU FIT,1990-07-27,606,trufit,ABANDONED - NO STATEMENT OF USE FILED,Dead/Abandoned,False,,False
57,NEAR_1_DELETION,1,73813377,,TRU-FIT,1989-07-18,601,trufit,ABANDONED - EXPRESS,Dead/Abandoned,False,,False
57,NEAR_1_DELETION,1,73786822,1586376,TRU-FIT,1989-03-15,710,trufit,CANCELLED - SECTION 8,Dead/Cancelled,False,,False
57,NEAR_1_DELETION,1,73567692,1396684,TRU-FIT,1985-11-08,710,trufit,CANCELLED - SECTION 8,Dead/Cancelled,False,,False
57,NEAR_1_DELETION,1,73472001,1352636,TRU-FIT,1984-03-23,900,trufit,EXPIRED,Dead/Expired,False,,False
57,NEAR_1_DELETION,1,73321056,1235073,TRU-FIT,1981-07-27,710,trufit,CANCELLED - SECTION 8,Dead/Cancelled,False,,False
57,NEAR_1_DELETION,1,73263079,1413081,TRU-FIT,1980-05-21,710,trufit,CANCELLED - SECTION 8,Dead/Cancelled,False,,False
57,NEAR_1_DELETION,1,73142364,1107318,TRU-FIT,1977-09-23,900,trufit,EXPIRED,Dead/Expired,False,,False
57,NEAR_1_DELETION,1,73093225,1066151,TRU-FIT,1976-07-12,713,trufit,CANCELLED - SECTION 18,Dead/Cancelled,False,,False
57,NEAR_1_DELETION,1,73038419,1056917,TRU-FIT,1974-11-29,710,trufit,CANCELLED - SECTION 8,Dead/Cancelled,False,,False
57,NEAR_1_DELETION,1,72239631,0833126,TRU-FIT,1966-02-25,900,trufit,EXPIRED,Dead/Expired,False,,False
57,NEAR_1_SUBSTITUTION,1,72197073,0784701,TRUEFIN,1964-07-06,900,truefin,EXPIRED,Dead/Expired,False,,False
57,NEAR_1_DELETION,1,72193460,0789301,TRU-FIT,1964-05-14,900,trufit,EXPIRED,Dead/Expired,False,,False
57,NEAR_1_DELETION,1,72188960,0794499,TRU-FIT,1964-03-18,900,trufit,EXPIRED,Dead/Expired,False,,False
57,NEAR_1_DELETION,1,72172958,0772766,TRU- FIT,1963-07-12,710,trufit,CANCELLED - SECTION 8,Dead/Cancelled,False,,False
57,NEAR_1_DELETION,1,71694679,0623884,TRU-FIT,1955-09-14,900,trufit,EXPIRED,Dead/Expired,False,,False
57,NEAR_1_DELETION,1,71147383,0175810,TRU-FIT,1921-05-07,710,trufit,CANCELLED - SECTION 8,Dead/Cancelled,False,,False
57,NEAR_1_DELETION,1,80998356,0998356,TRU-FIT,,710,trufit,CANCELLED - SECTION 8,Dead/Cancelled,False,,False
57,NEAR_1_SUBSTITUTION,1,88322129,,TREEFIT,,622,treefit,MISASSIGNED SERIAL NUMBER,Indifferent,False,025,False
58,EXACT,0,87052236,5132342,ONE BETTER,2016-05-27,710,onebetter,CANCELLED - SECTION 8,Dead/Cancelled,False,,False
58,EXACT,0,78784210,3245564,ONEBETTER,2006-01-03,710,onebetter,CANCELLED - SECTION 8,Dead/Cancelled,False,,False
58,EXACT,0,78428772,,ONE BETTER,2004-06-02,606,onebetter,ABANDONED - NO STATEMENT OF USE FILED,Dead/Abandoned,False,012,False
58,EXACT,0,73016051,1007241,ONE BETTER,1974-03-15,710,onebetter,CANCELLED - SECTION 8,Dead/Cancelled,False,,False
58,NEAR_1_INSERTION,1,99662732,,NONE BETTER,2026-02-20,641,nonebetter,NON-FINAL ACTION - MAILED,Live/Pending,True,034,False
58,NEAR_1_INSERTION,1,99662967,,NONE BETTER,2026-02-20,641,nonebetter,NON-FINAL ACTION - MAILED,Live/Pending,True,034,False
58,NEAR_1_INSERTION,1,98786732,,ONCE BETTER,2024-10-05,748,oncebetter,STATEMENT OF USE - TO EXAMINER,Live/Pending,True,005,True
58,NEAR_1_DELETION,1,98692245,7897581,ONBETTER,2024-08-10,700,onbetter,REGISTERED,Live/Registered,True,005,True
58,NEAR_1_INSERTION,1,75358671,2196804,NONE BETTER,1997-09-17,800,nonebetter,REGISTERED AND RENEWED,Live/Registered,True,029,False
58,NEAR_1_INSERTION,1,76586566,,NONE BETTER,2004-04-12,604,nonebetter,ABANDONED - AFTER INTER-PARTES DECISION,Dead/Abandoned,False,,False
58,NEAR_1_INSERTION,1,71199486,0195979,NONE BETTER,1924-07-02,900,nonebetter,EXPIRED,Dead/Expired,False,,False
59,EXACT,0,99211833,,SKIN IN THE GAME,2025-05-31,641,skininthegame,NON-FINAL ACTION - MAILED,Live/Pending,True,"035,041",True
59,EXACT,0,99121755,8099816,SKIN IN THE GAME,2025-04-04,700,skininthegame,REGISTERED,Live/Registered,True,"035,041",True
59,EXACT,0,97725703,8268782,SKIN IN THE GAME,2022-12-20,700,skininthegame,REGISTERED,Live/Registered,True,003,True
59,EXACT,0,88737837,,SKIN IN THE GAME,2019-12-23,733,skininthegame,FOURTH EXTENSION - GRANTED,Live/Pending,True,"036,037,039,041,045",False
59,EXACT,0,88559892,5996373,SKIN IN THE GAME,2019-08-01,701,skininthegame,SECTION 8-ACCEPTED,Live/Registered,True,041,False
59,EXACT,0,97330181,,SKIN IN THE GAME,2022-03-25,606,skininthegame,ABANDONED - NO STATEMENT OF USE FILED,Dead/Abandoned,False,"035,041,042",True
59,EXACT,0,90478234,,SKIN IN THE GAME,2021-01-20,606,skininthegame,ABANDONED - NO STATEMENT OF USE FILED,Dead/Abandoned,False,044,True
59,EXACT,0,90478258,,SKIN IN THE GAME,2021-01-20,606,skininthegame,ABANDONED - NO STATEMENT OF USE FILED,Dead/Abandoned,False,003,True
59,EXACT,0,88095183,,SKIN IN THE GAME,2018-08-28,606,skininthegame,ABANDONED - NO STATEMENT OF USE FILED,Dead/Abandoned,False,"009,035,041",True
59,EXACT,0,88095203,,SKIN IN THE GAME,2018-08-28,602,skininthegame,ABANDONED-FAILURE TO RESPOND OR LATE RESPONSE,Dead/Abandoned,False,"009,035,036,041",True
59,EXACT,0,87295137,,SKIN IN THE GAME,2017-01-10,606,skininthegame,ABANDONED - NO STATEMENT OF USE FILED,Dead/Abandoned,False,"036,041",False
59,EXACT,0,86300566,,SKIN IN THE GAME,2014-06-04,606,skininthegame,ABANDONED - NO STATEMENT OF USE FILED,Dead/Abandoned,False,041,False
59,EXACT,0,86237398,,SKIN IN THE GAME,2014-03-31,606,skininthegame,ABANDONED - NO STATEMENT OF USE FILED,Dead/Abandoned,False,025,False
59,EXACT,0,85973900,,SKIN . . . IN THE GAME,2013-06-30,606,skininthegame,ABANDONED - NO STATEMENT OF USE FILED,Dead/Abandoned,False,003,True
59,EXACT,0,77716492,,SKIN IN THE GAME,2009-04-17,606,skininthegame,ABANDONED - NO STATEMENT OF USE FILED,Dead/Abandoned,False,038,False
60,EXACT,0,99893515,,SELF EVIDENT,2026-06-18,630,selfevident,NEW APPLICATION - RECORD INITIALIZED NOT ASSIGNED TO EXAMINER,Live/Pending,True,"009,042",False
60,EXACT,0,90263783,6640788,SELF-EVIDENT,2020-10-19,700,selfevident,REGISTERED,Live/Registered,True,033,False
60,EXACT,0,86878561,,SELF EVIDENT,2016-01-18,606,selfevident,ABANDONED - NO STATEMENT OF USE FILED,Dead/Abandoned,False,033,False
60,NEAR_1_INSERTION,1,74425013,1892316,SHELF EVIDENT,1993-08-16,710,shelfevident,CANCELLED - SECTION 8,Dead/Cancelled,False,,False
60,NEAR_1_INSERTION,1,74347110,,SHELF EVIDENT,1993-01-11,606,shelfevident,ABANDONED - NO STATEMENT OF USE FILED,Dead/Abandoned,False,,False
61,EXACT,0,79384983,7953934,PRESENT PERFECT,2023-10-12,700,presentperfect,REGISTERED,Live/Registered,True,"005,035",True
61,EXACT,0,88435378,6217577,PRESENT PERFECT,2019-05-17,700,presentperfect,REGISTERED,Live/Registered,True,035,True
61,EXACT,0,77900514,4172078,PRESENT PERFECT,2009-12-23,800,presentperfect,REGISTERED AND RENEWED,Live/Registered,True,"021,031",True
61,EXACT,0,87121055,5224625,PRESENT PERFECT,2016-07-29,710,presentperfect,CANCELLED - SECTION 8,Dead/Cancelled,False,,False
61,EXACT,0,87054693,,PRESENT PERFECT,2016-05-31,606,presentperfect,ABANDONED - NO STATEMENT OF USE FILED,Dead/Abandoned,False,009,False
61,EXACT,0,86843439,,PRESENT PERFECT,2015-12-09,606,presentperfect,ABANDONED - NO STATEMENT OF USE FILED,Dead/Abandoned,False,003,True
61,EXACT,0,86458896,5018523,PRESENT PERFECT,2014-11-19,710,presentperfect,CANCELLED - SECTION 8,Dead/Cancelled,False,,False
61,EXACT,0,76512049,2927278,PRESENT PERFECT,2003-05-05,710,presentperfect,CANCELLED - SECTION 8,Dead/Cancelled,False,,False
61,EXACT,0,76390602,,PRESENT PERFECT,2002-04-02,602,presentperfect,ABANDONED-FAILURE TO RESPOND OR LATE RESPONSE,Dead/Abandoned,False,035,True
61,EXACT,0,73765774,1571835,PRESENT PERFECT,1988-11-25,710,presentperfect,CANCELLED - SECTION 8,Dead/Cancelled,False,,False
62,EXACT,0,79126947,4394511,SURFACETENSION,2012-12-21,404,surfacetension,IR CANCELLED; US REGISTRATION CANCELLED,Dead/Cancelled,False,,False
62,EXACT,0,77107195,,SURFACE TENSION,2007-02-14,606,surfacetension,ABANDONED - NO STATEMENT OF USE FILED,Dead/Abandoned,False,033,False
62,EXACT,0,78016598,,SURFACE TENSION,2000-07-13,606,surfacetension,ABANDONED - NO STATEMENT OF USE FILED,Dead/Abandoned,False,027,False
63,NEAR_1_INSERTION,1,78081084,,APPLIED SCIENCES,2001-08-24,602,appliedsciences,ABANDONED-FAILURE TO RESPOND OR LATE RESPONSE,Dead/Abandoned,False,042,False
64,EXACT,0,78784279,3173981,TRUTH SERUM,2006-01-03,800,truthserum,REGISTERED AND RENEWED,Live/Registered,True,003,True
64,EXACT,0,99283703,,TRUTH SERUM,2025-07-15,602,truthserum,ABANDONED-FAILURE TO RESPOND OR LATE RESPONSE,Dead/Abandoned,False,041,False
64,EXACT,0,98028656,,TRUTH SERUM,2023-06-05,602,truthserum,ABANDONED-FAILURE TO RESPOND OR LATE RESPONSE,Dead/Abandoned,False,032,False
64,EXACT,0,97911543,,TRUTHSERUM,2023-04-27,602,truthserum,ABANDONED-FAILURE TO RESPOND OR LATE RESPONSE,Dead/Abandoned,False,041,False
64,EXACT,0,90750670,,TRUTH SERUM,2021-06-02,606,truthserum,ABANDONED - NO STATEMENT OF USE FILED,Dead/Abandoned,False,041,False
64,EXACT,0,87474301,,TRUTH SERUM,2017-06-04,602,truthserum,ABANDONED-FAILURE TO RESPOND OR LATE RESPONSE,Dead/Abandoned,False,003,True
64,EXACT,0,87028799,,TRUTH SERUM,2016-05-07,602,truthserum,ABANDONED-FAILURE TO RESPOND OR LATE RESPONSE,Dead/Abandoned,False,031,False
64,EXACT,0,86850868,5021272,TRUTH SERUM,2015-12-16,710,truthserum,CANCELLED - SECTION 8,Dead/Cancelled,False,,False
64,EXACT,0,86394390,,TRUTH SERUM,2014-09-15,604,truthserum,ABANDONED - AFTER INTER-PARTES DECISION,Dead/Abandoned,False,,False
64,EXACT,0,85765280,,TRUTH SERUM,2012-10-26,601,truthserum,ABANDONED - EXPRESS,Dead/Abandoned,False,044,True
64,EXACT,0,85629322,,TRUTH SERUM,2012-05-18,604,truthserum,ABANDONED - AFTER INTER-PARTES DECISION,Dead/Abandoned,False,,False
64,EXACT,0,85034965,,TRUTH SERUM,2010-05-11,606,truthserum,ABANDONED - NO STATEMENT OF USE FILED,Dead/Abandoned,False,033,False
64,EXACT,0,76681228,3411306,TRUTH SERUM,2007-08-28,710,truthserum,CANCELLED - SECTION 8,Dead/Cancelled,False,,False
64,EXACT,0,76618591,,TRUTH SERUM,2004-10-29,606,truthserum,ABANDONED - NO STATEMENT OF USE FILED,Dead/Abandoned,False,033,False
64,EXACT,0,78418509,,TRUTH SERUM,2004-05-13,606,truthserum,ABANDONED - NO STATEMENT OF USE FILED,Dead/Abandoned,False,003,True
65,EXACT,0,98484185,,FACE THE FACTS,2024-04-04,731,facethefacts,SECOND EXTENSION - GRANTED,Live/Pending,True,041,False
65,EXACT,0,97422253,,FACE THE FACTS,2022-05-20,601,facethefacts,ABANDONED - EXPRESS,Dead/Abandoned,False,041,False
65,EXACT,0,77589356,,FACE THE FACTS,2008-10-09,606,facethefacts,ABANDONED - NO STATEMENT OF USE FILED,Dead/Abandoned,False,028,False
65,EXACT,0,75848070,,FACE THE FACTS,1999-11-13,601,facethefacts,ABANDONED - EXPRESS,Dead/Abandoned,False,005,True
65,EXACT,0,73524315,1360827,FACE THE FACTS,1985-02-27,710,facethefacts,CANCELLED - SECTION 8,Dead/Cancelled,False,,False
65,NEAR_1_DELETION,1,77703326,3686060,FACE THE FATS,2009-03-31,710,facethefats,CANCELLED - SECTION 8,Dead/Cancelled,False,,False
66,EXACT,0,85255452,4140120,BARE SCIENCE,2011-03-02,710,barescience,CANCELLED - SECTION 8,Dead/Cancelled,False,,False
66,NEAR_1_SUBSTITUTION,1,99582953,,CARE SCIENCE,2026-01-07,686,carescience,PUBLISHED FOR OPPOSITION,Live/Pending,True,005,True
66,NEAR_1_SUBSTITUTION,1,99582965,,CARE SCIENCE,2026-01-07,686,carescience,PUBLISHED FOR OPPOSITION,Live/Pending,True,010,True
66,NEAR_1_SUBSTITUTION,1,97393330,7328687,FARESCIENCE,2022-05-03,700,farescience,REGISTERED,Live/Registered,True,042,False
66,NEAR_1_SUBSTITUTION,1,88605853,6073299,CARE SCIENCE,2019-09-05,700,carescience,REGISTERED,Live/Registered,True,003,True
66,NEAR_1_SUBSTITUTION,1,88044717,6164643,CARE SCIENCE,2018-07-19,700,carescience,REGISTERED,Live/Registered,True,"005,028",True
66,NEAR_1_SUBSTITUTION,1,88975011,5821950,CARE SCIENCE,2018-07-19,702,carescience,SECTION 8 & 15-ACCEPTED AND ACKNOWLEDGED,Live/Registered,True,005,True
66,NEAR_1_SUBSTITUTION,1,87507452,6086053,CARE SCIENCE,2017-06-27,700,carescience,REGISTERED,Live/Registered,True,005,True
66,NEAR_1_SUBSTITUTION,1,86353656,,CARESCIENCE,2014-07-31,602,carescience,ABANDONED-FAILURE TO RESPOND OR LATE RESPONSE,Dead/Abandoned,False,044,True
66,NEAR_1_SUBSTITUTION,1,78841947,3224683,CARESCIENCE,2006-03-21,710,carescience,CANCELLED - SECTION 8,Dead/Cancelled,False,,False
66,NEAR_1_SUBSTITUTION,1,78841953,3336973,CARESCIENCE,2006-03-21,710,carescience,CANCELLED - SECTION 8,Dead/Cancelled,False,,False
66,NEAR_1_SUBSTITUTION,1,78841955,3246850,CARESCIENCE,2006-03-21,710,carescience,CANCELLED - SECTION 8,Dead/Cancelled,False,,False
66,NEAR_1_SUBSTITUTION,1,76276764,2534223,CARESCIENCE,2001-06-26,710,carescience,CANCELLED - SECTION 8,Dead/Cancelled,False,,False
67,EXACT,0,97157506,7002073,PRETTYSMART,2021-12-06,700,prettysmart,REGISTERED,Live/Registered,True,"009,016,038",False
67,EXACT,0,88758025,6254734,PRETTY SMART,2020-01-14,700,prettysmart,REGISTERED,Live/Registered,True,041,False
67,EXACT,0,88098886,5860375,PRETTY SMART,2018-08-30,701,prettysmart,SECTION 8-ACCEPTED,Live/Registered,True,014,False
67,EXACT,0,87743867,5640743,PRETTYSMART,2018-01-04,702,prettysmart,SECTION 8 & 15-ACCEPTED AND ACKNOWLEDGED,Live/Registered,True,009,False
67,EXACT,0,86158635,4677608,PRETTY SMART,2014-01-06,800,prettysmart,REGISTERED AND RENEWED,Live/Registered,True,003,True
67,EXACT,0,98164644,,PRETTY SMART,2023-09-05,606,prettysmart,ABANDONED - NO STATEMENT OF USE FILED,Dead/Abandoned,False,021,True
67,EXACT,0,87384687,5776083,PRETTY SMART,2017-03-24,710,prettysmart,CANCELLED - SECTION 8,Dead/Cancelled,False,,False
67,EXACT,0,86160775,,PRETTY SMART,2014-01-08,606,prettysmart,ABANDONED - NO STATEMENT OF USE FILED,Dead/Abandoned,False,028,False
67,EXACT,0,85767209,,PRETTY SMART,2012-10-30,606,prettysmart,ABANDONED - NO STATEMENT OF USE FILED,Dead/Abandoned,False,044,True
67,EXACT,0,85761748,,PRETTY SMART,2012-10-23,606,prettysmart,ABANDONED - NO STATEMENT OF USE FILED,Dead/Abandoned,False,035,True
67,EXACT,0,77909291,4035610,PRETTYSMART,2010-01-11,710,prettysmart,CANCELLED - SECTION 8,Dead/Cancelled,False,,False
67,EXACT,0,77700943,,PRETTY SMART,2009-03-27,606,prettysmart,ABANDONED - NO STATEMENT OF USE FILED,Dead/Abandoned,False,035,True
67,EXACT,0,77235529,3481828,PRETTY SMART,2007-07-22,710,prettysmart,CANCELLED - SECTION 8,Dead/Cancelled,False,,False
67,EXACT,0,78948486,,PRETTY.SMART.,2006-08-09,606,prettysmart,ABANDONED - NO STATEMENT OF USE FILED,Dead/Abandoned,False,"003,005,008",True
67,EXACT,0,78196047,,PRETTY SMART,2002-12-18,606,prettysmart,ABANDONED - NO STATEMENT OF USE FILED,Dead/Abandoned,False,016,False
67,EXACT,0,78172013,,PRETTY.SMART.,2002-10-08,606,prettysmart,ABANDONED - NO STATEMENT OF USE FILED,Dead/Abandoned,False,025,False
67,EXACT,0,74632519,1997629,PRETTY.SMART.,1995-02-10,710,prettysmart,CANCELLED - SECTION 8,Dead/Cancelled,False,,False
68,EXACT,0,99229698,,GOOD CHEMISTRY,2025-06-11,730,goodchemistry,FIRST EXTENSION - GRANTED,Live/Pending,True,003,True
68,EXACT,0,79341685,7238367,GOOD CHEMISTRY,2022-01-26,700,goodchemistry,REGISTERED,Live/Registered,True,"009,042",False
68,EXACT,0,90008674,7081109,GOOD CHEMISTRY,2020-06-18,700,goodchemistry,REGISTERED,Live/Registered,True,004,False
68,EXACT,0,87282125,5419438,GOOD CHEMISTRY,2016-12-27,702,goodchemistry,SECTION 8 & 15-ACCEPTED AND ACKNOWLEDGED,Live/Registered,True,003,True
68,EXACT,0,86638395,4874389,GOOD CHEMISTRY,2015-05-21,800,goodchemistry,REGISTERED AND RENEWED,Live/Registered,True,025,False
68,EXACT,0,98540264,,GOOD CHEMISTRY,2024-05-08,606,goodchemistry,ABANDONED - NO STATEMENT OF USE FILED,Dead/Abandoned,False,003,True
68,EXACT,0,98540269,,GOOD CHEMISTRY,2024-05-08,606,goodchemistry,ABANDONED - NO STATEMENT OF USE FILED,Dead/Abandoned,False,005,True
68,EXACT,0,90359729,,GOOD CHEMISTRY,2020-12-04,606,goodchemistry,ABANDONED - NO STATEMENT OF USE FILED,Dead/Abandoned,False,003,True
68,EXACT,0,90008668,,GOOD CHEMISTRY,2020-06-18,606,goodchemistry,ABANDONED - NO STATEMENT OF USE FILED,Dead/Abandoned,False,003,True
68,EXACT,0,90008682,,GOOD CHEMISTRY,2020-06-18,606,goodchemistry,ABANDONED - NO STATEMENT OF USE FILED,Dead/Abandoned,False,005,True
68,EXACT,0,87486570,,GOOD CHEMISTRY,2017-06-13,606,goodchemistry,ABANDONED - NO STATEMENT OF USE FILED,Dead/Abandoned,False,003,True
68,EXACT,0,77301547,,GOOD CHEMISTRY,2007-10-11,606,goodchemistry,ABANDONED - NO STATEMENT OF USE FILED,Dead/Abandoned,False,003,True
68,NEAR_1_INSERTION,1,86084507,4769467,GOOD CHEMISTRY G,2013-10-08,710,goodchemistryg,CANCELLED - SECTION 8,Dead/Cancelled,False,,False
69,EXACT,0,99657823,,OUTSIDE IN,2026-02-18,686,outsidein,PUBLISHED FOR OPPOSITION,Live/Pending,True,"021,030,035",True
69,EXACT,0,99553107,,OUTSIDE IN,2025-12-17,686,outsidein,PUBLISHED FOR OPPOSITION,Live/Pending,True,003,True
69,EXACT,0,99113036,,OUTSIDE-IN,2025-03-31,730,outsidein,FIRST EXTENSION - GRANTED,Live/Pending,True,"003,004,018,021,035",True
69,EXACT,0,98646104,,OUTSIDE IN,2024-07-12,730,outsidein,FIRST EXTENSION - GRANTED,Live/Pending,True,"020,021,031,042,044",True
69,EXACT,0,97849229,,OUTSIDE IN,2023-03-21,734,outsidein,FIFTH EXTENSION - GRANTED,Live/Pending,True,035,True
69,EXACT,0,97555738,7180793,OUTSIDE/IN,2022-08-19,700,outsidein,REGISTERED,Live/Registered,True,041,False
69,EXACT,0,97169243,8137588,OUTSIDE IN,2021-12-13,700,outsidein,REGISTERED,Live/Registered,True,003,True
69,EXACT,0,88499805,6815483,OUTSIDE IN,2019-07-03,700,outsidein,REGISTERED,Live/Registered,True,"003,004",True
69,EXACT,0,87369403,5333811,OUTSIDE IN,2017-03-13,702,outsidein,SECTION 8 & 15-ACCEPTED AND ACKNOWLEDGED,Live/Registered,True,009,False
69,EXACT,0,88896779,,OUTSIDEIN,2020-05-01,606,outsidein,ABANDONED - NO STATEMENT OF USE FILED,Dead/Abandoned,False,041,False
69,EXACT,0,88452267,5931821,OUTSIDE-IN,2019-05-30,710,outsidein,CANCELLED - SECTION 8,Dead/Cancelled,False,,False
69,EXACT,0,86963452,,OUTSIDE IN,2016-04-04,606,outsidein,ABANDONED - NO STATEMENT OF USE FILED,Dead/Abandoned,False,003,True
69,EXACT,0,86685222,5348460,OUTSIDE/IN,2015-07-07,710,outsidein,CANCELLED - SECTION 8,Dead/Cancelled,False,,False
69,EXACT,0,85215084,4073146,OUTSIDE IN,2011-01-11,710,outsidein,CANCELLED - SECTION 8,Dead/Cancelled,False,,False
69,EXACT,0,77891160,,OUTSIDE IN,2009-12-11,602,outsidein,ABANDONED-FAILURE TO RESPOND OR LATE RESPONSE,Dead/Abandoned,False,020,False
69,EXACT,0,77023591,3664030,OUTSIDE.IN,2006-10-18,710,outsidein,CANCELLED - SECTION 8,Dead/Cancelled,False,,False
69,EXACT,0,77023596,3419051,OUTSIDE.IN,2006-10-18,710,outsidein,CANCELLED - SECTION 8,Dead/Cancelled,False,,False
69,EXACT,0,78823514,3189490,OUTSIDE IN,2006-02-25,710,outsidein,CANCELLED - SECTION 8,Dead/Cancelled,False,,False
69,EXACT,0,76549999,2881212,OUTSIDE-IN,2003-10-08,710,outsidein,CANCELLED - SECTION 8,Dead/Cancelled,False,,False
69,EXACT,0,78110272,,OUTSIDE IN,2002-02-21,606,outsidein,ABANDONED - NO STATEMENT OF USE FILED,Dead/Abandoned,False,"041,043",False
69,EXACT,0,75735078,,OUT(SIDE)IN,1999-07-15,606,outsidein,ABANDONED - NO STATEMENT OF USE FILED,Dead/Abandoned,False,035,True
69,EXACT,0,75572875,,OUTSIDE IN,1998-10-19,606,outsidein,ABANDONED - NO STATEMENT OF USE FILED,Dead/Abandoned,False,"002,009",False
69,EXACT,0,75521892,,OUTSIDE IN,1998-07-15,603,outsidein,ABANDONED - AFTER EX PARTE APPEAL,Dead/Abandoned,False,005,True
69,EXACT,0,74301330,,OUTSIDE IN,1992-08-05,602,outsidein,ABANDONED-FAILURE TO RESPOND OR LATE RESPONSE,Dead/Abandoned,False,,False
69,EXACT,0,74089265,1692635,OUTSIDE IN,1990-08-20,710,outsidein,CANCELLED - SECTION 8,Dead/Cancelled,False,,False
69,EXACT,0,74018728,1653324,OUTSIDE IN,1990-01-16,710,outsidein,CANCELLED - SECTION 8,Dead/Cancelled,False,,False
69,EXACT,0,74001810,,OUTSIDE IN,1989-11-16,602,outsidein,ABANDONED-FAILURE TO RESPOND OR LATE RESPONSE,Dead/Abandoned,False,,False
69,EXACT,0,73157318,1117534,OUTSIDE IN,1978-02-02,710,outsidein,CANCELLED - SECTION 8,Dead/Cancelled,False,,False
69,NEAR_1_INSERTION,1,99627141,,OUTSIDE INN,2026-02-01,686,outsideinn,PUBLISHED FOR OPPOSITION,Live/Pending,True,041,False
69,NEAR_1_INSERTION,1,88227915,5799800,OUTSLIDE IN,2018-12-13,702,outslidein,SECTION 8 & 15-ACCEPTED AND ACKNOWLEDGED,Live/Registered,True,041,False
69,NEAR_1_INSERTION,1,88227924,5799801,OUTSLIDE IN,2018-12-13,702,outslidein,SECTION 8 & 15-ACCEPTED AND ACKNOWLEDGED,Live/Registered,True,041,False
69,NEAR_1_SUBSTITUTION,1,86330015,4688357,OUTSIDEIQ,2014-07-07,710,outsideiq,CANCELLED - SECTION 8,Dead/Cancelled,False,,False
70,EXACT,0,86968795,,FULL PROOF,2016-04-08,606,fullproof,ABANDONED - NO STATEMENT OF USE FILED,Dead/Abandoned,False,003,True
70,EXACT,0,76676266,,FULL PROOF,2007-04-30,602,fullproof,ABANDONED-FAILURE TO RESPOND OR LATE RESPONSE,Dead/Abandoned,False,025,False
70,EXACT,0,75524816,2540835,FULLPROOF,1998-07-24,710,fullproof,CANCELLED - SECTION 8,Dead/Cancelled,False,,False
70,NEAR_1_SUBSTITUTION,1,99304785,,PULLPROOF,2025-07-26,688,pullproof,NOTICE OF ALLOWANCE - ISSUED,Live/Pending,True,009,False
70,NEAR_1_SUBSTITUTION,1,98826428,,FUELPROOF,2024-10-29,730,fuelproof,FIRST EXTENSION - GRANTED,Live/Pending,True,009,False
70,NEAR_1_SUBSTITUTION,1,98602198,,PULL PROOF,2024-06-14,731,pullproof,SECOND EXTENSION - GRANTED,Live/Pending,True,024,False
70,NEAR_1_SUBSTITUTION,1,79368191,7431092,FUEL PROOF,2023-03-14,700,fuelproof,REGISTERED,Live/Registered,True,"006,020,025",False
70,NEAR_1_SUBSTITUTION,1,97571388,7683574,BULL PROOF,2022-08-30,700,bullproof,REGISTERED,Live/Registered,True,"006,007,009,012",False
70,NEAR_1_SUBSTITUTION,1,90759147,6765625,BULLPROOF,2021-06-07,700,bullproof,REGISTERED,Live/Registered,True,005,True
70,NEAR_1_DELETION,1,87723019,5519303,FUL-PROOF,2017-12-15,702,fulproof,SECTION 8 & 15-ACCEPTED AND ACKNOWLEDGED,Live/Registered,True,001,False
70,NEAR_1_SUBSTITUTION,1,90759829,,FUEL PROOF,2021-06-07,606,fuelproof,ABANDONED - NO STATEMENT OF USE FILED,Dead/Abandoned,False,016,False
70,NEAR_1_SUBSTITUTION,1,90608198,,FALLPROOF,2021-03-28,602,fallproof,ABANDONED-FAILURE TO RESPOND OR LATE RESPONSE,Dead/Abandoned,False,044,True
70,NEAR_1_SUBSTITUTION,1,90489525,,FUELPROOF,2021-01-26,606,fuelproof,ABANDONED - NO STATEMENT OF USE FILED,Dead/Abandoned,False,009,False
70,NEAR_1_SUBSTITUTION,1,90348799,,PULL PROOF,2020-11-30,606,pullproof,ABANDONED - NO STATEMENT OF USE FILED,Dead/Abandoned,False,024,False
70,NEAR_1_SUBSTITUTION,1,88133492,,FALLPROOF,2018-09-26,602,fallproof,ABANDONED-FAILURE TO RESPOND OR LATE RESPONSE,Dead/Abandoned,False,041,False
70,NEAR_1_SUBSTITUTION,1,87709242,5557106,BULL PROOF,2017-12-05,710,bullproof,CANCELLED - SECTION 8,Dead/Cancelled,False,,False
70,NEAR_1_SUBSTITUTION,1,86832947,5012014,BULL PROOF,2015-11-27,710,bullproof,CANCELLED - SECTION 8,Dead/Cancelled,False,,False
70,NEAR_1_SUBSTITUTION,1,85561492,4538294,PULL PROOF,2012-03-06,710,pullproof,CANCELLED - SECTION 8,Dead/Cancelled,False,,False
70,NEAR_1_SUBSTITUTION,1,85114793,4104021,FUELPROOF,2010-08-24,710,fuelproof,CANCELLED - SECTION 8,Dead/Cancelled,False,,False
70,NEAR_1_SUBSTITUTION,1,75727363,2525702,FALL PROOF,1999-06-11,710,fallproof,CANCELLED - SECTION 8,Dead/Cancelled,False,,False
70,NEAR_1_SUBSTITUTION,1,75398951,,BULLPROOF,1997-12-02,606,bullproof,ABANDONED - NO STATEMENT OF USE FILED,Dead/Abandoned,False,010,True
70,NEAR_1_SUBSTITUTION,1,75029552,2025414,FUEL PROOF,1995-12-08,710,fuelproof,CANCELLED - SECTION 8,Dead/Cancelled,False,,False
70,NEAR_1_SUBSTITUTION,1,74489140,,FUEL PROOF,1994-02-14,606,fuelproof,ABANDONED - NO STATEMENT OF USE FILED,Dead/Abandoned,False,,False
70,NEAR_1_SUBSTITUTION,1,73341208,1244146,BULL-PROOF,1981-12-11,710,bullproof,CANCELLED - SECTION 8,Dead/Cancelled,False,,False
73,NEAR_1_SUBSTITUTION,1,79371732,7734202,FASTSKIN,2023-04-19,700,fastskin,REGISTERED,Live/Registered,True,"005,010",True
73,NEAR_1_SUBSTITUTION,1,85979866,4480793,FASTSKIN,2011-08-24,800,fastskin,REGISTERED AND RENEWED,Live/Registered,True,009,False
73,NEAR_1_SUBSTITUTION,1,76083823,2701688,FASTSKIN,2000-07-06,800,fastskin,REGISTERED AND RENEWED,Live/Registered,True,025,False
73,NEAR_1_SUBSTITUTION,1,97278204,,FACESKIN,2022-02-22,602,faceskin,ABANDONED-FAILURE TO RESPOND OR LATE RESPONSE,Dead/Abandoned,False,003,True
73,NEAR_1_DELETION,1,86540286,,FATSKIN,2015-02-19,602,fatskin,ABANDONED-FAILURE TO RESPOND OR LATE RESPONSE,Dead/Abandoned,False,003,True
73,NEAR_1_SUBSTITUTION,1,86151873,4674119,FASTSKIN,2013-12-24,710,fastskin,CANCELLED - SECTION 8,Dead/Cancelled,False,,False
73,NEAR_1_SUBSTITUTION,1,85406348,,FASTSKIN,2011-08-24,606,fastskin,ABANDONED - NO STATEMENT OF USE FILED,Dead/Abandoned,False,009,False
74,NEAR_1_INSERTION,1,88256577,5898938,HEROPROOF,2019-01-10,701,heroproof,SECTION 8-ACCEPTED,Live/Registered,True,010,True
74,NEAR_1_SUBSTITUTION,1,90471530,,VERPROOF,2021-01-18,601,verproof,ABANDONED - EXPRESS,Dead/Abandoned,False,,False
74,NEAR_1_SUBSTITUTION,1,90471531,,VERPROOF,2021-01-18,602,verproof,ABANDONED-FAILURE TO RESPOND OR LATE RESPONSE,Dead/Abandoned,False,013,False
74,NEAR_1_SUBSTITUTION,1,90471534,,VERPROOF,2021-01-18,601,verproof,ABANDONED - EXPRESS,Dead/Abandoned,False,020,False
74,NEAR_1_SUBSTITUTION,1,90281938,,HEXPROOF,2020-10-27,606,hexproof,ABANDONED - NO STATEMENT OF USE FILED,Dead/Abandoned,False,"018,024",False
74,NEAR_1_INSERTION,1,88212216,,HERO PROOF,2018-11-30,606,heroproof,ABANDONED - NO STATEMENT OF USE FILED,Dead/Abandoned,False,018,False
74,NEAR_1_INSERTION,1,86184378,,HEROPROOF,2014-02-04,604,heroproof,ABANDONED - AFTER INTER-PARTES DECISION,Dead/Abandoned,False,,False
75,NEAR_1_DELETION,1,74215745,1982774,ROOF SKIN,1991-10-25,710,roofskin,CANCELLED - SECTION 8,Dead/Cancelled,False,,False
76,EXACT,0,86491265,4790363,TRUSELF,2014-12-29,710,truself,CANCELLED - SECTION 8,Dead/Cancelled,False,,False
76,EXACT,0,85364111,,TRUSELF,2011-07-06,606,truself,ABANDONED - NO STATEMENT OF USE FILED,Dead/Abandoned,False,005,True
76,EXACT,0,85144637,,TRU SELF,2010-10-04,606,truself,ABANDONED - NO STATEMENT OF USE FILED,Dead/Abandoned,False,018,False
76,EXACT,0,85144638,4376827,TRU SELF,2010-10-04,710,truself,CANCELLED - SECTION 8,Dead/Cancelled,False,,False
76,EXACT,0,78338121,,TRU SELF,2003-12-09,602,truself,ABANDONED-FAILURE TO RESPOND OR LATE RESPONSE,Dead/Abandoned,False,035,True
76,NEAR_1_SUBSTITUTION,1,98964873,7949461,TRESELF,2025-01-15,700,treself,REGISTERED,Live/Registered,True,026,False
76,NEAR_1_INSERTION,1,98045708,7709659,TRUESELF,2023-06-16,700,trueself,REGISTERED,Live/Registered,True,009,False
76,NEAR_1_INSERTION,1,79354405,7435243,TRUESELF,2022-08-09,700,trueself,REGISTERED,Live/Registered,True,"009,016,028,035,041,042",True
76,NEAR_1_SUBSTITUTION,1,88212998,6222547,TRUSELL,2018-11-30,700,trusell,REGISTERED,Live/Registered,True,041,False
76,NEAR_1_INSERTION,1,97441670,,TRUE SELF,2022-06-03,600,trueself,ABANDONED - INCOMPLETE RESPONSE,Dead/Abandoned,False,041,False
76,NEAR_1_INSERTION,1,90087446,,TRUESELF,2020-08-01,602,trueself,ABANDONED-FAILURE TO RESPOND OR LATE RESPONSE,Dead/Abandoned,False,009,False
76,NEAR_1_INSERTION,1,87208681,5217285,TRUESELF,2016-10-19,710,trueself,CANCELLED - SECTION 8,Dead/Cancelled,False,,False
76,NEAR_1_INSERTION,1,86641812,,TRUESELF,2015-05-26,606,trueself,ABANDONED - NO STATEMENT OF USE FILED,Dead/Abandoned,False,"029,030",False
76,NEAR_1_INSERTION,1,86636592,5018826,TRUSHELF,2015-05-20,710,trushelf,CANCELLED - SECTION 8,Dead/Cancelled,False,,False
76,NEAR_1_INSERTION,1,86547162,,TRUESELF,2015-02-26,606,trueself,ABANDONED - NO STATEMENT OF USE FILED,Dead/Abandoned,False,"029,030",False
76,NEAR_1_INSERTION,1,77054746,,TRUE SELF,2006-12-01,605,trueself,ABANDONED EXPRESS AFTER PUB,Dead/Abandoned,False,,False
76,NEAR_1_INSERTION,1,77054758,3395463,TRUE SELF,2006-12-01,710,trueself,CANCELLED - SECTION 8,Dead/Cancelled,False,,False
76,NEAR_1_INSERTION,1,75772107,,TRUE SELF,1999-08-09,606,trueself,ABANDONED - NO STATEMENT OF USE FILED,Dead/Abandoned,False,025,False
77,EXACT,0,97308226,,SKIN SMART,2022-03-11,748,skinsmart,STATEMENT OF USE - TO EXAMINER,Live/Pending,True,"003,005",True
77,EXACT,0,87004619,6283269,SKIN SMART,2016-04-18,700,skinsmart,REGISTERED,Live/Registered,True,005,True
77,EXACT,0,85458742,4859950,SKIN SMART,2011-10-28,700,skinsmart,REGISTERED,Live/Registered,True,003,True
77,EXACT,0,85450853,4160705,SKIN-SMART,2011-10-19,800,skinsmart,REGISTERED AND RENEWED,Live/Registered,True,030,False
77,EXACT,0,85189234,4568560,SKIN SMART,2010-12-02,800,skinsmart,REGISTERED AND RENEWED,Live/Registered,True,005,True
77,EXACT,0,77877994,4077519,SKINSMART,2009-11-20,800,skinsmart,REGISTERED AND RENEWED,Live/Registered,True,005,True
77,EXACT,0,77683414,3765112,SKINSMART,2009-03-04,800,skinsmart,REGISTERED AND RENEWED,Live/Registered,True,005,True
77,EXACT,0,87911886,,SKINSMART,2018-05-08,606,skinsmart,ABANDONED - NO STATEMENT OF USE FILED,Dead/Abandoned,False,"024,025",False
77,EXACT,0,87750294,,SKINSMART,2018-01-10,606,skinsmart,ABANDONED - NO STATEMENT OF USE FILED,Dead/Abandoned,False,025,False
77,EXACT,0,87006574,,SKINSMART,2016-04-19,602,skinsmart,ABANDONED-FAILURE TO RESPOND OR LATE RESPONSE,Dead/Abandoned,False,003,True
77,EXACT,0,86698390,,SKINSMART,2015-07-20,606,skinsmart,ABANDONED - NO STATEMENT OF USE FILED,Dead/Abandoned,False,003,True
77,EXACT,0,86149442,,SKINSMART,2013-12-20,606,skinsmart,ABANDONED - NO STATEMENT OF USE FILED,Dead/Abandoned,False,005,True
77,EXACT,0,85549948,,SKINSMART,2012-02-22,606,skinsmart,ABANDONED - NO STATEMENT OF USE FILED,Dead/Abandoned,False,003,True
77,EXACT,0,85049734,,SKINSMART,2010-05-27,606,skinsmart,ABANDONED - NO STATEMENT OF USE FILED,Dead/Abandoned,False,005,True
77,EXACT,0,76682412,3429170,SKINSMART,2007-09-28,710,skinsmart,CANCELLED - SECTION 8,Dead/Cancelled,False,,False
77,EXACT,0,76401726,,SKIN SMART,2002-04-30,602,skinsmart,ABANDONED-FAILURE TO RESPOND OR LATE RESPONSE,Dead/Abandoned,False,005,True
77,EXACT,0,75411616,2302709,SKINSMART,1997-12-29,710,skinsmart,CANCELLED - SECTION 8,Dead/Cancelled,False,,False
77,EXACT,0,74696614,,SKIN SMART,1995-07-03,602,skinsmart,ABANDONED-FAILURE TO RESPOND OR LATE RESPONSE,Dead/Abandoned,False,,False
77,NEAR_1_SUBSTITUTION,1,98891220,7955599,S SINSMART,2024-12-08,700,ssinsmart,REGISTERED,Live/Registered,True,009,False
77,NEAR_1_DELETION,1,98050469,7675049,SINSMART,2023-06-20,700,sinsmart,REGISTERED,Live/Registered,True,005,True
77,NEAR_1_DELETION,1,97648396,7234835,KINSMART,2022-10-26,700,kinsmart,REGISTERED,Live/Registered,True,028,False
77,NEAR_1_SUBSTITUTION,1,87592977,5437476,SAINSMART,2017-09-01,701,sainsmart,SECTION 8-ACCEPTED,Live/Registered,True,007,False
77,NEAR_1_SUBSTITUTION,1,79122293,4390165,SAINSMART,2012-10-24,706,sainsmart,SECTION 71 ACCEPTED,Live/Registered,True,009,False
77,NEAR_1_DELETION,1,85498511,4287780,KINSMART,2011-12-19,800,kinsmart,REGISTERED AND RENEWED,Live/Registered,True,028,False
77,NEAR_1_SUBSTITUTION,1,98105576,,SKINSTART,2023-07-27,606,skinstart,ABANDONED - NO STATEMENT OF USE FILED,Dead/Abandoned,False,041,False
77,NEAR_1_DELETION,1,75076531,,SKISMART,1996-03-21,606,skismart,ABANDONED - NO STATEMENT OF USE FILED,Dead/Abandoned,False,,False
78,EXACT,0,87908059,5938945,SKIN THESIS,2018-05-04,702,skinthesis,SECTION 8 & 15-ACCEPTED AND ACKNOWLEDGED,Live/Registered,True,003,True
78,EXACT,0,86884602,5172741,SKIN THESIS,2016-01-24,702,skinthesis,SECTION 8 & 15-ACCEPTED AND ACKNOWLEDGED,Live/Registered,True,044,True
78,EXACT,0,87908074,,SKIN THESIS,2018-05-04,601,skinthesis,ABANDONED - EXPRESS,Dead/Abandoned,False,044,True
78,EXACT,0,87824618,,SKINTHESIS,2018-03-07,601,skinthesis,ABANDONED - EXPRESS,Dead/Abandoned,False,"003,018,021,024,035",True
78,EXACT,0,75938017,2509021,SKINTHESIS,2000-03-08,710,skinthesis,CANCELLED - SECTION 8,Dead/Cancelled,False,,False
78,EXACT,0,75112358,,SKINTHESIS,1996-05-31,602,skinthesis,ABANDONED-FAILURE TO RESPOND OR LATE RESPONSE,Dead/Abandoned,False,003,True
78,NEAR_1_SUBSTITUTION,1,78504822,3130978,SYINTHESIS,2004-10-23,800,syinthesis,REGISTERED AND RENEWED,Live/Registered,True,041,False
78,NEAR_1_DELETION,1,78501073,3340947,SINTHESIS,2004-10-17,710,sinthesis,CANCELLED - SECTION 8,Dead/Cancelled,False,,False
78,NEAR_1_DELETION,1,78424893,,SINTHESIS,2004-05-25,606,sinthesis,ABANDONED - NO STATEMENT OF USE FILED,Dead/Abandoned,False,033,False
78,NEAR_1_DELETION,1,76430835,,SINTHESIS,2002-07-15,606,sinthesis,ABANDONED - NO STATEMENT OF USE FILED,Dead/Abandoned,False,033,False
78,NEAR_1_DELETION,1,75564504,,SINTHESIS,1998-10-01,606,sinthesis,ABANDONED - NO STATEMENT OF USE FILED,Dead/Abandoned,False,033,False
78,NEAR_1_DELETION,1,74547176,,SINTHESIS,1994-07-08,606,sinthesis,ABANDONED - NO STATEMENT OF USE FILED,Dead/Abandoned,False,,False
79,EXACT,0,98300596,7765355,SKINSTANDARD,2023-12-05,700,skinstandard,REGISTERED,Live/Registered,True,003,True
80,EXACT,0,90797928,6786909,EXHIBIT-A,2021-06-28,700,exhibita,REGISTERED,Live/Registered,True,"018,025",False
80,EXACT,0,86616691,5296825,"EXHIBIT ""A""",2015-05-01,702,exhibita,SECTION 8 & 15-ACCEPTED AND ACKNOWLEDGED,Live/Registered,True,032,False
80,EXACT,0,98572182,,EXHIBIT A,2024-05-28,602,exhibita,ABANDONED-FAILURE TO RESPOND OR LATE RESPONSE,Dead/Abandoned,False,028,False
80,EXACT,0,79322014,,EXHIBIT A,2021-08-12,602,exhibita,ABANDONED-FAILURE TO RESPOND OR LATE RESPONSE,Dead/Abandoned,False,033,False
80,EXACT,0,77906754,3831485,EXHIBIT A,2010-01-07,710,exhibita,CANCELLED - SECTION 8,Dead/Cancelled,False,,False
80,EXACT,0,77578480,3726444,EXHIBIT A,2008-09-25,710,exhibita,CANCELLED - SECTION 8,Dead/Cancelled,False,,False
80,EXACT,0,77453927,3508602,EXHIBIT A,2008-04-21,710,exhibita,CANCELLED - SECTION 8,Dead/Cancelled,False,,False
80,EXACT,0,77300356,3435688,EXHIBITA,2007-10-10,710,exhibita,CANCELLED - SECTION 8,Dead/Cancelled,False,,False
80,EXACT,0,77096636,3437130,EXHIBIT A,2007-02-01,710,exhibita,CANCELLED - SECTION 8,Dead/Cancelled,False,,False
80,EXACT,0,76528052,2961735,EXHIBIT A,2003-07-07,710,exhibita,CANCELLED - SECTION 8,Dead/Cancelled,False,,False
80,EXACT,0,76431960,,EXHIBIT A,2002-07-16,602,exhibita,ABANDONED-FAILURE TO RESPOND OR LATE RESPONSE,Dead/Abandoned,False,025,False
80,EXACT,0,75837567,2572644,EXHIBIT A,1999-11-01,710,exhibita,CANCELLED - SECTION 8,Dead/Cancelled,False,,False
80,EXACT,0,74693331,1979672,EXHIBIT - A,1995-06-26,710,exhibita,CANCELLED - SECTION 8,Dead/Cancelled,False,,False
80,EXACT,0,74582658,,"EXHIBIT ""A""",1994-10-05,602,exhibita,ABANDONED-FAILURE TO RESPOND OR LATE RESPONSE,Dead/Abandoned,False,,False
80,EXACT,0,74414896,1829735,EXHIBIT A,1993-07-21,710,exhibita,CANCELLED - SECTION 8,Dead/Cancelled,False,,False
80,EXACT,0,74383912,,EXHIBIT A,1993-04-29,606,exhibita,ABANDONED - NO STATEMENT OF USE FILED,Dead/Abandoned,False,,False
80,EXACT,0,74383913,,EXHIBIT A,1993-04-29,606,exhibita,ABANDONED - NO STATEMENT OF USE FILED,Dead/Abandoned,False,,False
80,NEAR_1_DELETION,1,99490734,,EXHIBIT,2025-11-11,688,exhibit,NOTICE OF ALLOWANCE - ISSUED,Live/Pending,True,001,False
80,NEAR_1_SUBSTITUTION,1,99444934,,EXHIBIT B,2025-10-15,661,exhibitb,RESPONSE AFTER NON-FINAL ACTION - ENTERED,Live/Pending,True,042,False
80,NEAR_1_INSERTION,1,99178610,,EXHIBIT A/V,2025-05-09,641,exhibitav,NON-FINAL ACTION - MAILED,Live/Pending,True,045,False
80,NEAR_1_INSERTION,1,99166558,8201358,EXHIBIT A2,2025-05-01,700,exhibita2,REGISTERED,Live/Registered,True,043,False
80,NEAR_1_DELETION,1,90547369,6650647,EXHIB·IT!,2021-02-25,700,exhibit,REGISTERED,Live/Registered,True,042,False
80,NEAR_1_DELETION,1,90327563,6733472,EXHIB-IT,2020-11-18,700,exhibit,REGISTERED,Live/Registered,True,"035,042",True
80,NEAR_1_SUBSTITUTION,1,98592613,,EXHIBIT B,2024-06-10,606,exhibitb,ABANDONED - NO STATEMENT OF USE FILED,Dead/Abandoned,False,028,False
80,NEAR_1_SUBSTITUTION,1,98592624,,EXHIBIT C,2024-06-10,606,exhibitc,ABANDONED - NO STATEMENT OF USE FILED,Dead/Abandoned,False,028,False
80,NEAR_1_SUBSTITUTION,1,97611669,,EXHIBIT C,2022-09-28,606,exhibitc,ABANDONED - NO STATEMENT OF USE FILED,Dead/Abandoned,False,"009,016,018,020,021,024,025,026,028,035,041,042,045",True
80,NEAR_1_DELETION,1,97284946,,EXHIBIT,2022-02-25,602,exhibit,ABANDONED-FAILURE TO RESPOND OR LATE RESPONSE,Dead/Abandoned,False,020,False
80,NEAR_1_DELETION,1,87286460,5440000,EXHIBIT,2016-12-31,710,exhibit,CANCELLED - SECTION 8,Dead/Cancelled,False,,False
80,NEAR_1_DELETION,1,86921415,,EXHIBIT,2016-02-26,606,exhibit,ABANDONED - NO STATEMENT OF USE FILED,Dead/Abandoned,False,021,True
80,NEAR_1_DELETION,1,86625415,,EXHIBIT,2015-05-11,606,exhibit,ABANDONED - NO STATEMENT OF USE FILED,Dead/Abandoned,False,"020,024,027",False
80,NEAR_1_SUBSTITUTION,1,86598467,4870009,EXHIBIT M,2015-04-15,710,exhibitm,CANCELLED - SECTION 8,Dead/Cancelled,False,,False
80,NEAR_1_DELETION,1,86172815,4623799,EXHIBIA,2014-01-23,710,exhibia,CANCELLED - SECTION 8,Dead/Cancelled,False,,False
80,NEAR_1_DELETION,1,77919129,3932430,EXHIBIT,2010-01-25,710,exhibit,CANCELLED - SECTION 8,Dead/Cancelled,False,,False
80,NEAR_1_DELETION,1,79068800,,EXHIBIT,2008-12-18,402,exhibit,IR CANCELLED; US APPLICATION ABANDONED,Dead/Abandoned,False,,False
80,NEAR_1_DELETION,1,77555161,3800290,EXHIB-IT,2008-08-25,710,exhibit,CANCELLED - SECTION 8,Dead/Cancelled,False,,False
80,NEAR_1_SUBSTITUTION,1,77351064,,EXHIBIT 4,2007-12-13,602,exhibit4,ABANDONED-FAILURE TO RESPOND OR LATE RESPONSE,Dead/Abandoned,False,025,False
80,NEAR_1_DELETION,1,77029625,,EXHIBIT,2006-10-26,606,exhibit,ABANDONED - NO STATEMENT OF USE FILED,Dead/Abandoned,False,016,False
80,NEAR_1_SUBSTITUTION,1,78351325,,EXHIBIT B,2004-01-13,602,exhibitb,ABANDONED-FAILURE TO RESPOND OR LATE RESPONSE,Dead/Abandoned,False,"009,025,038,041",False
80,NEAR_1_DELETION,1,75495166,,EXHI.BIT,1998-06-02,606,exhibit,ABANDONED - NO STATEMENT OF USE FILED,Dead/Abandoned,False,"016,035,041",True
80,NEAR_1_DELETION,1,74339926,1827556,EXHIBIT,1992-12-14,710,exhibit,CANCELLED - SECTION 8,Dead/Cancelled,False,,False
80,NEAR_1_DELETION,1,74108631,1692377,EXHIBIT,1990-10-24,710,exhibit,CANCELLED - SECTION 8,Dead/Cancelled,False,,False
80,NEAR_1_DELETION,1,73720958,1521022,EXHIBIT,1988-03-30,710,exhibit,CANCELLED - SECTION 8,Dead/Cancelled,False,,False
80,NEAR_1_DELETION,1,73673583,1481967,EXIBIT A,1987-07-21,710,exibita,CANCELLED - SECTION 8,Dead/Cancelled,False,,False
80,NEAR_1_DELETION,1,73416410,1292193,EXHIBIT,1983-03-08,710,exhibit,CANCELLED - SECTION 8,Dead/Cancelled,False,,False
80,NEAR_1_DELETION,1,72375961,0936872,EXHIBIT,1970-11-12,710,exhibit,CANCELLED - SECTION 8,Dead/Cancelled,False,,False
81,EXACT,0,99411878,,TIMEKEEPER,2025-09-25,688,timekeeper,NOTICE OF ALLOWANCE - ISSUED,Live/Pending,True,013,False
81,EXACT,0,97439629,7106245,TIME-KEEPER,2022-06-02,700,timekeeper,REGISTERED,Live/Registered,True,009,False
81,EXACT,0,90136096,6321442,TIMEKEEPER,2020-08-25,700,timekeeper,REGISTERED,Live/Registered,True,042,False
81,EXACT,0,87591874,5457816,TIME KEEPER,2017-08-31,702,timekeeper,SECTION 8 & 15-ACCEPTED AND ACKNOWLEDGED,Live/Registered,True,010,True
81,EXACT,0,85361304,4196975,TIMEKEEPER,2011-06-30,800,timekeeper,REGISTERED AND RENEWED,Live/Registered,True,009,False
81,EXACT,0,74439541,1859559,TIMEKEEPER,1993-09-24,800,timekeeper,REGISTERED AND RENEWED,Live/Registered,True,009,False
81,EXACT,0,87332416,,TIMEKEEPER,2017-02-10,606,timekeeper,ABANDONED - NO STATEMENT OF USE FILED,Dead/Abandoned,False,035,True
81,EXACT,0,86926656,5210440,TIMEKEEPER,2016-03-02,710,timekeeper,CANCELLED - SECTION 8,Dead/Cancelled,False,,False
81,EXACT,0,85167132,3977639,TIMEKEEPER,2010-11-02,710,timekeeper,CANCELLED - SECTION 8,Dead/Cancelled,False,,False
81,EXACT,0,77404873,,TIMEKEEPER,2008-02-25,606,timekeeper,ABANDONED - NO STATEMENT OF USE FILED,Dead/Abandoned,False,009,False
81,EXACT,0,76627543,3101392,TIMEKEEPER,2005-01-10,710,timekeeper,CANCELLED - SECTION 8,Dead/Cancelled,False,,False
81,EXACT,0,78055193,2621423,TIME KEEPER,2001-03-27,710,timekeeper,CANCELLED - SECTION 8,Dead/Cancelled,False,,False
81,EXACT,0,75852656,,TIMEKEEPER,1999-11-18,602,timekeeper,ABANDONED-FAILURE TO RESPOND OR LATE RESPONSE,Dead/Abandoned,False,009,False
81,EXACT,0,75616940,,TIMEKEEPER,1999-01-07,602,timekeeper,ABANDONED-FAILURE TO RESPOND OR LATE RESPONSE,Dead/Abandoned,False,014,False
81,EXACT,0,75151729,,TIMEKEEPER,1996-08-16,603,timekeeper,ABANDONED - AFTER EX PARTE APPEAL,Dead/Abandoned,False,009,False
81,EXACT,0,75062746,2030260,TIME-KEEPER,1996-02-26,710,timekeeper,CANCELLED - SECTION 8,Dead/Cancelled,False,,False
81,EXACT,0,74421410,1911291,TIMEKEEPER,1993-08-05,710,timekeeper,CANCELLED - SECTION 8,Dead/Cancelled,False,,False
81,EXACT,0,74416275,1878911,TIMEKEEPER,1993-07-23,710,timekeeper,CANCELLED - SECTION 8,Dead/Cancelled,False,,False
81,EXACT,0,74398840,1821020,TIME KEEPER,1993-06-07,710,timekeeper,CANCELLED - SECTION 8,Dead/Cancelled,False,,False
81,EXACT,0,74365076,,TIMEKEEPER,1993-03-05,602,timekeeper,ABANDONED-FAILURE TO RESPOND OR LATE RESPONSE,Dead/Abandoned,False,,False
81,EXACT,0,74295559,,TIME KEEPER,1992-07-20,602,timekeeper,ABANDONED-FAILURE TO RESPOND OR LATE RESPONSE,Dead/Abandoned,False,,False
81,EXACT,0,74093735,1652280,TIMEKEEPER,1990-09-04,710,timekeeper,CANCELLED - SECTION 8,Dead/Cancelled,False,,False
81,EXACT,0,73834443,1614838,TIME KEEPER,1989-10-27,713,timekeeper,CANCELLED - SECTION 18,Dead/Cancelled,False,,False
81,EXACT,0,73516355,1347833,TIMEKEEPER,1985-01-07,710,timekeeper,CANCELLED - SECTION 8,Dead/Cancelled,False,,False
81,EXACT,0,73364954,1350347,TIME KEEPER,1982-05-17,710,timekeeper,CANCELLED - SECTION 8,Dead/Cancelled,False,,False
81,EXACT,0,73215354,1287681,TIMEKEEPER,1979-05-14,710,timekeeper,CANCELLED - SECTION 8,Dead/Cancelled,False,,False
81,EXACT,0,73214792,1334024,TIMEKEEPER,1979-05-07,710,timekeeper,CANCELLED - SECTION 8,Dead/Cancelled,False,,False
81,EXACT,0,73092754,1073401,TIME KEEPER,1976-07-08,900,timekeeper,EXPIRED,Dead/Expired,False,,False
81,NEAR_1_INSERTION,1,97518842,7173449,TIMEKEEPERS,2022-07-25,700,timekeepers,REGISTERED,Live/Registered,True,035,True
81,NEAR_1_SUBSTITUTION,1,98071698,,TIDEKEEPER,2023-07-05,602,tidekeeper,ABANDONED-FAILURE TO RESPOND OR LATE RESPONSE,Dead/Abandoned,False,035,True
81,NEAR_1_SUBSTITUTION,1,98071752,,TIDEKEEPER,2023-07-05,602,tidekeeper,ABANDONED-FAILURE TO RESPOND OR LATE RESPONSE,Dead/Abandoned,False,036,False
81,NEAR_1_SUBSTITUTION,1,98071765,,TIDEKEEPER,2023-07-05,602,tidekeeper,ABANDONED-FAILURE TO RESPOND OR LATE RESPONSE,Dead/Abandoned,False,037,False
81,NEAR_1_SUBSTITUTION,1,98071768,,TIDEKEEPER,2023-07-05,602,tidekeeper,ABANDONED-FAILURE TO RESPOND OR LATE RESPONSE,Dead/Abandoned,False,039,False
81,NEAR_1_SUBSTITUTION,1,98071775,,TIDEKEEPER,2023-07-05,602,tidekeeper,ABANDONED-FAILURE TO RESPOND OR LATE RESPONSE,Dead/Abandoned,False,040,False
81,NEAR_1_SUBSTITUTION,1,98071776,,TIDEKEEPER,2023-07-05,602,tidekeeper,ABANDONED-FAILURE TO RESPOND OR LATE RESPONSE,Dead/Abandoned,False,041,False
81,NEAR_1_SUBSTITUTION,1,98071781,,TIDEKEEPER,2023-07-05,602,tidekeeper,ABANDONED-FAILURE TO RESPOND OR LATE RESPONSE,Dead/Abandoned,False,043,False
81,NEAR_1_INSERTION,1,78295211,,ETIMEKEEPER,2003-09-03,602,etimekeeper,ABANDONED-FAILURE TO RESPOND OR LATE RESPONSE,Dead/Abandoned,False,009,False
81,NEAR_1_DELETION,1,78255485,,TIE KEEPER,2003-05-29,606,tiekeeper,ABANDONED - NO STATEMENT OF USE FILED,Dead/Abandoned,False,020,False
81,NEAR_1_INSERTION,1,76001136,,ETIMEKEEPER,2000-03-16,602,etimekeeper,ABANDONED-FAILURE TO RESPOND OR LATE RESPONSE,Dead/Abandoned,False,009,False
81,NEAR_1_INSERTION,1,76001137,,ETIMEKEEPER,2000-03-16,602,etimekeeper,ABANDONED-FAILURE TO RESPOND OR LATE RESPONSE,Dead/Abandoned,False,009,False
81,NEAR_1_SUBSTITUTION,1,75616716,2331814,TIMEPEEPER,1999-01-07,710,timepeeper,CANCELLED - SECTION 8,Dead/Cancelled,False,,False
81,NEAR_1_INSERTION,1,74383872,,TIMEKEEPERS,1993-04-29,602,timekeepers,ABANDONED-FAILURE TO RESPOND OR LATE RESPONSE,Dead/Abandoned,False,,False
82,EXACT,0,99901257,,LONG GAME,2026-06-23,630,longgame,NEW APPLICATION - RECORD INITIALIZED NOT ASSIGNED TO EXAMINER,Live/Pending,True,003,True
82,EXACT,0,99055080,7795591,LONG GAME,2025-02-25,700,longgame,REGISTERED,Live/Registered,True,005,True
82,EXACT,0,98027881,7853627,LONG GAME,2023-06-05,700,longgame,REGISTERED,Live/Registered,True,009,False
82,EXACT,0,90681506,6914137,LONG GAME,2021-04-29,700,longgame,REGISTERED,Live/Registered,True,041,False
82,EXACT,0,86982501,5247370,LONG GAME,2015-10-27,700,longgame,REGISTERED,Live/Registered,True,"009,036",False
82,EXACT,0,98480418,,LONG GAME,2024-04-02,606,longgame,ABANDONED - NO STATEMENT OF USE FILED,Dead/Abandoned,False,031,False
82,EXACT,0,79381451,,LONG GAME,2023-07-14,602,longgame,ABANDONED-FAILURE TO RESPOND OR LATE RESPONSE,Dead/Abandoned,False,003,True
82,EXACT,0,88721300,,LONG GAME,2019-12-10,606,longgame,ABANDONED - NO STATEMENT OF USE FILED,Dead/Abandoned,False,025,False
82,EXACT,0,88345738,,LONGGAME,2019-03-19,602,longgame,ABANDONED-FAILURE TO RESPOND OR LATE RESPONSE,Dead/Abandoned,False,028,False
82,EXACT,0,86800732,,LONG GAME,2015-10-27,606,longgame,ABANDONED - NO STATEMENT OF USE FILED,Dead/Abandoned,False,"036,041",False
82,NEAR_1_SUBSTITUTION,1,74051270,,LONGNAME,1990-04-20,606,longname,ABANDONED - NO STATEMENT OF USE FILED,Dead/Abandoned,False,,False
83,EXACT,0,99314090,,GOOD FORM,2025-07-31,686,goodform,PUBLISHED FOR OPPOSITION,Live/Pending,True,027,False
83,EXACT,0,99314254,,GOOD FORM,2025-07-31,686,goodform,PUBLISHED FOR OPPOSITION,Live/Pending,True,027,False
83,EXACT,0,90430676,6544601,GOODFORM,2020-12-30,700,goodform,REGISTERED,Live/Registered,True,035,True
83,EXACT,0,90121736,7388271,GOODFORM,2020-08-18,700,goodform,REGISTERED,Live/Registered,True,025,False
83,EXACT,0,85809027,4419911,GOOD FORM,2012-12-21,800,goodform,REGISTERED AND RENEWED,Live/Registered,True,020,False
83,EXACT,0,77955719,4024102,GOOD FORM,2010-03-10,800,goodform,REGISTERED AND RENEWED,Live/Registered,True,041,False
83,EXACT,0,88464660,,GOODFORM,2019-06-07,602,goodform,ABANDONED-FAILURE TO RESPOND OR LATE RESPONSE,Dead/Abandoned,False,"003,005",True
83,EXACT,0,88088479,,GOOD FORM,2018-08-22,602,goodform,ABANDONED-FAILURE TO RESPOND OR LATE RESPONSE,Dead/Abandoned,False,025,False
83,EXACT,0,75982669,2654774,GOODFORM,2001-01-22,710,goodform,CANCELLED - SECTION 8,Dead/Cancelled,False,,False
83,EXACT,0,76199620,,GOODFORM,2001-01-22,606,goodform,ABANDONED - NO STATEMENT OF USE FILED,Dead/Abandoned,False,003,True
83,EXACT,0,71538529,0512408,GOOD FORM,1948-09-16,900,goodform,EXPIRED,Dead/Expired,False,,False
83,EXACT,0,71141493,0157099,GOODFORM,1920-12-24,900,goodform,EXPIRED,Dead/Expired,False,,False
83,NEAR_1_DELETION,1,99920902,,GOODFOR,2026-07-03,630,goodfor,NEW APPLICATION - RECORD INITIALIZED NOT ASSIGNED TO EXAMINER,Live/Pending,True,005,True
83,NEAR_1_DELETION,1,88634533,6097905,GOODFOR,2019-09-27,700,goodfor,REGISTERED,Live/Registered,True,003,True
83,NEAR_1_DELETION,1,88283248,6050739,GOODFOR,2019-01-30,700,goodfor,REGISTERED,Live/Registered,True,"021,035",True
83,NEAR_1_SUBSTITUTION,1,78670721,3116928,FOODFORM,2005-07-14,800,foodform,REGISTERED AND RENEWED,Live/Registered,True,005,True
83,NEAR_1_SUBSTITUTION,1,73500178,1340011,FOODFORM,1984-09-20,800,foodform,REGISTERED AND RENEWED,Live/Registered,True,005,True
83,NEAR_1_SUBSTITUTION,1,98638182,,GOOD FOR U,2024-07-09,602,goodforu,ABANDONED-FAILURE TO RESPOND OR LATE RESPONSE,Dead/Abandoned,False,029,False
83,NEAR_1_SUBSTITUTION,1,98354164,,GOODFARM,2024-01-12,600,goodfarm,ABANDONED - INCOMPLETE RESPONSE,Dead/Abandoned,False,029,False
83,NEAR_1_SUBSTITUTION,1,98354172,,GOODFARM,2024-01-12,600,goodfarm,ABANDONED - INCOMPLETE RESPONSE,Dead/Abandoned,False,030,False
83,NEAR_1_SUBSTITUTION,1,98354187,,GOODFARM,2024-01-12,600,goodfarm,ABANDONED - INCOMPLETE RESPONSE,Dead/Abandoned,False,031,False
83,NEAR_1_SUBSTITUTION,1,98354189,,GOODFARM,2024-01-12,600,goodfarm,ABANDONED - INCOMPLETE RESPONSE,Dead/Abandoned,False,035,True
83,NEAR_1_SUBSTITUTION,1,98217523,,GOODFORU,2023-10-10,604,goodforu,ABANDONED - AFTER INTER-PARTES DECISION,Dead/Abandoned,False,,False
83,NEAR_1_DELETION,1,90634274,,GOD FORM,2021-04-09,602,godform,ABANDONED-FAILURE TO RESPOND OR LATE RESPONSE,Dead/Abandoned,False,025,False
83,NEAR_1_SUBSTITUTION,1,88100045,5749591,GOODNORM,2018-08-31,710,goodnorm,CANCELLED - SECTION 8,Dead/Cancelled,False,,False
83,NEAR_1_DELETION,1,86842997,5697663,GOODFOR,2015-12-08,710,goodfor,CANCELLED - SECTION 8,Dead/Cancelled,False,,False
83,NEAR_1_DELETION,1,85641633,,GOOD FOR,2012-06-02,606,goodfor,ABANDONED - NO STATEMENT OF USE FILED,Dead/Abandoned,False,043,False
83,NEAR_1_SUBSTITUTION,1,85292265,,WOODFORM,2011-04-11,606,woodform,ABANDONED - NO STATEMENT OF USE FILED,Dead/Abandoned,False,011,False
83,NEAR_1_INSERTION,1,77363184,3487940,GOOD FOR ME!,2008-01-03,710,goodforme,CANCELLED - SECTION 8,Dead/Cancelled,False,,False
83,NEAR_1_SUBSTITUTION,1,78516442,3121939,GOOD FOR 3,2004-11-13,710,goodfor3,CANCELLED - SECTION 8,Dead/Cancelled,False,,False
83,NEAR_1_SUBSTITUTION,1,78084184,,GOOD FOR 3,2001-09-17,606,goodfor3,ABANDONED - NO STATEMENT OF USE FILED,Dead/Abandoned,False,025,False
83,NEAR_1_SUBSTITUTION,1,76299647,,GOOD FOR U,2001-08-14,606,goodforu,ABANDONED - NO STATEMENT OF USE FILED,Dead/Abandoned,False,"030,031",False
83,NEAR_1_SUBSTITUTION,1,76976112,2841385,GOOD FOR U,2001-08-14,710,goodforu,CANCELLED - SECTION 8,Dead/Cancelled,False,,False
83,NEAR_1_SUBSTITUTION,1,75704242,2439351,MOODFORM,1999-05-10,710,moodform,CANCELLED - SECTION 8,Dead/Cancelled,False,,False
83,NEAR_1_SUBSTITUTION,1,73588686,,WOODFORM,1986-03-18,602,woodform,ABANDONED-FAILURE TO RESPOND OR LATE RESPONSE,Dead/Abandoned,False,,False
83,NEAR_1_SUBSTITUTION,1,73170396,1130889,WOODFORM,1978-05-15,710,woodform,CANCELLED - SECTION 8,Dead/Cancelled,False,,False
83,NEAR_1_SUBSTITUTION,1,73064212,1056934,WOODFORM,1975-09-26,900,woodform,EXPIRED,Dead/Expired,False,,False
84,EXACT,0,73722737,1515885,IN PROGRESS,1988-04-18,710,inprogress,CANCELLED - SECTION 8,Dead/Cancelled,False,,False
84,NEAR_1_DELETION,1,98165558,7486836,I PROGRESS,2023-09-05,700,iprogress,REGISTERED,Live/Registered,True,041,False
84,NEAR_1_DELETION,1,98027088,7420823,IPROGRESS,2023-06-05,700,iprogress,REGISTERED,Live/Registered,True,041,False
84,NEAR_1_INSERTION,1,86856090,5312105,ION PROGRESS,2015-12-21,702,ionprogress,SECTION 8 & 15-ACCEPTED AND ACKNOWLEDGED,Live/Registered,True,"010,042,044",True
84,NEAR_1_DELETION,1,87596587,5418295,NPROGRESS,2017-09-05,710,nprogress,CANCELLED - SECTION 8,Dead/Cancelled,False,,False
84,NEAR_1_DELETION,1,87596599,5418296,NPROGRESS,2017-09-05,710,nprogress,CANCELLED - SECTION 8,Dead/Cancelled,False,,False
84,NEAR_1_DELETION,1,85157391,,NPROGRESS,2010-10-20,606,nprogress,ABANDONED - NO STATEMENT OF USE FILED,Dead/Abandoned,False,009,False
84,NEAR_1_DELETION,1,85157394,,NPROGRESS,2010-10-20,602,nprogress,ABANDONED-FAILURE TO RESPOND OR LATE RESPONSE,Dead/Abandoned,False,045,False
84,NEAR_1_DELETION,1,76045717,2955220,IPROGRESS,2000-05-04,710,iprogress,CANCELLED - SECTION 8,Dead/Cancelled,False,,False
85,EXACT,0,88025744,5680389,PROOF POSITIVE,2018-07-04,702,proofpositive,SECTION 8 & 15-ACCEPTED AND ACKNOWLEDGED,Live/Registered,True,009,False
85,EXACT,0,87027919,5104647,PROOF-POSITIVE,2016-05-06,702,proofpositive,SECTION 8 & 15-ACCEPTED AND ACKNOWLEDGED,Live/Registered,True,013,False
85,EXACT,0,85318822,4074071,PROOF POSITIVE,2011-05-12,800,proofpositive,REGISTERED AND RENEWED,Live/Registered,True,"009,045",False
85,EXACT,0,87046701,,PROOF POSITIVE,2016-05-23,606,proofpositive,ABANDONED - NO STATEMENT OF USE FILED,Dead/Abandoned,False,016,False
85,EXACT,0,86052901,4557520,PROOFPOSITIVE,2013-08-30,710,proofpositive,CANCELLED - SECTION 8,Dead/Cancelled,False,,False
85,EXACT,0,85025443,3909439,PROOF POSITIVE,2010-04-28,710,proofpositive,CANCELLED - SECTION 8,Dead/Cancelled,False,,False
85,EXACT,0,77250316,3417632,PROOF POSITIVE,2007-08-08,710,proofpositive,CANCELLED - SECTION 8,Dead/Cancelled,False,,False
85,EXACT,0,77250349,3417633,PROOF POSITIVE,2007-08-08,710,proofpositive,CANCELLED - SECTION 8,Dead/Cancelled,False,,False
85,EXACT,0,78414530,,PROOF POSITIVE,2004-05-06,602,proofpositive,ABANDONED-FAILURE TO RESPOND OR LATE RESPONSE,Dead/Abandoned,False,035,True
85,EXACT,0,78352716,2984182,PROOF POSITIVE,2004-01-15,710,proofpositive,CANCELLED - SECTION 8,Dead/Cancelled,False,,False
85,EXACT,0,76530739,2839975,PROOF POSITIVE,2003-07-14,710,proofpositive,CANCELLED - SECTION 8,Dead/Cancelled,False,,False
85,EXACT,0,76487617,3090619,PROOF POSITIVE,2003-02-05,710,proofpositive,CANCELLED - SECTION 8,Dead/Cancelled,False,,False
85,EXACT,0,76432908,,PROOF POSITIVE,2002-07-09,606,proofpositive,ABANDONED - NO STATEMENT OF USE FILED,Dead/Abandoned,False,005,True
85,EXACT,0,76366381,,PROOF POSITIVE,2002-02-04,602,proofpositive,ABANDONED-FAILURE TO RESPOND OR LATE RESPONSE,Dead/Abandoned,False,036,False
85,EXACT,0,76203695,,PROOF POSITIVE,2001-02-01,606,proofpositive,ABANDONED - NO STATEMENT OF USE FILED,Dead/Abandoned,False,016,False
85,EXACT,0,76020831,,PROOF POSITIVE,2000-04-06,606,proofpositive,ABANDONED - NO STATEMENT OF USE FILED,Dead/Abandoned,False,"009,016",False
85,EXACT,0,74448273,1852634,PROOF POSITIVE,1993-10-18,710,proofpositive,CANCELLED - SECTION 8,Dead/Cancelled,False,,False
85,EXACT,0,74432849,1904152,PROOFPOSITIVE,1993-09-07,710,proofpositive,CANCELLED - SECTION 8,Dead/Cancelled,False,,False
85,EXACT,0,74424524,1854892,PROOF POSITIVE,1993-08-16,710,proofpositive,CANCELLED - SECTION 8,Dead/Cancelled,False,,False
85,EXACT,0,74409503,,PROOF POSITIVE,1993-07-06,602,proofpositive,ABANDONED-FAILURE TO RESPOND OR LATE RESPONSE,Dead/Abandoned,False,,False
85,EXACT,0,74385820,1848348,PROOF POSITIVE,1993-05-03,710,proofpositive,CANCELLED - SECTION 8,Dead/Cancelled,False,,False
85,EXACT,0,74185173,1783276,PROOF POSITIVE,1991-07-15,710,proofpositive,CANCELLED - SECTION 8,Dead/Cancelled,False,,False
85,EXACT,0,73547590,1411928,PROOF POSITIVE,1985-07-12,710,proofpositive,CANCELLED - SECTION 8,Dead/Cancelled,False,,False
85,EXACT,0,73443700,,PROOF POSITIVE,1983-09-14,602,proofpositive,ABANDONED-FAILURE TO RESPOND OR LATE RESPONSE,Dead/Abandoned,False,,False
85,EXACT,0,73356938,1256675,PROOF POSITIVE,1982-03-29,710,proofpositive,CANCELLED - SECTION 8,Dead/Cancelled,False,,False
85,NEAR_1_DELETION,1,88748074,,ROOF POSITIVE,2020-01-06,606,roofpositive,ABANDONED - NO STATEMENT OF USE FILED,Dead/Abandoned,False,037,False
86,EXACT,0,99240292,,CASE IN POINT,2025-06-18,688,caseinpoint,NOTICE OF ALLOWANCE - ISSUED,Live/Pending,True,041,False
86,EXACT,0,87513110,5386070,CASE IN POINT,2017-06-30,702,caseinpoint,SECTION 8 & 15-ACCEPTED AND ACKNOWLEDGED,Live/Registered,True,041,False
86,EXACT,0,98795323,,CASE IN POINT,2024-10-10,606,caseinpoint,ABANDONED - NO STATEMENT OF USE FILED,Dead/Abandoned,False,033,False
86,EXACT,0,86653583,,CASE IN POINT,2015-06-05,606,caseinpoint,ABANDONED - NO STATEMENT OF USE FILED,Dead/Abandoned,False,009,False
86,EXACT,0,85480242,,CASE IN POINT,2011-11-23,602,caseinpoint,ABANDONED-FAILURE TO RESPOND OR LATE RESPONSE,Dead/Abandoned,False,009,False
86,EXACT,0,78612608,3119767,CASE-IN-POINT,2005-04-20,710,caseinpoint,CANCELLED - SECTION 8,Dead/Cancelled,False,,False
86,EXACT,0,76470139,,CASE IN POINT,2002-11-13,606,caseinpoint,ABANDONED - NO STATEMENT OF USE FILED,Dead/Abandoned,False,016,False
86,EXACT,0,76470140,,CASE IN POINT,2002-11-13,606,caseinpoint,ABANDONED - NO STATEMENT OF USE FILED,Dead/Abandoned,False,016,False
86,EXACT,0,76231816,2599302,CASE IN POINT,2001-03-29,710,caseinpoint,CANCELLED - SECTION 8,Dead/Cancelled,False,,False
86,EXACT,0,73567843,1425207,CASE IN POINT,1985-11-12,710,caseinpoint,CANCELLED - SECTION 8,Dead/Cancelled,False,,False
86,EXACT,0,73230434,1198632,CASE IN POINT,1979-09-07,710,caseinpoint,CANCELLED - SECTION 8,Dead/Cancelled,False,,False
86,NEAR_1_INSERTION,1,78775992,3393106,A CASE IN POINT,2005-12-19,710,acaseinpoint,CANCELLED - SECTION 8,Dead/Cancelled,False,,False
86,NEAR_1_INSERTION,1,78430613,,CASE IN POINTE!,2004-06-06,606,caseinpointe,ABANDONED - NO STATEMENT OF USE FILED,Dead/Abandoned,False,016,False
86,NEAR_1_DELETION,1,78315011,2918967,CASENPOINT,2003-10-17,710,casenpoint,CANCELLED - SECTION 8,Dead/Cancelled,False,,False
88,EXACT,0,86963039,5210630,SHEER SCIENCE,2016-04-04,702,sheerscience,SECTION 8 & 15-ACCEPTED AND ACKNOWLEDGED,Live/Registered,True,003,True
88,EXACT,0,88468612,,SHEER SCIENCE,2019-06-11,602,sheerscience,ABANDONED-FAILURE TO RESPOND OR LATE RESPONSE,Dead/Abandoned,False,005,True
89,EXACT,0,75137432,,THE LONGVIEW,1996-07-22,602,thelongview,ABANDONED-FAILURE TO RESPOND OR LATE RESPONSE,Dead/Abandoned,False,016,False
89,EXACT,0,75106112,2131812,THE LONGVIEW,1996-05-17,710,thelongview,CANCELLED - SECTION 8,Dead/Cancelled,False,,False
90,EXACT,0,98790637,,FINE PRINT,2024-10-08,654,fineprint,REPORT COMPLETED SUSPENSION CHECK - CASE STILL SUSPENDED,Live/Pending,True,"025,041",False
90,EXACT,0,87766995,5717187,FINE PRINT,2018-01-23,702,fineprint,SECTION 8 & 15-ACCEPTED AND ACKNOWLEDGED,Live/Registered,True,033,False
90,EXACT,0,87258489,5392781,FINE PRINT,2016-12-06,702,fineprint,SECTION 8 & 15-ACCEPTED AND ACKNOWLEDGED,Live/Registered,True,041,False
90,EXACT,0,85234646,4019230,FINE PRINT,2011-02-04,800,fineprint,REGISTERED AND RENEWED,Live/Registered,True,028,False
90,EXACT,0,78640269,3197582,FINE PRINT,2005-05-31,800,fineprint,REGISTERED AND RENEWED,Live/Registered,True,009,False
90,EXACT,0,77105894,,FINE PRINT,2007-02-13,606,fineprint,ABANDONED - NO STATEMENT OF USE FILED,Dead/Abandoned,False,037,False
90,EXACT,0,78309412,,FINE PRINT,2003-10-03,606,fineprint,ABANDONED - NO STATEMENT OF USE FILED,Dead/Abandoned,False,041,False
90,EXACT,0,75501107,,FINE PRINT,1998-06-12,606,fineprint,ABANDONED - NO STATEMENT OF USE FILED,Dead/Abandoned,False,009,False
90,EXACT,0,75042046,2154090,FINE PRINT,1996-01-11,710,fineprint,CANCELLED - SECTION 8,Dead/Cancelled,False,,False
90,EXACT,0,74164562,,FINEPRINT,1991-05-07,602,fineprint,ABANDONED-FAILURE TO RESPOND OR LATE RESPONSE,Dead/Abandoned,False,,False
90,EXACT,0,73803983,,"""FINE PRINT""",1989-06-02,602,fineprint,ABANDONED-FAILURE TO RESPOND OR LATE RESPONSE,Dead/Abandoned,False,,False
90,EXACT,0,73577496,,FINE PRINT,1986-01-13,602,fineprint,ABANDONED-FAILURE TO RESPOND OR LATE RESPONSE,Dead/Abandoned,False,,False
90,EXACT,0,73409509,1298754,FINE PRINT,1983-01-17,710,fineprint,CANCELLED - SECTION 8,Dead/Cancelled,False,,False
90,EXACT,0,73350127,1271588,FINE PRINT,1982-02-16,710,fineprint,CANCELLED - SECTION 8,Dead/Cancelled,False,,False
90,EXACT,0,73146037,1113133,FINE PRINT,1977-10-26,710,fineprint,CANCELLED - SECTION 8,Dead/Cancelled,False,,False
90,NEAR_1_DELETION,1,99808602,,FINPRINT,2026-05-07,630,finprint,NEW APPLICATION - RECORD INITIALIZED NOT ASSIGNED TO EXAMINER,Live/Pending,True,036,False
90,NEAR_1_SUBSTITUTION,1,99603181,,FINEPOINT,2026-01-20,641,finepoint,NON-FINAL ACTION - MAILED,Live/Pending,True,"035,042",True
90,NEAR_1_SUBSTITUTION,1,98877151,8298208,FINE POINT,2024-11-28,700,finepoint,REGISTERED,Live/Registered,True,003,True
90,NEAR_1_SUBSTITUTION,1,98612602,8197659,FINE POINT,2024-06-21,700,finepoint,REGISTERED,Live/Registered,True,041,False
90,NEAR_1_SUBSTITUTION,1,97659029,7698209,WINEPRINT,2022-11-02,700,wineprint,REGISTERED,Live/Registered,True,"009,042",False
90,NEAR_1_DELETION,1,87790310,6389630,FINPRINT,2018-02-08,700,finprint,REGISTERED,Live/Registered,True,009,False
90,NEAR_1_SUBSTITUTION,1,87643579,6004883,FINE POINT,2017-10-12,702,finepoint,SECTION 8 & 15-ACCEPTED AND ACKNOWLEDGED,Live/Registered,True,"035,036",True
90,NEAR_1_SUBSTITUTION,1,87980037,5797497,FINE POINT,2017-10-12,702,finepoint,SECTION 8 & 15-ACCEPTED AND ACKNOWLEDGED,Live/Registered,True,035,True
90,NEAR_1_SUBSTITUTION,1,86389784,4816277,FINEPOINT,2014-09-09,800,finepoint,REGISTERED AND RENEWED,Live/Registered,True,010,True
90,NEAR_1_SUBSTITUTION,1,86161199,4964995,FILEPRINT,2014-01-09,701,fileprint,SECTION 8-ACCEPTED,Live/Registered,True,042,False
90,NEAR_1_SUBSTITUTION,1,75219310,2355564,FIREPRINT,1996-12-30,800,fireprint,REGISTERED AND RENEWED,Live/Registered,True,009,False
90,NEAR_1_SUBSTITUTION,1,75043309,2192962,FINEPOINT,1996-01-16,800,finepoint,REGISTERED AND RENEWED,Live/Registered,True,009,False
90,NEAR_1_SUBSTITUTION,1,88907878,,FINEPOINT,2020-05-08,606,finepoint,ABANDONED - NO STATEMENT OF USE FILED,Dead/Abandoned,False,036,False
90,NEAR_1_SUBSTITUTION,1,87208987,,FINEPOINT,2016-10-19,606,finepoint,ABANDONED - NO STATEMENT OF USE FILED,Dead/Abandoned,False,036,False
90,NEAR_1_SUBSTITUTION,1,87196106,,WINE PRINT,2016-10-07,601,wineprint,ABANDONED - EXPRESS,Dead/Abandoned,False,042,False
90,NEAR_1_SUBSTITUTION,1,86763263,,FINEPOINT,2015-09-21,602,finepoint,ABANDONED-FAILURE TO RESPOND OR LATE RESPONSE,Dead/Abandoned,False,037,False
90,NEAR_1_SUBSTITUTION,1,85951347,,WINEPRINT,2013-06-05,602,wineprint,ABANDONED-FAILURE TO RESPOND OR LATE RESPONSE,Dead/Abandoned,False,042,False
90,NEAR_1_SUBSTITUTION,1,85939118,4886282,WINEPRINT,2013-05-22,710,wineprint,CANCELLED - SECTION 8,Dead/Cancelled,False,,False
90,NEAR_1_SUBSTITUTION,1,85885554,,FINEPOINT,2013-03-25,606,finepoint,ABANDONED - NO STATEMENT OF USE FILED,Dead/Abandoned,False,036,False
90,NEAR_1_SUBSTITUTION,1,78265986,,FINEPOINT,2003-06-23,606,finepoint,ABANDONED - NO STATEMENT OF USE FILED,Dead/Abandoned,False,009,False
90,NEAR_1_SUBSTITUTION,1,76509042,3047354,FINE POINT,2003-04-23,710,finepoint,CANCELLED - SECTION 8,Dead/Cancelled,False,,False
90,NEAR_1_SUBSTITUTION,1,76404482,,FINEPOINT,2002-05-07,606,finepoint,ABANDONED - NO STATEMENT OF USE FILED,Dead/Abandoned,False,019,False
90,NEAR_1_SUBSTITUTION,1,76364544,2768394,FINEPOINT,2002-01-30,710,finepoint,CANCELLED - SECTION 8,Dead/Cancelled,False,,False
90,NEAR_1_SUBSTITUTION,1,75236791,,FINE POINT,1997-02-05,602,finepoint,ABANDONED-FAILURE TO RESPOND OR LATE RESPONSE,Dead/Abandoned,False,,False
90,NEAR_1_SUBSTITUTION,1,75171239,,FINEPOINT,1996-09-12,606,finepoint,ABANDONED - NO STATEMENT OF USE FILED,Dead/Abandoned,False,,False
90,NEAR_1_SUBSTITUTION,1,74650672,,FINEPOINT,1995-03-23,606,finepoint,ABANDONED - NO STATEMENT OF USE FILED,Dead/Abandoned,False,,False
90,NEAR_1_DELETION,1,74300923,1759017,FIN/PRINT,1992-08-03,710,finprint,CANCELLED - SECTION 8,Dead/Cancelled,False,,False
90,NEAR_1_SUBSTITUTION,1,73509502,1365257,FIREPRINT,1984-11-19,710,fireprint,CANCELLED - SECTION 8,Dead/Cancelled,False,,False
90,NEAR_1_SUBSTITUTION,1,72326028,0902191,FINEPOINT,1969-05-01,900,finepoint,EXPIRED,Dead/Expired,False,,False
91,EXACT,0,97814875,7337197,BOLDFACE,2023-02-28,700,boldface,REGISTERED,Live/Registered,True,033,False
91,EXACT,0,90185249,6680484,BOLDFACE,2020-09-16,700,boldface,REGISTERED,Live/Registered,True,003,True
91,EXACT,0,87106475,,BOLDFACE,2016-07-17,606,boldface,ABANDONED - NO STATEMENT OF USE FILED,Dead/Abandoned,False,041,False
91,EXACT,0,86395435,4868003,BOLD FACE,2014-09-15,710,boldface,CANCELLED - SECTION 8,Dead/Cancelled,False,,False
91,EXACT,0,86011906,4614849,BOLD FACE,2013-07-16,710,boldface,CANCELLED - SECTION 8,Dead/Cancelled,False,,False
91,EXACT,0,85634694,,BOLD FACE,2012-05-24,606,boldface,ABANDONED - NO STATEMENT OF USE FILED,Dead/Abandoned,False,033,False
91,EXACT,0,73036024,1019414,BOLDFACE,1974-10-31,900,boldface,EXPIRED,Dead/Expired,False,,False
91,EXACT,0,71307157,0280586,BOLD FACE,1930-10-25,900,boldface,EXPIRED,Dead/Expired,False,,False
91,NEAR_1_DELETION,1,98853743,7879960,OLDFACE,2024-11-14,700,oldface,REGISTERED,Live/Registered,True,018,False
91,NEAR_1_SUBSTITUTION,1,90694295,6713037,COLDFACE,2021-05-06,700,coldface,REGISTERED,Live/Registered,True,010,True
91,NEAR_1_SUBSTITUTION,1,87447991,5500576,BALDFACE,2017-05-12,701,baldface,SECTION 8-ACCEPTED,Live/Registered,True,041,False
92,EXACT,0,99016461,7968489,STRAIGHTFACE,2025-01-23,700,straightface,REGISTERED,Live/Registered,True,038,False
92,NEAR_1_DELETION,1,85736784,,STRAIGHTACE,2012-09-24,606,straightace,ABANDONED - NO STATEMENT OF USE FILED,Dead/Abandoned,False,"009,016,041",False
93,EXACT,0,73734606,1562260,BARE FACTS,1988-06-16,710,barefacts,CANCELLED - SECTION 8,Dead/Cancelled,False,,False
93,EXACT,0,73405732,,BARE FACTS,1982-12-13,602,barefacts,ABANDONED-FAILURE TO RESPOND OR LATE RESPONSE,Dead/Abandoned,False,,False
93,EXACT,0,73076030,1063664,BARE FACTS,1976-02-02,710,barefacts,CANCELLED - SECTION 8,Dead/Cancelled,False,,False
93,EXACT,0,72210381,0808539,BARE FACTS,1965-01-21,900,barefacts,EXPIRED,Dead/Expired,False,,False
93,NEAR_1_SUBSTITUTION,1,99187739,,CAREFACTS,2025-05-15,645,carefacts,FINAL REFUSAL - MAILED,Live/Pending,True,041,False
93,NEAR_1_SUBSTITUTION,1,97332444,,BARE FACES,2022-03-26,602,barefaces,ABANDONED-FAILURE TO RESPOND OR LATE RESPONSE,Dead/Abandoned,False,044,True
93,NEAR_1_SUBSTITUTION,1,97332464,,BARE FACES,2022-03-26,602,barefaces,ABANDONED-FAILURE TO RESPOND OR LATE RESPONSE,Dead/Abandoned,False,044,True
93,NEAR_1_SUBSTITUTION,1,78848421,3202004,CAREFACTS,2006-03-28,710,carefacts,CANCELLED - SECTION 8,Dead/Cancelled,False,,False
93,NEAR_1_SUBSTITUTION,1,78165384,2805984,CARE FACTS,2002-09-18,710,carefacts,CANCELLED - SECTION 8,Dead/Cancelled,False,,False
94,EXACT,0,99617753,,FACE IT,2026-01-27,641,faceit,NON-FINAL ACTION - MAILED,Live/Pending,True,003,True
94,EXACT,0,99007703,,FACE IT,2025-01-17,730,faceit,FIRST EXTENSION - GRANTED,Live/Pending,True,041,False
94,EXACT,0,98431414,,FACEIT,2024-03-04,651,faceit,SUSPENSION INQUIRY - MAILED,Live/Pending,True,"009,042",False
94,EXACT,0,98427566,,FACEIT,2024-02-29,654,faceit,REPORT COMPLETED SUSPENSION CHECK - CASE STILL SUSPENDED,Live/Pending,True,"009,042",False
94,EXACT,0,97697722,,FACE IT,2022-11-30,733,faceit,FOURTH EXTENSION - GRANTED,Live/Pending,True,020,False
94,EXACT,0,88780128,6186703,FACEIT,2020-01-31,701,faceit,SECTION 8-ACCEPTED,Live/Registered,True,041,False
94,EXACT,0,86973140,5423990,FACE IT,2016-04-12,702,faceit,SECTION 8 & 15-ACCEPTED AND ACKNOWLEDGED,Live/Registered,True,009,False
94,EXACT,0,86595888,4897591,FACEIT,2015-04-13,800,faceit,REGISTERED AND RENEWED,Live/Registered,True,"009,035,038,041,042",True
94,EXACT,0,85920011,4451148,FACE IT,2013-05-01,800,faceit,REGISTERED AND RENEWED,Live/Registered,True,035,True
94,EXACT,0,85278091,4093303,FACE IT,2011-03-27,800,faceit,REGISTERED AND RENEWED,Live/Registered,True,044,True
94,EXACT,0,73177596,1132041,FACEIT,1978-07-10,800,faceit,REGISTERED AND RENEWED,Live/Registered,True,005,True
94,EXACT,0,90491411,,FACE IT!,2021-01-27,610,faceit,TERMINATED AFTER SANCTIONS,Dead,False,,False
94,EXACT,0,88955540,,FACE-IT,2020-06-09,602,faceit,ABANDONED-FAILURE TO RESPOND OR LATE RESPONSE,Dead/Abandoned,False,"005,009,010,011",True
94,EXACT,0,88894535,,FACE IT,2020-04-30,602,faceit,ABANDONED-FAILURE TO RESPOND OR LATE RESPONSE,Dead/Abandoned,False,003,True
94,EXACT,0,88215331,5763611,FACE IT,2018-12-03,710,faceit,CANCELLED - SECTION 8,Dead/Cancelled,False,,False
94,EXACT,0,86640213,,FACE IT!,2015-05-24,602,faceit,ABANDONED-FAILURE TO RESPOND OR LATE RESPONSE,Dead/Abandoned,False,003,True
94,EXACT,0,86531183,,FACE IT,2015-02-11,601,faceit,ABANDONED - EXPRESS,Dead/Abandoned,False,003,True
94,EXACT,0,85896725,4720711,FACE IT,2013-04-05,710,faceit,CANCELLED - SECTION 8,Dead/Cancelled,False,,False
94,EXACT,0,85628369,,FACE IT,2012-05-17,606,faceit,ABANDONED - NO STATEMENT OF USE FILED,Dead/Abandoned,False,035,True
94,EXACT,0,85558623,4244974,FACEIT,2012-03-02,710,faceit,CANCELLED - SECTION 8,Dead/Cancelled,False,,False
94,EXACT,0,85285542,4432879,FACE IT,2011-04-04,710,faceit,CANCELLED - SECTION 8,Dead/Cancelled,False,,False
94,EXACT,0,85222295,4274046,FACE & IT,2011-01-20,710,faceit,CANCELLED - SECTION 8,Dead/Cancelled,False,,False
94,EXACT,0,77958011,,FACE IT!,2010-03-12,602,faceit,ABANDONED-FAILURE TO RESPOND OR LATE RESPONSE,Dead/Abandoned,False,044,True
94,EXACT,0,76701852,3858661,FACE IT,2010-03-01,710,faceit,CANCELLED - SECTION 8,Dead/Cancelled,False,,False
94,EXACT,0,77796149,,FACE IT,2009-08-04,602,faceit,ABANDONED-FAILURE TO RESPOND OR LATE RESPONSE,Dead/Abandoned,False,003,True
94,EXACT,0,76684349,,FACE IT,2007-11-26,602,faceit,ABANDONED-FAILURE TO RESPOND OR LATE RESPONSE,Dead/Abandoned,False,003,True
94,EXACT,0,78878996,3357799,FACE-IT,2006-05-08,710,faceit,CANCELLED - SECTION 8,Dead/Cancelled,False,,False
94,EXACT,0,76588448,,FACE IT,2004-04-22,602,faceit,ABANDONED-FAILURE TO RESPOND OR LATE RESPONSE,Dead/Abandoned,False,041,False
94,EXACT,0,76533639,,FACE IT,2003-07-31,602,faceit,ABANDONED-FAILURE TO RESPOND OR LATE RESPONSE,Dead/Abandoned,False,016,False
94,EXACT,0,76517288,,FACE IT!,2003-05-27,606,faceit,ABANDONED - NO STATEMENT OF USE FILED,Dead/Abandoned,False,035,True
94,EXACT,0,76251400,2592918,FACE-IT,2001-05-07,710,faceit,CANCELLED - SECTION 8,Dead/Cancelled,False,,False
94,EXACT,0,75792593,2381293,FACEIT,1999-09-03,710,faceit,CANCELLED - SECTION 8,Dead/Cancelled,False,,False
94,EXACT,0,75407497,2322892,F.A.C.E. I.T.,1997-12-18,710,faceit,CANCELLED - SECTION 8,Dead/Cancelled,False,,False
94,EXACT,0,75285044,2410969,FACEIT,1997-05-01,710,faceit,CANCELLED - SECTION 8,Dead/Cancelled,False,,False
94,EXACT,0,74680892,,FACE IT,1995-05-30,602,faceit,ABANDONED-FAILURE TO RESPOND OR LATE RESPONSE,Dead/Abandoned,False,,False
94,EXACT,0,74650637,,FACE IT,1995-03-23,606,faceit,ABANDONED - NO STATEMENT OF USE FILED,Dead/Abandoned,False,,False
94,EXACT,0,75975629,2053630,FACE IT,1995-03-23,710,faceit,CANCELLED - SECTION 8,Dead/Cancelled,False,,False
94,EXACT,0,74537824,1975342,FACE-IT,1994-06-14,710,faceit,CANCELLED - SECTION 8,Dead/Cancelled,False,,False
94,EXACT,0,74374651,,FACE IT,1993-04-02,602,faceit,ABANDONED-FAILURE TO RESPOND OR LATE RESPONSE,Dead/Abandoned,False,,False
94,EXACT,0,74311044,,FACE IT,1992-09-04,602,faceit,ABANDONED-FAILURE TO RESPOND OR LATE RESPONSE,Dead/Abandoned,False,,False
94,EXACT,0,74205374,1694441,FACE IT,1991-09-20,710,faceit,CANCELLED - SECTION 8,Dead/Cancelled,False,,False
94,EXACT,0,74143414,,FACE IT,1991-03-01,601,faceit,ABANDONED - EXPRESS,Dead/Abandoned,False,,False
94,EXACT,0,74133537,,FACE IT,1991-01-25,602,faceit,ABANDONED-FAILURE TO RESPOND OR LATE RESPONSE,Dead/Abandoned,False,,False
94,EXACT,0,73837460,1611394,FACE IT,1989-11-09,710,faceit,CANCELLED - SECTION 8,Dead/Cancelled,False,,False
94,EXACT,0,73746533,,FACEIT,1988-08-16,604,faceit,ABANDONED - AFTER INTER-PARTES DECISION,Dead/Abandoned,False,,False
94,EXACT,0,73644230,1468254,FACE-IT,1987-02-12,710,faceit,CANCELLED - SECTION 8,Dead/Cancelled,False,,False
94,EXACT,0,73632732,,FACE - IT,1986-11-28,602,faceit,ABANDONED-FAILURE TO RESPOND OR LATE RESPONSE,Dead/Abandoned,False,,False
94,EXACT,0,73438660,1347123,FACEIT,1983-08-10,710,faceit,CANCELLED - SECTION 8,Dead/Cancelled,False,,False
94,EXACT,0,73436388,,FACEIT,1983-07-26,602,faceit,ABANDONED-FAILURE TO RESPOND OR LATE RESPONSE,Dead/Abandoned,False,,False
94,NEAR_1_DELETION,1,99812799,,FACET,2026-05-08,630,facet,NEW APPLICATION - RECORD INITIALIZED NOT ASSIGNED TO EXAMINER,Live/Pending,True,"009,034",False
94,NEAR_1_DELETION,1,99660958,,FACET,2026-02-19,680,facet,APPROVED FOR PUBLICATION,Live/Pending,True,042,False
94,NEAR_1_DELETION,1,99660970,,FACET,2026-02-19,686,facet,PUBLISHED FOR OPPOSITION,Live/Pending,True,042,False
94,NEAR_1_SUBSTITUTION,1,99531341,8323049,FAKEIT,2025-12-05,700,fakeit,REGISTERED,Live/Registered,True,009,False
94,NEAR_1_INSERTION,1,99518042,8304479,FACE/FIT,2025-11-26,700,facefit,REGISTERED,Live/Registered,True,044,True
94,NEAR_1_SUBSTITUTION,1,99512577,8322287,FACEIN,2025-11-24,700,facein,REGISTERED,Live/Registered,True,009,False
94,NEAR_1_SUBSTITUTION,1,99171046,,FACENT,2025-05-06,688,facent,NOTICE OF ALLOWANCE - ISSUED,Live/Pending,True,009,False
94,NEAR_1_SUBSTITUTION,1,99171049,,FACENT,2025-05-06,688,facent,NOTICE OF ALLOWANCE - ISSUED,Live/Pending,True,036,False
94,NEAR_1_SUBSTITUTION,1,99172001,,FACENT,2025-05-06,688,facent,NOTICE OF ALLOWANCE - ISSUED,Live/Pending,True,036,False
94,NEAR_1_SUBSTITUTION,1,99159061,,FACENT,2025-04-28,688,facent,NOTICE OF ALLOWANCE - ISSUED,Live/Pending,True,009,False
94,NEAR_1_DELETION,1,98611291,7863785,FACET,2024-06-20,700,facet,REGISTERED,Live/Registered,True,009,False
94,NEAR_1_DELETION,1,98611296,,FACET,2024-06-20,688,facet,NOTICE OF ALLOWANCE - ISSUED,Live/Pending,True,036,False
94,NEAR_1_SUBSTITUTION,1,98486471,8162451,FACE ID,2024-04-05,700,faceid,REGISTERED,Live/Registered,True,028,False
94,NEAR_1_DELETION,1,97817704,,FACET,2023-03-01,814,facet,SU - RESPONSE AFTER NON-FINAL ACTION - ENTERED,Live/Pending,True,"035,036,041",True
94,NEAR_1_INSERTION,1,97271492,7300353,FACEFIT,2022-02-17,700,facefit,REGISTERED,Live/Registered,True,010,True
94,NEAR_1_DELETION,1,97166447,,FACET,2021-12-10,654,facet,REPORT COMPLETED SUSPENSION CHECK - CASE STILL SUSPENDED,Live/Pending,True,"003,010",True
94,NEAR_1_DELETION,1,90776941,7033647,FACET,2021-06-16,700,facet,REGISTERED,Live/Registered,True,022,False
94,NEAR_1_DELETION,1,90581247,6835122,FACET,2021-03-16,700,facet,REGISTERED,Live/Registered,True,009,False
94,NEAR_1_DELETION,1,88918594,6336649,FACET,2020-05-15,700,facet,REGISTERED,Live/Registered,True,045,False
94,NEAR_1_SUBSTITUTION,1,88506753,5966274,FACEIL,2019-07-09,701,faceil,SECTION 8-ACCEPTED,Live/Registered,True,010,True
94,NEAR_1_DELETION,1,88439413,5874484,FACET,2019-05-21,702,facet,SECTION 8 & 15-ACCEPTED AND ACKNOWLEDGED,Live/Registered,True,036,False
94,NEAR_1_INSERTION,1,87838668,5567488,FACE-KIT,2018-03-18,701,facekit,SECTION 8-ACCEPTED,Live/Registered,True,003,True
94,NEAR_1_DELETION,1,87796046,5978775,FACET,2018-02-13,702,facet,SECTION 8 & 15-ACCEPTED AND ACKNOWLEDGED,Live/Registered,True,028,False
94,NEAR_1_SUBSTITUTION,1,87757356,5568970,FACE ID,2018-01-16,702,faceid,SECTION 8 & 15-ACCEPTED AND ACKNOWLEDGED,Live/Registered,True,009,False
94,NEAR_1_SUBSTITUTION,1,87655943,5496397,FACE ID,2017-10-23,702,faceid,SECTION 8 & 15-ACCEPTED AND ACKNOWLEDGED,Live/Registered,True,009,False
94,NEAR_1_INSERTION,1,87406606,5316991,FACEFIT,2017-04-11,702,facefit,SECTION 8 & 15-ACCEPTED AND ACKNOWLEDGED,Live/Registered,True,035,True
94,NEAR_1_SUBSTITUTION,1,87338924,5366336,FACE ID,2017-02-16,702,faceid,SECTION 8 & 15-ACCEPTED AND ACKNOWLEDGED,Live/Registered,True,009,False
94,NEAR_1_SUBSTITUTION,1,87338937,6053644,FACE ID,2017-02-16,702,faceid,SECTION 8 & 15-ACCEPTED AND ACKNOWLEDGED,Live/Registered,True,042,False
94,NEAR_1_SUBSTITUTION,1,86849478,5017065,FACETT,2015-12-15,701,facett,SECTION 8-ACCEPTED,Live/Registered,True,009,False
94,NEAR_1_DELETION,1,85818105,5036786,FACET,2013-01-08,702,facet,SECTION 8 & 15-ACCEPTED AND ACKNOWLEDGED,Live/Registered,True,007,False
94,NEAR_1_DELETION,1,85506272,4479577,FACET,2011-12-30,800,facet,REGISTERED AND RENEWED,Live/Registered,True,"009,037,042",False
94,NEAR_1_SUBSTITUTION,1,85106767,4154728,FACEIN,2010-08-13,800,facein,REGISTERED AND RENEWED,Live/Registered,True,009,False
94,NEAR_1_DELETION,1,76583817,3392255,ACE IT!,2004-03-29,800,aceit,REGISTERED AND RENEWED,Live/Registered,True,041,False
94,NEAR_1_DELETION,1,78047803,2738887,FACET,2001-02-12,800,facet,REGISTERED AND RENEWED,Live/Registered,True,"040,042",False
94,NEAR_1_INSERTION,1,75758453,2399699,FACE-FIT,1999-07-23,800,facefit,REGISTERED AND RENEWED,Live/Registered,True,009,False
94,NEAR_1_DELETION,1,75308132,2172901,ACE-IT,1997-06-13,800,aceit,REGISTERED AND RENEWED,Live/Registered,True,035,True
94,NEAR_1_DELETION,1,74140373,1852221,FACET,1991-02-19,800,facet,REGISTERED AND RENEWED,Live/Registered,True,009,False
94,NEAR_1_DELETION,1,73680480,1485914,FACET,1987-08-24,800,facet,REGISTERED AND RENEWED,Live/Registered,True,005,True
94,NEAR_1_DELETION,1,73142559,1148543,FACET,1977-09-26,800,facet,REGISTERED AND RENEWED,Live/Registered,True,"007,011,012",False
94,NEAR_1_INSERTION,1,99454386,,FACEFIT,2025-10-21,602,facefit,ABANDONED-FAILURE TO RESPOND OR LATE RESPONSE,Dead/Abandoned,False,044,True
94,NEAR_1_DELETION,1,98611289,,FACET,2024-06-20,606,facet,ABANDONED - NO STATEMENT OF USE FILED,Dead/Abandoned,False,035,True
94,NEAR_1_DELETION,1,98611298,,FACET,2024-06-20,606,facet,ABANDONED - NO STATEMENT OF USE FILED,Dead/Abandoned,False,042,False
94,NEAR_1_DELETION,1,97526251,,FACET,2022-07-29,602,facet,ABANDONED-FAILURE TO RESPOND OR LATE RESPONSE,Dead/Abandoned,False,"035,036",True
94,NEAR_1_DELETION,1,97316126,,FACET,2022-03-16,602,facet,ABANDONED-FAILURE TO RESPOND OR LATE RESPONSE,Dead/Abandoned,False,"012,021",True
94,NEAR_1_DELETION,1,97166443,,FACET,2021-12-10,602,facet,ABANDONED-FAILURE TO RESPOND OR LATE RESPONSE,Dead/Abandoned,False,"005,042,044",True
94,NEAR_1_INSERTION,1,90872123,,FACEFIT,2021-08-09,602,facefit,ABANDONED-FAILURE TO RESPOND OR LATE RESPONSE,Dead/Abandoned,False,010,True
94,NEAR_1_INSERTION,1,88699622,,FACEFIT,2019-11-20,606,facefit,ABANDONED - NO STATEMENT OF USE FILED,Dead/Abandoned,False,"005,044",True
94,NEAR_1_DELETION,1,88433403,,FACET,2019-05-16,605,facet,ABANDONED EXPRESS AFTER PUB,Dead/Abandoned,False,,False
94,NEAR_1_DELETION,1,88399366,,FACET,2019-04-24,602,facet,ABANDONED-FAILURE TO RESPOND OR LATE RESPONSE,Dead/Abandoned,False,042,False
94,NEAR_1_DELETION,1,88399760,,FACET,2019-04-24,602,facet,ABANDONED-FAILURE TO RESPOND OR LATE RESPONSE,Dead/Abandoned,False,003,True
94,NEAR_1_SUBSTITUTION,1,88188217,5792955,FACE - II,2018-11-09,710,faceii,CANCELLED - SECTION 8,Dead/Cancelled,False,,False
94,NEAR_1_SUBSTITUTION,1,88168442,,FACE ID,2018-10-25,602,faceid,ABANDONED-FAILURE TO RESPOND OR LATE RESPONSE,Dead/Abandoned,False,"043,045",False
94,NEAR_1_SUBSTITUTION,1,87893719,,FACE IQ,2018-04-25,606,faceiq,ABANDONED - NO STATEMENT OF USE FILED,Dead/Abandoned,False,042,False
94,NEAR_1_SUBSTITUTION,1,79233342,,FACEID,2017-11-22,602,faceid,ABANDONED-FAILURE TO RESPOND OR LATE RESPONSE,Dead/Abandoned,False,"009,042",False
94,NEAR_1_DELETION,1,87612083,,FACET,2017-09-18,602,facet,ABANDONED-FAILURE TO RESPOND OR LATE RESPONSE,Dead/Abandoned,False,019,False
94,NEAR_1_SUBSTITUTION,1,79224505,5630014,FACETT,2017-08-08,709,facett,CANCELLED SECTION 71,Dead/Cancelled,False,,False
94,NEAR_1_DELETION,1,87458600,,FACET,2017-05-22,606,facet,ABANDONED - NO STATEMENT OF USE FILED,Dead/Abandoned,False,"003,008",True
94,NEAR_1_DELETION,1,86950132,,FACET,2016-03-23,602,facet,ABANDONED-FAILURE TO RESPOND OR LATE RESPONSE,Dead/Abandoned,False,020,False
94,NEAR_1_DELETION,1,86917095,,ACE IT,2016-02-23,606,aceit,ABANDONED - NO STATEMENT OF USE FILED,Dead/Abandoned,False,005,True
94,NEAR_1_DELETION,1,86809874,5130182,FACET,2015-11-04,710,facet,CANCELLED - SECTION 8,Dead/Cancelled,False,,False
94,NEAR_1_INSERTION,1,86753813,,FACE N IT,2015-09-11,602,facenit,ABANDONED-FAILURE TO RESPOND OR LATE RESPONSE,Dead/Abandoned,False,003,True
94,NEAR_1_INSERTION,1,86633952,,FACEKIT,2015-05-19,606,facekit,ABANDONED - NO STATEMENT OF USE FILED,Dead/Abandoned,False,"009,041",False
94,NEAR_1_DELETION,1,86631004,4885183,ACEIT,2015-05-15,710,aceit,CANCELLED - SECTION 8,Dead/Cancelled,False,,False
94,NEAR_1_DELETION,1,86614620,5115256,FACET,2015-04-29,710,facet,CANCELLED - SECTION 8,Dead/Cancelled,False,,False
94,NEAR_1_SUBSTITUTION,1,79150252,,I ACE IT,2014-05-30,402,iaceit,IR CANCELLED; US APPLICATION ABANDONED,Dead/Abandoned,False,,False
94,NEAR_1_DELETION,1,86231313,4765530,FACET,2014-03-25,710,facet,CANCELLED - SECTION 8,Dead/Cancelled,False,,False
94,NEAR_1_DELETION,1,86036671,4713306,FACET,2013-08-13,710,facet,CANCELLED - SECTION 8,Dead/Cancelled,False,,False
94,NEAR_1_SUBSTITUTION,1,85946935,4558695,FAVE IT,2013-05-30,710,faveit,CANCELLED - SECTION 8,Dead/Cancelled,False,,False
94,NEAR_1_SUBSTITUTION,1,85946945,4574542,FAVE.IT,2013-05-30,710,faveit,CANCELLED - SECTION 8,Dead/Cancelled,False,,False
94,NEAR_1_SUBSTITUTION,1,85946952,4574543,FAVE-IT,2013-05-30,710,faveit,CANCELLED - SECTION 8,Dead/Cancelled,False,,False
94,NEAR_1_DELETION,1,85883930,,FACET,2013-03-22,606,facet,ABANDONED - NO STATEMENT OF USE FILED,Dead/Abandoned,False,009,False
94,NEAR_1_DELETION,1,85802859,,FACET,2012-12-14,606,facet,ABANDONED - NO STATEMENT OF USE FILED,Dead/Abandoned,False,036,False
94,NEAR_1_DELETION,1,85762509,,FACET,2012-10-24,602,facet,ABANDONED-FAILURE TO RESPOND OR LATE RESPONSE,Dead/Abandoned,False,"009,035,042",True
94,NEAR_1_SUBSTITUTION,1,85681002,4332968,FAVEIT,2012-07-18,710,faveit,CANCELLED - SECTION 8,Dead/Cancelled,False,,False
94,NEAR_1_DELETION,1,85372335,,FACET,2011-07-15,602,facet,ABANDONED-FAILURE TO RESPOND OR LATE RESPONSE,Dead/Abandoned,False,009,False
94,NEAR_1_SUBSTITUTION,1,85158508,,FAVEIT,2010-10-21,606,faveit,ABANDONED - NO STATEMENT OF USE FILED,Dead/Abandoned,False,035,True
94,NEAR_1_SUBSTITUTION,1,85106780,,FACEID,2010-08-13,602,faceid,ABANDONED-FAILURE TO RESPOND OR LATE RESPONSE,Dead/Abandoned,False,009,False
94,NEAR_1_DELETION,1,77876209,3862002,FACET,2009-11-19,710,facet,CANCELLED - SECTION 8,Dead/Cancelled,False,,False
94,NEAR_1_INSERTION,1,77871937,3858209,FACE-FIT,2009-11-13,710,facefit,CANCELLED - SECTION 8,Dead/Cancelled,False,,False
94,NEAR_1_DELETION,1,77378568,,FACET,2008-01-23,602,facet,ABANDONED-FAILURE TO RESPOND OR LATE RESPONSE,Dead/Abandoned,False,033,False
94,NEAR_1_DELETION,1,77314250,3599490,FACET,2007-10-26,710,facet,CANCELLED - SECTION 8,Dead/Cancelled,False,,False
94,NEAR_1_DELETION,1,77214129,3623607,FACET,2007-06-25,710,facet,CANCELLED - SECTION 8,Dead/Cancelled,False,,False
94,NEAR_1_DELETION,1,77130241,3524874,FACET,2007-03-13,710,facet,CANCELLED - SECTION 8,Dead/Cancelled,False,,False
94,NEAR_1_DELETION,1,78631822,3326183,FACET,2005-05-17,710,facet,CANCELLED - SECTION 8,Dead/Cancelled,False,,False
94,NEAR_1_DELETION,1,78548374,3160466,ACE IT,2005-01-16,710,aceit,CANCELLED - SECTION 8,Dead/Cancelled,False,,False
94,NEAR_1_SUBSTITUTION,1,76594745,2991405,LACE-IT!,2004-05-28,710,laceit,CANCELLED - SECTION 8,Dead/Cancelled,False,,False
94,NEAR_1_INSERTION,1,76364541,,FACE KIT,2002-01-30,602,facekit,ABANDONED-FAILURE TO RESPOND OR LATE RESPONSE,Dead/Abandoned,False,003,True
94,NEAR_1_SUBSTITUTION,1,76336818,,FACE IN,2001-11-13,606,facein,ABANDONED - NO STATEMENT OF USE FILED,Dead/Abandoned,False,025,False
94,NEAR_1_DELETION,1,78975223,,FACET,2001-02-12,606,facet,ABANDONED - NO STATEMENT OF USE FILED,Dead/Abandoned,False,"005,010",True
94,NEAR_1_DELETION,1,75891345,,FACET,2000-01-07,602,facet,ABANDONED-FAILURE TO RESPOND OR LATE RESPONSE,Dead/Abandoned,False,020,False
94,NEAR_1_DELETION,1,75784977,2687748,ACE IT!,1999-08-26,713,aceit,CANCELLED - SECTION 18,Dead/Cancelled,False,,False
94,NEAR_1_DELETION,1,75522308,2460713,ACEIT!,1998-07-20,710,aceit,CANCELLED - SECTION 8,Dead/Cancelled,False,,False
94,NEAR_1_SUBSTITUTION,1,75433530,2369792,FACE ID,1998-02-12,710,faceid,CANCELLED - SECTION 8,Dead/Cancelled,False,,False
94,NEAR_1_INSERTION,1,75433526,,FACE-FIT,1998-02-03,602,facefit,ABANDONED-FAILURE TO RESPOND OR LATE RESPONSE,Dead/Abandoned,False,"003,009",True
94,NEAR_1_DELETION,1,75402424,2606258,FACET,1997-12-09,710,facet,CANCELLED - SECTION 8,Dead/Cancelled,False,,False
94,NEAR_1_DELETION,1,75402460,2606259,FACET,1997-12-09,710,facet,CANCELLED - SECTION 8,Dead/Cancelled,False,,False
94,NEAR_1_DELETION,1,75359303,,FACET,1997-09-18,602,facet,ABANDONED-FAILURE TO RESPOND OR LATE RESPONSE,Dead/Abandoned,False,016,False
94,NEAR_1_DELETION,1,75188733,,FACET,1996-10-28,602,facet,ABANDONED-FAILURE TO RESPOND OR LATE RESPONSE,Dead/Abandoned,False,,False
94,NEAR_1_DELETION,1,75188734,2344275,FACET,1996-10-28,710,facet,CANCELLED - SECTION 8,Dead/Cancelled,False,,False
94,NEAR_1_DELETION,1,75148452,2447269,FACET,1996-08-09,710,facet,CANCELLED - SECTION 8,Dead/Cancelled,False,,False
94,NEAR_1_DELETION,1,74631963,2016902,FACET,1995-02-09,710,facet,CANCELLED - SECTION 8,Dead/Cancelled,False,,False
94,NEAR_1_DELETION,1,74610133,2001984,ACE IT,1994-10-07,710,aceit,CANCELLED - SECTION 8,Dead/Cancelled,False,,False
94,NEAR_1_DELETION,1,74519419,,FACET,1994-04-25,601,facet,ABANDONED - EXPRESS,Dead/Abandoned,False,,False
94,NEAR_1_INSERTION,1,74500230,,FACE-FIT,1994-03-14,606,facefit,ABANDONED - NO STATEMENT OF USE FILED,Dead/Abandoned,False,,False
94,NEAR_1_SUBSTITUTION,1,74434404,2002066,FACETT,1993-09-09,710,facett,CANCELLED - SECTION 8,Dead/Cancelled,False,,False
94,NEAR_1_INSERTION,1,74432658,1840416,FACEKIT,1993-09-01,710,facekit,CANCELLED - SECTION 8,Dead/Cancelled,False,,False
94,NEAR_1_DELETION,1,74385778,,FACET,1993-05-03,602,facet,ABANDONED-FAILURE TO RESPOND OR LATE RESPONSE,Dead/Abandoned,False,,False
94,NEAR_1_DELETION,1,74171921,,FACET,1991-06-03,602,facet,ABANDONED-FAILURE TO RESPOND OR LATE RESPONSE,Dead/Abandoned,False,,False
94,NEAR_1_DELETION,1,74130539,,FACET,1991-01-15,602,facet,ABANDONED-FAILURE TO RESPOND OR LATE RESPONSE,Dead/Abandoned,False,,False
94,NEAR_1_DELETION,1,73799232,1584419,ACE-IT!,1989-05-11,710,aceit,CANCELLED - SECTION 8,Dead/Cancelled,False,,False
94,NEAR_1_DELETION,1,73771142,,FACET,1988-12-23,601,facet,ABANDONED - EXPRESS,Dead/Abandoned,False,,False
94,NEAR_1_DELETION,1,73680311,1486008,FACET,1987-08-24,710,facet,CANCELLED - SECTION 8,Dead/Cancelled,False,,False
94,NEAR_1_DELETION,1,73656925,1655495,FACET,1987-04-23,710,facet,CANCELLED - SECTION 8,Dead/Cancelled,False,,False
94,NEAR_1_DELETION,1,73594665,1420361,FACET,1986-04-21,710,facet,CANCELLED - SECTION 8,Dead/Cancelled,False,,False
94,NEAR_1_DELETION,1,73429952,,FACET,1983-06-13,618,facet,ABANDONED FILE - BACKFILE,Dead/Abandoned,False,,False
94,NEAR_1_SUBSTITUTION,1,73418773,,FADE.IT,1983-03-25,602,fadeit,ABANDONED-FAILURE TO RESPOND OR LATE RESPONSE,Dead/Abandoned,False,,False
94,NEAR_1_DELETION,1,73297016,1201857,FACIT,1981-02-13,710,facit,CANCELLED - SECTION 8,Dead/Cancelled,False,,False
94,NEAR_1_DELETION,1,72307467,0870090,FACET,1968-09-16,900,facet,EXPIRED,Dead/Expired,False,,False
94,NEAR_1_DELETION,1,72127983,0741301,FACIT,1961-09-18,900,facit,EXPIRED,Dead/Expired,False,,False
94,NEAR_1_DELETION,1,72114906,0731510,FACIT,1961-03-06,900,facit,EXPIRED,Dead/Expired,False,,False
94,NEAR_1_DELETION,1,72077046,0694224,FACIT,1959-06-16,710,facit,CANCELLED - SECTION 8,Dead/Cancelled,False,,False
94,NEAR_1_DELETION,1,72058284,0692807,FACIT,1958-09-03,710,facit,CANCELLED - SECTION 8,Dead/Cancelled,False,,False
94,NEAR_1_DELETION,1,71638888,0588635,FACIT,1952-12-03,900,facit,EXPIRED,Dead/Expired,False,,False
94,NEAR_1_DELETION,1,71625949,0588085,FACIT,1952-03-05,900,facit,EXPIRED,Dead/Expired,False,,False
94,NEAR_1_DELETION,1,71452917,0403455,FACIT,1942-05-11,900,facit,EXPIRED,Dead/Expired,False,,False
95,EXACT,0,97176801,6954224,FACE FACTS,2021-12-17,700,facefacts,REGISTERED,Live/Registered,True,003,True
95,EXACT,0,88453083,,FACE FACTS,2019-05-30,606,facefacts,ABANDONED - NO STATEMENT OF USE FILED,Dead/Abandoned,False,041,False
95,EXACT,0,76686271,3656229,FACE FACTS,2008-01-29,710,facefacts,CANCELLED - SECTION 8,Dead/Cancelled,False,,False
95,EXACT,0,77140961,3351575,FACEFACTS,2007-03-27,710,facefacts,CANCELLED - SECTION 8,Dead/Cancelled,False,,False
95,EXACT,0,75686800,2321897,FACEFACTS!,1999-04-20,710,facefacts,CANCELLED - SECTION 8,Dead/Cancelled,False,,False
95,EXACT,0,73732952,1523471,F.A.C.E. FACTS,1988-06-07,710,facefacts,CANCELLED - SECTION 8,Dead/Cancelled,False,,False
95,EXACT,0,73466142,1352734,FACE FACTS,1984-02-17,710,facefacts,CANCELLED - SECTION 8,Dead/Cancelled,False,,False
95,EXACT,0,73300645,1217203,FACE FACTS,1981-03-10,710,facefacts,CANCELLED - SECTION 8,Dead/Cancelled,False,,False
95,EXACT,0,73192351,1136542,FACE FACTS,1978-11-06,710,facefacts,CANCELLED - SECTION 8,Dead/Cancelled,False,,False
95,NEAR_1_INSERTION,1,78130328,2843875,FACE FACTS # 5,2002-05-21,710,facefacts5,CANCELLED - SECTION 8,Dead/Cancelled,False,,False
96,EXACT,0,88886060,,ACT YOUR AGE,2020-04-24,606,actyourage,ABANDONED - NO STATEMENT OF USE FILED,Dead/Abandoned,False,003,True
96,EXACT,0,77608105,,ACT YOUR AGE,2008-11-05,606,actyourage,ABANDONED - NO STATEMENT OF USE FILED,Dead/Abandoned,False,041,False
96,NEAR_1_INSERTION,1,85188473,3989739,ACT YOUR WAGE,2010-12-01,800,actyourwage,REGISTERED AND RENEWED,Live/Registered,True,028,False
97,EXACT,0,99139097,,UNEDITED,2025-04-15,730,unedited,FIRST EXTENSION - GRANTED,Live/Pending,True,033,False
97,EXACT,0,79197691,5197889,UNEDITED,2016-08-26,706,unedited,SECTION 71 ACCEPTED,Live/Registered,True,003,True
97,EXACT,0,90254725,,UNEDITED,2020-10-14,602,unedited,ABANDONED-FAILURE TO RESPOND OR LATE RESPONSE,Dead/Abandoned,False,025,False
97,EXACT,0,87364042,,UNEDITED,2017-03-08,602,unedited,ABANDONED-FAILURE TO RESPOND OR LATE RESPONSE,Dead/Abandoned,False,025,False
97,EXACT,0,75299085,,UNEDITED,1997-05-28,602,unedited,ABANDONED-FAILURE TO RESPOND OR LATE RESPONSE,Dead/Abandoned,False,,False
99,EXACT,0,88284769,5930525,OPEN FORMULA,2019-01-31,700,openformula,REGISTERED,Live/Registered,True,003,True
100,EXACT,0,99560702,,PROOFLINE,2025-12-22,686,proofline,PUBLISHED FOR OPPOSITION,Live/Pending,True,042,False
100,EXACT,0,76168886,2676369,PROOFLINE,2000-11-20,800,proofline,REGISTERED AND RENEWED,Live/Registered,True,007,False
100,NEAR_1_SUBSTITUTION,1,99545002,,PROOFLANE,2025-12-12,688,prooflane,NOTICE OF ALLOWANCE - ISSUED,Live/Pending,True,042,False
100,NEAR_1_SUBSTITUTION,1,99508019,,PROOFLANE,2025-11-20,681,prooflane,PUBLICATION/ISSUE REVIEW COMPLETE,Live/Pending,True,041,False
100,NEAR_1_DELETION,1,90588872,6651044,PROFLINE,2021-03-19,700,profline,REGISTERED,Live/Registered,True,008,False
100,NEAR_1_DELETION,1,76691418,,ROOFLINE,2008-07-18,606,roofline,ABANDONED - NO STATEMENT OF USE FILED,Dead/Abandoned,False,012,False
100,NEAR_1_SUBSTITUTION,1,75913740,,PROOF-LINK,2000-02-09,606,prooflink,ABANDONED - NO STATEMENT OF USE FILED,Dead/Abandoned,False,009,False
100,NEAR_1_DELETION,1,74657627,1961924,PROFLINE,1995-04-07,710,profline,CANCELLED - SECTION 8,Dead/Cancelled,False,,False
100,NEAR_1_DELETION,1,74295795,1755297,ROOFLINE,1992-07-20,710,roofline,CANCELLED - SECTION 8,Dead/Cancelled,False,,False
100,NEAR_1_DELETION,1,74155579,1687698,PROFLINE,1991-04-09,710,profline,CANCELLED - SECTION 8,Dead/Cancelled,False,,False
100,NEAR_1_SUBSTITUTION,1,72262047,0869312,PROOFLITE,1967-01-06,710,prooflite,CANCELLED - SECTION 8,Dead/Cancelled,False,,False
101,EXACT,0,99477001,,PROOFMARK,2025-11-03,688,proofmark,NOTICE OF ALLOWANCE - ISSUED,Live/Pending,True,"009,035,042",True
101,EXACT,0,99442204,,PROOF MARK,2025-10-14,681,proofmark,PUBLICATION/ISSUE REVIEW COMPLETE,Live/Pending,True,"032,033",False
101,EXACT,0,76463725,2788477,PROOFMARK,2002-11-01,710,proofmark,CANCELLED - SECTION 8,Dead/Cancelled,False,,False
101,EXACT,0,76048604,,PROOFMARK,2000-05-11,606,proofmark,ABANDONED - NO STATEMENT OF USE FILED,Dead/Abandoned,False,009,False
101,EXACT,0,75913743,,PROOFMARK,2000-02-09,606,proofmark,ABANDONED - NO STATEMENT OF USE FILED,Dead/Abandoned,False,009,False
102,EXACT,0,87147406,,UNDOCTORED,2016-08-23,606,undoctored,ABANDONED - NO STATEMENT OF USE FILED,Dead/Abandoned,False,005,True
102,EXACT,0,87978303,5717919,UNDOCTORED,2016-08-23,710,undoctored,CANCELLED - SECTION 8,Dead/Cancelled,False,,False
102,NEAR_1_INSERTION,1,87147446,,UNDOCTOREDU,2016-08-23,602,undoctoredu,ABANDONED-FAILURE TO RESPOND OR LATE RESPONSE,Dead/Abandoned,False,"041,044",True
103,EXACT,0,99672013,,HEALTHSPAN,2026-02-26,641,healthspan,NON-FINAL ACTION - MAILED,Live/Pending,True,044,True
103,EXACT,0,99199141,,HEALTHSPAN,2025-05-23,653,healthspan,SUSPENSION LETTER - MAILED,Live/Pending,True,031,False
103,EXACT,0,98550367,7758519,HEALTHSPAN,2024-05-14,700,healthspan,REGISTERED,Live/Registered,True,044,True
103,EXACT,0,98139451,7931545,HEALTHSPAN+,2023-08-18,700,healthspan,REGISTERED,Live/Registered,True,"041,044",True
103,EXACT,0,97725737,7291534,HEALTHSPAN,2022-12-20,700,healthspan,REGISTERED,Live/Registered,True,"041,044",True
103,EXACT,0,88132957,6915068,HEALTHSPAN,2018-09-26,700,healthspan,REGISTERED,Live/Registered,True,"009,035,042",True
103,EXACT,0,87855910,6102569,HEALTHSPAN,2018-03-29,700,healthspan,REGISTERED,Live/Registered,True,"005,030,031,035",True
103,EXACT,0,87389476,,HEALTHSPAN,2017-03-28,602,healthspan,ABANDONED-FAILURE TO RESPOND OR LATE RESPONSE,Dead/Abandoned,False,"009,042",False
103,EXACT,0,77638899,,HEALTHSPAN,2008-12-23,602,healthspan,ABANDONED-FAILURE TO RESPOND OR LATE RESPONSE,Dead/Abandoned,False,005,True
103,EXACT,0,77638903,,HEALTHSPAN,2008-12-23,602,healthspan,ABANDONED-FAILURE TO RESPOND OR LATE RESPONSE,Dead/Abandoned,False,044,True
103,EXACT,0,77639311,,HEALTHSPAN,2008-12-23,602,healthspan,ABANDONED-FAILURE TO RESPOND OR LATE RESPONSE,Dead/Abandoned,False,005,True
103,EXACT,0,77639315,,HEALTHSPAN,2008-12-23,602,healthspan,ABANDONED-FAILURE TO RESPOND OR LATE RESPONSE,Dead/Abandoned,False,044,True
103,EXACT,0,76693105,,HEALTHSPAN,2008-09-25,603,healthspan,ABANDONED - AFTER EX PARTE APPEAL,Dead/Abandoned,False,"016,041,044",True
103,EXACT,0,78064281,,HEALTH-SPAN,2001-05-18,602,healthspan,ABANDONED-FAILURE TO RESPOND OR LATE RESPONSE,Dead/Abandoned,False,042,False
103,EXACT,0,75878846,,HEALTH SPAN,1999-12-23,602,healthspan,ABANDONED-FAILURE TO RESPOND OR LATE RESPONSE,Dead/Abandoned,False,005,True
103,EXACT,0,74487192,,HEALTHSPAN,1994-02-07,602,healthspan,ABANDONED-FAILURE TO RESPOND OR LATE RESPONSE,Dead/Abandoned,False,,False
103,EXACT,0,74344952,,HEALTHSPAN,1993-01-04,604,healthspan,ABANDONED - AFTER INTER-PARTES DECISION,Dead/Abandoned,False,,False
103,EXACT,0,74277687,1936266,HEALTHSPAN,1992-05-22,710,healthspan,CANCELLED - SECTION 8,Dead/Cancelled,False,,False
103,EXACT,0,74234202,1755805,HEALTHSPAN,1991-12-26,710,healthspan,CANCELLED - SECTION 8,Dead/Cancelled,False,,False
103,EXACT,0,74051444,1633890,HEALTHSPAN,1990-04-23,710,healthspan,CANCELLED - SECTION 8,Dead/Cancelled,False,,False
103,EXACT,0,73211887,1147336,HEALTHSPAN,1979-04-17,710,healthspan,CANCELLED - SECTION 8,Dead/Cancelled,False,,False
103,EXACT,0,72430771,0968907,HEALTHSPAN,1972-07-24,900,healthspan,EXPIRED,Dead/Expired,False,,False
103,NEAR_1_INSERTION,1,99905088,,HEALTHSPANS,2026-06-25,630,healthspans,NEW APPLICATION - RECORD INITIALIZED NOT ASSIGNED TO EXAMINER,Live/Pending,True,044,True
103,NEAR_1_INSERTION,1,99541723,,HEALTH SPANX,2025-12-11,686,healthspanx,PUBLISHED FOR OPPOSITION,Live/Pending,True,005,True
103,NEAR_1_SUBSTITUTION,1,98430653,7667867,HEALTH SCAN,2024-03-02,700,healthscan,REGISTERED,Live/Registered,True,"009,010,042,044",True
103,NEAR_1_INSERTION,1,90625001,6697496,WHEALTHSPAN,2021-04-05,700,whealthspan,REGISTERED,Live/Registered,True,041,False
103,NEAR_1_DELETION,1,79258991,6087599,HEALTH PAN,2019-03-20,700,healthpan,REGISTERED,Live/Registered,True,"008,021",True
103,NEAR_1_SUBSTITUTION,1,99363911,,HEALTHSCAN,2025-08-28,602,healthscan,ABANDONED-FAILURE TO RESPOND OR LATE RESPONSE,Dead/Abandoned,False,044,True
103,NEAR_1_SUBSTITUTION,1,99097043,,WEALTHSPAN,2025-03-21,602,wealthspan,ABANDONED-FAILURE TO RESPOND OR LATE RESPONSE,Dead/Abandoned,False,036,False
103,NEAR_1_SUBSTITUTION,1,98847593,,HEALTHSCAN,2024-11-11,602,healthscan,ABANDONED-FAILURE TO RESPOND OR LATE RESPONSE,Dead/Abandoned,False,044,True
103,NEAR_1_SUBSTITUTION,1,97307904,,WEALTHSPAN,2022-03-11,602,wealthspan,ABANDONED-FAILURE TO RESPOND OR LATE RESPONSE,Dead/Abandoned,False,036,False
103,NEAR_1_SUBSTITUTION,1,86489074,,WEALTHSPAN,2014-12-23,602,wealthspan,ABANDONED-FAILURE TO RESPOND OR LATE RESPONSE,Dead/Abandoned,False,036,False
103,NEAR_1_INSERTION,1,86308966,,HEALTHSPANS,2014-06-13,602,healthspans,ABANDONED-FAILURE TO RESPOND OR LATE RESPONSE,Dead/Abandoned,False,044,True
103,NEAR_1_SUBSTITUTION,1,85549983,,WEALTHSPAN,2012-02-22,602,wealthspan,ABANDONED-FAILURE TO RESPOND OR LATE RESPONSE,Dead/Abandoned,False,036,False
103,NEAR_1_DELETION,1,85517845,4137266,HEALTH SPA,2012-01-17,710,healthspa,CANCELLED - SECTION 8,Dead/Cancelled,False,,False
103,NEAR_1_SUBSTITUTION,1,77101071,,HEALTHSCAN,2007-02-07,602,healthscan,ABANDONED-FAILURE TO RESPOND OR LATE RESPONSE,Dead/Abandoned,False,010,True
103,NEAR_1_SUBSTITUTION,1,77093905,,HEALTHSCAN,2007-01-29,602,healthscan,ABANDONED-FAILURE TO RESPOND OR LATE RESPONSE,Dead/Abandoned,False,010,True
103,NEAR_1_SUBSTITUTION,1,75928565,,HEALTHSCAN,2000-02-29,602,healthscan,ABANDONED-FAILURE TO RESPOND OR LATE RESPONSE,Dead/Abandoned,False,042,False
103,NEAR_1_SUBSTITUTION,1,75846582,2664717,HEALTHSCAN,1999-11-12,710,healthscan,CANCELLED - SECTION 8,Dead/Cancelled,False,,False
103,NEAR_1_SUBSTITUTION,1,75846583,2657314,HEALTHSCAN,1999-11-12,710,healthscan,CANCELLED - SECTION 8,Dead/Cancelled,False,,False
103,NEAR_1_SUBSTITUTION,1,75756656,2445723,WEALTHSPAN,1999-07-01,710,wealthspan,CANCELLED - SECTION 8,Dead/Cancelled,False,,False
103,NEAR_1_SUBSTITUTION,1,75370787,2296645,HEALTH SPIN,1997-10-09,900,healthspin,EXPIRED,Dead/Expired,False,,False
103,NEAR_1_SUBSTITUTION,1,75170149,,HEALTH-SPIN,1996-09-23,606,healthspin,ABANDONED - NO STATEMENT OF USE FILED,Dead/Abandoned,False,,False
103,NEAR_1_SUBSTITUTION,1,74504858,,HEALTH SCAN,1994-03-25,606,healthscan,ABANDONED - NO STATEMENT OF USE FILED,Dead/Abandoned,False,,False
103,NEAR_1_SUBSTITUTION,1,74243498,,HEALTHSCAN,1992-02-05,602,healthscan,ABANDONED-FAILURE TO RESPOND OR LATE RESPONSE,Dead/Abandoned,False,,False
103,NEAR_1_DELETION,1,74049818,1649900,HEALTH SPA,1990-04-16,710,healthspa,CANCELLED - SECTION 8,Dead/Cancelled,False,,False
103,NEAR_1_SUBSTITUTION,1,73764729,,HEALTHSCAN,1988-11-21,604,healthscan,ABANDONED - AFTER INTER-PARTES DECISION,Dead/Abandoned,False,,False
103,NEAR_1_SUBSTITUTION,1,73522346,1529550,HEALTHSCAN,1985-02-14,710,healthscan,CANCELLED - SECTION 8,Dead/Cancelled,False,,False
103,NEAR_1_SUBSTITUTION,1,73503662,,HEALTH SCAN,1984-10-15,601,healthscan,ABANDONED - EXPRESS,Dead/Abandoned,False,,False
103,NEAR_1_SUBSTITUTION,1,73361307,1260680,HEALTHSCAN,1982-04-26,710,healthscan,CANCELLED - SECTION 8,Dead/Cancelled,False,,False
103,NEAR_1_DELETION,1,73289147,1262130,HEALTH SPA,1980-12-08,710,healthspa,CANCELLED - SECTION 8,Dead/Cancelled,False,,False
104,EXACT,0,73675943,1539342,FINEFORM,1987-08-03,710,fineform,CANCELLED - SECTION 8,Dead/Cancelled,False,,False
104,EXACT,0,73120540,1076578,FINE FORM,1977-03-28,900,fineform,EXPIRED,Dead/Expired,False,,False
104,NEAR_1_SUBSTITUTION,1,78416985,3001335,CINEFORM,2004-05-11,800,cineform,REGISTERED AND RENEWED,Live/Registered,True,009,False
104,NEAR_1_SUBSTITUTION,1,75698933,2324564,KINE-FORM,1999-05-06,800,kineform,REGISTERED AND RENEWED,Live/Registered,True,007,False
104,NEAR_1_SUBSTITUTION,1,72293884,0870320,FINN FORM,1968-03-22,800,finnform,REGISTERED AND RENEWED,Live/Registered,True,019,False
104,NEAR_1_INSERTION,1,97585190,,A FINE FORM,2022-09-09,606,afineform,ABANDONED - NO STATEMENT OF USE FILED,Dead/Abandoned,False,025,False
104,NEAR_1_INSERTION,1,86453726,4764591,FINE FORME,2014-11-13,710,fineforme,CANCELLED - SECTION 8,Dead/Cancelled,False,,False
104,NEAR_1_SUBSTITUTION,1,86059129,4642301,MINEFORM,2013-09-09,710,mineform,CANCELLED - SECTION 8,Dead/Cancelled,False,,False
104,NEAR_1_SUBSTITUTION,1,86003200,,FINE FARM,2013-07-05,602,finefarm,ABANDONED-FAILURE TO RESPOND OR LATE RESPONSE,Dead/Abandoned,False,"030,031",False
104,NEAR_1_SUBSTITUTION,1,78410363,3151684,CINEFORM,2004-04-29,710,cineform,CANCELLED - SECTION 8,Dead/Cancelled,False,,False
104,NEAR_1_DELETION,1,75183981,,FINFORM,1996-10-18,606,finform,ABANDONED - NO STATEMENT OF USE FILED,Dead/Abandoned,False,,False
104,NEAR_1_SUBSTITUTION,1,73427568,,FILEFORM,1983-05-25,602,fileform,ABANDONED-FAILURE TO RESPOND OR LATE RESPONSE,Dead/Abandoned,False,,False
104,NEAR_1_DELETION,1,73427569,,FINFORM,1983-05-25,602,finform,ABANDONED-FAILURE TO RESPOND OR LATE RESPONSE,Dead/Abandoned,False,,False
104,NEAR_1_SUBSTITUTION,1,72158716,0760307,KINE-FORM,1962-12-07,900,kineform,EXPIRED,Dead/Expired,False,,False
105,NEAR_1_SUBSTITUTION,1,99805384,,GOLD SEAL,2026-05-05,630,goldseal,NEW APPLICATION - RECORD INITIALIZED NOT ASSIGNED TO EXAMINER,Live/Pending,True,005,True
105,NEAR_1_SUBSTITUTION,1,99185820,8338927,GOLD SEAL,2025-05-14,700,goldseal,REGISTERED,Live/Registered,True,034,False
105,NEAR_1_SUBSTITUTION,1,99173941,,GOLD SEAL,2025-05-07,688,goldseal,NOTICE OF ALLOWANCE - ISSUED,Live/Pending,True,037,False
105,NEAR_1_SUBSTITUTION,1,98889492,7904325,GOLDTEAM,2024-12-06,700,goldteam,REGISTERED,Live/Registered,True,027,False
105,NEAR_1_DELETION,1,98201410,7501620,GOLDSEA,2023-09-28,700,goldsea,REGISTERED,Live/Registered,True,007,False
105,NEAR_1_SUBSTITUTION,1,97775583,7870941,GOLD SEAL,2023-01-31,700,goldseal,REGISTERED,Live/Registered,True,016,False
105,NEAR_1_DELETION,1,97405658,7161042,GOLDSEA,2022-05-11,700,goldsea,REGISTERED,Live/Registered,True,007,False
105,NEAR_1_SUBSTITUTION,1,90671935,6705007,GOLD SEAL,2021-04-26,700,goldseal,REGISTERED,Live/Registered,True,"029,030",False
105,NEAR_1_SUBSTITUTION,1,90537568,6562863,GOLDREAM,2021-02-20,700,goldream,REGISTERED,Live/Registered,True,028,False
105,NEAR_1_SUBSTITUTION,1,90123688,6444776,GOLDREAM,2020-08-19,700,goldream,REGISTERED,Live/Registered,True,009,False
105,NEAR_1_DELETION,1,90068795,6282190,GOLDSEA,2020-07-23,700,goldsea,REGISTERED,Live/Registered,True,008,False
105,NEAR_1_SUBSTITUTION,1,88616171,6111570,GOLD SEAL,2019-09-13,700,goldseal,REGISTERED,Live/Registered,True,033,False
105,NEAR_1_SUBSTITUTION,1,88449535,5942861,GOLD SEAL,2019-05-28,701,goldseal,SECTION 8-ACCEPTED,Live/Registered,True,016,False
105,NEAR_1_SUBSTITUTION,1,87364454,5628548,GOLDSEAL,2017-03-09,701,goldseal,SECTION 8-ACCEPTED,Live/Registered,True,"037,038,042",False
105,NEAR_1_SUBSTITUTION,1,87325162,6002931,GOLD SEAL,2017-02-06,700,goldseal,REGISTERED,Live/Registered,True,029,False
105,NEAR_1_SUBSTITUTION,1,87173794,5336647,GOLD SEAS,2016-09-16,701,goldseas,SECTION 8-ACCEPTED,Live/Registered,True,029,False
105,NEAR_1_SUBSTITUTION,1,86626185,5209896,GOLDSEAL,2015-05-12,702,goldseal,SECTION 8 & 15-ACCEPTED AND ACKNOWLEDGED,Live/Registered,True,"009,037",False
105,NEAR_1_SUBSTITUTION,1,77845514,3793028,GOLD SEAL,2009-10-09,800,goldseal,REGISTERED AND RENEWED,Live/Registered,True,010,True
105,NEAR_1_SUBSTITUTION,1,77364040,3553024,GOLD SEAL,2008-01-04,800,goldseal,REGISTERED AND RENEWED,Live/Registered,True,006,False
105,NEAR_1_SUBSTITUTION,1,76140725,2618789,GOLD SEAL,2000-10-04,800,goldseal,REGISTERED AND RENEWED,Live/Registered,True,007,False
105,NEAR_1_SUBSTITUTION,1,75315099,2275239,GOLD SEAL,1997-06-26,800,goldseal,REGISTERED AND RENEWED,Live/Registered,True,037,False
105,NEAR_1_SUBSTITUTION,1,75312910,2227392,GOLD SEAL,1997-06-23,800,goldseal,REGISTERED AND RENEWED,Live/Registered,True,012,False
105,NEAR_1_SUBSTITUTION,1,75216944,2174453,GOLDSEAL,1996-12-23,800,goldseal,REGISTERED AND RENEWED,Live/Registered,True,010,True
105,NEAR_1_SUBSTITUTION,1,74678388,2034919,GOLD SEAL,1995-05-24,800,goldseal,REGISTERED AND RENEWED,Live/Registered,True,029,False
105,NEAR_1_SUBSTITUTION,1,74572764,1925425,GOLD SEAL,1994-09-14,800,goldseal,REGISTERED AND RENEWED,Live/Registered,True,016,False
105,NEAR_1_SUBSTITUTION,1,74035359,1639667,GOLD SEAL,1990-03-06,800,goldseal,REGISTERED AND RENEWED,Live/Registered,True,012,False
105,NEAR_1_SUBSTITUTION,1,72393784,0945580,GOLD SEAL,1971-06-02,800,goldseal,REGISTERED AND RENEWED,Live/Registered,True,006,False
105,NEAR_1_SUBSTITUTION,1,98253151,,GOLDREAM,2023-11-02,602,goldream,ABANDONED-FAILURE TO RESPOND OR LATE RESPONSE,Dead/Abandoned,False,016,False
105,NEAR_1_SUBSTITUTION,1,90897308,,GOLD SEAL,2021-08-23,602,goldseal,ABANDONED-FAILURE TO RESPOND OR LATE RESPONSE,Dead/Abandoned,False,003,True
105,NEAR_1_SUBSTITUTION,1,88303851,,GOLD SEAL,2019-02-15,606,goldseal,ABANDONED - NO STATEMENT OF USE FILED,Dead/Abandoned,False,005,True
105,NEAR_1_SUBSTITUTION,1,87239147,5459943,GOLD SEAL,2016-11-16,710,goldseal,CANCELLED - SECTION 8,Dead/Cancelled,False,,False
105,NEAR_1_SUBSTITUTION,1,86269932,,GOLD TEAM,2014-05-02,606,goldteam,ABANDONED - NO STATEMENT OF USE FILED,Dead/Abandoned,False,"016,025,028,041",False
105,NEAR_1_SUBSTITUTION,1,86113309,5064580,GOLD SEAL,2013-11-08,710,goldseal,CANCELLED - SECTION 8,Dead/Cancelled,False,,False
105,NEAR_1_SUBSTITUTION,1,77940771,3853406,GOLD SEAL,2010-02-21,710,goldseal,CANCELLED - SECTION 8,Dead/Cancelled,False,,False
105,NEAR_1_SUBSTITUTION,1,76686801,3486882,GOLD SEAL,2008-02-14,710,goldseal,CANCELLED - SECTION 8,Dead/Cancelled,False,,False
105,NEAR_1_SUBSTITUTION,1,76672390,,GOLDSEAL,2007-02-06,606,goldseal,ABANDONED - NO STATEMENT OF USE FILED,Dead/Abandoned,False,017,False
105,NEAR_1_SUBSTITUTION,1,76458466,,GOLD SEAL,2002-10-15,602,goldseal,ABANDONED-FAILURE TO RESPOND OR LATE RESPONSE,Dead/Abandoned,False,034,False
105,NEAR_1_SUBSTITUTION,1,78171867,,GOLD SEAL,2002-10-07,602,goldseal,ABANDONED-FAILURE TO RESPOND OR LATE RESPONSE,Dead/Abandoned,False,008,False
105,NEAR_1_SUBSTITUTION,1,76301713,2656102,GOLD SEAL,2001-08-20,710,goldseal,CANCELLED - SECTION 8,Dead/Cancelled,False,,False
105,NEAR_1_SUBSTITUTION,1,76081685,2616581,GOLD SEAL,2000-07-03,710,goldseal,CANCELLED - SECTION 8,Dead/Cancelled,False,,False
105,NEAR_1_SUBSTITUTION,1,75600160,2318730,GOLD SEAL,1998-12-07,710,goldseal,CANCELLED - SECTION 8,Dead/Cancelled,False,,False
105,NEAR_1_SUBSTITUTION,1,75593565,,GOLD SEAL,1998-11-23,602,goldseal,ABANDONED-FAILURE TO RESPOND OR LATE RESPONSE,Dead/Abandoned,False,010,True
105,NEAR_1_SUBSTITUTION,1,75463775,2383789,GOLD TEAM,1998-04-06,710,goldteam,CANCELLED - SECTION 8,Dead/Cancelled,False,,False
105,NEAR_1_SUBSTITUTION,1,75292305,,GOLD SEAL,1997-05-15,606,goldseal,ABANDONED - NO STATEMENT OF USE FILED,Dead/Abandoned,False,,False
105,NEAR_1_SUBSTITUTION,1,75292432,2224778,GOLDSEAL,1997-05-15,710,goldseal,CANCELLED - SECTION 8,Dead/Cancelled,False,,False
105,NEAR_1_SUBSTITUTION,1,75192442,2172331,GOLD SEAL,1996-11-04,710,goldseal,CANCELLED - SECTION 8,Dead/Cancelled,False,,False
105,NEAR_1_SUBSTITUTION,1,75133930,2069753,GOLD SEAL,1996-07-15,710,goldseal,CANCELLED - SECTION 8,Dead/Cancelled,False,,False
105,NEAR_1_SUBSTITUTION,1,74578993,,GOLD SEAL,1994-09-27,602,goldseal,ABANDONED-FAILURE TO RESPOND OR LATE RESPONSE,Dead/Abandoned,False,,False
105,NEAR_1_SUBSTITUTION,1,74575401,1916299,GOLD SEAL,1994-09-19,710,goldseal,CANCELLED - SECTION 8,Dead/Cancelled,False,,False
105,NEAR_1_SUBSTITUTION,1,74573284,,GOLD SEAL,1994-09-14,602,goldseal,ABANDONED-FAILURE TO RESPOND OR LATE RESPONSE,Dead/Abandoned,False,,False
105,NEAR_1_SUBSTITUTION,1,74534126,1943566,GOLD SEAL,1994-06-06,710,goldseal,CANCELLED - SECTION 8,Dead/Cancelled,False,,False
105,NEAR_1_SUBSTITUTION,1,74528088,,GOLDSEAL,1994-05-20,606,goldseal,ABANDONED - NO STATEMENT OF USE FILED,Dead/Abandoned,False,,False
105,NEAR_1_SUBSTITUTION,1,74461437,1884691,GOLDBEAM,1993-11-12,710,goldbeam,CANCELLED - SECTION 8,Dead/Cancelled,False,,False
105,NEAR_1_SUBSTITUTION,1,74284209,1781444,GOLD SEAL,1992-06-11,710,goldseal,CANCELLED - SECTION 8,Dead/Cancelled,False,,False
105,NEAR_1_SUBSTITUTION,1,74241092,1919742,GOLD SEAL,1992-01-28,710,goldseal,CANCELLED - SECTION 8,Dead/Cancelled,False,,False
105,NEAR_1_SUBSTITUTION,1,74221417,1864380,GOLD SEAL,1991-11-14,710,goldseal,CANCELLED - SECTION 8,Dead/Cancelled,False,,False
105,NEAR_1_SUBSTITUTION,1,74210067,1744031,GOLD SEAL,1991-10-04,710,goldseal,CANCELLED - SECTION 8,Dead/Cancelled,False,,False
105,NEAR_1_SUBSTITUTION,1,74010710,,GOLD SEAL,1989-12-14,601,goldseal,ABANDONED - EXPRESS,Dead/Abandoned,False,,False
105,NEAR_1_SUBSTITUTION,1,74006052,1655892,GOLD SEAL,1989-11-30,710,goldseal,CANCELLED - SECTION 8,Dead/Cancelled,False,,False
105,NEAR_1_SUBSTITUTION,1,73774836,1553724,GOLD SEAL,1989-01-09,710,goldseal,CANCELLED - SECTION 8,Dead/Cancelled,False,,False
105,NEAR_1_SUBSTITUTION,1,73739230,1536957,GOLD SEAL,1988-07-11,710,goldseal,CANCELLED - SECTION 8,Dead/Cancelled,False,,False
105,NEAR_1_SUBSTITUTION,1,73672859,1568992,GOLD SEAL,1987-07-17,710,goldseal,CANCELLED - SECTION 8,Dead/Cancelled,False,,False
105,NEAR_1_SUBSTITUTION,1,73621281,,GOLD SEAL,1986-09-22,602,goldseal,ABANDONED-FAILURE TO RESPOND OR LATE RESPONSE,Dead/Abandoned,False,,False
105,NEAR_1_SUBSTITUTION,1,73616131,1437195,GOLD SEAL,1986-08-22,710,goldseal,CANCELLED - SECTION 8,Dead/Cancelled,False,,False
105,NEAR_1_SUBSTITUTION,1,73551872,1541725,GOLD SEAL,1985-08-05,710,goldseal,CANCELLED - SECTION 8,Dead/Cancelled,False,,False
105,NEAR_1_SUBSTITUTION,1,73547747,1400125,GOLD SEAL,1985-07-15,710,goldseal,CANCELLED - SECTION 8,Dead/Cancelled,False,,False
105,NEAR_1_SUBSTITUTION,1,73489712,1333037,GOLD SEAL,1984-07-13,710,goldseal,CANCELLED - SECTION 8,Dead/Cancelled,False,,False
105,NEAR_1_SUBSTITUTION,1,73470459,1314192,GOLD SEAL,1984-03-16,710,goldseal,CANCELLED - SECTION 8,Dead/Cancelled,False,,False
105,NEAR_1_SUBSTITUTION,1,73406951,1278237,GOLD SEAL,1982-12-23,710,goldseal,CANCELLED - SECTION 8,Dead/Cancelled,False,,False
105,NEAR_1_SUBSTITUTION,1,73375003,1275012,GOLD SEAL,1982-07-16,710,goldseal,CANCELLED - SECTION 8,Dead/Cancelled,False,,False
105,NEAR_1_SUBSTITUTION,1,73237679,1160217,GOLD SEAL,1979-11-02,710,goldseal,CANCELLED - SECTION 8,Dead/Cancelled,False,,False
105,NEAR_1_SUBSTITUTION,1,73073384,1059069,GOLD SEAL,1976-01-05,900,goldseal,EXPIRED,Dead/Expired,False,,False
105,NEAR_1_SUBSTITUTION,1,73033080,1036594,GOLD SEAL,1974-09-26,900,goldseal,EXPIRED,Dead/Expired,False,,False
105,NEAR_1_SUBSTITUTION,1,73007467,1048158,GOLD SEAL,1973-11-28,900,goldseal,EXPIRED,Dead/Expired,False,,False
105,NEAR_1_SUBSTITUTION,1,73007469,1012968,GOLD SEAL,1973-11-28,900,goldseal,EXPIRED,Dead/Expired,False,,False
105,NEAR_1_SUBSTITUTION,1,73006165,1004364,GOLD SEAL,1973-11-12,900,goldseal,EXPIRED,Dead/Expired,False,,False
105,NEAR_1_SUBSTITUTION,1,72379630,0933755,GOLD SEAL,1970-12-28,900,goldseal,EXPIRED,Dead/Expired,False,,False
105,NEAR_1_SUBSTITUTION,1,72304935,0867795,GOLD SEAL,1968-08-12,900,goldseal,EXPIRED,Dead/Expired,False,,False
105,NEAR_1_SUBSTITUTION,1,72285741,0909975,GOLD SEAL,1967-11-28,900,goldseal,EXPIRED,Dead/Expired,False,,False
105,NEAR_1_SUBSTITUTION,1,72244676,0847000,GOLD SEAL,1966-05-02,900,goldseal,EXPIRED,Dead/Expired,False,,False
105,NEAR_1_SUBSTITUTION,1,72230699,0814300,GOLD SEAL,1965-10-20,900,goldseal,EXPIRED,Dead/Expired,False,,False
105,NEAR_1_SUBSTITUTION,1,72178951,0778048,GOLD SEAL,1963-10-14,900,goldseal,EXPIRED,Dead/Expired,False,,False
105,NEAR_1_SUBSTITUTION,1,72167383,0763178,GOLD SEAL,1963-04-23,710,goldseal,CANCELLED - SECTION 8,Dead/Cancelled,False,,False
105,NEAR_1_SUBSTITUTION,1,72166276,0761038,GOLD SEAL,1963-04-08,900,goldseal,EXPIRED,Dead/Expired,False,,False
105,NEAR_1_SUBSTITUTION,1,72154591,0763781,GOLD SEAL,1962-10-05,900,goldseal,EXPIRED,Dead/Expired,False,,False
105,NEAR_1_SUBSTITUTION,1,72145035,0749429,GOLD SEAL,1962-05-21,900,goldseal,EXPIRED,Dead/Expired,False,,False
105,NEAR_1_SUBSTITUTION,1,72130789,0737071,GOLD SEAL,1961-10-27,710,goldseal,CANCELLED - SECTION 8,Dead/Cancelled,False,,False
105,NEAR_1_SUBSTITUTION,1,72100198,0736014,GOLD SEAL,1960-07-01,900,goldseal,EXPIRED,Dead/Expired,False,,False
105,NEAR_1_SUBSTITUTION,1,72089154,0702076,GOLD SEAL,1960-01-18,710,goldseal,CANCELLED - SECTION 8,Dead/Cancelled,False,,False
105,NEAR_1_SUBSTITUTION,1,72043078,0666883,GOLD SEAL,1957-12-27,710,goldseal,CANCELLED - SECTION 8,Dead/Cancelled,False,,False
105,NEAR_1_SUBSTITUTION,1,71683513,0633006,GOLD SEAL,1955-03-15,900,goldseal,EXPIRED,Dead/Expired,False,,False
105,NEAR_1_SUBSTITUTION,1,71646216,0584392,GOLD SEAL,1953-04-30,900,goldseal,EXPIRED,Dead/Expired,False,,False
105,NEAR_1_SUBSTITUTION,1,71639742,0581328,GOLD SEAL,1952-12-19,900,goldseal,EXPIRED,Dead/Expired,False,,False
105,NEAR_1_SUBSTITUTION,1,71639743,0592112,GOLD SEAL,1952-12-19,900,goldseal,EXPIRED,Dead/Expired,False,,False
105,NEAR_1_SUBSTITUTION,1,71633196,0584112,GOLD SEAL,1952-07-29,900,goldseal,EXPIRED,Dead/Expired,False,,False
105,NEAR_1_SUBSTITUTION,1,71598981,0552501,GOLD SEAL,1950-06-15,900,goldseal,EXPIRED,Dead/Expired,False,,False
105,NEAR_1_SUBSTITUTION,1,71597882,0571893,GOLD SEAL,1950-05-22,900,goldseal,EXPIRED,Dead/Expired,False,,False
105,NEAR_1_SUBSTITUTION,1,71552692,0518411,GOLD SEAL,1948-03-22,710,goldseal,CANCELLED - SECTION 8,Dead/Cancelled,False,,False
105,NEAR_1_SUBSTITUTION,1,71548144,0514476,GOLD SEAL,1948-01-28,900,goldseal,EXPIRED,Dead/Expired,False,,False
105,NEAR_1_SUBSTITUTION,1,71536805,0511809,GOLD SEAL,1947-10-04,900,goldseal,EXPIRED,Dead/Expired,False,,False
105,NEAR_1_SUBSTITUTION,1,71535418,0500422,GOLD SEAL,1947-09-23,900,goldseal,EXPIRED,Dead/Expired,False,,False
105,NEAR_1_SUBSTITUTION,1,71499215,0436644,GOLD SEAL,1946-03-29,900,goldseal,EXPIRED,Dead/Expired,False,,False
105,NEAR_1_SUBSTITUTION,1,71492040,0444653,GOLD SEAL,1945-11-23,710,goldseal,CANCELLED - SECTION 8,Dead/Cancelled,False,,False
105,NEAR_1_SUBSTITUTION,1,71491901,0425274,GOLD-SEAL,1945-11-19,900,goldseal,EXPIRED,Dead/Expired,False,,False
105,NEAR_1_SUBSTITUTION,1,71482399,0418118,GOLD SEAL,1945-04-20,900,goldseal,EXPIRED,Dead/Expired,False,,False
105,NEAR_1_SUBSTITUTION,1,71453885,0405870,GOLD SEAL,1942-06-26,900,goldseal,EXPIRED,Dead/Expired,False,,False
105,NEAR_1_SUBSTITUTION,1,71420669,0379835,GOLD SEAL,1939-06-19,710,goldseal,CANCELLED - SECTION 8,Dead/Cancelled,False,,False
105,NEAR_1_SUBSTITUTION,1,71269091,0248860,GOLD-SEAL,1928-07-05,900,goldseal,EXPIRED,Dead/Expired,False,,False
105,NEAR_1_SUBSTITUTION,1,71253035,0241711,GOLD SEAL,1927-08-04,900,goldseal,EXPIRED,Dead/Expired,False,,False
105,NEAR_1_SUBSTITUTION,1,71229166,0216448,GOLD SEAL,1926-03-25,900,goldseal,EXPIRED,Dead/Expired,False,,False
105,NEAR_1_SUBSTITUTION,1,71172033,0169515,GOLD SEAL,1922-11-15,710,goldseal,CANCELLED - SECTION 8,Dead/Cancelled,False,,False
105,NEAR_1_SUBSTITUTION,1,71165071,0160457,GOLD SEAL,1922-06-06,900,goldseal,EXPIRED,Dead/Expired,False,,False
105,NEAR_1_SUBSTITUTION,1,71149452,0157962,GOLD SEAL,1921-06-21,710,goldseal,CANCELLED - SECTION 8,Dead/Cancelled,False,,False
105,NEAR_1_SUBSTITUTION,1,71093681,0111146,GOLD-SEAL,1916-03-18,900,goldseal,EXPIRED,Dead/Expired,False,,False
106,EXACT,0,78537733,3110494,BYLINE,2004-12-23,800,byline,REGISTERED AND RENEWED,Live/Registered,True,025,False
106,EXACT,0,90839267,,BYLINE,2021-07-20,602,byline,ABANDONED-FAILURE TO RESPOND OR LATE RESPONSE,Dead/Abandoned,False,035,True
106,EXACT,0,88202468,,BYLINE,2018-11-21,606,byline,ABANDONED - NO STATEMENT OF USE FILED,Dead/Abandoned,False,"009,042",False
106,EXACT,0,87582307,,BYLINE,2017-08-24,606,byline,ABANDONED - NO STATEMENT OF USE FILED,Dead/Abandoned,False,"036,037",False
106,EXACT,0,85154095,4072869,BY-LINE,2010-10-15,710,byline,CANCELLED - SECTION 8,Dead/Cancelled,False,,False
106,EXACT,0,75424141,,BYLINE,1998-01-27,606,byline,ABANDONED - NO STATEMENT OF USE FILED,Dead/Abandoned,False,016,False
106,EXACT,0,74370187,1862086,B-Y-L-I-N-E,1993-03-22,710,byline,CANCELLED - SECTION 8,Dead/Cancelled,False,,False
106,EXACT,0,73655936,,BYLINE,1987-04-10,602,byline,ABANDONED-FAILURE TO RESPOND OR LATE RESPONSE,Dead/Abandoned,False,,False
106,EXACT,0,73563578,1398460,BY LINE,1985-10-17,710,byline,CANCELLED - SECTION 8,Dead/Cancelled,False,,False
106,EXACT,0,73471441,1327132,BYLINE,1984-03-21,710,byline,CANCELLED - SECTION 8,Dead/Cancelled,False,,False
106,NEAR_1_DELETION,1,99302556,,BLINE,2025-07-25,688,bline,NOTICE OF ALLOWANCE - ISSUED,Live/Pending,True,"009,042",False
106,NEAR_1_INSERTION,1,79435257,,BUYLINE,2025-07-09,641,buyline,NON-FINAL ACTION - MAILED,Live/Pending,True,"035,041",True
106,NEAR_1_DELETION,1,99100923,,Y LINE,2025-03-24,688,yline,NOTICE OF ALLOWANCE - ISSUED,Live/Pending,True,022,False
106,NEAR_1_SUBSTITUTION,1,98702406,8207519,MYLINE,2024-08-16,700,myline,REGISTERED,Live/Registered,True,036,False
106,NEAR_1_DELETION,1,98419589,7951970,BLINE,2024-02-24,700,bline,REGISTERED,Live/Registered,True,003,True
106,NEAR_1_SUBSTITUTION,1,79379265,7646492,MYLINE,2023-08-16,700,myline,REGISTERED,Live/Registered,True,"010,044",True
106,NEAR_1_SUBSTITUTION,1,97848485,7353333,HY-LINE,2023-03-21,700,hyline,REGISTERED,Live/Registered,True,"029,031",False
106,NEAR_1_SUBSTITUTION,1,97848532,7353343,HY-LINE,2023-03-21,700,hyline,REGISTERED,Live/Registered,True,029,False
106,NEAR_1_SUBSTITUTION,1,97848581,7353356,HY-LINE,2023-03-21,700,hyline,REGISTERED,Live/Registered,True,029,False
106,NEAR_1_SUBSTITUTION,1,97804298,7326898,MYLINE,2023-02-21,700,myline,REGISTERED,Live/Registered,True,003,True
106,NEAR_1_DELETION,1,97791367,8078921,B-LINE,2023-02-12,700,bline,REGISTERED,Live/Registered,True,011,False
106,NEAR_1_SUBSTITUTION,1,97642460,7229626,BYSINE,2022-10-21,700,bysine,REGISTERED,Live/Registered,True,"005,031",True
106,NEAR_1_SUBSTITUTION,1,97586483,,HYLINE,2022-09-11,654,hyline,REPORT COMPLETED SUSPENSION CHECK - CASE STILL SUSPENDED,Live/Pending,True,"006,037,042",False
106,NEAR_1_DELETION,1,97445951,7107073,B-LINE,2022-06-07,700,bline,REGISTERED,Live/Registered,True,007,False
106,NEAR_1_DELETION,1,97357046,7060555,B-LINE,2022-04-11,700,bline,REGISTERED,Live/Registered,True,008,False
106,NEAR_1_DELETION,1,79343894,7141360,B-LINE,2022-02-15,700,bline,REGISTERED,Live/Registered,True,020,False
106,NEAR_1_INSERTION,1,97157758,6942502,BAYLINE,2021-12-06,700,bayline,REGISTERED,Live/Registered,True,020,False
106,NEAR_1_DELETION,1,90692391,7196850,B LINE,2021-05-05,700,bline,REGISTERED,Live/Registered,True,009,False
106,NEAR_1_SUBSTITUTION,1,90028655,6400194,BVLINE,2020-06-30,700,bvline,REGISTERED,Live/Registered,True,009,False
106,NEAR_1_DELETION,1,88630907,6041952,B-LINE,2019-09-25,700,bline,REGISTERED,Live/Registered,True,035,True
106,NEAR_1_DELETION,1,88243857,5987647,B-LINE,2018-12-28,700,bline,REGISTERED,Live/Registered,True,008,False
106,NEAR_1_SUBSTITUTION,1,79255186,6055445,BI-LINE,2018-09-20,700,biline,REGISTERED,Live/Registered,True,009,False
106,NEAR_1_INSERTION,1,87800446,5624183,BUYLINE,2018-02-16,702,buyline,SECTION 8 & 15-ACCEPTED AND ACKNOWLEDGED,Live/Registered,True,035,True
106,NEAR_1_SUBSTITUTION,1,79215308,5472186,BOLINE,2016-11-09,739,boline,Section 71 & 15 ACCEPTED AND ACKNOWLEDGED,Live/Registered,True,009,False
106,NEAR_1_SUBSTITUTION,1,85509042,4318270,MYLINE,2012-01-05,800,myline,REGISTERED AND RENEWED,Live/Registered,True,041,False
106,NEAR_1_INSERTION,1,85020146,3889695,EBYLINE,2010-04-22,800,ebyline,REGISTERED AND RENEWED,Live/Registered,True,035,True
106,NEAR_1_SUBSTITUTION,1,78442791,3116043,BI-LINE,2004-06-29,800,biline,REGISTERED AND RENEWED,Live/Registered,True,"007,042",False
106,NEAR_1_SUBSTITUTION,1,78442818,3105989,BI-LINE,2004-06-29,800,biline,REGISTERED AND RENEWED,Live/Registered,True,"007,042",False
106,NEAR_1_DELETION,1,75572491,2384732,B-LINE,1998-10-19,800,bline,REGISTERED AND RENEWED,Live/Registered,True,"006,009",False
106,NEAR_1_DELETION,1,74242518,1740852,B-LINE,1992-02-03,800,bline,REGISTERED AND RENEWED,Live/Registered,True,006,False
106,NEAR_1_DELETION,1,73756498,1569224,B-LINE,1988-10-07,800,bline,REGISTERED AND RENEWED,Live/Registered,True,006,False
106,NEAR_1_SUBSTITUTION,1,73583238,1440768,HY-LINE,1986-02-18,800,hyline,REGISTERED AND RENEWED,Live/Registered,True,031,False
106,NEAR_1_SUBSTITUTION,1,72319943,0894854,HY-LINE,1969-02-24,800,hyline,REGISTERED AND RENEWED,Live/Registered,True,031,False
106,NEAR_1_DELETION,1,72127560,0743251,B-LINE,1961-09-11,800,bline,REGISTERED AND RENEWED,Live/Registered,True,006,False
106,NEAR_1_TRANSPOSITION,1,99312383,,BYLNIE,2025-07-31,602,bylnie,ABANDONED-FAILURE TO RESPOND OR LATE RESPONSE,Dead/Abandoned,False,018,False
106,NEAR_1_SUBSTITUTION,1,99119914,,HYLINE,2025-04-03,602,hyline,ABANDONED-FAILURE TO RESPOND OR LATE RESPONSE,Dead/Abandoned,False,009,False
106,NEAR_1_SUBSTITUTION,1,99018589,,HYLINE,2025-01-25,602,hyline,ABANDONED-FAILURE TO RESPOND OR LATE RESPONSE,Dead/Abandoned,False,003,True
106,NEAR_1_SUBSTITUTION,1,98890462,,BY LIME,2024-12-07,602,bylime,ABANDONED-FAILURE TO RESPOND OR LATE RESPONSE,Dead/Abandoned,False,014,False
106,NEAR_1_SUBSTITUTION,1,79304152,,HYLINE,2020-09-14,602,hyline,ABANDONED-FAILURE TO RESPOND OR LATE RESPONSE,Dead/Abandoned,False,"006,037,042",False
106,NEAR_1_SUBSTITUTION,1,88826636,,MYLINE,2020-03-09,606,myline,ABANDONED - NO STATEMENT OF USE FILED,Dead/Abandoned,False,009,False
106,NEAR_1_SUBSTITUTION,1,88805348,,HY LINE,2020-02-21,602,hyline,ABANDONED-FAILURE TO RESPOND OR LATE RESPONSE,Dead/Abandoned,False,025,False
106,NEAR_1_DELETION,1,88661698,,B-LINE,2019-10-21,606,bline,ABANDONED - NO STATEMENT OF USE FILED,Dead/Abandoned,False,"042,045",False
106,NEAR_1_DELETION,1,88401652,,B-LINE,2019-04-25,602,bline,ABANDONED-FAILURE TO RESPOND OR LATE RESPONSE,Dead/Abandoned,False,032,False
106,NEAR_1_SUBSTITUTION,1,88203882,5793161,BCLINE,2018-11-23,710,bcline,CANCELLED - SECTION 8,Dead/Cancelled,False,,False
106,NEAR_1_SUBSTITUTION,1,87935006,5693626,BALINE,2018-05-24,710,baline,CANCELLED - SECTION 8,Dead/Cancelled,False,,False
106,NEAR_1_SUBSTITUTION,1,87027134,5122322,MYLINE,2016-05-06,710,myline,CANCELLED - SECTION 8,Dead/Cancelled,False,,False
106,NEAR_1_SUBSTITUTION,1,86965847,5387331,MY LINE,2016-04-06,710,myline,CANCELLED - SECTION 8,Dead/Cancelled,False,,False
106,NEAR_1_DELETION,1,86883834,,B LINE,2016-01-22,602,bline,ABANDONED-FAILURE TO RESPOND OR LATE RESPONSE,Dead/Abandoned,False,003,True
106,NEAR_1_INSERTION,1,86807841,4996708,BYELINE,2015-11-03,710,byeline,CANCELLED - SECTION 8,Dead/Cancelled,False,,False
106,NEAR_1_DELETION,1,86749601,,B-LINE,2015-09-08,602,bline,ABANDONED-FAILURE TO RESPOND OR LATE RESPONSE,Dead/Abandoned,False,003,True
106,NEAR_1_DELETION,1,86182847,4596957,B-LINE,2014-02-03,710,bline,CANCELLED - SECTION 8,Dead/Cancelled,False,,False
106,NEAR_1_DELETION,1,86016622,4612253,B-LINE,2013-07-22,710,bline,CANCELLED - SECTION 8,Dead/Cancelled,False,,False
106,NEAR_1_DELETION,1,85741342,,B-LINE,2012-09-28,602,bline,ABANDONED-FAILURE TO RESPOND OR LATE RESPONSE,Dead/Abandoned,False,025,False
106,NEAR_1_SUBSTITUTION,1,85431089,4177141,BE LINE,2011-09-23,710,beline,CANCELLED - SECTION 8,Dead/Cancelled,False,,False
106,NEAR_1_INSERTION,1,85205737,3997632,BYLINER,2010-12-26,710,byliner,CANCELLED - SECTION 8,Dead/Cancelled,False,,False
106,NEAR_1_DELETION,1,85187327,4281348,B.LINE,2010-11-30,710,bline,CANCELLED - SECTION 8,Dead/Cancelled,False,,False
106,NEAR_1_SUBSTITUTION,1,85084622,,BE LINE,2010-07-14,606,beline,ABANDONED - NO STATEMENT OF USE FILED,Dead/Abandoned,False,020,False
106,NEAR_1_SUBSTITUTION,1,85084623,,BE LINE,2010-07-14,606,beline,ABANDONED - NO STATEMENT OF USE FILED,Dead/Abandoned,False,020,False
106,NEAR_1_SUBSTITUTION,1,85079572,3937250,MY LINE,2010-07-07,710,myline,CANCELLED - SECTION 8,Dead/Cancelled,False,,False
106,NEAR_1_SUBSTITUTION,1,85064469,,BE LINE,2010-06-16,606,beline,ABANDONED - NO STATEMENT OF USE FILED,Dead/Abandoned,False,002,False
106,NEAR_1_SUBSTITUTION,1,85064470,4498357,BE LINE,2010-06-16,710,beline,CANCELLED - SECTION 8,Dead/Cancelled,False,,False
106,NEAR_1_SUBSTITUTION,1,85064471,4498358,BE LINE,2010-06-16,710,beline,CANCELLED - SECTION 8,Dead/Cancelled,False,,False
106,NEAR_1_SUBSTITUTION,1,85064472,4481406,BE LINE,2010-06-16,710,beline,CANCELLED - SECTION 8,Dead/Cancelled,False,,False
106,NEAR_1_SUBSTITUTION,1,85064474,4007375,BE LINE,2010-06-16,710,beline,CANCELLED - SECTION 8,Dead/Cancelled,False,,False
106,NEAR_1_SUBSTITUTION,1,85064476,,BE LINE,2010-06-16,606,beline,ABANDONED - NO STATEMENT OF USE FILED,Dead/Abandoned,False,017,False
106,NEAR_1_SUBSTITUTION,1,85064478,,BE LINE,2010-06-16,606,beline,ABANDONED - NO STATEMENT OF USE FILED,Dead/Abandoned,False,021,True
106,NEAR_1_SUBSTITUTION,1,85046422,,BE LINE,2010-05-24,606,beline,ABANDONED - NO STATEMENT OF USE FILED,Dead/Abandoned,False,002,False
106,NEAR_1_SUBSTITUTION,1,85046425,4481396,BE LINE,2010-05-24,710,beline,CANCELLED - SECTION 8,Dead/Cancelled,False,,False
106,NEAR_1_SUBSTITUTION,1,85046427,4481397,BE LINE,2010-05-24,710,beline,CANCELLED - SECTION 8,Dead/Cancelled,False,,False
106,NEAR_1_SUBSTITUTION,1,85046428,4481398,BE LINE,2010-05-24,710,beline,CANCELLED - SECTION 8,Dead/Cancelled,False,,False
106,NEAR_1_SUBSTITUTION,1,85046429,4013495,BE LINE,2010-05-24,710,beline,CANCELLED - SECTION 8,Dead/Cancelled,False,,False
106,NEAR_1_SUBSTITUTION,1,85046432,,BE LINE,2010-05-24,606,beline,ABANDONED - NO STATEMENT OF USE FILED,Dead/Abandoned,False,017,False
106,NEAR_1_SUBSTITUTION,1,85046438,,BE LINE,2010-05-24,606,beline,ABANDONED - NO STATEMENT OF USE FILED,Dead/Abandoned,False,021,True
106,NEAR_1_SUBSTITUTION,1,85026074,,BI-LINE,2010-04-29,602,biline,ABANDONED-FAILURE TO RESPOND OR LATE RESPONSE,Dead/Abandoned,False,009,False
106,NEAR_1_SUBSTITUTION,1,77869909,,MYLINE,2009-11-11,602,myline,ABANDONED-FAILURE TO RESPOND OR LATE RESPONSE,Dead/Abandoned,False,038,False
106,NEAR_1_DELETION,1,78877474,,B LINE,2006-05-05,602,bline,ABANDONED-FAILURE TO RESPOND OR LATE RESPONSE,Dead/Abandoned,False,025,False
106,NEAR_1_DELETION,1,78771836,,B-LINE,2005-12-13,606,bline,ABANDONED - NO STATEMENT OF USE FILED,Dead/Abandoned,False,028,False
106,NEAR_1_INSERTION,1,78656722,3234981,BUYLINE,2005-06-23,710,buyline,CANCELLED - SECTION 8,Dead/Cancelled,False,,False
106,NEAR_1_INSERTION,1,78492604,3017982,BAYLINE,2004-09-30,710,bayline,CANCELLED - SECTION 8,Dead/Cancelled,False,,False
106,NEAR_1_SUBSTITUTION,1,76542214,2899025,MYLINE,2003-09-02,710,myline,CANCELLED - SECTION 8,Dead/Cancelled,False,,False
106,NEAR_1_DELETION,1,76443965,,B-LINE,2002-08-26,606,bline,ABANDONED - NO STATEMENT OF USE FILED,Dead/Abandoned,False,028,False
106,NEAR_1_SUBSTITUTION,1,76319917,,HYLINE,2001-10-01,606,hyline,ABANDONED - NO STATEMENT OF USE FILED,Dead/Abandoned,False,003,True
106,NEAR_1_DELETION,1,76085880,2702980,B LINE,2000-07-10,710,bline,CANCELLED - SECTION 8,Dead/Cancelled,False,,False
106,NEAR_1_DELETION,1,75883244,2561055,B-LINE,1999-12-29,710,bline,CANCELLED - SECTION 8,Dead/Cancelled,False,,False
106,NEAR_1_DELETION,1,75857442,2387946,B LINE,1999-11-24,710,bline,CANCELLED - SECTION 8,Dead/Cancelled,False,,False
106,NEAR_1_DELETION,1,75857470,2387947,B LINE,1999-11-24,710,bline,CANCELLED - SECTION 8,Dead/Cancelled,False,,False
106,NEAR_1_DELETION,1,75856165,,B LINE,1999-11-22,602,bline,ABANDONED-FAILURE TO RESPOND OR LATE RESPONSE,Dead/Abandoned,False,025,False
106,NEAR_1_DELETION,1,75660823,2370520,B LINE,1999-03-15,710,bline,CANCELLED - SECTION 8,Dead/Cancelled,False,,False
106,NEAR_1_DELETION,1,75572492,2382287,B-LINE,1998-10-19,710,bline,CANCELLED - SECTION 8,Dead/Cancelled,False,,False
106,NEAR_1_INSERTION,1,75547039,2269146,BUYLINE,1998-09-09,710,buyline,CANCELLED - SECTION 8,Dead/Cancelled,False,,False
106,NEAR_1_DELETION,1,75523863,2627059,B-LINE,1998-07-23,710,bline,CANCELLED - SECTION 8,Dead/Cancelled,False,,False
106,NEAR_1_DELETION,1,75503894,2572466,B-LINE,1998-06-17,710,bline,CANCELLED - SECTION 8,Dead/Cancelled,False,,False
106,NEAR_1_DELETION,1,75303514,,B LINE,1997-06-05,604,bline,ABANDONED - AFTER INTER-PARTES DECISION,Dead/Abandoned,False,025,False
106,NEAR_1_INSERTION,1,75275951,2195003,BUYLINE,1997-04-16,710,buyline,CANCELLED - SECTION 8,Dead/Cancelled,False,,False
106,NEAR_1_SUBSTITUTION,1,75060124,2164392,MYLINE,1996-02-20,710,myline,CANCELLED - SECTION 8,Dead/Cancelled,False,,False
106,NEAR_1_DELETION,1,74522740,1882211,B LINE,1994-05-10,710,bline,CANCELLED - SECTION 8,Dead/Cancelled,False,,False
106,NEAR_1_INSERTION,1,74498406,,BUYLINE,1994-03-08,603,buyline,ABANDONED - AFTER EX PARTE APPEAL,Dead/Abandoned,False,,False
106,NEAR_1_INSERTION,1,74362946,1801086,BUYLINE,1993-03-01,710,buyline,CANCELLED - SECTION 8,Dead/Cancelled,False,,False
106,NEAR_1_SUBSTITUTION,1,74292268,1825844,NY LINE,1992-07-06,710,nyline,CANCELLED - SECTION 8,Dead/Cancelled,False,,False
106,NEAR_1_INSERTION,1,74216022,1718191,BUYLINE,1991-10-28,710,buyline,CANCELLED - SECTION 8,Dead/Cancelled,False,,False
106,NEAR_1_SUBSTITUTION,1,74036302,1660573,BI-LINE,1990-03-09,710,biline,CANCELLED - SECTION 8,Dead/Cancelled,False,,False
106,NEAR_1_SUBSTITUTION,1,73783902,1573805,NYLINE,1989-03-01,710,nyline,CANCELLED - SECTION 8,Dead/Cancelled,False,,False
106,NEAR_1_INSERTION,1,73775950,1570170,BUYLINE,1989-01-23,710,buyline,CANCELLED - SECTION 8,Dead/Cancelled,False,,False
106,NEAR_1_DELETION,1,73678200,1485453,B-LINE,1987-08-13,710,bline,CANCELLED - SECTION 8,Dead/Cancelled,False,,False
106,NEAR_1_DELETION,1,73632793,1449842,B-LINE,1986-11-28,710,bline,CANCELLED - SECTION 8,Dead/Cancelled,False,,False
106,NEAR_1_INSERTION,1,73624656,1444486,BUYLINE,1986-10-06,710,buyline,CANCELLED - SECTION 8,Dead/Cancelled,False,,False
106,NEAR_1_INSERTION,1,73501997,,BAYLINE,1984-10-01,604,bayline,ABANDONED - AFTER INTER-PARTES DECISION,Dead/Abandoned,False,,False
106,NEAR_1_INSERTION,1,73499721,1368125,BUYLINE,1984-09-17,710,buyline,CANCELLED - SECTION 8,Dead/Cancelled,False,,False
106,NEAR_1_INSERTION,1,73457069,1392692,BUYLINE,1983-12-14,710,buyline,CANCELLED - SECTION 8,Dead/Cancelled,False,,False
106,NEAR_1_SUBSTITUTION,1,73413965,,HYLINE,1983-02-17,602,hyline,ABANDONED-FAILURE TO RESPOND OR LATE RESPONSE,Dead/Abandoned,False,,False
106,NEAR_1_SUBSTITUTION,1,73329376,1302173,BI-LINE,1981-09-24,710,biline,CANCELLED - SECTION 8,Dead/Cancelled,False,,False
106,NEAR_1_INSERTION,1,73310973,,BUYLINE,1981-05-18,601,buyline,ABANDONED - EXPRESS,Dead/Abandoned,False,,False
106,NEAR_1_SUBSTITUTION,1,73190542,1126169,BI-LINE,1978-10-24,710,biline,CANCELLED - SECTION 8,Dead/Cancelled,False,,False
106,NEAR_1_INSERTION,1,73085419,1059571,BUY LINE,1976-04-29,710,buyline,CANCELLED - SECTION 8,Dead/Cancelled,False,,False
106,NEAR_1_INSERTION,1,73034951,1038900,BUY LINE,1974-10-18,900,buyline,EXPIRED,Dead/Expired,False,,False
106,NEAR_1_SUBSTITUTION,1,73002122,1051116,HY-LINE,1973-09-27,711,hyline,CANCELLED - SECTION 7,Dead/Cancelled,False,,False
106,NEAR_1_SUBSTITUTION,1,72440923,0968586,HY LINE,1972-11-13,900,hyline,EXPIRED,Dead/Expired,False,,False
106,NEAR_1_SUBSTITUTION,1,72377600,0919693,HYLINE,1970-12-02,900,hyline,EXPIRED,Dead/Expired,False,,False
106,NEAR_1_DELETION,1,72256399,0840399,Y-LINE,1966-10-13,900,yline,EXPIRED,Dead/Expired,False,,False
106,NEAR_1_SUBSTITUTION,1,72237916,0829459,BILINE,1966-02-03,900,biline,EXPIRED,Dead/Expired,False,,False
106,NEAR_1_SUBSTITUTION,1,72236174,0818157,TYLINE,1966-01-11,900,tyline,EXPIRED,Dead/Expired,False,,False
106,NEAR_1_DELETION,1,72234175,0834220,B-LINE,1965-12-08,900,bline,EXPIRED,Dead/Expired,False,,False
106,NEAR_1_DELETION,1,72179396,0783094,B-LINE,1963-10-21,900,bline,EXPIRED,Dead/Expired,False,,False
106,NEAR_1_SUBSTITUTION,1,72178030,0798668,HY-LINE,1963-09-30,900,hyline,EXPIRED,Dead/Expired,False,,False
106,NEAR_1_SUBSTITUTION,1,72134346,0752952,HY-LINE,1961-12-19,900,hyline,EXPIRED,Dead/Expired,False,,False
106,NEAR_1_SUBSTITUTION,1,72071859,0689554,BI-LINE,1959-04-20,710,biline,CANCELLED - SECTION 8,Dead/Cancelled,False,,False
106,NEAR_1_SUBSTITUTION,1,71660548,0605321,HYLINE,1954-02-03,710,hyline,CANCELLED - SECTION 8,Dead/Cancelled,False,,False
106,NEAR_1_SUBSTITUTION,1,71587906,0544829,HY-LINE,1949-11-16,710,hyline,CANCELLED - SECTION 8,Dead/Cancelled,False,,False
106,NEAR_1_SUBSTITUTION,1,71587907,0569008,HY-LINE,1949-11-16,900,hyline,EXPIRED,Dead/Expired,False,,False
106,NEAR_1_SUBSTITUTION,1,71494711,0434660,HY-LINE,1946-01-12,900,hyline,EXPIRED,Dead/Expired,False,,False
106,NEAR_1_SUBSTITUTION,1,71438451,0387198,HY-LINE,1940-12-02,710,hyline,CANCELLED - SECTION 8,Dead/Cancelled,False,,False
106,NEAR_1_SUBSTITUTION,1,81010669,1010669,HYLINE,,710,hyline,CANCELLED - SECTION 8,Dead/Cancelled,False,,False
106,NEAR_1_SUBSTITUTION,1,81033636,1033636,HY-LINE,,710,hyline,CANCELLED - SECTION 8,Dead/Cancelled,False,,False
107,EXACT,0,99827261,,FIRST HAND,2026-05-15,630,firsthand,NEW APPLICATION - RECORD INITIALIZED NOT ASSIGNED TO EXAMINER,Live/Pending,True,"014,041",False
107,EXACT,0,98140270,7591482,FIRSTHAND,2023-08-18,700,firsthand,REGISTERED,Live/Registered,True,035,True
107,EXACT,0,97125728,7076792,FIRSTHAND,2021-11-15,700,firsthand,REGISTERED,Live/Registered,True,044,True
107,EXACT,0,88630076,6192843,FIRST HAND,2019-09-25,700,firsthand,REGISTERED,Live/Registered,True,036,False
107,EXACT,0,88528407,5977103,FIRSTHAND,2019-07-22,700,firsthand,REGISTERED,Live/Registered,True,003,True
107,EXACT,0,77516920,3575800,FIRSTHAND,2008-07-08,800,firsthand,REGISTERED AND RENEWED,Live/Registered,True,042,False
107,EXACT,0,75407959,2386057,FIRSTHAND,1997-12-19,800,firsthand,REGISTERED AND RENEWED,Live/Registered,True,036,False
107,EXACT,0,79287681,,FIRSTHAND,2020-05-16,602,firsthand,ABANDONED-FAILURE TO RESPOND OR LATE RESPONSE,Dead/Abandoned,False,005,True
107,EXACT,0,87685680,,FIRSTHAND,2017-11-15,602,firsthand,ABANDONED-FAILURE TO RESPOND OR LATE RESPONSE,Dead/Abandoned,False,"035,036",True
107,EXACT,0,87193689,,FIRST HAND,2016-10-05,606,firsthand,ABANDONED - NO STATEMENT OF USE FILED,Dead/Abandoned,False,030,False
107,EXACT,0,86886498,,FIRSTHAND,2016-01-26,602,firsthand,ABANDONED-FAILURE TO RESPOND OR LATE RESPONSE,Dead/Abandoned,False,009,False
107,EXACT,0,86770887,5281807,FIRSTHAND,2015-09-28,710,firsthand,CANCELLED - SECTION 8,Dead/Cancelled,False,,False
107,EXACT,0,86657768,5014216,FIRSTHAND,2015-06-10,710,firsthand,CANCELLED - SECTION 8,Dead/Cancelled,False,,False
107,EXACT,0,86612814,,FIRSTHAND,2015-04-28,606,firsthand,ABANDONED - NO STATEMENT OF USE FILED,Dead/Abandoned,False,041,False
107,EXACT,0,85968181,4591325,FIRSTHAND,2013-06-24,710,firsthand,CANCELLED - SECTION 8,Dead/Cancelled,False,,False
107,EXACT,0,85764960,4472183,FIRSTHAND,2012-10-26,710,firsthand,CANCELLED - SECTION 8,Dead/Cancelled,False,,False
107,EXACT,0,85745433,4338767,FIRSTHAND,2012-10-04,710,firsthand,CANCELLED - SECTION 8,Dead/Cancelled,False,,False
107,EXACT,0,85745439,4390998,FIRSTHAND,2012-10-04,710,firsthand,CANCELLED - SECTION 8,Dead/Cancelled,False,,False
107,EXACT,0,78843779,3201847,FIRSTHAND,2006-03-22,710,firsthand,CANCELLED - SECTION 8,Dead/Cancelled,False,,False
107,EXACT,0,78448648,,FIRSTHAND,2004-07-09,602,firsthand,ABANDONED-FAILURE TO RESPOND OR LATE RESPONSE,Dead/Abandoned,False,041,False
107,EXACT,0,78206349,2867950,FIRST HAND,2003-01-23,710,firsthand,CANCELLED - SECTION 8,Dead/Cancelled,False,,False
107,EXACT,0,78185798,,FIRST HAND,2002-11-15,606,firsthand,ABANDONED - NO STATEMENT OF USE FILED,Dead/Abandoned,False,041,False
107,EXACT,0,76181982,,FIRSTHAND,2000-12-14,602,firsthand,ABANDONED-FAILURE TO RESPOND OR LATE RESPONSE,Dead/Abandoned,False,042,False
107,EXACT,0,75451933,2219036,FIRST HAND,1998-03-17,710,firsthand,CANCELLED - SECTION 8,Dead/Cancelled,False,,False
107,EXACT,0,74656189,2084456,FIRSTHAND,1995-04-05,710,firsthand,CANCELLED - SECTION 8,Dead/Cancelled,False,,False
107,EXACT,0,74630538,2082777,FIRST HAND,1995-02-06,710,firsthand,CANCELLED - SECTION 8,Dead/Cancelled,False,,False
107,EXACT,0,73577680,1407290,FIRST HAND,1986-01-13,710,firsthand,CANCELLED - SECTION 8,Dead/Cancelled,False,,False
107,EXACT,0,73483590,1323335,'FIRST HAND',1984-06-04,710,firsthand,CANCELLED - SECTION 8,Dead/Cancelled,False,,False
107,EXACT,0,73392107,1261123,FIRSTHAND,1982-09-29,710,firsthand,CANCELLED - SECTION 8,Dead/Cancelled,False,,False
107,EXACT,0,73312751,1223847,FIRST + HAND,1981-06-01,710,firsthand,CANCELLED - SECTION 8,Dead/Cancelled,False,,False
107,EXACT,0,73280130,1196212,FIRST HAND,1980-10-01,710,firsthand,CANCELLED - SECTION 8,Dead/Cancelled,False,,False
107,NEAR_1_SUBSTITUTION,1,78867670,3339572,FIRSTRAND,2006-04-24,800,firstrand,REGISTERED AND RENEWED,Live/Registered,True,036,False
107,NEAR_1_SUBSTITUTION,1,78865767,3339564,FIRSTRAND,2006-04-20,800,firstrand,REGISTERED AND RENEWED,Live/Registered,True,036,False
107,NEAR_1_DELETION,1,88725905,,FRSTHAND,2019-12-13,606,frsthand,ABANDONED - NO STATEMENT OF USE FILED,Dead/Abandoned,False,042,False
107,NEAR_1_DELETION,1,87153274,5299384,FIRSTAND,2016-08-29,710,firstand,CANCELLED - SECTION 8,Dead/Cancelled,False,,False
107,NEAR_1_SUBSTITUTION,1,78260684,2853783,FIRSTLAND,2003-06-10,710,firstland,CANCELLED - SECTION 8,Dead/Cancelled,False,,False
107,NEAR_1_SUBSTITUTION,1,76164197,,FIRSTLAND,2000-11-13,602,firstland,ABANDONED-FAILURE TO RESPOND OR LATE RESPONSE,Dead/Abandoned,False,033,False
107,NEAR_1_SUBSTITUTION,1,75355424,2556294,FIRSTLAND,1997-09-11,710,firstland,CANCELLED - SECTION 8,Dead/Cancelled,False,,False
107,NEAR_1_SUBSTITUTION,1,74012620,,FIRSTLAND,1989-12-18,606,firstland,ABANDONED - NO STATEMENT OF USE FILED,Dead/Abandoned,False,,False
107,NEAR_1_SUBSTITUTION,1,74012621,,FIRSTLAND,1989-12-18,601,firstland,ABANDONED - EXPRESS,Dead/Abandoned,False,,False
107,NEAR_1_SUBSTITUTION,1,74012622,,FIRSTLAND,1989-12-18,601,firstland,ABANDONED - EXPRESS,Dead/Abandoned,False,,False
108,EXACT,0,99909854,,TRUEFORM,2026-06-27,630,trueform,NEW APPLICATION - RECORD INITIALIZED NOT ASSIGNED TO EXAMINER,Live/Pending,True,041,False
108,EXACT,0,99883869,,TRUEFORM,2026-06-14,630,trueform,NEW APPLICATION - RECORD INITIALIZED NOT ASSIGNED TO EXAMINER,Live/Pending,True,005,True
108,EXACT,0,99867280,,TRUEFORM,2026-06-05,630,trueform,NEW APPLICATION - RECORD INITIALIZED NOT ASSIGNED TO EXAMINER,Live/Pending,True,016,False
108,EXACT,0,79446820,,TRUEFORM,2026-01-21,640,trueform,NON-FINAL ACTION COUNTED - NOT MAILED,Live/Pending,True,042,False
108,EXACT,0,98700618,8113487,TRUE FORM,2024-08-15,700,trueform,REGISTERED,Live/Registered,True,025,False
108,EXACT,0,90236621,6424174,TRUE FORM,2020-10-05,700,trueform,REGISTERED,Live/Registered,True,005,True
108,EXACT,0,88697820,6120679,TRUEFORM,2019-11-19,702,trueform,SECTION 8 & 15-ACCEPTED AND ACKNOWLEDGED,Live/Registered,True,020,False
108,EXACT,0,88609139,6196559,TRUEFORM,2019-09-09,700,trueform,REGISTERED,Live/Registered,True,"009,010",True
108,EXACT,0,87420855,5499097,TRUE FORM,2017-04-21,702,trueform,SECTION 8 & 15-ACCEPTED AND ACKNOWLEDGED,Live/Registered,True,010,True
108,EXACT,0,87366240,6273024,TRUEFORM,2017-03-10,700,trueform,REGISTERED,Live/Registered,True,042,False
108,EXACT,0,85629792,4351460,TRUEFORM,2012-05-18,800,trueform,REGISTERED AND RENEWED,Live/Registered,True,009,False
108,EXACT,0,85628134,4271745,TRUEFORM,2012-05-17,800,trueform,REGISTERED AND RENEWED,Live/Registered,True,"035,037,040",True
108,EXACT,0,77489525,3772445,TRUEFORM,2008-06-03,800,trueform,REGISTERED AND RENEWED,Live/Registered,True,019,False
108,EXACT,0,79234913,,TRUE FORM,2018-05-18,602,trueform,ABANDONED-FAILURE TO RESPOND OR LATE RESPONSE,Dead/Abandoned,False,025,False
108,EXACT,0,87641266,,TRUEFORM,2017-10-11,602,trueform,ABANDONED-FAILURE TO RESPOND OR LATE RESPONSE,Dead/Abandoned,False,010,True
108,EXACT,0,87592028,5618607,TRUEFORM,2017-08-31,710,trueform,CANCELLED - SECTION 8,Dead/Cancelled,False,,False
108,EXACT,0,87366247,5656470,TRUEFORM,2017-03-10,710,trueform,CANCELLED - SECTION 8,Dead/Cancelled,False,,False
108,EXACT,0,85533441,4332727,TRUE FORM,2012-02-03,710,trueform,CANCELLED - SECTION 8,Dead/Cancelled,False,,False
108,EXACT,0,78543894,3419868,TRUEFORM,2005-01-07,710,trueform,CANCELLED - SECTION 8,Dead/Cancelled,False,,False
108,EXACT,0,78018556,,TRUE FORM,2000-07-27,602,trueform,ABANDONED-FAILURE TO RESPOND OR LATE RESPONSE,Dead/Abandoned,False,006,False
108,EXACT,0,75116180,2101084,TRUEFORM,1996-06-05,710,trueform,CANCELLED - SECTION 8,Dead/Cancelled,False,,False
108,EXACT,0,73804175,1577556,TRUE FORM,1989-06-01,710,trueform,CANCELLED - SECTION 8,Dead/Cancelled,False,,False
108,EXACT,0,73393663,1263539,TRUEFORM,1982-09-29,710,trueform,CANCELLED - SECTION 8,Dead/Cancelled,False,,False
108,EXACT,0,71188871,0186657,TRUE FORM,1923-11-24,710,trueform,CANCELLED - SECTION 8,Dead/Cancelled,False,,False
108,NEAR_1_DELETION,1,99267438,,TRUFORM,2025-07-03,661,truform,RESPONSE AFTER NON-FINAL ACTION - ENTERED,Live/Pending,True,"024,025",False
108,NEAR_1_DELETION,1,98612589,8062233,TRUFORM,2024-06-21,700,truform,REGISTERED,Live/Registered,True,006,False
108,NEAR_1_DELETION,1,97880077,,TRUFORM,2023-04-10,733,truform,FOURTH EXTENSION - GRANTED,Live/Pending,True,021,True
108,NEAR_1_SUBSTITUTION,1,97428456,7142618,TRUEFORT,2022-05-25,700,truefort,REGISTERED,Live/Registered,True,042,False
108,NEAR_1_DELETION,1,90315295,6448076,TRUFORM,2020-11-12,700,truform,REGISTERED,Live/Registered,True,010,True
108,NEAR_1_DELETION,1,88777590,6323569,TRUFORM,2020-01-29,700,truform,REGISTERED,Live/Registered,True,007,False
108,NEAR_1_DELETION,1,88221734,5794313,TRUFORM,2018-12-07,702,truform,SECTION 8 & 15-ACCEPTED AND ACKNOWLEDGED,Live/Registered,True,009,False
108,NEAR_1_DELETION,1,87818955,6029755,TRÜFORM,2018-03-03,701,truform,SECTION 8-ACCEPTED,Live/Registered,True,012,False
108,NEAR_1_DELETION,1,86598429,4999536,TRUFORM,2015-04-15,702,truform,SECTION 8 & 15-ACCEPTED AND ACKNOWLEDGED,Live/Registered,True,"005,010",True
108,NEAR_1_DELETION,1,76694733,3656266,TRU-FORM,2008-12-10,800,truform,REGISTERED AND RENEWED,Live/Registered,True,017,False
108,NEAR_1_DELETION,1,74673212,2017039,TRUFORM,1995-05-11,800,truform,REGISTERED AND RENEWED,Live/Registered,True,002,False
108,NEAR_1_DELETION,1,74510419,1959633,TRUFORM,1994-04-07,800,truform,REGISTERED AND RENEWED,Live/Registered,True,010,True
108,NEAR_1_DELETION,1,72210640,0806593,TRU-FORM,1965-01-26,800,truform,REGISTERED AND RENEWED,Live/Registered,True,019,False
108,NEAR_1_DELETION,1,99216912,,TRUFORM,2025-06-04,602,truform,ABANDONED-FAILURE TO RESPOND OR LATE RESPONSE,Dead/Abandoned,False,"005,044",True
108,NEAR_1_DELETION,1,98512016,,TRUFORM,2024-04-22,600,truform,ABANDONED - INCOMPLETE RESPONSE,Dead/Abandoned,False,020,False
108,NEAR_1_DELETION,1,97381782,,TRUFORM,2022-04-26,602,truform,ABANDONED-FAILURE TO RESPOND OR LATE RESPONSE,Dead/Abandoned,False,"009,042",False
108,NEAR_1_SUBSTITUTION,1,87892584,5627131,TRU2FORM,2018-04-25,710,tru2form,CANCELLED - SECTION 8,Dead/Cancelled,False,,False
108,NEAR_1_SUBSTITUTION,1,87559882,5728670,TREEFORM,2017-08-08,710,treeform,CANCELLED - SECTION 8,Dead/Cancelled,False,,False
108,NEAR_1_DELETION,1,87378527,,TRUFORM,2017-03-20,606,truform,ABANDONED - NO STATEMENT OF USE FILED,Dead/Abandoned,False,"006,012",False
108,NEAR_1_DELETION,1,86942041,5341505,TRUFORM,2016-03-16,710,truform,CANCELLED - SECTION 8,Dead/Cancelled,False,,False
108,NEAR_1_DELETION,1,86509066,4803470,TRUFORM,2015-01-21,710,truform,CANCELLED - SECTION 8,Dead/Cancelled,False,,False
108,NEAR_1_DELETION,1,86268504,,TRUFORM,2014-05-01,601,truform,ABANDONED - EXPRESS,Dead/Abandoned,False,019,False
108,NEAR_1_DELETION,1,86266291,,TRUFORM,2014-04-29,606,truform,ABANDONED - NO STATEMENT OF USE FILED,Dead/Abandoned,False,010,True
108,NEAR_1_DELETION,1,86232422,4769834,TRU:FORM,2014-03-26,710,truform,CANCELLED - SECTION 8,Dead/Cancelled,False,,False
108,NEAR_1_DELETION,1,85786803,4412255,TRUFORM,2012-11-26,710,truform,CANCELLED - SECTION 8,Dead/Cancelled,False,,False
108,NEAR_1_DELETION,1,85488700,,TRUFORM,2011-12-06,605,truform,ABANDONED EXPRESS AFTER PUB,Dead/Abandoned,False,,False
108,NEAR_1_DELETION,1,85224493,4055357,TRUFORM,2011-01-24,710,truform,CANCELLED - SECTION 8,Dead/Cancelled,False,,False
108,NEAR_1_DELETION,1,85163446,4196620,TRUFORM,2010-10-28,710,truform,CANCELLED - SECTION 8,Dead/Cancelled,False,,False
108,NEAR_1_DELETION,1,76700574,4139288,TRUFORM,2009-11-27,710,truform,CANCELLED - SECTION 8,Dead/Cancelled,False,,False
108,NEAR_1_DELETION,1,77820593,4161582,TRUFORM,2009-09-04,710,truform,CANCELLED - SECTION 8,Dead/Cancelled,False,,False
108,NEAR_1_DELETION,1,77672950,,TRUFORM,2009-02-18,605,truform,ABANDONED EXPRESS AFTER PUB,Dead/Abandoned,False,,False
108,NEAR_1_DELETION,1,77474411,,TRUFORM,2008-05-14,605,truform,ABANDONED EXPRESS AFTER PUB,Dead/Abandoned,False,,False
108,NEAR_1_DELETION,1,78772703,,TRUFORM,2005-12-13,606,truform,ABANDONED - NO STATEMENT OF USE FILED,Dead/Abandoned,False,028,False
108,NEAR_1_DELETION,1,79030854,3376199,TRUFORM,2005-10-25,404,truform,IR CANCELLED; US REGISTRATION CANCELLED,Dead/Cancelled,False,,False
108,NEAR_1_DELETION,1,76639239,3190550,TRUFORM,2005-05-23,710,truform,CANCELLED - SECTION 8,Dead/Cancelled,False,,False
108,NEAR_1_DELETION,1,78299947,,TRUFORM,2003-09-12,606,truform,ABANDONED - NO STATEMENT OF USE FILED,Dead/Abandoned,False,040,False
108,NEAR_1_DELETION,1,76429859,,TRUFORM,2002-07-12,601,truform,ABANDONED - EXPRESS,Dead/Abandoned,False,005,True
108,NEAR_1_INSERTION,1,78101564,2740359,TRUEFORMS,2002-01-08,710,trueforms,CANCELLED - SECTION 8,Dead/Cancelled,False,,False
108,NEAR_1_SUBSTITUTION,1,78075374,,TRUEFIRM,2001-07-24,606,truefirm,ABANDONED - NO STATEMENT OF USE FILED,Dead/Abandoned,False,009,False
108,NEAR_1_DELETION,1,76230176,2703080,TRUFORM,2001-03-26,710,truform,CANCELLED - SECTION 8,Dead/Cancelled,False,,False
108,NEAR_1_SUBSTITUTION,1,75834215,,TRUEWORM,1999-10-28,602,trueworm,ABANDONED-FAILURE TO RESPOND OR LATE RESPONSE,Dead/Abandoned,False,009,False
108,NEAR_1_DELETION,1,75052424,2090002,TRUFORM,1996-02-02,710,truform,CANCELLED - SECTION 8,Dead/Cancelled,False,,False
108,NEAR_1_DELETION,1,74672988,2058078,TRUFORM,1995-05-15,710,truform,CANCELLED - SECTION 8,Dead/Cancelled,False,,False
108,NEAR_1_DELETION,1,74378297,1867617,TRU-FORM,1993-04-09,710,truform,CANCELLED - SECTION 8,Dead/Cancelled,False,,False
108,NEAR_1_DELETION,1,74094796,1693013,TRUFORM,1990-09-07,710,truform,CANCELLED - SECTION 8,Dead/Cancelled,False,,False
108,NEAR_1_DELETION,1,73607620,1455334,TREFORM,1986-07-03,710,treform,CANCELLED - SECTION 8,Dead/Cancelled,False,,False
108,NEAR_1_DELETION,1,73555306,1388034,TRU-FORM,1985-08-26,710,truform,CANCELLED - SECTION 8,Dead/Cancelled,False,,False
108,NEAR_1_DELETION,1,73471687,1534142,TRU-FORM,1984-03-22,710,truform,CANCELLED - SECTION 8,Dead/Cancelled,False,,False
108,NEAR_1_DELETION,1,72411978,0966143,TRU-FORM,1972-01-07,713,truform,CANCELLED - SECTION 18,Dead/Cancelled,False,,False
108,NEAR_1_DELETION,1,72376385,0978693,TRUFORM,1970-11-17,900,truform,EXPIRED,Dead/Expired,False,,False
108,NEAR_1_DELETION,1,72350864,0919316,TRUFORM,1970-02-09,900,truform,EXPIRED,Dead/Expired,False,,False
108,NEAR_1_DELETION,1,72247697,0831409,TRU-FORM,1966-06-09,900,truform,EXPIRED,Dead/Expired,False,,False
108,NEAR_1_DELETION,1,72173062,0784670,TRU-FORM,1963-07-15,900,truform,EXPIRED,Dead/Expired,False,,False
108,NEAR_1_DELETION,1,72125656,0733050,TRU-FORM,1961-08-09,900,truform,EXPIRED,Dead/Expired,False,,False
108,NEAR_1_DELETION,1,81014681,1014681,TRU-FORM,,710,truform,CANCELLED - SECTION 8,Dead/Cancelled,False,,False
109,EXACT,0,99768042,,PROOF OF LIFE,2026-04-16,630,proofoflife,NEW APPLICATION - RECORD INITIALIZED NOT ASSIGNED TO EXAMINER,Live/Pending,True,042,False
109,EXACT,0,99651918,8314909,PROOF OF LIFE,2026-02-13,700,proofoflife,REGISTERED,Live/Registered,True,009,False
109,EXACT,0,99524194,,PROOF OF LIFE,2025-12-01,641,proofoflife,NON-FINAL ACTION - MAILED,Live/Pending,True,041,False
109,EXACT,0,98139769,,PROOF OF LIFE,2023-08-18,730,proofoflife,FIRST EXTENSION - GRANTED,Live/Pending,True,"035,036,042",True
109,EXACT,0,90895255,7069495,PROOF OF LIFE,2021-08-21,700,proofoflife,REGISTERED,Live/Registered,True,041,False
109,EXACT,0,98691600,,PROOF OF LIFE,2024-08-09,602,proofoflife,ABANDONED-FAILURE TO RESPOND OR LATE RESPONSE,Dead/Abandoned,False,042,False
109,EXACT,0,87601338,,PROOF OF LIFE,2017-09-08,606,proofoflife,ABANDONED - NO STATEMENT OF USE FILED,Dead/Abandoned,False,025,False
109,EXACT,0,85868498,,PROOF OF LIFE,2013-03-06,602,proofoflife,ABANDONED-FAILURE TO RESPOND OR LATE RESPONSE,Dead/Abandoned,False,025,False
109,EXACT,0,85221454,4305724,PROOF-OF-LIFE,2011-01-19,710,proofoflife,CANCELLED - SECTION 8,Dead/Cancelled,False,,False
110,EXACT,0,98113757,7367193,VITAL SIGNS,2023-08-02,700,vitalsigns,REGISTERED,Live/Registered,True,041,False
110,EXACT,0,98113775,7346912,VITAL SIGNS,2023-08-02,700,vitalsigns,REGISTERED,Live/Registered,True,041,False
110,EXACT,0,97255570,7634310,VITAL SIGNS,2022-02-07,700,vitalsigns,REGISTERED,Live/Registered,True,041,False
110,EXACT,0,88933538,6263113,VITAL SIGNS,2020-05-26,700,vitalsigns,REGISTERED,Live/Registered,True,035,True
110,EXACT,0,85927592,4679463,VITAL SIGNS,2013-05-09,800,vitalsigns,REGISTERED AND RENEWED,Live/Registered,True,037,False
110,EXACT,0,77388702,3684937,VITAL SIGNS,2008-02-05,800,vitalsigns,REGISTERED AND RENEWED,Live/Registered,True,010,True
110,EXACT,0,97637194,,VITAL SIGNS,2022-10-18,601,vitalsigns,ABANDONED - EXPRESS,Dead/Abandoned,False,009,False
110,EXACT,0,88856177,,VITAL SIGNS,2020-04-01,601,vitalsigns,ABANDONED - EXPRESS,Dead/Abandoned,False,041,False
110,EXACT,0,88856192,,VITAL SIGNS,2020-04-01,601,vitalsigns,ABANDONED - EXPRESS,Dead/Abandoned,False,041,False
110,EXACT,0,87369411,5366386,VITAL SIGNS,2017-03-13,710,vitalsigns,CANCELLED - SECTION 8,Dead/Cancelled,False,,False
110,EXACT,0,87309035,,VITAL SIGNS,2017-01-20,606,vitalsigns,ABANDONED - NO STATEMENT OF USE FILED,Dead/Abandoned,False,041,False
110,EXACT,0,87305992,,VITAL SIGNS,2017-01-18,606,vitalsigns,ABANDONED - NO STATEMENT OF USE FILED,Dead/Abandoned,False,041,False
110,EXACT,0,86891685,,VITALSIGNS,2016-01-29,602,vitalsigns,ABANDONED-FAILURE TO RESPOND OR LATE RESPONSE,Dead/Abandoned,False,042,False
110,EXACT,0,86876066,5089600,VITALSIGNS,2016-01-14,710,vitalsigns,CANCELLED - SECTION 8,Dead/Cancelled,False,,False
110,EXACT,0,86478108,,VITAL SIGNS,2014-12-11,602,vitalsigns,ABANDONED-FAILURE TO RESPOND OR LATE RESPONSE,Dead/Abandoned,False,042,False
110,EXACT,0,85927464,4689275,VITAL SIGNS,2013-05-09,710,vitalsigns,CANCELLED - SECTION 8,Dead/Cancelled,False,,False
110,EXACT,0,85717649,4535580,VITAL SIGNS,2012-08-30,710,vitalsigns,CANCELLED - SECTION 8,Dead/Cancelled,False,,False
110,EXACT,0,85700491,4385442,VITAL SIGNS,2012-08-10,710,vitalsigns,CANCELLED - SECTION 8,Dead/Cancelled,False,,False
110,EXACT,0,85667016,4390675,VITAL SIGNS,2012-07-02,710,vitalsigns,CANCELLED - SECTION 8,Dead/Cancelled,False,,False
110,EXACT,0,77961419,3913109,VITALSIGNS,2010-03-17,710,vitalsigns,CANCELLED - SECTION 8,Dead/Cancelled,False,,False
110,EXACT,0,77509358,,VITAL SIGNS,2008-06-26,602,vitalsigns,ABANDONED-FAILURE TO RESPOND OR LATE RESPONSE,Dead/Abandoned,False,035,True
110,EXACT,0,77188779,,VITAL SIGNS,2007-05-23,603,vitalsigns,ABANDONED - AFTER EX PARTE APPEAL,Dead/Abandoned,False,"016,035",True
110,EXACT,0,78775239,3168447,VITAL SIGNS,2005-12-16,710,vitalsigns,CANCELLED - SECTION 8,Dead/Cancelled,False,,False
110,EXACT,0,78725323,3546918,VITALSIGNS,2005-10-03,710,vitalsigns,CANCELLED - SECTION 8,Dead/Cancelled,False,,False
110,EXACT,0,78550124,,VITAL SIGNS,2005-01-19,603,vitalsigns,ABANDONED - AFTER EX PARTE APPEAL,Dead/Abandoned,False,016,False
110,EXACT,0,76625251,3048221,VITAL SIGNS,2004-12-21,710,vitalsigns,CANCELLED - SECTION 8,Dead/Cancelled,False,,False
110,EXACT,0,78419217,,VITAL SIGNS,2004-05-14,602,vitalsigns,ABANDONED-FAILURE TO RESPOND OR LATE RESPONSE,Dead/Abandoned,False,"035,042",True
110,EXACT,0,78366855,,VITAL SIGNS,2004-02-12,602,vitalsigns,ABANDONED-FAILURE TO RESPOND OR LATE RESPONSE,Dead/Abandoned,False,009,False
110,EXACT,0,76556265,3073989,VITAL SIGNS,2003-10-30,710,vitalsigns,CANCELLED - SECTION 8,Dead/Cancelled,False,,False
110,EXACT,0,76522490,,VITALSIGNS,2003-06-13,602,vitalsigns,ABANDONED-FAILURE TO RESPOND OR LATE RESPONSE,Dead/Abandoned,False,"041,044",True
110,EXACT,0,76522491,,VITALSIGNS,2003-06-13,602,vitalsigns,ABANDONED-FAILURE TO RESPOND OR LATE RESPONSE,Dead/Abandoned,False,016,False
110,EXACT,0,76342470,2658975,VITAL SIGNS,2001-11-26,710,vitalsigns,CANCELLED - SECTION 8,Dead/Cancelled,False,,False
110,EXACT,0,76005062,,VITAL SIGNS,2000-03-20,606,vitalsigns,ABANDONED - NO STATEMENT OF USE FILED,Dead/Abandoned,False,"005,036",True
110,EXACT,0,75813148,2685126,VITALSIGNS,1999-09-28,710,vitalsigns,CANCELLED - SECTION 8,Dead/Cancelled,False,,False
110,EXACT,0,75679044,2483153,VITAL SIGNS,1999-04-09,710,vitalsigns,CANCELLED - SECTION 8,Dead/Cancelled,False,,False
110,EXACT,0,75568443,,VITALSIGNS,1998-10-21,606,vitalsigns,ABANDONED - NO STATEMENT OF USE FILED,Dead/Abandoned,False,009,False
110,EXACT,0,75540920,,VITALSIGNS,1998-08-24,602,vitalsigns,ABANDONED-FAILURE TO RESPOND OR LATE RESPONSE,Dead/Abandoned,False,042,False
110,EXACT,0,75525654,2328188,VITALSIGNS,1998-07-27,710,vitalsigns,CANCELLED - SECTION 8,Dead/Cancelled,False,,False
110,EXACT,0,75505272,2283018,VITAL SIGNS,1998-06-19,710,vitalsigns,CANCELLED - SECTION 8,Dead/Cancelled,False,,False
110,EXACT,0,75386708,,VITAL SIGNS,1997-11-07,606,vitalsigns,ABANDONED - NO STATEMENT OF USE FILED,Dead/Abandoned,False,003,True
110,EXACT,0,75296824,2211971,VITAL SIGNS,1997-05-05,710,vitalsigns,CANCELLED - SECTION 8,Dead/Cancelled,False,,False
110,EXACT,0,75213011,,VITAL SIGNS,1996-12-13,602,vitalsigns,ABANDONED-FAILURE TO RESPOND OR LATE RESPONSE,Dead/Abandoned,False,,False
110,EXACT,0,75122421,2122991,VITAL SIGNS,1996-06-07,710,vitalsigns,CANCELLED - SECTION 8,Dead/Cancelled,False,,False
110,EXACT,0,75055216,2071366,VITAL SIGNS,1996-02-08,710,vitalsigns,CANCELLED - SECTION 8,Dead/Cancelled,False,,False
110,EXACT,0,75044673,,VITAL SIGNS,1996-01-17,602,vitalsigns,ABANDONED-FAILURE TO RESPOND OR LATE RESPONSE,Dead/Abandoned,False,,False
110,EXACT,0,75044674,,VITAL SIGNS,1996-01-17,602,vitalsigns,ABANDONED-FAILURE TO RESPOND OR LATE RESPONSE,Dead/Abandoned,False,,False
110,EXACT,0,75044751,,VITAL SIGNS,1996-01-17,607,vitalsigns,ABANDONED - DEFECTIVE STATEMENT OF USE,Dead/Abandoned,False,041,False
110,EXACT,0,75008937,2026725,VITAL SIGNS,1995-10-23,710,vitalsigns,CANCELLED - SECTION 8,Dead/Cancelled,False,,False
110,EXACT,0,74546399,,VITAL SIGNS,1994-07-06,606,vitalsigns,ABANDONED - NO STATEMENT OF USE FILED,Dead/Abandoned,False,,False
110,EXACT,0,74471627,1927031,VITAL SIGNS,1993-12-21,710,vitalsigns,CANCELLED - SECTION 8,Dead/Cancelled,False,,False
110,EXACT,0,74426225,,VITAL SIGNS,1993-08-19,602,vitalsigns,ABANDONED-FAILURE TO RESPOND OR LATE RESPONSE,Dead/Abandoned,False,,False
110,EXACT,0,74286435,1751280,VITALSIGNS,1992-06-19,710,vitalsigns,CANCELLED - SECTION 8,Dead/Cancelled,False,,False
110,EXACT,0,74146044,1727495,VITAL SIGNS,1991-03-07,710,vitalsigns,CANCELLED - SECTION 8,Dead/Cancelled,False,,False
110,EXACT,0,74091735,,VITAL SIGNS,1990-08-24,606,vitalsigns,ABANDONED - NO STATEMENT OF USE FILED,Dead/Abandoned,False,,False
110,EXACT,0,74007204,,VITAL SIGNS,1989-12-04,606,vitalsigns,ABANDONED - NO STATEMENT OF USE FILED,Dead/Abandoned,False,,False
110,EXACT,0,73802881,1610437,VITAL SIGNS,1989-05-26,710,vitalsigns,CANCELLED - SECTION 8,Dead/Cancelled,False,,False
110,EXACT,0,73797466,1576743,VITAL SIGNS,1989-05-03,710,vitalsigns,CANCELLED - SECTION 8,Dead/Cancelled,False,,False
110,EXACT,0,73625059,,VITAL SIGNS,1986-10-14,602,vitalsigns,ABANDONED-FAILURE TO RESPOND OR LATE RESPONSE,Dead/Abandoned,False,,False
110,EXACT,0,73612465,,VITAL SIGNS,1986-08-01,602,vitalsigns,ABANDONED-FAILURE TO RESPOND OR LATE RESPONSE,Dead/Abandoned,False,,False
110,EXACT,0,73597783,1420191,VITAL SIGNS,1986-05-09,710,vitalsigns,CANCELLED - SECTION 8,Dead/Cancelled,False,,False
110,EXACT,0,73525389,,VITAL SIGNS,1985-03-06,602,vitalsigns,ABANDONED-FAILURE TO RESPOND OR LATE RESPONSE,Dead/Abandoned,False,,False
110,EXACT,0,73473276,,VITAL SIGNS,1984-04-02,602,vitalsigns,ABANDONED-FAILURE TO RESPOND OR LATE RESPONSE,Dead/Abandoned,False,,False
110,EXACT,0,73108542,1087714,VITAL SIGNS,1976-12-06,900,vitalsigns,EXPIRED,Dead/Expired,False,,False
110,EXACT,0,73055224,1039977,VITAL SIGNS,1975-06-16,900,vitalsigns,EXPIRED,Dead/Expired,False,,False
110,EXACT,0,76538500,,VITAL SIGNS,,622,vitalsigns,MISASSIGNED SERIAL NUMBER,Indifferent,False,041,False
110,NEAR_1_SUBSTITUTION,1,98146613,7474142,VYTAL SIGNS,2023-08-23,700,vytalsigns,REGISTERED,Live/Registered,True,035,True
110,NEAR_1_DELETION,1,88982977,6540739,VITAL SIGN,2020-03-13,700,vitalsign,REGISTERED,Live/Registered,True,033,False
110,NEAR_1_DELETION,1,86059039,4650152,VITASIGNS,2013-09-09,800,vitasigns,REGISTERED AND RENEWED,Live/Registered,True,010,True
110,NEAR_1_DELETION,1,78373202,3242851,VITAL SIGN,2004-02-24,800,vitalsign,REGISTERED AND RENEWED,Live/Registered,True,005,True
110,NEAR_1_SUBSTITUTION,1,99187468,,VYTALSIGNS,2025-05-15,602,vytalsigns,ABANDONED-FAILURE TO RESPOND OR LATE RESPONSE,Dead/Abandoned,False,042,False
110,NEAR_1_DELETION,1,97730773,,VITASIGNS,2022-12-23,606,vitasigns,ABANDONED - NO STATEMENT OF USE FILED,Dead/Abandoned,False,044,True
110,NEAR_1_DELETION,1,88834217,,VITAL SIGN,2020-03-13,606,vitalsign,ABANDONED - NO STATEMENT OF USE FILED,Dead/Abandoned,False,032,False
110,NEAR_1_DELETION,1,87471457,5378275,VITAL $IGNS,2017-06-01,710,vitaligns,CANCELLED - SECTION 8,Dead/Cancelled,False,,False
110,NEAR_1_DELETION,1,85295384,,VITAL SIGN,2011-04-14,606,vitalsign,ABANDONED - NO STATEMENT OF USE FILED,Dead/Abandoned,False,041,False
110,NEAR_1_DELETION,1,85295386,,VITAL SIGN,2011-04-14,606,vitalsign,ABANDONED - NO STATEMENT OF USE FILED,Dead/Abandoned,False,009,False
110,NEAR_1_DELETION,1,85274250,4268845,VITAL $IGNS,2011-03-23,710,vitaligns,CANCELLED - SECTION 8,Dead/Cancelled,False,,False
110,NEAR_1_DELETION,1,77064373,,VITALSIGN,2006-12-14,602,vitalsign,ABANDONED-FAILURE TO RESPOND OR LATE RESPONSE,Dead/Abandoned,False,009,False
110,NEAR_1_DELETION,1,75385966,2249021,VITALSIGN,1997-11-06,710,vitalsign,CANCELLED - SECTION 8,Dead/Cancelled,False,,False
110,NEAR_1_DELETION,1,73500795,1336555,VITAL SIGN,1984-09-24,710,vitalsign,CANCELLED - SECTION 8,Dead/Cancelled,False,,False
111,EXACT,0,88206972,6335568,BETTER STILL,2018-11-27,700,betterstill,REGISTERED,Live/Registered,True,042,False
111,EXACT,0,88206198,6493744,BETTER STILL,2018-11-26,700,betterstill,REGISTERED,Live/Registered,True,041,False
112,EXACT,0,97033743,6774859,OWNTIME,2021-09-17,700,owntime,REGISTERED,Live/Registered,True,025,False
112,EXACT,0,88708455,,OWN TIME,2019-11-27,602,owntime,ABANDONED-FAILURE TO RESPOND OR LATE RESPONSE,Dead/Abandoned,False,014,False
112,NEAR_1_INSERTION,1,99709775,,DOWN TIME,2026-03-18,686,downtime,PUBLISHED FOR OPPOSITION,Live/Pending,True,005,True
112,NEAR_1_INSERTION,1,99576722,,DOWN TIME,2026-01-04,688,downtime,NOTICE OF ALLOWANCE - ISSUED,Live/Pending,True,"005,032",True
112,NEAR_1_SUBSTITUTION,1,98776101,7842961,OWLTIME,2024-09-29,700,owltime,REGISTERED,Live/Registered,True,014,False
112,NEAR_1_INSERTION,1,97834538,7345164,TOWNTIME,2023-03-11,700,towntime,REGISTERED,Live/Registered,True,016,False
112,NEAR_1_INSERTION,1,97171978,7264423,DOWNTIME,2021-12-14,700,downtime,REGISTERED,Live/Registered,True,042,False
112,NEAR_1_DELETION,1,97069558,6894064,ONTIME,2021-10-12,700,ontime,REGISTERED,Live/Registered,True,016,False
112,NEAR_1_DELETION,1,90498932,6867310,ONTIME,2021-01-29,700,ontime,REGISTERED,Live/Registered,True,012,False
112,NEAR_1_SUBSTITUTION,1,90269777,6417776,OWNTIDE,2020-10-21,700,owntide,REGISTERED,Live/Registered,True,028,False
112,NEAR_1_DELETION,1,90047616,6429873,ON TIME,2020-07-10,700,ontime,REGISTERED,Live/Registered,True,012,False
112,NEAR_1_DELETION,1,90047630,6429874,ONTIME,2020-07-10,700,ontime,REGISTERED,Live/Registered,True,012,False
112,NEAR_1_DELETION,1,90009931,6533485,ON TIME,2020-06-19,700,ontime,REGISTERED,Live/Registered,True,007,False
112,NEAR_1_INSERTION,1,79277276,6160861,DOWNTIME,2019-12-16,700,downtime,REGISTERED,Live/Registered,True,"020,024",False
112,NEAR_1_DELETION,1,86447416,4821122,ONTIME,2014-11-06,800,ontime,REGISTERED AND RENEWED,Live/Registered,True,009,False
112,NEAR_1_DELETION,1,85400739,4208865,ONTIME,2011-08-17,800,ontime,REGISTERED AND RENEWED,Live/Registered,True,009,False
112,NEAR_1_DELETION,1,77122670,3478371,ON TIME,2007-03-05,800,ontime,REGISTERED AND RENEWED,Live/Registered,True,039,False
112,NEAR_1_DELETION,1,78746901,3411232,ON-TIME,2005-11-03,800,ontime,REGISTERED AND RENEWED,Live/Registered,True,014,False
112,NEAR_1_DELETION,1,76092592,2465796,ONTIME,2000-07-20,800,ontime,REGISTERED AND RENEWED,Live/Registered,True,036,False
112,NEAR_1_INSERTION,1,99378117,,DOWNTIME,2025-09-05,602,downtime,ABANDONED-FAILURE TO RESPOND OR LATE RESPONSE,Dead/Abandoned,False,016,False
112,NEAR_1_INSERTION,1,79352440,,DOWNTIME,2022-08-05,602,downtime,ABANDONED-FAILURE TO RESPOND OR LATE RESPONSE,Dead/Abandoned,False,"006,020,028",False
112,NEAR_1_INSERTION,1,97096563,,DOWNTIME,2021-10-28,602,downtime,ABANDONED-FAILURE TO RESPOND OR LATE RESPONSE,Dead/Abandoned,False,"009,036,038,042,045",False
112,NEAR_1_INSERTION,1,88850708,,DOWN-TIME,2020-03-27,606,downtime,ABANDONED - NO STATEMENT OF USE FILED,Dead/Abandoned,False,"005,028,029,030,031,032",True
112,NEAR_1_INSERTION,1,88279763,,DOWNTIME,2019-01-28,606,downtime,ABANDONED - NO STATEMENT OF USE FILED,Dead/Abandoned,False,014,False
112,NEAR_1_INSERTION,1,87707612,,DOWNTIME,2017-12-04,606,downtime,ABANDONED - NO STATEMENT OF USE FILED,Dead/Abandoned,False,033,False
112,NEAR_1_INSERTION,1,87662370,,DOWNTIME,2017-10-27,602,downtime,ABANDONED-FAILURE TO RESPOND OR LATE RESPONSE,Dead/Abandoned,False,025,False
112,NEAR_1_DELETION,1,87299318,5256364,ON TIME,2017-01-12,710,ontime,CANCELLED - SECTION 8,Dead/Cancelled,False,,False
112,NEAR_1_DELETION,1,87236878,,ON TIME,2016-11-15,602,ontime,ABANDONED-FAILURE TO RESPOND OR LATE RESPONSE,Dead/Abandoned,False,035,True
112,NEAR_1_DELETION,1,87047789,5297497,ON-TIME,2016-05-24,710,ontime,CANCELLED - SECTION 8,Dead/Cancelled,False,,False
112,NEAR_1_DELETION,1,86079571,,ONTIME,2013-10-01,606,ontime,ABANDONED - NO STATEMENT OF USE FILED,Dead/Abandoned,False,009,False
112,NEAR_1_INSERTION,1,85698688,,DOWNTIME,2012-08-08,606,downtime,ABANDONED - NO STATEMENT OF USE FILED,Dead/Abandoned,False,033,False
112,NEAR_1_DELETION,1,85411785,,ONTIME,2011-08-31,602,ontime,ABANDONED-FAILURE TO RESPOND OR LATE RESPONSE,Dead/Abandoned,False,"009,042",False
112,NEAR_1_INSERTION,1,85283786,,DOWN TIME!,2011-04-01,606,downtime,ABANDONED - NO STATEMENT OF USE FILED,Dead/Abandoned,False,009,False
112,NEAR_1_DELETION,1,85206392,,ON TIME,2010-12-28,602,ontime,ABANDONED-FAILURE TO RESPOND OR LATE RESPONSE,Dead/Abandoned,False,009,False
112,NEAR_1_DELETION,1,85119348,,ONTIME,2010-08-31,604,ontime,ABANDONED - AFTER INTER-PARTES DECISION,Dead/Abandoned,False,,False
112,NEAR_1_INSERTION,1,85100614,,DOWN TIME,2010-08-05,606,downtime,ABANDONED - NO STATEMENT OF USE FILED,Dead/Abandoned,False,035,True
112,NEAR_1_DELETION,1,77812497,,ONTIME,2009-08-25,600,ontime,ABANDONED - INCOMPLETE RESPONSE,Dead/Abandoned,False,009,False
112,NEAR_1_INSERTION,1,77794507,3760962,DOWN TIME,2009-07-31,710,downtime,CANCELLED - SECTION 8,Dead/Cancelled,False,,False
112,NEAR_1_DELETION,1,77744434,,ONTIME,2009-05-26,602,ontime,ABANDONED-FAILURE TO RESPOND OR LATE RESPONSE,Dead/Abandoned,False,009,False
112,NEAR_1_DELETION,1,77633579,,ONTIME,2008-12-15,604,ontime,ABANDONED - AFTER INTER-PARTES DECISION,Dead/Abandoned,False,,False
112,NEAR_1_DELETION,1,77051693,3603018,ONTIME,2006-11-28,710,ontime,CANCELLED - SECTION 8,Dead/Cancelled,False,,False
112,NEAR_1_INSERTION,1,77044585,,DOWN TIME,2006-11-15,606,downtime,ABANDONED - NO STATEMENT OF USE FILED,Dead/Abandoned,False,041,False
112,NEAR_1_DELETION,1,78956644,,ONTIME,2006-08-21,604,ontime,ABANDONED - AFTER INTER-PARTES DECISION,Dead/Abandoned,False,,False
112,NEAR_1_INSERTION,1,78752144,,DOWNTIME,2005-11-11,606,downtime,ABANDONED - NO STATEMENT OF USE FILED,Dead/Abandoned,False,"020,024",False
112,NEAR_1_INSERTION,1,78659497,,DOWNTIME,2005-06-28,606,downtime,ABANDONED - NO STATEMENT OF USE FILED,Dead/Abandoned,False,003,True
112,NEAR_1_INSERTION,1,78647994,3482134,DOWNTIME,2005-06-10,710,downtime,CANCELLED - SECTION 8,Dead/Cancelled,False,,False
112,NEAR_1_INSERTION,1,78604396,3095289,DOWNTIME,2005-04-07,710,downtime,CANCELLED - SECTION 8,Dead/Cancelled,False,,False
112,NEAR_1_DELETION,1,78419354,,ONTIME,2004-05-14,604,ontime,ABANDONED - AFTER INTER-PARTES DECISION,Dead/Abandoned,False,,False
112,NEAR_1_DELETION,1,78393093,,ON TIME!,2004-03-30,604,ontime,ABANDONED - AFTER INTER-PARTES DECISION,Dead/Abandoned,False,,False
112,NEAR_1_INSERTION,1,78226317,2958027,DOWNTIME,2003-03-17,710,downtime,CANCELLED - SECTION 8,Dead/Cancelled,False,,False
112,NEAR_1_DELETION,1,76261380,,ON-TIME,2001-05-24,602,ontime,ABANDONED-FAILURE TO RESPOND OR LATE RESPONSE,Dead/Abandoned,False,"001,007,042",False
112,NEAR_1_DELETION,1,76122034,2699284,ONTIME,2000-09-01,710,ontime,CANCELLED - SECTION 8,Dead/Cancelled,False,,False
112,NEAR_1_DELETION,1,76041981,2438644,ON TIME,2000-05-05,710,ontime,CANCELLED - SECTION 8,Dead/Cancelled,False,,False
112,NEAR_1_DELETION,1,75847682,2429620,ON TIME,1999-11-12,710,ontime,CANCELLED - SECTION 8,Dead/Cancelled,False,,False
112,NEAR_1_DELETION,1,75819529,,ONTIME,1999-10-12,602,ontime,ABANDONED-FAILURE TO RESPOND OR LATE RESPONSE,Dead/Abandoned,False,036,False
112,NEAR_1_INSERTION,1,75775075,2418460,DOWNTIME,1999-09-07,710,downtime,CANCELLED - SECTION 8,Dead/Cancelled,False,,False
112,NEAR_1_DELETION,1,75494229,,ON TIME,1998-06-01,606,ontime,ABANDONED - NO STATEMENT OF USE FILED,Dead/Abandoned,False,025,False
112,NEAR_1_INSERTION,1,75437587,,DOWN TIME,1998-02-20,606,downtime,ABANDONED - NO STATEMENT OF USE FILED,Dead/Abandoned,False,"020,024",False
112,NEAR_1_DELETION,1,75327134,,ON TIME,1997-07-18,606,ontime,ABANDONED - NO STATEMENT OF USE FILED,Dead/Abandoned,False,016,False
112,NEAR_1_INSERTION,1,75175036,,DOWNTIME,1996-10-01,606,downtime,ABANDONED - NO STATEMENT OF USE FILED,Dead/Abandoned,False,,False
112,NEAR_1_DELETION,1,75129856,,ONTIME,1996-07-03,606,ontime,ABANDONED - NO STATEMENT OF USE FILED,Dead/Abandoned,False,,False
112,NEAR_1_TRANSPOSITION,1,75076402,,WONTIME,1996-03-21,606,wontime,ABANDONED - NO STATEMENT OF USE FILED,Dead/Abandoned,False,,False
112,NEAR_1_DELETION,1,74523839,1940556,ON TIME,1994-05-11,710,ontime,CANCELLED - SECTION 8,Dead/Cancelled,False,,False
112,NEAR_1_DELETION,1,74523841,1932704,ON TIME,1994-05-11,710,ontime,CANCELLED - SECTION 8,Dead/Cancelled,False,,False
112,NEAR_1_INSERTION,1,74502644,,DOWN TIME,1994-03-17,601,downtime,ABANDONED - EXPRESS,Dead/Abandoned,False,,False
112,NEAR_1_DELETION,1,74448500,,ONTIME,1993-10-14,606,ontime,ABANDONED - NO STATEMENT OF USE FILED,Dead/Abandoned,False,,False
112,NEAR_1_DELETION,1,74183279,1778344,ON TIME,1991-07-08,710,ontime,CANCELLED - SECTION 8,Dead/Cancelled,False,,False
112,NEAR_1_DELETION,1,74083379,1724629,ON TIME,1990-07-31,710,ontime,CANCELLED - SECTION 8,Dead/Cancelled,False,,False
112,NEAR_1_DELETION,1,74066732,1642078,ON TIME,1990-06-07,710,ontime,CANCELLED - SECTION 8,Dead/Cancelled,False,,False
112,NEAR_1_DELETION,1,74066797,1642080,ON TIME,1990-06-07,710,ontime,CANCELLED - SECTION 8,Dead/Cancelled,False,,False
112,NEAR_1_DELETION,1,73792222,1625682,ONTIME,1989-04-24,710,ontime,CANCELLED - SECTION 8,Dead/Cancelled,False,,False
112,NEAR_1_DELETION,1,73792316,1574560,ON TIME,1989-04-24,710,ontime,CANCELLED - SECTION 8,Dead/Cancelled,False,,False
112,NEAR_1_DELETION,1,73505149,,ONTIME,1984-10-18,604,ontime,ABANDONED - AFTER INTER-PARTES DECISION,Dead/Abandoned,False,,False
112,NEAR_1_DELETION,1,73308652,1208370,ON TIME,1981-05-04,710,ontime,CANCELLED - SECTION 8,Dead/Cancelled,False,,False
112,NEAR_1_DELETION,1,73158633,1102090,ON-TIME,1978-02-13,710,ontime,CANCELLED - SECTION 8,Dead/Cancelled,False,,False
112,NEAR_1_DELETION,1,73037077,1092349,ON TIME,1974-11-14,900,ontime,EXPIRED,Dead/Expired,False,,False
112,NEAR_1_DELETION,1,72413830,0941268,ON TIME,1972-01-26,900,ontime,EXPIRED,Dead/Expired,False,,False
113,EXACT,0,97918874,7292124,STANDARD OF CARE,2023-05-03,700,standardofcare,REGISTERED,Live/Registered,True,"035,039",True
113,EXACT,0,88196618,5881672,STANDARD OF CARE,2018-11-16,701,standardofcare,SECTION 8-ACCEPTED,Live/Registered,True,"009,042",False
113,EXACT,0,88196643,5887307,STANDARD OF CARE,2018-11-16,700,standardofcare,REGISTERED,Live/Registered,True,016,False
113,EXACT,0,88196687,5887308,STANDARD OF CARE,2018-11-16,701,standardofcare,SECTION 8-ACCEPTED,Live/Registered,True,044,True
113,EXACT,0,88028031,6667078,STANDARD OF CARE,2018-07-06,700,standardofcare,REGISTERED,Live/Registered,True,009,False
113,EXACT,0,87670737,5624385,STANDARD OF CARE,2017-11-03,701,standardofcare,SECTION 8-ACCEPTED,Live/Registered,True,"009,016",False
113,EXACT,0,88654542,,STANDARD OF CARE,2019-10-15,602,standardofcare,ABANDONED-FAILURE TO RESPOND OR LATE RESPONSE,Dead/Abandoned,False,042,False
113,EXACT,0,86025422,,STANDARD OF CARE,2013-07-31,602,standardofcare,ABANDONED-FAILURE TO RESPOND OR LATE RESPONSE,Dead/Abandoned,False,005,True
113,EXACT,0,85606811,4352627,STANDARD OF CARE,2012-04-24,710,standardofcare,CANCELLED - SECTION 8,Dead/Cancelled,False,,False
113,EXACT,0,77781614,3894800,STANDARD OF CARE,2009-07-15,710,standardofcare,CANCELLED - SECTION 8,Dead/Cancelled,False,,False
113,EXACT,0,75305630,,STANDARD OF CARE,1997-06-09,602,standardofcare,ABANDONED-FAILURE TO RESPOND OR LATE RESPONSE,Dead/Abandoned,False,,False
113,NEAR_1_SUBSTITUTION,1,99185448,,STANDARD OF (K)ARE,2025-05-14,686,standardofkare,PUBLISHED FOR OPPOSITION,Live/Pending,True,"036,042",False
113,NEAR_1_SUBSTITUTION,1,88194966,5786690,STANDARD OF CURE,2018-11-15,710,standardofcure,CANCELLED - SECTION 8,Dead/Cancelled,False,,False
113,NEAR_1_SUBSTITUTION,1,86407089,4738723,STANDARD OF (K)ARE,2014-09-26,710,standardofkare,CANCELLED - SECTION 8,Dead/Cancelled,False,,False
114,EXACT,0,87652614,6075375,IN HER PRIME,2017-10-19,700,inherprime,REGISTERED,Live/Registered,True,003,True
114,NEAR_1_SUBSTITUTION,1,86223214,4620720,INTERPRIME,2014-03-17,800,interprime,REGISTERED AND RENEWED,Live/Registered,True,002,False
114,NEAR_1_SUBSTITUTION,1,76359752,2842187,INTERPRIME,2002-01-17,800,interprime,REGISTERED AND RENEWED,Live/Registered,True,002,False
114,NEAR_1_SUBSTITUTION,1,87330531,,INTERPRIME,2017-02-09,606,interprime,ABANDONED - NO STATEMENT OF USE FILED,Dead/Abandoned,False,"029,035,039",True
114,NEAR_1_SUBSTITUTION,1,77911937,3834643,INTERPRIME,2010-01-14,710,interprime,CANCELLED - SECTION 8,Dead/Cancelled,False,,False
114,NEAR_1_SUBSTITUTION,1,74121569,1760884,INTERPRIME,1990-12-07,710,interprime,CANCELLED - SECTION 8,Dead/Cancelled,False,,False
114,NEAR_1_SUBSTITUTION,1,73393707,1285708,INTER-PRIME,1982-09-29,710,interprime,CANCELLED - SECTION 8,Dead/Cancelled,False,,False
115,EXACT,0,90901716,,OPEN SECRET,2021-08-25,606,opensecret,ABANDONED - NO STATEMENT OF USE FILED,Dead/Abandoned,False,033,False
115,EXACT,0,77223465,,OPEN SECRET,2007-07-06,606,opensecret,ABANDONED - NO STATEMENT OF USE FILED,Dead/Abandoned,False,025,False
115,EXACT,0,75890267,,OPEN SECRET,2000-01-09,602,opensecret,ABANDONED-FAILURE TO RESPOND OR LATE RESPONSE,Dead/Abandoned,False,009,False
115,EXACT,0,72218202,0804761,OPEN-SECRET,1965-05-06,900,opensecret,EXPIRED,Dead/Expired,False,,False
115,NEAR_1_INSERTION,1,99370819,8211721,OPENSECRETS,2025-09-02,700,opensecrets,REGISTERED,Live/Registered,True,"035,036",True
115,NEAR_1_INSERTION,1,76174390,2620023,OPEN SECRETS,2000-12-01,800,opensecrets,REGISTERED AND RENEWED,Live/Registered,True,"016,042",False
115,NEAR_1_INSERTION,1,90522467,,OPEN SECRET(S),2021-02-10,606,opensecrets,ABANDONED - NO STATEMENT OF USE FILED,Dead/Abandoned,False,025,False
115,NEAR_1_INSERTION,1,76276152,,OPEN SECRETS,2001-06-25,606,opensecrets,ABANDONED - NO STATEMENT OF USE FILED,Dead/Abandoned,False,"009,016",False
115,NEAR_1_INSERTION,1,76271757,2716391,OPEN SECRETS,2001-06-15,710,opensecrets,CANCELLED - SECTION 8,Dead/Cancelled,False,,False
116,EXACT,0,99320823,,PLAINSIGHT,2025-08-05,686,plainsight,PUBLISHED FOR OPPOSITION,Live/Pending,True,"009,035,042",True
116,EXACT,0,99117048,,PLAINSIGHT,2025-04-02,654,plainsight,REPORT COMPLETED SUSPENSION CHECK - CASE STILL SUSPENDED,Live/Pending,True,025,False
116,EXACT,0,98596544,7721854,PLAINSIGHT,2024-06-12,700,plainsight,REGISTERED,Live/Registered,True,028,False
116,EXACT,0,98596520,7721852,PLAINSIGHT,2024-06-11,700,plainsight,REGISTERED,Live/Registered,True,028,False
116,EXACT,0,98144071,8156007,PLAINSIGHT,2023-08-22,700,plainsight,REGISTERED,Live/Registered,True,"041,042",False
116,EXACT,0,90980253,7190425,PLAINSIGHT,2021-07-06,700,plainsight,REGISTERED,Live/Registered,True,042,False
116,EXACT,0,90721779,6932013,PLAINSIGHT,2021-05-19,700,plainsight,REGISTERED,Live/Registered,True,035,True
116,EXACT,0,90721782,6932014,PLAINSIGHT,2021-05-19,700,plainsight,REGISTERED,Live/Registered,True,042,False
116,EXACT,0,97120920,,PLAINSIGHT,2021-11-11,606,plainsight,ABANDONED - NO STATEMENT OF USE FILED,Dead/Abandoned,False,"009,035,042",True
116,EXACT,0,90813554,,PLAINSIGHT,2021-07-06,606,plainsight,ABANDONED - NO STATEMENT OF USE FILED,Dead/Abandoned,False,009,False
116,EXACT,0,90721778,,PLAINSIGHT,2021-05-19,606,plainsight,ABANDONED - NO STATEMENT OF USE FILED,Dead/Abandoned,False,009,False
116,EXACT,0,90596164,,PLAINSIGHT,2021-03-23,606,plainsight,ABANDONED - NO STATEMENT OF USE FILED,Dead/Abandoned,False,009,False
116,EXACT,0,88391336,,PLAIN SIGHT,2019-04-18,602,plainsight,ABANDONED-FAILURE TO RESPOND OR LATE RESPONSE,Dead/Abandoned,False,009,False
116,EXACT,0,88391364,,PLAIN SIGHT,2019-04-18,602,plainsight,ABANDONED-FAILURE TO RESPOND OR LATE RESPONSE,Dead/Abandoned,False,009,False
116,EXACT,0,76383184,2839028,PLAINSIGHT,2002-03-18,710,plainsight,CANCELLED - SECTION 8,Dead/Cancelled,False,,False
116,NEAR_1_DELETION,1,87889302,6278320,PLANSIGHT,2018-04-23,700,plansight,REGISTERED,Live/Registered,True,036,False
116,NEAR_1_INSERTION,1,78642071,3246248,PLAN INSIGHT,2005-06-02,800,planinsight,REGISTERED AND RENEWED,Live/Registered,True,"016,036",False
116,NEAR_1_DELETION,1,97654988,,PA INSIGHT,2022-10-31,606,painsight,ABANDONED - NO STATEMENT OF USE FILED,Dead/Abandoned,False,041,False
116,NEAR_1_SUBSTITUTION,1,76249236,,PLM INSIGHT,2001-05-02,606,plminsight,ABANDONED - NO STATEMENT OF USE FILED,Dead/Abandoned,False,009,False
117,EXACT,0,97491790,6925082,FULL DISCLOSURE,2022-07-06,700,fulldisclosure,REGISTERED,Live/Registered,True,"041,045",False
117,EXACT,0,90247346,7151317,FULL DISCLOSURE,2020-10-11,700,fulldisclosure,REGISTERED,Live/Registered,True,041,False
117,EXACT,0,88101495,6019765,FULL DISCLOSURE,2018-08-31,702,fulldisclosure,SECTION 8 & 15-ACCEPTED AND ACKNOWLEDGED,Live/Registered,True,033,False
117,EXACT,0,78931556,3354366,FULL DISCLOSURE,2006-07-18,800,fulldisclosure,REGISTERED AND RENEWED,Live/Registered,True,035,True
117,EXACT,0,76496195,2921246,FULL DISCLOSURE,2003-03-10,800,fulldisclosure,REGISTERED AND RENEWED,Live/Registered,True,016,False
117,EXACT,0,87126192,5193084,FULL DISCLOSURE,2016-08-03,710,fulldisclosure,CANCELLED - SECTION 8,Dead/Cancelled,False,,False
117,EXACT,0,86937492,5063815,FULL DISCLOSURE,2016-03-11,710,fulldisclosure,CANCELLED - SECTION 8,Dead/Cancelled,False,,False
117,EXACT,0,86883865,,FULL DISCLOSURE,2016-01-22,602,fulldisclosure,ABANDONED-FAILURE TO RESPOND OR LATE RESPONSE,Dead/Abandoned,False,032,False
117,EXACT,0,85802662,,FULL DISCLOSURE,2012-12-14,606,fulldisclosure,ABANDONED - NO STATEMENT OF USE FILED,Dead/Abandoned,False,025,False
117,EXACT,0,85703184,4316863,FULL DISCLOSURE,2012-08-14,710,fulldisclosure,CANCELLED - SECTION 8,Dead/Cancelled,False,,False
117,EXACT,0,85624711,4689049,FULL DISCLOSURE,2012-05-14,710,fulldisclosure,CANCELLED - SECTION 8,Dead/Cancelled,False,,False
117,EXACT,0,76704758,4040016,FULL DISCLOSURE,2010-10-04,711,fulldisclosure,CANCELLED - SECTION 7,Dead/Cancelled,False,,False
117,EXACT,0,77960828,3927109,FULL DISCLOSURE,2010-03-17,710,fulldisclosure,CANCELLED - SECTION 8,Dead/Cancelled,False,,False
117,EXACT,0,77756151,,FULL DISCLOSURE,2009-06-10,602,fulldisclosure,ABANDONED-FAILURE TO RESPOND OR LATE RESPONSE,Dead/Abandoned,False,035,True
117,EXACT,0,76161372,,FULL DISCLOSURE,2000-11-07,602,fulldisclosure,ABANDONED-FAILURE TO RESPOND OR LATE RESPONSE,Dead/Abandoned,False,"036,042",False
117,EXACT,0,75267820,2144656,FULLDISCLOSURE,1997-04-02,710,fulldisclosure,CANCELLED - SECTION 8,Dead/Cancelled,False,,False
117,EXACT,0,74575710,,FULL DISCLOSURE,1994-09-19,601,fulldisclosure,ABANDONED - EXPRESS,Dead/Abandoned,False,,False
117,EXACT,0,74557881,,FULL DISCLOSURE,1994-08-05,602,fulldisclosure,ABANDONED-FAILURE TO RESPOND OR LATE RESPONSE,Dead/Abandoned,False,,False
117,EXACT,0,74548612,1916922,FULL DISCLOSURE,1994-07-01,710,fulldisclosure,CANCELLED - SECTION 8,Dead/Cancelled,False,,False
117,EXACT,0,74327764,,FULL DISCLOSURE,1992-11-02,606,fulldisclosure,ABANDONED - NO STATEMENT OF USE FILED,Dead/Abandoned,False,,False
117,EXACT,0,73811907,1589915,FULL DISCLOSURE,1989-07-11,710,fulldisclosure,CANCELLED - SECTION 8,Dead/Cancelled,False,,False
117,NEAR_1_SUBSTITUTION,1,74468177,,FULL DISKLOSURE,1993-12-10,606,fulldisklosure,ABANDONED - NO STATEMENT OF USE FILED,Dead/Abandoned,False,,False
118,EXACT,0,98536965,8138580,LIFELINES,2024-05-07,700,lifelines,REGISTERED,Live/Registered,True,"016,021,026",True
118,EXACT,0,90980377,7356046,LIFELINES,2020-10-05,700,lifelines,REGISTERED,Live/Registered,True,"010,016",True
118,EXACT,0,90060111,7697695,LIFELINES,2020-07-18,700,lifelines,REGISTERED,Live/Registered,True,"016,035",True
118,EXACT,0,90976522,6703163,LIFELINES,2020-07-18,700,lifelines,REGISTERED,Live/Registered,True,"016,020",False
118,EXACT,0,90980111,7177119,LIFELINES,2020-07-18,700,lifelines,REGISTERED,Live/Registered,True,"003,016",True
118,EXACT,0,88468062,6996935,LIFELINES,2019-06-11,700,lifelines,REGISTERED,Live/Registered,True,016,False
118,EXACT,0,77082202,4462873,LIFELINES,2007-01-12,800,lifelines,REGISTERED AND RENEWED,Live/Registered,True,010,True
118,EXACT,0,76614484,3075286,LIFELINES,2004-10-01,800,lifelines,REGISTERED AND RENEWED,Live/Registered,True,042,False
118,EXACT,0,75635688,2488294,LIFE LINES,1999-02-04,800,lifelines,REGISTERED AND RENEWED,Live/Registered,True,009,False
118,EXACT,0,97273900,,LIFELINES,2022-02-18,606,lifelines,ABANDONED - NO STATEMENT OF USE FILED,Dead/Abandoned,False,"009,016,035,041",True
118,EXACT,0,90522011,,LIFELINES,2021-02-10,606,lifelines,ABANDONED - NO STATEMENT OF USE FILED,Dead/Abandoned,False,"009,016,041,042",False
118,EXACT,0,90234839,,LIFELINES,2020-10-05,606,lifelines,ABANDONED - NO STATEMENT OF USE FILED,Dead/Abandoned,False,"003,030",True
118,EXACT,0,85720678,,LIFELINES,2012-09-05,606,lifelines,ABANDONED - NO STATEMENT OF USE FILED,Dead/Abandoned,False,"009,016",False
118,EXACT,0,85640576,4320099,LIFELINES,2012-06-01,710,lifelines,CANCELLED - SECTION 8,Dead/Cancelled,False,,False
118,EXACT,0,77725705,3941265,LIFELINES,2009-04-30,710,lifelines,CANCELLED - SECTION 8,Dead/Cancelled,False,,False
118,EXACT,0,77536501,3586666,LIFELINES,2008-07-31,710,lifelines,CANCELLED - SECTION 8,Dead/Cancelled,False,,False
118,EXACT,0,76657394,3395316,LIFELINES,2006-03-28,710,lifelines,CANCELLED - SECTION 8,Dead/Cancelled,False,,False
118,EXACT,0,76505925,2898770,LIFELINES,2003-04-14,710,lifelines,CANCELLED - SECTION 8,Dead/Cancelled,False,,False
118,EXACT,0,76489494,,LIFELINES,2003-02-14,606,lifelines,ABANDONED - NO STATEMENT OF USE FILED,Dead/Abandoned,False,"016,041",False
118,EXACT,0,76328230,,LIFELINES,2001-10-23,603,lifelines,ABANDONED - AFTER EX PARTE APPEAL,Dead/Abandoned,False,027,False
118,EXACT,0,76272449,2835776,LIFELINES,2001-06-15,710,lifelines,CANCELLED - SECTION 8,Dead/Cancelled,False,,False
118,EXACT,0,76197273,,LIFELINES,2001-01-19,602,lifelines,ABANDONED-FAILURE TO RESPOND OR LATE RESPONSE,Dead/Abandoned,False,041,False
118,EXACT,0,75936081,2809654,LIFELINES,2000-03-04,710,lifelines,CANCELLED - SECTION 8,Dead/Cancelled,False,,False
118,EXACT,0,75783406,2371035,LIFELINES,1999-08-24,710,lifelines,CANCELLED - SECTION 8,Dead/Cancelled,False,,False
118,EXACT,0,75504620,,LIFELINES,1998-06-18,602,lifelines,ABANDONED-FAILURE TO RESPOND OR LATE RESPONSE,Dead/Abandoned,False,"035,036",True
118,EXACT,0,75395416,,LIFELINES,1997-11-24,602,lifelines,ABANDONED-FAILURE TO RESPOND OR LATE RESPONSE,Dead/Abandoned,False,,False
118,EXACT,0,75285850,2246561,LIFELINES,1997-05-05,710,lifelines,CANCELLED - SECTION 8,Dead/Cancelled,False,,False
118,EXACT,0,74736616,,LIFE LINES,1995-09-29,602,lifelines,ABANDONED-FAILURE TO RESPOND OR LATE RESPONSE,Dead/Abandoned,False,,False
118,EXACT,0,74693009,,LIFELINES,1995-06-26,602,lifelines,ABANDONED-FAILURE TO RESPOND OR LATE RESPONSE,Dead/Abandoned,False,,False
118,EXACT,0,74684591,,LIFELINES,1995-06-05,602,lifelines,ABANDONED-FAILURE TO RESPOND OR LATE RESPONSE,Dead/Abandoned,False,,False
118,EXACT,0,74617449,,LIFE LINES,1995-01-03,602,lifelines,ABANDONED-FAILURE TO RESPOND OR LATE RESPONSE,Dead/Abandoned,False,,False
118,EXACT,0,74546783,1904522,LIFELINES,1994-07-07,710,lifelines,CANCELLED - SECTION 8,Dead/Cancelled,False,,False
118,EXACT,0,74533885,1907743,LIFELINES,1994-06-06,710,lifelines,CANCELLED - SECTION 8,Dead/Cancelled,False,,False
118,EXACT,0,74259793,,LIFELINES,1992-03-27,602,lifelines,ABANDONED-FAILURE TO RESPOND OR LATE RESPONSE,Dead/Abandoned,False,,False
118,EXACT,0,74154269,1683702,LIFELINES,1991-04-05,710,lifelines,CANCELLED - SECTION 8,Dead/Cancelled,False,,False
118,EXACT,0,74036720,,LIFELINES,1990-03-09,602,lifelines,ABANDONED-FAILURE TO RESPOND OR LATE RESPONSE,Dead/Abandoned,False,,False
118,EXACT,0,73728374,1565850,LIFE LINES,1988-05-16,710,lifelines,CANCELLED - SECTION 8,Dead/Cancelled,False,,False
118,EXACT,0,73694478,1490329,LIFELINES,1987-11-09,710,lifelines,CANCELLED - SECTION 8,Dead/Cancelled,False,,False
118,EXACT,0,73608792,,LIFE-LINES,1986-07-10,602,lifelines,ABANDONED-FAILURE TO RESPOND OR LATE RESPONSE,Dead/Abandoned,False,,False
118,EXACT,0,73586905,1412124,LIFELINES,1986-03-07,710,lifelines,CANCELLED - SECTION 8,Dead/Cancelled,False,,False
118,EXACT,0,73556484,1419960,LIFELINES,1985-09-03,710,lifelines,CANCELLED - SECTION 8,Dead/Cancelled,False,,False
118,EXACT,0,73375368,,LIFELINES,1982-07-19,602,lifelines,ABANDONED-FAILURE TO RESPOND OR LATE RESPONSE,Dead/Abandoned,False,,False
118,EXACT,0,73364555,,LIFE LINES,1982-05-14,602,lifelines,ABANDONED-FAILURE TO RESPOND OR LATE RESPONSE,Dead/Abandoned,False,,False
118,EXACT,0,73206258,1172210,LIFE LINES,1979-03-05,710,lifelines,CANCELLED - SECTION 8,Dead/Cancelled,False,,False
118,NEAR_1_DELETION,1,99817944,,LIFELINE,2026-05-12,630,lifeline,NEW APPLICATION - RECORD INITIALIZED NOT ASSIGNED TO EXAMINER,Live/Pending,True,"036,042",False
118,NEAR_1_DELETION,1,99592817,,LIFELINE,2026-01-13,641,lifeline,NON-FINAL ACTION - MAILED,Live/Pending,True,036,False
118,NEAR_1_SUBSTITUTION,1,99588559,,LIFELINKS,2026-01-11,641,lifelinks,NON-FINAL ACTION - MAILED,Live/Pending,True,"014,020,035",True
118,NEAR_1_SUBSTITUTION,1,99211034,,LIFELINER,2025-05-30,688,lifeliner,NOTICE OF ALLOWANCE - ISSUED,Live/Pending,True,019,False
118,NEAR_1_DELETION,1,99016004,8132600,LIFELINE,2025-01-23,700,lifeline,REGISTERED,Live/Registered,True,035,True
118,NEAR_1_DELETION,1,98714171,,LIFELINE,2024-08-23,654,lifeline,REPORT COMPLETED SUSPENSION CHECK - CASE STILL SUSPENDED,Live/Pending,True,035,True
118,NEAR_1_DELETION,1,97455138,7319083,LIFE LINE,2022-06-13,700,lifeline,REGISTERED,Live/Registered,True,"003,005",True
118,NEAR_1_DELETION,1,88910742,6226202,LIFE LINE,2020-05-11,702,lifeline,SECTION 8 & 15-ACCEPTED AND ACKNOWLEDGED,Live/Registered,True,005,True
118,NEAR_1_SUBSTITUTION,1,88981004,6350031,LIFE LINER,2019-08-05,700,lifeliner,REGISTERED,Live/Registered,True,003,True
118,NEAR_1_DELETION,1,87325322,5280538,LIFELINE,2017-02-06,702,lifeline,SECTION 8 & 15-ACCEPTED AND ACKNOWLEDGED,Live/Registered,True,012,False
118,NEAR_1_SUBSTITUTION,1,86900325,5044757,LIFE LANES,2016-02-08,800,lifelanes,REGISTERED AND RENEWED,Live/Registered,True,"036,045",False
118,NEAR_1_DELETION,1,86819098,5125571,LIFELINE,2015-11-13,702,lifeline,SECTION 8 & 15-ACCEPTED AND ACKNOWLEDGED,Live/Registered,True,011,False
118,NEAR_1_DELETION,1,86398415,4727603,LIFELINE,2014-09-18,800,lifeline,REGISTERED AND RENEWED,Live/Registered,True,005,True
118,NEAR_1_DELETION,1,85683897,4731888,LIFELINE,2012-07-23,800,lifeline,REGISTERED AND RENEWED,Live/Registered,True,005,True
118,NEAR_1_DELETION,1,85232635,4136574,LIFELINE,2011-02-02,800,lifeline,REGISTERED AND RENEWED,Live/Registered,True,022,False
118,NEAR_1_DELETION,1,85055061,4176189,LIFELINE,2010-06-04,800,lifeline,REGISTERED AND RENEWED,Live/Registered,True,045,False
118,NEAR_1_DELETION,1,85017525,4074754,LIFELINE,2010-04-19,800,lifeline,REGISTERED AND RENEWED,Live/Registered,True,"003,005",True
118,NEAR_1_DELETION,1,79071640,3822076,LIFELINE,2009-05-07,707,lifeline,PARTIAL SECTION 71 ACCEPTED,Live/Registered,True,"003,006,008,011,012",True
118,NEAR_1_DELETION,1,77451169,3499040,LIFE LINE,2008-04-17,800,lifeline,REGISTERED AND RENEWED,Live/Registered,True,031,False
118,NEAR_1_DELETION,1,77394234,3597377,LIFE LINE,2008-02-11,800,lifeline,REGISTERED AND RENEWED,Live/Registered,True,031,False
118,NEAR_1_INSERTION,1,77368626,3733135,LIFE LINERS,2008-01-10,800,lifeliners,REGISTERED AND RENEWED,Live/Registered,True,009,False
118,NEAR_1_DELETION,1,77303078,3551324,LIFE-LINE,2007-10-12,800,lifeline,REGISTERED AND RENEWED,Live/Registered,True,007,False
118,NEAR_1_DELETION,1,77223940,3444161,LIFELINE,2007-07-06,800,lifeline,REGISTERED AND RENEWED,Live/Registered,True,001,False
118,NEAR_1_DELETION,1,77096848,4188349,LIFELINE,2007-02-01,800,lifeline,REGISTERED AND RENEWED,Live/Registered,True,012,False
118,NEAR_1_DELETION,1,77078503,3404280,LIFELINE,2007-01-09,800,lifeline,REGISTERED AND RENEWED,Live/Registered,True,"028,041",False
118,NEAR_1_DELETION,1,76656038,3539178,LIFELINE,2006-03-03,800,lifeline,REGISTERED AND RENEWED,Live/Registered,True,036,False
118,NEAR_1_SUBSTITUTION,1,78650111,3206900,LIFELINER,2005-06-14,800,lifeliner,REGISTERED AND RENEWED,Live/Registered,True,002,False
118,NEAR_1_DELETION,1,76599030,2975545,LIFELINE,2004-06-24,800,lifeline,REGISTERED AND RENEWED,Live/Registered,True,020,False
118,NEAR_1_DELETION,1,76542437,2941182,LIFELINE,2003-09-05,800,lifeline,REGISTERED AND RENEWED,Live/Registered,True,"024,025",False
118,NEAR_1_DELETION,1,75585465,2540896,LIFELINE,1998-11-09,800,lifeline,REGISTERED AND RENEWED,Live/Registered,True,005,True
118,NEAR_1_DELETION,1,75338549,2193625,LIFELINE,1997-08-11,800,lifeline,REGISTERED AND RENEWED,Live/Registered,True,010,True
118,NEAR_1_DELETION,1,75037251,2015756,LIFELINE,1995-12-26,800,lifeline,REGISTERED AND RENEWED,Live/Registered,True,005,True
118,NEAR_1_DELETION,1,75008657,2070672,LIFELINE,1995-10-23,800,lifeline,REGISTERED AND RENEWED,Live/Registered,True,010,True
118,NEAR_1_SUBSTITUTION,1,74439592,1951742,LIFELINER,1993-09-24,800,lifeliner,REGISTERED AND RENEWED,Live/Registered,True,020,False
118,NEAR_1_DELETION,1,74313504,1791875,LIFELINE,1992-09-14,800,lifeline,REGISTERED AND RENEWED,Live/Registered,True,036,False
118,NEAR_1_DELETION,1,74178661,1713219,LIFELINE,1991-06-24,800,lifeline,REGISTERED AND RENEWED,Live/Registered,True,009,False
118,NEAR_1_DELETION,1,74158173,1740458,LIFE-LINE,1991-04-18,800,lifeline,REGISTERED AND RENEWED,Live/Registered,True,001,False
118,NEAR_1_DELETION,1,74150390,1716793,LIFELINE,1991-03-22,800,lifeline,REGISTERED AND RENEWED,Live/Registered,True,042,False
118,NEAR_1_DELETION,1,73735954,1615216,LIFELINE,1988-06-23,800,lifeline,REGISTERED AND RENEWED,Live/Registered,True,042,False
118,NEAR_1_DELETION,1,73511662,1358990,LIFELINE,1984-12-03,800,lifeline,REGISTERED AND RENEWED,Live/Registered,True,009,False
118,NEAR_1_DELETION,1,73407920,1303410,LIFE-LINE,1983-01-03,800,lifeline,REGISTERED AND RENEWED,Live/Registered,True,005,True
118,NEAR_1_DELETION,1,73390760,1313749,LIFE-LINE,1982-09-28,800,lifeline,REGISTERED AND RENEWED,Live/Registered,True,032,False
118,NEAR_1_DELETION,1,73227655,1152680,LIFE LINE,1979-08-16,800,lifeline,REGISTERED AND RENEWED,Live/Registered,True,039,False
118,NEAR_1_DELETION,1,73215198,1148394,LIFELINE,1979-05-11,800,lifeline,REGISTERED AND RENEWED,Live/Registered,True,009,False
118,NEAR_1_DELETION,1,73049232,1093406,LIFELINE,1975-04-11,800,lifeline,REGISTERED AND RENEWED,Live/Registered,True,037,False
118,NEAR_1_DELETION,1,98519008,,LIFELINE,2024-04-25,600,lifeline,ABANDONED - INCOMPLETE RESPONSE,Dead/Abandoned,False,009,False
118,NEAR_1_DELETION,1,98519049,,LIFELINE,2024-04-25,600,lifeline,ABANDONED - INCOMPLETE RESPONSE,Dead/Abandoned,False,009,False
118,NEAR_1_DELETION,1,98502926,,LIFELINE,2024-04-16,603,lifeline,ABANDONED - AFTER EX PARTE APPEAL,Dead/Abandoned,False,009,False
118,NEAR_1_DELETION,1,97080869,,LIFELINE,2021-10-19,606,lifeline,ABANDONED - NO STATEMENT OF USE FILED,Dead/Abandoned,False,032,False
118,NEAR_1_DELETION,1,90624046,,LIFELINE,2021-04-05,602,lifeline,ABANDONED-FAILURE TO RESPOND OR LATE RESPONSE,Dead/Abandoned,False,040,False
118,NEAR_1_DELETION,1,79297300,,LIFELINE,2020-06-18,602,lifeline,ABANDONED-FAILURE TO RESPOND OR LATE RESPONSE,Dead/Abandoned,False,"009,042,044,045",True
118,NEAR_1_DELETION,1,88725784,,LIFELINE,2019-12-12,602,lifeline,ABANDONED-FAILURE TO RESPOND OR LATE RESPONSE,Dead/Abandoned,False,009,False
118,NEAR_1_SUBSTITUTION,1,88567058,,LIFE LINER,2019-08-05,606,lifeliner,ABANDONED - NO STATEMENT OF USE FILED,Dead/Abandoned,False,003,True
118,NEAR_1_DELETION,1,88329606,,LIFELINE,2019-03-07,602,lifeline,ABANDONED-FAILURE TO RESPOND OR LATE RESPONSE,Dead/Abandoned,False,005,True
118,NEAR_1_DELETION,1,88324057,5856959,LIFE LIES,2019-03-04,710,lifelies,CANCELLED - SECTION 8,Dead/Cancelled,False,,False
118,NEAR_1_DELETION,1,88165304,5918098,LIFELINE,2018-10-23,710,lifeline,CANCELLED - SECTION 8,Dead/Cancelled,False,,False
118,NEAR_1_DELETION,1,87902906,,LIFE LINE,2018-05-01,602,lifeline,ABANDONED-FAILURE TO RESPOND OR LATE RESPONSE,Dead/Abandoned,False,005,True
118,NEAR_1_DELETION,1,87547311,,$LIFELINE,2017-07-28,602,lifeline,ABANDONED-FAILURE TO RESPOND OR LATE RESPONSE,Dead/Abandoned,False,036,False
118,NEAR_1_SUBSTITUTION,1,87462414,,LIFE LITES,2017-05-24,602,lifelites,ABANDONED-FAILURE TO RESPOND OR LATE RESPONSE,Dead/Abandoned,False,025,False
118,NEAR_1_DELETION,1,87458484,,LIFE LINE,2017-05-22,602,lifeline,ABANDONED-FAILURE TO RESPOND OR LATE RESPONSE,Dead/Abandoned,False,,False
118,NEAR_1_DELETION,1,87443658,5635579,LIFELINE,2017-05-10,710,lifeline,CANCELLED - SECTION 8,Dead/Cancelled,False,,False
118,NEAR_1_DELETION,1,87284309,5399345,LIFELINE,2016-12-29,710,lifeline,CANCELLED - SECTION 8,Dead/Cancelled,False,,False
118,NEAR_1_DELETION,1,87206714,5903569,LIFELINE+,2016-10-18,710,lifeline,CANCELLED - SECTION 8,Dead/Cancelled,False,,False
118,NEAR_1_DELETION,1,79191323,5278773,LIFELINE,2016-07-07,709,lifeline,CANCELLED SECTION 71,Dead/Cancelled,False,,False
118,NEAR_1_DELETION,1,87025348,,LIFE LINE,2016-05-04,602,lifeline,ABANDONED-FAILURE TO RESPOND OR LATE RESPONSE,Dead/Abandoned,False,025,False
118,NEAR_1_DELETION,1,86953943,5609372,LIFELINE,2016-03-25,710,lifeline,CANCELLED - SECTION 8,Dead/Cancelled,False,,False
118,NEAR_1_DELETION,1,86796999,,LIFELINE,2015-10-23,602,lifeline,ABANDONED-FAILURE TO RESPOND OR LATE RESPONSE,Dead/Abandoned,False,004,False
118,NEAR_1_SUBSTITUTION,1,86765992,4982283,LIFELINKS,2015-09-23,710,lifelinks,CANCELLED - SECTION 8,Dead/Cancelled,False,,False
118,NEAR_1_DELETION,1,86736787,4932077,LIFELINE,2015-08-25,710,lifeline,CANCELLED - SECTION 8,Dead/Cancelled,False,,False
118,NEAR_1_DELETION,1,86645765,,LIFELINE,2015-05-29,602,lifeline,ABANDONED-FAILURE TO RESPOND OR LATE RESPONSE,Dead/Abandoned,False,"009,041",False
118,NEAR_1_DELETION,1,86628075,,LIFE LINE,2015-05-13,601,lifeline,ABANDONED - EXPRESS,Dead/Abandoned,False,"009,025",False
118,NEAR_1_DELETION,1,86395213,,LIFELINE,2014-09-15,606,lifeline,ABANDONED - NO STATEMENT OF USE FILED,Dead/Abandoned,False,"009,038,042",False
118,NEAR_1_DELETION,1,86260389,,LIFELINE,2014-04-23,606,lifeline,ABANDONED - NO STATEMENT OF USE FILED,Dead/Abandoned,False,009,False
118,NEAR_1_DELETION,1,85623443,4433367,LIFELINE,2012-05-11,710,lifeline,CANCELLED - SECTION 8,Dead/Cancelled,False,,False
118,NEAR_1_DELETION,1,85517820,,L.I.F.E. LINE,2012-01-17,602,lifeline,ABANDONED-FAILURE TO RESPOND OR LATE RESPONSE,Dead/Abandoned,False,035,True
118,NEAR_1_DELETION,1,85501401,,LIFE-LINE,2011-12-21,603,lifeline,ABANDONED - AFTER EX PARTE APPEAL,Dead/Abandoned,False,005,True
118,NEAR_1_SUBSTITUTION,1,85451714,,LIFELINEA,2011-10-20,602,lifelinea,ABANDONED-FAILURE TO RESPOND OR LATE RESPONSE,Dead/Abandoned,False,042,False
118,NEAR_1_DELETION,1,79106388,4262960,LIFELINE,2011-09-26,404,lifeline,IR CANCELLED; US REGISTRATION CANCELLED,Dead/Cancelled,False,,False
118,NEAR_1_DELETION,1,85411240,4345038,LIFELINE,2011-08-30,710,lifeline,CANCELLED - SECTION 8,Dead/Cancelled,False,,False
118,NEAR_1_DELETION,1,85377426,4130005,LIFE LINE,2011-07-21,710,lifeline,CANCELLED - SECTION 8,Dead/Cancelled,False,,False
118,NEAR_1_DELETION,1,85371947,,LIFELINE,2011-07-14,604,lifeline,ABANDONED - AFTER INTER-PARTES DECISION,Dead/Abandoned,False,,False
118,NEAR_1_DELETION,1,85328692,,LIFELINE,2011-05-24,602,lifeline,ABANDONED-FAILURE TO RESPOND OR LATE RESPONSE,Dead/Abandoned,False,006,False
118,NEAR_1_DELETION,1,76707477,,LIFELINE,2011-05-02,601,lifeline,ABANDONED - EXPRESS,Dead/Abandoned,False,020,False
118,NEAR_1_DELETION,1,85160221,,LIFELINE,2010-10-25,606,lifeline,ABANDONED - NO STATEMENT OF USE FILED,Dead/Abandoned,False,042,False
118,NEAR_1_DELETION,1,85093735,,LIFELINE,2010-07-27,602,lifeline,ABANDONED-FAILURE TO RESPOND OR LATE RESPONSE,Dead/Abandoned,False,"044,045",True
118,NEAR_1_DELETION,1,85080305,3922982,LIFELINE,2010-07-08,710,lifeline,CANCELLED - SECTION 8,Dead/Cancelled,False,,False
118,NEAR_1_DELETION,1,85070174,4064233,LIFE LINE,2010-06-23,710,lifeline,CANCELLED - SECTION 8,Dead/Cancelled,False,,False
118,NEAR_1_DELETION,1,85068386,,LIFELINE,2010-06-22,606,lifeline,ABANDONED - NO STATEMENT OF USE FILED,Dead/Abandoned,False,036,False
118,NEAR_1_SUBSTITUTION,1,85024639,3890012,LIFELINKS,2010-04-27,710,lifelinks,CANCELLED - SECTION 8,Dead/Cancelled,False,,False
118,NEAR_1_SUBSTITUTION,1,77720779,3891816,LIFELINKS,2009-04-23,710,lifelinks,CANCELLED - SECTION 8,Dead/Cancelled,False,,False
118,NEAR_1_DELETION,1,77678118,,LIFE LINE,2009-02-25,602,lifeline,ABANDONED-FAILURE TO RESPOND OR LATE RESPONSE,Dead/Abandoned,False,012,False
118,NEAR_1_DELETION,1,77496738,3546848,LIFE|LINE,2008-06-11,710,lifeline,CANCELLED - SECTION 8,Dead/Cancelled,False,,False
118,NEAR_1_SUBSTITUTION,1,77479050,3556964,LIFELINER,2008-05-20,710,lifeliner,CANCELLED - SECTION 8,Dead/Cancelled,False,,False
118,NEAR_1_DELETION,1,77380818,,LIFE LINE,2008-01-25,602,lifeline,ABANDONED-FAILURE TO RESPOND OR LATE RESPONSE,Dead/Abandoned,False,035,True
118,NEAR_1_SUBSTITUTION,1,77273838,,LIFELINKS,2007-09-07,602,lifelinks,ABANDONED-FAILURE TO RESPOND OR LATE RESPONSE,Dead/Abandoned,False,014,False
118,NEAR_1_SUBSTITUTION,1,77221948,,LIFE WINES,2007-07-03,606,lifewines,ABANDONED - NO STATEMENT OF USE FILED,Dead/Abandoned,False,"033,035",True
118,NEAR_1_DELETION,1,77096929,4188350,LIFELINE,2007-02-01,710,lifeline,CANCELLED - SECTION 8,Dead/Cancelled,False,,False
118,NEAR_1_DELETION,1,78822889,,LIFELINE,2006-02-24,602,lifeline,ABANDONED-FAILURE TO RESPOND OR LATE RESPONSE,Dead/Abandoned,False,037,False
118,NEAR_1_DELETION,1,78801416,3983368,LIFE LINE,2006-01-27,710,lifeline,CANCELLED - SECTION 8,Dead/Cancelled,False,,False
118,NEAR_1_SUBSTITUTION,1,78756415,3236300,LIFE LINKS,2005-11-17,710,lifelinks,CANCELLED - SECTION 8,Dead/Cancelled,False,,False
118,NEAR_1_DELETION,1,78708900,,LIFELINE,2005-09-08,606,lifeline,ABANDONED - NO STATEMENT OF USE FILED,Dead/Abandoned,False,"009,035,038",True
118,NEAR_1_SUBSTITUTION,1,78675537,,LIFELINER,2005-07-21,606,lifeliner,ABANDONED - NO STATEMENT OF USE FILED,Dead/Abandoned,False,002,False
118,NEAR_1_DELETION,1,78541107,3057490,LIFELINE,2005-01-03,710,lifeline,CANCELLED - SECTION 8,Dead/Cancelled,False,,False
118,NEAR_1_SUBSTITUTION,1,78490664,,LIFE LINKS,2004-09-28,602,lifelinks,ABANDONED-FAILURE TO RESPOND OR LATE RESPONSE,Dead/Abandoned,False,010,True
118,NEAR_1_DELETION,1,78422491,,LIFELINE,2004-05-20,602,lifeline,ABANDONED-FAILURE TO RESPOND OR LATE RESPONSE,Dead/Abandoned,False,042,False
118,NEAR_1_DELETION,1,76580335,,LIFELINE,2004-03-11,606,lifeline,ABANDONED - NO STATEMENT OF USE FILED,Dead/Abandoned,False,010,True
118,NEAR_1_DELETION,1,78376386,,LIFE-LINE,2004-03-01,602,lifeline,ABANDONED-FAILURE TO RESPOND OR LATE RESPONSE,Dead/Abandoned,False,044,True
118,NEAR_1_DELETION,1,78352246,,LIFELINE,2004-01-15,602,lifeline,ABANDONED-FAILURE TO RESPOND OR LATE RESPONSE,Dead/Abandoned,False,041,False
118,NEAR_1_SUBSTITUTION,1,78305341,2964979,LIFE LINKS,2003-09-25,710,lifelinks,CANCELLED - SECTION 8,Dead/Cancelled,False,,False
118,NEAR_1_DELETION,1,78276545,2934185,LIFELINE,2003-07-21,710,lifeline,CANCELLED - SECTION 8,Dead/Cancelled,False,,False
118,NEAR_1_DELETION,1,76499284,,LIFELINE,2003-03-21,602,lifeline,ABANDONED-FAILURE TO RESPOND OR LATE RESPONSE,Dead/Abandoned,False,041,False
118,NEAR_1_DELETION,1,78208387,,LIFELINE,2003-01-29,601,lifeline,ABANDONED - EXPRESS,Dead/Abandoned,False,042,False
118,NEAR_1_DELETION,1,76474782,2998638,LIFELINE,2002-12-09,710,lifeline,CANCELLED - SECTION 8,Dead/Cancelled,False,,False
118,NEAR_1_DELETION,1,76473124,2786009,LIFELINE,2002-12-06,710,lifeline,CANCELLED - SECTION 8,Dead/Cancelled,False,,False
118,NEAR_1_DELETION,1,76440192,2948913,LIFELINE,2002-08-14,713,lifeline,CANCELLED - SECTION 18,Dead/Cancelled,False,,False
118,NEAR_1_DELETION,1,78143170,,LIFELINE,2002-07-11,602,lifeline,ABANDONED-FAILURE TO RESPOND OR LATE RESPONSE,Dead/Abandoned,False,009,False
118,NEAR_1_DELETION,1,78140323,,LIFE LINE,2002-07-01,606,lifeline,ABANDONED - NO STATEMENT OF USE FILED,Dead/Abandoned,False,009,False
118,NEAR_1_DELETION,1,76391029,,LIFELINE,2002-04-03,602,lifeline,ABANDONED-FAILURE TO RESPOND OR LATE RESPONSE,Dead/Abandoned,False,041,False
118,NEAR_1_DELETION,1,76386686,2787288,LIFELINE,2002-03-25,710,lifeline,CANCELLED - SECTION 8,Dead/Cancelled,False,,False
118,NEAR_1_DELETION,1,76169777,2858296,LIFE LINE,2000-11-20,710,lifeline,CANCELLED - SECTION 8,Dead/Cancelled,False,,False
118,NEAR_1_DELETION,1,76068633,,LIFE LINE,2000-06-13,602,lifeline,ABANDONED-FAILURE TO RESPOND OR LATE RESPONSE,Dead/Abandoned,False,009,False
118,NEAR_1_DELETION,1,76024287,,LIFELINE,2000-04-12,606,lifeline,ABANDONED - NO STATEMENT OF USE FILED,Dead/Abandoned,False,003,True
118,NEAR_1_DELETION,1,78000282,,LIFELINE,2000-03-21,602,lifeline,ABANDONED-FAILURE TO RESPOND OR LATE RESPONSE,Dead/Abandoned,False,"009,041",False
118,NEAR_1_SUBSTITUTION,1,75899878,,LIVE LINES,2000-01-21,602,livelines,ABANDONED-FAILURE TO RESPOND OR LATE RESPONSE,Dead/Abandoned,False,009,False
118,NEAR_1_SUBSTITUTION,1,75704429,2399487,LIFELINER,1999-05-12,710,lifeliner,CANCELLED - SECTION 8,Dead/Cancelled,False,,False
118,NEAR_1_DELETION,1,75677538,,LIFELINE,1999-04-08,606,lifeline,ABANDONED - NO STATEMENT OF USE FILED,Dead/Abandoned,False,009,False
118,NEAR_1_DELETION,1,75677623,2392969,LIFELINE,1999-04-08,710,lifeline,CANCELLED - SECTION 8,Dead/Cancelled,False,,False
118,NEAR_1_DELETION,1,75565804,,LIFELINE,1998-10-07,606,lifeline,ABANDONED - NO STATEMENT OF USE FILED,Dead/Abandoned,False,035,True
118,NEAR_1_DELETION,1,75560736,,LIFELINE,1998-09-28,602,lifeline,ABANDONED-FAILURE TO RESPOND OR LATE RESPONSE,Dead/Abandoned,False,038,False
118,NEAR_1_DELETION,1,75490803,,LIFELINE,1998-05-26,602,lifeline,ABANDONED-FAILURE TO RESPOND OR LATE RESPONSE,Dead/Abandoned,False,009,False
118,NEAR_1_SUBSTITUTION,1,75456311,2520493,LIFE LINKS,1998-03-25,710,lifelinks,CANCELLED - SECTION 8,Dead/Cancelled,False,,False
118,NEAR_1_DELETION,1,75454039,2230767,LIFELINE,1998-03-20,710,lifeline,CANCELLED - SECTION 8,Dead/Cancelled,False,,False
118,NEAR_1_DELETION,1,75416471,,LIFE LINE,1998-01-12,602,lifeline,ABANDONED-FAILURE TO RESPOND OR LATE RESPONSE,Dead/Abandoned,False,"009,038,042",False
118,NEAR_1_DELETION,1,75317944,,LIFELINE,1997-07-01,606,lifeline,ABANDONED - NO STATEMENT OF USE FILED,Dead/Abandoned,False,,False
118,NEAR_1_DELETION,1,75313927,,LIFELINE,1997-06-24,601,lifeline,ABANDONED - EXPRESS,Dead/Abandoned,False,009,False
118,NEAR_1_DELETION,1,75329561,2193565,LIFELINE,1997-06-13,900,lifeline,EXPIRED,Dead/Expired,False,,False
118,NEAR_1_DELETION,1,75301180,2233387,LIFELINE,1997-06-02,710,lifeline,CANCELLED - SECTION 8,Dead/Cancelled,False,,False
118,NEAR_1_DELETION,1,75262342,2186831,LIFELINE,1997-03-21,900,lifeline,EXPIRED,Dead/Expired,False,,False
118,NEAR_1_DELETION,1,75152090,,LIFELINE,1996-08-19,602,lifeline,ABANDONED-FAILURE TO RESPOND OR LATE RESPONSE,Dead/Abandoned,False,,False
118,NEAR_1_DELETION,1,75061103,,LIFELINE,1996-02-22,602,lifeline,ABANDONED-FAILURE TO RESPOND OR LATE RESPONSE,Dead/Abandoned,False,,False
118,NEAR_1_DELETION,1,75036098,,LIFELINE,1995-12-22,606,lifeline,ABANDONED - NO STATEMENT OF USE FILED,Dead/Abandoned,False,,False
118,NEAR_1_DELETION,1,75030698,,LIFELINE,1995-12-11,602,lifeline,ABANDONED-FAILURE TO RESPOND OR LATE RESPONSE,Dead/Abandoned,False,,False
118,NEAR_1_DELETION,1,74735282,2076840,LIFELINE,1995-09-08,710,lifeline,CANCELLED - SECTION 8,Dead/Cancelled,False,,False
118,NEAR_1_DELETION,1,74714698,2079930,LIFELINE,1995-08-14,710,lifeline,CANCELLED - SECTION 8,Dead/Cancelled,False,,False
118,NEAR_1_DELETION,1,74617793,,LIFELINE,1995-01-04,602,lifeline,ABANDONED-FAILURE TO RESPOND OR LATE RESPONSE,Dead/Abandoned,False,,False
118,NEAR_1_DELETION,1,74593265,,LIFE-LINE,1994-10-17,602,lifeline,ABANDONED-FAILURE TO RESPOND OR LATE RESPONSE,Dead/Abandoned,False,,False
118,NEAR_1_DELETION,1,74585792,,LIFELINE,1994-10-14,602,lifeline,ABANDONED-FAILURE TO RESPOND OR LATE RESPONSE,Dead/Abandoned,False,,False
118,NEAR_1_DELETION,1,74558386,2072160,LIFELINE,1994-08-08,710,lifeline,CANCELLED - SECTION 8,Dead/Cancelled,False,,False
118,NEAR_1_DELETION,1,74522981,,LIFELINE,1994-05-02,602,lifeline,ABANDONED-FAILURE TO RESPOND OR LATE RESPONSE,Dead/Abandoned,False,,False
118,NEAR_1_DELETION,1,74483557,,LIFELINE,1994-01-27,602,lifeline,ABANDONED-FAILURE TO RESPOND OR LATE RESPONSE,Dead/Abandoned,False,,False
118,NEAR_1_DELETION,1,74460209,,LIFE-LINE,1993-11-19,602,lifeline,ABANDONED-FAILURE TO RESPOND OR LATE RESPONSE,Dead/Abandoned,False,,False
118,NEAR_1_DELETION,1,74447509,,LIFE-LINE,1993-10-15,606,lifeline,ABANDONED - NO STATEMENT OF USE FILED,Dead/Abandoned,False,,False
118,NEAR_1_DELETION,1,74421476,1871503,LIFELINE,1993-08-04,710,lifeline,CANCELLED - SECTION 8,Dead/Cancelled,False,,False
118,NEAR_1_DELETION,1,74416796,1886290,LIFELINE,1993-07-26,710,lifeline,CANCELLED - SECTION 8,Dead/Cancelled,False,,False
118,NEAR_1_SUBSTITUTION,1,74351875,,LIFE LINER,1993-01-25,602,lifeliner,ABANDONED-FAILURE TO RESPOND OR LATE RESPONSE,Dead/Abandoned,False,,False
118,NEAR_1_SUBSTITUTION,1,74351317,1862864,LIFELINKS,1993-01-22,713,lifelinks,CANCELLED - SECTION 18,Dead/Cancelled,False,,False
118,NEAR_1_DELETION,1,74278569,1887781,LIFELINE,1992-05-22,710,lifeline,CANCELLED - SECTION 8,Dead/Cancelled,False,,False
118,NEAR_1_DELETION,1,74230864,,LIFELINE,1991-12-16,602,lifeline,ABANDONED-FAILURE TO RESPOND OR LATE RESPONSE,Dead/Abandoned,False,,False
118,NEAR_1_DELETION,1,74223626,,LIFELINE,1991-11-20,607,lifeline,ABANDONED - DEFECTIVE STATEMENT OF USE,Dead/Abandoned,False,,False
118,NEAR_1_DELETION,1,74215730,,LIFELINE,1991-10-25,602,lifeline,ABANDONED-FAILURE TO RESPOND OR LATE RESPONSE,Dead/Abandoned,False,,False
118,NEAR_1_DELETION,1,74126946,1718872,LIFELINE,1990-12-27,710,lifeline,CANCELLED - SECTION 8,Dead/Cancelled,False,,False
118,NEAR_1_DELETION,1,74122691,1752390,LIFELINE,1990-12-12,710,lifeline,CANCELLED - SECTION 8,Dead/Cancelled,False,,False
118,NEAR_1_DELETION,1,74120910,1719612,LIFELINE,1990-12-06,710,lifeline,CANCELLED - SECTION 8,Dead/Cancelled,False,,False
118,NEAR_1_DELETION,1,74096565,,LIFELINE,1990-09-13,602,lifeline,ABANDONED-FAILURE TO RESPOND OR LATE RESPONSE,Dead/Abandoned,False,,False
118,NEAR_1_INSERTION,1,74081930,,LIFE LINERS,1990-07-23,606,lifeliners,ABANDONED - NO STATEMENT OF USE FILED,Dead/Abandoned,False,,False
118,NEAR_1_DELETION,1,74074407,1807920,LIFELINE,1990-05-29,710,lifeline,CANCELLED - SECTION 8,Dead/Cancelled,False,,False
118,NEAR_1_DELETION,1,74063911,1748831,LIFELINE,1990-05-25,710,lifeline,CANCELLED - SECTION 8,Dead/Cancelled,False,,False
118,NEAR_1_DELETION,1,74038371,1723318,LIFELINE,1990-03-14,900,lifeline,EXPIRED,Dead/Expired,False,,False
118,NEAR_1_DELETION,1,74037814,1672929,LIFELINE,1990-03-13,710,lifeline,CANCELLED - SECTION 8,Dead/Cancelled,False,,False
118,NEAR_1_DELETION,1,74033859,,LIFE LINE,1990-03-01,606,lifeline,ABANDONED - NO STATEMENT OF USE FILED,Dead/Abandoned,False,,False
118,NEAR_1_DELETION,1,73834949,1607399,LIFELINE,1989-10-30,710,lifeline,CANCELLED - SECTION 8,Dead/Cancelled,False,,False
118,NEAR_1_DELETION,1,73785293,,LIFELINE,1989-03-08,602,lifeline,ABANDONED-FAILURE TO RESPOND OR LATE RESPONSE,Dead/Abandoned,False,,False
118,NEAR_1_DELETION,1,73785313,,LIFELINE,1989-03-08,602,lifeline,ABANDONED-FAILURE TO RESPOND OR LATE RESPONSE,Dead/Abandoned,False,,False
118,NEAR_1_DELETION,1,73784873,1608068,LIFELINE,1989-03-06,710,lifeline,CANCELLED - SECTION 8,Dead/Cancelled,False,,False
118,NEAR_1_SUBSTITUTION,1,73726073,1520874,LIFE LIKES,1988-05-02,710,lifelikes,CANCELLED - SECTION 8,Dead/Cancelled,False,,False
118,NEAR_1_DELETION,1,73685759,1494476,LIFELINE,1987-09-22,710,lifeline,CANCELLED - SECTION 8,Dead/Cancelled,False,,False
118,NEAR_1_DELETION,1,73672807,1497660,LIFELINE,1987-07-17,710,lifeline,CANCELLED - SECTION 8,Dead/Cancelled,False,,False
118,NEAR_1_DELETION,1,73668923,,LIFE-LINE,1987-06-29,602,lifeline,ABANDONED-FAILURE TO RESPOND OR LATE RESPONSE,Dead/Abandoned,False,,False
118,NEAR_1_DELETION,1,73634057,,LIFE LINE,1986-12-08,602,lifeline,ABANDONED-FAILURE TO RESPOND OR LATE RESPONSE,Dead/Abandoned,False,,False
118,NEAR_1_DELETION,1,73625306,,LIFELINE,1986-10-14,602,lifeline,ABANDONED-FAILURE TO RESPOND OR LATE RESPONSE,Dead/Abandoned,False,,False
118,NEAR_1_DELETION,1,73567546,1423386,LIFELINE,1985-11-08,710,lifeline,CANCELLED - SECTION 8,Dead/Cancelled,False,,False
118,NEAR_1_DELETION,1,73548793,,LIFE LINE,1985-07-18,602,lifeline,ABANDONED-FAILURE TO RESPOND OR LATE RESPONSE,Dead/Abandoned,False,,False
118,NEAR_1_DELETION,1,73526066,,LIFELINE,1985-03-11,602,lifeline,ABANDONED-FAILURE TO RESPOND OR LATE RESPONSE,Dead/Abandoned,False,,False
118,NEAR_1_DELETION,1,73512584,1391143,LIFELINE,1984-12-07,710,lifeline,CANCELLED - SECTION 8,Dead/Cancelled,False,,False
118,NEAR_1_DELETION,1,73479117,1393555,LIFELINE,1984-05-07,710,lifeline,CANCELLED - SECTION 8,Dead/Cancelled,False,,False
118,NEAR_1_DELETION,1,73477918,1323475,LIFELINE,1984-04-30,710,lifeline,CANCELLED - SECTION 8,Dead/Cancelled,False,,False
118,NEAR_1_DELETION,1,73461843,1330760,LIFELINE,1984-01-20,710,lifeline,CANCELLED - SECTION 8,Dead/Cancelled,False,,False
118,NEAR_1_DELETION,1,73411496,,LIFE LINE,1983-01-31,602,lifeline,ABANDONED-FAILURE TO RESPOND OR LATE RESPONSE,Dead/Abandoned,False,,False
118,NEAR_1_DELETION,1,73401880,1438206,LIFELINE,1982-11-08,710,lifeline,CANCELLED - SECTION 8,Dead/Cancelled,False,,False
118,NEAR_1_DELETION,1,73398543,1264076,LIFELINE,1982-09-30,710,lifeline,CANCELLED - SECTION 8,Dead/Cancelled,False,,False
118,NEAR_1_DELETION,1,73382194,1278288,LIFELINE,1982-08-27,710,lifeline,CANCELLED - SECTION 8,Dead/Cancelled,False,,False
118,NEAR_1_DELETION,1,73377900,,LIFELINE,1982-08-02,602,lifeline,ABANDONED-FAILURE TO RESPOND OR LATE RESPONSE,Dead/Abandoned,False,,False
118,NEAR_1_DELETION,1,73354740,1272696,LIFELINE,1982-03-15,710,lifeline,CANCELLED - SECTION 8,Dead/Cancelled,False,,False
118,NEAR_1_DELETION,1,73339951,1261690,LIFELINE,1981-12-03,710,lifeline,CANCELLED - SECTION 8,Dead/Cancelled,False,,False
118,NEAR_1_DELETION,1,73339290,,LIFE-LINE,1981-11-27,602,lifeline,ABANDONED-FAILURE TO RESPOND OR LATE RESPONSE,Dead/Abandoned,False,,False
118,NEAR_1_DELETION,1,73336611,,LIFELINE,1981-11-12,602,lifeline,ABANDONED-FAILURE TO RESPOND OR LATE RESPONSE,Dead/Abandoned,False,,False
118,NEAR_1_DELETION,1,73333536,1237987,LIFELINE,1981-10-21,710,lifeline,CANCELLED - SECTION 8,Dead/Cancelled,False,,False
118,NEAR_1_SUBSTITUTION,1,73324338,,LIFE-LINER,1981-08-19,605,lifeliner,ABANDONED EXPRESS AFTER PUB,Dead/Abandoned,False,,False
118,NEAR_1_DELETION,1,73319821,1235692,LIFELINE,1981-07-20,710,lifeline,CANCELLED - SECTION 8,Dead/Cancelled,False,,False
118,NEAR_1_DELETION,1,73307389,1198326,LIFELINE,1981-04-24,710,lifeline,CANCELLED - SECTION 8,Dead/Cancelled,False,,False
118,NEAR_1_DELETION,1,73307392,1198327,LIFELINE,1981-04-24,710,lifeline,CANCELLED - SECTION 8,Dead/Cancelled,False,,False
118,NEAR_1_DELETION,1,73299239,,LIFELINE,1981-03-02,618,lifeline,ABANDONED FILE - BACKFILE,Dead/Abandoned,False,,False
118,NEAR_1_DELETION,1,73288344,1227170,LIFELINE,1980-12-03,710,lifeline,CANCELLED - SECTION 8,Dead/Cancelled,False,,False
118,NEAR_1_DELETION,1,73285128,,LIFELINE,1980-11-07,618,lifeline,ABANDONED FILE - BACKFILE,Dead/Abandoned,False,,False
118,NEAR_1_DELETION,1,73273748,1216158,LIFE-LINE,1980-08-11,710,lifeline,CANCELLED - SECTION 8,Dead/Cancelled,False,,False
118,NEAR_1_SUBSTITUTION,1,73188730,1129328,LIFE LITES,1978-10-10,710,lifelites,CANCELLED - SECTION 8,Dead/Cancelled,False,,False
118,NEAR_1_DELETION,1,73168047,1134831,LIFE-LINE,1978-05-08,710,lifeline,CANCELLED - SECTION 8,Dead/Cancelled,False,,False
118,NEAR_1_DELETION,1,73159793,1120251,LIFE LINE,1978-02-24,900,lifeline,EXPIRED,Dead/Expired,False,,False
118,NEAR_1_DELETION,1,73151682,1155451,LIFELINE,1977-12-12,710,lifeline,CANCELLED - SECTION 8,Dead/Cancelled,False,,False
118,NEAR_1_SUBSTITUTION,1,73147497,1110331,LIFELINER,1977-11-07,900,lifeliner,EXPIRED,Dead/Expired,False,,False
118,NEAR_1_DELETION,1,73136232,1110538,LIFELINE,1977-08-03,710,lifeline,CANCELLED - SECTION 8,Dead/Cancelled,False,,False
118,NEAR_1_SUBSTITUTION,1,73131263,1117292,LIFE LINER,1977-06-21,710,lifeliner,CANCELLED - SECTION 8,Dead/Cancelled,False,,False
118,NEAR_1_DELETION,1,73103418,1072652,LIFE LINE,1976-10-18,710,lifeline,CANCELLED - SECTION 8,Dead/Cancelled,False,,False
118,NEAR_1_DELETION,1,73082875,1069437,LIFELINE,1976-04-06,710,lifeline,CANCELLED - SECTION 8,Dead/Cancelled,False,,False
118,NEAR_1_DELETION,1,73051838,1072635,LIFELINE,1975-05-08,710,lifeline,CANCELLED - SECTION 8,Dead/Cancelled,False,,False
118,NEAR_1_DELETION,1,73038934,1028520,LIFE LINE,1974-12-06,900,lifeline,EXPIRED,Dead/Expired,False,,False
118,NEAR_1_DELETION,1,73029853,1069358,LIFELINE,1974-08-19,710,lifeline,CANCELLED - SECTION 8,Dead/Cancelled,False,,False
118,NEAR_1_DELETION,1,72417801,0978698,LIFELINE,1972-03-28,900,lifeline,EXPIRED,Dead/Expired,False,,False
118,NEAR_1_DELETION,1,72340727,0896855,LIFELINE,1969-10-15,900,lifeline,EXPIRED,Dead/Expired,False,,False
118,NEAR_1_DELETION,1,72305387,0878245,LIFE LINE,1968-08-19,900,lifeline,EXPIRED,Dead/Expired,False,,False
118,NEAR_1_DELETION,1,72285797,0850718,LIFELINE,1967-11-29,900,lifeline,EXPIRED,Dead/Expired,False,,False
118,NEAR_1_DELETION,1,72261109,0840127,LIFELINE,1966-12-19,900,lifeline,EXPIRED,Dead/Expired,False,,False
118,NEAR_1_DELETION,1,72188931,0786434,LIFELINE,1964-03-17,900,lifeline,EXPIRED,Dead/Expired,False,,False
118,NEAR_1_DELETION,1,72165023,0811103,LIFE-LINE,1963-03-20,900,lifeline,EXPIRED,Dead/Expired,False,,False
118,NEAR_1_DELETION,1,72143461,0746533,LIFE-LINE,1962-04-30,900,lifeline,EXPIRED,Dead/Expired,False,,False
118,NEAR_1_DELETION,1,72100525,0724204,LIFE LINE,1960-07-08,710,lifeline,CANCELLED - SECTION 8,Dead/Cancelled,False,,False
118,NEAR_1_DELETION,1,72044475,0671404,LIFE-LINE,1958-01-22,900,lifeline,EXPIRED,Dead/Expired,False,,False
118,NEAR_1_DELETION,1,72013807,0690745,LIFE-LINE,1956-08-13,710,lifeline,CANCELLED - SECTION 8,Dead/Cancelled,False,,False
118,NEAR_1_DELETION,1,71687666,0637398,LIFE LINE,1955-05-17,900,lifeline,EXPIRED,Dead/Expired,False,,False
118,NEAR_1_DELETION,1,71676444,0608238,LIFELINE,1954-11-12,900,lifeline,EXPIRED,Dead/Expired,False,,False
118,NEAR_1_DELETION,1,71532893,0573609,LIFE-LINE,1947-08-29,900,lifeline,EXPIRED,Dead/Expired,False,,False
118,NEAR_1_DELETION,1,71418612,0371240,LIFELINE,1939-04-22,710,lifeline,CANCELLED - SECTION 8,Dead/Cancelled,False,,False
118,NEAR_1_DELETION,1,71417642,0371821,LIFELINE,1939-03-30,710,lifeline,CANCELLED - SECTION 8,Dead/Cancelled,False,,False
118,NEAR_1_DELETION,1,73288156,,LIFELINE,,602,lifeline,ABANDONED-FAILURE TO RESPOND OR LATE RESPONSE,Dead/Abandoned,False,,False
118,NEAR_1_SUBSTITUTION,1,73351487,,LINE LINES,,602,linelines,ABANDONED-FAILURE TO RESPOND OR LATE RESPONSE,Dead/Abandoned,False,,False
118,NEAR_1_SUBSTITUTION,1,73351488,,LIME LINES,,602,limelines,ABANDONED-FAILURE TO RESPOND OR LATE RESPONSE,Dead/Abandoned,False,,False
118,NEAR_1_DELETION,1,80978705,0978705,LIFELINE,,710,lifeline,CANCELLED - SECTION 8,Dead/Cancelled,False,,False
118,NEAR_1_DELETION,1,81007178,1007178,LIFE-LINE,,710,lifeline,CANCELLED - SECTION 8,Dead/Cancelled,False,,False
118,NEAR_1_DELETION,1,81030342,1030342,LIFELINE,,710,lifeline,CANCELLED - SECTION 8,Dead/Cancelled,False,,False
118,NEAR_1_DELETION,1,81033577,1033577,LIFE-LINE,,710,lifeline,CANCELLED - SECTION 8,Dead/Cancelled,False,,False
119,EXACT,0,90813862,6794678,TRUETOFORM,2021-07-06,700,truetoform,REGISTERED,Live/Registered,True,"009,042",False
119,EXACT,0,86936936,5063767,TRUE TO FORM,2016-03-11,702,truetoform,SECTION 8 & 15-ACCEPTED AND ACKNOWLEDGED,Live/Registered,True,014,False
119,EXACT,0,85007379,,TRUE TO FORM,2010-04-06,606,truetoform,ABANDONED - NO STATEMENT OF USE FILED,Dead/Abandoned,False,021,True
119,EXACT,0,76513628,2842627,TRUE TO FORM,2003-05-13,710,truetoform,CANCELLED - SECTION 8,Dead/Cancelled,False,,False
119,NEAR_1_SUBSTITUTION,1,90440700,,TRUE TO FARM,2020-12-31,602,truetofarm,ABANDONED-FAILURE TO RESPOND OR LATE RESPONSE,Dead/Abandoned,False,005,True
