Top500Rank,SelectionBasis,OverallRank,RawOrder,WorldRank,World,ExerciseNumber,Exercise,Form,Origin,Source,Name,Normalized,BrandCharacter,FounderFormFit,WorldTruth,CategoryIgnition,Distinctiveness,Fluency,BottleUsability,StoryHeadroom,Penalty,CreativeRating,CreativeDecision,CreativeRisk,TrademarkDecision,TrademarkReason,LiveExact,LiveNear1,DeadOrUnknownExact,AllHitCount,RepresentativeHits
1,top 40 within core world,1,262,1,Time and Skin Longevity,7,Deconstruct / reconstruct,Transparent spelling modification,hand-authored,curated depth seed,Onwardly,onwardly,9.2,9.0,8.7,8.7,9.1,8.0,9.0,9.1,0.00,9.1,ADVANCE,low structural risk,AMBER - LIVE NEAR / RELEVANT,One-edit live hit in a relevant active class,0,1,0,1,INWARDLY (SN 99343404; RN 8178207; live; near-1; classes 005)
2,top 40 within core world,2,209,1,Time and Skin Longevity,5,Win by contrast,Unexpected imported term,systematic generation,contrast mononyms,Longview,longview,9.0,8.8,8.7,9.0,8.1,8.8,9.0,9.1,0.00,9.0,ADVANCE,low structural risk,RED - LIVE EXACT / RELEVANT,Exact live hit in a relevant active class,8,4,21,41,LONGVIEW (SN 97445185; RN 7311480; live; exact; classes 044); LONGVIEW (SN 78228091; RN 3230418; live; exact; classes 010); LONG VIEW (SN 98220396; RN 7886164; live; exact; classes 037)
3,top 40 within core world,3,347,1,Time and Skin Longevity,9,Morpheme engine,English-native compound or compression,hand-authored,curated depth seed,Yearproof,yearproof,8.8,8.3,8.7,9.0,9.1,8.8,9.0,9.1,0.00,9.0,ADVANCE,low structural risk,YELLOW - LIVE NEAR,One-edit live hit outside the core active-class set,0,5,0,13,TEARPROOF (SN 99868232; live; near-1; classes 024); FEARPROOF (SN 88831526; RN 6639974; live; near-1; classes 025); BEARPROOF (SN 88795585; RN 6143772; live; near-1; classes 033)
4,top 40 within core world,4,348,1,Time and Skin Longevity,9,Morpheme engine,English-native compound or compression,hand-authored,curated depth seed,Nextkeeping,nextkeeping,8.8,8.3,8.7,8.7,9.1,8.8,9.0,9.1,0.00,9.0,ADVANCE,low structural risk,PROVISIONAL PASS,Only dead/unknown one-edit records found,0,0,0,2,NETKEEPING (SN 78108427; dead/unknown; near-1; classes 009); NETKEEPING (SN 76269603; dead/unknown; near-1; classes 035)
5,top 40 within core world,5,1963,3,Bare Face and Recognizable Self,13,Compound: one plus one equals three,Category-relevant compound,hand-authored,curated depth seed,Own Face,ownface,9.1,8.9,8.7,9.8,8.1,8.8,8.4,9.0,0.00,9.0,ADVANCE,low structural risk,AMBER - LIVE NEAR / RELEVANT,One-edit live hit in a relevant active class,0,6,0,12,ONFACE (SN 79432630; RN 8172994; live; near-1; classes 010); ONFACE (SN 79433479; RN 8090828; live; near-1; classes 021); OWNACE (SN 79358702; RN 7273154; live; near-1; classes 007)
6,top 40 within core world,6,2008,3,Bare Face and Recognizable Self,14,Real-word metaphor or eponym,Unexpected real word or metaphor,hand-authored,curated depth seed,Unposed,unposed,9.4,8.9,8.7,9.1,8.1,8.8,9.0,9.0,0.00,9.0,ADVANCE,low structural risk,AMBER - LIVE EXACT,Exact live hit; active classes appear outside core set or are missing,1,0,1,3,UNPOSED (SN 85487816; RN 4235494; live; exact; classes 041); UNPOSED (SN 90390737; dead/unknown; exact; classes 041); UNXPOSED (SN 85020136; RN 4112390; dead/unknown; near-1)
7,top 40 within core world,7,11,1,Time and Skin Longevity,1,Make the intangible tangible,"Authentic object, tool, gesture, or process",systematic generation,world objects and instruments,Yearbook,yearbook,8.8,8.7,8.7,9.0,7.7,8.8,9.0,9.1,0.00,8.9,ADVANCE,low structural risk,AMBER - LIVE EXACT,Exact live hit; active classes appear outside core set or are missing,2,0,8,19,YEARBOOK + (SN 88818785; RN 6494236; live; exact; classes 042); YEARBOOK (SN 88067295; RN 5900316; live; exact; classes 042); YEARBOOK (SN 90191489; dead/unknown; exact; classes 016)
8,top 40 within core world,8,175,1,Time and Skin Longevity,5,Win by contrast,Unexpected imported term,hand-authored,curated depth seed,Common Era,commonera,9.1,8.8,8.7,8.7,7.8,8.8,8.4,9.1,0.00,8.9,ADVANCE,low structural risk,RED - LIVE EXACT / RELEVANT,Exact live hit in a relevant active class,1,1,1,3,"COMMON ERA (SN 97693750; RN 7779228; live; exact; classes 035,036,038,041); COMMONER (SN 98537344; RN 7679254; live; near-1; classes 042); COMMON ERA (SN 90739894; dead/unknown; exact; classes 014)"
9,top 40 within core world,9,176,1,Time and Skin Longevity,5,Win by contrast,Unexpected imported term,hand-authored,curated depth seed,Future Tense,futuretense,9.1,8.8,8.7,9.0,7.8,8.8,8.4,9.1,0.00,8.9,ADVANCE,low structural risk,AMBER - LIVE NEAR / RELEVANT,One-edit live hit in a relevant active class,0,2,3,6,FUTURESENSE (SN 76620990; RN 3110917; live; near-1; classes 035); FUTURESENSE (SN 79388527; RN 7525898; live; near-1; classes 009); FUTURETENSE (SN 76066769; RN 2753563; dead/unknown; exact)
10,top 40 within core world,10,180,1,Time and Skin Longevity,5,Win by contrast,Unexpected imported term,systematic generation,far-field source contrast,Long Case,longcase,8.8,8.8,8.7,9.0,7.8,8.8,8.4,9.1,0.00,8.9,ADVANCE,low structural risk,PROVISIONAL PASS,Only dead/unknown one-edit records found,0,0,0,3,LONG CARE (SN 85735925; RN 4495672; dead/unknown; near-1); LONGCAST (SN 75341715; dead/unknown; near-1); LONG CAST (SN 73668789; dead/unknown; near-1)
11,top 40 within core world,11,185,1,Time and Skin Longevity,5,Win by contrast,Unexpected imported term,systematic generation,far-field source contrast,Longitudinal Study,longitudinalstudy,8.8,8.8,8.7,9.0,7.8,8.8,8.4,9.1,0.00,8.9,ADVANCE,low structural risk,PROVISIONAL PASS,No exact or edit-distance-one federal record found,0,0,0,0,
12,top 40 within core world,12,192,1,Time and Skin Longevity,5,Win by contrast,Unexpected imported term,systematic generation,far-field source contrast,Time Horizon,timehorizon,8.8,8.8,8.7,9.0,7.8,8.8,8.4,9.1,0.00,8.9,ADVANCE,low structural risk,YELLOW - DEAD EXACT,Exact federal record exists but is coded dead/unknown,0,0,2,2,TIME HORIZON (SN 75008754; dead/unknown; exact); TIME HORIZON (SN 74643653; dead/unknown; exact)
13,top 40 within core world,13,195,1,Time and Skin Longevity,5,Win by contrast,Unexpected imported term,systematic generation,far-field source contrast,Future Value,futurevalue,8.8,8.8,8.7,9.0,7.8,8.8,8.4,9.1,0.00,8.9,ADVANCE,low structural risk,RED - LIVE EXACT / RELEVANT,Exact live hit in a relevant active class,1,0,1,3,"FUTUREVALUE (SN 90526803; RN 6898012; live; exact; classes 035,037); FUTUREVALUE (SN 78083681; dead/unknown; exact; classes 009); FUTURE VALUES (SN 77087681; RN 3399157; dead/unknown; near-1)"
14,top 40 within core world,14,201,1,Time and Skin Longevity,5,Win by contrast,Unexpected imported term,systematic generation,contrast mononyms,Succession,succession,9.0,8.8,8.7,8.7,8.1,8.8,9.0,9.1,0.00,8.9,ADVANCE,low structural risk,RED - LIVE EXACT / RELEVANT,Exact live hit in a relevant active class,7,3,12,23,SUCCESSION (SN 98447621; RN 8111827; live; exact; classes 010); SUCCESSION (SN 98260971; RN 8146147; live; exact; classes 010); SUCCESSION (SN 90200478; RN 6599027; live; exact; classes 021)
15,top 40 within core world,15,203,1,Time and Skin Longevity,5,Win by contrast,Unexpected imported term,systematic generation,contrast mononyms,Carryover,carryover,9.0,8.8,8.7,8.7,8.1,8.8,9.0,9.1,0.00,8.9,ADVANCE,low structural risk,AMBER - LIVE EXACT,Exact live hit; active classes appear outside core set or are missing,1,0,6,10,CARRY OVER (SN 85095799; RN 4057779; live; exact; classes 038); CARRYOVER (SN 87221530; dead/unknown; exact; classes 038); CARRY OVER (SN 85095789; dead/unknown; exact; classes 009)
16,top 40 within core world,16,207,1,Time and Skin Longevity,5,Win by contrast,Unexpected imported term,systematic generation,contrast mononyms,Marathon,marathon,9.0,8.8,8.7,8.7,8.1,8.8,9.0,9.1,0.00,8.9,ADVANCE,low structural risk,RED - LIVE EXACT / RELEVANT,Exact live hit in a relevant active class,105,25,237,397,"MARATHON (SN 99247088; live; exact; classes 010); MARATHON (SN 97543679; RN 7055293; live; exact; classes 004,035,037); MARATHON (SN 97406865; live; exact; classes 001,006,008,009,011,016,017,019,020,021,022,025)"
17,top 40 within core world,17,208,1,Time and Skin Longevity,5,Win by contrast,Unexpected imported term,systematic generation,contrast mononyms,Watchkeeper,watchkeeper,9.0,8.8,8.7,8.7,8.1,8.0,9.0,9.1,0.00,8.9,ADVANCE,low structural risk,YELLOW - DEAD EXACT,Exact federal record exists but is coded dead/unknown,0,0,4,5,"WATCHKEEPER (SN 86868634; dead/unknown; exact; classes 009,042); WATCHKEEPER (SN 86560076; dead/unknown; exact; classes 014); WATCHKEEPER (SN 78956992; dead/unknown; exact)"
18,top 40 within core world,18,211,1,Time and Skin Longevity,5,Win by contrast,Unexpected imported term,systematic generation,contrast mononyms,Wayfarer,wayfarer,9.0,8.8,8.7,8.7,8.1,8.8,9.0,9.1,0.00,8.9,ADVANCE,low structural risk,RED - LIVE EXACT / RELEVANT,Exact live hit in a relevant active class,21,14,32,92,WAYFARER (SN 99615694; live; exact; classes 035); WAYFARER (SN 99717765; live; exact; classes 012); WAYFARER (SN 98436036; live; exact; classes 025)
19,top 40 within core world,19,986,2,Nothing Hidden and Transparency,7,Deconstruct / reconstruct,Transparent spelling modification,hand-authored,curated depth seed,Unhidden,unhidden,9.2,9.0,8.7,6.9,9.1,8.8,9.0,8.5,0.00,8.9,ADVANCE,low structural risk,RED - LIVE EXACT / RELEVANT,Exact live hit in a relevant active class,1,1,1,4,"UNHIDDEN (SN 99825817; live; exact; classes 044); UNRIDDEN (SN 99850985; live; near-1; classes 009,042); UNHIDDEN (SN 98078788; dead/unknown; exact; classes 009)"
20,top 40 within core world,20,1583,3,Bare Face and Recognizable Self,4,Anti-descriptor,Bold contradiction or anti-descriptor,systematic generation,anti-descriptor,Unperfect,unperfect,8.6,8.6,8.7,9.1,8.3,8.8,9.0,9.0,0.00,8.9,ADVANCE,low structural risk,AMBER - LIVE NEAR / RELEVANT,One-edit live hit in a relevant active class,0,3,1,10,RUN PERFECT (SN 99059081; RN 7994394; live; near-1; classes 003); UPERFECT (SN 88240995; RN 5928488; live; near-1; classes 009); UPERFECT (SN 88124510; RN 5739192; live; near-1; classes 009)
21,top 40 within core world,21,1584,3,Bare Face and Recognizable Self,4,Anti-descriptor,Bold contradiction or anti-descriptor,systematic generation,anti-descriptor,Undone,undone,8.6,8.6,8.7,9.1,8.3,8.8,9.0,9.0,0.00,8.9,ADVANCE,low structural risk,AMBER - LIVE EXACT,Exact live hit; active classes appear outside core set or are missing,4,19,13,58,UNDONE (SN 90845522; RN 6797232; live; exact; classes 024); UNDONE (SN 88581830; RN 6739832; live; exact; classes 032); UNDONE... (SN 87115745; RN 5294088; live; exact; classes 025)
22,top 40 within core world,22,1634,3,Bare Face and Recognizable Self,5,Win by contrast,Unexpected imported term,systematic generation,far-field source contrast,Face Value,facevalue,8.8,8.8,8.7,9.8,7.8,8.8,8.4,9.0,0.00,8.9,ADVANCE,low structural risk,AMBER - LIVE EXACT,Exact live hit; active classes appear outside core set or are missing,3,5,16,28,FACE VALUE (SN 88340478; RN 6108801; live; exact; classes 033); FACE VALUE (SN 87396031; RN 5366436; live; exact; classes 041); FACE VALUE (SN 76580304; RN 3077172; live; exact; classes 028)
23,top 40 within core world,23,1708,3,Bare Face and Recognizable Self,7,Deconstruct / reconstruct,Transparent spelling modification,hand-authored,curated depth seed,Recognizably,recognizably,8.7,9.0,8.7,9.1,9.1,8.8,7.4,9.0,0.00,8.9,ADVANCE,low structural risk,PROVISIONAL PASS,No exact or edit-distance-one federal record found,0,0,0,0,
24,top 40 within core world,24,1846,3,Bare Face and Recognizable Self,10,Scientific borrowing,Authentic scientific terminology,systematic generation,authentic scientific terminology,Faceprint,faceprint,8.3,8.8,8.7,9.8,8.1,8.8,9.0,9.0,0.00,8.9,ADVANCE,low structural risk,YELLOW - LIVE NEAR,One-edit live hit outside the core active-class set,0,2,8,14,"RACEPRINT (SN 99788110; live; near-1; classes 009,041,042); FALEPRINT (SN 99141223; live; near-1; classes 025); FACEPRINT (SN 88323171; dead/unknown; exact; classes 009)"
25,top 40 within core world,25,1962,3,Bare Face and Recognizable Self,13,Compound: one plus one equals three,Category-relevant compound,hand-authored,curated depth seed,Original Features,originalfeatures,9.1,8.9,8.7,9.1,8.1,8.8,8.4,9.0,0.00,8.9,ADVANCE,low structural risk,PROVISIONAL PASS,No exact or edit-distance-one federal record found,0,0,0,0,
26,top 40 within core world,26,1964,3,Bare Face and Recognizable Self,13,Compound: one plus one equals three,Category-relevant compound,hand-authored,curated depth seed,Candid Standard,candidstandard,9.1,8.9,8.7,9.1,8.1,8.8,8.4,9.0,0.00,8.9,ADVANCE,low structural risk,PROVISIONAL PASS,No exact or edit-distance-one federal record found,0,0,0,0,
27,top 40 within core world,27,3162,5,Visible Performance,7,Deconstruct / reconstruct,Transparent spelling modification,hand-authored,curated depth seed,Markedly,markedly,9.2,9.0,8.7,8.0,9.1,8.8,9.0,8.2,0.00,8.9,ADVANCE,low structural risk,RED - LIVE EXACT / RELEVANT,Exact live hit in a relevant active class,1,2,0,3,"MARKEDLY (SN 88474035; RN 6120168; live; exact; classes 035,041); MARKERLY (SN 90890691; RN 6844917; live; near-1; classes 035); MARKETLY (SN 86526070; RN 4808329; live; near-1; classes 042,045)"
28,top 40 within core world,28,8,1,Time and Skin Longevity,1,Make the intangible tangible,"Authentic object, tool, gesture, or process",systematic generation,world objects and instruments,Calendar,calendar,8.8,8.7,8.7,8.7,7.7,8.8,9.0,9.1,0.00,8.8,ADVANCE,low structural risk,AMBER - LIVE EXACT,Exact live hit; active classes appear outside core set or are missing,1,7,9,47,"CALENDAR (SN 73778881; RN 1598514; live; exact; classes 016); CALENDRA (SN 99637323; live; near-1; classes 009,035,042); CHALENDAR. (SN 99172603; RN 8052023; live; near-1; classes 021)"
29,top 40 within core world,29,12,1,Time and Skin Longevity,1,Make the intangible tangible,"Authentic object, tool, gesture, or process",systematic generation,world objects and instruments,Hourmark,hourmark,8.8,8.7,8.7,8.7,7.7,8.8,9.0,9.1,0.00,8.8,ADVANCE,low structural risk,YELLOW - LIVE NEAR,One-edit live hit outside the core active-class set,0,2,0,7,HOURPARK (SN 90388603; RN 6696731; live; near-1; classes 028); HOURPARK (SN 90264487; RN 6410855; live; near-1; classes 006); TOURMARK (SN 86581622; RN 4979394; dead/unknown; near-1)
30,top 40 within core world,30,14,1,Time and Skin Longevity,1,Make the intangible tangible,"Authentic object, tool, gesture, or process",systematic generation,world objects and instruments,Sundial,sundial,8.8,8.7,8.7,8.7,7.7,8.8,9.0,9.1,0.00,8.8,ADVANCE,low structural risk,RED - LIVE EXACT / RELEVANT,Exact live hit in a relevant active class,13,8,64,112,"SUNDIAL (SN 97875887; RN 7812122; live; exact; classes 044); SUNDIAL (SN 79333030; RN 7141223; live; exact; classes 009,035,036,038,041,042,045); SUNDIAL (SN 99543002; live; exact; classes 009,011)"
31,top 40 within core world,31,15,1,Time and Skin Longevity,1,Make the intangible tangible,"Authentic object, tool, gesture, or process",systematic generation,world objects and instruments,Pendulum,pendulum,8.8,8.7,8.7,8.7,7.7,8.8,9.0,9.1,0.00,8.8,ADVANCE,low structural risk,RED - LIVE EXACT / RELEVANT,Exact live hit in a relevant active class,19,1,33,57,"PENDULUM (SN 98115231; RN 7788304; live; exact; classes 003,016); PENDULUM (SN 88565273; RN 6828096; live; exact; classes 005); PENDULUM (SN 88976792; RN 6015400; live; exact; classes 005,044)"
32,top 40 within core world,32,16,1,Time and Skin Longevity,1,Make the intangible tangible,"Authentic object, tool, gesture, or process",systematic generation,world objects and instruments,Ledger,ledger,8.8,8.7,8.7,8.7,7.7,8.8,9.0,9.1,0.00,8.8,ADVANCE,low structural risk,RED - LIVE EXACT / RELEVANT,Exact live hit in a relevant active class,14,23,11,85,"LEDGER (SN 90904655; live; exact; classes 035); LEDGER (SN 90904663; live; exact; classes 035); LEDGER (SN 90803099; RN 7877345; live; exact; classes 006,009,016,035,036,038,042)"
33,top 40 within core world,33,17,1,Time and Skin Longevity,1,Make the intangible tangible,"Authentic object, tool, gesture, or process",systematic generation,world objects and instruments,Annual,annual,8.8,8.7,8.7,8.7,7.7,8.8,9.0,9.1,0.00,8.8,ADVANCE,low structural risk,RED - LIVE EXACT / RELEVANT,Exact live hit in a relevant active class,2,1,2,11,"ANNUAL (SN 77620434; RN 3791651; live; exact; classes 005); ANNUAL (SN 98295444; RN 7665146; live; exact; classes 009,016); ANNUCAL (SN 99646764; live; near-1; classes 009,042)"
34,top 40 within core world,34,177,1,Time and Skin Longevity,5,Win by contrast,Unexpected imported term,systematic generation,far-field source contrast,Power Reserve,powerreserve,8.8,8.8,8.7,8.7,7.8,8.8,8.4,9.1,0.00,8.8,ADVANCE,low structural risk,AMBER - LIVE EXACT,Exact live hit; active classes appear outside core set or are missing,1,0,4,5,POWER RESERVE (SN 99054292; RN 8288346; live; exact; classes 009); POWER RESERVE (SN 90736855; dead/unknown; exact; classes 009); POWER RESERVE (SN 78616836; RN 3082422; dead/unknown; exact)
35,top 40 within core world,35,178,1,Time and Skin Longevity,5,Win by contrast,Unexpected imported term,systematic generation,far-field source contrast,Perpetual Calendar,perpetualcalendar,8.8,8.8,8.7,8.7,7.8,8.8,8.4,9.1,0.00,8.8,ADVANCE,low structural risk,PROVISIONAL PASS,No exact or edit-distance-one federal record found,0,0,0,0,
36,top 40 within core world,36,179,1,Time and Skin Longevity,5,Win by contrast,Unexpected imported term,systematic generation,far-field source contrast,Running Seconds,runningseconds,8.8,8.8,8.7,8.7,7.8,8.8,8.4,9.1,0.00,8.8,ADVANCE,low structural risk,PROVISIONAL PASS,No exact or edit-distance-one federal record found,0,0,0,0,
37,top 40 within core world,37,183,1,Time and Skin Longevity,5,Win by contrast,Unexpected imported term,systematic generation,far-field source contrast,Annual Return,annualreturn,8.8,8.8,8.7,8.7,7.8,8.8,8.4,9.1,0.00,8.8,ADVANCE,low structural risk,PROVISIONAL PASS,No exact or edit-distance-one federal record found,0,0,0,0,
38,top 40 within core world,38,184,1,Time and Skin Longevity,5,Win by contrast,Unexpected imported term,systematic generation,far-field source contrast,Rolling Average,rollingaverage,8.8,8.8,8.7,8.7,7.8,8.8,8.4,9.1,0.00,8.8,ADVANCE,low structural risk,PROVISIONAL PASS,No exact or edit-distance-one federal record found,0,0,0,0,
39,top 40 within core world,39,186,1,Time and Skin Longevity,5,Win by contrast,Unexpected imported term,systematic generation,far-field source contrast,Cohort Effect,cohorteffect,8.8,8.8,8.7,8.7,7.8,8.8,8.4,9.1,0.00,8.8,ADVANCE,low structural risk,PROVISIONAL PASS,No exact or edit-distance-one federal record found,0,0,0,0,
40,top 40 within core world,40,187,1,Time and Skin Longevity,5,Win by contrast,Unexpected imported term,systematic generation,far-field source contrast,Accumulated Value,accumulatedvalue,8.8,8.8,8.7,8.7,7.8,8.8,8.4,9.1,0.00,8.8,ADVANCE,low structural risk,PROVISIONAL PASS,No exact or edit-distance-one federal record found,0,0,0,0,
41,top 40 within core world,41,188,1,Time and Skin Longevity,5,Win by contrast,Unexpected imported term,systematic generation,far-field source contrast,Compound Return,compoundreturn,8.8,8.8,8.7,8.7,7.8,8.8,8.4,9.1,0.00,8.8,ADVANCE,low structural risk,PROVISIONAL PASS,No exact or edit-distance-one federal record found,0,0,0,0,
42,top 40 within core world,42,189,1,Time and Skin Longevity,5,Win by contrast,Unexpected imported term,systematic generation,far-field source contrast,Holding Period,holdingperiod,8.8,8.8,8.7,8.7,7.8,8.8,8.4,9.1,0.00,8.8,ADVANCE,low structural risk,PROVISIONAL PASS,No exact or edit-distance-one federal record found,0,0,0,0,
43,top 40 within core world,43,190,1,Time and Skin Longevity,5,Win by contrast,Unexpected imported term,systematic generation,far-field source contrast,Long Stop,longstop,8.8,8.8,8.7,9.0,7.8,8.0,8.4,9.1,0.00,8.8,ADVANCE,low structural risk,AMBER - LIVE NEAR / RELEVANT,One-edit live hit in a relevant active class,0,1,0,2,LONGTOP (SN 99439236; RN 8252906; live; near-1; classes 003); LONGTOP (SN 79034575; RN 3283319; dead/unknown; near-1)
44,top 40 within core world,44,193,1,Time and Skin Longevity,5,Win by contrast,Unexpected imported term,systematic generation,far-field source contrast,Extended Play,extendedplay,8.8,8.8,8.7,8.7,7.8,8.8,8.4,9.1,0.00,8.8,ADVANCE,low structural risk,RED - LIVE EXACT / RELEVANT,Exact live hit in a relevant active class,2,0,10,13,"EXTENDED PLAY (SN 88683215; RN 6019062; live; exact; classes 003); EXTENDED PLAY (SN 98193308; live; exact; classes 009,016,025,028,041,042); EXTENDED PLAY (SN 87701248; dead/unknown; exact; classes 015)"
45,top 40 within core world,45,221,1,Time and Skin Longevity,6,Name the audacity / worldview,Short stance phrase,systematic generation,worldview statements,Keep Going,keepgoing,8.4,8.5,8.7,8.7,8.1,8.8,8.4,9.1,0.00,8.8,ADVANCE,low structural risk,RED - LIVE EXACT / RELEVANT,Exact live hit in a relevant active class,13,1,9,24,"KEEP GOING (SN 98876134; RN 8191569; live; exact; classes 041,044); KEEP>GOING (SN 97492361; RN 7273912; live; exact; classes 005); KEEP GOING (SN 97492368; RN 7273913; live; exact; classes 005)"
46,top 40 within core world,46,226,1,Time and Skin Longevity,6,Name the audacity / worldview,Short stance phrase,systematic generation,worldview statements,Begin Again,beginagain,8.4,8.5,8.7,8.7,8.1,8.8,8.4,9.1,0.00,8.8,ADVANCE,low structural risk,RED - LIVE EXACT / RELEVANT,Exact live hit in a relevant active class,2,0,4,6,"BEGIN AGAIN (SN 90366784; RN 7013068; live; exact; classes 003); BEGINAGAIN (SN 85302488; RN 4597480; live; exact; classes 016,028); BEGIN AGAIN (SN 85040865; dead/unknown; exact; classes 003)"
47,top 40 within core world,47,392,1,Time and Skin Longevity,10,Scientific borrowing,Authentic scientific terminology,systematic generation,authentic scientific terminology,Circadian,circadian,8.3,8.8,8.7,8.7,8.1,8.8,9.0,9.1,0.00,8.8,ADVANCE,low structural risk,RED - LIVE EXACT / RELEVANT,Exact live hit in a relevant active class,7,11,12,51,"CIRCADIAN (SN 97265957; RN 6804310; live; exact; classes 010); CIRCADIAN (SN 77384208; RN 3691072; live; exact; classes 035,041,045); CIRCADIAN (SN 99812489; live; exact; classes 012)"
48,top 40 within core world,48,393,1,Time and Skin Longevity,10,Scientific borrowing,Authentic scientific terminology,systematic generation,authentic scientific terminology,Homeorhesis,homeorhesis,8.3,8.8,8.7,8.7,8.1,8.8,9.0,9.1,0.00,8.8,ADVANCE,low structural risk,PROVISIONAL PASS,No exact or edit-distance-one federal record found,0,0,0,0,
49,top 40 within core world,49,394,1,Time and Skin Longevity,10,Scientific borrowing,Authentic scientific terminology,systematic generation,authentic scientific terminology,Senescence,senescence,8.3,8.8,8.7,8.7,8.1,8.8,9.0,9.1,0.00,8.8,ADVANCE,low structural risk,PROVISIONAL PASS,Only dead/unknown one-edit records found,0,0,0,5,SENESCIENCE (SN 97171297; dead/unknown; near-1; classes 005); SENESCIENCE (SN 88898067; dead/unknown; near-1; classes 005); SON ESCENCE (SN 88616761; dead/unknown; near-1; classes 010)
50,top 40 within core world,50,398,1,Time and Skin Longevity,10,Scientific borrowing,Authentic scientific terminology,systematic generation,authentic scientific terminology,Temporal,temporal,8.3,8.8,8.7,8.7,8.1,8.8,9.0,9.1,0.00,8.8,ADVANCE,low structural risk,RED - LIVE EXACT / RELEVANT,Exact live hit in a relevant active class,7,1,8,22,TEMPORAL (SN 98808721; live; exact; classes 044); TEMPORAL (SN 98084999; RN 7664523; live; exact; classes 003); TEMPORAL (SN 98808708; live; exact; classes 001)
51,top 40 within core world,51,399,1,Time and Skin Longevity,10,Scientific borrowing,Authentic scientific terminology,systematic generation,authentic scientific terminology,Chronometry,chronometry,8.3,8.8,8.7,8.7,8.1,8.8,9.0,9.1,0.00,8.8,ADVANCE,low structural risk,PROVISIONAL PASS,No exact or edit-distance-one federal record found,0,0,0,0,
52,global rating fill,52,689,1,Time and Skin Longevity,17,Three-team decoy,Decoy-world import,systematic generation,three-team decoy briefs,Future Standard,futurestandard,8.4,8.3,8.7,9.0,8.1,8.8,8.4,9.1,0.00,8.8,ADVANCE,low structural risk,AMBER - LIVE EXACT,Exact live hit; active classes appear outside core set or are missing,2,0,0,2,FUTURE STANDARD (SN 99265901; RN 8157419; live; exact; classes 036); FUTURE STANDARD (SN 98755400; RN 7841349; live; exact; classes 036)
53,global rating fill,53,693,1,Time and Skin Longevity,17,Three-team decoy,Decoy-world import,systematic generation,three-team decoy briefs,Daymark Company,daymarkcompany,8.4,8.3,8.7,9.0,8.1,8.8,8.4,9.1,0.00,8.8,ADVANCE,low structural risk,PROVISIONAL PASS,No exact or edit-distance-one federal record found,0,0,0,0,
54,global rating fill,54,699,1,Time and Skin Longevity,17,Three-team decoy,Decoy-world import,systematic generation,three-team decoy briefs,Long Since,longsince,8.4,8.3,8.7,9.0,8.1,8.8,8.4,9.1,0.00,8.8,ADVANCE,low structural risk,YELLOW - LIVE NEAR,One-edit live hit outside the core active-class set,0,1,0,1,LONSINCE (SN 90640832; RN 6684563; live; near-1; classes 011)
55,top 40 within core world,55,985,2,Nothing Hidden and Transparency,7,Deconstruct / reconstruct,Transparent spelling modification,hand-authored,curated depth seed,Showthrough,showthrough,9.2,9.0,8.7,6.9,9.1,8.0,9.0,8.5,0.00,8.8,ADVANCE,low structural risk,PROVISIONAL PASS,No exact or edit-distance-one federal record found,0,0,0,0,
56,top 40 within core world,56,1456,3,Bare Face and Recognizable Self,1,Make the intangible tangible,"Authentic object, tool, gesture, or process",systematic generation,world objects and instruments,Silhouette,silhouette,8.8,8.7,8.7,9.1,7.7,8.8,9.0,9.0,0.00,8.8,ADVANCE,low structural risk,RED - LIVE EXACT / RELEVANT,Exact live hit in a relevant active class,55,4,156,251,"SILHOUETTE (SN 99544816; live; exact; classes 009,027,028,041,044); SILHOUETTE (SN 79345032; RN 7141369; live; exact; classes 009,010,021); SILHOUETTE (SN 88914181; RN 6180286; live; exact; classes 005)"
57,top 40 within core world,57,1458,3,Bare Face and Recognizable Self,1,Make the intangible tangible,"Authentic object, tool, gesture, or process",systematic generation,world objects and instruments,Photograph,photograph,8.8,8.7,8.7,9.1,7.7,8.8,9.0,9.0,0.00,8.8,ADVANCE,low structural risk,AMBER - LIVE EXACT,Exact live hit; active classes appear outside core set or are missing,2,2,5,12,PHOTOGRAPH (SN 88593505; RN 6725278; live; exact; classes 033); PHOTOGRAPH (SN 76532827; RN 2847014; live; exact; classes 016); PHOTOSGRAPH (SN 99692555; live; near-1; classes 042)
58,top 40 within core world,58,1460,3,Bare Face and Recognizable Self,1,Make the intangible tangible,"Authentic object, tool, gesture, or process",systematic generation,world objects and instruments,Negative,negative,8.8,8.7,8.7,9.1,7.7,8.8,9.0,9.0,0.00,8.8,ADVANCE,low structural risk,AMBER - LIVE EXACT,Exact live hit; active classes appear outside core set or are missing,5,4,2,15,NEGATIVE (SN 99744078; live; exact; classes 009); ( - ) NEGATIVE (SN 98454587; live; exact; classes 009); NEGATIVE (SN 98454638; live; exact; classes 009)
59,top 40 within core world,59,1463,3,Bare Face and Recognizable Self,1,Make the intangible tangible,"Authentic object, tool, gesture, or process",systematic generation,world objects and instruments,Headshot,headshot,8.8,8.7,8.7,9.1,7.7,8.8,9.0,9.0,0.00,8.8,ADVANCE,low structural risk,RED - LIVE EXACT / RELEVANT,Exact live hit in a relevant active class,2,6,14,41,HEADSHOT (SN 87077858; RN 5312652; live; exact; classes 005); HEADSHOT (SN 78529156; RN 3395805; live; exact; classes 003); DEADSHOT (SN 98140223; RN 7473155; live; near-1; classes 005)
60,top 40 within core world,60,1467,3,Bare Face and Recognizable Self,1,Make the intangible tangible,"Authentic object, tool, gesture, or process",systematic generation,world objects and instruments,Eyeline,eyeline,8.8,8.7,8.7,9.1,7.7,8.8,9.0,9.0,0.00,8.8,ADVANCE,low structural risk,RED - LIVE EXACT / RELEVANT,Exact live hit in a relevant active class,3,17,3,61,"EYELINE (SN 99611521; live; exact; classes 035,041,042); EYELINE (SN 99612406; live; exact; classes 041,042); EYELINE (SN 87833025; RN 5807835; live; exact; classes 011)"
61,top 40 within core world,61,1468,3,Bare Face and Recognizable Self,1,Make the intangible tangible,"Authentic object, tool, gesture, or process",systematic generation,world objects and instruments,Facsimile,facsimile,8.8,8.7,8.7,9.1,7.7,8.8,9.0,9.0,0.00,8.8,ADVANCE,low structural risk,YELLOW - DEAD EXACT,Exact federal record exists but is coded dead/unknown,0,0,6,8,FACSIMILE (SN 85416813; dead/unknown; exact; classes 029); FACSIMILE (SN 74537802; RN 1900785; dead/unknown; exact); FACSIMILE (SN 74496213; RN 2021585; dead/unknown; exact)
62,top 40 within core world,62,1624,3,Bare Face and Recognizable Self,5,Win by contrast,Unexpected imported term,systematic generation,far-field source contrast,Natural Light,naturallight,8.8,8.8,8.7,9.1,7.8,8.8,8.4,9.0,0.00,8.8,ADVANCE,low structural risk,RED - LIVE EXACT / RELEVANT,Exact live hit in a relevant active class,4,2,14,29,"NATURAL LIGHT (SN 77941065; RN 3942852; live; exact; classes 021,032); NATURAL LIGHT (SN 97153139; RN 7103195; live; exact; classes 033); NATURAL LIGHT (SN 88468648; RN 6062235; live; exact; classes 033)"
63,top 40 within core world,63,1626,3,Bare Face and Recognizable Self,5,Win by contrast,Unexpected imported term,systematic generation,far-field source contrast,Facial Landmark,faciallandmark,8.8,8.8,8.7,9.1,7.8,8.8,8.4,9.0,0.00,8.8,ADVANCE,low structural risk,PROVISIONAL PASS,No exact or edit-distance-one federal record found,0,0,0,0,
64,top 40 within core world,64,1627,3,Bare Face and Recognizable Self,5,Win by contrast,Unexpected imported term,systematic generation,far-field source contrast,Identity Match,identitymatch,8.8,8.8,8.7,9.1,7.8,8.8,8.4,9.0,0.00,8.8,ADVANCE,low structural risk,YELLOW - DEAD EXACT,Exact federal record exists but is coded dead/unknown,0,0,1,4,IDENTITYMATCH (SN 78680560; dead/unknown; exact; classes 009); IDENTITY WATCH (SN 76329381; RN 2782657; dead/unknown; near-1); IDENTITY WATCH (SN 76330131; RN 2767685; dead/unknown; near-1)
65,top 40 within core world,65,1630,3,Bare Face and Recognizable Self,5,Win by contrast,Unexpected imported term,systematic generation,far-field source contrast,Straight On,straighton,8.8,8.8,8.7,9.1,7.8,8.8,8.4,9.0,0.00,8.8,ADVANCE,low structural risk,RED - LIVE EXACT / RELEVANT,Exact live hit in a relevant active class,1,1,2,5,"STRAIGHT ON (SN 97813922; RN 7262015; live; exact; classes 003); STRAIGHT IN (SN 90389169; RN 6682500; live; near-1; classes 007,011); STRAIGHT ON (SN 76195012; dead/unknown; exact; classes 003)"
66,top 40 within core world,66,1631,3,Bare Face and Recognizable Self,5,Win by contrast,Unexpected imported term,systematic generation,far-field source contrast,In Profile,inprofile,8.8,8.8,8.7,9.1,7.8,8.8,8.4,9.0,0.00,8.8,ADVANCE,low structural risk,AMBER - LIVE NEAR / RELEVANT,One-edit live hit in a relevant active class,0,2,1,13,I-PROFILE (SN 88314735; RN 5957552; live; near-1; classes 010); ID PROFILE (SN 98397426; live; near-1; classes 042); INPROFILE (SN 87915880; dead/unknown; exact; classes 035)
67,top 40 within core world,67,1632,3,Bare Face and Recognizable Self,5,Win by contrast,Unexpected imported term,systematic generation,far-field source contrast,Unposed Portrait,unposedportrait,8.8,8.8,8.7,9.1,7.8,8.8,8.4,9.0,0.00,8.8,ADVANCE,low structural risk,PROVISIONAL PASS,No exact or edit-distance-one federal record found,0,0,0,0,
68,top 40 within core world,68,1633,3,Bare Face and Recognizable Self,5,Win by contrast,Unexpected imported term,systematic generation,far-field source contrast,Available Light,availablelight,8.8,8.8,8.7,9.1,7.8,8.8,8.4,9.0,0.00,8.8,ADVANCE,low structural risk,AMBER - LIVE EXACT,Exact live hit; active classes appear outside core set or are missing,2,0,2,4,AVAILABLE LIGHT (SN 88356171; RN 5873360; live; exact; classes 025); AVAILABLE LIGHT (SN 75037222; RN 2108224; live; exact; classes 042); AVAILABLE LIGHT (SN 74650225; RN 1960184; dead/unknown; exact)
69,top 40 within core world,69,1635,3,Bare Face and Recognizable Self,5,Win by contrast,Unexpected imported term,systematic generation,far-field source contrast,Signature Feature,signaturefeature,8.8,8.8,8.7,9.1,7.8,8.8,8.4,9.0,0.00,8.8,ADVANCE,low structural risk,RED - LIVE EXACT / RELEVANT,Exact live hit in a relevant active class,1,0,0,1,SIGNATURE FEATURE (SN 85655480; RN 4923051; live; exact; classes 044)
70,top 40 within core world,70,1636,3,Bare Face and Recognizable Self,5,Win by contrast,Unexpected imported term,systematic generation,far-field source contrast,Original Negative,originalnegative,8.8,8.8,8.7,9.1,7.8,8.8,8.4,9.0,0.00,8.8,ADVANCE,low structural risk,PROVISIONAL PASS,No exact or edit-distance-one federal record found,0,0,0,0,
71,top 40 within core world,71,1637,3,Bare Face and Recognizable Self,5,Win by contrast,Unexpected imported term,systematic generation,far-field source contrast,Reference Image,referenceimage,8.8,8.8,8.7,9.1,7.8,8.8,8.4,9.0,0.00,8.8,ADVANCE,low structural risk,PROVISIONAL PASS,No exact or edit-distance-one federal record found,0,0,0,0,
72,top 40 within core world,72,1639,3,Bare Face and Recognizable Self,5,Win by contrast,Unexpected imported term,systematic generation,far-field source contrast,Expression Line,expressionline,8.8,8.8,8.7,9.1,7.8,8.8,8.4,9.0,0.00,8.8,ADVANCE,low structural risk,PROVISIONAL PASS,Only dead/unknown one-edit records found,0,0,0,2,EXPRESS ON-LINE (SN 75073311; RN 2207868; dead/unknown; near-1); EXPRESSION LINES (SN 74031129; RN 1623642; dead/unknown; near-1)
73,top 40 within core world,73,1640,3,Bare Face and Recognizable Self,5,Win by contrast,Unexpected imported term,systematic generation,far-field source contrast,Family Resemblance,familyresemblance,8.8,8.8,8.7,9.1,7.8,8.8,8.4,9.0,0.00,8.8,ADVANCE,low structural risk,PROVISIONAL PASS,No exact or edit-distance-one federal record found,0,0,0,0,
74,top 40 within core world,74,1641,3,Bare Face and Recognizable Self,5,Win by contrast,Unexpected imported term,systematic generation,far-field source contrast,Recognizable Form,recognizableform,8.8,8.8,8.7,9.1,7.8,8.8,8.4,9.0,0.00,8.8,ADVANCE,low structural risk,PROVISIONAL PASS,No exact or edit-distance-one federal record found,0,0,0,0,
75,top 40 within core world,75,1642,3,Bare Face and Recognizable Self,5,Win by contrast,Unexpected imported term,systematic generation,far-field source contrast,Candid Frame,candidframe,8.8,8.8,8.7,9.1,7.8,8.8,8.4,9.0,0.00,8.8,ADVANCE,low structural risk,PROVISIONAL PASS,No exact or edit-distance-one federal record found,0,0,0,0,
76,top 40 within core world,76,1670,3,Bare Face and Recognizable Self,6,Name the audacity / worldview,Short stance phrase,systematic generation,worldview statements,Face Yourself,faceyourself,8.4,8.5,8.7,9.8,8.1,8.8,8.4,9.0,0.00,8.8,ADVANCE,low structural risk,RED - LIVE EXACT / RELEVANT,Exact live hit in a relevant active class,2,1,0,10,"FACE YOUR SELF (SN 75473235; RN 2520505; live; exact; classes 003,041); FACE YOURSELF (SN 98011255; RN 7412882; live; exact; classes 025); PACE YOURSELF (SN 98699642; live; near-1; classes 005,032)"
77,top 40 within core world,77,1836,3,Bare Face and Recognizable Self,10,Scientific borrowing,Authentic scientific terminology,systematic generation,authentic scientific terminology,Face Perception,faceperception,8.2,8.8,8.7,9.8,7.8,8.8,8.4,9.0,0.00,8.8,ADVANCE,low structural risk,PROVISIONAL PASS,No exact or edit-distance-one federal record found,0,0,0,0,
78,top 40 within core world,78,1850,3,Bare Face and Recognizable Self,10,Scientific borrowing,Authentic scientific terminology,systematic generation,authentic scientific terminology,Reference Face,referenceface,8.2,8.8,8.7,9.8,7.8,8.8,8.4,9.0,0.00,8.8,ADVANCE,low structural risk,PROVISIONAL PASS,No exact or edit-distance-one federal record found,0,0,0,0,
79,top 40 within core world,79,2144,3,Bare Face and Recognizable Self,17,Three-team decoy,Decoy-world import,systematic generation,three-team decoy briefs,Signature Face,signatureface,8.4,8.3,8.7,9.8,8.1,8.8,8.4,9.0,0.00,8.8,ADVANCE,low structural risk,YELLOW - LIVE NEAR,One-edit live hit outside the core active-class set,0,1,0,5,"SIGNATURE LACE (SN 98382762; RN 7641578; live; near-1; classes 025); SIGNATURE FADE (SN 87245986; dead/unknown; near-1; classes 003,008,021,035); SIGNATURE LACE (SN 78126422; RN 2707198; dead/unknown; near-1)"
80,top 40 within core world,80,2691,4,Skin Capability and Training,13,Compound: one plus one equals three,Category-relevant compound,hand-authored,curated depth seed,Adaptive Practice,adaptivepractice,9.1,8.9,8.7,8.2,8.1,8.8,8.4,8.8,0.00,8.8,ADVANCE,low structural risk,PROVISIONAL PASS,No exact or edit-distance-one federal record found,0,0,0,0,
81,global rating fill,81,18,1,Time and Skin Longevity,1,Make the intangible tangible,"Authentic object, tool, gesture, or process",systematic generation,world objects and instruments,Ring,ring,8.2,8.7,8.7,8.7,7.7,8.5,9.0,9.1,0.00,8.7,ADVANCE,low structural risk,RED - LIVE EXACT / RELEVANT,Exact live hit in a relevant active class,31,0,29,60,"RING (SN 98645714; live; exact; classes 009,012,035,038,042,045); RING (SN 98414398; RN 8061895; live; exact; classes 035); RING (SN 98157840; RN 7708106; live; exact; classes 005)"
82,global rating fill,82,19,1,Time and Skin Longevity,1,Make the intangible tangible,"Authentic object, tool, gesture, or process",systematic generation,world objects and instruments,Tree,tree,8.2,8.7,8.7,8.7,7.7,8.5,9.0,9.1,0.00,8.7,ADVANCE,low structural risk,RED - LIVE EXACT / RELEVANT,Exact live hit in a relevant active class,6,0,25,31,"TREE (SN 77448144; RN 3807609; live; exact; classes 035,036); TREE (SN 97748605; RN 7087136; live; exact; classes 009); TREE (SN 97272336; RN 7129995; live; exact; classes 009,036)"
83,global rating fill,83,89,1,Time and Skin Longevity,3,Reframe the question / name the future,Direct conceptual reframe,hand-authored,curated depth seed,After Now,afternow,8.5,8.5,8.7,8.7,7.4,8.8,8.4,9.1,0.00,8.7,ADVANCE,low structural risk,RED - LIVE EXACT / RELEVANT,Exact live hit in a relevant active class,2,0,1,3,"AFTERNOW (SN 88269304; RN 6003805; live; exact; classes 025,035); AFTERNOW (SN 87366768; RN 5322362; live; exact; classes 042); AFTERNOW (SN 86429519; dead/unknown; exact; classes 009)"
84,global rating fill,84,134,1,Time and Skin Longevity,4,Anti-descriptor,Bold contradiction or anti-descriptor,systematic generation,anti-descriptor,Never Finished,neverfinished,8.3,8.6,8.7,8.7,8.1,8.8,8.4,9.1,0.00,8.7,ADVANCE,low structural risk,YELLOW - DEAD EXACT,Exact federal record exists but is coded dead/unknown,0,0,4,4,NEVER FINISHED (SN 98004958; dead/unknown; exact; classes 025); NEVER FINISHED (SN 98004962; dead/unknown; exact; classes 041); NEVER FINISHED (SN 97635405; dead/unknown; exact; classes 025)
85,global rating fill,85,136,1,Time and Skin Longevity,4,Anti-descriptor,Bold contradiction or anti-descriptor,systematic generation,anti-descriptor,Past Perfect,pastperfect,8.3,8.6,8.7,8.7,8.1,8.8,8.4,9.1,0.00,8.7,ADVANCE,low structural risk,AMBER - LIVE EXACT,Exact live hit; active classes appear outside core set or are missing,1,6,7,19,"PAST PERFECT (SN 76262420; RN 2697203; live; exact; classes 009); PASO PERFECT (SN 99621586; live; near-1; classes 033); PASS PERFECT (SN 90476873; RN 6568668; live; near-1; classes 016,041)"
86,global rating fill,86,137,1,Time and Skin Longevity,4,Anti-descriptor,Bold contradiction or anti-descriptor,systematic generation,anti-descriptor,Older Forward,olderforward,8.3,8.6,8.7,8.7,8.1,8.8,8.4,9.1,0.00,8.7,ADVANCE,low structural risk,PROVISIONAL PASS,No exact or edit-distance-one federal record found,0,0,0,0,
87,global rating fill,87,139,1,Time and Skin Longevity,4,Anti-descriptor,Bold contradiction or anti-descriptor,systematic generation,anti-descriptor,Beyond Younger,beyondyounger,8.3,8.6,8.7,8.7,8.1,8.8,8.4,9.1,0.00,8.7,ADVANCE,low structural risk,PROVISIONAL PASS,No exact or edit-distance-one federal record found,0,0,0,0,
88,global rating fill,88,312,1,Time and Skin Longevity,8,Portmanteau,Clean portmanteau,systematic generation,legible two-source blend,Laterepeat,laterepeat,8.6,8.4,8.7,9.0,9.1,8.8,9.0,9.1,0.30,8.7,ADVANCE,mechanical construction,PROVISIONAL PASS,No exact or edit-distance-one federal record found,0,0,0,0,
89,global rating fill,89,313,1,Time and Skin Longevity,8,Portmanteau,Clean portmanteau,systematic generation,legible two-source blend,Lateremain,lateremain,8.6,8.4,8.7,9.0,9.1,8.8,9.0,9.1,0.30,8.7,ADVANCE,mechanical construction,PROVISIONAL PASS,No exact or edit-distance-one federal record found,0,0,0,0,
90,global rating fill,90,343,1,Time and Skin Longevity,8,Portmanteau,Clean portmanteau,systematic generation,legible two-source blend,Carryears,carryears,8.6,8.4,8.7,9.0,9.1,8.8,9.0,9.1,0.30,8.7,ADVANCE,mechanical construction,PROVISIONAL PASS,No exact or edit-distance-one federal record found,0,0,0,0,
91,global rating fill,91,349,1,Time and Skin Longevity,9,Morpheme engine,English-native compound or compression,systematic generation,English-native morpheme engine,Longwork,longwork,8.5,8.3,8.7,9.0,9.1,8.8,9.0,9.1,0.25,8.7,ADVANCE,low structural risk,YELLOW - LIVE NEAR,One-edit live hit outside the core active-class set,0,1,0,3,LONG CORK (SN 98106306; RN 7574375; live; near-1; classes 033); LONG&WOR (SN 88157937; dead/unknown; near-1; classes 009); LONG WORKS (SN 73370501; RN 1289245; dead/unknown; near-1)
92,global rating fill,92,350,1,Time and Skin Longevity,9,Morpheme engine,English-native compound or compression,systematic generation,English-native morpheme engine,Longwise,longwise,8.5,8.3,8.7,9.0,9.1,8.8,9.0,9.1,0.25,8.7,ADVANCE,low structural risk,AMBER - LIVE EXACT,Exact live hit; active classes appear outside core set or are missing,1,1,0,3,"LONGWISE (SN 88511716; RN 6027118; live; exact; classes 036); LOGWISE (SN 79413681; RN 8163969; live; near-1; classes 009,035,036,041,042,045); LOGWISE (SN 75035166; dead/unknown; near-1)"
93,global rating fill,93,351,1,Time and Skin Longevity,9,Morpheme engine,English-native compound or compression,systematic generation,English-native morpheme engine,Longline,longline,8.5,8.3,8.7,9.0,9.1,8.8,9.0,9.1,0.25,8.7,ADVANCE,low structural risk,AMBER - LIVE EXACT,Exact live hit; active classes appear outside core set or are missing,1,24,7,162,LONGLINE (SN 76024495; RN 2440961; live; exact; classes 011); SONGLINE (SN 98403842; RN 8036404; live; near-1; classes 003); LUNG LINE (SN 78395444; RN 2941988; live; near-1; classes 044)
94,global rating fill,94,352,1,Time and Skin Longevity,9,Morpheme engine,English-native compound or compression,systematic generation,English-native morpheme engine,Longkind,longkind,8.5,8.3,8.7,9.0,9.1,8.8,9.0,9.1,0.25,8.7,ADVANCE,low structural risk,AMBER - LIVE NEAR / RELEVANT,One-edit live hit in a relevant active class,0,4,0,11,LONGWIND (SN 79312630; RN 6681667; live; near-1; classes 005); LONGKIN (SN 90729479; live; near-1; classes 028); LONGWIND (SN 90633660; RN 6710803; live; near-1; classes 011)
95,global rating fill,95,357,1,Time and Skin Longevity,9,Morpheme engine,English-native compound or compression,systematic generation,English-native morpheme engine,Longway,longway,8.5,8.3,8.7,9.0,9.1,8.8,9.0,9.1,0.25,8.7,ADVANCE,low structural risk,RED - LIVE EXACT / RELEVANT,Exact live hit in a relevant active class,7,12,15,44,LONGWAY (SN 87595785; RN 5724631; live; exact; classes 021); LONG WAY (SN 90311819; RN 6605545; live; exact; classes 011); LONG WAY (SN 88040092; RN 5808365; live; exact; classes 009)
96,global rating fill,96,358,1,Time and Skin Longevity,9,Morpheme engine,English-native compound or compression,systematic generation,English-native morpheme engine,Durwise,durwise,8.5,8.3,8.7,8.7,9.1,8.8,9.0,9.1,0.25,8.7,ADVANCE,low structural risk,AMBER - LIVE NEAR / RELEVANT,One-edit live hit in a relevant active class,0,4,0,9,"DR.WISE (SN 99850562; live; near-1; classes 009,044); DR. WISE (SN 98396222; RN 7977862; live; near-1; classes 005); SURWISE (SN 79352681; RN 7204123; live; near-1; classes 009)"
97,global rating fill,97,359,1,Time and Skin Longevity,9,Morpheme engine,English-native compound or compression,systematic generation,English-native morpheme engine,Durward,durward,8.5,8.3,8.7,8.7,9.1,8.8,9.0,9.1,0.25,8.7,ADVANCE,low structural risk,AMBER - LIVE NEAR / RELEVANT,One-edit live hit in a relevant active class,0,1,0,4,DURAWARD (SN 98119738; RN 7961516; live; near-1; classes 035); DUWARD (SN 74120081; RN 1753824; dead/unknown; near-1); DUR-GARD (SN 73685223; RN 1502948; dead/unknown; near-1)
98,global rating fill,98,360,1,Time and Skin Longevity,9,Morpheme engine,English-native compound or compression,systematic generation,English-native morpheme engine,Durkind,durkind,8.5,8.3,8.7,8.7,9.1,8.8,9.0,9.1,0.25,8.7,ADVANCE,low structural risk,AMBER - LIVE NEAR / RELEVANT,One-edit live hit in a relevant active class,0,1,0,3,"OUR KIND (SN 99646307; live; near-1; classes 044); OURKIND (SN 97345018; dead/unknown; near-1; classes 005,018,020,021,024,028,031); OURKIND (SN 97303693; dead/unknown; near-1; classes 005,018,020,021,024,028,031)"
99,global rating fill,99,361,1,Time and Skin Longevity,9,Morpheme engine,English-native compound or compression,systematic generation,English-native morpheme engine,Durmade,durmade,8.5,8.3,8.7,8.7,9.1,8.8,9.0,9.1,0.25,8.7,ADVANCE,low structural risk,AMBER - LIVE NEAR / RELEVANT,One-edit live hit in a relevant active class,0,1,0,8,"DERMADE (SN 99834278; live; near-1; classes 003); DURAMADE (SN 88726406; dead/unknown; near-1; classes 020,021); DURAMADE (SN 88726431; dead/unknown; near-1; classes 020,021)"
100,global rating fill,100,366,1,Time and Skin Longevity,9,Morpheme engine,English-native compound or compression,systematic generation,English-native morpheme engine,Continward,continward,8.5,8.3,8.7,8.7,9.1,8.8,9.0,9.1,0.25,8.7,ADVANCE,low structural risk,PROVISIONAL PASS,No exact or edit-distance-one federal record found,0,0,0,0,
101,global rating fill,101,367,1,Time and Skin Longevity,9,Morpheme engine,English-native compound or compression,systematic generation,English-native morpheme engine,Continmark,continmark,8.5,8.3,8.7,8.7,9.1,8.8,9.0,9.1,0.25,8.7,ADVANCE,low structural risk,PROVISIONAL PASS,No exact or edit-distance-one federal record found,0,0,0,0,
102,global rating fill,102,368,1,Time and Skin Longevity,9,Morpheme engine,English-native compound or compression,systematic generation,English-native morpheme engine,Continmade,continmade,8.5,8.3,8.7,8.7,9.1,8.8,9.0,9.1,0.25,8.7,ADVANCE,low structural risk,PROVISIONAL PASS,No exact or edit-distance-one federal record found,0,0,0,0,
103,global rating fill,103,369,1,Time and Skin Longevity,9,Morpheme engine,English-native compound or compression,systematic generation,English-native morpheme engine,Continform,continform,8.5,8.3,8.7,8.7,9.1,8.8,9.0,9.1,0.25,8.7,ADVANCE,low structural risk,PROVISIONAL PASS,Only dead/unknown one-edit records found,0,0,0,1,CONTIFORM (SN 75546717; dead/unknown; near-1; classes 010)
104,global rating fill,104,373,1,Time and Skin Longevity,9,Morpheme engine,English-native compound or compression,systematic generation,English-native morpheme engine,Continstate,continstate,8.5,8.3,8.7,8.7,9.1,8.8,9.0,9.1,0.25,8.7,ADVANCE,low structural risk,PROVISIONAL PASS,No exact or edit-distance-one federal record found,0,0,0,0,
105,global rating fill,105,374,1,Time and Skin Longevity,9,Morpheme engine,English-native compound or compression,systematic generation,English-native morpheme engine,Laterwork,laterwork,8.5,8.3,8.7,9.0,9.1,8.8,9.0,9.1,0.25,8.7,ADVANCE,low structural risk,PROVISIONAL PASS,Only dead/unknown one-edit records found,0,0,0,4,WATERWORK (SN 97366726; dead/unknown; near-1; classes 025); WATER@WORK (SN 88303888; RN 5933953; dead/unknown; near-1); WATER@WORK (SN 85691004; RN 4308825; dead/unknown; near-1)
106,global rating fill,106,375,1,Time and Skin Longevity,9,Morpheme engine,English-native compound or compression,systematic generation,English-native morpheme engine,Latermark,latermark,8.5,8.3,8.7,9.0,9.1,8.8,9.0,9.1,0.25,8.7,ADVANCE,low structural risk,AMBER - LIVE NEAR / RELEVANT,One-edit live hit in a relevant active class,0,28,0,106,"WATERMARK (SN 85296309; RN 4111192; live; near-1; classes 035); WATERMARK (SN 99866284; live; near-1; classes 006,011); WATERMARK (SN 99619390; live; near-1; classes 042)"
107,global rating fill,107,376,1,Time and Skin Longevity,9,Morpheme engine,English-native compound or compression,systematic generation,English-native morpheme engine,Laterline,laterline,8.5,8.3,8.7,9.0,9.1,8.8,9.0,9.1,0.25,8.7,ADVANCE,low structural risk,AMBER - LIVE NEAR / RELEVANT,One-edit live hit in a relevant active class,0,16,0,56,"LA PERLINE (SN 99547215; live; near-1; classes 003); LASERLINE (SN 79116465; RN 4472932; live; near-1; classes 009,010,042); CATERLINE (SN 74697371; RN 2015090; live; near-1; classes 021)"
108,global rating fill,108,377,1,Time and Skin Longevity,9,Morpheme engine,English-native compound or compression,systematic generation,English-native morpheme engine,Laterform,laterform,8.5,8.3,8.7,9.0,9.1,8.8,9.0,9.1,0.25,8.7,ADVANCE,low structural risk,YELLOW - LIVE NEAR,One-edit live hit outside the core active-class set,0,3,0,13,LASERFORM (SN 86906524; RN 5018055; live; near-1; classes 006); WATERFORM (SN 78338549; RN 3130590; live; near-1; classes 011); LASER FORM (SN 75726640; RN 2399572; live; near-1; classes 019)
109,global rating fill,109,378,1,Time and Skin Longevity,9,Morpheme engine,English-native compound or compression,systematic generation,English-native morpheme engine,Latercraft,latercraft,8.5,8.3,8.7,9.0,9.1,8.8,9.0,9.1,0.25,8.7,ADVANCE,low structural risk,YELLOW - LIVE NEAR,One-edit live hit outside the core active-class set,0,1,0,17,"CATERCRAFT (SN 98210571; RN 7780269; live; near-1; classes 006,016,020); WATERCRAFT (SN 79228909; RN 5671950; dead/unknown; near-1); WATERCRAFT (SN 79036692; RN 3554263; dead/unknown; near-1)"
110,global rating fill,110,381,1,Time and Skin Longevity,9,Morpheme engine,English-native compound or compression,systematic generation,English-native morpheme engine,Laterstate,laterstate,8.5,8.3,8.7,9.0,9.1,8.8,9.0,9.1,0.25,8.7,ADVANCE,low structural risk,PROVISIONAL PASS,Only dead/unknown one-edit records found,0,0,0,1,ALTERSTATE (SN 76448300; RN 2731930; dead/unknown; near-1)
111,global rating fill,111,382,1,Time and Skin Longevity,9,Morpheme engine,English-native compound or compression,systematic generation,English-native morpheme engine,Laterway,laterway,8.5,8.3,8.7,9.0,9.1,8.8,9.0,9.1,0.25,8.7,ADVANCE,low structural risk,AMBER - LIVE NEAR / RELEVANT,One-edit live hit in a relevant active class,0,7,0,26,"WATERWAY (SN 98688742; live; near-1; classes 003); WATERWAY (SN 98613331; RN 7722326; live; near-1; classes 032,035); BATERWAY (SN 97866357; RN 7372026; live; near-1; classes 009)"
112,global rating fill,112,383,1,Time and Skin Longevity,9,Morpheme engine,English-native compound or compression,systematic generation,English-native morpheme engine,Nextwork,nextwork,8.5,8.3,8.7,8.7,9.1,8.8,9.0,9.1,0.25,8.7,ADVANCE,low structural risk,AMBER - LIVE NEAR / RELEVANT,One-edit live hit in a relevant active class,0,13,5,90,"NEXTWORX (SN 99775058; live; near-1; classes 035,042); NETWORK (SN 97863324; live; near-1; classes 005); NXTWORK (SN 90398822; RN 7588724; live; near-1; classes 035,041)"
113,global rating fill,113,384,1,Time and Skin Longevity,9,Morpheme engine,English-native compound or compression,systematic generation,English-native morpheme engine,Nextwise,nextwise,8.5,8.3,8.7,8.7,9.1,8.8,9.0,9.1,0.25,8.7,ADVANCE,low structural risk,AMBER - LIVE NEAR / RELEVANT,One-edit live hit in a relevant active class,0,7,0,18,NEXTWINE (SN 77470307; RN 3575355; live; near-1; classes 035); NEXWISE (SN 99689200; live; near-1; classes 042); NESTWISE (SN 99081453; RN 8328479; live; near-1; classes 020)
114,global rating fill,114,385,1,Time and Skin Longevity,9,Morpheme engine,English-native compound or compression,systematic generation,English-native morpheme engine,Nextline,nextline,8.5,8.3,8.7,8.7,9.1,8.8,9.0,9.1,0.25,8.7,ADVANCE,low structural risk,RED - LIVE EXACT / RELEVANT,Exact live hit in a relevant active class,2,13,1,59,"NEXTLINE (SN 99912780; live; exact; classes 005,025,041); NEXTLINE (SN 86248706; RN 4683980; live; exact; classes 035); NEXTLIFE (SN 90671264; RN 6931883; live; near-1; classes 021)"
115,global rating fill,115,386,1,Time and Skin Longevity,9,Morpheme engine,English-native compound or compression,systematic generation,English-native morpheme engine,Nextkind,nextkind,8.5,8.3,8.7,8.7,9.1,8.8,9.0,9.1,0.25,8.7,ADVANCE,low structural risk,AMBER - LIVE NEAR / RELEVANT,One-edit live hit in a relevant active class,0,6,0,11,"NEXTKING (SN 97344098; RN 7334612; live; near-1; classes 003); NEXTMIND (SN 79252425; RN 6055426; live; near-1; classes 009,010,042); NEXKIND (SN 99344219; RN 8078585; live; near-1; classes 026)"
116,global rating fill,116,396,1,Time and Skin Longevity,10,Scientific borrowing,Authentic scientific terminology,systematic generation,authentic scientific terminology,Half Life,halflife,8.2,8.8,8.7,8.7,7.8,8.8,8.4,9.1,0.00,8.7,ADVANCE,low structural risk,AMBER - LIVE EXACT,Exact live hit; active classes appear outside core set or are missing,3,6,1,12,HALF LIFE (SN 98474917; live; exact; classes 009); HALF-LIFE (SN 88525594; RN 5967422; live; exact; classes 041); HALF-LIFE (SN 75300910; RN 2241188; live; exact; classes 009)
117,global rating fill,117,400,1,Time and Skin Longevity,10,Scientific borrowing,Authentic scientific terminology,systematic generation,authentic scientific terminology,Biological Age,biologicalage,8.2,8.8,8.7,8.7,7.8,8.8,8.4,9.1,0.00,8.7,ADVANCE,low structural risk,PROVISIONAL PASS,No exact or edit-distance-one federal record found,0,0,0,0,
118,global rating fill,118,401,1,Time and Skin Longevity,10,Scientific borrowing,Authentic scientific terminology,systematic generation,authentic scientific terminology,Phase Shift,phaseshift,8.2,8.8,8.7,8.7,7.8,8.8,8.4,9.1,0.00,8.7,ADVANCE,low structural risk,AMBER - LIVE EXACT,Exact live hit; active classes appear outside core set or are missing,1,1,4,7,PHASE SHIFT (SN 87266498; RN 5292924; live; exact; classes 042); PHAZE SHIFT (SN 97012626; RN 6863888; live; near-1; classes 032); PHASESHIFT (SN 76620236; dead/unknown; exact; classes 009)
119,global rating fill,119,402,1,Time and Skin Longevity,10,Scientific borrowing,Authentic scientific terminology,systematic generation,authentic scientific terminology,Time Constant,timeconstant,8.2,8.8,8.7,9.0,7.8,8.8,8.4,9.1,0.00,8.7,ADVANCE,low structural risk,PROVISIONAL PASS,No exact or edit-distance-one federal record found,0,0,0,0,
120,global rating fill,120,405,1,Time and Skin Longevity,10,Scientific borrowing,Authentic scientific terminology,systematic generation,authentic scientific terminology,Cumulative Dose,cumulativedose,8.2,8.8,8.7,8.7,7.8,8.8,8.4,9.1,0.00,8.7,ADVANCE,low structural risk,PROVISIONAL PASS,No exact or edit-distance-one federal record found,0,0,0,0,
121,global rating fill,121,407,1,Time and Skin Longevity,10,Scientific borrowing,Authentic scientific terminology,systematic generation,authentic scientific terminology,Mean Lifetime,meanlifetime,8.2,8.8,8.7,9.0,7.8,8.8,8.4,9.1,0.00,8.7,ADVANCE,low structural risk,PROVISIONAL PASS,No exact or edit-distance-one federal record found,0,0,0,0,
122,global rating fill,122,691,1,Time and Skin Longevity,17,Three-team decoy,Decoy-world import,systematic generation,three-team decoy briefs,Second Course,secondcourse,8.4,8.3,8.7,8.7,8.1,8.8,8.4,9.1,0.00,8.7,ADVANCE,low structural risk,YELLOW - DEAD EXACT,Exact federal record exists but is coded dead/unknown,0,0,1,1,SECOND COURSE (SN 73175008; RN 1125820; dead/unknown; exact)
123,global rating fill,123,692,1,Time and Skin Longevity,17,Three-team decoy,Decoy-world import,systematic generation,three-team decoy briefs,Onward Works,onwardworks,8.4,8.3,8.7,8.7,8.1,8.8,8.4,9.1,0.00,8.7,ADVANCE,low structural risk,PROVISIONAL PASS,No exact or edit-distance-one federal record found,0,0,0,0,
124,top 40 within core world,124,1240,2,Nothing Hidden and Transparency,13,Compound: one plus one equals three,Category-relevant compound,hand-authored,curated depth seed,Open Faced,openfaced,9.1,8.9,8.7,7.6,8.1,8.8,8.4,8.5,0.00,8.7,ADVANCE,low structural risk,YELLOW - LIVE NEAR,One-edit live hit outside the core active-class set,0,1,0,4,OPEN FACE (SN 87273936; RN 5397710; live; near-1; classes 043); OPENFACE (SN 85342288; RN 4211113; dead/unknown; near-1); OPEN FACE (SN 77486835; dead/unknown; near-1; classes 009)
125,top 40 within core world,125,1586,3,Bare Face and Recognizable Self,4,Anti-descriptor,Bold contradiction or anti-descriptor,systematic generation,anti-descriptor,Barely Conventional,barelyconventional,8.0,8.6,8.7,9.1,8.1,8.8,8.4,9.0,0.00,8.7,ADVANCE,low structural risk,PROVISIONAL PASS,No exact or edit-distance-one federal record found,0,0,0,0,
126,top 40 within core world,126,1587,3,Bare Face and Recognizable Self,4,Anti-descriptor,Bold contradiction or anti-descriptor,systematic generation,anti-descriptor,Natural Artifice,naturalartifice,8.3,8.6,8.7,9.1,8.1,8.8,8.4,9.0,0.00,8.7,ADVANCE,low structural risk,PROVISIONAL PASS,No exact or edit-distance-one federal record found,0,0,0,0,
127,top 40 within core world,127,1591,3,Bare Face and Recognizable Self,4,Anti-descriptor,Bold contradiction or anti-descriptor,systematic generation,anti-descriptor,Against Perfection,againstperfection,8.3,8.6,8.7,9.1,8.1,8.0,8.4,9.0,0.00,8.7,ADVANCE,low structural risk,PROVISIONAL PASS,No exact or edit-distance-one federal record found,0,0,0,0,
128,top 40 within core world,128,1629,3,Bare Face and Recognizable Self,5,Win by contrast,Unexpected imported term,systematic generation,far-field source contrast,Three Quarter View,threequarterview,8.4,8.8,8.7,9.1,7.8,8.8,7.4,9.0,0.00,8.7,ADVANCE,low structural risk,PROVISIONAL PASS,No exact or edit-distance-one federal record found,0,0,0,0,
129,top 40 within core world,129,1666,3,Bare Face and Recognizable Self,6,Name the audacity / worldview,Short stance phrase,systematic generation,worldview statements,Keep Your Face,keepyourface,8.1,8.5,8.7,9.8,8.1,8.8,7.4,9.0,0.00,8.7,ADVANCE,low structural risk,PROVISIONAL PASS,No exact or edit-distance-one federal record found,0,0,0,0,
130,top 40 within core world,130,1673,3,Bare Face and Recognizable Self,6,Name the audacity / worldview,Short stance phrase,systematic generation,worldview statements,Be Recognizable,berecognizable,8.4,8.5,8.7,9.1,8.1,8.8,8.4,9.0,0.00,8.7,ADVANCE,low structural risk,PROVISIONAL PASS,No exact or edit-distance-one federal record found,0,0,0,0,
131,top 40 within core world,131,1674,3,Bare Face and Recognizable Self,6,Name the audacity / worldview,Short stance phrase,systematic generation,worldview statements,Show Your Face,showyourface,8.1,8.5,8.7,9.8,8.1,8.8,7.4,9.0,0.00,8.7,ADVANCE,low structural risk,YELLOW - DEAD EXACT,Exact federal record exists but is coded dead/unknown,0,0,2,2,SHOW YOUR FACE (SN 87523878; dead/unknown; exact; classes 003); SHOW YOUR FACE (SN 78119746; dead/unknown; exact; classes 005)
132,global rating fill,132,1677,3,Bare Face and Recognizable Self,6,Name the audacity / worldview,Short stance phrase,systematic generation,worldview statements,Remain Yourself,remainyourself,8.4,8.5,8.7,9.1,8.1,8.8,8.4,9.0,0.00,8.7,ADVANCE,low structural risk,PROVISIONAL PASS,No exact or edit-distance-one federal record found,0,0,0,0,
133,global rating fill,133,1679,3,Bare Face and Recognizable Self,6,Name the audacity / worldview,Short stance phrase,systematic generation,worldview statements,Meet Yourself,meetyourself,8.4,8.5,8.7,9.1,8.1,8.8,8.4,9.0,0.00,8.7,ADVANCE,low structural risk,RED - LIVE EXACT / RELEVANT,Exact live hit in a relevant active class,1,0,0,1,MEET YOURSELF (SN 98140754; RN 7473246; live; exact; classes 035)
134,global rating fill,134,1795,3,Bare Face and Recognizable Self,9,Morpheme engine,English-native compound or compression,systematic generation,English-native morpheme engine,Faceline,faceline,8.5,8.3,8.7,9.8,9.1,8.8,9.0,9.0,0.25,8.7,ADVANCE,low structural risk,AMBER - LIVE NEAR / RELEVANT,One-edit live hit in a relevant active class,0,22,2,70,"PACELINE (SN 97134139; RN 7734721; live; near-1; classes 035,036); PACELINE (SN 90761729; RN 7572713; live; near-1; classes 012,021,025); FACELITE (SN 90321634; RN 6454597; live; near-1; classes 003,010)"
135,global rating fill,135,1796,3,Bare Face and Recognizable Self,9,Morpheme engine,English-native compound or compression,systematic generation,English-native morpheme engine,Facekind,facekind,8.5,8.3,8.7,9.8,9.1,8.8,9.0,9.0,0.25,8.7,ADVANCE,low structural risk,YELLOW - LIVE NEAR,One-edit live hit outside the core active-class set,0,2,0,4,FACEWIND (SN 90714498; live; near-1; classes 028); FACEFIND (SN 87738941; RN 5897821; live; near-1; classes 009); FACEKINS (SN 88126525; RN 5773702; dead/unknown; near-1)
136,global rating fill,136,1797,3,Bare Face and Recognizable Self,9,Morpheme engine,English-native compound or compression,systematic generation,English-native morpheme engine,Facecraft,facecraft,8.5,8.3,8.7,9.8,9.1,8.8,9.0,9.0,0.25,8.7,ADVANCE,low structural risk,YELLOW - LIVE NEAR,One-edit live hit outside the core active-class set,0,3,0,12,RACECRAFT (SN 98604603; live; near-1; classes 043); RACECRAFT (SN 88757282; RN 6435309; live; near-1; classes 009); RACECRAFT (SN 87666283; RN 5486069; live; near-1; classes 009)
137,global rating fill,137,1801,3,Bare Face and Recognizable Self,9,Morpheme engine,English-native compound or compression,systematic generation,English-native morpheme engine,Faceway,faceway,8.5,8.3,8.7,9.8,9.1,8.8,9.0,9.0,0.25,8.7,ADVANCE,low structural risk,AMBER - LIVE NEAR / RELEVANT,One-edit live hit in a relevant active class,0,23,1,46,"RACEWAY (SN 99581850; live; near-1; classes 035); RACEWAY (SN 99506680; live; near-1; classes 035); FAREWAY (SN 97855485; RN 7498608; live; near-1; classes 009,035,036)"
138,global rating fill,138,1802,3,Bare Face and Recognizable Self,9,Morpheme engine,English-native compound or compression,systematic generation,English-native morpheme engine,Selfwise,selfwise,8.5,8.3,8.7,9.1,9.1,8.8,9.0,9.0,0.25,8.7,ADVANCE,low structural risk,RED - LIVE EXACT / RELEVANT,Exact live hit in a relevant active class,1,1,0,6,SELFWISE (SN 98330632; RN 7884028; live; exact; classes 003); ELFWISE (SN 99824640; live; near-1; classes 035); SELFWISH (SN 97785588; dead/unknown; near-1; classes 041)
139,global rating fill,139,1803,3,Bare Face and Recognizable Self,9,Morpheme engine,English-native compound or compression,systematic generation,English-native morpheme engine,Selfward,selfward,8.5,8.3,8.7,9.1,9.1,8.8,9.0,9.0,0.25,8.7,ADVANCE,low structural risk,AMBER - LIVE NEAR / RELEVANT,One-edit live hit in a relevant active class,0,2,0,12,"SELFWARE (SN 99666718; live; near-1; classes 035,041); SELFWAR (SN 97235873; live; near-1; classes 025); SELFWARE (SN 99477597; dead/unknown; near-1; classes 009,042)"
140,global rating fill,140,1804,3,Bare Face and Recognizable Self,9,Morpheme engine,English-native compound or compression,systematic generation,English-native morpheme engine,Selfkind,selfkind,8.5,8.3,8.7,9.1,9.1,8.8,9.0,9.0,0.25,8.7,ADVANCE,low structural risk,YELLOW - LIVE NEAR,One-edit live hit outside the core active-class set,0,1,1,4,SELF FIND (SN 90681004; RN 6711843; live; near-1; classes 020); SELFKIND (SN 87807767; RN 5646696; dead/unknown; exact); SELF MIND (SN 99267740; dead/unknown; near-1; classes 009)
141,global rating fill,141,1810,3,Bare Face and Recognizable Self,9,Morpheme engine,English-native compound or compression,systematic generation,English-native morpheme engine,Likeward,likeward,8.5,8.3,8.7,9.1,9.1,8.8,9.0,9.0,0.25,8.7,ADVANCE,low structural risk,AMBER - LIVE NEAR / RELEVANT,One-edit live hit in a relevant active class,0,2,0,8,"LIFEWARD (SN 98612092; live; near-1; classes 010,028,042,044); LAKEWARD (SN 79365487; RN 7301655; live; near-1; classes 036,037,042); LIKEWARE (SN 97294663; dead/unknown; near-1; classes 025)"
142,global rating fill,142,1811,3,Bare Face and Recognizable Self,9,Morpheme engine,English-native compound or compression,systematic generation,English-native morpheme engine,Likemark,likemark,8.5,8.3,8.7,9.1,9.1,8.8,9.0,9.0,0.25,8.7,ADVANCE,low structural risk,AMBER - LIVE NEAR / RELEVANT,One-edit live hit in a relevant active class,0,7,0,24,"LINEMARK (SN 86058458; RN 4536665; live; near-1; classes 035,040,042); LIFEMARK (SN 74728252; RN 2172133; live; near-1; classes 035); LIKEMARY (SN 98126930; RN 7467103; live; near-1; classes 025)"
143,global rating fill,143,1812,3,Bare Face and Recognizable Self,9,Morpheme engine,English-native compound or compression,systematic generation,English-native morpheme engine,Likemade,likemade,8.5,8.3,8.7,9.1,9.1,8.8,9.0,9.0,0.25,8.7,ADVANCE,low structural risk,AMBER - LIVE NEAR / RELEVANT,One-edit live hit in a relevant active class,0,6,0,8,"LIKEMATE (SN 99641345; live; near-1; classes 003); LIFEMADE (SN 97203901; RN 7197239; live; near-1; classes 021); LAKEMADE (SN 88171978; RN 6016285; live; near-1; classes 035,042)"
144,global rating fill,144,1813,3,Bare Face and Recognizable Self,9,Morpheme engine,English-native compound or compression,systematic generation,English-native morpheme engine,Likeform,likeform,8.5,8.3,8.7,9.1,9.1,8.8,9.0,9.0,0.25,8.7,ADVANCE,low structural risk,AMBER - LIVE NEAR / RELEVANT,One-edit live hit in a relevant active class,0,6,0,16,"LIFE FORM (SN 72406073; RN 0950342; live; near-1; classes 001,009,010); LITE FORM (SN 99233168; live; near-1; classes 006,019); LIFEFORM (SN 99211016; live; near-1; classes 019)"
145,global rating fill,145,1817,3,Bare Face and Recognizable Self,9,Morpheme engine,English-native compound or compression,systematic generation,English-native morpheme engine,Likestate,likestate,8.5,8.3,8.7,9.1,9.1,8.8,9.0,9.0,0.25,8.7,ADVANCE,low structural risk,PROVISIONAL PASS,Only dead/unknown one-edit records found,0,0,0,5,"LAKE STATE (SN 98237079; dead/unknown; near-1; classes 032); LIKESTAGE (SN 79316429; dead/unknown; near-1; classes 035,042,045); LIVESTATE (SN 78404310; RN 3230563; dead/unknown; near-1)"
146,global rating fill,146,1826,3,Bare Face and Recognizable Self,9,Morpheme engine,English-native compound or compression,systematic generation,English-native morpheme engine,Familiarway,familiarway,8.5,8.3,8.7,9.1,9.1,8.8,9.0,9.0,0.25,8.7,ADVANCE,low structural risk,PROVISIONAL PASS,No exact or edit-distance-one federal record found,0,0,0,0,
147,global rating fill,147,1835,3,Bare Face and Recognizable Self,10,Scientific borrowing,Authentic scientific terminology,systematic generation,authentic scientific terminology,Facial Identity,facialidentity,8.2,8.8,8.7,9.1,7.8,8.8,8.4,9.0,0.00,8.7,ADVANCE,low structural risk,PROVISIONAL PASS,No exact or edit-distance-one federal record found,0,0,0,0,
148,global rating fill,148,1838,3,Bare Face and Recognizable Self,10,Scientific borrowing,Authentic scientific terminology,systematic generation,authentic scientific terminology,Feature Mapping,featuremapping,8.2,8.8,8.7,9.1,7.8,8.8,8.4,9.0,0.00,8.7,ADVANCE,low structural risk,PROVISIONAL PASS,No exact or edit-distance-one federal record found,0,0,0,0,
149,global rating fill,149,1839,3,Bare Face and Recognizable Self,10,Scientific borrowing,Authentic scientific terminology,systematic generation,authentic scientific terminology,Landmark Detection,landmarkdetection,8.2,8.8,8.7,9.1,7.8,8.8,8.4,9.0,0.00,8.7,ADVANCE,low structural risk,PROVISIONAL PASS,No exact or edit-distance-one federal record found,0,0,0,0,
150,global rating fill,150,1840,3,Bare Face and Recognizable Self,10,Scientific borrowing,Authentic scientific terminology,systematic generation,authentic scientific terminology,Expression Coding,expressioncoding,8.2,8.8,8.7,9.1,7.8,8.8,8.4,9.0,0.00,8.7,ADVANCE,low structural risk,PROVISIONAL PASS,No exact or edit-distance-one federal record found,0,0,0,0,
151,global rating fill,151,1841,3,Bare Face and Recognizable Self,10,Scientific borrowing,Authentic scientific terminology,systematic generation,authentic scientific terminology,Identity Signal,identitysignal,8.2,8.8,8.7,9.1,7.8,8.8,8.4,9.0,0.00,8.7,ADVANCE,low structural risk,PROVISIONAL PASS,No exact or edit-distance-one federal record found,0,0,0,0,
152,global rating fill,152,1842,3,Bare Face and Recognizable Self,10,Scientific borrowing,Authentic scientific terminology,systematic generation,authentic scientific terminology,Facial Morphology,facialmorphology,8.2,8.8,8.7,9.1,7.8,8.8,8.4,9.0,0.00,8.7,ADVANCE,low structural risk,PROVISIONAL PASS,No exact or edit-distance-one federal record found,0,0,0,0,
153,global rating fill,153,1843,3,Bare Face and Recognizable Self,10,Scientific borrowing,Authentic scientific terminology,systematic generation,authentic scientific terminology,Self Recognition,selfrecognition,8.2,8.8,8.7,9.1,7.8,8.8,8.4,9.0,0.00,8.7,ADVANCE,low structural risk,PROVISIONAL PASS,No exact or edit-distance-one federal record found,0,0,0,0,
154,global rating fill,154,1844,3,Bare Face and Recognizable Self,10,Scientific borrowing,Authentic scientific terminology,systematic generation,authentic scientific terminology,Visual Identity,visualidentity,8.2,8.8,8.7,9.1,7.8,8.8,8.4,9.0,0.00,8.7,ADVANCE,low structural risk,PROVISIONAL PASS,No exact or edit-distance-one federal record found,0,0,0,0,
155,global rating fill,155,1845,3,Bare Face and Recognizable Self,10,Scientific borrowing,Authentic scientific terminology,systematic generation,authentic scientific terminology,Feature Space,featurespace,8.2,8.8,8.7,9.1,7.8,8.8,8.4,9.0,0.00,8.7,ADVANCE,low structural risk,RED - LIVE EXACT / RELEVANT,Exact live hit in a relevant active class,1,0,0,1,"FEATURESPACE (SN 86943942; RN 5635421; live; exact; classes 009,035,042)"
156,global rating fill,156,1847,3,Bare Face and Recognizable Self,10,Scientific borrowing,Authentic scientific terminology,systematic generation,authentic scientific terminology,Biometric Match,biometricmatch,8.2,8.8,8.7,9.1,7.8,8.8,8.4,9.0,0.00,8.7,ADVANCE,low structural risk,PROVISIONAL PASS,No exact or edit-distance-one federal record found,0,0,0,0,
157,global rating fill,157,1848,3,Bare Face and Recognizable Self,10,Scientific borrowing,Authentic scientific terminology,systematic generation,authentic scientific terminology,Familiarity Effect,familiarityeffect,8.2,8.8,8.7,9.1,7.8,8.8,8.4,9.0,0.00,8.7,ADVANCE,low structural risk,PROVISIONAL PASS,No exact or edit-distance-one federal record found,0,0,0,0,
158,global rating fill,158,2141,3,Bare Face and Recognizable Self,17,Three-team decoy,Decoy-world import,systematic generation,three-team decoy briefs,Unposed Portraits,unposedportraits,8.4,8.3,8.7,9.1,8.1,8.8,8.4,9.0,0.00,8.7,ADVANCE,low structural risk,PROVISIONAL PASS,No exact or edit-distance-one federal record found,0,0,0,0,
159,global rating fill,159,2142,3,Bare Face and Recognizable Self,17,Three-team decoy,Decoy-world import,systematic generation,three-team decoy briefs,Own Face Company,ownfacecompany,8.1,8.3,8.7,9.8,8.1,8.8,7.4,9.0,0.00,8.7,ADVANCE,low structural risk,PROVISIONAL PASS,No exact or edit-distance-one federal record found,0,0,0,0,
160,top 40 within core world,160,2181,4,Skin Capability and Training,1,Make the intangible tangible,"Authentic object, tool, gesture, or process",systematic generation,world objects and instruments,Traininglog,traininglog,8.8,8.7,8.7,8.2,7.7,8.8,9.0,8.8,0.00,8.7,ADVANCE,low structural risk,PROVISIONAL PASS,No exact or edit-distance-one federal record found,0,0,0,0,
161,top 40 within core world,161,2351,4,Skin Capability and Training,5,Win by contrast,Unexpected imported term,systematic generation,far-field source contrast,Work Capacity,workcapacity,8.8,8.8,8.7,8.2,7.8,8.8,8.4,8.8,0.00,8.7,ADVANCE,low structural risk,PROVISIONAL PASS,No exact or edit-distance-one federal record found,0,0,0,0,
162,top 40 within core world,162,2357,4,Skin Capability and Training,5,Win by contrast,Unexpected imported term,systematic generation,far-field source contrast,Practice Effect,practiceeffect,8.8,8.8,8.7,8.2,7.8,8.8,8.4,8.8,0.00,8.7,ADVANCE,low structural risk,PROVISIONAL PASS,No exact or edit-distance-one federal record found,0,0,0,0,
163,top 40 within core world,163,2360,4,Skin Capability and Training,5,Win by contrast,Unexpected imported term,systematic generation,far-field source contrast,Training Age,trainingage,8.8,8.8,8.7,8.2,7.8,8.8,8.4,8.8,0.00,8.7,ADVANCE,low structural risk,PROVISIONAL PASS,No exact or edit-distance-one federal record found,0,0,0,0,
164,top 40 within core world,164,2366,4,Skin Capability and Training,5,Win by contrast,Unexpected imported term,systematic generation,far-field source contrast,Capacity Test,capacitytest,8.8,8.8,8.7,8.2,7.8,8.8,8.4,8.8,0.00,8.7,ADVANCE,low structural risk,PROVISIONAL PASS,No exact or edit-distance-one federal record found,0,0,0,0,
165,top 40 within core world,165,2374,4,Skin Capability and Training,5,Win by contrast,Unexpected imported term,systematic generation,contrast mononyms,Repetition,repetition,9.0,8.8,8.7,7.9,8.1,8.8,9.0,8.8,0.00,8.7,ADVANCE,low structural risk,RED - LIVE EXACT / RELEVANT,Exact live hit in a relevant active class,1,0,3,5,REPETITION (SN 76486090; RN 2826208; live; exact; classes 021); RÉPÉTITION (SN 85940285; dead/unknown; exact; classes 025); REPETITION (SN 78581947; dead/unknown; exact)
166,top 40 within core world,166,2375,4,Skin Capability and Training,5,Win by contrast,Unexpected imported term,systematic generation,contrast mononyms,Progression,progression,9.0,8.8,8.7,7.9,8.1,8.8,9.0,8.8,0.00,8.7,ADVANCE,low structural risk,RED - LIVE EXACT / RELEVANT,Exact live hit in a relevant active class,5,2,25,46,"PROGRESSION (SN 97313588; RN 7148345; live; exact; classes 009,035,042); PROGRESSION (SN 90367357; RN 7135242; live; exact; classes 009,035,042); PROGRESSION (SN 77184693; RN 3481727; live; exact; classes 009)"
167,top 40 within core world,167,2376,4,Skin Capability and Training,5,Win by contrast,Unexpected imported term,systematic generation,contrast mononyms,Readiness,readiness,9.0,8.8,8.7,7.9,8.1,8.8,9.0,8.8,0.00,8.7,ADVANCE,low structural risk,AMBER - LIVE EXACT,Exact live hit; active classes appear outside core set or are missing,1,0,1,6,READINESS (SN 99159154; RN 8133275; live; exact; classes 042); READINESS (SN 97031773; dead/unknown; exact; classes 044); EREADINESS (SN 86867689; dead/unknown; near-1; classes 041)
168,top 40 within core world,168,2379,4,Skin Capability and Training,5,Win by contrast,Unexpected imported term,systematic generation,contrast mononyms,Drill,drill,9.0,8.8,8.7,7.9,8.1,8.8,9.0,8.8,0.00,8.7,ADVANCE,low structural risk,AMBER - LIVE EXACT,Exact live hit; active classes appear outside core set or are missing,1,56,10,179,"DRILL (SN 78410508; RN 2946204; live; exact; classes 025); BRILL (SN 79411425; RN 8045299; live; near-1; classes 005,010); RILL (SN 98484919; RN 8132116; live; near-1; classes 005)"
169,top 40 within core world,169,2381,4,Skin Capability and Training,5,Win by contrast,Unexpected imported term,systematic generation,contrast mononyms,Block,block,9.0,8.8,8.7,7.9,8.1,8.8,9.0,8.8,0.00,8.7,ADVANCE,low structural risk,RED - LIVE EXACT / RELEVANT,Exact live hit in a relevant active class,26,283,24,804,"BLOCK (SN 99461455; live; exact; classes 035,036); BLOCK (SN 98126240; live; exact; classes 035); BLOCK (SN 97433191; live; exact; classes 035,036)"
170,top 40 within core world,170,2382,4,Skin Capability and Training,5,Win by contrast,Unexpected imported term,systematic generation,contrast mononyms,Cycle,cycle,9.0,8.8,8.7,7.9,8.1,8.0,9.0,8.8,0.00,8.7,ADVANCE,low structural risk,RED - LIVE EXACT / RELEVANT,Exact live hit in a relevant active class,15,54,30,231,"CYCLE (SN 98806528; live; exact; classes 009,010); CYCLE (SN 87686468; RN 6471223; live; exact; classes 035,041); CYCLE (SN 87686472; RN 6008403; live; exact; classes 035,041)"
171,top 40 within core world,171,2383,4,Skin Capability and Training,5,Win by contrast,Unexpected imported term,systematic generation,contrast mononyms,Coach,coach,9.0,8.8,8.7,7.9,8.1,8.8,9.0,8.8,0.00,8.7,ADVANCE,low structural risk,RED - LIVE EXACT / RELEVANT,Exact live hit in a relevant active class,46,64,93,297,"COACH (SN 98700591; RN 7908716; live; exact; classes 035,038,041,042); COACH (SN 98700598; RN 7954771; live; exact; classes 035,038,041,042); COACH (SN 97305554; live; exact; classes 009,035)"
172,top 40 within core world,172,2384,4,Skin Capability and Training,5,Win by contrast,Unexpected imported term,systematic generation,contrast mononyms,Fieldwork,fieldwork,9.0,8.8,8.7,7.9,8.1,8.8,9.0,8.8,0.00,8.7,ADVANCE,low structural risk,RED - LIVE EXACT / RELEVANT,Exact live hit in a relevant active class,6,2,4,20,"FIELDWORK (SN 97811709; live; exact; classes 025,035); FIELDWORK (SN 99589211; live; exact; classes 041); FIELDWORK (SN 98067645; RN 7485524; live; exact; classes 041)"
173,top 40 within core world,173,2391,4,Skin Capability and Training,6,Name the audacity / worldview,Short stance phrase,hand-authored,curated depth seed,Practice Makes,practicemakes,8.8,8.5,8.7,8.2,8.1,8.8,8.4,8.8,0.00,8.7,ADVANCE,low structural risk,YELLOW - LIVE NEAR,One-edit live hit outside the core active-class set,0,1,0,2,PRACTICEMAKER (SN 75416679; RN 2232030; live; near-1; classes 009); PRACTICE MAKERS (SN 73761498; RN 1569623; dead/unknown; near-1)
174,top 40 within core world,174,2875,4,Skin Capability and Training,17,Three-team decoy,Decoy-world import,systematic generation,three-team decoy briefs,Formwork,formwork,8.7,8.3,8.7,8.2,8.3,8.8,9.0,8.8,0.00,8.7,ADVANCE,low structural risk,RED - LIVE EXACT / RELEVANT,Exact live hit in a relevant active class,2,6,1,16,"FORMWORK (SN 86043721; RN 5129326; live; exact; classes 006,011,020,021); FORMWORK (SN 85967715; RN 4622050; live; exact; classes 016); FOREWORK (SN 90179521; RN 6630128; live; near-1; classes 035)"
175,top 40 within core world,175,3096,5,Visible Performance,5,Win by contrast,Unexpected imported term,systematic generation,contrast mononyms,Delta,delta,9.0,8.8,8.7,8.0,8.1,8.8,9.0,8.2,0.00,8.7,ADVANCE,low structural risk,RED - LIVE EXACT / RELEVANT,Exact live hit in a relevant active class,111,99,324,752,"DELTA (SN 99674559; live; exact; classes 035,044); DELTA (SN 99598488; live; exact; classes 011,021); DELTA (SN 99066746; live; exact; classes 035,039)"
176,top 40 within core world,176,3099,5,Visible Performance,5,Win by contrast,Unexpected imported term,systematic generation,contrast mononyms,Finish,finish,9.0,8.8,8.7,8.0,8.1,8.8,9.0,8.2,0.00,8.7,ADVANCE,low structural risk,RED - LIVE EXACT / RELEVANT,Exact live hit in a relevant active class,7,25,17,82,FINISH (SN 90092527; RN 6522000; live; exact; classes 003); FINISH (SN 86398256; RN 4814565; live; exact; classes 003); FINISH (SN 85338502; RN 4063457; live; exact; classes 003)
177,top 40 within core world,177,3108,5,Visible Performance,5,Win by contrast,Unexpected imported term,systematic generation,contrast mononyms,Headway,headway,9.0,8.8,8.7,8.0,8.1,8.8,9.0,8.2,0.00,8.7,ADVANCE,low structural risk,RED - LIVE EXACT / RELEVANT,Exact live hit in a relevant active class,11,4,20,46,"HEADWAY (SN 79364152; RN 7334111; live; exact; classes 005,041,044); HEADWAY (SN 85513415; RN 4321839; live; exact; classes 035); HEADWAY (SN 77370119; RN 3607128; live; exact; classes 010)"
178,top 40 within core world,178,3109,5,Visible Performance,5,Win by contrast,Unexpected imported term,systematic generation,contrast mononyms,Output,output,9.0,8.8,8.7,8.0,8.1,8.8,9.0,8.2,0.00,8.7,ADVANCE,low structural risk,RED - LIVE EXACT / RELEVANT,Exact live hit in a relevant active class,6,2,11,24,"OUTPUT (SN 85762265; RN 4463849; live; exact; classes 009,035); OUTPUT // (SN 79450626; live; exact; classes 009,041); OUTPUT (SN 98876372; RN 7903005; live; exact; classes 042)"
179,top 40 within core world,179,3119,5,Visible Performance,6,Name the audacity / worldview,Short stance phrase,hand-authored,curated depth seed,Result First,resultfirst,8.8,8.5,8.7,8.7,8.1,8.8,8.4,8.2,0.00,8.7,ADVANCE,low structural risk,RED - LIVE EXACT / RELEVANT,Exact live hit in a relevant active class,1,4,0,12,"RESULTFIRST (SN 97408695; RN 7216204; live; exact; classes 035,042); RESULTS FIRST (SN 88927576; RN 6895829; live; near-1; classes 035); RESULTS FIRST (SN 88927573; RN 6895828; live; near-1; classes 016)"
180,top 40 within core world,180,3289,5,Visible Performance,10,Scientific borrowing,Authentic scientific terminology,hand-authored,curated depth seed,Resultant,resultant,8.7,8.8,8.7,8.7,8.1,8.8,9.0,8.2,0.00,8.7,ADVANCE,low structural risk,RED - LIVE EXACT / RELEVANT,Exact live hit in a relevant active class,1,0,5,9,RESULTANT (SN 97072157; RN 6899373; live; exact; classes 035); RESULTANT (SN 90461578; dead/unknown; exact; classes 035); RESULTANT (SN 86372943; dead/unknown; exact; classes 010)
181,top 40 within core world,181,3416,5,Visible Performance,13,Compound: one plus one equals three,Category-relevant compound,hand-authored,curated depth seed,Visible Gain,visiblegain,9.1,8.9,8.7,8.0,8.1,8.8,8.4,8.2,0.00,8.7,ADVANCE,low structural risk,PROVISIONAL PASS,Only dead/unknown one-edit records found,0,0,0,1,VISIBLEGAINS (SN 77826080; RN 3923873; dead/unknown; near-1)
182,top 40 within core world,182,3459,5,Visible Performance,14,Real-word metaphor or eponym,Unexpected real word or metaphor,hand-authored,curated depth seed,By Degrees,bydegrees,9.2,8.9,8.7,8.0,7.8,8.8,8.4,8.2,0.00,8.7,ADVANCE,low structural risk,YELLOW - DEAD EXACT,Exact federal record exists but is coded dead/unknown,0,0,1,2,BY-DEGREES (SN 73275953; RN 1199241; dead/unknown; exact); BYDEGREE (SN 88891795; dead/unknown; near-1; classes 041)
183,top 40 within core world,183,3460,5,Visible Performance,14,Real-word metaphor or eponym,Unexpected real word or metaphor,hand-authored,curated depth seed,On Display,ondisplay,9.2,8.9,8.7,8.0,7.8,8.8,8.4,8.2,0.00,8.7,ADVANCE,low structural risk,RED - LIVE EXACT / RELEVANT,Exact live hit in a relevant active class,2,2,7,12,"ONDISPLAY (SN 88412173; RN 6291865; live; exact; classes 021); ONDISPLAY (SN 87648877; RN 6138928; live; exact; classes 003,005,016,020,021,037); OCDISPLAY (SN 97462867; RN 7120214; live; near-1; classes 020)"
184,top 40 within core world,184,3641,6,Barrier Strength and Adaptive Capacity,1,Make the intangible tangible,"Authentic object, tool, gesture, or process",systematic generation,world objects and instruments,Interface,interface,8.8,8.7,8.7,9.0,7.7,8.8,9.0,8.4,0.00,8.7,ADVANCE,low structural risk,RED - LIVE EXACT / RELEVANT,Exact live hit in a relevant active class,21,11,50,114,INTERFACE (SN 97494900; RN 7496372; live; exact; classes 003); INTERFACE (SN 86069998; RN 4498208; live; exact; classes 035); INTERFACE (SN 85743687; RN 4375065; live; exact; classes 035)
185,top 40 within core world,185,4141,6,Barrier Strength and Adaptive Capacity,13,Compound: one plus one equals three,Category-relevant compound,hand-authored,curated depth seed,Ready Reserve,readyreserve,9.1,8.9,8.7,8.3,8.1,8.8,8.4,8.4,0.00,8.7,ADVANCE,low structural risk,YELLOW - DEAD EXACT,Exact federal record exists but is coded dead/unknown,0,0,5,5,READY RESERVE (SN 77891882; dead/unknown; exact; classes 009); READY RESERVE (SN 75884138; RN 2518486; dead/unknown; exact); READY RESERVE (SN 74152460; RN 1681789; dead/unknown; exact)
186,top 40 within core world,186,4142,6,Barrier Strength and Adaptive Capacity,13,Compound: one plus one equals three,Category-relevant compound,hand-authored,curated depth seed,Living Buffer,livingbuffer,9.1,8.9,8.7,8.3,8.1,8.8,8.4,8.4,0.00,8.7,ADVANCE,low structural risk,PROVISIONAL PASS,No exact or edit-distance-one federal record found,0,0,0,0,
187,top 40 within core world,187,4143,6,Barrier Strength and Adaptive Capacity,13,Compound: one plus one equals three,Category-relevant compound,hand-authored,curated depth seed,Flex State,flexstate,9.1,8.9,8.7,8.3,8.1,8.8,8.4,8.4,0.00,8.7,ADVANCE,low structural risk,AMBER - LIVE NEAR / RELEVANT,One-edit live hit in a relevant active class,0,3,0,13,"FLEXSTAT (SN 78046206; RN 2697820; live; near-1; classes 035); FLEXSTAT (SN 85024407; RN 4039321; live; near-1; classes 017); FLEXSTAKE (SN 74694107; RN 2020361; live; near-1; classes 009,020)"
188,global rating fill,188,21,1,Time and Skin Longevity,1,Make the intangible tangible,"Authentic object, tool, gesture, or process",systematic generation,world objects and instruments,Intervalometer,intervalometer,8.2,8.7,8.7,8.7,7.7,8.8,7.4,9.1,0.00,8.6,ADVANCE,low structural risk,PROVISIONAL PASS,No exact or edit-distance-one federal record found,0,0,0,0,
189,global rating fill,189,45,1,Time and Skin Longevity,2,Benefit ladder / ultimate feeling,Explicit benefit or proposition,hand-authored,curated depth seed,Added Time,addedtime,8.3,8.3,8.7,9.0,7.4,8.8,8.4,9.1,0.00,8.6,ADVANCE,low structural risk,PROVISIONAL PASS,No exact or edit-distance-one federal record found,0,0,0,0,
190,global rating fill,190,46,1,Time and Skin Longevity,2,Benefit ladder / ultimate feeling,Explicit benefit or proposition,hand-authored,curated depth seed,Well Beyond,wellbeyond,8.3,8.3,8.7,8.7,7.4,8.8,8.4,9.1,0.00,8.6,ADVANCE,low structural risk,RED - LIVE EXACT / RELEVANT,Exact live hit in a relevant active class,1,1,6,9,WELL BEYOND (SN 87438417; RN 6428479; live; exact; classes 035); WALLBEYOND (SN 90567031; RN 6632451; live; near-1; classes 020); WELL BEYOND (SN 87136602; RN 5292582; dead/unknown; exact)
191,global rating fill,191,48,1,Time and Skin Longevity,2,Benefit ladder / ultimate feeling,Explicit benefit or proposition,systematic generation,benefit ladder,Long Use,longuse,7.9,8.3,8.7,9.0,7.4,8.8,8.4,9.1,0.00,8.6,ADVANCE,low structural risk,YELLOW - LIVE NEAR,One-edit live hit outside the core active-class set,0,2,0,4,LONGSE (SN 87688473; RN 5938621; live; near-1; classes 009); LONGSE (SN 79072370; RN 3771861; live; near-1; classes 009); LONGSE (SN 79245579; dead/unknown; near-1; classes 009)
192,top 40 within core world,258,865,2,Nothing Hidden and Transparency,4,Anti-descriptor,Bold contradiction or anti-descriptor,systematic generation,anti-descriptor,Undisguised,undisguised,8.6,8.6,8.7,6.9,8.3,8.8,9.0,8.5,0.00,8.6,ADVANCE,low structural risk,PROVISIONAL PASS,No exact or edit-distance-one federal record found,0,0,0,0,
193,top 40 within core world,259,918,2,Nothing Hidden and Transparency,5,Win by contrast,Unexpected imported term,systematic generation,contrast mononyms,Daylight,daylight,9.0,8.8,8.7,6.9,8.1,8.8,9.0,8.5,0.00,8.6,ADVANCE,low structural risk,RED - LIVE EXACT / RELEVANT,Exact live hit in a relevant active class,26,19,36,133,"DAYLIGHT (SN 98602562; live; exact; classes 035); DAYLIGHT (SN 97899562; live; exact; classes 035); DAYLIGHT (SN 97753332; RN 7524646; live; exact; classes 035,042)"
194,top 40 within core world,260,1284,2,Nothing Hidden and Transparency,14,Real-word metaphor or eponym,Unexpected real word or metaphor,hand-authored,curated depth seed,Plain Sight,plainsight,9.2,8.9,8.7,6.9,7.8,8.8,8.4,8.5,0.00,8.6,ADVANCE,low structural risk,RED - LIVE EXACT / RELEVANT,Exact live hit in a relevant active class,8,2,7,19,"PLAINSIGHT (SN 99320823; live; exact; classes 009,035,042); PLAINSIGHT (SN 90721779; RN 6932013; live; exact; classes 035); PLAINSIGHT (SN 99117048; live; exact; classes 025)"
195,global rating fill,261,1495,3,Bare Face and Recognizable Self,2,Benefit ladder / ultimate feeling,Explicit benefit or proposition,hand-authored,curated depth seed,Same Person,sameperson,8.3,8.3,8.7,9.1,7.4,8.8,8.4,9.0,0.00,8.6,ADVANCE,low structural risk,PROVISIONAL PASS,No exact or edit-distance-one federal record found,0,0,0,0,
196,global rating fill,262,1588,3,Bare Face and Recognizable Self,4,Anti-descriptor,Bold contradiction or anti-descriptor,systematic generation,anti-descriptor,Beautifully Familiar,beautifullyfamiliar,8.0,8.6,8.7,9.1,8.1,7.9,8.4,9.0,0.00,8.6,ADVANCE,low structural risk,PROVISIONAL PASS,No exact or edit-distance-one federal record found,0,0,0,0,
197,global rating fill,263,1593,3,Bare Face and Recognizable Self,4,Anti-descriptor,Bold contradiction or anti-descriptor,systematic generation,anti-descriptor,Real Not Retouched,realnotretouched,8.0,8.6,8.7,9.1,8.1,8.8,7.4,9.0,0.00,8.6,ADVANCE,low structural risk,PROVISIONAL PASS,No exact or edit-distance-one federal record found,0,0,0,0,
198,global rating fill,264,1667,3,Bare Face and Recognizable Self,6,Name the audacity / worldview,Short stance phrase,systematic generation,worldview statements,Look Like You,looklikeyou,8.1,8.5,8.7,9.1,8.1,8.8,7.4,9.0,0.00,8.6,ADVANCE,low structural risk,PROVISIONAL PASS,No exact or edit-distance-one federal record found,0,0,0,0,
199,global rating fill,265,1671,3,Bare Face and Recognizable Self,6,Name the audacity / worldview,Short stance phrase,systematic generation,worldview statements,Wear It Well,wearitwell,8.1,8.5,8.7,9.1,8.1,8.8,7.4,9.0,0.00,8.6,ADVANCE,low structural risk,YELLOW - DEAD EXACT,Exact federal record exists but is coded dead/unknown,0,0,3,3,WEAR IT WELL (SN 86050398; RN 4523519; dead/unknown; exact); WEAR IT WELL (SN 85091709; dead/unknown; exact; classes 005); WEAR IT WELL (SN 77335405; RN 3673768; dead/unknown; exact)
200,global rating fill,266,1672,3,Bare Face and Recognizable Self,6,Name the audacity / worldview,Short stance phrase,systematic generation,worldview statements,Keep It Familiar,keepitfamiliar,8.1,8.5,8.7,9.1,8.1,8.8,7.4,9.0,0.00,8.6,ADVANCE,low structural risk,PROVISIONAL PASS,No exact or edit-distance-one federal record found,0,0,0,0,
201,global rating fill,267,1675,3,Bare Face and Recognizable Self,6,Name the audacity / worldview,Short stance phrase,systematic generation,worldview statements,Leave The Features,leavethefeatures,8.1,8.5,8.7,9.1,8.1,8.8,7.4,9.0,0.00,8.6,ADVANCE,low structural risk,PROVISIONAL PASS,No exact or edit-distance-one federal record found,0,0,0,0,
202,global rating fill,268,1678,3,Bare Face and Recognizable Self,6,Name the audacity / worldview,Short stance phrase,systematic generation,worldview statements,Keep The Character,keepthecharacter,8.1,8.5,8.7,9.1,8.1,8.8,7.4,9.0,0.00,8.6,ADVANCE,low structural risk,PROVISIONAL PASS,No exact or edit-distance-one federal record found,0,0,0,0,
203,global rating fill,269,1681,3,Bare Face and Recognizable Self,6,Name the audacity / worldview,Short stance phrase,systematic generation,worldview statements,Do Not Erase,donoterase,8.1,8.5,8.7,9.1,8.1,8.8,7.4,9.0,0.00,8.6,ADVANCE,low structural risk,PROVISIONAL PASS,No exact or edit-distance-one federal record found,0,0,0,0,
204,global rating fill,270,1751,3,Bare Face and Recognizable Self,8,Portmanteau,Clean portmanteau,systematic generation,legible two-source blend,Facure,facure,8.6,8.4,8.7,9.1,9.1,8.8,9.0,9.0,0.30,8.6,ADVANCE,mechanical construction,AMBER - LIVE NEAR / RELEVANT,One-edit live hit in a relevant active class,0,17,1,42,FACARE+ (SN 98352505; RN 7607740; live; near-1; classes 010); 4ACURE (SN 98270451; live; near-1; classes 005); 4ACURE (SN 98061176; live; near-1; classes 003)
205,global rating fill,271,1752,3,Bare Face and Recognizable Self,8,Portmanteau,Clean portmanteau,systematic generation,legible two-source blend,Facnal,facnal,8.6,8.4,8.7,9.1,9.1,8.8,9.0,9.0,0.30,8.6,ADVANCE,mechanical construction,AMBER - LIVE NEAR / RELEVANT,One-edit live hit in a relevant active class,0,4,0,8,FNC NAL (SN 98057449; live; near-1; classes 035); FANAL (SN 87091633; RN 6008200; live; near-1; classes 006); FANAL (SN 87004789; RN 5082246; live; near-1; classes 033)
206,global rating fill,272,1753,3,Bare Face and Recognizable Self,8,Portmanteau,Clean portmanteau,systematic generation,legible two-source blend,Facture,facture,8.6,8.4,8.7,9.1,9.1,8.8,9.0,9.0,0.30,8.6,ADVANCE,mechanical construction,AMBER - LIVE NEAR / RELEVANT,One-edit live hit in a relevant active class,0,13,2,36,"FAKTURE (SN 99670138; live; near-1; classes 035); FACTUREE (SN 79427138; RN 8299738; live; near-1; classes 009,035,040,042); FACTUR (SN 98365252; RN 7675937; live; near-1; classes 035)"
207,global rating fill,273,1754,3,Bare Face and Recognizable Self,8,Portmanteau,Clean portmanteau,systematic generation,legible two-source blend,Facwn,facwn,8.6,8.4,8.7,9.1,9.1,8.8,9.0,9.0,0.30,8.6,ADVANCE,mechanical construction,AMBER - LIVE NEAR / RELEVANT,One-edit live hit in a relevant active class,0,13,0,41,FACIN (SN 99891596; live; near-1; classes 003); FAWN (SN 99214324; live; near-1; classes 003); FAWN (SN 98127084; RN 7788339; live; near-1; classes 005)
208,global rating fill,274,1755,3,Bare Face and Recognizable Self,8,Portmanteau,Clean portmanteau,systematic generation,legible two-source blend,Selile,selile,8.6,8.4,8.7,9.1,9.1,8.8,9.0,9.0,0.30,8.6,ADVANCE,mechanical construction,AMBER - LIVE EXACT,Exact live hit; active classes appear outside core set or are missing,1,6,0,12,"SELILE (SN 99576434; live; exact; classes 027); SELINE (SN 99658344; live; near-1; classes 005); SELISE (SN 88793962; RN 6713809; live; near-1; classes 007,008,021)"
209,global rating fill,275,1756,3,Bare Face and Recognizable Self,8,Portmanteau,Clean portmanteau,systematic generation,legible two-source blend,Selid,selid,8.6,8.4,8.7,9.1,9.1,8.8,9.0,9.0,0.30,8.6,ADVANCE,mechanical construction,AMBER - LIVE NEAR / RELEVANT,One-edit live hit in a relevant active class,0,52,0,147,S-LID (SN 99571050; live; near-1; classes 021); SELIA (SN 99461212; live; near-1; classes 003); ELID (SN 99376862; live; near-1; classes 010)
210,global rating fill,276,1757,3,Bare Face and Recognizable Self,8,Portmanteau,Clean portmanteau,systematic generation,legible two-source blend,Selnize,selnize,8.6,8.4,8.7,9.1,9.1,8.8,9.0,9.0,0.30,8.6,ADVANCE,mechanical construction,YELLOW - LIVE NEAR,One-edit live hit outside the core active-class set,0,2,0,7,SENIZE (SN 97598091; RN 7206150; live; near-1; classes 020); SEZNIZE (SN 88946132; RN 6986869; live; near-1; classes 041); SELNICE (SN 87125244; dead/unknown; near-1)
211,global rating fill,277,1758,3,Bare Face and Recognizable Self,8,Portmanteau,Clean portmanteau,systematic generation,legible two-source blend,Selue,selue,8.6,8.4,8.7,9.1,9.1,8.8,9.0,9.0,0.30,8.6,ADVANCE,mechanical construction,AMBER - LIVE NEAR / RELEVANT,One-edit live hit in a relevant active class,0,23,0,80,"SELUNE (SN 99808468; live; near-1; classes 010); SēLE (SN 79424291; RN 8258287; live; near-1; classes 003,005); SEGUE (SN 98789564; live; near-1; classes 003)"
212,global rating fill,278,1759,3,Bare Face and Recognizable Self,8,Portmanteau,Clean portmanteau,systematic generation,legible two-source blend,Seleo,seleo,8.6,8.4,8.7,9.1,9.1,8.8,9.0,9.0,0.30,8.6,ADVANCE,mechanical construction,AMBER - LIVE NEAR / RELEVANT,One-edit live hit in a relevant active class,0,53,0,179,"ELEO (SN 99910813; live; near-1; classes 010); ELEO (SN 99843595; live; near-1; classes 009,044); ELEO (SN 99582739; live; near-1; classes 010)"
213,global rating fill,279,1760,3,Bare Face and Recognizable Self,8,Portmanteau,Clean portmanteau,systematic generation,legible two-source blend,Likenait,likenait,8.6,8.4,8.7,9.1,9.1,8.8,9.0,9.0,0.30,8.6,ADVANCE,mechanical construction,PROVISIONAL PASS,No exact or edit-distance-one federal record found,0,0,0,0,
214,global rating fill,280,1761,3,Bare Face and Recognizable Self,8,Portmanteau,Clean portmanteau,systematic generation,legible two-source blend,Likensed,likensed,8.6,8.4,8.7,9.1,9.1,8.8,9.0,9.0,0.30,8.6,ADVANCE,mechanical construction,YELLOW - LIVE NEAR,One-edit live hit outside the core active-class set,0,1,0,1,LIKENSE (SN 97496446; RN 7377154; live; near-1; classes 011)
215,global rating fill,281,1762,3,Bare Face and Recognizable Self,8,Portmanteau,Clean portmanteau,systematic generation,legible two-source blend,Likenity,likenity,8.6,8.4,8.7,9.1,9.1,8.8,9.0,9.0,0.30,8.6,ADVANCE,mechanical construction,PROVISIONAL PASS,Only dead/unknown one-edit records found,0,0,0,2,LIRENITY (SN 90793332; dead/unknown; near-1; classes 005); LIKE CITY (SN 78713331; dead/unknown; near-1; classes 035)
216,global rating fill,282,1763,3,Bare Face and Recognizable Self,8,Portmanteau,Clean portmanteau,systematic generation,legible two-source blend,Likenessame,likenessame,8.6,8.4,8.7,9.1,9.1,8.8,9.0,9.0,0.30,8.6,ADVANCE,mechanical construction,PROVISIONAL PASS,No exact or edit-distance-one federal record found,0,0,0,0,
217,top 40 within core world,319,2179,4,Skin Capability and Training,1,Make the intangible tangible,"Authentic object, tool, gesture, or process",systematic generation,world objects and instruments,Repcounter,repcounter,8.8,8.7,8.7,7.9,7.7,8.8,9.0,8.8,0.00,8.6,ADVANCE,low structural risk,PROVISIONAL PASS,Only dead/unknown one-edit records found,0,0,0,1,"RECOUNTER (SN 86886979; dead/unknown; near-1; classes 009,018,025,035)"
218,top 40 within core world,320,2180,4,Skin Capability and Training,1,Make the intangible tangible,"Authentic object, tool, gesture, or process",systematic generation,world objects and instruments,Stopwatch,stopwatch,8.8,8.7,8.7,7.9,7.7,8.8,9.0,8.8,0.00,8.6,ADVANCE,low structural risk,RED - LIVE EXACT / RELEVANT,Exact live hit in a relevant active class,2,4,11,26,"STOPWATCH (SN 88901437; RN 6421214; live; exact; classes 035,042); STOPWATCH (SN 76653063; RN 3172993; live; exact; classes 009); STEPWATCH (SN 98559077; RN 7743098; live; near-1; classes 009)"
219,top 40 within core world,321,2184,4,Skin Capability and Training,1,Make the intangible tangible,"Authentic object, tool, gesture, or process",systematic generation,world objects and instruments,Fieldbook,fieldbook,8.8,8.7,8.7,7.9,7.7,8.8,9.0,8.8,0.00,8.6,ADVANCE,low structural risk,AMBER - LIVE EXACT,Exact live hit; active classes appear outside core set or are missing,3,0,3,8,"FIELDBOOK (SN 99522437; live; exact; classes 009,042); FIELD BOOK (SN 77675249; RN 3719950; live; exact; classes 033); FIELDBOOK (SN 78416641; RN 3107773; live; exact; classes 009)"
220,top 40 within core world,322,2186,4,Skin Capability and Training,1,Make the intangible tangible,"Authentic object, tool, gesture, or process",systematic generation,world objects and instruments,Whistle,whistle,8.8,8.7,8.7,7.9,7.7,8.8,9.0,8.8,0.00,8.6,ADVANCE,low structural risk,RED - LIVE EXACT / RELEVANT,Exact live hit in a relevant active class,21,18,33,137,WHISTLE (SN 88718740; RN 6285886; live; exact; classes 035); WHISTLE (SN 87956314; RN 6043171; live; exact; classes 003); WHISTLE (SN 73816530; RN 1584508; live; exact; classes 010)
221,top 40 within core world,323,2191,4,Skin Capability and Training,1,Make the intangible tangible,"Authentic object, tool, gesture, or process",systematic generation,world objects and instruments,Trackmark,trackmark,8.8,8.7,8.7,7.9,7.7,8.8,9.0,8.8,0.00,8.6,ADVANCE,low structural risk,AMBER - LIVE NEAR / RELEVANT,One-edit live hit in a relevant active class,0,2,0,3,"TRACEMARK (SN 85400930; RN 4199926; live; near-1; classes 035,042); TRACE MARK (SN 74014745; RN 1667361; live; near-1; classes 008,009); TRAKMARK (SN 85500288; dead/unknown; near-1; classes 009)"
222,top 40 within core world,324,2192,4,Skin Capability and Training,1,Make the intangible tangible,"Authentic object, tool, gesture, or process",systematic generation,world objects and instruments,Sessionplan,sessionplan,8.8,8.7,8.7,7.9,7.7,8.8,9.0,8.8,0.00,8.6,ADVANCE,low structural risk,PROVISIONAL PASS,No exact or edit-distance-one federal record found,0,0,0,0,
223,top 40 within core world,325,2194,4,Skin Capability and Training,1,Make the intangible tangible,"Authentic object, tool, gesture, or process",systematic generation,world objects and instruments,Drillcard,drillcard,8.8,8.7,8.7,7.9,7.7,8.8,9.0,8.8,0.00,8.6,ADVANCE,low structural risk,PROVISIONAL PASS,Only dead/unknown one-edit records found,0,0,0,2,DRILL CARE (SN 86772362; RN 4977139; dead/unknown; near-1); DRILL CARE (SN 77523203; RN 3674718; dead/unknown; near-1)
224,top 40 within core world,326,2195,4,Skin Capability and Training,1,Make the intangible tangible,"Authentic object, tool, gesture, or process",systematic generation,world objects and instruments,Paceclock,paceclock,8.8,8.7,8.7,7.9,7.7,8.8,9.0,8.8,0.00,8.6,ADVANCE,low structural risk,YELLOW - LIVE NEAR,One-edit live hit outside the core active-class set,0,1,0,4,RACECLOCK (SN 73572039; RN 1428181; live; near-1; classes 009); FACECLOCK (SN 85291638; RN 4062779; dead/unknown; near-1); PEACE CLOCK (SN 74481311; dead/unknown; near-1)
225,top 40 within core world,327,2350,4,Skin Capability and Training,5,Win by contrast,Unexpected imported term,systematic generation,far-field source contrast,Training Block,trainingblock,8.8,8.8,8.7,8.2,7.8,8.0,8.4,8.8,0.00,8.6,ADVANCE,low structural risk,RED - LIVE EXACT / RELEVANT,Exact live hit in a relevant active class,1,0,0,1,TRAINING BLOCK (SN 88612278; RN 6159813; live; exact; classes 035)
226,top 40 within core world,328,2356,4,Skin Capability and Training,5,Win by contrast,Unexpected imported term,systematic generation,far-field source contrast,Deload Week,deloadweek,8.8,8.8,8.7,7.9,7.8,8.8,8.4,8.8,0.00,8.6,ADVANCE,low structural risk,PROVISIONAL PASS,No exact or edit-distance-one federal record found,0,0,0,0,
227,top 40 within core world,329,2358,4,Skin Capability and Training,5,Win by contrast,Unexpected imported term,systematic generation,far-field source contrast,Motor Pattern,motorpattern,8.8,8.8,8.7,7.9,7.8,8.8,8.4,8.8,0.00,8.6,ADVANCE,low structural risk,PROVISIONAL PASS,No exact or edit-distance-one federal record found,0,0,0,0,
228,top 40 within core world,330,2361,4,Skin Capability and Training,5,Win by contrast,Unexpected imported term,systematic generation,far-field source contrast,Session Rating,sessionrating,8.8,8.8,8.7,7.9,7.8,8.8,8.4,8.8,0.00,8.6,ADVANCE,low structural risk,PROVISIONAL PASS,No exact or edit-distance-one federal record found,0,0,0,0,
229,top 40 within core world,331,2363,4,Skin Capability and Training,5,Win by contrast,Unexpected imported term,systematic generation,far-field source contrast,Base Phase,basephase,8.8,8.8,8.7,7.9,7.8,8.8,8.4,8.8,0.00,8.6,ADVANCE,low structural risk,PROVISIONAL PASS,No exact or edit-distance-one federal record found,0,0,0,0,
230,top 40 within core world,332,2368,4,Skin Capability and Training,5,Win by contrast,Unexpected imported term,systematic generation,contrast mononyms,Form,form,8.4,8.8,8.7,8.2,8.1,8.5,9.0,8.8,0.00,8.6,ADVANCE,low structural risk,RED - LIVE EXACT / RELEVANT,Exact live hit in a relevant active class,26,0,40,66,"FORM (SN 99840394; live; exact; classes 009,010); FORM (SN 99660618; live; exact; classes 003,005); FORM (SN 99277040; RN 8190048; live; exact; classes 028,035)"
231,top 40 within core world,333,2390,4,Skin Capability and Training,6,Name the audacity / worldview,Short stance phrase,hand-authored,curated depth seed,In Condition,incondition,8.8,8.5,8.7,7.9,8.1,8.8,8.4,8.8,0.00,8.6,ADVANCE,low structural risk,YELLOW - DEAD EXACT,Exact federal record exists but is coded dead/unknown,0,0,1,1,IN-CONDITION (SN 73664642; dead/unknown; exact)
232,top 40 within core world,334,2395,4,Skin Capability and Training,6,Name the audacity / worldview,Short stance phrase,systematic generation,worldview statements,Build Capacity,buildcapacity,8.4,8.5,8.7,8.2,8.1,8.8,8.4,8.8,0.00,8.6,ADVANCE,low structural risk,YELLOW - DEAD EXACT,Exact federal record exists but is coded dead/unknown,0,0,1,1,BUILDCAPACITY (SN 97232751; dead/unknown; exact; classes 041)
233,top 40 within core world,335,2396,4,Skin Capability and Training,6,Name the audacity / worldview,Short stance phrase,systematic generation,worldview statements,Practice Daily,practicedaily,8.4,8.5,8.7,8.2,8.1,8.8,8.4,8.8,0.00,8.6,ADVANCE,low structural risk,PROVISIONAL PASS,No exact or edit-distance-one federal record found,0,0,0,0,
234,top 40 within core world,336,2572,4,Skin Capability and Training,10,Scientific borrowing,Authentic scientific terminology,systematic generation,authentic scientific terminology,Deload,deload,8.3,8.8,8.7,7.9,8.1,8.8,9.0,8.8,0.00,8.6,ADVANCE,low structural risk,RED - LIVE EXACT / RELEVANT,Exact live hit in a relevant active class,1,13,1,64,"DELOAD (SN 90054191; RN 6791921; live; exact; classes 009,035,036,041,044,045); RE/LOAD (SN 99788600; live; near-1; classes 003); RELOAD (SN 99029409; live; near-1; classes 035,036,037,040,042)"
235,top 40 within core world,337,2573,4,Skin Capability and Training,10,Scientific borrowing,Authentic scientific terminology,systematic generation,authentic scientific terminology,Taper,taper,8.3,8.8,8.7,7.9,8.1,8.8,9.0,8.8,0.00,8.6,ADVANCE,low structural risk,RED - LIVE EXACT / RELEVANT,Exact live hit in a relevant active class,4,130,10,302,"TAPER (SN 86489907; RN 4893647; live; exact; classes 006,011,021); TAPER (SN 99118620; RN 8031844; live; exact; classes 009); TAPER (SN 99109158; RN 8023201; live; exact; classes 036)"
236,top 40 within core world,338,2862,4,Skin Capability and Training,17,Three-team decoy,Decoy-world import,hand-authored,curated depth seed,Second Set,secondset,8.8,8.3,8.7,7.9,8.1,8.8,8.4,8.8,0.00,8.6,ADVANCE,low structural risk,YELLOW - LIVE NEAR,One-edit live hit outside the core active-class set,0,3,0,4,SECONDSEAT (SN 99410460; live; near-1; classes 042); SECONDNET (SN 99254994; RN 8134217; live; near-1; classes 038); SECONDNET (SN 87603304; RN 5752140; live; near-1; classes 038)
237,top 40 within core world,339,2905,5,Visible Performance,1,Make the intangible tangible,"Authentic object, tool, gesture, or process",systematic generation,world objects and instruments,Scoreboard,scoreboard,8.8,8.7,8.7,8.0,7.7,8.8,9.0,8.2,0.00,8.6,ADVANCE,low structural risk,RED - LIVE EXACT / RELEVANT,Exact live hit in a relevant active class,3,6,39,61,"SCOREBOARD (SN 85302324; RN 4063040; live; exact; classes 035); SCOREBOARD (SN 99514453; live; exact; classes 009,041); SCOREBOARD (SN 87291327; RN 6403719; live; exact; classes 009)"
238,top 40 within core world,340,2910,5,Visible Performance,1,Make the intangible tangible,"Authentic object, tool, gesture, or process",systematic generation,world objects and instruments,Ruler,ruler,8.8,8.7,8.7,8.0,7.7,8.8,9.0,8.2,0.00,8.6,ADVANCE,low structural risk,AMBER - LIVE EXACT,Exact live hit; active classes appear outside core set or are missing,6,48,12,143,RULER (SN 87777774; RN 5772657; live; exact; classes 009); RULER (SN 86105212; RN 4547608; live; exact; classes 041); RULER (SN 75136311; RN 2113715; live; exact; classes 041)
239,top 40 within core world,341,2914,5,Visible Performance,1,Make the intangible tangible,"Authentic object, tool, gesture, or process",systematic generation,world objects and instruments,Finishline,finishline,8.8,8.7,8.7,8.0,7.7,8.8,9.0,8.2,0.00,8.6,ADVANCE,low structural risk,RED - LIVE EXACT / RELEVANT,Exact live hit in a relevant active class,22,2,78,106,FINISH LINE (SN 87975622; RN 5282906; live; exact; classes 035); FINISH LINE (SN 87975623; RN 5398192; live; exact; classes 035); FINISH LINE (SN 86684322; RN 4957431; live; exact; classes 005)
240,top 40 within core world,342,2915,5,Visible Performance,1,Make the intangible tangible,"Authentic object, tool, gesture, or process",systematic generation,world objects and instruments,Indicator,indicator,8.8,8.7,8.7,8.0,7.7,8.8,9.0,8.2,0.00,8.6,ADVANCE,low structural risk,RED - LIVE EXACT / RELEVANT,Exact live hit in a relevant active class,7,14,17,83,INDICATOR (SN 86136270; RN 4665911; live; exact; classes 010); INDICATOR (SN 74092012; RN 1679884; live; exact; classes 021); INDICATOR (SN 90639236; RN 6735380; live; exact; classes 009)
241,top 40 within core world,343,2917,5,Visible Performance,1,Make the intangible tangible,"Authentic object, tool, gesture, or process",systematic generation,world objects and instruments,Display,display,8.8,8.7,8.7,8.0,7.7,8.8,9.0,8.2,0.00,8.6,ADVANCE,low structural risk,RED - LIVE EXACT / RELEVANT,Exact live hit in a relevant active class,4,14,13,64,"DISPLAY (SN 90619195; RN 6867543; live; exact; classes 009,035,036,038,042,045); DISPLAY (SN 98728310; RN 7808612; live; exact; classes 025); DISPLAY! (SN 90619207; RN 6873792; live; exact; classes 009)"
242,top 40 within core world,344,2918,5,Visible Performance,1,Make the intangible tangible,"Authentic object, tool, gesture, or process",systematic generation,world objects and instruments,Signalflag,signalflag,8.8,8.7,8.7,8.0,7.7,8.8,9.0,8.2,0.00,8.6,ADVANCE,low structural risk,YELLOW - DEAD EXACT,Exact federal record exists but is coded dead/unknown,0,0,2,2,SIGNAL FLAG (SN 78565886; dead/unknown; exact; classes 042); SIGNAL FLAG (SN 78565897; RN 3291617; dead/unknown; exact)
243,top 40 within core world,345,2919,5,Visible Performance,1,Make the intangible tangible,"Authentic object, tool, gesture, or process",systematic generation,world objects and instruments,Progressbar,progressbar,8.8,8.7,8.7,8.0,7.7,8.8,9.0,8.2,0.00,8.6,ADVANCE,low structural risk,YELLOW - DEAD EXACT,Exact federal record exists but is coded dead/unknown,0,0,4,4,"PROGRESSBAR (SN 90389380; dead/unknown; exact; classes 009,028,042); PROGRESS BAR (SN 88295039; dead/unknown; exact; classes 005); PROGRESSBAR (SN 86909001; dead/unknown; exact; classes 043)"
244,top 40 within core world,346,2920,5,Visible Performance,1,Make the intangible tangible,"Authentic object, tool, gesture, or process",systematic generation,world objects and instruments,Beforeafter,beforeafter,8.8,8.7,8.7,8.0,7.7,8.8,9.0,8.2,0.00,8.6,ADVANCE,low structural risk,RED - LIVE EXACT / RELEVANT,Exact live hit in a relevant active class,5,0,21,26,BEFORE & AFTER (SN 99834983; live; exact; classes 005); BEFORE & AFTER (SN 99005348; live; exact; classes 021); BEFORE AFTER (SN 98149832; RN 7492396; live; exact; classes 021)
245,top 40 within core world,347,2921,5,Visible Performance,1,Make the intangible tangible,"Authentic object, tool, gesture, or process",systematic generation,world objects and instruments,Swatch,swatch,8.8,8.7,8.7,8.0,7.7,8.8,9.0,8.2,0.00,8.6,ADVANCE,low structural risk,RED - LIVE EXACT / RELEVANT,Exact live hit in a relevant active class,13,129,14,447,"SWATCH (SN 97729406; RN 7213239; live; exact; classes 009,035,041); SWATCH (SN 87264064; RN 5604098; live; exact; classes 009,014,016,018,025,035); SWATCH (SN 99431288; live; exact; classes 014)"
246,top 40 within core world,348,2922,5,Visible Performance,1,Make the intangible tangible,"Authentic object, tool, gesture, or process",systematic generation,world objects and instruments,Samplecard,samplecard,8.8,8.7,8.7,8.0,7.7,8.8,9.0,8.2,0.00,8.6,ADVANCE,low structural risk,YELLOW - LIVE NEAR,One-edit live hit outside the core active-class set,0,1,1,4,SAMPLEGARD (SN 78840662; RN 3222173; live; near-1; classes 020); SAMPLECARD (SN 78745152; RN 3145522; dead/unknown; exact); SIMPLECARD (SN 85126346; dead/unknown; near-1; classes 040)
247,top 40 within core world,349,3041,5,Visible Performance,4,Anti-descriptor,Bold contradiction or anti-descriptor,systematic generation,anti-descriptor,Understated Result,understatedresult,8.3,8.6,8.7,8.7,8.1,8.8,8.4,8.2,0.00,8.6,ADVANCE,low structural risk,PROVISIONAL PASS,No exact or edit-distance-one federal record found,0,0,0,0,
248,top 40 within core world,350,3076,5,Visible Performance,5,Win by contrast,Unexpected imported term,hand-authored,curated depth seed,High Definition,highdefinition,9.1,8.8,8.7,8.0,7.8,8.8,8.4,8.2,0.00,8.6,ADVANCE,low structural risk,RED - LIVE EXACT / RELEVANT,Exact live hit in a relevant active class,9,1,28,41,HIGH DEFINITION (SN 75069988; RN 2168039; live; exact; classes 003); HIGH DEFINITION (SN 74177005; RN 1904866; live; exact; classes 003); HIGH DEFINITION (SN 86369256; RN 4708302; live; exact; classes 034)
249,top 40 within core world,351,3077,5,Visible Performance,5,Win by contrast,Unexpected imported term,systematic generation,far-field source contrast,Effect Size,effectsize,8.8,8.8,8.7,8.0,7.8,8.8,8.4,8.2,0.00,8.6,ADVANCE,low structural risk,PROVISIONAL PASS,No exact or edit-distance-one federal record found,0,0,0,0,
250,top 40 within core world,352,3078,5,Visible Performance,5,Win by contrast,Unexpected imported term,systematic generation,far-field source contrast,Primary Endpoint,primaryendpoint,8.8,8.8,8.7,8.0,7.8,8.8,8.4,8.2,0.00,8.6,ADVANCE,low structural risk,PROVISIONAL PASS,No exact or edit-distance-one federal record found,0,0,0,0,
251,top 40 within core world,353,3079,5,Visible Performance,5,Win by contrast,Unexpected imported term,systematic generation,far-field source contrast,Change Score,changescore,8.8,8.8,8.7,8.0,7.8,8.8,8.4,8.2,0.00,8.6,ADVANCE,low structural risk,PROVISIONAL PASS,No exact or edit-distance-one federal record found,0,0,0,0,
252,top 40 within core world,354,3080,5,Visible Performance,5,Win by contrast,Unexpected imported term,systematic generation,far-field source contrast,Observed Result,observedresult,8.8,8.8,8.7,8.7,7.8,8.8,8.4,8.2,0.00,8.6,ADVANCE,low structural risk,PROVISIONAL PASS,No exact or edit-distance-one federal record found,0,0,0,0,
253,top 40 within core world,355,3083,5,Visible Performance,5,Win by contrast,Unexpected imported term,systematic generation,far-field source contrast,Visual Grade,visualgrade,8.8,8.8,8.7,8.0,7.8,8.8,8.4,8.2,0.00,8.6,ADVANCE,low structural risk,PROVISIONAL PASS,No exact or edit-distance-one federal record found,0,0,0,0,
254,top 40 within core world,356,3086,5,Visible Performance,5,Win by contrast,Unexpected imported term,systematic generation,far-field source contrast,Performance Index,performanceindex,8.8,8.8,8.7,8.0,7.8,8.8,8.4,8.2,0.00,8.6,ADVANCE,low structural risk,AMBER - LIVE NEAR / RELEVANT,One-edit live hit in a relevant active class,0,1,2,3,"M PERFORMANCE INDEX (SN 79273060; RN 6218911; live; near-1; classes 009,010,044); PERFORMANCE INDEX (SN 75892065; dead/unknown; exact; classes 042); PERFORMANCE INDEX (SN 75706689; RN 2427663; dead/unknown; exact)"
255,top 40 within core world,357,3087,5,Visible Performance,5,Win by contrast,Unexpected imported term,systematic generation,far-field source contrast,Output Measure,outputmeasure,8.8,8.8,8.7,8.0,7.8,8.8,8.4,8.2,0.00,8.6,ADVANCE,low structural risk,PROVISIONAL PASS,No exact or edit-distance-one federal record found,0,0,0,0,
256,top 40 within core world,358,3090,5,Visible Performance,5,Win by contrast,Unexpected imported term,systematic generation,far-field source contrast,Test Result,testresult,8.8,8.8,8.7,8.7,7.8,8.8,8.4,8.2,0.00,8.6,ADVANCE,low structural risk,PROVISIONAL PASS,No exact or edit-distance-one federal record found,0,0,0,0,
257,top 40 within core world,359,3091,5,Visible Performance,5,Win by contrast,Unexpected imported term,systematic generation,far-field source contrast,Delta Value,deltavalue,8.8,8.8,8.7,8.0,7.8,8.8,8.4,8.2,0.00,8.6,ADVANCE,low structural risk,YELLOW - LIVE NEAR,One-edit live hit outside the core active-class set,0,1,0,4,DELTAVALVE (SN 77801656; RN 4036734; live; near-1; classes 009); DELTAVALVE (SN 75886189; dead/unknown; near-1; classes 011); DELTAVALVE (SN 75886190; RN 2545902; dead/unknown; near-1)
258,top 40 within core world,360,3092,5,Visible Performance,5,Win by contrast,Unexpected imported term,systematic generation,far-field source contrast,Before State,beforestate,8.8,8.8,8.7,8.0,7.8,8.8,8.4,8.2,0.00,8.6,ADVANCE,low structural risk,PROVISIONAL PASS,No exact or edit-distance-one federal record found,0,0,0,0,
259,top 40 within core world,361,3093,5,Visible Performance,5,Win by contrast,Unexpected imported term,systematic generation,far-field source contrast,After State,afterstate,8.8,8.8,8.7,8.0,7.8,8.8,8.4,8.2,0.00,8.6,ADVANCE,low structural risk,PROVISIONAL PASS,Only dead/unknown one-edit records found,0,0,0,1,ALTERSTATE (SN 76448300; RN 2731930; dead/unknown; near-1)
260,top 40 within core world,362,3094,5,Visible Performance,5,Win by contrast,Unexpected imported term,systematic generation,far-field source contrast,Finish Quality,finishquality,8.8,8.8,8.7,8.0,7.8,8.8,8.4,8.2,0.00,8.6,ADVANCE,low structural risk,PROVISIONAL PASS,No exact or edit-distance-one federal record found,0,0,0,0,
261,top 40 within core world,363,3095,5,Visible Performance,5,Win by contrast,Unexpected imported term,systematic generation,far-field source contrast,Acceptance Test,acceptancetest,8.8,8.8,8.7,8.0,7.8,8.8,8.4,8.2,0.00,8.6,ADVANCE,low structural risk,PROVISIONAL PASS,No exact or edit-distance-one federal record found,0,0,0,0,
262,top 40 within core world,364,3293,5,Visible Performance,10,Scientific borrowing,Authentic scientific terminology,systematic generation,authentic scientific terminology,Endpoint,endpoint,8.3,8.8,8.7,8.0,8.1,8.8,9.0,8.2,0.00,8.6,ADVANCE,low structural risk,RED - LIVE EXACT / RELEVANT,Exact live hit in a relevant active class,6,5,7,28,ENDPOINT (SN 99485066; live; exact; classes 035); END POINT (SN 77279888; RN 3430809; live; exact; classes 005); ENDPOINT (SN 99485060; live; exact; classes 042)
263,top 40 within core world,365,3545,5,Visible Performance,16,Synchronicity / source-library raid,Authentic insider terminology,hand-authored,curated depth seed,Change Register,changeregister,9.0,8.8,8.7,8.0,7.8,8.8,8.4,8.2,0.00,8.6,ADVANCE,low structural risk,PROVISIONAL PASS,No exact or edit-distance-one federal record found,0,0,0,0,
264,top 40 within core world,366,3599,5,Visible Performance,17,Three-team decoy,Decoy-world import,systematic generation,three-team decoy briefs,Outperform,outperform,8.7,8.3,8.7,8.0,8.3,8.8,9.0,8.2,0.00,8.6,ADVANCE,low structural risk,RED - LIVE EXACT / RELEVANT,Exact live hit in a relevant active class,5,0,8,14,"OUTPERFORM (SN 99895841; live; exact; classes 005,032); OUTPERFORM (SN 86112920; RN 4551702; live; exact; classes 035); OUT-PERFORM (SN 88953773; RN 6512453; live; exact; classes 024)"
265,top 40 within core world,367,3631,6,Barrier Strength and Adaptive Capacity,1,Make the intangible tangible,"Authentic object, tool, gesture, or process",systematic generation,world objects and instruments,Buffer,buffer,8.8,8.7,8.7,8.3,7.7,8.8,9.0,8.4,0.00,8.6,ADVANCE,low structural risk,AMBER - LIVE EXACT,Exact live hit; active classes appear outside core set or are missing,1,21,7,88,"BUFFER (SN 85663384; RN 4288913; live; exact; classes 009,042); RUFFER (SN 97300616; RN 7445558; live; near-1; classes 009,016,035,036,041,042); PUFFER (SN 88110366; RN 5732791; live; near-1; classes 035,037,042)"
266,top 40 within core world,368,3633,6,Barrier Strength and Adaptive Capacity,1,Make the intangible tangible,"Authentic object, tool, gesture, or process",systematic generation,world objects and instruments,Hinge,hinge,8.8,8.7,8.7,8.3,7.7,8.8,9.0,8.4,0.00,8.6,ADVANCE,low structural risk,RED - LIVE EXACT / RELEVANT,Exact live hit in a relevant active class,8,42,18,136,"HINGE (SN 98157884; RN 7492486; live; exact; classes 035,036,037,041); HINGE (SN 98157894; RN 7492487; live; exact; classes 035,036,037,041); HINGE (SN 97170715; RN 7040288; live; exact; classes 008,021)"
267,top 40 within core world,369,3634,6,Barrier Strength and Adaptive Capacity,1,Make the intangible tangible,"Authentic object, tool, gesture, or process",systematic generation,world objects and instruments,Membrane,membrane,8.8,8.7,8.7,8.3,7.7,8.8,9.0,8.4,0.00,8.6,ADVANCE,low structural risk,AMBER - LIVE EXACT,Exact live hit; active classes appear outside core set or are missing,2,4,3,27,"MEMBRANE (SN 99658678; live; exact; classes 009,042); MEMBRANE (SN 97460264; RN 7770531; live; exact; classes 036,042); MEMBRANA (SN 86125529; RN 4779911; live; near-1; classes 009,010)"
268,top 40 within core world,370,3635,6,Barrier Strength and Adaptive Capacity,1,Make the intangible tangible,"Authentic object, tool, gesture, or process",systematic generation,world objects and instruments,Gasket,gasket,8.8,8.7,8.7,8.3,7.7,8.8,9.0,8.4,0.00,8.6,ADVANCE,low structural risk,AMBER - LIVE EXACT,Exact live hit; active classes appear outside core set or are missing,4,10,1,44,GASKET (SN 98101804; RN 7455913; live; exact; classes 009); GASKET (SN 86882448; RN 5061116; live; exact; classes 009); GASKET (SN 86128311; RN 5078287; live; exact; classes 008)
269,top 40 within core world,371,3636,6,Barrier Strength and Adaptive Capacity,1,Make the intangible tangible,"Authentic object, tool, gesture, or process",systematic generation,world objects and instruments,Shockmount,shockmount,8.8,8.7,8.7,8.3,7.7,8.8,9.0,8.4,0.00,8.6,ADVANCE,low structural risk,YELLOW - DEAD EXACT,Exact federal record exists but is coded dead/unknown,0,0,2,2,SHOCK MOUNT (SN 78806829; dead/unknown; exact; classes 009); SHOCK/MOUNT (SN 73216286; RN 1146090; dead/unknown; exact)
270,top 40 within core world,372,3638,6,Barrier Strength and Adaptive Capacity,1,Make the intangible tangible,"Authentic object, tool, gesture, or process",systematic generation,world objects and instruments,Bellows,bellows,8.8,8.7,8.7,8.3,7.7,8.8,9.0,8.4,0.00,8.6,ADVANCE,low structural risk,AMBER - LIVE EXACT,Exact live hit; active classes appear outside core set or are missing,7,17,5,37,BELLOWS (SN 97620827; RN 7431492; live; exact; classes 028); BELLOWS (SN 88407257; RN 5891342; live; exact; classes 009); BELLOWS (SN 85860202; RN 4396234; live; exact; classes 033)
271,top 40 within core world,373,3639,6,Barrier Strength and Adaptive Capacity,1,Make the intangible tangible,"Authentic object, tool, gesture, or process",systematic generation,world objects and instruments,Suspension,suspension,8.8,8.7,8.7,8.3,7.7,8.8,9.0,8.4,0.00,8.6,ADVANCE,low structural risk,AMBER - LIVE EXACT,Exact live hit; active classes appear outside core set or are missing,1,2,1,6,"SUSPENSION (SN 78554099; RN 3146766; live; exact; classes 008); SUSPENSION1 (SN 99055211; live; near-1; classes 035,042); SUPSPENSION (SN 86852913; RN 5291770; live; near-1; classes 012)"
272,top 40 within core world,374,3640,6,Barrier Strength and Adaptive Capacity,1,Make the intangible tangible,"Authentic object, tool, gesture, or process",systematic generation,world objects and instruments,Bridge,bridge,8.8,8.7,8.7,8.3,7.7,8.8,9.0,8.4,0.00,8.6,ADVANCE,low structural risk,RED - LIVE EXACT / RELEVANT,Exact live hit in a relevant active class,41,107,86,457,"BRIDGE+ (SN 99875972; live; exact; classes 035,041); BRIDGE (SN 99861576; live; exact; classes 042,044); BRIDGE (SN 99260372; live; exact; classes 009,035,041)"
273,top 40 within core world,375,3643,6,Barrier Strength and Adaptive Capacity,1,Make the intangible tangible,"Authentic object, tool, gesture, or process",systematic generation,world objects and instruments,Cushion,cushion,8.8,8.7,8.7,8.3,7.7,8.8,9.0,8.4,0.00,8.6,ADVANCE,low structural risk,RED - LIVE EXACT / RELEVANT,Exact live hit in a relevant active class,5,13,8,57,CUSHION (SN 99855524; live; exact; classes 044); CUSHION (SN 99482874; live; exact; classes 036); CUSHION (SN 98525148; live; exact; classes 022)
274,top 40 within core world,376,3644,6,Barrier Strength and Adaptive Capacity,1,Make the intangible tangible,"Authentic object, tool, gesture, or process",systematic generation,world objects and instruments,Reservoir,reservoir,8.8,8.7,8.7,8.3,7.7,8.8,9.0,8.4,0.00,8.6,ADVANCE,low structural risk,RED - LIVE EXACT / RELEVANT,Exact live hit in a relevant active class,15,1,18,38,"RESERVOIR (SN 99851048; live; exact; classes 003); RESERVOIR (SN 98048897; RN 7740298; live; exact; classes 030,035); RESERVOIR (SN 87837853; RN 5595056; live; exact; classes 035,042)"
275,top 40 within core world,377,3645,6,Barrier Strength and Adaptive Capacity,1,Make the intangible tangible,"Authentic object, tool, gesture, or process",systematic generation,world objects and instruments,Thermostat,thermostat,8.8,8.7,8.7,8.3,7.7,8.8,9.0,8.4,0.00,8.6,ADVANCE,low structural risk,RED - LIVE EXACT / RELEVANT,Exact live hit in a relevant active class,5,4,4,42,"THERMOSTAT (SN 99806715; live; exact; classes 005); THERMOSTAT (SN 75318372; RN 2371931; live; exact; classes 010); THERMO-STAT (SN 88816812; RN 6531571; live; exact; classes 020,024)"
276,top 40 within core world,378,3647,6,Barrier Strength and Adaptive Capacity,1,Make the intangible tangible,"Authentic object, tool, gesture, or process",systematic generation,world objects and instruments,Damper,damper,8.8,8.7,8.7,8.3,7.7,8.8,9.0,8.4,0.00,8.6,ADVANCE,low structural risk,AMBER - LIVE NEAR / RELEVANT,One-edit live hit in a relevant active class,0,40,3,125,"RAMPER (SN 99338109; live; near-1; classes 035); ZAMPER (SN 79379076; RN 7636728; live; near-1; classes 001,005,010); DAMPR (SN 97600578; RN 7201475; live; near-1; classes 035)"
277,top 40 within core world,379,3648,6,Barrier Strength and Adaptive Capacity,1,Make the intangible tangible,"Authentic object, tool, gesture, or process",systematic generation,world objects and instruments,Regulator,regulator,8.8,8.7,8.7,8.3,7.7,8.8,9.0,8.4,0.00,8.6,ADVANCE,low structural risk,RED - LIVE EXACT / RELEVANT,Exact live hit in a relevant active class,20,2,21,53,"REGULATOR (SN 99027927; live; exact; classes 005,031); REGULATOR (SN 88262788; RN 5813680; live; exact; classes 021); REGULATOR (SN 99440348; live; exact; classes 013)"
278,top 40 within core world,380,3649,6,Barrier Strength and Adaptive Capacity,1,Make the intangible tangible,"Authentic object, tool, gesture, or process",systematic generation,world objects and instruments,Flexure,flexure,8.8,8.7,8.7,8.3,7.7,8.8,9.0,8.4,0.00,8.6,ADVANCE,low structural risk,AMBER - LIVE EXACT,Exact live hit; active classes appear outside core set or are missing,2,15,4,38,FLEXURE (SN 90218351; RN 6366336; live; exact; classes 025); FLEXURE (SN 77354832; RN 3464783; live; exact; classes 009); FLEXUSE (SN 97691531; RN 7259446; live; near-1; classes 021)
279,top 40 within core world,381,3762,6,Barrier Strength and Adaptive Capacity,4,Anti-descriptor,Bold contradiction or anti-descriptor,systematic generation,anti-descriptor,Flexible Barrier,flexiblebarrier,8.3,8.6,8.7,9.0,8.1,8.8,8.4,8.4,0.00,8.6,ADVANCE,low structural risk,PROVISIONAL PASS,No exact or edit-distance-one federal record found,0,0,0,0,
280,top 40 within core world,382,3803,6,Barrier Strength and Adaptive Capacity,5,Win by contrast,Unexpected imported term,systematic generation,far-field source contrast,Buffer Capacity,buffercapacity,8.8,8.8,8.7,8.3,7.8,8.8,8.4,8.4,0.00,8.6,ADVANCE,low structural risk,PROVISIONAL PASS,No exact or edit-distance-one federal record found,0,0,0,0,
281,top 40 within core world,383,3804,6,Barrier Strength and Adaptive Capacity,5,Win by contrast,Unexpected imported term,systematic generation,far-field source contrast,Elastic Limit,elasticlimit,8.8,8.8,8.7,8.3,7.8,8.8,8.4,8.4,0.00,8.6,ADVANCE,low structural risk,PROVISIONAL PASS,No exact or edit-distance-one federal record found,0,0,0,0,
282,top 40 within core world,384,3805,6,Barrier Strength and Adaptive Capacity,5,Win by contrast,Unexpected imported term,systematic generation,far-field source contrast,Yield Point,yieldpoint,8.8,8.8,8.7,8.3,7.8,8.8,8.4,8.4,0.00,8.6,ADVANCE,low structural risk,RED - LIVE EXACT / RELEVANT,Exact live hit in a relevant active class,2,2,1,7,"YIELDPOINT (SN 85469839; RN 4231338; live; exact; classes 042,044); YIELDPOINT (SN 99762873; live; exact; classes 042); FIELDPOINT (SN 98473548; RN 8296732; live; near-1; classes 033)"
283,top 40 within core world,385,3807,6,Barrier Strength and Adaptive Capacity,5,Win by contrast,Unexpected imported term,systematic generation,far-field source contrast,Reserve Capacity,reservecapacity,8.8,8.8,8.7,8.3,7.8,8.8,8.4,8.4,0.00,8.6,ADVANCE,low structural risk,YELLOW - DEAD EXACT,Exact federal record exists but is coded dead/unknown,0,0,1,1,RESERVE CAPACITY (SN 75700946; dead/unknown; exact; classes 036)
284,top 40 within core world,386,3808,6,Barrier Strength and Adaptive Capacity,5,Win by contrast,Unexpected imported term,systematic generation,far-field source contrast,Tolerance Window,tolerancewindow,8.8,8.8,8.7,8.3,7.8,8.8,8.4,8.4,0.00,8.6,ADVANCE,low structural risk,PROVISIONAL PASS,No exact or edit-distance-one federal record found,0,0,0,0,
285,top 40 within core world,387,3809,6,Barrier Strength and Adaptive Capacity,5,Win by contrast,Unexpected imported term,systematic generation,far-field source contrast,Feedback Loop,feedbackloop,8.8,8.8,8.7,8.3,7.8,8.8,8.4,8.4,0.00,8.6,ADVANCE,low structural risk,YELLOW - DEAD EXACT,Exact federal record exists but is coded dead/unknown,0,0,4,4,"FEEDBACKLOOP (SN 88748070; dead/unknown; exact; classes 009,035,042,045); FEEDBACKLOOP (SN 86006662; dead/unknown; exact; classes 016); FEEDBACK LOOP (SN 78439875; RN 3037730; dead/unknown; exact)"
286,top 40 within core world,388,3810,6,Barrier Strength and Adaptive Capacity,5,Win by contrast,Unexpected imported term,systematic generation,far-field source contrast,Adaptive Range,adaptiverange,8.8,8.8,8.7,8.3,7.8,8.8,8.4,8.4,0.00,8.6,ADVANCE,low structural risk,PROVISIONAL PASS,No exact or edit-distance-one federal record found,0,0,0,0,
287,top 40 within core world,389,3812,6,Barrier Strength and Adaptive Capacity,5,Win by contrast,Unexpected imported term,systematic generation,far-field source contrast,Recovery Modulus,recoverymodulus,8.8,8.8,8.7,8.3,7.8,8.8,8.4,8.4,0.00,8.6,ADVANCE,low structural risk,PROVISIONAL PASS,No exact or edit-distance-one federal record found,0,0,0,0,
288,top 40 within core world,390,3813,6,Barrier Strength and Adaptive Capacity,5,Win by contrast,Unexpected imported term,systematic generation,far-field source contrast,Load Response,loadresponse,8.8,8.8,8.7,8.3,7.8,8.8,8.4,8.4,0.00,8.6,ADVANCE,low structural risk,YELLOW - LIVE NEAR,One-edit live hit outside the core active-class set,0,1,0,1,ROADRESPONSE (SN 78003587; RN 2637279; live; near-1; classes 012)
289,top 40 within core world,391,3816,6,Barrier Strength and Adaptive Capacity,5,Win by contrast,Unexpected imported term,systematic generation,far-field source contrast,Response Reserve,responsereserve,8.8,8.8,8.7,8.3,7.8,8.8,8.4,8.4,0.00,8.6,ADVANCE,low structural risk,PROVISIONAL PASS,No exact or edit-distance-one federal record found,0,0,0,0,
290,top 40 within core world,392,3817,6,Barrier Strength and Adaptive Capacity,5,Win by contrast,Unexpected imported term,systematic generation,far-field source contrast,Flexible Coupling,flexiblecoupling,8.8,8.8,8.7,8.3,7.8,8.8,8.4,8.4,0.00,8.6,ADVANCE,low structural risk,PROVISIONAL PASS,No exact or edit-distance-one federal record found,0,0,0,0,
291,top 40 within core world,393,3820,6,Barrier Strength and Adaptive Capacity,5,Win by contrast,Unexpected imported term,systematic generation,far-field source contrast,Dynamic Seal,dynamicseal,8.8,8.8,8.7,8.3,7.8,8.8,8.4,8.4,0.00,8.6,ADVANCE,low structural risk,PROVISIONAL PASS,Only dead/unknown one-edit records found,0,0,0,2,DYNAMICS EAM (SN 85689762; RN 4320319; dead/unknown; near-1); DYNAMIC SEALS (SN 74058851; RN 1728895; dead/unknown; near-1)
292,top 40 within core world,394,3821,6,Barrier Strength and Adaptive Capacity,5,Win by contrast,Unexpected imported term,systematic generation,far-field source contrast,Shock Absorber,shockabsorber,8.8,8.8,8.7,8.3,7.8,8.8,8.4,8.4,0.00,8.6,ADVANCE,low structural risk,AMBER - LIVE EXACT,Exact live hit; active classes appear outside core set or are missing,3,0,9,16,"SHOCK ABSORBER (SN 98977223; RN 8113924; live; exact; classes 041); SHOCK ABSORBER (SN 85156817; RN 3957852; live; exact; classes 007,008); SHOCK ABSORBER (SN 74575757; RN 2051795; live; exact; classes 025)"
293,top 40 within core world,395,3822,6,Barrier Strength and Adaptive Capacity,5,Win by contrast,Unexpected imported term,systematic generation,far-field source contrast,Control Loop,controlloop,8.8,8.8,8.7,8.3,7.8,8.8,8.4,8.4,0.00,8.6,ADVANCE,low structural risk,AMBER - LIVE NEAR / RELEVANT,One-edit live hit in a relevant active class,0,1,1,2,CONTROLOOP (SN 76189037; RN 2602587; live; near-1; classes 010); CONTROL LOOP (SN 73456182; dead/unknown; exact)
294,top 40 within core world,396,4015,6,Barrier Strength and Adaptive Capacity,10,Scientific borrowing,Authentic scientific terminology,systematic generation,authentic scientific terminology,Homeostasis,homeostasis,8.3,8.8,8.7,8.3,8.1,8.8,9.0,8.4,0.00,8.6,ADVANCE,low structural risk,YELLOW - DEAD EXACT,Exact federal record exists but is coded dead/unknown,0,0,1,1,HOMEOSTASIS (SN 78701775; RN 3197757; dead/unknown; exact)
295,top 40 within core world,397,4016,6,Barrier Strength and Adaptive Capacity,10,Scientific borrowing,Authentic scientific terminology,systematic generation,authentic scientific terminology,Allostasis,allostasis,8.3,8.8,8.7,8.3,8.1,8.8,9.0,8.4,0.00,8.6,ADVANCE,low structural risk,PROVISIONAL PASS,No exact or edit-distance-one federal record found,0,0,0,0,
296,top 40 within core world,398,4024,6,Barrier Strength and Adaptive Capacity,10,Scientific borrowing,Authentic scientific terminology,systematic generation,authentic scientific terminology,Barrier Function,barrierfunction,8.2,8.8,8.7,9.0,7.8,8.8,8.4,8.4,0.00,8.6,ADVANCE,low structural risk,PROVISIONAL PASS,No exact or edit-distance-one federal record found,0,0,0,0,
297,top 40 within core world,399,4314,6,Barrier Strength and Adaptive Capacity,17,Three-team decoy,Decoy-world import,hand-authored,curated depth seed,Reserve Works,reserveworks,8.8,8.3,8.7,8.3,8.1,8.8,8.4,8.4,0.00,8.6,ADVANCE,low structural risk,PROVISIONAL PASS,No exact or edit-distance-one federal record found,0,0,0,0,
298,top 40 within core world,451,729,2,Nothing Hidden and Transparency,1,Make the intangible tangible,"Authentic object, tool, gesture, or process",systematic generation,world objects and instruments,Window,window,8.8,8.7,8.7,6.9,7.7,8.8,9.0,8.5,0.00,8.5,ADVANCE,low structural risk,RED - LIVE EXACT / RELEVANT,Exact live hit in a relevant active class,3,54,12,170,"WINDOW (SN 97368538; RN 7067308; live; exact; classes 041,044); WINDOW (SN 90881413; RN 7160032; live; exact; classes 009,044); WINDOW (SN 97234905; live; exact; classes 009,042)"
299,top 40 within core world,452,731,2,Nothing Hidden and Transparency,1,Make the intangible tangible,"Authentic object, tool, gesture, or process",systematic generation,world objects and instruments,Cutaway,cutaway,8.8,8.7,8.7,6.9,7.7,8.8,9.0,8.5,0.00,8.5,ADVANCE,low structural risk,AMBER - LIVE EXACT,Exact live hit; active classes appear outside core set or are missing,2,5,10,21,CUTAWAY (SN 97459907; RN 6895381; live; exact; classes 025); CUTAWAY (SN 76713858; RN 4510964; live; exact; classes 032); KUT-A-WAY (SN 86332048; RN 4699043; live; near-1; classes 021)
300,top 40 within core world,453,737,2,Nothing Hidden and Transparency,1,Make the intangible tangible,"Authentic object, tool, gesture, or process",systematic generation,world objects and instruments,Cleartext,cleartext,8.8,8.7,8.7,6.9,7.7,8.8,9.0,8.5,0.00,8.5,ADVANCE,low structural risk,AMBER - LIVE NEAR / RELEVANT,One-edit live hit in a relevant active class,0,7,1,17,CLEAR TEST (SN 99136930; RN 8124172; live; near-1; classes 035); CLEAR TEST (SN 98856946; RN 7867740; live; near-1; classes 001); CLEAR TENT (SN 98222148; RN 7567281; live; near-1; classes 022)
301,top 40 within core world,454,738,2,Nothing Hidden and Transparency,1,Make the intangible tangible,"Authentic object, tool, gesture, or process",systematic generation,world objects and instruments,Watermark,watermark,8.8,8.7,8.7,6.9,7.7,8.8,9.0,8.5,0.00,8.5,ADVANCE,low structural risk,RED - LIVE EXACT / RELEVANT,Exact live hit in a relevant active class,25,12,69,127,"WATERMARK (SN 85296309; RN 4111192; live; exact; classes 035); WATERMARK (SN 99866284; live; exact; classes 006,011); WATERMARK (SN 99619390; live; exact; classes 042)"
302,top 40 within core world,455,739,2,Nothing Hidden and Transparency,1,Make the intangible tangible,"Authentic object, tool, gesture, or process",systematic generation,world objects and instruments,Glasshouse,glasshouse,8.8,8.7,8.7,6.9,7.7,8.8,9.0,8.5,0.00,8.5,ADVANCE,low structural risk,RED - LIVE EXACT / RELEVANT,Exact live hit in a relevant active class,6,2,12,23,"GLASSHOUSE (SN 79314778; RN 6848818; live; exact; classes 003,004,005,008,021); GLASSHOUSE (SN 90052853; RN 6281116; live; exact; classes 021); GLASSHOUSE (SN 99891652; live; exact; classes 041)"
303,top 40 within core world,456,740,2,Nothing Hidden and Transparency,1,Make the intangible tangible,"Authentic object, tool, gesture, or process",systematic generation,world objects and instruments,Showcase,showcase,8.8,8.7,8.7,6.9,7.7,8.8,9.0,8.5,0.00,8.5,ADVANCE,low structural risk,RED - LIVE EXACT / RELEVANT,Exact live hit in a relevant active class,23,11,96,155,"SHOWCASE (SN 98261325; RN 7908621; live; exact; classes 035,036,041,042); SHOWCASE (SN 78520232; RN 3124744; live; exact; classes 005); SHOWCASE (SN 72093853; RN 0710391; live; exact; classes 021)"
304,top 40 within core world,457,743,2,Nothing Hidden and Transparency,1,Make the intangible tangible,"Authentic object, tool, gesture, or process",systematic generation,world objects and instruments,Hatch,hatch,8.8,8.7,8.7,6.9,7.7,8.8,9.0,8.5,0.00,8.5,ADVANCE,low structural risk,RED - LIVE EXACT / RELEVANT,Exact live hit in a relevant active class,41,175,57,552,"HATCH (SN 98849353; live; exact; classes 009,044); HATCH+ (SN 98729150; RN 8130060; live; exact; classes 035); HATCH (SN 97914955; RN 7547689; live; exact; classes 035,042,045)"
305,top 40 within core world,458,744,2,Nothing Hidden and Transparency,1,Make the intangible tangible,"Authentic object, tool, gesture, or process",systematic generation,world objects and instruments,Keyhole,keyhole,8.8,8.7,8.7,6.9,7.7,8.8,9.0,8.5,0.00,8.5,ADVANCE,low structural risk,AMBER - LIVE EXACT,Exact live hit; active classes appear outside core set or are missing,3,0,8,11,KEYHOLE (SN 99791828; live; exact; classes 042); KEYHOLE (SN 75424031; RN 2276676; live; exact; classes 016); KEYHOLE (SN 73630260; RN 1443853; live; exact; classes 006)
306,top 40 within core world,459,745,2,Nothing Hidden and Transparency,1,Make the intangible tangible,"Authentic object, tool, gesture, or process",systematic generation,world objects and instruments,Lucida,lucida,8.8,8.7,8.7,6.9,7.7,8.8,9.0,8.5,0.00,8.5,ADVANCE,low structural risk,RED - LIVE EXACT / RELEVANT,Exact live hit in a relevant active class,6,98,17,276,"LUCIDA (SN 85947624; RN 4598360; live; exact; classes 044); LUCIDA (SN 97801189; RN 7762948; live; exact; classes 018,040); LUCIDA (SN 88703759; RN 6639830; live; exact; classes 007)"
307,top 40 within core world,460,746,2,Nothing Hidden and Transparency,1,Make the intangible tangible,"Authentic object, tool, gesture, or process",systematic generation,world objects and instruments,Witnessmark,witnessmark,8.8,8.7,8.7,6.9,7.7,8.8,9.0,8.5,0.00,8.5,ADVANCE,low structural risk,AMBER - LIVE EXACT,Exact live hit; active classes appear outside core set or are missing,1,0,3,5,"WITNESSMARK (SN 99533055; live; exact; classes 009,042); WITNESS MARK (SN 87647415; RN 5591665; dead/unknown; exact); WITNESS MARK (SN 77230552; RN 3444181; dead/unknown; exact)"
308,top 40 within core world,461,899,2,Nothing Hidden and Transparency,5,Win by contrast,Unexpected imported term,systematic generation,far-field source contrast,Exploded View,explodedview,8.8,8.8,8.7,6.9,7.8,8.8,8.4,8.5,0.00,8.5,ADVANCE,low structural risk,YELLOW - DEAD EXACT,Exact federal record exists but is coded dead/unknown,0,0,1,1,EXPLODED VIEW (SN 78087048; RN 2718154; dead/unknown; exact)
309,top 40 within core world,462,900,2,Nothing Hidden and Transparency,5,Win by contrast,Unexpected imported term,systematic generation,far-field source contrast,Cutaway Drawing,cutawaydrawing,8.8,8.8,8.7,6.9,7.8,8.8,8.4,8.5,0.00,8.5,ADVANCE,low structural risk,PROVISIONAL PASS,No exact or edit-distance-one federal record found,0,0,0,0,
310,top 40 within core world,463,901,2,Nothing Hidden and Transparency,5,Win by contrast,Unexpected imported term,systematic generation,far-field source contrast,Open File,openfile,8.8,8.8,8.7,6.9,7.8,8.8,8.4,8.5,0.00,8.5,ADVANCE,low structural risk,YELLOW - LIVE NEAR,One-edit live hit outside the core active-class set,0,8,1,16,OPEN MILE (SN 99456781; live; near-1; classes 025); OPEN MILE (SN 99456830; live; near-1; classes 025); OPEN FIRE (SN 98561974; RN 7734091; live; near-1; classes 043)
311,top 40 within core world,464,902,2,Nothing Hidden and Transparency,5,Win by contrast,Unexpected imported term,systematic generation,far-field source contrast,Public Record,publicrecord,8.8,8.8,8.7,6.9,7.8,8.8,8.4,8.5,0.00,8.5,ADVANCE,low structural risk,AMBER - LIVE EXACT,Exact live hit; active classes appear outside core set or are missing,1,1,3,8,PUBLIC RECORD (SN 87332282; RN 5280921; live; exact; classes 025); PUBLIC RECORDS (SN 88485617; RN 5975765; live; near-1; classes 043); PUBLIC RECORD (SN 86776540; RN 5192094; dead/unknown; exact)
312,top 40 within core world,465,904,2,Nothing Hidden and Transparency,5,Win by contrast,Unexpected imported term,systematic generation,far-field source contrast,Source Code,sourcecode,8.8,8.8,8.7,6.9,7.8,8.8,8.4,8.5,0.00,8.5,ADVANCE,low structural risk,AMBER - LIVE EXACT,Exact live hit; active classes appear outside core set or are missing,1,0,10,11,SOURCECODE (SN 78758079; RN 3464145; live; exact; classes 009); SOURCECODE (SN 90589721; dead/unknown; exact; classes 035); SOURCECODE (SN 88670704; dead/unknown; exact; classes 003)
313,top 40 within core world,466,907,2,Nothing Hidden and Transparency,5,Win by contrast,Unexpected imported term,systematic generation,far-field source contrast,Registration Mark,registrationmark,8.8,8.8,8.7,6.9,7.8,8.8,8.4,8.5,0.00,8.5,ADVANCE,low structural risk,PROVISIONAL PASS,No exact or edit-distance-one federal record found,0,0,0,0,
314,top 40 within core world,467,908,2,Nothing Hidden and Transparency,5,Win by contrast,Unexpected imported term,systematic generation,far-field source contrast,Viewing Port,viewingport,8.8,8.8,8.7,6.9,7.8,8.8,8.4,8.5,0.00,8.5,ADVANCE,low structural risk,PROVISIONAL PASS,No exact or edit-distance-one federal record found,0,0,0,0,
315,top 40 within core world,468,911,2,Nothing Hidden and Transparency,5,Win by contrast,Unexpected imported term,systematic generation,far-field source contrast,Proof Sheet,proofsheet,8.8,8.8,8.7,6.9,7.8,8.8,8.4,8.5,0.00,8.5,ADVANCE,low structural risk,YELLOW - DEAD EXACT,Exact federal record exists but is coded dead/unknown,0,0,2,2,PROOFSHEET (SN 85803240; dead/unknown; exact; classes 035); PROOF SHEET (SN 75347226; dead/unknown; exact)
316,top 40 within core world,469,916,2,Nothing Hidden and Transparency,5,Win by contrast,Unexpected imported term,systematic generation,far-field source contrast,Ingredient Ledger,ingredientledger,8.8,8.8,8.7,6.9,7.8,8.8,8.4,8.5,0.00,8.5,ADVANCE,low structural risk,PROVISIONAL PASS,No exact or edit-distance-one federal record found,0,0,0,0,
317,top 40 within core world,470,917,2,Nothing Hidden and Transparency,5,Win by contrast,Unexpected imported term,systematic generation,far-field source contrast,Plain Language,plainlanguage,8.8,8.8,8.7,6.9,7.8,8.8,8.4,8.5,0.00,8.5,ADVANCE,low structural risk,YELLOW - DEAD EXACT,Exact federal record exists but is coded dead/unknown,0,0,2,2,PLAIN LANGUAGE (SN 78870533; dead/unknown; exact; classes 042); PLAIN LANGUAGE (SN 78125525; dead/unknown; exact; classes 035)
318,top 40 within core world,471,943,2,Nothing Hidden and Transparency,6,Name the audacity / worldview,Short stance phrase,systematic generation,worldview statements,Look Inside,lookinside,8.4,8.5,8.7,6.9,8.1,8.8,8.4,8.5,0.00,8.5,ADVANCE,low structural risk,RED - LIVE EXACT / RELEVANT,Exact live hit in a relevant active class,10,0,10,21,LOOK INSIDE (SN 87535394; RN 5950600; live; exact; classes 035); LOOK INSIDE (SN 87533742; RN 5950597; live; exact; classes 035); LOOK INSIDE (SN 99529413; live; exact; classes 009)
319,top 40 within core world,472,1115,2,Nothing Hidden and Transparency,10,Scientific borrowing,Authentic scientific terminology,systematic generation,authentic scientific terminology,Refraction,refraction,8.3,8.8,8.7,6.9,8.1,8.8,9.0,8.5,0.00,8.5,ADVANCE,low structural risk,YELLOW - DEAD EXACT,Exact federal record exists but is coded dead/unknown,0,0,7,16,"REFRACTION (SN 97560304; dead/unknown; exact; classes 035,041); REFRACTION (SN 88682521; dead/unknown; exact; classes 009); REFRACTION (SN 88590849; dead/unknown; exact; classes 003)"
320,top 40 within core world,473,1128,2,Nothing Hidden and Transparency,10,Scientific borrowing,Authentic scientific terminology,systematic generation,authentic scientific terminology,Disclosure,disclosure,8.3,8.8,8.7,6.9,8.1,8.8,9.0,8.5,0.00,8.5,ADVANCE,low structural risk,AMBER - LIVE EXACT,Exact live hit; active classes appear outside core set or are missing,3,0,13,24,"DISCLOSURE (SN 98161702; RN 7812462; live; exact; classes 034); DISCLOSURE (SN 97329983; RN 7109421; live; exact; classes 025); DISCLOSURE (SN 87312772; RN 5294738; live; exact; classes 041,045)"
321,top 40 within core world,524,2308,4,Skin Capability and Training,4,Anti-descriptor,Bold contradiction or anti-descriptor,systematic generation,anti-descriptor,Good Stress,goodstress,8.3,8.6,8.7,7.9,8.1,8.0,8.4,8.8,0.00,8.5,ADVANCE,low structural risk,YELLOW - DEAD EXACT,Exact federal record exists but is coded dead/unknown,0,0,1,1,"GOOD STRESS (SN 98325521; dead/unknown; exact; classes 041,044)"
322,top 40 within core world,525,2309,4,Skin Capability and Training,4,Anti-descriptor,Bold contradiction or anti-descriptor,systematic generation,anti-descriptor,Active Recovery,activerecovery,8.3,8.6,8.7,7.9,8.1,8.8,8.4,8.8,0.00,8.5,ADVANCE,low structural risk,RED - LIVE EXACT / RELEVANT,Exact live hit in a relevant active class,3,0,5,9,"ACTIVE RECOVERY (SN 99474712; live; exact; classes 010); ACTIVE RECOVERY (SN 90869905; RN 7271900; live; exact; classes 009,041,042,044); ACTIVE RECOVERY (SN 99474718; live; exact; classes 025)"
323,top 40 within core world,526,2316,4,Skin Capability and Training,4,Anti-descriptor,Bold contradiction or anti-descriptor,systematic generation,anti-descriptor,Gentle Load,gentleload,8.3,8.6,8.7,7.9,8.1,8.8,8.4,8.8,0.00,8.5,ADVANCE,low structural risk,PROVISIONAL PASS,Only dead/unknown one-edit records found,0,0,0,1,GENTLE LOADS (SN 98297498; dead/unknown; near-1; classes 003)
324,top 40 within core world,527,2348,4,Skin Capability and Training,5,Win by contrast,Unexpected imported term,systematic generation,far-field source contrast,Progressive Overload,progressiveoverload,8.4,8.8,8.7,7.9,7.8,8.7,8.4,8.8,0.00,8.5,ADVANCE,low structural risk,PROVISIONAL PASS,No exact or edit-distance-one federal record found,0,0,0,0,
325,global rating fill,528,2359,4,Skin Capability and Training,5,Win by contrast,Unexpected imported term,systematic generation,far-field source contrast,Skill Transfer,skilltransfer,8.8,8.8,8.7,7.9,7.8,8.0,8.4,8.8,0.00,8.5,ADVANCE,low structural risk,PROVISIONAL PASS,No exact or edit-distance-one federal record found,0,0,0,0,
326,global rating fill,529,2364,4,Skin Capability and Training,5,Win by contrast,Unexpected imported term,systematic generation,far-field source contrast,Build Phase,buildphase,8.8,8.8,8.7,7.9,7.8,8.0,8.4,8.8,0.00,8.5,ADVANCE,low structural risk,PROVISIONAL PASS,No exact or edit-distance-one federal record found,0,0,0,0,
327,global rating fill,530,2367,4,Skin Capability and Training,5,Win by contrast,Unexpected imported term,systematic generation,far-field source contrast,Form Under Load,formunderload,8.4,8.8,8.7,8.2,7.8,8.8,7.4,8.8,0.00,8.5,ADVANCE,low structural risk,PROVISIONAL PASS,No exact or edit-distance-one federal record found,0,0,0,0,
328,global rating fill,531,2519,4,Skin Capability and Training,9,Morpheme engine,English-native compound or compression,systematic generation,English-native morpheme engine,Trainwork,trainwork,8.5,8.3,8.7,8.2,9.1,8.8,9.0,8.8,0.25,8.5,ADVANCE,low structural risk,AMBER - LIVE EXACT,Exact live hit; active classes appear outside core set or are missing,1,1,0,21,"TRAINWORK (SN 99646364; live; exact; classes 041); BRAINWORK (SN 99009646; live; near-1; classes 035,041); TRAINWORX (SN 86169689; dead/unknown; near-1; classes 028)"
329,global rating fill,532,2520,4,Skin Capability and Training,9,Morpheme engine,English-native compound or compression,systematic generation,English-native morpheme engine,Trainwise,trainwise,8.5,8.3,8.7,8.2,9.1,8.8,9.0,8.8,0.25,8.5,ADVANCE,low structural risk,AMBER - LIVE EXACT,Exact live hit; active classes appear outside core set or are missing,1,6,0,23,"TRAINWISE (SN 85834167; RN 4752326; live; exact; classes 009); GRAINWISE (SN 99468827; live; near-1; classes 041,044); BRAINWISE (SN 86461336; RN 4879726; live; near-1; classes 035,041,044)"
330,global rating fill,533,2521,4,Skin Capability and Training,9,Morpheme engine,English-native compound or compression,systematic generation,English-native morpheme engine,Trainline,trainline,8.5,8.3,8.7,8.2,9.1,8.8,9.0,8.8,0.25,8.5,ADVANCE,low structural risk,RED - LIVE EXACT / RELEVANT,Exact live hit in a relevant active class,3,2,1,22,"TRAINLINE (SN 79286491; RN 6375139; live; exact; classes 009,016,028,035,036,038,039,041,042,043,045); TRAINLINE (SN 79177994; RN 5238539; live; exact; classes 009,035,036,039); TRAINLINE (SN 74500597; RN 1947462; live; exact; classes 028)"
331,global rating fill,534,2522,4,Skin Capability and Training,9,Morpheme engine,English-native compound or compression,systematic generation,English-native morpheme engine,Trainkind,trainkind,8.5,8.3,8.7,8.2,9.1,8.8,9.0,8.8,0.25,8.5,ADVANCE,low structural risk,PROVISIONAL PASS,No exact or edit-distance-one federal record found,0,0,0,0,
332,global rating fill,535,2523,4,Skin Capability and Training,9,Morpheme engine,English-native compound or compression,systematic generation,English-native morpheme engine,Traincraft,traincraft,8.5,8.3,8.7,8.2,9.1,8.8,9.0,8.8,0.25,8.5,ADVANCE,low structural risk,AMBER - LIVE NEAR / RELEVANT,One-edit live hit in a relevant active class,0,7,0,12,GRAINCRAFT (SN 99298670; live; near-1; classes 021); TRAILCRAFT (SN 99853953; live; near-1; classes 032); BRAINCRAFT (SN 88506031; RN 6065800; live; near-1; classes 009)
333,global rating fill,536,2527,4,Skin Capability and Training,9,Morpheme engine,English-native compound or compression,systematic generation,English-native morpheme engine,Trainway,trainway,8.5,8.3,8.7,8.2,9.1,8.8,9.0,8.8,0.25,8.5,ADVANCE,low structural risk,YELLOW - LIVE NEAR,One-edit live hit outside the core active-class set,0,2,0,11,GRAINWAY (SN 99282713; live; near-1; classes 030); TRAILWAY (SN 90216910; RN 6386709; live; near-1; classes 020); RAINWAY (SN 97892768; dead/unknown; near-1; classes 009)
334,global rating fill,537,2529,4,Skin Capability and Training,9,Morpheme engine,English-native compound or compression,systematic generation,English-native morpheme engine,Formward,formward,8.5,8.3,8.7,8.2,9.1,8.8,9.0,8.8,0.25,8.5,ADVANCE,low structural risk,AMBER - LIVE NEAR / RELEVANT,One-edit live hit in a relevant active class,0,35,0,90,"F O R W A R D (SN 99740972; live; near-1; classes 025,035); FORWARD (SN 99599149; live; near-1; classes 005); FORWARD (SN 99424977; RN 8242298; live; near-1; classes 035)"
335,global rating fill,538,2530,4,Skin Capability and Training,9,Morpheme engine,English-native compound or compression,systematic generation,English-native morpheme engine,Formkind,formkind,8.5,8.3,8.7,8.2,9.1,8.8,9.0,8.8,0.25,8.5,ADVANCE,low structural risk,AMBER - LIVE NEAR / RELEVANT,One-edit live hit in a relevant active class,0,1,0,2,FORMIND (SN 98345260; RN 7607394; live; near-1; classes 010); FORM KING (SN 76054472; dead/unknown; near-1; classes 009)
336,global rating fill,539,2531,4,Skin Capability and Training,9,Morpheme engine,English-native compound or compression,systematic generation,English-native morpheme engine,Formmade,formmade,8.5,8.3,8.7,8.2,9.1,8.8,9.0,8.8,0.25,8.5,ADVANCE,low structural risk,PROVISIONAL PASS,Only dead/unknown one-edit records found,0,0,0,5,FORMADE (SN 97012237; dead/unknown; near-1; classes 003); FARMMADE (SN 86036947; dead/unknown; near-1; classes 035); FARMMADE (SN 86036978; dead/unknown; near-1; classes 035)
337,global rating fill,540,2536,4,Skin Capability and Training,9,Morpheme engine,English-native compound or compression,systematic generation,English-native morpheme engine,Capward,capward,8.5,8.3,8.7,7.9,9.1,8.8,9.0,8.8,0.25,8.5,ADVANCE,low structural risk,PROVISIONAL PASS,Only dead/unknown one-edit records found,0,0,0,5,CAP WARE (SN 77748211; RN 4264856; dead/unknown; near-1); CAPCARD (SN 75419766; RN 2342208; dead/unknown; near-1); CAP CARD (SN 74458580; RN 1970763; dead/unknown; near-1)
338,global rating fill,541,2537,4,Skin Capability and Training,9,Morpheme engine,English-native compound or compression,systematic generation,English-native morpheme engine,Capmark,capmark,8.5,8.3,8.7,7.9,9.1,8.8,9.0,8.8,0.25,8.5,ADVANCE,low structural risk,AMBER - LIVE EXACT,Exact live hit; active classes appear outside core set or are missing,1,4,3,33,CAPMARK (SN 99823836; live; exact; classes 042); CAPARK (SN 90556836; RN 6620385; live; near-1; classes 028); CAMPARK (SN 86522013; RN 4879884; live; near-1; classes 009)
339,global rating fill,542,2538,4,Skin Capability and Training,9,Morpheme engine,English-native compound or compression,systematic generation,English-native morpheme engine,Capmade,capmade,8.5,8.3,8.7,7.9,9.1,8.8,9.0,8.8,0.25,8.5,ADVANCE,low structural risk,AMBER - LIVE NEAR / RELEVANT,One-edit live hit in a relevant active class,0,6,0,11,CAPSADE (SN 98194579; RN 7969756; live; near-1; classes 005); CAPMATE (SN 99221722; live; near-1; classes 020); CAPMATE (SN 97302283; RN 7029406; live; near-1; classes 042)
340,global rating fill,543,2539,4,Skin Capability and Training,9,Morpheme engine,English-native compound or compression,systematic generation,English-native morpheme engine,Capform,capform,8.5,8.3,8.7,8.2,9.1,8.8,9.0,8.8,0.25,8.5,ADVANCE,low structural risk,PROVISIONAL PASS,Only dead/unknown one-edit records found,0,0,0,7,NAPFORM (SN 78919235; RN 3241961; dead/unknown; near-1); NAP - FORM (SN 78919264; RN 3241962; dead/unknown; near-1); NAP-FORM (SN 76510178; RN 2816870; dead/unknown; near-1)
341,global rating fill,544,2543,4,Skin Capability and Training,9,Morpheme engine,English-native compound or compression,systematic generation,English-native morpheme engine,Capstate,capstate,8.5,8.3,8.7,7.9,9.1,8.8,9.0,8.8,0.25,8.5,ADVANCE,low structural risk,AMBER - LIVE NEAR / RELEVANT,One-edit live hit in a relevant active class,0,1,0,9,CAPSIATE (SN 78347234; RN 3794976; live; near-1; classes 005); RAP STATE (SN 90888853; dead/unknown; near-1; classes 035); CAPTATE (SN 87631605; RN 5459068; dead/unknown; near-1)
342,global rating fill,545,2544,4,Skin Capability and Training,9,Morpheme engine,English-native compound or compression,systematic generation,English-native morpheme engine,Adaptwork,adaptwork,8.5,8.3,8.7,8.2,9.1,8.8,9.0,8.8,0.25,8.5,ADVANCE,low structural risk,PROVISIONAL PASS,No exact or edit-distance-one federal record found,0,0,0,0,
343,global rating fill,546,2545,4,Skin Capability and Training,9,Morpheme engine,English-native compound or compression,systematic generation,English-native morpheme engine,Adaptmark,adaptmark,8.5,8.3,8.7,8.2,9.1,8.8,9.0,8.8,0.25,8.5,ADVANCE,low structural risk,PROVISIONAL PASS,No exact or edit-distance-one federal record found,0,0,0,0,
344,global rating fill,547,2546,4,Skin Capability and Training,9,Morpheme engine,English-native compound or compression,systematic generation,English-native morpheme engine,Adaptline,adaptline,8.5,8.3,8.7,8.2,9.1,8.8,9.0,8.8,0.25,8.5,ADVANCE,low structural risk,PROVISIONAL PASS,Only dead/unknown one-edit records found,0,0,0,2,"ADAPT LIVE (SN 88439382; dead/unknown; near-1; classes 005,025,032,043); ADAPTLINK (SN 78095963; RN 2688753; dead/unknown; near-1)"
345,global rating fill,548,2547,4,Skin Capability and Training,9,Morpheme engine,English-native compound or compression,systematic generation,English-native morpheme engine,Adaptform,adaptform,8.5,8.3,8.7,8.2,9.1,8.8,9.0,8.8,0.25,8.5,ADVANCE,low structural risk,AMBER - LIVE NEAR / RELEVANT,One-edit live hit in a relevant active class,0,3,0,6,ADAPTI·FORM (SN 90691721; RN 7007239; live; near-1; classes 005); ADAPTFOAM (SN 99593157; live; near-1; classes 028); ADAPTFOAM (SN 79282822; RN 6138852; live; near-1; classes 025)
346,global rating fill,549,2552,4,Skin Capability and Training,9,Morpheme engine,English-native compound or compression,systematic generation,English-native morpheme engine,Adaptway,adaptway,8.5,8.3,8.7,8.2,9.1,8.8,9.0,8.8,0.25,8.5,ADVANCE,low structural risk,YELLOW - DEAD EXACT,Exact federal record exists but is coded dead/unknown,0,0,1,1,ADAPTWAY (SN 79144150; RN 4603854; dead/unknown; exact)
347,global rating fill,550,2555,4,Skin Capability and Training,9,Morpheme engine,English-native compound or compression,systematic generation,English-native morpheme engine,Rangeline,rangeline,8.5,8.3,8.7,8.2,9.1,8.8,9.0,8.8,0.25,8.5,ADVANCE,low structural risk,RED - LIVE EXACT / RELEVANT,Exact live hit in a relevant active class,5,7,0,20,RANGELINE (SN 98324596; live; exact; classes 005); RANGELINE (SN 99777849; live; exact; classes 037); RANGELINE (SN 99726051; live; exact; classes 037)
348,global rating fill,551,2556,4,Skin Capability and Training,9,Morpheme engine,English-native compound or compression,systematic generation,English-native morpheme engine,Rangekind,rangekind,8.5,8.3,8.7,8.2,9.1,8.8,9.0,8.8,0.25,8.5,ADVANCE,low structural risk,PROVISIONAL PASS,Only dead/unknown one-edit records found,0,0,0,4,"RANGE KING (SN 87296331; RN 5260583; dead/unknown; near-1); RANGE KING (SN 78951741; dead/unknown; near-1; classes 013,018); RANGE KING (SN 75494319; dead/unknown; near-1; classes 007)"
349,global rating fill,552,2557,4,Skin Capability and Training,9,Morpheme engine,English-native compound or compression,systematic generation,English-native morpheme engine,Rangecraft,rangecraft,8.5,8.3,8.7,8.2,9.1,8.8,9.0,8.8,0.25,8.5,ADVANCE,low structural risk,RED - LIVE EXACT / RELEVANT,Exact live hit in a relevant active class,1,1,2,4,"RANGECRAFT (SN 99231586; RN 8103135; live; exact; classes 003,009,013,021); RAGECRAFT (SN 98010714; RN 7426072; live; near-1; classes 008); RANGE CRAFT (SN 77961143; dead/unknown; exact; classes 011)"
350,global rating fill,553,2563,4,Skin Capability and Training,10,Scientific borrowing,Authentic scientific terminology,systematic generation,authentic scientific terminology,Adaptive Response,adaptiveresponse,8.2,8.8,8.7,8.2,7.8,8.8,8.4,8.8,0.00,8.5,ADVANCE,low structural risk,YELLOW - DEAD EXACT,Exact federal record exists but is coded dead/unknown,0,0,1,1,ADAPTIVE RESPONSE (SN 90207915; dead/unknown; exact; classes 045)
351,global rating fill,554,2564,4,Skin Capability and Training,10,Scientific borrowing,Authentic scientific terminology,systematic generation,authentic scientific terminology,Progressive Load,progressiveload,8.2,8.8,8.7,7.9,7.8,8.8,8.4,8.8,0.00,8.5,ADVANCE,low structural risk,PROVISIONAL PASS,No exact or edit-distance-one federal record found,0,0,0,0,
352,global rating fill,555,2567,4,Skin Capability and Training,10,Scientific borrowing,Authentic scientific terminology,systematic generation,authentic scientific terminology,Dose Response,doseresponse,8.2,8.8,8.7,7.9,7.8,8.8,8.4,8.8,0.00,8.5,ADVANCE,low structural risk,YELLOW - DEAD EXACT,Exact federal record exists but is coded dead/unknown,0,0,4,4,DOSE/RESPONSE (SN 97068592; dead/unknown; exact; classes 009); DOSERESPONSE (SN 77831905; RN 3898587; dead/unknown; exact); DOSE RESPONSE (SN 78200338; dead/unknown; exact; classes 016)
353,global rating fill,556,2570,4,Skin Capability and Training,10,Scientific borrowing,Authentic scientific terminology,systematic generation,authentic scientific terminology,Microcycle,microcycle,8.3,8.8,8.7,7.9,8.1,8.0,9.0,8.8,0.00,8.5,ADVANCE,low structural risk,RED - LIVE EXACT / RELEVANT,Exact live hit in a relevant active class,1,2,2,7,"MICROCYCLE (SN 79335233; RN 6938323; live; exact; classes 001,005,042,044); MICROCYCLES (SN 79345480; RN 7292296; live; near-1; classes 001,005,042,044); MICROCYCLER (SN 87453874; RN 5618338; live; near-1; classes 009)"
354,global rating fill,557,2571,4,Skin Capability and Training,10,Scientific borrowing,Authentic scientific terminology,systematic generation,authentic scientific terminology,Mesocycle,mesocycle,8.3,8.8,8.7,7.9,8.1,8.0,9.0,8.8,0.00,8.5,ADVANCE,low structural risk,YELLOW - DEAD EXACT,Exact federal record exists but is coded dead/unknown,0,0,1,1,"MESOCYCLE (SN 87248400; dead/unknown; exact; classes 041,044)"
355,global rating fill,558,2576,4,Skin Capability and Training,10,Scientific borrowing,Authentic scientific terminology,systematic generation,authentic scientific terminology,Motor Learning,motorlearning,8.2,8.8,8.7,7.9,7.8,8.8,8.4,8.8,0.00,8.5,ADVANCE,low structural risk,PROVISIONAL PASS,Only dead/unknown one-edit records found,0,0,0,1,MOTOR E-LEARNING (SN 76590640; RN 3136262; dead/unknown; near-1)
356,global rating fill,559,2579,4,Skin Capability and Training,10,Scientific borrowing,Authentic scientific terminology,systematic generation,authentic scientific terminology,Recovery Index,recoveryindex,8.2,8.8,8.7,7.9,7.8,8.8,8.4,8.8,0.00,8.5,ADVANCE,low structural risk,PROVISIONAL PASS,No exact or edit-distance-one federal record found,0,0,0,0,
357,global rating fill,560,2580,4,Skin Capability and Training,10,Scientific borrowing,Authentic scientific terminology,systematic generation,authentic scientific terminology,Baseline Capacity,baselinecapacity,8.2,8.8,8.7,8.2,7.8,8.8,8.4,8.8,0.00,8.5,ADVANCE,low structural risk,PROVISIONAL PASS,No exact or edit-distance-one federal record found,0,0,0,0,
358,global rating fill,561,2873,4,Skin Capability and Training,17,Three-team decoy,Decoy-world import,systematic generation,three-team decoy briefs,Progressive House,progressivehouse,8.4,8.3,8.7,7.9,8.1,8.8,8.4,8.8,0.00,8.5,ADVANCE,low structural risk,PROVISIONAL PASS,No exact or edit-distance-one federal record found,0,0,0,0,
359,global rating fill,562,2876,4,Skin Capability and Training,17,Three-team decoy,Decoy-world import,systematic generation,three-team decoy briefs,Capacity Club,capacityclub,8.4,8.3,8.7,8.2,8.1,8.0,8.4,8.8,0.00,8.5,ADVANCE,low structural risk,PROVISIONAL PASS,No exact or edit-distance-one federal record found,0,0,0,0,
360,top 40 within core world,563,3035,5,Visible Performance,4,Anti-descriptor,Bold contradiction or anti-descriptor,systematic generation,anti-descriptor,Subtle Impact,subtleimpact,8.3,8.6,8.7,8.0,8.1,8.8,8.4,8.2,0.00,8.5,ADVANCE,low structural risk,YELLOW - LIVE NEAR,One-edit live hit outside the core active-class set,0,1,0,1,SUBTLE IMPACTS (SN 97287032; RN 7198902; live; near-1; classes 028)
361,top 40 within core world,564,3044,5,Visible Performance,4,Anti-descriptor,Bold contradiction or anti-descriptor,systematic generation,anti-descriptor,Gentle Performance,gentleperformance,8.3,8.6,8.7,8.0,8.1,8.8,8.4,8.2,0.00,8.5,ADVANCE,low structural risk,YELLOW - DEAD EXACT,Exact federal record exists but is coded dead/unknown,0,0,1,1,GENTLE PERFORMANCE (SN 73571727; RN 1442628; dead/unknown; exact)
362,global rating fill,565,3084,5,Visible Performance,5,Win by contrast,Unexpected imported term,systematic generation,far-field source contrast,Instrument Readout,instrumentreadout,8.8,8.8,8.7,8.0,7.8,8.0,8.4,8.2,0.00,8.5,ADVANCE,low structural risk,PROVISIONAL PASS,No exact or edit-distance-one federal record found,0,0,0,0,
363,global rating fill,566,3103,5,Visible Performance,5,Win by contrast,Unexpected imported term,systematic generation,contrast mononyms,Mark,mark,8.4,8.8,8.7,8.0,8.1,8.5,9.0,8.2,0.00,8.5,ADVANCE,low structural risk,RED - LIVE EXACT / RELEVANT,Exact live hit in a relevant active class,16,0,65,81,"MARK (SN 79437905; live; exact; classes 020,035); MARK (SN 98652392; live; exact; classes 035,036,042); M.A.R.K. (SN 97885561; RN 7961273; live; exact; classes 021)"
364,global rating fill,567,3258,5,Visible Performance,9,Morpheme engine,English-native compound or compression,systematic generation,English-native morpheme engine,Viskind,viskind,8.5,8.3,8.7,8.7,9.1,8.8,9.0,8.2,0.25,8.5,ADVANCE,low structural risk,YELLOW - LIVE NEAR,One-edit live hit outside the core active-class set,0,2,0,3,"WISKIND (SN 79430258; RN 8172974; live; near-1; classes 006,007,009,011,017,019,020,042); VIS-KING (SN 85293678; RN 4101434; live; near-1; classes 017); VISKING (SN 71303410; RN 0278352; dead/unknown; near-1)"
365,global rating fill,568,3264,5,Visible Performance,9,Morpheme engine,English-native compound or compression,systematic generation,English-native morpheme engine,Resultward,resultward,8.5,8.3,8.7,8.7,9.1,8.8,9.0,8.2,0.25,8.5,ADVANCE,low structural risk,PROVISIONAL PASS,Only dead/unknown one-edit records found,0,0,0,2,RESULTWARE (SN 98111549; dead/unknown; near-1; classes 042); RESULTWARE (SN 78746726; dead/unknown; near-1; classes 041)
366,global rating fill,569,3265,5,Visible Performance,9,Morpheme engine,English-native compound or compression,systematic generation,English-native morpheme engine,Resultmark,resultmark,8.5,8.3,8.7,8.7,9.1,8.8,9.0,8.2,0.25,8.5,ADVANCE,low structural risk,PROVISIONAL PASS,No exact or edit-distance-one federal record found,0,0,0,0,
367,global rating fill,570,3266,5,Visible Performance,9,Morpheme engine,English-native compound or compression,systematic generation,English-native morpheme engine,Resultmade,resultmade,8.5,8.3,8.7,8.7,9.1,8.8,9.0,8.2,0.25,8.5,ADVANCE,low structural risk,PROVISIONAL PASS,No exact or edit-distance-one federal record found,0,0,0,0,
368,global rating fill,571,3267,5,Visible Performance,9,Morpheme engine,English-native compound or compression,systematic generation,English-native morpheme engine,Resultform,resultform,8.5,8.3,8.7,8.7,9.1,8.8,9.0,8.2,0.25,8.5,ADVANCE,low structural risk,PROVISIONAL PASS,No exact or edit-distance-one federal record found,0,0,0,0,
369,top 40 within core world,572,3768,6,Barrier Strength and Adaptive Capacity,4,Anti-descriptor,Bold contradiction or anti-descriptor,systematic generation,anti-descriptor,Gentle Resistance,gentleresistance,8.3,8.6,8.7,8.3,8.1,8.8,8.4,8.4,0.00,8.5,ADVANCE,low structural risk,PROVISIONAL PASS,No exact or edit-distance-one federal record found,0,0,0,0,
370,top 40 within core world,573,3772,6,Barrier Strength and Adaptive Capacity,4,Anti-descriptor,Bold contradiction or anti-descriptor,systematic generation,anti-descriptor,Dynamic Stability,dynamicstability,8.3,8.6,8.7,8.3,8.1,8.8,8.4,8.4,0.00,8.5,ADVANCE,low structural risk,AMBER - LIVE EXACT,Exact live hit; active classes appear outside core set or are missing,1,0,0,1,DYNAMIC STABILITY (SN 88587520; RN 6687338; live; exact; classes 001)
371,top 40 within core world,574,3847,6,Barrier Strength and Adaptive Capacity,6,Name the audacity / worldview,Short stance phrase,systematic generation,worldview statements,Stay Responsive,stayresponsive,8.4,8.5,8.7,8.3,8.1,8.8,8.4,8.4,0.00,8.5,ADVANCE,low structural risk,PROVISIONAL PASS,No exact or edit-distance-one federal record found,0,0,0,0,
372,global rating fill,575,3852,6,Barrier Strength and Adaptive Capacity,6,Name the audacity / worldview,Short stance phrase,systematic generation,worldview statements,Respond Better,respondbetter,8.4,8.5,8.7,8.3,8.1,8.8,8.4,8.4,0.00,8.5,ADVANCE,low structural risk,PROVISIONAL PASS,No exact or edit-distance-one federal record found,0,0,0,0,
373,global rating fill,576,3857,6,Barrier Strength and Adaptive Capacity,6,Name the audacity / worldview,Short stance phrase,systematic generation,worldview statements,Keep The Interface,keeptheinterface,8.1,8.5,8.7,9.0,8.1,8.8,7.4,8.4,0.00,8.5,ADVANCE,low structural risk,PROVISIONAL PASS,No exact or edit-distance-one federal record found,0,0,0,0,
374,global rating fill,577,3936,6,Barrier Strength and Adaptive Capacity,8,Portmanteau,Clean portmanteau,systematic generation,legible two-source blend,Reserface,reserface,8.6,8.4,8.7,9.0,9.1,8.8,9.0,8.4,0.30,8.5,ADVANCE,mechanical construction,AMBER - LIVE NEAR / RELEVANT,One-edit live hit in a relevant active class,0,1,1,5,RESURFACE (SN 88961631; RN 6275863; live; near-1; classes 044); RESERFACE (SN 85679820; RN 4277558; dead/unknown; exact); RESURFACE (SN 78422439; dead/unknown; near-1; classes 003)
375,global rating fill,578,4019,6,Barrier Strength and Adaptive Capacity,10,Scientific borrowing,Authentic scientific terminology,systematic generation,authentic scientific terminology,Response Range,responserange,8.2,8.8,8.7,8.3,7.8,8.8,8.4,8.4,0.00,8.5,ADVANCE,low structural risk,PROVISIONAL PASS,No exact or edit-distance-one federal record found,0,0,0,0,
376,global rating fill,579,4026,6,Barrier Strength and Adaptive Capacity,10,Scientific borrowing,Authentic scientific terminology,systematic generation,authentic scientific terminology,Lipid Matrix,lipidmatrix,8.2,8.8,8.7,8.3,7.8,8.8,8.4,8.4,0.00,8.5,ADVANCE,low structural risk,YELLOW - LIVE NEAR,One-edit live hit outside the core active-class set,0,1,0,1,"LIQID MATRIX (SN 90451407; RN 6937302; live; near-1; classes 009,042)"
377,global rating fill,580,4029,6,Barrier Strength and Adaptive Capacity,10,Scientific borrowing,Authentic scientific terminology,systematic generation,authentic scientific terminology,Stress Response,stressresponse,8.2,8.8,8.7,8.3,7.8,8.8,8.4,8.4,0.00,8.5,ADVANCE,low structural risk,RED - LIVE EXACT / RELEVANT,Exact live hit in a relevant active class,2,0,0,2,STRESS RESPONSE (SN 85647214; RN 4373537; live; exact; classes 003); STRESS RESPONSE (SN 78701630; RN 3218928; live; exact; classes 005)
378,global rating fill,581,4034,6,Barrier Strength and Adaptive Capacity,10,Scientific borrowing,Authentic scientific terminology,systematic generation,authentic scientific terminology,Resilience Index,resilienceindex,8.2,8.8,8.7,8.3,7.8,8.8,8.4,8.4,0.00,8.5,ADVANCE,low structural risk,YELLOW - DEAD EXACT,Exact federal record exists but is coded dead/unknown,0,0,2,2,"RESILIENCE INDEX (SN 99289734; dead/unknown; exact; classes 009,042,045); RESILIENCE INDEX (SN 75823233; dead/unknown; exact; classes 035,041)"
379,global rating fill,582,4319,6,Barrier Strength and Adaptive Capacity,17,Three-team decoy,Decoy-world import,systematic generation,three-team decoy briefs,Adaptive House,adaptivehouse,8.4,8.3,8.7,8.3,8.1,8.8,8.4,8.4,0.00,8.5,ADVANCE,low structural risk,PROVISIONAL PASS,No exact or edit-distance-one federal record found,0,0,0,0,
380,global rating fill,583,4323,6,Barrier Strength and Adaptive Capacity,17,Three-team decoy,Decoy-world import,systematic generation,three-team decoy briefs,Elastic Standard,elasticstandard,8.4,8.3,8.7,8.3,8.1,8.8,8.4,8.4,0.00,8.5,ADVANCE,low structural risk,PROVISIONAL PASS,No exact or edit-distance-one federal record found,0,0,0,0,
381,global rating fill,584,4324,6,Barrier Strength and Adaptive Capacity,17,Three-team decoy,Decoy-world import,systematic generation,three-team decoy briefs,Threshold Company,thresholdcompany,8.4,8.3,8.7,8.3,8.1,8.8,8.4,8.4,0.00,8.5,ADVANCE,low structural risk,PROVISIONAL PASS,No exact or edit-distance-one federal record found,0,0,0,0,
382,top 40 within core world,585,4911,7,Evidence and Proof,14,Real-word metaphor or eponym,Unexpected real word or metaphor,hand-authored,curated depth seed,Witnessed,witnessed,9.4,8.9,8.7,6.3,8.1,8.8,9.0,8.2,0.00,8.5,ADVANCE,low structural risk,YELLOW - LIVE NEAR,One-edit live hit outside the core active-class set,0,1,2,5,WITNESSER (SN 99666955; live; near-1; classes 042); WITNESSED (SN 86335313; dead/unknown; exact; classes 022); WITNESSED (SN 77741451; dead/unknown; exact; classes 025)
383,top 40 within core world,658,730,2,Nothing Hidden and Transparency,1,Make the intangible tangible,"Authentic object, tool, gesture, or process",systematic generation,world objects and instruments,Lightbox,lightbox,8.8,8.7,8.7,6.9,7.7,8.0,9.0,8.5,0.00,8.4,ADVANCE,low structural risk,RED - LIVE EXACT / RELEVANT,Exact live hit in a relevant active class,9,13,23,60,"LIGHTBOX (SN 99853420; live; exact; classes 035,041); LIGHTBOX (SN 98546869; live; exact; classes 009,035,036,042); LIGHTBOX (SN 88614482; RN 6854877; live; exact; classes 035,041)"
384,top 40 within core world,659,733,2,Nothing Hidden and Transparency,1,Make the intangible tangible,"Authentic object, tool, gesture, or process",systematic generation,world objects and instruments,Xray,xray,8.2,8.7,8.7,6.9,7.7,8.5,9.0,8.5,0.00,8.4,ADVANCE,low structural risk,RED - LIVE EXACT / RELEVANT,Exact live hit in a relevant active class,19,0,36,55,"XRAY (SN 79422446; live; exact; classes 028,035); X RAY (SN 88837987; RN 7316504; live; exact; classes 005); X RAY (SN 76661231; RN 3449977; live; exact; classes 003,009,014,024)"
385,top 40 within core world,660,734,2,Nothing Hidden and Transparency,1,Make the intangible tangible,"Authentic object, tool, gesture, or process",systematic generation,world objects and instruments,Skylight,skylight,8.8,8.7,8.7,6.9,7.7,8.0,9.0,8.5,0.00,8.4,ADVANCE,low structural risk,RED - LIVE EXACT / RELEVANT,Exact live hit in a relevant active class,16,11,50,95,"SKYLIGHT (SN 90808019; live; exact; classes 035,036,037,041); SKYLIGHT (SN 87926384; RN 6158635; live; exact; classes 035,042); SKYLIGHT (SN 87118358; RN 5219901; live; exact; classes 003)"
386,top 40 within core world,661,826,2,Nothing Hidden and Transparency,3,Reframe the question / name the future,Direct conceptual reframe,systematic generation,future reframe,Unmasked Skincare,unmaskedskincare,8.2,8.5,8.7,7.6,7.4,8.8,8.4,8.5,0.00,8.4,ADVANCE,low structural risk,PROVISIONAL PASS,No exact or edit-distance-one federal record found,0,0,0,0,
387,top 40 within core world,662,860,2,Nothing Hidden and Transparency,4,Anti-descriptor,Bold contradiction or anti-descriptor,systematic generation,anti-descriptor,Public Knowledge,publicknowledge,8.3,8.6,8.7,6.9,8.1,8.8,8.4,8.5,0.00,8.4,ADVANCE,low structural risk,RED - LIVE EXACT / RELEVANT,Exact live hit in a relevant active class,1,0,3,4,PUBLIC KNOWLEDGE (SN 78754227; RN 3158138; live; exact; classes 035); PUBLIC KNOWLEDGE (SN 78365032; RN 3048734; dead/unknown; exact); PUBLIC KNOWLEDGE (SN 78063427; RN 2783086; dead/unknown; exact)
388,top 40 within core world,663,869,2,Nothing Hidden and Transparency,4,Anti-descriptor,Bold contradiction or anti-descriptor,systematic generation,anti-descriptor,All Access,allaccess,8.3,8.6,8.7,6.9,8.1,8.8,8.4,8.5,0.00,8.4,ADVANCE,low structural risk,RED - LIVE EXACT / RELEVANT,Exact live hit in a relevant active class,13,3,32,51,ALL ACCESS (SN 87982462; RN 5985284; live; exact; classes 035); ALL ACCESS (SN 99715535; live; exact; classes 025); ALL ACCESS (SN 99715543; live; exact; classes 018)
389,top 40 within core world,664,910,2,Nothing Hidden and Transparency,5,Win by contrast,Unexpected imported term,systematic generation,far-field source contrast,Contact Sheet,contactsheet,8.8,8.8,8.7,6.9,7.8,8.0,8.4,8.5,0.00,8.4,ADVANCE,low structural risk,YELLOW - DEAD EXACT,Exact federal record exists but is coded dead/unknown,0,0,1,1,CONTACT SHEET (SN 73647480; RN 1473116; dead/unknown; exact)
390,top 40 within core world,665,912,2,Nothing Hidden and Transparency,5,Win by contrast,Unexpected imported term,systematic generation,far-field source contrast,Light Table,lighttable,8.8,8.8,8.7,6.9,7.8,8.0,8.4,8.5,0.00,8.4,ADVANCE,low structural risk,AMBER - LIVE EXACT,Exact live hit; active classes appear outside core set or are missing,2,0,3,7,"LIGHTTABLE (SN 99116480; live; exact; classes 009,042); LIGHTTABLE (SN 75250861; RN 2137324; live; exact; classes 009); LIGHT TABLE (SN 85925405; RN 4487544; dead/unknown; exact)"
391,top 40 within core world,666,914,2,Nothing Hidden and Transparency,5,Win by contrast,Unexpected imported term,systematic generation,far-field source contrast,Chain of Custody,chainofcustody,8.4,8.8,8.7,6.9,7.8,8.8,7.4,8.5,0.00,8.4,ADVANCE,low structural risk,PROVISIONAL PASS,No exact or edit-distance-one federal record found,0,0,0,0,
392,top 40 within core world,667,915,2,Nothing Hidden and Transparency,5,Win by contrast,Unexpected imported term,systematic generation,far-field source contrast,Material Disclosure,materialdisclosure,8.4,8.8,8.7,6.9,7.8,8.8,8.4,8.5,0.00,8.4,ADVANCE,low structural risk,PROVISIONAL PASS,No exact or edit-distance-one federal record found,0,0,0,0,
393,top 40 within core world,668,946,2,Nothing Hidden and Transparency,6,Name the audacity / worldview,Short stance phrase,systematic generation,worldview statements,Show Everything,showeverything,8.4,8.5,8.7,6.9,8.1,8.0,8.4,8.5,0.00,8.4,ADVANCE,low structural risk,PROVISIONAL PASS,No exact or edit-distance-one federal record found,0,0,0,0,
394,global rating fill,669,1072,2,Nothing Hidden and Transparency,9,Morpheme engine,English-native compound or compression,systematic generation,English-native morpheme engine,Openwise,openwise,8.5,8.3,8.7,6.9,9.1,8.8,9.0,8.5,0.25,8.4,ADVANCE,low structural risk,AMBER - LIVE NEAR / RELEVANT,One-edit live hit in a relevant active class,0,2,0,19,"OPEN WIDE (SN 75832271; RN 2397765; live; near-1; classes 010); OPENWIRE (SN 78164492; RN 2837344; live; near-1; classes 009); OPEN WIDE (SN 99236784; dead/unknown; near-1; classes 009,016,041)"
395,global rating fill,670,1073,2,Nothing Hidden and Transparency,9,Morpheme engine,English-native compound or compression,systematic generation,English-native morpheme engine,Openline,openline,8.5,8.3,8.7,6.9,9.1,8.8,9.0,8.5,0.25,8.4,ADVANCE,low structural risk,AMBER - LIVE EXACT,Exact live hit; active classes appear outside core set or are missing,1,14,15,52,"OPEN LINE (SN 79052148; RN 3623127; live; exact; classes 025); OPENLANE (SN 98337454; RN 7757833; live; near-1; classes 035); OPENLINK (SN 97609066; live; near-1; classes 009,035,038,041,042,045)"
396,global rating fill,671,1074,2,Nothing Hidden and Transparency,9,Morpheme engine,English-native compound or compression,systematic generation,English-native morpheme engine,Openkind,openkind,8.5,8.3,8.7,6.9,9.1,8.8,9.0,8.5,0.25,8.4,ADVANCE,low structural risk,YELLOW - LIVE NEAR,One-edit live hit outside the core active-class set,0,5,0,29,OPENMIND (SN 99827337; live; near-1; classes 041); OPENMIND (SN 99283482; live; near-1; classes 042); OPENMIND (SN 99278181; live; near-1; classes 042)
397,global rating fill,672,1075,2,Nothing Hidden and Transparency,9,Morpheme engine,English-native compound or compression,systematic generation,English-native morpheme engine,Opencraft,opencraft,8.5,8.3,8.7,6.9,9.1,8.8,9.0,8.5,0.25,8.4,ADVANCE,low structural risk,YELLOW - DEAD EXACT,Exact federal record exists but is coded dead/unknown,0,0,1,10,OPENCRAFT (SN 75052083; dead/unknown; exact; classes 009); PENCRAFT (SN 87733373; RN 5513756; dead/unknown; near-1); OMENCRAFT (SN 87556898; RN 5412786; dead/unknown; near-1)
398,global rating fill,673,1079,2,Nothing Hidden and Transparency,9,Morpheme engine,English-native compound or compression,systematic generation,English-native morpheme engine,Openway,openway,8.5,8.3,8.7,6.9,9.1,8.8,9.0,8.5,0.25,8.4,ADVANCE,low structural risk,RED - LIVE EXACT / RELEVANT,Exact live hit in a relevant active class,4,5,2,21,OPENWAY (SN 78903263; RN 3779613; live; exact; classes 035); OPENWAY (SN 86357851; RN 4930144; live; exact; classes 009); OPENWAY (SN 78903265; RN 3786311; live; exact; classes 038)
399,global rating fill,674,1080,2,Nothing Hidden and Transparency,9,Morpheme engine,English-native compound or compression,systematic generation,English-native morpheme engine,Clearwise,clearwise,8.5,8.3,8.7,6.9,9.1,8.8,9.0,8.5,0.25,8.4,ADVANCE,low structural risk,AMBER - LIVE NEAR / RELEVANT,One-edit live hit in a relevant active class,0,3,0,11,CLEAN WISE (SN 90703070; RN 7724414; live; near-1; classes 003); CLEARWIPE (SN 78906865; RN 3363724; live; near-1; classes 003); CLEARISE (SN 79344889; RN 7021358; live; near-1; classes 028)
400,global rating fill,675,1081,2,Nothing Hidden and Transparency,9,Morpheme engine,English-native compound or compression,systematic generation,English-native morpheme engine,Clearward,clearward,8.5,8.3,8.7,6.9,9.1,8.8,9.0,8.5,0.25,8.4,ADVANCE,low structural risk,YELLOW - LIVE NEAR,One-edit live hit outside the core active-class set,0,3,0,18,CLEARWARE (SN 99265454; RN 8174570; live; near-1; classes 042); CLEAR WARE (SN 98203770; live; near-1; classes 016); CLEARWARE (SN 97163818; RN 7165433; live; near-1; classes 016)
401,global rating fill,676,1082,2,Nothing Hidden and Transparency,9,Morpheme engine,English-native compound or compression,systematic generation,English-native morpheme engine,Clearkind,clearkind,8.5,8.3,8.7,6.9,9.1,8.8,9.0,8.5,0.25,8.4,ADVANCE,low structural risk,AMBER - LIVE NEAR / RELEVANT,One-edit live hit in a relevant active class,0,10,0,26,CLEAN + KIND (SN 99338651; live; near-1; classes 003); CLEAR MIND (SN 90753723; RN 6765105; live; near-1; classes 005); CLEARMIND (SN 90450904; RN 7614120; live; near-1; classes 010)
402,global rating fill,677,1083,2,Nothing Hidden and Transparency,9,Morpheme engine,English-native compound or compression,systematic generation,English-native morpheme engine,Clearmade,clearmade,8.5,8.3,8.7,6.9,9.1,8.8,9.0,8.5,0.25,8.4,ADVANCE,low structural risk,AMBER - LIVE NEAR / RELEVANT,One-edit live hit in a relevant active class,0,3,0,9,"CLEARMODE (SN 88654661; RN 6057918; live; near-1; classes 044); CLEAR MODE (SN 99534532; live; near-1; classes 009,016,041); CLEARMATE (SN 97496132; RN 7057279; live; near-1; classes 020)"
403,global rating fill,678,1088,2,Nothing Hidden and Transparency,9,Morpheme engine,English-native compound or compression,systematic generation,English-native morpheme engine,Plainward,plainward,8.5,8.3,8.7,6.9,9.1,8.8,9.0,8.5,0.25,8.4,ADVANCE,low structural risk,PROVISIONAL PASS,Only dead/unknown one-edit records found,0,0,0,3,PLAINWARE (SN 87090627; RN 5282501; dead/unknown; near-1); PLAINWARE/ (SN 87060214; dead/unknown; near-1; classes 009); (PLAIN·WORD) (SN 75093643; RN 2253932; dead/unknown; near-1)
404,global rating fill,679,1089,2,Nothing Hidden and Transparency,9,Morpheme engine,English-native compound or compression,systematic generation,English-native morpheme engine,Plainmark,plainmark,8.5,8.3,8.7,6.9,9.1,8.8,9.0,8.5,0.25,8.4,ADVANCE,low structural risk,YELLOW - LIVE NEAR,One-edit live hit outside the core active-class set,0,1,0,2,"PLANMARK (SN 99865963; live; near-1; classes 009,042); PLANI MARK (SN 78791277; RN 3742544; dead/unknown; near-1)"
405,global rating fill,680,1090,2,Nothing Hidden and Transparency,9,Morpheme engine,English-native compound or compression,systematic generation,English-native morpheme engine,Plainmade,plainmade,8.5,8.3,8.7,6.9,9.1,8.8,9.0,8.5,0.25,8.4,ADVANCE,low structural risk,PROVISIONAL PASS,Only dead/unknown one-edit records found,0,0,0,1,PLANMADE (SN 87274673; RN 5245613; dead/unknown; near-1)
406,global rating fill,681,1095,2,Nothing Hidden and Transparency,9,Morpheme engine,English-native compound or compression,systematic generation,English-native morpheme engine,Plainstate,plainstate,8.5,8.3,8.7,6.9,9.1,8.8,9.0,8.5,0.25,8.4,ADVANCE,low structural risk,AMBER - LIVE NEAR / RELEVANT,One-edit live hit in a relevant active class,0,1,0,1,PLAIN.STATED. (SN 98581828; RN 7729842; live; near-1; classes 035)
407,global rating fill,682,1096,2,Nothing Hidden and Transparency,9,Morpheme engine,English-native compound or compression,systematic generation,English-native morpheme engine,Revealwork,revealwork,8.5,8.3,8.7,6.9,9.1,8.8,9.0,8.5,0.25,8.4,ADVANCE,low structural risk,PROVISIONAL PASS,Only dead/unknown one-edit records found,0,0,0,1,REVEAL WORKS (SN 78319269; dead/unknown; near-1; classes 035)
408,global rating fill,683,1097,2,Nothing Hidden and Transparency,9,Morpheme engine,English-native compound or compression,systematic generation,English-native morpheme engine,Revealmark,revealmark,8.5,8.3,8.7,6.9,9.1,8.8,9.0,8.5,0.25,8.4,ADVANCE,low structural risk,PROVISIONAL PASS,No exact or edit-distance-one federal record found,0,0,0,0,
409,global rating fill,684,1098,2,Nothing Hidden and Transparency,9,Morpheme engine,English-native compound or compression,systematic generation,English-native morpheme engine,Revealline,revealline,8.5,8.3,8.7,6.9,9.1,8.8,9.0,8.5,0.25,8.4,ADVANCE,low structural risk,AMBER - LIVE NEAR / RELEVANT,One-edit live hit in a relevant active class,0,2,0,2,REVEAL LINQ (SN 85481814; RN 4689006; live; near-1; classes 010); REVEAL LINQ (SN 98454020; RN 7702137; live; near-1; classes 009)
410,global rating fill,685,1099,2,Nothing Hidden and Transparency,9,Morpheme engine,English-native compound or compression,systematic generation,English-native morpheme engine,Revealform,revealform,8.5,8.3,8.7,6.9,9.1,8.8,9.0,8.5,0.25,8.4,ADVANCE,low structural risk,PROVISIONAL PASS,No exact or edit-distance-one federal record found,0,0,0,0,
411,global rating fill,686,1100,2,Nothing Hidden and Transparency,9,Morpheme engine,English-native compound or compression,systematic generation,English-native morpheme engine,Revealcraft,revealcraft,8.5,8.3,8.7,6.9,9.1,8.8,9.0,8.5,0.25,8.4,ADVANCE,low structural risk,AMBER - LIVE NEAR / RELEVANT,One-edit live hit in a relevant active class,0,1,0,1,"REVELCRAFT (SN 99365379; live; near-1; classes 025,035)"
412,global rating fill,687,1103,2,Nothing Hidden and Transparency,9,Morpheme engine,English-native compound or compression,systematic generation,English-native morpheme engine,Revealstate,revealstate,8.5,8.3,8.7,6.9,9.1,8.8,9.0,8.5,0.25,8.4,ADVANCE,low structural risk,PROVISIONAL PASS,Only dead/unknown one-edit records found,0,0,0,1,REVEAL ESTATE (SN 76182626; RN 2611935; dead/unknown; near-1)
413,global rating fill,688,1104,2,Nothing Hidden and Transparency,9,Morpheme engine,English-native compound or compression,systematic generation,English-native morpheme engine,Revealway,revealway,8.5,8.3,8.7,6.9,9.1,8.8,9.0,8.5,0.25,8.4,ADVANCE,low structural risk,YELLOW - LIVE NEAR,One-edit live hit outside the core active-class set,0,1,0,1,REVEL WAY (SN 98567373; RN 7697185; live; near-1; classes 041)
414,global rating fill,689,1105,2,Nothing Hidden and Transparency,9,Morpheme engine,English-native compound or compression,systematic generation,English-native morpheme engine,Viewwork,viewwork,8.5,8.3,8.7,6.9,9.1,8.8,9.0,8.5,0.25,8.4,ADVANCE,low structural risk,PROVISIONAL PASS,Only dead/unknown one-edit records found,0,0,0,1,VIEWWORKS (SN 77504094; RN 3567463; dead/unknown; near-1)
415,global rating fill,690,1106,2,Nothing Hidden and Transparency,9,Morpheme engine,English-native compound or compression,systematic generation,English-native morpheme engine,Viewwise,viewwise,8.5,8.3,8.7,6.9,9.1,8.8,9.0,8.5,0.25,8.4,ADVANCE,low structural risk,AMBER - LIVE EXACT,Exact live hit; active classes appear outside core set or are missing,1,1,4,6,"VIEWWISE (SN 86741137; RN 4936249; live; exact; classes 009); VIEWRISE (SN 79263944; RN 6253374; live; near-1; classes 001,002,040); VIEWWISE (SN 85095754; dead/unknown; exact; classes 009)"
416,global rating fill,691,1107,2,Nothing Hidden and Transparency,9,Morpheme engine,English-native compound or compression,systematic generation,English-native morpheme engine,Viewline,viewline,8.5,8.3,8.7,6.9,9.1,8.8,9.0,8.5,0.25,8.4,ADVANCE,low structural risk,RED - LIVE EXACT / RELEVANT,Exact live hit in a relevant active class,2,4,5,29,"VIEWLINE (SN 86017604; RN 4516534; live; exact; classes 010); VIEWLINE (SN 79032998; RN 3382155; live; exact; classes 012); VIEWLINC (SN 99908161; live; near-1; classes 009,042)"
417,global rating fill,692,1108,2,Nothing Hidden and Transparency,9,Morpheme engine,English-native compound or compression,systematic generation,English-native morpheme engine,Viewkind,viewkind,8.5,8.3,8.7,6.9,9.1,8.8,9.0,8.5,0.25,8.4,ADVANCE,low structural risk,AMBER - LIVE NEAR / RELEVANT,One-edit live hit in a relevant active class,0,2,0,2,"VIEWMIND (SN 90887140; RN 7166736; live; near-1; classes 009,010); VIEWIND (SN 88446524; RN 5953757; live; near-1; classes 025)"
418,global rating fill,693,1109,2,Nothing Hidden and Transparency,9,Morpheme engine,English-native compound or compression,systematic generation,English-native morpheme engine,Viewcraft,viewcraft,8.5,8.3,8.7,6.9,9.1,8.8,9.0,8.5,0.25,8.4,ADVANCE,low structural risk,YELLOW - DEAD EXACT,Exact federal record exists but is coded dead/unknown,0,0,1,1,VIEWCRAFT (SN 75164351; dead/unknown; exact)
419,global rating fill,694,1117,2,Nothing Hidden and Transparency,10,Scientific borrowing,Authentic scientific terminology,systematic generation,authentic scientific terminology,Optical Window,opticalwindow,8.2,8.8,8.7,6.9,7.8,8.8,8.4,8.5,0.00,8.4,ADVANCE,low structural risk,PROVISIONAL PASS,No exact or edit-distance-one federal record found,0,0,0,0,
420,global rating fill,695,1119,2,Nothing Hidden and Transparency,10,Scientific borrowing,Authentic scientific terminology,systematic generation,authentic scientific terminology,Spectral Window,spectralwindow,8.2,8.8,8.7,6.9,7.8,8.8,8.4,8.5,0.00,8.4,ADVANCE,low structural risk,PROVISIONAL PASS,No exact or edit-distance-one federal record found,0,0,0,0,
421,global rating fill,696,1120,2,Nothing Hidden and Transparency,10,Scientific borrowing,Authentic scientific terminology,systematic generation,authentic scientific terminology,Clear Aperture,clearaperture,8.2,8.8,8.7,6.9,7.8,8.8,8.4,8.5,0.00,8.4,ADVANCE,low structural risk,PROVISIONAL PASS,No exact or edit-distance-one federal record found,0,0,0,0,
422,top 40 within core world,952,4541,7,Evidence and Proof,5,Win by contrast,Unexpected imported term,systematic generation,far-field source contrast,Replicate Result,replicateresult,8.8,8.8,8.7,7.0,7.8,8.8,8.4,8.2,0.00,8.4,ADVANCE,low structural risk,PROVISIONAL PASS,No exact or edit-distance-one federal record found,0,0,0,0,
423,top 40 within core world,953,4559,7,Evidence and Proof,5,Win by contrast,Unexpected imported term,systematic generation,contrast mononyms,Control,control,9.0,8.8,8.7,6.3,8.1,8.8,9.0,8.2,0.00,8.4,ADVANCE,low structural risk,RED - LIVE EXACT / RELEVANT,Exact live hit in a relevant active class,20,84,93,418,"CONTROL (SN 99343189; live; exact; classes 009,035,042); CONTROL+ (SN 79429242; RN 8279007; live; exact; classes 009,035,042,045); CONTROL (SN 98700278; RN 7792733; live; exact; classes 005)"
424,top 40 within core world,954,4560,7,Evidence and Proof,5,Win by contrast,Unexpected imported term,systematic generation,contrast mononyms,Assay,assay,9.0,8.8,8.7,6.3,8.1,8.8,9.0,8.2,0.00,8.4,ADVANCE,low structural risk,RED - LIVE EXACT / RELEVANT,Exact live hit in a relevant active class,1,24,2,58,"ASSAY (SN 98941074; live; exact; classes 014,035); QASSAY (SN 79423205; RN 8131810; live; near-1; classes 009,010); ASSAYA (SN 98148936; RN 7813932; live; near-1; classes 005,009,010,042)"
425,top 40 within core world,955,4561,7,Evidence and Proof,5,Win by contrast,Unexpected imported term,systematic generation,contrast mononyms,Finding,finding,9.0,8.8,8.7,6.3,8.1,8.8,9.0,8.2,0.00,8.4,ADVANCE,low structural risk,AMBER - LIVE NEAR / RELEVANT,One-edit live hit in a relevant active class,0,14,0,34,FINDKING (SN 90438037; RN 6545487; live; near-1; classes 021); FINDING V (SN 90428852; RN 6544478; live; near-1; classes 021); LINDING (SN 99759378; live; near-1; classes 014)
426,top 40 within core world,956,4868,7,Evidence and Proof,13,Compound: one plus one equals three,Category-relevant compound,hand-authored,curated depth seed,Shown Work,shownwork,9.1,8.9,8.7,6.3,8.1,8.8,8.4,8.2,0.00,8.4,ADVANCE,low structural risk,PROVISIONAL PASS,No exact or edit-distance-one federal record found,0,0,0,0,
427,top 40 within core world,1292,4357,7,Evidence and Proof,1,Make the intangible tangible,"Authentic object, tool, gesture, or process",systematic generation,world objects and instruments,Receipt,receipt,8.8,8.7,8.7,6.3,7.7,8.8,9.0,8.2,0.00,8.3,HOLD,low structural risk,AMBER - LIVE NEAR / RELEVANT,One-edit live hit in a relevant active class,0,5,0,15,"RECEIPTS (SN 90301921; RN 6534833; live; near-1; classes 003); RECEIPTS (SN 99492907; live; near-1; classes 009); RECEIPTY (SN 99378010; live; near-1; classes 009,042)"
428,top 40 within core world,1293,4358,7,Evidence and Proof,1,Make the intangible tangible,"Authentic object, tool, gesture, or process",systematic generation,world objects and instruments,Exhibit,exhibit,8.8,8.7,8.7,6.3,7.7,8.8,9.0,8.2,0.00,8.3,HOLD,low structural risk,RED - LIVE EXACT / RELEVANT,Exact live hit in a relevant active class,3,4,14,50,"EXHIB-IT (SN 90327563; RN 6733472; live; exact; classes 035,042); EXHIBIT (SN 99490734; live; exact; classes 001); EXHIB·IT! (SN 90547369; RN 6650647; live; exact; classes 042)"
429,top 40 within core world,1294,4362,7,Evidence and Proof,1,Make the intangible tangible,"Authentic object, tool, gesture, or process",systematic generation,world objects and instruments,Testbench,testbench,8.8,8.7,8.7,6.3,7.7,8.8,9.0,8.2,0.00,8.3,HOLD,low structural risk,AMBER - LIVE EXACT,Exact live hit; active classes appear outside core set or are missing,2,0,2,5,"TESTBENCH (SN 79235332; RN 5772077; live; exact; classes 009,042); TEST BENCH (SN 74394226; RN 1826219; live; exact; classes 009); TESTBENCH (SN 75251004; dead/unknown; exact)"
430,top 40 within core world,1295,4364,7,Evidence and Proof,1,Make the intangible tangible,"Authentic object, tool, gesture, or process",systematic generation,world objects and instruments,Labbook,labbook,8.8,8.7,8.7,6.3,7.7,8.8,9.0,8.2,0.00,8.3,HOLD,low structural risk,AMBER - LIVE NEAR / RELEVANT,One-edit live hit in a relevant active class,0,4,2,15,LAW BOOK (SN 99610569; live; near-1; classes 035); LAW BOOK (SN 99655543; live; near-1; classes 042); LAPBOOK (SN 99043694; RN 8001303; live; near-1; classes 009)
431,top 40 within core world,1296,4369,7,Evidence and Proof,1,Make the intangible tangible,"Authentic object, tool, gesture, or process",systematic generation,world objects and instruments,Stamp,stamp,8.8,8.7,8.7,6.3,7.7,8.8,9.0,8.2,0.00,8.3,HOLD,low structural risk,RED - LIVE EXACT / RELEVANT,Exact live hit in a relevant active class,12,69,22,271,"S.T.A.M.P (SN 90599567; RN 6652060; live; exact; classes 035); STAMP (SN 86861980; RN 5189122; live; exact; classes 035,039,042); STAMP (SN 99587617; live; exact; classes 025)"
432,top 40 within core world,1297,4370,7,Evidence and Proof,1,Make the intangible tangible,"Authentic object, tool, gesture, or process",systematic generation,world objects and instruments,Recordbook,recordbook,8.8,8.7,8.7,6.3,7.7,8.8,9.0,8.2,0.00,8.3,HOLD,low structural risk,YELLOW - LIVE NEAR,One-edit live hit outside the core active-class set,0,2,3,7,RECORDBOOX (SN 86885412; RN 5028891; live; near-1; classes 042); RECORDBOOX (SN 86885451; RN 5062589; live; near-1; classes 042); RECORD BOOK (SN 86510042; dead/unknown; exact; classes 009)
433,top 40 within core world,1298,4372,7,Evidence and Proof,1,Make the intangible tangible,"Authentic object, tool, gesture, or process",systematic generation,world objects and instruments,Sample,sample,8.8,8.7,8.7,6.3,7.7,8.8,9.0,8.2,0.00,8.3,HOLD,low structural risk,AMBER - LIVE NEAR / RELEVANT,One-edit live hit in a relevant active class,0,90,5,280,"SAMPLY (SN 99814695; live; near-1; classes 010,011); SIMPLE (SN 99495671; live; near-1; classes 010); SAMPLR (SN 79435320; live; near-1; classes 003,021,035)"
434,top 40 within core world,1299,4374,7,Evidence and Proof,1,Make the intangible tangible,"Authentic object, tool, gesture, or process",systematic generation,world objects and instruments,Assayplate,assayplate,8.8,8.7,8.7,6.3,7.7,8.8,9.0,8.2,0.00,8.3,HOLD,low structural risk,PROVISIONAL PASS,No exact or edit-distance-one federal record found,0,0,0,0,
435,top 40 within core world,1300,4527,7,Evidence and Proof,5,Win by contrast,Unexpected imported term,systematic generation,far-field source contrast,Positive Control,positivecontrol,8.8,8.8,8.7,6.3,7.8,8.8,8.4,8.2,0.00,8.3,HOLD,low structural risk,YELLOW - DEAD EXACT,Exact federal record exists but is coded dead/unknown,0,0,1,1,POSITIVE CONTROL (SN 73171651; RN 1119086; dead/unknown; exact)
436,top 40 within core world,1301,4528,7,Evidence and Proof,5,Win by contrast,Unexpected imported term,systematic generation,far-field source contrast,Negative Control,negativecontrol,8.8,8.8,8.7,6.3,7.8,8.8,8.4,8.2,0.00,8.3,HOLD,low structural risk,PROVISIONAL PASS,No exact or edit-distance-one federal record found,0,0,0,0,
437,top 40 within core world,1302,4529,7,Evidence and Proof,5,Win by contrast,Unexpected imported term,systematic generation,far-field source contrast,Test Retest,testretest,8.8,8.8,8.7,6.3,7.8,8.8,8.4,8.2,0.00,8.3,HOLD,low structural risk,PROVISIONAL PASS,No exact or edit-distance-one federal record found,0,0,0,0,
438,top 40 within core world,1303,4531,7,Evidence and Proof,5,Win by contrast,Unexpected imported term,systematic generation,far-field source contrast,Effect Estimate,effectestimate,8.8,8.8,8.7,6.3,7.8,8.8,8.4,8.2,0.00,8.3,HOLD,low structural risk,PROVISIONAL PASS,No exact or edit-distance-one federal record found,0,0,0,0,
439,top 40 within core world,1304,4533,7,Evidence and Proof,5,Win by contrast,Unexpected imported term,systematic generation,far-field source contrast,Evidence Grade,evidencegrade,8.8,8.8,8.7,6.3,7.8,8.8,8.4,8.2,0.00,8.3,HOLD,low structural risk,RED - LIVE EXACT / RELEVANT,Exact live hit in a relevant active class,5,0,2,7,EVIDENCEGRADE (SN 99816791; live; exact; classes 035); EVIDENCEGRADE (SN 99816796; live; exact; classes 044); EVIDENCEGRADE (SN 99816789; live; exact; classes 009)
440,top 40 within core world,1305,4534,7,Evidence and Proof,5,Win by contrast,Unexpected imported term,systematic generation,far-field source contrast,Source Record,sourcerecord,8.8,8.8,8.7,6.3,7.8,8.8,8.4,8.2,0.00,8.3,HOLD,low structural risk,PROVISIONAL PASS,No exact or edit-distance-one federal record found,0,0,0,0,
441,top 40 within core world,1306,4542,7,Evidence and Proof,5,Win by contrast,Unexpected imported term,systematic generation,far-field source contrast,Observed Value,observedvalue,8.8,8.8,8.7,6.3,7.8,8.8,8.4,8.2,0.00,8.3,HOLD,low structural risk,PROVISIONAL PASS,No exact or edit-distance-one federal record found,0,0,0,0,
442,top 40 within core world,1307,4543,7,Evidence and Proof,5,Win by contrast,Unexpected imported term,systematic generation,far-field source contrast,Reference Sample,referencesample,8.8,8.8,8.7,6.3,7.8,8.8,8.4,8.2,0.00,8.3,HOLD,low structural risk,PROVISIONAL PASS,No exact or edit-distance-one federal record found,0,0,0,0,
443,top 40 within core world,1308,4544,7,Evidence and Proof,5,Win by contrast,Unexpected imported term,systematic generation,far-field source contrast,Assay Readout,assayreadout,8.8,8.8,8.7,6.3,7.8,8.8,8.4,8.2,0.00,8.3,HOLD,low structural risk,PROVISIONAL PASS,No exact or edit-distance-one federal record found,0,0,0,0,
444,top 40 within core world,1309,4545,7,Evidence and Proof,5,Win by contrast,Unexpected imported term,systematic generation,far-field source contrast,Signal Detection,signaldetection,8.8,8.8,8.7,6.3,7.8,8.8,8.4,8.2,0.00,8.3,HOLD,low structural risk,PROVISIONAL PASS,No exact or edit-distance-one federal record found,0,0,0,0,
445,top 40 within core world,1310,4569,7,Evidence and Proof,6,Name the audacity / worldview,Short stance phrase,hand-authored,curated depth seed,Case Made,casemade,8.8,8.5,8.7,6.3,8.1,8.8,8.4,8.2,0.00,8.3,HOLD,low structural risk,AMBER - LIVE NEAR / RELEVANT,One-edit live hit in a relevant active class,0,11,0,31,"CASTMADE (SN 99490709; live; near-1; classes 021); CASE· MATE (SN 98977877; RN 8338103; live; near-1; classes 009,018,021); CASE·MATE (SN 99879643; live; near-1; classes 024)"
446,top 40 within core world,1311,4570,7,Evidence and Proof,6,Name the audacity / worldview,Short stance phrase,hand-authored,curated depth seed,Source First,sourcefirst,8.8,8.5,8.7,6.3,8.1,8.8,8.4,8.2,0.00,8.3,HOLD,low structural risk,AMBER - LIVE EXACT,Exact live hit; active classes appear outside core set or are missing,2,0,1,3,"SOURCE FIRST (SN 98474991; live; exact; classes 045); SOURCEFIRST (SN 90248197; RN 6680539; live; exact; classes 038,042); SOURCEFIRST (SN 87938365; dead/unknown; exact)"
447,top 40 within core world,1312,4571,7,Evidence and Proof,6,Name the audacity / worldview,Short stance phrase,hand-authored,curated depth seed,Claim Accounted,claimaccounted,8.8,8.5,8.7,6.3,8.1,8.8,8.4,8.2,0.00,8.3,HOLD,low structural risk,PROVISIONAL PASS,No exact or edit-distance-one federal record found,0,0,0,0,
448,top 40 within core world,1313,4742,7,Evidence and Proof,10,Scientific borrowing,Authentic scientific terminology,systematic generation,authentic scientific terminology,Replicate,replicate,8.3,8.8,8.7,6.3,8.1,8.8,9.0,8.2,0.00,8.3,HOLD,low structural risk,RED - LIVE EXACT / RELEVANT,Exact live hit in a relevant active class,6,3,4,32,"REPLICATE (SN 97868539; live; exact; classes 010); REPLICATE (SN 97157972; live; exact; classes 005,042); REPLICATE (SN 86148735; RN 4964989; live; exact; classes 010)"
449,top 40 within core world,1314,4996,7,Evidence and Proof,16,Synchronicity / source-library raid,Authentic insider terminology,hand-authored,curated depth seed,Signal Found,signalfound,9.0,8.8,8.7,6.3,7.8,8.8,8.4,8.2,0.00,8.3,HOLD,low structural risk,YELLOW - LIVE NEAR,One-edit live hit outside the core active-class set,0,2,0,2,SIGNAL HOUND (SN 86130285; RN 4579256; live; near-1; classes 009); SIGNAL HOUND (SN 77938872; RN 3856232; live; near-1; classes 009)
450,top 40 within core world,1315,5293,8,Better Informed and Customer Agency,6,Name the audacity / worldview,Short stance phrase,hand-authored,curated depth seed,Read Skin,readskin,8.8,8.5,8.7,6.8,8.1,8.8,8.4,7.8,0.00,8.3,HOLD,low structural risk,AMBER - LIVE NEAR / RELEVANT,One-edit live hit in a relevant active class,0,5,0,20,"REALSKIN (SN 97421905; RN 7497426; live; near-1; classes 005); REAL SKIN (SN 75752438; RN 2557693; live; near-1; classes 003); LEAD SKIN (SN 98096067; RN 7499168; live; near-1; classes 023,024,025)"
451,top 40 within core world,1316,5338,8,Better Informed and Customer Agency,7,Deconstruct / reconstruct,Transparent spelling modification,hand-authored,curated depth seed,Understandably,understandably,8.7,9.0,8.7,6.1,9.1,8.8,7.4,7.8,0.00,8.3,HOLD,low structural risk,PROVISIONAL PASS,No exact or edit-distance-one federal record found,0,0,0,0,
452,top 40 within core world,1317,5465,8,Better Informed and Customer Agency,10,Scientific borrowing,Authentic scientific terminology,hand-authored,curated depth seed,Sensemaking,sensemaking,8.7,8.8,8.7,6.1,8.1,8.8,9.0,7.8,0.00,8.3,HOLD,low structural risk,YELLOW - DEAD EXACT,Exact federal record exists but is coded dead/unknown,0,0,3,3,SENSEMAKING (SN 87062276; dead/unknown; exact; classes 035); SENSEMAKING (SN 87062289; dead/unknown; exact; classes 041); SENSEMAKING (SN 87062290; dead/unknown; exact; classes 042)
453,top 40 within core world,1318,5593,8,Better Informed and Customer Agency,13,Compound: one plus one equals three,Category-relevant compound,hand-authored,curated depth seed,Field Key,fieldkey,9.1,8.9,8.7,6.1,8.1,8.8,8.4,7.8,0.00,8.3,HOLD,low structural risk,YELLOW - DEAD EXACT,Exact federal record exists but is coded dead/unknown,0,0,1,1,FIELDKEY (SN 79091296; RN 4078635; dead/unknown; exact)
454,top 40 within core world,1319,5636,8,Better Informed and Customer Agency,14,Real-word metaphor or eponym,Unexpected real word or metaphor,hand-authored,curated depth seed,Good Question,goodquestion,9.2,8.9,8.7,6.1,7.8,8.8,8.4,7.8,0.00,8.3,HOLD,low structural risk,AMBER - LIVE EXACT,Exact live hit; active classes appear outside core set or are missing,1,1,2,6,"GOOD QUESTION! (SN 85438061; RN 4269307; live; exact; classes 016); GOODQUESTIONS (SN 88320381; RN 6996917; live; near-1; classes 009,036,041); GOOD QUESTION (SN 88080783; RN 5869641; dead/unknown; exact)"
455,top 40 within core world,1572,4373,7,Evidence and Proof,1,Make the intangible tangible,"Authentic object, tool, gesture, or process",systematic generation,world objects and instruments,Vial,vial,8.2,8.7,8.7,6.3,7.7,8.5,9.0,8.2,0.00,8.2,HOLD,low structural risk,RED - LIVE EXACT / RELEVANT,Exact live hit in a relevant active class,3,0,4,7,"VIAL (SN 97618880; RN 7246482; live; exact; classes 035,041,042,044,045); VIAL (SN 97618886; RN 7246483; live; exact; classes 035,041,042,044,045); VI+AL (SN 98161773; RN 7422066; live; exact; classes 009)"
456,top 40 within core world,1573,4498,7,Evidence and Proof,4,Anti-descriptor,Bold contradiction or anti-descriptor,systematic generation,anti-descriptor,Results Under Oath,resultsunderoath,8.0,8.6,8.7,7.0,8.1,8.8,7.4,8.2,0.00,8.2,HOLD,low structural risk,PROVISIONAL PASS,No exact or edit-distance-one federal record found,0,0,0,0,
457,top 40 within core world,1574,4530,7,Evidence and Proof,5,Win by contrast,Unexpected imported term,systematic generation,far-field source contrast,Confidence Interval,confidenceinterval,8.4,8.8,8.7,6.3,7.8,8.8,8.4,8.2,0.00,8.2,HOLD,low structural risk,PROVISIONAL PASS,No exact or edit-distance-one federal record found,0,0,0,0,
458,top 40 within core world,1575,4532,7,Evidence and Proof,5,Win by contrast,Unexpected imported term,systematic generation,far-field source contrast,Study Protocol,studyprotocol,8.8,8.8,8.7,6.3,7.8,8.0,8.4,8.2,0.00,8.2,HOLD,low structural risk,PROVISIONAL PASS,No exact or edit-distance-one federal record found,0,0,0,0,
459,top 40 within core world,1576,4575,7,Evidence and Proof,6,Name the audacity / worldview,Short stance phrase,systematic generation,worldview statements,Repeat The Result,repeattheresult,8.1,8.5,8.7,7.0,8.1,8.8,7.4,8.2,0.00,8.2,HOLD,low structural risk,PROVISIONAL PASS,No exact or edit-distance-one federal record found,0,0,0,0,
460,top 40 within core world,1577,4582,7,Evidence and Proof,6,Name the audacity / worldview,Short stance phrase,systematic generation,worldview statements,Verify First,verifyfirst,8.4,8.5,8.7,6.3,8.1,8.8,8.4,8.2,0.00,8.2,HOLD,low structural risk,PROVISIONAL PASS,No exact or edit-distance-one federal record found,0,0,0,0,
461,top 40 within core world,1578,4749,7,Evidence and Proof,10,Scientific borrowing,Authentic scientific terminology,systematic generation,authentic scientific terminology,Power Analysis,poweranalysis,8.2,8.8,8.7,6.3,7.8,8.8,8.4,8.2,0.00,8.2,HOLD,low structural risk,YELLOW - DEAD EXACT,Exact federal record exists but is coded dead/unknown,0,0,1,1,POWER ANALYSIS (SN 73124927; RN 1094695; dead/unknown; exact)
462,top 40 within core world,1579,4757,7,Evidence and Proof,10,Scientific borrowing,Authentic scientific terminology,systematic generation,authentic scientific terminology,Study Design,studydesign,8.2,8.8,8.7,6.3,7.8,8.8,8.4,8.2,0.00,8.2,HOLD,low structural risk,PROVISIONAL PASS,No exact or edit-distance-one federal record found,0,0,0,0,
463,top 40 within core world,1580,4759,7,Evidence and Proof,10,Scientific borrowing,Authentic scientific terminology,systematic generation,authentic scientific terminology,Measurement Error,measurementerror,8.2,8.8,8.7,6.3,7.8,8.8,8.4,8.2,0.00,8.2,HOLD,low structural risk,PROVISIONAL PASS,No exact or edit-distance-one federal record found,0,0,0,0,
464,top 40 within core world,1581,4760,7,Evidence and Proof,10,Scientific borrowing,Authentic scientific terminology,systematic generation,authentic scientific terminology,Statistical Power,statisticalpower,8.2,8.8,8.7,6.3,7.8,8.8,8.4,8.2,0.00,8.2,HOLD,low structural risk,PROVISIONAL PASS,No exact or edit-distance-one federal record found,0,0,0,0,
465,top 40 within core world,1582,5046,7,Evidence and Proof,17,Three-team decoy,Decoy-world import,systematic generation,three-team decoy briefs,Repeatable Works,repeatableworks,8.4,8.3,8.7,6.3,8.1,8.8,8.4,8.2,0.00,8.2,HOLD,low structural risk,PROVISIONAL PASS,No exact or edit-distance-one federal record found,0,0,0,0,
466,top 40 within core world,1585,5084,8,Better Informed and Customer Agency,1,Make the intangible tangible,"Authentic object, tool, gesture, or process",systematic generation,world objects and instruments,Legend,legend,8.8,8.7,8.7,6.1,7.7,8.8,9.0,7.8,0.00,8.2,HOLD,low structural risk,RED - LIVE EXACT / RELEVANT,Exact live hit in a relevant active class,87,69,287,581,"LEGEND (SN 99777846; live; exact; classes 011,021); LEGEND (SN 99581926; live; exact; classes 035,041); LEGEND (SN 99566620; live; exact; classes 035,041)"
467,top 40 within core world,1586,5089,8,Better Informed and Customer Agency,1,Make the intangible tangible,"Authentic object, tool, gesture, or process",systematic generation,world objects and instruments,Primer,primer,8.8,8.7,8.7,6.1,7.7,8.8,9.0,7.8,0.00,8.2,HOLD,low structural risk,RED - LIVE EXACT / RELEVANT,Exact live hit in a relevant active class,23,212,36,660,"PRIMER (SN 98521518; RN 7924700; live; exact; classes 035,036); PRIMER (SN 79351929; RN 8268327; live; exact; classes 009,035,036,042); PRIMER (SN 88798132; RN 6146648; live; exact; classes 035)"
468,top 40 within core world,1587,5091,8,Better Informed and Customer Agency,1,Make the intangible tangible,"Authentic object, tool, gesture, or process",systematic generation,world objects and instruments,Decoder,decoder,8.8,8.7,8.7,6.1,7.7,8.8,9.0,7.8,0.00,8.2,HOLD,low structural risk,RED - LIVE EXACT / RELEVANT,Exact live hit in a relevant active class,5,42,4,113,"DECÓDER (SN 98816704; RN 7866534; live; exact; classes 003); DECODER (SN 97599522; live; exact; classes 035,042); DECODER (SN 99228631; RN 8133725; live; exact; classes 042)"
469,top 40 within core world,1588,5094,8,Better Informed and Customer Agency,1,Make the intangible tangible,"Authentic object, tool, gesture, or process",systematic generation,world objects and instruments,Annotation,annotation,8.8,8.7,8.7,6.1,7.7,8.8,9.0,7.8,0.00,8.2,HOLD,low structural risk,AMBER - LIVE NEAR / RELEVANT,One-edit live hit in a relevant active class,0,6,2,10,"ANNOVATION (SN 98866619; RN 8008434; live; near-1; classes 035,041,042); ANNOVATION (SN 90279631; RN 6419101; live; near-1; classes 021); ANNOSTATION (SN 79304287; RN 6592472; live; near-1; classes 042)"
470,top 40 within core world,1589,5095,8,Better Informed and Customer Agency,1,Make the intangible tangible,"Authentic object, tool, gesture, or process",systematic generation,world objects and instruments,Diagram,diagram,8.8,8.7,8.7,6.1,7.7,8.8,9.0,7.8,0.00,8.2,HOLD,low structural risk,RED - LIVE EXACT / RELEVANT,Exact live hit in a relevant active class,3,2,6,19,"DIAGRAM (SN 87004686; RN 5348570; live; exact; classes 035,036); DIAGRAM (SN 88419188; RN 5946354; live; exact; classes 042); DIAGRAM (SN 88293728; RN 5916693; live; exact; classes 042)"
471,top 40 within core world,1590,5096,8,Better Informed and Customer Agency,1,Make the intangible tangible,"Authentic object, tool, gesture, or process",systematic generation,world objects and instruments,Flowchart,flowchart,8.8,8.7,8.7,6.1,7.7,8.8,9.0,7.8,0.00,8.2,HOLD,low structural risk,YELLOW - LIVE NEAR,One-edit live hit outside the core active-class set,0,1,0,2,FLOWCHAT (SN 97414852; RN 7192294; live; near-1; classes 042); FLOWCART (SN 98341362; dead/unknown; near-1; classes 042)
472,top 40 within core world,1591,5100,8,Better Informed and Customer Agency,1,Make the intangible tangible,"Authentic object, tool, gesture, or process",systematic generation,world objects and instruments,Notebook,notebook,8.8,8.7,8.7,6.1,7.7,8.8,9.0,7.8,0.00,8.2,HOLD,low structural risk,AMBER - LIVE EXACT,Exact live hit; active classes appear outside core set or are missing,2,6,4,35,"NOTEBOOK (SN 98089493; live; exact; classes 041); NOTEBOOK (SN 85579727; RN 4233877; live; exact; classes 033); NOSEBOOK (SN 79450422; live; near-1; classes 016,041)"
473,top 40 within core world,1592,5252,8,Better Informed and Customer Agency,5,Win by contrast,Unexpected imported term,systematic generation,far-field source contrast,Decision Support,decisionsupport,8.8,8.8,8.7,6.1,7.8,8.8,8.4,7.8,0.00,8.2,HOLD,low structural risk,YELLOW - DEAD EXACT,Exact federal record exists but is coded dead/unknown,0,0,1,1,"DECISION SUPPORT (SN 75384626; dead/unknown; exact; classes 016,042)"
474,top 40 within core world,1593,5253,8,Better Informed and Customer Agency,5,Win by contrast,Unexpected imported term,systematic generation,far-field source contrast,Information Gain,informationgain,8.8,8.8,8.7,6.1,7.8,8.8,8.4,7.8,0.00,8.2,HOLD,low structural risk,PROVISIONAL PASS,No exact or edit-distance-one federal record found,0,0,0,0,
475,top 40 within core world,1594,5254,8,Better Informed and Customer Agency,5,Win by contrast,Unexpected imported term,systematic generation,far-field source contrast,Learning Curve,learningcurve,8.8,8.8,8.7,6.1,7.8,8.8,8.4,7.8,0.00,8.2,HOLD,low structural risk,AMBER - LIVE EXACT,Exact live hit; active classes appear outside core set or are missing,3,2,21,29,LEARNING CURVE (SN 90702159; RN 6723676; live; exact; classes 011); LEARNING CURVE (SN 88665087; RN 6342651; live; exact; classes 028); LEARNING CURVE (SN 86598414; RN 4971758; live; exact; classes 041)
476,top 40 within core world,1595,5255,8,Better Informed and Customer Agency,5,Win by contrast,Unexpected imported term,systematic generation,far-field source contrast,Mental Model,mentalmodel,8.8,8.8,8.7,6.1,7.8,8.8,8.4,7.8,0.00,8.2,HOLD,low structural risk,YELLOW - LIVE NEAR,One-edit live hit outside the core active-class set,0,1,0,4,MENTAL MODELS (SN 75430567; RN 2264444; live; near-1; classes 042); MENTAL MODELS (SN 90324210; dead/unknown; near-1; classes 042); MENTAL MODELS (SN 90324240; dead/unknown; near-1; classes 009)
477,top 40 within core world,1596,5257,8,Better Informed and Customer Agency,5,Win by contrast,Unexpected imported term,systematic generation,far-field source contrast,Knowledge Transfer,knowledgetransfer,8.8,8.8,8.7,6.1,7.8,8.8,8.4,7.8,0.00,8.2,HOLD,low structural risk,AMBER - LIVE EXACT,Exact live hit; active classes appear outside core set or are missing,1,0,3,4,"KNOWLEDGE TRANSFER (SN 90802473; RN 7170437; live; exact; classes 025); KNOWLEDGE TRANSFER (SN 78122743; dead/unknown; exact; classes 009,041); KNOWLEDGE TRANSFER (SN 76127239; dead/unknown; exact; classes 035)"
478,top 40 within core world,1597,5258,8,Better Informed and Customer Agency,5,Win by contrast,Unexpected imported term,systematic generation,far-field source contrast,Shared Decision,shareddecision,8.8,8.8,8.7,6.1,7.8,8.8,8.4,7.8,0.00,8.2,HOLD,low structural risk,PROVISIONAL PASS,No exact or edit-distance-one federal record found,0,0,0,0,
479,top 40 within core world,1598,5259,8,Better Informed and Customer Agency,5,Win by contrast,Unexpected imported term,systematic generation,far-field source contrast,Decision Aid,decisionaid,8.8,8.8,8.7,6.1,7.8,8.8,8.4,7.8,0.00,8.2,HOLD,low structural risk,YELLOW - LIVE NEAR,One-edit live hit outside the core active-class set,0,1,0,2,"DECISION AI (SN 88489407; RN 6060733; live; near-1; classes 009,042); DECISION AIDE (SN 73488096; RN 1336404; dead/unknown; near-1)"
480,top 40 within core world,1599,5260,8,Better Informed and Customer Agency,5,Win by contrast,Unexpected imported term,systematic generation,far-field source contrast,User Control,usercontrol,8.8,8.8,8.7,6.1,7.8,8.8,8.4,7.8,0.00,8.2,HOLD,low structural risk,PROVISIONAL PASS,No exact or edit-distance-one federal record found,0,0,0,0,
481,top 40 within core world,1600,5262,8,Better Informed and Customer Agency,5,Win by contrast,Unexpected imported term,systematic generation,far-field source contrast,Information Design,informationdesign,8.8,8.8,8.7,6.1,7.8,8.8,8.4,7.8,0.00,8.2,HOLD,low structural risk,YELLOW - DEAD EXACT,Exact federal record exists but is coded dead/unknown,0,0,3,3,"INFORMATION DESIGN (SN 86558756; dead/unknown; exact; classes 035); INFORMATION DESIGN (SN 76126385; dead/unknown; exact; classes 035,042); INFORMATION DESIGN (SN 73744291; dead/unknown; exact)"
482,top 40 within core world,1601,5264,8,Better Informed and Customer Agency,5,Win by contrast,Unexpected imported term,systematic generation,far-field source contrast,Reference Key,referencekey,8.8,8.8,8.7,6.1,7.8,8.8,8.4,7.8,0.00,8.2,HOLD,low structural risk,PROVISIONAL PASS,No exact or edit-distance-one federal record found,0,0,0,0,
483,top 40 within core world,1602,5265,8,Better Informed and Customer Agency,5,Win by contrast,Unexpected imported term,systematic generation,far-field source contrast,Reading Level,readinglevel,8.8,8.8,8.7,6.1,7.8,8.8,8.4,7.8,0.00,8.2,HOLD,low structural risk,PROVISIONAL PASS,No exact or edit-distance-one federal record found,0,0,0,0,
484,top 40 within core world,1603,5266,8,Better Informed and Customer Agency,5,Win by contrast,Unexpected imported term,systematic generation,far-field source contrast,Legend Key,legendkey,8.8,8.8,8.7,6.1,7.8,8.8,8.4,7.8,0.00,8.2,HOLD,low structural risk,PROVISIONAL PASS,No exact or edit-distance-one federal record found,0,0,0,0,
485,top 40 within core world,1604,5267,8,Better Informed and Customer Agency,5,Win by contrast,Unexpected imported term,systematic generation,far-field source contrast,Orientation Map,orientationmap,8.8,8.8,8.7,6.1,7.8,8.8,8.4,7.8,0.00,8.2,HOLD,low structural risk,PROVISIONAL PASS,No exact or edit-distance-one federal record found,0,0,0,0,
486,top 40 within core world,1605,5270,8,Better Informed and Customer Agency,5,Win by contrast,Unexpected imported term,systematic generation,far-field source contrast,Informed Consent,informedconsent,8.8,8.8,8.7,6.1,7.8,8.8,8.4,7.8,0.00,8.2,HOLD,low structural risk,YELLOW - DEAD EXACT,Exact federal record exists but is coded dead/unknown,0,0,3,3,INFORMED CONSENT (SN 77339211; dead/unknown; exact; classes 044); INFORMED CONSENT (SN 77050645; dead/unknown; exact; classes 035); INFORMED CONSENT (SN 73621121; RN 1468072; dead/unknown; exact)
487,top 40 within core world,1606,5294,8,Better Informed and Customer Agency,6,Name the audacity / worldview,Short stance phrase,hand-authored,curated depth seed,Ask More,askmore,8.8,8.5,8.7,6.1,8.1,8.8,8.4,7.8,0.00,8.2,HOLD,low structural risk,AMBER - LIVE EXACT,Exact live hit; active classes appear outside core set or are missing,1,8,0,13,ASKMORE (SN 90405788; RN 6517048; live; exact; classes 020); ASHMORE (SN 99208216; RN 8130405; live; near-1; classes 010); ASHMORE (SN 98376056; RN 7797176; live; near-1; classes 010)
488,top 40 within core world,1607,5308,8,Better Informed and Customer Agency,6,Name the audacity / worldview,Short stance phrase,systematic generation,worldview statements,Keep Asking,keepasking,8.4,8.5,8.7,6.8,8.1,8.8,8.4,7.8,0.00,8.2,HOLD,low structural risk,AMBER - LIVE EXACT,Exact live hit; active classes appear outside core set or are missing,2,1,1,4,KEEP ASKING (SN 99699264; live; exact; classes 036); KEEP ASKING (SN 97299663; RN 7029319; live; exact; classes 042); KEEPSAKING (SN 97592528; live; near-1; classes 041)
489,top 40 within core world,1608,5476,8,Better Informed and Customer Agency,10,Scientific borrowing,Authentic scientific terminology,systematic generation,authentic scientific terminology,Feedback,feedback,8.3,8.8,8.7,6.1,8.1,8.8,9.0,7.8,0.00,8.2,HOLD,low structural risk,RED - LIVE EXACT / RELEVANT,Exact live hit in a relevant active class,6,7,36,61,"FEEDBACK (SN 77982204; RN 4003434; live; exact; classes 035); FEEDBACK (SN 99519609; live; exact; classes 009,016,025,041); FEEDBACK (SN 87576597; RN 5991596; live; exact; classes 041)"
490,top 40 within core world,1609,5483,8,Better Informed and Customer Agency,10,Scientific borrowing,Authentic scientific terminology,systematic generation,authentic scientific terminology,Inference,inference,8.3,8.8,8.7,6.1,8.1,8.8,9.0,7.8,0.00,8.2,HOLD,low structural risk,AMBER - LIVE EXACT,Exact live hit; active classes appear outside core set or are missing,3,5,3,12,INFERENCE (SN 99741183; live; exact; classes 041); INFERENCE (SN 99741187; live; exact; classes 036); INFERENCE (SN 88703924; RN 6473001; live; exact; classes 042)
491,top 40 within core world,1610,5765,8,Better Informed and Customer Agency,17,Three-team decoy,Decoy-world import,hand-authored,curated depth seed,Knowhow Club,knowhowclub,8.8,8.3,8.7,6.1,8.1,8.8,8.4,7.8,0.00,8.2,HOLD,low structural risk,PROVISIONAL PASS,No exact or edit-distance-one federal record found,0,0,0,0,
492,top 40 within core world,2143,5083,8,Better Informed and Customer Agency,1,Make the intangible tangible,"Authentic object, tool, gesture, or process",systematic generation,world objects and instruments,Key,key,8.2,8.7,8.7,6.1,7.7,8.5,9.0,7.8,0.00,8.1,HOLD,low structural risk,RED - LIVE EXACT / RELEVANT,Exact live hit in a relevant active class,26,0,74,100,"KEY (SN 97975144; RN 6901347; live; exact; classes 009,035,039); KEY (SN 90727181; RN 7663033; live; exact; classes 035); KEY (SN 86188878; RN 4706631; live; exact; classes 009,016,035,041)"
493,top 40 within core world,2144,5085,8,Better Informed and Customer Agency,1,Make the intangible tangible,"Authentic object, tool, gesture, or process",systematic generation,world objects and instruments,Map,map,8.2,8.7,8.7,6.1,7.7,8.5,9.0,7.8,0.00,8.1,HOLD,low structural risk,RED - LIVE EXACT / RELEVANT,Exact live hit in a relevant active class,29,0,143,172,"MAP (SN 97642783; live; exact; classes 035,042); MAP (SN 97536265; RN 7657055; live; exact; classes 044); MAP (SN 97062429; RN 7051936; live; exact; classes 005)"
494,top 40 within core world,2145,5101,8,Better Informed and Customer Agency,1,Make the intangible tangible,"Authentic object, tool, gesture, or process",systematic generation,world objects and instruments,Syllabus,syllabus,8.8,8.7,8.7,6.1,7.7,8.0,9.0,7.8,0.00,8.1,HOLD,low structural risk,AMBER - LIVE EXACT,Exact live hit; active classes appear outside core set or are missing,2,0,9,14,SYLLABUS (SN 97268029; RN 7367894; live; exact; classes 042); SYLLABUS (SN 88831581; RN 6713849; live; exact; classes 016); SYLLABUS (SN 86811964; RN 5530627; dead/unknown; exact)
495,top 40 within core world,2146,5103,8,Better Informed and Customer Agency,1,Make the intangible tangible,"Authentic object, tool, gesture, or process",systematic generation,world objects and instruments,Menu,menu,8.2,8.7,8.7,6.1,7.7,8.5,9.0,7.8,0.00,8.1,HOLD,low structural risk,RED - LIVE EXACT / RELEVANT,Exact live hit in a relevant active class,8,0,35,43,"MEN-Ü (SN 97456290; RN 7119828; live; exact; classes 003); MENU (SN 79262162; RN 6253366; live; exact; classes 008,011,020,021,027,035); MENU (SN 78250372; RN 3216897; live; exact; classes 006,008,011,020,021)"
496,top 40 within core world,2147,5215,8,Better Informed and Customer Agency,4,Anti-descriptor,Bold contradiction or anti-descriptor,systematic generation,anti-descriptor,Beginner Expert,beginnerexpert,8.3,8.6,8.7,6.1,8.1,8.8,8.4,7.8,0.00,8.1,HOLD,low structural risk,PROVISIONAL PASS,No exact or edit-distance-one federal record found,0,0,0,0,
497,top 40 within core world,2148,5222,8,Better Informed and Customer Agency,4,Anti-descriptor,Bold contradiction or anti-descriptor,systematic generation,anti-descriptor,Plainly Advanced,plainlyadvanced,8.3,8.6,8.7,6.1,8.1,8.8,8.4,7.8,0.00,8.1,HOLD,low structural risk,PROVISIONAL PASS,No exact or edit-distance-one federal record found,0,0,0,0,
498,top 40 within core world,2149,5268,8,Better Informed and Customer Agency,5,Win by contrast,Unexpected imported term,systematic generation,far-field source contrast,Quick Start,quickstart,8.8,8.8,8.7,6.1,7.8,8.0,8.4,7.8,0.00,8.1,HOLD,low structural risk,RED - LIVE EXACT / RELEVANT,Exact live hit in a relevant active class,28,10,107,176,"QUICKSTART (SN 98718842; RN 8286982; live; exact; classes 009,044); QUICKSTART (SN 98126767; RN 7675168; live; exact; classes 005); QUICKSTART (SN 86162171; RN 6436645; live; exact; classes 003)"
499,top 40 within core world,2150,5296,8,Better Informed and Customer Agency,6,Name the audacity / worldview,Short stance phrase,systematic generation,worldview statements,Know Better,knowbetter,8.4,8.5,8.7,6.1,8.1,8.8,8.4,7.8,0.00,8.1,HOLD,low structural risk,RED - LIVE EXACT / RELEVANT,Exact live hit in a relevant active class,4,0,4,9,"KNOW BETTER (SN 99100380; RN 8021915; live; exact; classes 005); KNOW BETTER (SN 97059358; live; exact; classes 035,038,042); KNOW BETTER (SN 90795450; RN 7892191; live; exact; classes 003)"
500,top 40 within core world,2151,5299,8,Better Informed and Customer Agency,6,Name the audacity / worldview,Short stance phrase,systematic generation,worldview statements,Read Up,readup,8.4,8.5,8.7,6.1,8.1,8.8,8.4,7.8,0.00,8.1,HOLD,low structural risk,AMBER - LIVE EXACT,Exact live hit; active classes appear outside core set or are missing,1,8,8,29,READUP (SN 99664760; live; exact; classes 020); REALUP (SN 99609487; live; near-1; classes 035); HEAD UP (SN 98590933; live; near-1; classes 010)
