Rank,Name,Score,World,Hook,FinalNote,Risk,Method,DecoyBrief,Decision,DecisionReason,LiveExact,LiveNear1,DeadOrUnknownExact,RepresentativeHits,Normalized
1,Exacting Kind,9.3,Performance Without Theater,Exacting Kind combines uncompromising standards with a humane relationship to skin.,It fuses rigorous standards with humane care in a distinctive bottle-ready contradiction,Low,Compound,Fewer Better Machines,PROVISIONAL PASS,No exact or edit-distance-one federal record found,0,0,0,,exactingkind
2,Quiet Standard,9.3,Performance Without Theater,Quiet Standard lets disciplined product quality speak without exaggerated claims or theater.,It captures high performance without spectacle in two confident words,Low,Paradox,Radical Focus,PROVISIONAL PASS,No exact or edit-distance-one federal record found,0,0,0,,quietstandard
3,Useful Doubt,9.3,Beauty for Skeptics,Useful Doubt turns skepticism into a productive filter for claims ingredients and innovation.,It turns skepticism into an active customer benefit with unusual warmth,Low,Paradox,Living Standard,PROVISIONAL PASS,No exact or edit-distance-one federal record found,0,0,0,,usefuldoubt
4,Rational Magic,9.3,Beauty for Skeptics,Rational Magic preserves beauty's pleasure while refusing pseudoscience and exaggerated claims.,It preserves beauty's pleasure while clearly rejecting pseudoscience,Low,Paradox,Calm Command,PROVISIONAL PASS,No exact or edit-distance-one federal record found,0,0,0,,rationalmagic
5,Generous Precision,9.3,Performance Without Theater,Generous Precision pairs exact formulation with an experience that never feels cold or withholding.,It balances exact formulation with a welcoming view of the customer,Low,Paradox,Radical Focus,PROVISIONAL PASS,No exact or edit-distance-one federal record found,0,0,0,,generousprecision
6,Recency Bias,9.3,Beauty for Skeptics,The name signals that new does not automatically mean better in skincare.,It provocatively names the tension between new evidence and novelty chasing,Negative bias,Temporal play,Living Standard,PROVISIONAL PASS,No exact or edit-distance-one federal record found,0,0,0,,recencybias
7,Living Index,9.1,The Living Standard,Living Index organizes a stable system that changes when new evidence merits inclusion.,It suggests an organized core that updates only when knowledge earns inclusion,Low,Editorial metaphor,Living Standard,PROVISIONAL PASS,No exact or edit-distance-one federal record found,0,0,0,,livingindex
8,Warm Rigor,9.1,Earned Confidence,Scientific standards meet language that remains human and generous.,It humanizes scientific discipline without softening the standard,Low,Paradox,Radical Focus,PROVISIONAL PASS,No exact or edit-distance-one federal record found,0,0,0,,warmrigor
9,New Patina,9.2,The Long View,Time is allowed to add character while skincare keeps the surface at its best.,It makes accumulated time beautiful while leaving room for intelligent renewal,Low,Craft metaphor,Living Standard,PROVISIONAL PASS,Only dead/unknown one-edit records found,0,0,0,NEW LATINA (SN 85317392; dead/unknown; near-1),newpatina
10,The Empty Shelf,9.1,Performance Without Theater,An intentionally sparse shelf becomes the visual expression of fewer better products.,It dramatizes fewer better products with a surprising retail image,Negative image,Cultural frame,Fewer Better Machines,PROVISIONAL PASS,No exact or edit-distance-one federal record found,0,0,0,,theemptyshelf
11,The Short Answer,9.0,Beauty for Skeptics,The Short Answer promises concise conclusions backed by deeper expertise when customers want it.,It offers decisive simplicity with a skeptical editorial voice,Editorial adjacency,Editorial metaphor,Radical Focus,PROVISIONAL PASS,No exact or edit-distance-one federal record found,0,0,0,,theshortanswer
12,Well Considered,9.1,Performance Without Theater,Well Considered makes thoughtful formulation and useful restraint feel premium.,It makes careful judgment feel like the premium product attribute,Low,Proposition,Fewer Better Machines,PROVISIONAL PASS,No exact or edit-distance-one federal record found,0,0,0,,wellconsidered
13,Wildly Poised,9.1,On Your Terms,Wildly Poised holds expressive freedom and mature self-command in the same identity.,It combines expressive freedom with mature self-possession,Meaning stretch,Paradox,Long View Living,PROVISIONAL PASS,No exact or edit-distance-one federal record found,0,0,0,,wildlypoised
14,Human Measure,9.0,On Your Terms,Human Measure puts the person rather than an impossible ideal at the center of product decisions.,It places real people above perfection metrics and corrective beauty,Low,Institutional frame,Living Standard,PROVISIONAL PASS,No exact or edit-distance-one federal record found,0,0,0,,humanmeasure
15,Permanent Draft,9.0,The Living Standard,Permanent Draft captures a trusted skincare core that remains intelligently open to revision.,It holds stable practice and continuous revision in one rich paradox,Low,Paradox,Living Standard,PROVISIONAL PASS,No exact or edit-distance-one federal record found,0,0,0,,permanentdraft
16,Measured Wild,9.0,The Living Standard,Measured Wild balances biological complexity with exacting formulation and judgment.,It respects biological complexity while promising disciplined formulation,Low,Paradox,Calm Command,PROVISIONAL PASS,No exact or edit-distance-one federal record found,0,0,0,,measuredwild
17,The Full Yes,8.9,On Your Terms,Skincare begins from affirmative self-regard rather than fear of aging.,It makes personal acceptance feel expansive and brand-ownable,Campaign-like,Poetic phrase,Long View Living,PROVISIONAL PASS,No exact or edit-distance-one federal record found,0,0,0,,thefullyes
18,Better Question,9.0,Beauty for Skeptics,Good skincare begins by asking sharper questions than the category usually does.,It turns intelligent inquiry into the path toward better skincare,Campaign-like,Proposition,Entertaining Skeptic,PROVISIONAL PASS,No exact or edit-distance-one federal record found,0,0,0,,betterquestion
19,Tender Steel,9.1,Performance Without Theater,Tender Steel joins durable results with respect for the skin and the person wearing it.,It gives performance both structural strength and humane softness,Meaning stretch,Paradox,Long View Living,PROVISIONAL PASS,No exact or edit-distance-one federal record found,0,0,0,,tendersteel
20,The Unfinished,8.8,The Long View,The Unfinished honors a self that keeps evolving rather than needing correction.,It presents aging as continued authorship rather than correction,Negative reading,Poetic phrase,Living Standard,PROVISIONAL PASS,No exact or edit-distance-one federal record found,0,0,0,,theunfinished
21,Calm Revision,8.8,The Living Standard,Formulas improve through deliberate updates rather than novelty churn.,It describes evidence-led improvement without instability or hype,Abstract,Paradox,Living Standard,PROVISIONAL PASS,No exact or edit-distance-one federal record found,0,0,0,,calmrevision
22,Polite Revolt,9.0,Beauty for Skeptics,The brand rejects shame and theater with intelligence rather than cynicism.,It gives anti-hype skepticism a civilized and distinctive personality,Campaign-like,Contradiction,Entertaining Skeptic,PROVISIONAL PASS,No exact or edit-distance-one federal record found,0,0,0,,politerevolt
23,Soonward,9.0,The Long View,Soonward points toward better future standards without chasing novelty for its own sake.,It coins a fluent future direction without sounding technological,Coinage,Temporal play,Living Standard,PROVISIONAL PASS,No exact or edit-distance-one federal record found,0,0,0,,soonward
24,Sound Reason,8.8,Earned Confidence,Sound reasoning becomes the source of product and decision confidence.,It signals grounded judgment with strong verbal confidence,Generic phrase,Intellectual frame,Calm Command,PROVISIONAL PASS,No exact or edit-distance-one federal record found,0,0,0,,soundreason
25,Steady Spark,9.0,The Living Standard,Steady Spark combines a dependable daily core with a live edge of innovation.,It unites a dependable core with a credible advancing edge,Low,Paradox,Living Standard,PROVISIONAL PASS,No exact or edit-distance-one federal record found,0,0,0,,steadyspark
26,Brighter Matter,9.0,Performance Without Theater,Brighter Matter treats visible beauty as the result of better substance rather than brighter promises.,It shifts beauty from loud promises toward better underlying substance,Meaning stretch,Poetic phrase,Long View Living,PROVISIONAL PASS,No exact or edit-distance-one federal record found,0,0,0,,brightermatter
27,The Errata,8.7,Beauty for Skeptics,The brand corrects category nonsense while revising its own standards when needed.,It makes correction and intellectual honesty part of the brand character,Editorial skew,Editorial metaphor,Living Standard,PROVISIONAL PASS,No exact or edit-distance-one federal record found,0,0,0,,theerrata
28,Bold Restraint,9.1,Performance Without Theater,Confidence shows in what the brand refuses to add or exaggerate.,It turns disciplined limitation into a confident creative stance,Abstract,Paradox,Radical Focus,PROVISIONAL PASS,No exact or edit-distance-one federal record found,0,0,0,,boldrestraint
29,Morrowlight,8.7,The Long View,Morrowlight joins future-facing optimism with the visible glow of well-cared-for skin.,It blends future optimism with skin-relevant luminosity in a lyrical coinage,Poetic stretch,Poetic coinage,Living Standard,PROVISIONAL PASS,No exact or edit-distance-one federal record found,0,0,0,,morrowlight
30,Forum of One,8.8,On Your Terms,Forum of One makes the customer's considered judgment the final decision-making body.,It gives individual judgment institutional weight and dignity,Meaning stretch,Cultural frame,Long View Living,PROVISIONAL PASS,No exact or edit-distance-one federal record found,0,0,0,,forumofone
31,The Useful,9.4,Performance Without Theater,The Useful turns practical value into a confident beauty position rather than a compromise.,It makes practical value feel radical and premium while supporting a disciplined,Low,Personification,Radical Focus,YELLOW - DEAD EXACT,Exact federal record exists but is coded dead/unknown,0,0,2,THEUSEFUL (SN 78777136; RN 3168505; dead/unknown; exact); THEUSEFUL (SN 78777158; RN 3239162; dead/unknown; exact),theuseful
32,Active Archive,9.3,The Living Standard,Active Archive turns accumulated evidence into a resource that continuously improves the routine.,It gives evidence a living role in an evolving yet stable routine,Low,Metaphor,Living Standard,YELLOW - DEAD EXACT,Exact federal record exists but is coded dead/unknown,0,0,3,ACTIVE ARCHIVE (SN 85525025; dead/unknown; exact; classes 009); ACTIVE ARCHIVE (SN 78099708; dead/unknown; exact; classes 042); ACTIVE ARCHIVE (SN 76268535; RN 2849835; dead/unknown; exact),activearchive
33,Good Authority,9.3,Earned Confidence,Good Authority makes expertise feel earned helpful and never domineering.,It frames expertise as earned helpful and non-dominating,Low,Idiom,Fewer Better Machines,AMBER - LIVE EXACT,Exact live hit; active classes appear outside core set or are missing,3,0,2,GOOD AUTHORITY (SN 97656298; live; exact; classes 041); GOOD AUTHORITY (SN 97607705; RN 7302766; live; exact; classes 045); GOOD AUTHORITY (SN 90714131; RN 6730617; live; exact; classes 041),goodauthority
34,Due Weight,9.0,Beauty for Skeptics,Due Weight signals that evidence is judged proportionately instead of cherry-picked for drama.,It suggests evidence and customer concerns receive proportionate judgment,Meaning stretch,Intellectual frame,Calm Command,PROVISIONAL PASS,No exact or edit-distance-one federal record found,0,0,0,,dueweight
35,Patient Force,9.0,Performance Without Theater,Patient Force frames efficacy as consistent cumulative work rather than dramatic intervention.,It frames efficacy as cumulative work rather than dramatic intervention,Low,Contradiction,Fewer Better Machines,PROVISIONAL PASS,Only dead/unknown one-edit records found,0,0,0,PATENTFORCE (SN 86831399; RN 5134555; dead/unknown; near-1); PATENT FORCE (SN 78233779; dead/unknown; near-1; classes 042); PATENTFORCE (SN 75685219; dead/unknown; near-1; classes 035),patientforce
36,New Cadence,8.7,The Living Standard,New Cadence lets credible advances change the routine without disrupting its coherence.,It makes scientific progress feel like a coherent adjustment to routine,Generic phrase,Arts frame,Long View Living,PROVISIONAL PASS,Only dead/unknown one-edit records found,0,0,0,NETCADENCE (SN 76173915; RN 2682411; dead/unknown; near-1),newcadence
37,Bright Patience,8.8,The Long View,Visible progress is paired with realistic timelines and optimism.,It connects visible vitality with a respectful long-term horizon,Abstract,Poetic phrase,Living Standard,PROVISIONAL PASS,No exact or edit-distance-one federal record found,0,0,0,,brightpatience
38,Proper Noun,8.6,Earned Confidence,Proper Noun treats every customer as a person rather than a problem to correct.,It treats the customer as a person rather than a problem category,Meaning stretch,Editorial metaphor,Radical Focus,PROVISIONAL PASS,No exact or edit-distance-one federal record found,0,0,0,,propernoun
39,Stable Motion,8.9,The Living Standard,The routine stays dependable while the science behind it keeps moving.,It captures a trusted standard that keeps advancing,Abstract,Paradox,Living Standard,PROVISIONAL PASS,No exact or edit-distance-one federal record found,0,0,0,,stablemotion
40,Civil Mischief,8.9,Beauty for Skeptics,Civil Mischief gives polite intelligence a provocative role in upsetting category nonsense.,It brings entertaining provocation to a substantively rigorous brand,Meaning stretch,Contradiction,Entertaining Skeptic,PROVISIONAL PASS,No exact or edit-distance-one federal record found,0,0,0,,civilmischief
41,In Good Time,9.0,The Long View,Better skin and better decisions are allowed to develop at a credible pace.,It makes consistency and positive aging feel generous rather than corrective,Campaign-like,Time phrase,Calm Command,PROVISIONAL PASS,No exact or edit-distance-one federal record found,0,0,0,,ingoodtime
42,Narrow Plenty,9.0,Performance Without Theater,A deliberately small line delivers broad everyday utility.,It turns a small assortment into an experience of abundance,Abstract,Contradiction,Fewer Better Machines,PROVISIONAL PASS,No exact or edit-distance-one federal record found,0,0,0,,narrowplenty
43,Lasting Curiosity,8.8,The Living Standard,Enduring products are paired with an active appetite for better answers.,It gives long-term evidence tracking an open and human spirit,Campaign-like,Poetic phrase,Living Standard,PROVISIONAL PASS,No exact or edit-distance-one federal record found,0,0,0,,lastingcuriosity
44,Mutual Regard,8.8,Earned Confidence,Mutual Regard frames skincare as a respectful exchange between expertise and the person using it.,It describes reciprocal respect between expertise and lived experience,Relational abstraction,Relational frame,Calm Command,PROVISIONAL PASS,No exact or edit-distance-one federal record found,0,0,0,,mutualregard
45,Room to Think,8.9,Beauty for Skeptics,Room to Think gives customers intellectual space in a category that often manufactures urgency.,It gives customers psychological space in an anxious category,Campaign-like,Spatial phrase,Calm Command,PROVISIONAL PASS,No exact or edit-distance-one federal record found,0,0,0,,roomtothink
46,Set Your Terms,9.0,On Your Terms,Set Your Terms makes personal authority the organizing idea of the skincare system.,It makes personal authority explicit without invoking correction,Campaign-like,Imperative phrase,Calm Command,PROVISIONAL PASS,No exact or edit-distance-one federal record found,0,0,0,,setyourterms
47,Long Measure,8.8,The Long View,Long Measure judges skincare by sustained usefulness rather than launch-day excitement.,It judges quality by sustained usefulness across time,Low,Compound,Fewer Better Machines,PROVISIONAL PASS,No exact or edit-distance-one federal record found,0,0,0,,longmeasure
48,Measured Spark,8.9,The Living Standard,Measured Spark unites disciplined evaluation with the moment a worthwhile innovation earns excitement.,It captures innovation disciplined by evidence and restraint,Low,Paradox,Long View Living,PROVISIONAL PASS,No exact or edit-distance-one federal record found,0,0,0,,measuredspark
49,By Better Light,8.5,Earned Confidence,The brand helps people judge formulas and their own skin in more revealing light.,It suggests informed perspective and flattering illumination without a claim,Campaign-like,Proposition,Living Standard,PROVISIONAL PASS,No exact or edit-distance-one federal record found,0,0,0,,bybetterlight
50,Without Fuss,8.9,Performance Without Theater,Without Fuss makes ease and high utility the visible result of serious work behind the scenes.,It promises utility and ease in a fluent master-brand phrase,Campaign-like,Proposition,Fewer Better Machines,PROVISIONAL PASS,No exact or edit-distance-one federal record found,0,0,0,,withoutfuss
51,Seasoned Fresh,9.1,The Long View,Freshness is separated from youth and made compatible with experience.,It unites experience and renewal without age denial,Paradox stretch,Paradox,Long View Living,PROVISIONAL PASS,No exact or edit-distance-one federal record found,0,0,0,,seasonedfresh
52,Plain Dealing,9.0,Performance Without Theater,Plain Dealing promises straightforward products claims and customer treatment.,It makes honest products and customer treatment inseparable,Generic idiom,Idiom,Fewer Better Machines,PROVISIONAL PASS,No exact or edit-distance-one federal record found,0,0,0,,plaindealing
53,Still Current,8.9,The Living Standard,The core stays relevant because it advances selectively.,It expresses continuity that remains relevant as evidence changes,Double meaning,Double meaning,Fewer Better Machines,PROVISIONAL PASS,No exact or edit-distance-one federal record found,0,0,0,,stillcurrent
54,Decoder Ring,9.0,Beauty for Skeptics,Decoder Ring turns ingredient and claim literacy into an inviting cultural ritual.,It makes ingredient literacy playful and culturally memorable,Playful tone,Cultural frame,Entertaining Skeptic,PROVISIONAL PASS,No exact or edit-distance-one federal record found,0,0,0,,decoderring
55,Fullhearted,8.8,On Your Terms,Fullhearted brings unapologetic self-regard to the practice of caring for skin.,It gives self-care an unapologetically positive emotional center,Low,Compound,Long View Living,PROVISIONAL PASS,No exact or edit-distance-one federal record found,0,0,0,,fullhearted
56,Finite Wonder,8.8,The Long View,Finite Wonder finds beauty in time's limits without surrendering curiosity or care.,It finds beauty in time's limits without resignation,Philosophical tone,Paradox,Radical Focus,PROVISIONAL PASS,No exact or edit-distance-one federal record found,0,0,0,,finitewonder
57,Calm Voltage,8.9,Performance Without Theater,Calm Voltage makes potent performance feel controlled steady and free of spectacle.,It makes potent performance feel controlled rather than aggressive,Meaning stretch,Paradox,Calm Command,PROVISIONAL PASS,No exact or edit-distance-one federal record found,0,0,0,,calmvoltage
58,Honest Margin,8.8,Beauty for Skeptics,Honest Margin names the space between what evidence supports and what marketing wants to say.,It leaves visible room for uncertainty and nuance around claims,Meaning stretch,Compound,Fewer Better Machines,PROVISIONAL PASS,No exact or edit-distance-one federal record found,0,0,0,,honestmargin
59,Fair Measure,8.8,Earned Confidence,Fair Measure signals proportionate claims and formulas judged by what they genuinely deliver.,It balances evidence effectiveness and expectation with humane judgment,Familiar phrase,Idiom,Fewer Better Machines,YELLOW - LIVE NEAR,One-edit live hit outside the core active-class set,0,1,0,"FAIR MEASURES (SN 78650246; RN 3179768; live; near-1; classes 016,041); AIRMEASURE (SN 87606447; RN 5447982; dead/unknown; near-1)",fairmeasure
60,Signal Bloom,8.7,The Living Standard,Signal Bloom joins biological vitality with the discipline of detecting meaningful scientific change.,It joins scientific detection with living vitality in a fresh image,Meaning stretch,Science metaphor,Living Standard,PROVISIONAL PASS,No exact or edit-distance-one federal record found,0,0,0,,signalbloom
61,Day One Again,8.8,The Long View,Day One Again makes renewal repeatable without pretending time can be reset.,It renews the routine without pretending time can be reset,Campaign-like,Temporal play,Living Standard,PROVISIONAL PASS,No exact or edit-distance-one federal record found,0,0,0,,dayoneagain
62,Soft Heckle,8.8,Beauty for Skeptics,Soft Heckle combines a humane skincare manner with a refusal to let nonsense pass.,It challenges category nonsense with wit instead of hostility,Tone polarizing,Contradiction,Entertaining Skeptic,PROVISIONAL PASS,No exact or edit-distance-one federal record found,0,0,0,,softheckle
63,Velvet Gauge,8.6,Earned Confidence,Velvet Gauge pairs sensorial pleasure with standards that can be measured.,It pairs sensorial beauty with a standard that can be measured,Meaning stretch,Compound,Living Standard,PROVISIONAL PASS,No exact or edit-distance-one federal record found,0,0,0,,velvetgauge
64,Keep Becoming,8.8,The Long View,Keep Becoming frames skin and self as ongoing without making youth the destination.,It frames aging as active growth and continued possibility,Campaign-like,Proposition,Living Standard,PROVISIONAL PASS,No exact or edit-distance-one federal record found,0,0,0,,keepbecoming
65,The Houseguest,8.8,On Your Terms,The Houseguest imagines the brand as a respectful presence invited into a personal routine.,It casts the brand as a respectful presence in a personal routine,Meaning stretch,Personification,Long View Living,PROVISIONAL PASS,No exact or edit-distance-one federal record found,0,0,0,,thehouseguest
66,Almanac House,8.7,The Living Standard,A growing body of skincare knowledge informs a compact modern routine.,It gives evolving knowledge a warm durable institutional home,Editorial skew,Cultural frame,Living Standard,PROVISIONAL PASS,No exact or edit-distance-one federal record found,0,0,0,,almanachouse
67,We Noticed,8.8,Beauty for Skeptics,Expert attention spots customer concerns and category contradictions worth addressing.,It sounds observant responsive and unusually conversational for skincare,Campaign-like,Proposition,Entertaining Skeptic,PROVISIONAL PASS,Only dead/unknown one-edit records found,0,0,0,BE NOTICED (SN 88198082; RN 5830344; dead/unknown; near-1); WENOTICE (SN 78836949; dead/unknown; near-1; classes 042); BE NOTICED. (SN 78458563; RN 3042856; dead/unknown; near-1),wenoticed
68,Focused Freedom,8.5,On Your Terms,A small rigorous system gives customers more freedom to use skincare their way.,It connects a restrained routine with greater personal choice,Abstract,Paradox,Radical Focus,PROVISIONAL PASS,No exact or edit-distance-one federal record found,0,0,0,,focusedfreedom
69,New Common,8.5,The Living Standard,Better science becomes an accessible everyday standard rather than an elite novelty.,It imagines a better evidence-led standard becoming everyday practice,Abstract,Cultural frame,Long View Living,PROVISIONAL PASS,No exact or edit-distance-one federal record found,0,0,0,,newcommon
70,Restless Poise,8.5,Earned Confidence,The brand stays composed while continuously testing what deserves to improve.,It combines self-command with an appetite for continual improvement,Abstract,Paradox,Calm Command,PROVISIONAL PASS,No exact or edit-distance-one federal record found,0,0,0,,restlesspoise
71,Still Rising,9.0,The Long View,Still Rising makes continued growth the emotional center of aging well.,It makes ongoing growth the emotional story of aging,Campaign-like,Paradox,Long View Living,PROVISIONAL PASS,No exact or edit-distance-one federal record found,0,0,0,,stillrising
72,Small Type,8.6,Beauty for Skeptics,The details others bury become the center of formulation and education.,It rewards people who read details and distrust the headline,Editorial skew,Editorial frame,Entertaining Skeptic,PROVISIONAL PASS,No exact or edit-distance-one federal record found,0,0,0,,smalltype
73,Quietly Certain,8.7,Earned Confidence,Assurance comes from dependable results rather than cosmetic bravado.,It conveys assurance with reasons rather than volume,Campaign-like,Adverb phrase,Calm Command,PROVISIONAL PASS,No exact or edit-distance-one federal record found,0,0,0,,quietlycertain
74,Borrowed Feathers,8.8,On Your Terms,Beauty is separated from borrowed ideals and returned to personal authority.,It questions imposed beauty costumes through a rich memorable metaphor,Meaning stretch,Metaphor,Entertaining Skeptic,PROVISIONAL PASS,No exact or edit-distance-one federal record found,0,0,0,,borrowedfeathers
75,Until Further Notice,8.6,The Living Standard,Every formula is trusted yet remains open to evidence-led revision.,It makes every standard confidently provisional to better evidence,Campaign-like,Proposition,Living Standard,PROVISIONAL PASS,No exact or edit-distance-one federal record found,0,0,0,,untilfurthernotice
76,Tomorrowwise,8.6,The Long View,Tomorrowwise gives the brand a future-facing intelligence grounded in decisions that hold up over time.,It coins a warm form of future readiness grounded in judgment,Coined spelling,Temporal play,Living Standard,PROVISIONAL PASS,Only dead/unknown one-edit records found,0,0,0,TOMORROWRISE (SN 86741447; dead/unknown; near-1; classes 025),tomorrowwise
77,Canary Room,8.6,Beauty for Skeptics,The brand serves as an early warning system for dubious trends and useful advances.,It gives skepticism an unexpected watchful world with strong visual potential,Meaning stretch,Metaphor,Entertaining Skeptic,PROVISIONAL PASS,No exact or edit-distance-one federal record found,0,0,0,,canaryroom
78,See It Whole,8.5,Earned Confidence,See It Whole connects skin science self-regard and informed choice in one generous view.,It connects product self and decision confidence in one generous view,Campaign-like,Proposition,Calm Command,PROVISIONAL PASS,No exact or edit-distance-one federal record found,0,0,0,,seeitwhole
79,Signalcraft,8.6,The Living Standard,The brand reads scientific signals and turns the worthy ones into useful skincare.,It turns discerning meaningful scientific change into a practiced capability,Tech adjacency,Compound,Living Standard,PROVISIONAL PASS,No exact or edit-distance-one federal record found,0,0,0,,signalcraft
80,Brave Ease,8.7,On Your Terms,Brave Ease presents self-acceptance as confident and active rather than passive.,It pairs self-possession with freedom from anxious beauty labor,Meaning stretch,Paradox,Long View Living,PROVISIONAL PASS,Only dead/unknown one-edit records found,0,0,0,CRAVE EASE (SN 85624794; RN 4614214; dead/unknown; near-1); CRAVE EASE (SN 78237775; RN 2817518; dead/unknown; near-1),braveease
81,Kind Precision,9.1,Performance Without Theater,Kind Precision joins exacting product standards with respect for skin and self.,It balances exacting formulation with compassionate brand behavior,Low,Paradox,Radical Focus,PROVISIONAL PASS,Only dead/unknown one-edit records found,0,0,0,KING PRECISION (SN 85520939; RN 4209277; dead/unknown; near-1); KING PRECISION (SN 77018958; dead/unknown; near-1; classes 009); KINGPRECISION (SN 77018968; dead/unknown; near-1; classes 009),kindprecision
82,Elastic Rule,8.7,The Living Standard,Standards stay strict while adapting to genuinely better knowledge.,It captures standards strong enough to adapt when evidence changes,Meaning stretch,Paradox,Living Standard,PROVISIONAL PASS,No exact or edit-distance-one federal record found,0,0,0,,elasticrule
83,Well Judged,9.0,Earned Confidence,Well Judged signals discernment in formulas claims and the decisions customers make.,It makes discernment visible across formulas claims and customer decisions,Low,Assessment phrase,Calm Command,PROVISIONAL PASS,No exact or edit-distance-one federal record found,0,0,0,,welljudged
84,Quiet Helm,8.8,On Your Terms,The customer remains in command with calm guidance from real expertise.,It expresses calm personal command without bureaucratic language,Nautical stretch,Nautical metaphor,Calm Command,PROVISIONAL PASS,No exact or edit-distance-one federal record found,0,0,0,,quiethelm
85,Know What Stays,8.7,The Living Standard,Know What Stays makes continuity an informed decision rather than resistance to change.,It makes retention as important as innovation in an advancing routine,Campaign-like,Proposition,Radical Focus,PROVISIONAL PASS,No exact or edit-distance-one federal record found,0,0,0,,knowwhatstays
86,Evenhand,8.7,Earned Confidence,Balanced judgment guides both ingredient adoption and customer care.,It signals balanced judgment and humane authority in one fluent word,Meaning stretch,Compound,Calm Command,PROVISIONAL PASS,No exact or edit-distance-one federal record found,0,0,0,,evenhand
87,Cheerful Doubt,9.2,Beauty for Skeptics,Cheerful Doubt turns skepticism into an engaging optimistic way to shop for skincare.,Cheerful Doubt turns skepticism into an engaging optimistic way to shop for,Low,Contradiction,Entertaining Skeptic,PROVISIONAL PASS,No exact or edit-distance-one federal record found,0,0,0,,cheerfuldoubt
88,Gentle Edge,9.2,Performance Without Theater,Gentle Edge unites high performance with treatment that never turns aggressive or shaming.,Gentle Edge unites high performance with treatment that never turns aggressive or,Low,Paradox,Living Standard,YELLOW - DEAD EXACT,Exact federal record exists but is coded dead/unknown,0,0,1,GENTLE EDGE (SN 77534004; dead/unknown; exact; classes 025),gentleedge
89,Strictly Human,9.2,Performance Without Theater,Strictly Human makes rigor answer to real people rather than abstract perfection.,Strictly Human makes rigor answer to real people rather than abstract perfection,Low,Paradox,Radical Focus,YELLOW - DEAD EXACT,Exact federal record exists but is coded dead/unknown,0,0,1,"STRICTLYHUMAN (SN 99259170; dead/unknown; exact; classes 009,035,042,045)",strictlyhuman
90,Spare Line,9.2,Performance Without Theater,Spare Line promises a tightly drawn product system with no decorative excess.,Spare Line promises a tightly drawn product system with no decorative excess,Low,Compound,Fewer Better Machines,YELLOW - LIVE NEAR,One-edit live hit outside the core active-class set,0,5,0,SPARE LIFE (SN 99763506; live; near-1; classes 025); SPACELINE (SN 97115105; RN 6923127; live; near-1; classes 025); SPACELINE (SN 90094122; RN 6673193; live; near-1; classes 042),spareline
91,High Season,9.2,The Long View,High Season declares the current age a period of fullness rather than decline.,High Season declares the current age a period of fullness rather than,Low,Metaphor,Long View Living,AMBER - LIVE EXACT,Exact live hit; active classes appear outside core set or are missing,2,1,8,HIGHSEASON (SN 97235958; RN 6990325; live; exact; classes 024); HIGH SEASON (SN 88464828; RN 6471530; live; exact; classes 025); HIGH REASON (SN 90638303; RN 6726415; live; near-1; classes 035),highseason
92,Strong Case,9.1,Earned Confidence,Strong Case treats each product as an argument supported by evidence and experience.,Strong Case treats each product as an argument supported by evidence and,Legal tone,Idiom,Fewer Better Machines,YELLOW - LIVE NEAR,One-edit live hit outside the core active-class set,0,1,0,"STRONG CAST (SN 99212440; live; near-1; classes 028); STRONGCARE (SN 98502316; dead/unknown; near-1; classes 009,042); STRONGBASE (SN 87601437; dead/unknown; near-1; classes 009,041)",strongcase
93,Soft Power,9.1,On Your Terms,Care supports self-command without aggression shame or correction.,Care supports self-command without aggression shame or correction its paradox construction merits,Generic phrase,Paradox,Calm Command,AMBER - LIVE EXACT,Exact live hit; active classes appear outside core set or are missing,1,0,12,SOFTPOWER (SN 90844092; RN 6818748; live; exact; classes 025); SOFT POWER (SN 88205779; dead/unknown; exact; classes 016); SOFT POWER (SN 86898792; dead/unknown; exact; classes 014),softpower
94,Open Question,9.1,Beauty for Skeptics,Open Question makes inquiry a permanent part of how the brand evaluates skincare.,Open Question makes inquiry a permanent part of how the brand evaluates,Generic phrase,Editorial phrase,Entertaining Skeptic,AMBER - LIVE EXACT,Exact live hit; active classes appear outside core set or are missing,1,0,0,"OPENQUESTION (SN 98179418; RN 7605068; live; exact; classes 009,042)",openquestion
95,First Principle,9.1,Beauty for Skeptics,First Principle returns every skincare decision to evidence utility and respect for the customer.,First Principle returns every skincare decision to evidence utility and respect for,Familiar concept,Concept,Fewer Better Machines,AMBER - LIVE NEAR / RELEVANT,One-edit live hit in a relevant active class,0,7,0,"FIRSTPRINCIPLES (SN 97925077; RN 7453980; live; near-1; classes 035); FIRSTPRINCIPLES (SN 97257435; RN 7153828; live; near-1; classes 035,042); FIRST PRINCIPLES (SN 99373151; live; near-1; classes 025)",firstprinciple
96,Say It Plain,9.0,Beauty for Skeptics,Say It Plain makes understandable explanation a defining act of respect.,Say It Plain makes understandable explanation a defining act of respect its,Campaign-like,Proposition,Radical Focus,PROVISIONAL PASS,No exact or edit-distance-one federal record found,0,0,0,,sayitplain
97,Test Kitchen,9.0,The Living Standard,Test Kitchen makes experimentation visible while only the best recipes reach the shelf.,Test Kitchen makes experimentation visible while only the best recipes reach the,Culinary association,Culinary frame,Living Standard,YELLOW - DEAD EXACT,Exact federal record exists but is coded dead/unknown,0,0,2,TESTKITCHEN (SN 87138281; RN 5259253; dead/unknown; exact); TEST KITCHEN (SN 75451326; RN 2228738; dead/unknown; exact); TEST KITCHENS (SN 78006838; RN 2563741; dead/unknown; near-1),testkitchen
98,Funhouse Mirror,9.0,On Your Terms,The brand exposes distorted beauty standards so customers can trust their own view.,The brand exposes distorted beauty standards so customers can trust their own,Negative association,Metaphor,Entertaining Skeptic,YELLOW - DEAD EXACT,Exact federal record exists but is coded dead/unknown,0,0,1,FUNHOUSE MIRROR (SN 78232111; RN 2942977; dead/unknown; exact); FUNHOUSE MIRRORS (SN 75518150; RN 2270725; dead/unknown; near-1),funhousemirror
99,Upper Story,9.0,The Long View,Aging opens another chapter of beauty instead of closing the earlier one.,Aging opens another chapter of beauty instead of closing the earlier one,Meaning stretch,Spatial frame,Long View Living,YELLOW - DEAD EXACT,Exact federal record exists but is coded dead/unknown,0,0,1,UPPER STORY (SN 72187687; RN 0781798; dead/unknown; exact),upperstory
100,New Alloy,9.0,The Living Standard,New Alloy blends proven foundations with carefully selected advances into something stronger.,New Alloy blends proven foundations with carefully selected advances into something stronger,Industrial tone,Craft metaphor,Living Standard,YELLOW - LIVE NEAR,One-edit live hit outside the core active-class set,0,1,2,"NEMALLOY (SN 79189770; RN 5121619; live; near-1; classes 006,007,012,040); NEW ALLOY (SN 75430164; RN 2369786; dead/unknown; exact); NEW ALLOY (SN 75051194; RN 2167999; dead/unknown; exact)",newalloy
101,Fine Edit,9.0,Performance Without Theater,The line is edited down to the products and ingredients that deserve inclusion.,The line is edited down to the products and ingredients that deserve,Editorial skew,Arts frame,Long View Living,YELLOW - LIVE NEAR,One-edit live hit outside the core active-class set,0,2,0,INEEDIT (SN 97504665; RN 7144507; live; near-1; classes 009); INEEDIT (SN 86668030; RN 4892561; live; near-1; classes 042); INEEDIT (SN 86159847; dead/unknown; near-1; classes 042),fineedit
102,Quiet Authority,9.0,Earned Confidence,Few excellent formulas earn confidence without shouting for it.,Few excellent formulas earn confidence without shouting for it its compound construction,Low,Compound,Fewer Better Machines,AMBER - LIVE EXACT,Exact live hit; active classes appear outside core set or are missing,1,0,0,"QUIET AUTHORITY (SN 99596328; live; exact; classes 009,041)",quietauthority
103,Second Draft,9.0,The Long View,Second Draft frames aging as continued authorship rather than a return to an earlier self.,Second Draft frames aging as continued authorship rather than a return to,Low,Compound,Living Standard,AMBER - LIVE EXACT,Exact live hit; active classes appear outside core set or are missing,1,0,0,SECOND DRAFT (SN 88229505; RN 6234375; live; exact; classes 032),seconddraft
104,Plainspoken,9.0,Beauty for Skeptics,Expert skincare is explained directly without pseudo-scientific ornament.,Expert skincare is explained directly without pseudo-scientific ornament its real word construction,Low,Real word,Fewer Better Machines,AMBER - LIVE EXACT,Exact live hit; active classes appear outside core set or are missing,1,2,0,PLAINSPOKEN (SN 99199687; live; exact; classes 041); PLEINSPOKEN (SN 99650809; live; near-1); PLAIN SPOKE (SN 87755322; RN 5608595; live; near-1; classes 033),plainspoken
105,Wise Company,9.0,On Your Terms,Wise Company makes the brand a capable companion rather than an authority that corrects you.,Wise Company makes the brand a capable companion rather than an authority,Low,Personification,Fewer Better Machines,AMBER - LIVE EXACT,Exact live hit; active classes appear outside core set or are missing,1,0,0,"WISE COMPANY (SN 86284842; RN 4691260; live; exact; classes 009,029,030)",wisecompany
106,Golden Mean,9.0,Earned Confidence,Golden Mean turns intelligent balance into a confident philosophy for formulas routines and claims.,Golden Mean turns intelligent balance into a confident philosophy for formulas routines,Familiar concept,Metaphor,Long View Living,AMBER - LIVE EXACT,Exact live hit; active classes appear outside core set or are missing,1,3,1,GOLDEN MEAN (SN 87297652; RN 5246434; live; exact; classes 033); GOLDENBEAN (SN 98654408; RN 7760706; live; near-1; classes 021); GOLDEN BEAN (SN 88367587; RN 7075434; live; near-1; classes 030),goldenmean
107,Common Practice,9.0,The Living Standard,Common Practice makes high standards feel usable repeatable and open to improvement.,Common Practice makes high standards feel usable repeatable and open to improvement,Generic phrase,Institutional frame,Living Standard,AMBER - LIVE EXACT,Exact live hit; active classes appear outside core set or are missing,1,0,1,"COMMON PRACTICE (SN 86698477; RN 4940601; live; exact; classes 016,028); COMMON PRACTICE (SN 90325655; dead/unknown; exact; classes 035,041)",commonpractice
108,The Companion,9.0,On Your Terms,The Companion promises expertise that stays beside the customer without taking over.,The Companion promises expertise that stays beside the customer without taking over,Generic archetype,Personification,Long View Living,AMBER - LIVE EXACT,Exact live hit; active classes appear outside core set or are missing,2,0,7,THE COMPANION (SN 79437400; live; exact; classes 043); THE COMPANION (SN 77617094; RN 3738796; live; exact; classes 013); THE COMPANION (SN 86818464; RN 5092703; dead/unknown; exact),thecompanion
109,Worth the While,9.0,The Long View,Worth the While ties daily care to a life experienced with patience and pleasure.,Worth the While ties daily care to a life experienced with patience,Generic phrase,Proposition,Long View Living,AMBER - LIVE EXACT,Exact live hit; active classes appear outside core set or are missing,1,0,0,WORTH THE WHILE (SN 88235667; RN 6137068; live; exact; classes 011),worththewhile
110,Eyebrow,9.0,Beauty for Skeptics,Eyebrow connects the face itself with the universal gesture of intelligent doubt.,Eyebrow connects the face itself with the universal gesture of intelligent doubt,Body-part literalness,Gesture,Entertaining Skeptic,AMBER - LIVE NEAR / RELEVANT,One-edit live hit in a relevant active class,0,1,1,EYEBROWZ (SN 76501332; RN 2866222; live; near-1; classes 003); EYE&BROW (SN 88194630; dead/unknown; exact; classes 044); EYE-GROW (SN 76685247; dead/unknown; near-1; classes 021),eyebrow
111,Small Grandeur,8.9,Performance Without Theater,Small Grandeur makes a few excellent products feel more impressive than an endless assortment.,Small Grandeur makes a few excellent products feel more impressive than an,Low,Paradox,Radical Focus,PROVISIONAL PASS,No exact or edit-distance-one federal record found,0,0,0,,smallgrandeur
112,Open Discipline,8.9,Performance Without Theater,Open Discipline holds a rigorous core while remaining receptive to better evidence.,Open Discipline holds a rigorous core while remaining receptive to better evidence,Meaning tension,Paradox,Radical Focus,PROVISIONAL PASS,No exact or edit-distance-one federal record found,0,0,0,,opendiscipline
113,The Watchfire,8.9,Performance Without Theater,The Watchfire conveys a small disciplined flame kept alive through vigilance and care.,The Watchfire conveys a small disciplined flame kept alive through vigilance and,Meaning stretch,Metaphor,Living Standard,PROVISIONAL PASS,No exact or edit-distance-one federal record found,0,0,0,,thewatchfire
114,Strong Grace,8.9,On Your Terms,Strong Grace combines personal authority with a humane refusal to shame visible age.,Strong Grace combines personal authority with a humane refusal to shame visible,Generic phrase,Paradox,Long View Living,PROVISIONAL PASS,Only dead/unknown one-edit records found,0,0,0,STRONG-BRACE (SN 76418417; dead/unknown; near-1; classes 006); STRONG-BRACE (SN 76976187; RN 2826232; dead/unknown; near-1),stronggrace
115,Richly Done,8.9,Performance Without Theater,Richly Done suggests complete sensorial quality without an overbuilt catalog or ritual.,Richly Done suggests complete sensorial quality without an overbuilt catalog or ritual,Meaning stretch,Poetic phrase,Long View Living,PROVISIONAL PASS,No exact or edit-distance-one federal record found,0,0,0,,richlydone
116,Keep What Matters,8.9,Performance Without Theater,Keep What Matters makes ruthless editing serve the customer's routine rather than the catalog.,Keep What Matters makes ruthless editing serve the customer's routine rather than,Campaign-like,Proposition,Radical Focus,PROVISIONAL PASS,No exact or edit-distance-one federal record found,0,0,0,,keepwhatmatters
117,Private View,8.9,On Your Terms,Private View turns beauty into a personal act of seeing rather than public approval.,Private View turns beauty into a personal act of seeing rather than,Art-world association,Spatial frame,Long View Living,YELLOW - DEAD EXACT,Exact federal record exists but is coded dead/unknown,0,0,4,"PRIVATE VIEW (SN 87899990; dead/unknown; exact; classes 035,036); PRIVATE VIEW (SN 86194107; RN 4564327; dead/unknown; exact); PRIVATE VIEW (SN 86139589; RN 4565767; dead/unknown; exact)",privateview
118,Pattern Break,8.9,The Living Standard,Pattern Break changes category habits only when evidence supports a better one.,Pattern Break changes category habits only when evidence supports a better one,Campaign-like,Spatial metaphor,Living Standard,YELLOW - DEAD EXACT,Exact federal record exists but is coded dead/unknown,0,0,1,PATTERNBREAK (SN 87556875; RN 5417239; dead/unknown; exact),patternbreak
119,Muchness,8.9,On Your Terms,Individual character is treated as something to support rather than correct.,Individual character is treated as something to support rather than correct its,Unusual word,Poetic word,Long View Living,YELLOW - LIVE NEAR,One-edit live hit outside the core active-class set,0,1,3,SUCHNESS (SN 98506679; RN 7789084; live; near-1; classes 043); MUCHNESS (SN 85356909; RN 4123142; dead/unknown; exact); MUCHNESS (SN 85331981; RN 4176902; dead/unknown; exact),muchness
120,Holds True,8.9,The Living Standard,Holds True promises a standard that remains dependable under scrutiny and over time.,Holds True promises a standard that remains dependable under scrutiny and over,Campaign-like,Proposition,Fewer Better Machines,YELLOW - LIVE NEAR,One-edit live hit outside the core active-class set,0,1,1,"HOLDTRUE (SN 98909918; RN 7920411; live; near-1; classes 014); HOLDS TRUE (SN 78665291; dead/unknown; exact; classes 006,009,016,020,021,028); HOLD TRUE (SN 87105017; RN 5675693; dead/unknown; near-1)",holdstrue
121,Ongoing,8.9,The Long View,Ongoing makes continuity and adaptation feel more valuable than correction or reinvention.,Ongoing makes continuity and adaptation feel more valuable than correction or reinvention,Generic real word,Temporal play,Living Standard,AMBER - LIVE EXACT,Exact live hit; active classes appear outside core set or are missing,1,5,0,ONGOING (SN 97049673; RN 6960639; live; exact; classes 042); ONGOONG (SN 90540965; RN 6798907; live; near-1; classes 003); ONGQING (SN 98191445; live; near-1; classes 009),ongoing
122,Open Letter,8.9,Beauty for Skeptics,Open Letter makes transparent explanation and public accountability part of the identity.,Open Letter makes transparent explanation and public accountability part of the identity,Generic phrase,Editorial term,Entertaining Skeptic,AMBER - LIVE EXACT,Exact live hit; active classes appear outside core set or are missing,2,0,1,OPEN LETTER (SN 77257772; RN 3532021; live; exact; classes 016); OPEN LETTER (SN 77257773; RN 3532022; live; exact; classes 016); OPEN LETTER (SN 87400526; dead/unknown; exact; classes 025),openletter
123,Modest Splendor,8.8,Performance Without Theater,Modest Splendor gives restrained skincare enough beauty and delight without excess.,Modest Splendor gives restrained skincare enough beauty and delight without excess its,Luxury adjacency,Paradox,Radical Focus,PROVISIONAL PASS,No exact or edit-distance-one federal record found,0,0,0,,modestsplendor
124,Silent Fanfare,8.8,Performance Without Theater,Silent Fanfare gives excellent results a sense of occasion without loud claims.,Silent Fanfare gives excellent results a sense of occasion without loud claims,Meaning stretch,Contradiction,Entertaining Skeptic,PROVISIONAL PASS,No exact or edit-distance-one federal record found,0,0,0,,silentfanfare
125,Strong Quiet,8.8,Performance Without Theater,Potent products perform without loud promises or ornamental complexity.,Potent products perform without loud promises or ornamental complexity its contradiction construction,Abstract,Contradiction,Fewer Better Machines,PROVISIONAL PASS,No exact or edit-distance-one federal record found,0,0,0,,strongquiet
126,Tamed Voltage,8.8,Performance Without Theater,High-energy actives are controlled for useful performance rather than drama.,High-energy actives are controlled for useful performance rather than drama its contradiction,Meaning stretch,Contradiction,Fewer Better Machines,PROVISIONAL PASS,No exact or edit-distance-one federal record found,0,0,0,,tamedvoltage
127,Warm Steel,8.8,Performance Without Theater,Warm Steel combines technical strength with a skincare manner that stays humane.,Warm Steel combines technical strength with a skincare manner that stays humane,Meaning stretch,Paradox,Calm Command,PROVISIONAL PASS,No exact or edit-distance-one federal record found,0,0,0,,warmsteel
128,The Thesis,8.8,Beauty for Skeptics,The Thesis gives every product a clear argument that must be supported before it reaches the shelf.,The Thesis gives every product a clear argument that must be supported,Academic tone,Intellectual frame,Calm Command,PROVISIONAL PASS,No exact or edit-distance-one federal record found,0,0,0,,thethesis
129,Worth Asking,8.8,Earned Confidence,Worth Asking positions questions as the beginning of better skincare decisions.,Worth Asking positions questions as the beginning of better skincare decisions its,Campaign-like,Proposition,Entertaining Skeptic,PROVISIONAL PASS,No exact or edit-distance-one federal record found,0,0,0,,worthasking
130,Adaptive Arc,8.8,The Living Standard,The routine adapts across skin changes without abandoning its governing standard.,The routine adapts across skin changes without abandoning its governing standard its,Tech adjacency,Science metaphor,Living Standard,YELLOW - DEAD EXACT,Exact federal record exists but is coded dead/unknown,0,0,1,ADAPTIVEARC (SN 85654577; RN 4291661; dead/unknown; exact),adaptivearc
131,Edit Suite,8.8,Performance Without Theater,Edit Suite makes a tight routine feel selected revised and stripped of unnecessary products.,Edit Suite makes a tight routine feel selected revised and stripped of,Media adjacency,Editorial frame,Calm Command,YELLOW - DEAD EXACT,Exact federal record exists but is coded dead/unknown,0,0,1,EDIT SUITE (SN 74599716; RN 2014303; dead/unknown; exact); EDITSITE (SN 78724788; RN 3217172; dead/unknown; near-1),editsuite
132,Object Lesson,8.8,Beauty for Skeptics,Each product demonstrates the value of evidence over explanation-heavy theater.,Each product demonstrates the value of evidence over explanation-heavy theater its cultural,Campaign-like,Cultural frame,Radical Focus,YELLOW - DEAD EXACT,Exact federal record exists but is coded dead/unknown,0,0,1,OBJECT LESSON (SN 77681960; RN 3681764; dead/unknown; exact); OBJECT LESSONS (SN 76402827; RN 2702306; dead/unknown; near-1); OBJECTLESSONS (SN 74386686; RN 1821783; dead/unknown; near-1),objectlesson
133,Soft Strength,8.8,Performance Without Theater,Soft Strength makes efficacy and skin respect mutually reinforcing rather than opposed.,Soft Strength makes efficacy and skin respect mutually reinforcing rather than opposed,Familiar paradox,Paradox,Long View Living,YELLOW - LIVE NEAR,One-edit live hit outside the core active-class set,0,1,1,SOF-STRENGTH (SN 78336124; RN 3389673; live; near-1; classes 001); SOFT STRENGTH (SN 71687647; RN 0643749; dead/unknown; exact); SOF STRENGTH (SN 73227128; RN 1170138; dead/unknown; near-1),softstrength
134,Very Good,8.8,On Your Terms,Very Good expresses self-confidence and product confidence with disarming understatement.,Very Good expresses self-confidence and product confidence with disarming understatement its quality,Generic phrase,Quality phrase,Radical Focus,YELLOW - LIVE NEAR,One-edit live hit outside the core active-class set,0,1,2,VERIGOOD (SN 71535444; RN 0534182; live; near-1; classes 016); VERY GOOD (SN 98957747; dead/unknown; exact; classes 003); VERYGOOD (SN 77833014; RN 3826638; dead/unknown; exact),verygood
135,Hard Maybe,8.8,Beauty for Skeptics,Hard Maybe makes disciplined uncertainty more trustworthy than false certainty.,Hard Maybe makes disciplined uncertainty more trustworthy than false certainty its contradiction,Meaning stretch,Contradiction,Entertaining Skeptic,AMBER - LIVE EXACT,Exact live hit; active classes appear outside core set or are missing,1,0,0,"HARD MAYBE (SN 98356441; RN 7619948; live; exact; classes 009,025,041)",hardmaybe
136,Long Now,8.8,The Long View,Daily care is positioned as a durable relationship with skin over time.,Daily care is positioned as a durable relationship with skin over time,Cultural association,Temporal play,Living Standard,AMBER - LIVE EXACT,Exact live hit; active classes appear outside core set or are missing,1,12,0,"LONG NOW (SN 76405549; RN 2758303; live; exact; classes 033); LONGBOW (SN 79453032; live; near-1; classes 012,021); LONGBOW (SN 99259508; live; near-1; classes 010)",longnow
137,Observatory,8.8,Beauty for Skeptics,Observatory casts the brand as a place for close watching broad perspective and evidence before action.,Observatory casts the brand as a place for close watching broad perspective,Institutional tone,Cultural frame,Calm Command,AMBER - LIVE EXACT,Exact live hit; active classes appear outside core set or are missing,4,0,1,"OBSERVATORY (SN 98893604; live; exact; classes 036); OBSERVATORY (SN 88391693; RN 6049254; live; exact; classes 009,042); OBSERVATORY (SN 87945625; RN 5765335; live; exact; classes 041)",observatory
138,The Patron,8.8,On Your Terms,The Patron casts the customer as the person who commissions and defines her own care.,The Patron casts the customer as the person who commissions and defines,Meaning stretch,Personification,Long View Living,AMBER - LIVE EXACT,Exact live hit; active classes appear outside core set or are missing,1,3,1,THE PATRON (SN 99826796; live; exact; classes 009); THERATRON (SN 73778683; RN 1623487; live; near-1; classes 010); THEATRON (SN 99435584; live; near-1; classes 041),thepatron
139,Quiet Power,8.8,Earned Confidence,Potent care expresses strength through results instead of spectacle.,Potent care expresses strength through results instead of spectacle its metaphor construction,Generic phrase,Metaphor,Long View Living,AMBER - LIVE EXACT,Exact live hit; active classes appear outside core set or are missing,2,1,12,QUIET POWER (SN 86034516; RN 4520836; live; exact; classes 016); QUIETPOWER (SN 78635046; RN 3320053; live; exact; classes 007); QUINT POWER (SN 77909692; RN 4305540; live; near-1; classes 009),quietpower
140,Next Season,8.8,The Long View,Next Season presents aging as a welcome transition into another expressive chapter.,Next Season presents aging as a welcome transition into another expressive chapter,Generic phrase,Temporal play,Living Standard,AMBER - LIVE EXACT,Exact live hit; active classes appear outside core set or are missing,1,0,2,NEXT SEASON (SN 99676127; live; exact; classes 041); NEXTSEASON (SN 77760225; RN 3739546; dead/unknown; exact); NEXT SEASON (SN 73803098; dead/unknown; exact),nextseason
141,The Interpreter,8.8,Beauty for Skeptics,Complex skincare studies are translated into plain product decisions.,Complex skincare studies are translated into plain product decisions its personification construction,Generic archetype,Personification,Living Standard,AMBER - LIVE EXACT,Exact live hit; active classes appear outside core set or are missing,2,0,2,"THE INTERPRETER (SN 90203165; RN 7245347; live; exact; classes 016,041); THE INTERPRETER (SN 77861163; RN 3834118; live; exact; classes 016); THE INTERPRETER (SN 88849266; dead/unknown; exact; classes 009)",theinterpreter
142,On Balance,8.8,Earned Confidence,On Balance signals conclusions reached through judgment rather than trends or absolutes.,On Balance signals conclusions reached through judgment rather than trends or absolutes,Familiar phrase,Idiomatic phrase,Calm Command,AMBER - LIVE EXACT,Exact live hit; active classes appear outside core set or are missing,3,14,11,"ON BALANCE (SN 99195565; RN 8124460; live; exact; classes 041); ONBALANCE (SN 87241218; RN 5800795; live; exact; classes 009,042); ON BALANCE (SN 78506833; RN 3077801; live; exact; classes 016)",onbalance
143,As Promised,8.8,Beauty for Skeptics,As Promised makes the match between claims and delivered performance the whole standard.,As Promised makes the match between claims and delivered performance the whole,Campaign-like,Proposition,Fewer Better Machines,AMBER - LIVE EXACT,Exact live hit; active classes appear outside core set or are missing,2,0,1,"AS PROMISED (SN 97846761; RN 7352997; live; exact; classes 016,041); AS PROMISED (SN 88130368; RN 6010849; live; exact; classes 016,041); ASPROMISED (SN 97269609; dead/unknown; exact; classes 025,035,041)",aspromised
144,More to Come,8.8,The Long View,More to Come makes aging an opening toward possibility rather than a story of decline.,More to Come makes aging an opening toward possibility rather than a,Campaign-like,Proposition,Long View Living,AMBER - LIVE EXACT,Exact live hit; active classes appear outside core set or are missing,2,0,1,MORETOCOME (SN 98675203; RN 8245304; live; exact; classes 006); MORE TO COME (SN 88810064; RN 7055716; live; exact; classes 025); MORE TO COME (SN 87911541; dead/unknown; exact; classes 009),moretocome
145,Strong Tea,8.8,Performance Without Theater,Strong Tea brings concentrated utility and familiar pleasure to a no-nonsense routine.,Strong Tea brings concentrated utility and familiar pleasure to a no-nonsense routine,Culinary association,Metaphor,Long View Living,AMBER - LIVE NEAR / RELEVANT,One-edit live hit in a relevant active class,0,5,0,"STRONGSEA (SN 99118454; RN 7921920; live; near-1; classes 005); STRONGTEK (SN 98929515; RN 7991330; live; near-1; classes 020); STRONGTEX (SN 98210180; RN 7821891; live; near-1; classes 009,025)",strongtea
146,The Distiller,8.8,Performance Without Theater,The Distiller reduces complex skincare knowledge to a small set of concentrated essentials.,The Distiller reduces complex skincare knowledge to a small set of concentrated,Alcohol cue,Personification,Radical Focus,AMBER - LIVE NEAR / RELEVANT,One-edit live hit in a relevant active class,0,3,0,"THE DISTILLERY (SN 85302695; RN 4130821; live; near-1; classes 025,029,030,032,033,035,043); THE DISTILLERS (SN 99606400; live; near-1; classes 009,016,025,026,041); THE DISTILLERY (SN 75453208; RN 2247631; live; near-1; classes 042)",thedistiller
147,Retort,8.8,Beauty for Skeptics,Retort gives the brand a sharp intelligent answer to beauty theater and bad claims.,Retort gives the brand a sharp intelligent answer to beauty theater and,Combative tone,Real word,Entertaining Skeptic,AMBER - LIVE NEAR / RELEVANT,One-edit live hit in a relevant active class,0,14,3,"RETORA (SN 99842404; live; near-1; classes 009,010,021,024); RETORI (SN 98975762; RN 7851943; live; near-1; classes 009,025,035); RE'ZORT/ (SN 87581356; RN 5526529; live; near-1; classes 025,035)",retort
148,Certain Maybe,8.7,Beauty for Skeptics,Certain Maybe captures the calibrated confidence of evidence that is strong without being absolute.,Certain Maybe captures the calibrated confidence of evidence that is strong without,Meaning tension,Paradox,Calm Command,PROVISIONAL PASS,No exact or edit-distance-one federal record found,0,0,0,,certainmaybe
149,Lean Delight,8.7,Performance Without Theater,Lean Delight combines a tightly edited system with sensorial pleasure.,Lean Delight combines a tightly edited system with sensorial pleasure its paradox,Diet-language risk,Paradox,Radical Focus,PROVISIONAL PASS,No exact or edit-distance-one federal record found,0,0,0,,leandelight
150,Last Edit,8.7,Beauty for Skeptics,Last Edit removes the final layer of exaggeration before a claim reaches the customer.,Last Edit removes the final layer of exaggeration before a claim reaches,Editorial association,Editorial compound,Entertaining Skeptic,PROVISIONAL PASS,Only dead/unknown one-edit records found,0,0,0,"LAST EXIT (SN 77563407; RN 3713098; dead/unknown; near-1); LAST EXIT (SN 78790829; dead/unknown; near-1; classes 035,038,043); LAST EXIT (SN 78455260; RN 2995181; dead/unknown; near-1)",lastedit
151,Morning Foundry,8.7,Performance Without Theater,Morning Foundry makes the daily routine feel carefully engineered rather than ceremonially luxurious.,Morning Foundry makes the daily routine feel carefully engineered rather than ceremonially,Industrial tone,Metaphor,Living Standard,PROVISIONAL PASS,No exact or edit-distance-one federal record found,0,0,0,,morningfoundry
152,Honest Trickster,8.7,Beauty for Skeptics,Honest Trickster uses wit and surprise to reveal rather than disguise what products can do.,Honest Trickster uses wit and surprise to reveal rather than disguise what,Meaning stretch,Contradiction,Entertaining Skeptic,PROVISIONAL PASS,No exact or edit-distance-one federal record found,0,0,0,,honesttrickster
153,Serious Joy,8.7,Earned Confidence,Rigor and delight belong together in a routine worth keeping.,Rigor and delight belong together in a routine worth keeping its paradox,Abstract,Paradox,Long View Living,PROVISIONAL PASS,No exact or edit-distance-one federal record found,0,0,0,,seriousjoy
154,False Bottom,8.7,Beauty for Skeptics,False Bottom names the hidden weakness beneath impressive-looking beauty claims.,False Bottom names the hidden weakness beneath impressive-looking beauty claims its metaphor,Negative framing,Metaphor,Entertaining Skeptic,PROVISIONAL PASS,No exact or edit-distance-one federal record found,0,0,0,,falsebottom
155,Simple Depth,8.7,Performance Without Theater,A concise routine contains serious formulation intelligence beneath the surface.,A concise routine contains serious formulation intelligence beneath the surface its paradox,Generic phrase,Paradox,Radical Focus,PROVISIONAL PASS,No exact or edit-distance-one federal record found,0,0,0,,simpledepth
156,Seasoned New,8.7,The Living Standard,Seasoned New pairs accumulated judgment with innovation that has earned its welcome.,Seasoned New pairs accumulated judgment with innovation that has earned its welcome,Meaning stretch,Culinary frame,Living Standard,PROVISIONAL PASS,No exact or edit-distance-one federal record found,0,0,0,,seasonednew
157,The Chooser,8.7,On Your Terms,The Chooser makes selection and refusal visible powers held by the customer.,The Chooser makes selection and refusal visible powers held by the customer,Generic archetype,Personification,Radical Focus,PROVISIONAL PASS,Only dead/unknown one-edit records found,0,0,0,THE CHOOSEN (SN 88484655; dead/unknown; near-1; classes 041),thechooser
158,Made Plain,8.7,Beauty for Skeptics,Formulas and choices are made understandable without flattening the science.,Formulas and choices are made understandable without flattening the science its proposition,Campaign-like,Proposition,Radical Focus,PROVISIONAL PASS,No exact or edit-distance-one federal record found,0,0,0,,madeplain
159,With Reason,8.7,Earned Confidence,Every formula and routine choice comes with an intelligible reason.,Every formula and routine choice comes with an intelligible reason its proposition,Campaign-like,Proposition,Fewer Better Machines,PROVISIONAL PASS,No exact or edit-distance-one federal record found,0,0,0,,withreason
160,The Premise,8.7,Earned Confidence,The Premise starts every product with a defensible reason to exist.,The Premise starts every product with a defensible reason to exist its,Low,Intellectual frame,Calm Command,YELLOW - DEAD EXACT,Exact federal record exists but is coded dead/unknown,0,0,1,THE PREMISE (SN 85889740; RN 4565199; dead/unknown; exact); THE PROMISE (SN 98351320; dead/unknown; near-1; classes 034); THE PROMISE (SN 87557038; dead/unknown; near-1; classes 021),thepremise
161,Strikethrough,8.7,Beauty for Skeptics,Empty claims are edited out until only useful skincare remains.,Empty claims are edited out until only useful skincare remains its editorial,Editorial skew,Editorial term,Entertaining Skeptic,YELLOW - DEAD EXACT,Exact federal record exists but is coded dead/unknown,0,0,2,STRIKETHROUGH (SN 87375093; RN 5686720; dead/unknown; exact); STRIKETHROUGH (SN 87375100; RN 5470885; dead/unknown; exact),strikethrough
162,Sure Footing,8.7,On Your Terms,Sure Footing makes informed skincare choice feel stable personal and unhurried.,Sure Footing makes informed skincare choice feel stable personal and unhurried its,Generic idiom,Idiom,Fewer Better Machines,YELLOW - DEAD EXACT,Exact federal record exists but is coded dead/unknown,0,0,1,SURE FOOTING (SN 73104442; RN 1228535; dead/unknown; exact),surefooting
163,The Listener,8.7,On Your Terms,The Listener makes customer concerns and lived experience part of intelligent skincare expertise.,The Listener makes customer concerns and lived experience part of intelligent skincare,Generic archetype,Personification,Living Standard,YELLOW - DEAD EXACT,Exact federal record exists but is coded dead/unknown,0,0,6,THE LISTENER (SN 75711290; dead/unknown; exact; classes 036); THE LISTENER (SN 75267255; RN 2142745; dead/unknown; exact); THE LISTENER (SN 74633631; dead/unknown; exact),thelistener
164,Nothing More,8.7,Performance Without Theater,Every formula contains what earns a role and leaves the rest out.,Every formula contains what earns a role and leaves the rest out,Campaign-like,Proposition,Fewer Better Machines,YELLOW - DEAD EXACT,Exact federal record exists but is coded dead/unknown,0,0,2,NOTHING MORE (SN 97580964; dead/unknown; exact; classes 025); NOTHING MORE (SN 77089899; RN 3293416; dead/unknown; exact),nothingmore
165,House Style,8.7,On Your Terms,House Style turns a coherent skincare point of view into something customers can make personally expressive.,House Style turns a coherent skincare point of view into something customers,Design adjacency,Design frame,Radical Focus,YELLOW - LIVE NEAR,One-edit live hit outside the core active-class set,0,1,0,HOUSE N STYLE (SN 98225832; live; near-1; classes 020); HORSESTYLE (SN 76008628; RN 2705059; dead/unknown; near-1),housestyle
166,House Rule,8.7,On Your Terms,The customer sets the terms while the brand supplies the expertise.,The customer sets the terms while the brand supplies the expertise its,Generic phrase,Cultural frame,Fewer Better Machines,YELLOW - LIVE NEAR,One-edit live hit outside the core active-class set,0,3,0,HOUSE RULES (SN 97170498; RN 7044748; live; near-1; classes 009); HOUSE RULES (SN 88689934; RN 6191374; live; near-1; classes 033); HOUSE RULES (SN 86895306; RN 5465035; live; near-1; classes 028),houserule
167,Quibble,8.7,Beauty for Skeptics,Quibble turns attention to small but consequential claim details into a distinctive brand virtue.,Quibble turns attention to small but consequential claim details into a distinctive,Petty connotation,Real word,Entertaining Skeptic,AMBER - LIVE EXACT,Exact live hit; active classes appear outside core set or are missing,2,5,6,QUIBBLE (SN 98520891; live; exact; classes 033); QUIBBLE (SN 98111655; RN 7645688; live; exact; classes 028); QUABBLE (SN 99450634; RN 8281116; live; near-1; classes 009),quibble
168,Vernacular,8.7,On Your Terms,Expert care is translated into the customer's own language and lived context.,Expert care is translated into the customer's own language and lived context,Intellectual,Design frame,Radical Focus,AMBER - LIVE EXACT,Exact live hit; active classes appear outside core set or are missing,1,0,1,VERNACULAR (SN 88038848; RN 5708671; live; exact; classes 033); VERNACULAR (SN 87038447; dead/unknown; exact; classes 035); VRNACULAR (SN 90486377; dead/unknown; near-1; classes 042),vernacular
169,Scrutiny,8.7,Earned Confidence,Scrutiny turns close questioning into a service for people tired of beauty hype.,Scrutiny turns close questioning into a service for people tired of beauty,Harsh tone,Real word,Entertaining Skeptic,AMBER - LIVE EXACT,Exact live hit; active classes appear outside core set or are missing,2,0,8,SCRUTINY (SN 99613386; live; exact; classes 009); SCRUTINY (SN 97524072; RN 7330737; live; exact; classes 041); SCRUTINY (SN 85794670; dead/unknown; exact; classes 009),scrutiny
170,At Length,8.7,The Long View,At Length values depth consistency and the benefits that accrue over time.,At Length values depth consistency and the benefits that accrue over time,Meaning stretch,Idiom,Fewer Better Machines,AMBER - LIVE EXACT,Exact live hit; active classes appear outside core set or are missing,1,0,0,"AT LENGTH (SN 88498692; RN 6486822; live; exact; classes 016,041)",atlength
171,Fixed Star,8.7,The Living Standard,A dependable reference point guides a category that keeps changing.,A dependable reference point guides a category that keeps changing its celestial,Generic phrase,Celestial metaphor,Calm Command,AMBER - LIVE EXACT,Exact live hit; active classes appear outside core set or are missing,1,1,1,FIXEDSTAR (SN 88945139; RN 6761143; live; exact; classes 007); FIXESTAR (SN 90374567; RN 6524338; live; near-1; classes 014); FIXEDSTAR (SN 79109361; RN 4216130; dead/unknown; exact),fixedstar
172,High Bar,8.7,Performance Without Theater,High Bar sets a demanding threshold for every formula without making a spectacle of standards.,High Bar sets a demanding threshold for every formula without making a,Familiar phrase,Standard metaphor,Radical Focus,AMBER - LIVE EXACT,Exact live hit; active classes appear outside core set or are missing,8,2,7,HIGH BAR (SN 99700971; live; exact; classes 001); HIGH BAR (SN 99443362; live; exact; classes 013); HIGH BAR (SN 99443399; live; exact; classes 013),highbar
173,Riposte,8.7,Beauty for Skeptics,The brand answers inflated category promises with informed wit and better products.,The brand answers inflated category promises with informed wit and better products,Pronunciation,Real word,Entertaining Skeptic,AMBER - LIVE EXACT,Exact live hit; active classes appear outside core set or are missing,2,0,3,RIPOSTE (SN 88694578; RN 6079495; live; exact; classes 025); RIPOSTE (SN 74644512; RN 2011456; live; exact; classes 009); RIPOSTE (SN 86506771; dead/unknown; exact; classes 025),riposte
174,Do Tell,8.7,Beauty for Skeptics,Do Tell invites the details and politely challenges every unsupported beauty story.,Do Tell invites the details and politely challenges every unsupported beauty story,Campaign-like,Retort,Entertaining Skeptic,AMBER - LIVE EXACT,Exact live hit; active classes appear outside core set or are missing,1,26,9,"DO TELL! (SN 97444807; RN 7057275; live; exact; classes 028); DOCELL (SN 99643881; live; near-1; classes 010); DOWELL (SN 98514213; RN 7765925; live; near-1; classes 011,020,035)",dotell
175,The Signature,8.7,On Your Terms,The Signature frames a small routine as an expression of personal identity.,The Signature frames a small routine as an expression of personal identity,Generic luxury term,Arts frame,Long View Living,AMBER - LIVE EXACT,Exact live hit; active classes appear outside core set or are missing,6,0,5,THE SIGNATURE (SN 88865327; RN 6188982; live; exact; classes 033); THE SIGNATURE (SN 79151206; RN 4824256; live; exact; classes 008); THE SIGNATURE (SN 85299188; RN 4786030; live; exact; classes 036),thesignature
176,Sea Room,8.7,On Your Terms,The brand creates space to choose a routine without category pressure.,The brand creates space to choose a routine without category pressure its,Nautical stretch,Nautical frame,Calm Command,AMBER - LIVE NEAR / RELEVANT,One-edit live hit in a relevant active class,0,11,1,SEABOOM (SN 88887763; RN 6255177; live; near-1; classes 010); SEABOOM (SN 88666390; RN 6183257; live; near-1; classes 021); SPAROOM (SN 86070902; RN 4777883; live; near-1; classes 035),searoom
177,Paper Crown,8.7,Beauty for Skeptics,Paper Crown exposes prestige that looks impressive but cannot carry the weight of evidence.,Paper Crown exposes prestige that looks impressive but cannot carry the weight,Negative metaphor,Metaphor,Entertaining Skeptic,AMBER - LIVE NEAR / RELEVANT,One-edit live hit in a relevant active class,0,1,1,"PAPER CROWNS (SN 99853768; live; near-1; classes 035); PAPER CROWN (SN 85151433; RN 4286488; dead/unknown; exact); PAPERCROWNS (SN 88581050; dead/unknown; near-1; classes 009,041)",papercrown
178,Evernext,8.7,The Living Standard,The name balances lasting usefulness with readiness for the next credible advance.,The name balances lasting usefulness with readiness for the next credible advance,Coinage,Temporal play,Living Standard,AMBER - LIVE NEAR / RELEVANT,One-edit live hit in a relevant active class,0,9,0,"EVERNEST (SN 99553813; live; near-1; classes 004,035); EVERNEX (SN 79444746; live; near-1; classes 009,035,037,039,040,042); EVERNEST (SN 97789185; RN 7315935; live; near-1; classes 021)",evernext
179,Firm Grace,8.6,Earned Confidence,High standards and humane language reinforce confidence without age shame.,High standards and humane language reinforce confidence without age shame its paradox,Category distance,Paradox,Calm Command,PROVISIONAL PASS,Only dead/unknown one-edit records found,0,0,0,FIRE + GRACE (SN 98163591; dead/unknown; near-1; classes 035),firmgrace
180,Fine Tolerance,8.6,Performance Without Theater,Performance includes exacting standards for both efficacy and skin tolerance.,Performance includes exacting standards for both efficacy and skin tolerance its craft,Technical tone,Craft metaphor,Living Standard,PROVISIONAL PASS,No exact or edit-distance-one federal record found,0,0,0,,finetolerance
181,Living Grid,8.6,The Living Standard,Living Grid suggests a coherent routine whose parts can advance without losing structure.,Living Grid suggests a coherent routine whose parts can advance without losing,Technical tone,Spatial metaphor,Living Standard,PROVISIONAL PASS,No exact or edit-distance-one federal record found,0,0,0,,livinggrid
182,Margin Note,8.6,The Living Standard,Margin Note treats innovation as a precise revision to a sound underlying text.,Margin Note treats innovation as a precise revision to a sound underlying,Editorial association,Editorial metaphor,Living Standard,PROVISIONAL PASS,No exact or edit-distance-one federal record found,0,0,0,,marginnote
183,Gentle Voltage,8.6,Performance Without Theater,Potency and tolerability are engineered to coexist in a compact routine.,Potency and tolerability are engineered to coexist in a compact routine its,Meaning stretch,Paradox,Long View Living,PROVISIONAL PASS,No exact or edit-distance-one federal record found,0,0,0,,gentlevoltage
184,Pocket Thunder,8.6,Performance Without Theater,A compact lineup carries more useful performance than its size suggests.,A compact lineup carries more useful performance than its size suggests its,Meaning stretch,Contradiction,Entertaining Skeptic,PROVISIONAL PASS,Only dead/unknown one-edit records found,0,0,0,ROCKET THUNDER (SN 86081319; RN 4529471; dead/unknown; near-1),pocketthunder
185,Deliberate Goods,8.6,Performance Without Theater,Deliberate Goods makes every product justify its presence through purpose and performance.,Deliberate Goods makes every product justify its presence through purpose and performance,Retail adjacency,Proposition,Fewer Better Machines,PROVISIONAL PASS,No exact or edit-distance-one federal record found,0,0,0,,deliberategoods
186,Prime of Mind,8.6,The Long View,Prime of Mind relocates the idea of being in one's prime from age to agency and outlook.,Prime of Mind relocates the idea of being in one's prime from,Phrase complexity,Poetic phrase,Long View Living,PROVISIONAL PASS,No exact or edit-distance-one federal record found,0,0,0,,primeofmind
187,Steady Flame,8.6,The Long View,Steady Flame represents vitality maintained through consistent care rather than dramatic intervention.,Steady Flame represents vitality maintained through consistent care rather than dramatic intervention,Generic metaphor,Metaphor,Long View Living,PROVISIONAL PASS,No exact or edit-distance-one federal record found,0,0,0,,steadyflame
188,Wise After,8.6,The Long View,Wise After gives experience and what comes next equal dignity.,Wise After gives experience and what comes next equal dignity its poetic,Meaning stretch,Poetic phrase,Living Standard,PROVISIONAL PASS,No exact or edit-distance-one federal record found,0,0,0,,wiseafter
189,All the While,8.6,The Long View,All the While celebrates the quiet accumulation of care knowledge and self-knowledge.,All the While celebrates the quiet accumulation of care knowledge and self-knowledge,Campaign-like,Poetic phrase,Long View Living,PROVISIONAL PASS,No exact or edit-distance-one federal record found,0,0,0,,allthewhile
190,Think in Full,8.6,On Your Terms,Think in Full invites decisions that account for evidence preference and the whole person.,Think in Full invites decisions that account for evidence preference and the,Campaign-like,Proposition,Calm Command,PROVISIONAL PASS,No exact or edit-distance-one federal record found,0,0,0,,thinkinfull
191,The Sourcebook,8.6,Beauty for Skeptics,The Sourcebook makes accessible evidence and expert answers part of the brand's reason for being.,The Sourcebook makes accessible evidence and expert answers part of the brand's,Publishing association,Editorial metaphor,Living Standard,YELLOW - DEAD EXACT,Exact federal record exists but is coded dead/unknown,0,0,2,THE SOURCE BOOK (SN 75505450; dead/unknown; exact; classes 016); THE SOURCE BOOK (SN 75175846; RN 2106990; dead/unknown; exact),thesourcebook
192,Nextness,8.6,The Living Standard,Nextness names a disciplined appetite for what genuinely improves the standard.,Nextness names a disciplined appetite for what genuinely improves the standard its,Abstract coinage,Poetic coinage,Living Standard,YELLOW - LIVE NEAR,One-edit live hit outside the core active-class set,0,4,0,NEXNESS (SN 99365145; RN 8203470; live; near-1; classes 009); NEATNESS (SN 97120593; RN 6923995; live; near-1; classes 006); NEATNESS (SN 97120614; RN 6924001; live; near-1; classes 007),nextness
193,Shortform,8.6,Performance Without Theater,Shortform makes brevity a product philosophy built on concentrated usefulness.,Shortform makes brevity a product philosophy built on concentrated usefulness its compound,Media adjacency,Compound,Radical Focus,AMBER - LIVE EXACT,Exact live hit; active classes appear outside core set or are missing,1,0,4,"SHORTFORM (SN 97749993; RN 7547330; live; exact; classes 009,041,042); SHORT-FORM (SN 87482651; dead/unknown; exact; classes 035); SHORT FORM (SN 74275996; RN 1845250; dead/unknown; exact)",shortform
194,Rigor,8.6,Earned Confidence,Rigor puts disciplined evaluation at the center without forcing science jargon onto the bottle.,Rigor puts disciplined evaluation at the center without forcing science jargon onto,Clinical edge,Real word,Radical Focus,AMBER - LIVE EXACT,Exact live hit; active classes appear outside core set or are missing,7,61,4,"RIGOR (SN 99166303; live; exact; classes 009,041,042); RIGOR (SN 90188925; RN 6603952; live; exact; classes 007,008); RIGOR (SN 87217783; RN 5601945; live; exact; classes 042)",rigor
195,The Arbiter,8.6,Earned Confidence,The Arbiter positions the brand as a discerning judge of claims ingredients and useful innovation.,The Arbiter positions the brand as a discerning judge of claims ingredients,Authoritarian edge,Personification,Calm Command,AMBER - LIVE EXACT,Exact live hit; active classes appear outside core set or are missing,1,1,1,THE ARBITER (SN 88582795; RN 6143384; live; exact; classes 033); THE ORBITER (SN 87219385; RN 5235750; live; near-1; classes 041); THE ARBITER (SN 75605479; RN 2290745; dead/unknown; exact),thearbiter
196,The Steward,8.6,Earned Confidence,The Steward casts the brand as a responsible guardian of skin knowledge and customer trust.,The Steward casts the brand as a responsible guardian of skin knowledge,Institutional tone,Personification,Living Standard,AMBER - LIVE EXACT,Exact live hit; active classes appear outside core set or are missing,1,1,1,"THE STEWARD (SN 97898350; RN 7202162; live; exact; classes 043); THE STEWARDS (SN 97381729; live; near-1; classes 009,016,036,041); THESTEWARD (SN 79073756; dead/unknown; exact)",thesteward
197,Metronome,8.6,The Living Standard,Metronome makes consistency the base rhythm while progress adjusts the tempo.,Metronome makes consistency the base rhythm while progress adjusts the tempo its,Generic real word,Time metaphor,Calm Command,AMBER - LIVE EXACT,Exact live hit; active classes appear outside core set or are missing,2,3,10,METRONOME (SN 88510213; RN 6212147; live; exact; classes 042); METRONOME (SN 85451076; RN 4603899; live; exact; classes 020); METRO HOME (SN 88598499; RN 6126204; live; near-1; classes 021),metronome
198,Local Color,8.6,On Your Terms,The brand values the particular character of each face instead of standardizing beauty.,The brand values the particular character of each face instead of standardizing,Generic phrase,Spatial frame,Long View Living,AMBER - LIVE EXACT,Exact live hit; active classes appear outside core set or are missing,3,0,6,LOCAL COLOR (SN 99310305; RN 8300661; live; exact; classes 016); LOCAL COLOR (SN 78613096; RN 3051900; live; exact; classes 016); LOCAL COLOR! (SN 73733439; RN 1529001; live; exact; classes 042),localcolor
199,Well Composed,8.6,Earned Confidence,A considered routine helps skin and self-possession feel well composed.,A considered routine helps skin and self-possession feel well composed its arts,Generic phrase,Arts frame,Long View Living,AMBER - LIVE EXACT,Exact live hit; active classes appear outside core set or are missing,1,0,1,"WELL COMPOSED (SN 88410080; RN 6142900; live; exact; classes 009,041); WELL COMPOSED (SN 78267829; dead/unknown; exact; classes 003)",wellcomposed
200,Deadpan,8.6,Beauty for Skeptics,Deadpan gives rigorous skincare a dry voice that refuses breathless marketing performance.,Deadpan gives rigorous skincare a dry voice that refuses breathless marketing performance,Tone polarizing,Tone word,Entertaining Skeptic,AMBER - LIVE NEAR / RELEVANT,One-edit live hit in a relevant active class,0,1,1,DEADMAN (SN 99878588; live; near-1; classes 035); DEADPAN (SN 88739434; dead/unknown; exact; classes 028); DEAD MAN (SN 97289313; dead/unknown; near-1; classes 030),deadpan
201,The Tailor,8.6,Performance Without Theater,The Tailor suggests expert fit and adjustment without an oversized product wardrobe.,The Tailor suggests expert fit and adjustment without an oversized product wardrobe,Generic archetype,Personification,Radical Focus,AMBER - LIVE NEAR / RELEVANT,One-edit live hit in a relevant active class,0,3,1,THE TAILORY (SN 99097798; live; near-1; classes 003); THE TAILORY (SN 88360073; RN 6727015; live; near-1; classes 035); THE TAILORY (SN 87702332; RN 5466584; live; near-1; classes 040),thetailor
202,Honest Mystery,8.5,Beauty for Skeptics,Honest Mystery leaves room for what skincare science does not yet know without surrendering rigor.,Honest Mystery leaves room for what skincare science does not yet know,Truth-language adjacency,Paradox,Calm Command,PROVISIONAL PASS,No exact or edit-distance-one federal record found,0,0,0,,honestmystery
203,Simple Plenty,8.5,Performance Without Theater,Simple Plenty promises a small routine that still feels generous complete and pleasurable.,Simple Plenty promises a small routine that still feels generous complete and,Meaning tension,Paradox,Long View Living,PROVISIONAL PASS,No exact or edit-distance-one federal record found,0,0,0,,simpleplenty
204,Sunlit Table,8.5,The Long View,Sunlit Table gives the brand a generous social world where care belongs to a full life.,Sunlit Table gives the brand a generous social world where care belongs,Lifestyle stretch,Metaphor,Long View Living,PROVISIONAL PASS,No exact or edit-distance-one federal record found,0,0,0,,sunlittable
205,Ordered Wild,8.5,On Your Terms,Individual skin stays individual within a routine built on dependable principles.,Individual skin stays individual within a routine built on dependable principles its,Abstract,Paradox,Living Standard,PROVISIONAL PASS,No exact or edit-distance-one federal record found,0,0,0,,orderedwild
206,Plain Pageant,8.5,Beauty for Skeptics,Plain Pageant keeps beauty's visual delight while stripping away its empty spectacle.,Plain Pageant keeps beauty's visual delight while stripping away its empty spectacle,Meaning stretch,Contradiction,Entertaining Skeptic,PROVISIONAL PASS,No exact or edit-distance-one federal record found,0,0,0,,plainpageant
207,Polished Wild,8.5,On Your Terms,Polished Wild lets refinement and individuality coexist without forcing conformity.,Polished Wild lets refinement and individuality coexist without forcing conformity its paradox,Luxury adjacency,Paradox,Long View Living,PROVISIONAL PASS,No exact or edit-distance-one federal record found,0,0,0,,polishedwild
208,Long Pause,8.5,Beauty for Skeptics,Long Pause embodies the thoughtful beat before believing another dramatic promise.,Long Pause embodies the thoughtful beat before believing another dramatic promise its,Somber tone,Gesture,Entertaining Skeptic,PROVISIONAL PASS,No exact or edit-distance-one federal record found,0,0,0,,longpause
209,Forward Measure,8.5,The Living Standard,Forward Measure combines progress with a disciplined threshold for what deserves adoption.,Forward Measure combines progress with a disciplined threshold for what deserves adoption,Meaning stretch,Compound,Living Standard,PROVISIONAL PASS,No exact or edit-distance-one federal record found,0,0,0,,forwardmeasure
210,Living Atlas,8.5,The Living Standard,An evolving map connects skin needs credible studies and formula choices.,An evolving map connects skin needs credible studies and formula choices its,Meaning stretch,Compound,Living Standard,PROVISIONAL PASS,No exact or edit-distance-one federal record found,0,0,0,,livingatlas
211,Tidal Clock,8.5,The Long View,Tidal Clock makes change feel rhythmic natural and worth working with rather than fighting.,Tidal Clock makes change feel rhythmic natural and worth working with rather,Meaning stretch,Metaphor,Living Standard,PROVISIONAL PASS,No exact or edit-distance-one federal record found,0,0,0,,tidalclock
212,Civic Method,8.5,The Living Standard,A transparent public-minded method governs how formulas are chosen and improved.,A transparent public-minded method governs how formulas are chosen and improved its,Institutional,Institutional frame,Living Standard,PROVISIONAL PASS,No exact or edit-distance-one federal record found,0,0,0,,civicmethod
213,Shared Sense,8.5,On Your Terms,Shared Sense makes skincare decisions a collaboration between evidence expertise and lived experience.,Shared Sense makes skincare decisions a collaboration between evidence expertise and lived,Meaning stretch,Relational frame,Calm Command,PROVISIONAL PASS,Only dead/unknown one-edit records found,0,0,0,SHARESENSE (SN 77511369; RN 3769781; dead/unknown; near-1); SHREDSENSE (SN 76278713; RN 2612379; dead/unknown; near-1),sharedsense
214,South Window,8.5,The Long View,South Window evokes flattering lasting light and a warm perspective on time.,South Window evokes flattering lasting light and a warm perspective on time,Meaning stretch,Spatial frame,Long View Living,PROVISIONAL PASS,No exact or edit-distance-one federal record found,0,0,0,,southwindow
215,Interruption,8.5,Beauty for Skeptics,Interruption stops the category script long enough to ask whether a product is actually useful.,Interruption stops the category script long enough to ask whether a product,Harsh tone,Editorial term,Entertaining Skeptic,PROVISIONAL PASS,Only dead/unknown one-edit records found,0,0,0,INTERRUPCION (SN 78179606; dead/unknown; near-1; classes 041),interruption
216,Plainish,8.5,Beauty for Skeptics,Plainish makes candor feel witty enough to resist both blandness and hype.,Plainish makes candor feel witty enough to resist both blandness and hype,Coinage,Coinage,Entertaining Skeptic,PROVISIONAL PASS,No exact or edit-distance-one federal record found,0,0,0,,plainish
217,Good Order,8.5,Performance Without Theater,A few products are arranged into a routine that is easy to trust and use.,A few products are arranged into a routine that is easy to,Generic phrase,Idiom,Fewer Better Machines,PROVISIONAL PASS,No exact or edit-distance-one federal record found,0,0,0,,goodorder
218,The Artful,8.5,On Your Terms,The Artful treats skincare as informed self-expression rather than compulsory correction.,The Artful treats skincare as informed self-expression rather than compulsory correction its,Generic adjective,Arts frame,Long View Living,PROVISIONAL PASS,Only dead/unknown one-edit records found,0,0,0,HEARTFUL (SN 79181673; RN 4975723; dead/unknown; near-1); HEARTFUL (SN 86654073; RN 4885453; dead/unknown; near-1),theartful
219,After Today,8.5,The Long View,The routine is designed for the person and skin that continue beyond today.,The routine is designed for the person and skin that continue beyond,Campaign-like,Temporal play,Living Standard,PROVISIONAL PASS,No exact or edit-distance-one federal record found,0,0,0,,aftertoday
220,Curiously Enough,8.5,Beauty for Skeptics,Curiosity keeps the brand open to evidence while the tone stays lightly provocative.,Curiosity keeps the brand open to evidence while the tone stays lightly,Campaign-like,Editorial phrase,Entertaining Skeptic,PROVISIONAL PASS,No exact or edit-distance-one federal record found,0,0,0,,curiouslyenough
221,The Verdict,8.5,Earned Confidence,The Verdict is the considered conclusion after ingredients claims and evidence have been weighed.,The Verdict is the considered conclusion after ingredients claims and evidence have,Legal tone,Legal frame,Fewer Better Machines,YELLOW - DEAD EXACT,Exact federal record exists but is coded dead/unknown,0,0,2,THE VERDICT (SN 86596395; dead/unknown; exact; classes 045); THE VERDICT (SN 86033792; dead/unknown; exact; classes 041); THE VERDICTS (SN 75820122; dead/unknown; near-1; classes 041),theverdict
222,Tempered Glass,8.5,Earned Confidence,Tempered Glass combines transparency with tested strength as a model for trustworthy skincare.,Tempered Glass combines transparency with tested strength as a model for trustworthy,Meaning stretch,Material metaphor,Calm Command,YELLOW - DEAD EXACT,Exact federal record exists but is coded dead/unknown,0,0,1,TEMPERED GLASS (SN 73429282; RN 1401733; dead/unknown; exact),temperedglass
223,The Interval,8.5,The Long View,The Interval creates space to see care as a continuing rhythm rather than a race against age.,The Interval creates space to see care as a continuing rhythm rather,Meaning stretch,Time metaphor,Calm Command,YELLOW - LIVE NEAR,One-edit live hit outside the core active-class set,0,1,2,THE INTERVAL I (SN 99643177; live; near-1); THE INTERVAL (SN 98782136; dead/unknown; exact; classes 041); THE INTERVAL (SN 86874115; dead/unknown; exact; classes 041),theinterval
224,Grand Latitude,8.5,On Your Terms,Grand Latitude gives customers generous room to define beauty and shape their own routine.,Grand Latitude gives customers generous room to define beauty and shape their,Luxury adjacency,Spatial frame,Long View Living,YELLOW - LIVE NEAR,One-edit live hit outside the core active-class set,0,1,0,GRAND ALTITUDE (SN 97573812; RN 7892397; live; near-1; classes 036),grandlatitude
225,Socratic,8.5,Beauty for Skeptics,Questions and reasons replace decrees in the way skincare choices are explained.,Questions and reasons replace decrees in the way skincare choices are explained,Cultural association,Philosophic frame,Radical Focus,AMBER - LIVE EXACT,Exact live hit; active classes appear outside core set or are missing,3,1,0,SOCRATIC (SN 99467922; live; exact; classes 042); SOCRATIC (SN 90126557; RN 6308397; live; exact; classes 009); SOCRATIC (SN 87574823; RN 5423388; live; exact; classes 036),socratic
226,The Lookout,8.5,Beauty for Skeptics,The brand watches the category for useful advances and calls out empty spectacle.,The brand watches the category for useful advances and calls out empty,Category distance,Personification,Living Standard,AMBER - LIVE EXACT,Exact live hit; active classes appear outside core set or are missing,1,1,2,THE LOOKOUT (SN 73040136; RN 1033851; live; exact; classes 016); THE COOKOUT (SN 97564181; RN 7181839; live; near-1; classes 029); THE LOOKOUT (SN 77052047; RN 3619790; dead/unknown; exact),thelookout
227,Wry,8.5,Beauty for Skeptics,A compact knowing voice gives rigorous skincare a welcome sense of humor.,A compact knowing voice gives rigorous skincare a welcome sense of humor,Short word,Tone word,Entertaining Skeptic,AMBER - LIVE EXACT,Exact live hit; active classes appear outside core set or are missing,1,0,3,WRY (SN 99700676; live; exact; classes 043); WRY (SN 87231533; dead/unknown; exact; classes 033); WRY (SN 86618048; dead/unknown; exact; classes 033),wry
228,Palimpsest,8.5,The Long View,Skin is an evolving surface whose history remains part of its beauty.,Skin is an evolving surface whose history remains part of its beauty,Pronunciation,Editorial metaphor,Living Standard,AMBER - LIVE EXACT,Exact live hit; active classes appear outside core set or are missing,1,1,0,"PALIMPSEST (SN 88703288; RN 6302318; live; exact; classes 009,041); PALIMPSESTE (SN 79322774; RN 6993740; live; near-1; classes 004)",palimpsest
229,Full Measure,8.5,Earned Confidence,Performance is judged in the full context of efficacy tolerance and use.,Performance is judged in the full context of efficacy tolerance and use,Generic phrase,Time metaphor,Calm Command,AMBER - LIVE EXACT,Exact live hit; active classes appear outside core set or are missing,2,0,2,FULL MEASURE (SN 86692375; RN 5019059; live; exact; classes 041); FULL MEASURE (SN 86044253; RN 4510325; live; exact; classes 001); FULL MEASURE (SN 74407125; dead/unknown; exact),fullmeasure
230,The Argument,8.5,Beauty for Skeptics,The Argument makes each formula a reasoned case open to intelligent examination.,The Argument makes each formula a reasoned case open to intelligent examination,Combative edge,Intellectual frame,Calm Command,AMBER - LIVE EXACT,Exact live hit; active classes appear outside core set or are missing,3,0,0,THE ARGUMENT (SN 99446716; RN 8253445; live; exact; classes 033); THE ARGUMENT (SN 99197578; live; exact; classes 041); THE ARGUMENT (SN 88939175; RN 6175431; live; exact; classes 041),theargument
231,Fresh Accord,8.4,The Living Standard,Fresh Accord suggests a trusted agreement renewed when better science arrives.,Fresh Accord suggests a trusted agreement renewed when better science arrives its,Meaning stretch,Compound,Living Standard,PROVISIONAL PASS,No exact or edit-distance-one federal record found,0,0,0,,freshaccord
232,North Window,8.4,On Your Terms,Clear natural perspective replaces the distorting light of beauty judgment.,Clear natural perspective replaces the distorting light of beauty judgment its spatial,Meaning stretch,Spatial metaphor,Living Standard,PROVISIONAL PASS,No exact or edit-distance-one federal record found,0,0,0,,northwindow
233,Civic Lantern,8.4,Earned Confidence,Expert guidance makes credible skincare knowledge feel public and usable.,Expert guidance makes credible skincare knowledge feel public and usable its cultural,Meaning stretch,Cultural frame,Living Standard,PROVISIONAL PASS,No exact or edit-distance-one federal record found,0,0,0,,civiclantern
234,High Window,8.4,Earned Confidence,Better perspective lets people see skin and evidence without distortion.,Better perspective lets people see skin and evidence without distortion its architecture,Meaning stretch,Architecture,Calm Command,PROVISIONAL PASS,No exact or edit-distance-one federal record found,0,0,0,,highwindow
235,A Fine Thing,8.4,The Long View,A Fine Thing treats caring for skin over decades as pleasure and judgment rather than correction.,A Fine Thing treats caring for skin over decades as pleasure and,Campaign-like,Poetic phrase,Long View Living,PROVISIONAL PASS,No exact or edit-distance-one federal record found,0,0,0,,afinething
236,As We Learn,8.4,The Living Standard,As We Learn makes the brand's standard explicitly responsive to better evidence.,As We Learn makes the brand's standard explicitly responsive to better evidence,Campaign-like,Poetic phrase,Living Standard,PROVISIONAL PASS,No exact or edit-distance-one federal record found,0,0,0,,aswelearn
237,Newfoundry,8.4,The Living Standard,A stable product core is reforged only when better evidence earns it.,A stable product core is reforged only when better evidence earns it,Industrial tone,Compound,Living Standard,YELLOW - LIVE NEAR,One-edit live hit outside the core active-class set,0,1,0,NETFOUNDRY (SN 87741969; RN 5519616; live; near-1; classes 042); NETFOUNDRY (SN 75615441; dead/unknown; near-1; classes 009),newfoundry
238,The Virtuoso,8.4,Earned Confidence,The Virtuoso makes expertise feel practiced expressive and confidently human.,The Virtuoso makes expertise feel practiced expressive and confidently human its personification,Grandiose,Personification,Long View Living,YELLOW - LIVE NEAR,One-edit live hit outside the core active-class set,0,1,0,THE VIRTUOSA (SN 98429539; RN 7611355; live; near-1; classes 041),thevirtuoso
239,The Pilot,8.4,On Your Terms,The Pilot makes personal agency the force that directs a well-informed routine.,The Pilot makes personal agency the force that directs a well-informed routine,Generic archetype,Personification,Calm Command,YELLOW - LIVE NEAR,One-edit live hit outside the core active-class set,0,4,2,THE/PIVOT/ (SN 97551645; live; near-1; classes 025); TOEPILOT (SN 79322185; RN 7002555; live; near-1; classes 025); THE PLOT (SN 88248906; RN 6097275; live; near-1; classes 043),thepilot
240,Clean Hand,8.4,Earned Confidence,Clean Hand suggests skilled formulation and plain dealing without the baggage of clean-beauty absolutism.,Clean Hand suggests skilled formulation and plain dealing without the baggage of,Clean-beauty ambiguity,Craft metaphor,Radical Focus,AMBER - LIVE EXACT,Exact live hit; active classes appear outside core set or are missing,1,4,2,CLEAN HAND (SN 75324142; RN 2195348; live; exact; classes 025); CLEAN HANDS (SN 97738319; live; near-1; classes 009); CLEANHANDS (SN 97572171; RN 7233913; live; near-1; classes 020),cleanhand
241,Second Spring,8.4,The Long View,Second Spring presents later chapters as vital and generative without pretending to reverse time.,Second Spring presents later chapters as vital and generative without pretending to,Age metaphor,Metaphor,Long View Living,AMBER - LIVE EXACT,Exact live hit; active classes appear outside core set or are missing,1,1,9,"SECOND SPRING (SN 88212921; RN 6358757; live; exact; classes 029,030,031); SECOND STRING (SN 88470659; RN 6083352; live; near-1; classes 018); SECOND SPRING (SN 85262099; dead/unknown; exact; classes 003)",secondspring
242,Corollary,8.4,Earned Confidence,Each formula is the logical next step from evidence rather than fashion.,Each formula is the logical next step from evidence rather than fashion,Intellectual,Intellectual frame,Calm Command,AMBER - LIVE EXACT,Exact live hit; active classes appear outside core set or are missing,2,0,3,COROLLARY (SN 99424161; live; exact; classes 008); COROLLARY (SN 87936632; RN 6130824; live; exact; classes 033); COROLLARY (SN 75264401; RN 2202577; dead/unknown; exact),corollary
243,Racket,8.4,Beauty for Skeptics,The brand names the industry's spectacle and offers a quieter credible alternative.,The brand names the industry's spectacle and offers a quieter credible alternative,Negative undertone,Real word,Entertaining Skeptic,AMBER - LIVE EXACT,Exact live hit; active classes appear outside core set or are missing,4,92,8,RACKET (SN 97577309; RN 7415016; live; exact; classes 041); RACKET (SN 90804506; RN 6793599; live; exact; classes 009); RACKET (SN 90589350; RN 6695788; live; exact; classes 041),racket
244,The Sovereign,8.4,On Your Terms,The Sovereign gives the customer final authority over what beauty means and what care is for.,The Sovereign gives the customer final authority over what beauty means and,Grandiose,Personification,Calm Command,AMBER - LIVE EXACT,Exact live hit; active classes appear outside core set or are missing,1,0,2,THE SOVEREIGN (SN 86701626; RN 5092282; live; exact; classes 043); THE SOVEREIGN (SN 86941909; dead/unknown; exact; classes 009); THE SOVEREIGN (SN 86885754; dead/unknown; exact; classes 043),thesovereign
245,Edition House,8.3,The Living Standard,Core formulas evolve in considered editions instead of constant launches.,Core formulas evolve in considered editions instead of constant launches its editorial,Editorial skew,Editorial metaphor,Living Standard,PROVISIONAL PASS,No exact or edit-distance-one federal record found,0,0,0,,editionhouse
246,Fresh Legacy,8.3,The Long View,Fresh Legacy treats accumulated knowledge as a foundation for better modern skincare.,Fresh Legacy treats accumulated knowledge as a foundation for better modern skincare,Luxury adjacency,Paradox,Living Standard,PROVISIONAL PASS,No exact or edit-distance-one federal record found,0,0,0,,freshlegacy
247,Second Temper,8.3,The Living Standard,Second Temper evokes a core made stronger through another deliberate round of refinement.,Second Temper evokes a core made stronger through another deliberate round of,Meaning stretch,Craft metaphor,Living Standard,PROVISIONAL PASS,No exact or edit-distance-one federal record found,0,0,0,,secondtemper
248,Stone Lantern,8.3,Earned Confidence,Stone Lantern suggests durable guidance that illuminates choices without glare or spectacle.,Stone Lantern suggests durable guidance that illuminates choices without glare or spectacle,Meaning stretch,Object metaphor,Calm Command,PROVISIONAL PASS,No exact or edit-distance-one federal record found,0,0,0,,stonelantern
249,Sensehold,8.3,On Your Terms,Sensehold suggests retaining one's judgment amid noisy advice and endless newness.,Sensehold suggests retaining one's judgment amid noisy advice and endless newness its,Coined meaning,Compound,Calm Command,PROVISIONAL PASS,No exact or edit-distance-one federal record found,0,0,0,,sensehold
250,Chapter Next,8.3,The Living Standard,Scientific progress becomes the next chapter of a stable skincare system.,Scientific progress becomes the next chapter of a stable skincare system its,Campaign-like,Editorial metaphor,Living Standard,PROVISIONAL PASS,No exact or edit-distance-one federal record found,0,0,0,,chapternext
